target_month,n_models,oni_q25,oni_q50,oni_q75,roni_q25,roni_q50,roni_q75,mature
2026-06,13,1.32805,1.4317094999008124,1.5373976743456639,0.9248493021778441,1.0701177943241504,1.1990515725975774,True
2026-07,13,1.7581489089184061,1.8959466470588233,2.162854054605045,1.2958377145451612,1.5377009772064458,1.7112020793151783,True
2026-08,13,2.2111887096774168,2.4314502530044275,2.778346724598929,1.6412989254509798,2.002964480394748,2.3277512460700627,True
2026-09,13,2.4485168627450964,2.8519047885269675,3.1797964957232523,1.9519278846144805,2.395457603147945,2.7979291838864664,True
2026-10,13,2.592996862745095,3.089316701598525,3.5199393955511638,2.1631520456003863,2.6625317222181057,3.1137037627901853,True
2026-11,13,2.71104489247311,3.299640050964186,3.8520268077166326,2.128343808924061,2.778615778101023,3.3536165874664636,True
2026-12,6,2.8286,3.3459923267364493,4.044599999999999,2.295834779739376,2.7901911220733635,3.8320415899999984,True
2027-01,6,2.6192999999999964,3.022007703781127,4.393899999999999,2.0706841339151,2.3598969114477537,4.02032758,True
2027-02,6,2.2031239746093734,2.741204738616941,4.0012,1.6333386898040771,2.0699923799999995,3.770078679999999,True
