# Climate models vs observations — CMIP3 (SRES A1B), baseline 1850-1900
# Climate Dashboard (https://github.com/hausfath/climate-dashboard) — regenerated daily; this file: 2026-08-16
# Monthly means, all series referenced to 1850-1900. model_mean/p05/p95: ensemble mean and 5th-95th percentile across members.
# Observation columns: HadCRUT5, GISTEMP, NOAA, Berkeley Earth, ERA5 (C3S).
# The dashboard's 12-month view is a 12-month rolling mean of these monthly columns.
# All values in degrees Celsius unless a column says otherwise. Load with pandas.read_csv(..., comment='#').
date,model_mean_c,model_p05_c,model_p95_c,hadcrut5,gistemp,noaa,berkeley,copernicus,obs_median_c
1900-01-01,-0.0749,-0.2886,0.0800,-0.1238,-0.1421,-0.0950,0.0376,,-0.1094
1900-02-01,-0.0220,-0.1920,0.1409,0.1654,0.1579,0.2350,0.3606,,0.2002
1900-03-01,-0.0091,-0.0933,0.0746,0.1584,0.2179,0.1150,0.1776,,0.1680
1900-04-01,0.0454,-0.0652,0.1910,0.1321,0.1279,0.0750,0.1136,,0.1208
1900-05-01,0.0592,-0.0641,0.1718,0.0568,0.1279,0.0650,0.0866,,0.0758
1900-06-01,0.0578,-0.0315,0.1496,0.1341,0.1179,0.1550,0.1766,,0.1445
1900-07-01,0.0359,-0.0541,0.1208,0.1476,0.0879,0.0750,0.0726,,0.0815
1900-08-01,0.0272,-0.0907,0.1066,0.1474,0.1279,0.0850,0.0836,,0.1064
1900-09-01,0.0190,-0.0899,0.1301,0.1645,0.1679,0.0450,0.1196,,0.1421
1900-10-01,-0.0193,-0.1356,0.0716,0.2996,0.3079,0.1550,0.2816,,0.2906
1900-11-01,-0.0637,-0.1652,0.0158,0.1002,0.1479,0.0650,0.1246,,0.1124
1900-12-01,-0.0555,-0.1826,0.0535,0.1442,0.1479,0.1450,0.1966,,0.1464
1901-01-01,-0.0355,-0.2359,0.2507,0.0933,-0.0021,-0.0050,0.0426,,0.0202
1901-02-01,0.0137,-0.1652,0.2794,0.0990,0.1079,0.0350,0.1326,,0.1034
1901-03-01,-0.0109,-0.2601,0.1276,0.1776,0.2779,0.2250,0.1236,,0.2013
1901-04-01,0.0297,-0.2348,0.2751,0.1925,0.1979,0.1750,0.1736,,0.1837
1901-05-01,0.0495,-0.1131,0.2116,0.1229,0.0679,0.0750,0.2076,,0.0989
1901-06-01,0.0511,-0.1298,0.2255,0.1013,0.0979,0.0350,0.1046,,0.0996
1901-07-01,0.0635,-0.1236,0.2520,0.0116,0.0779,0.0450,0.0706,,0.0578
1901-08-01,0.0281,-0.1262,0.3031,0.1460,0.0179,0.0650,0.0636,,0.0643
1901-09-01,0.0013,-0.1851,0.3077,0.0012,-0.0021,-0.0350,-0.0134,,-0.0077
1901-10-01,-0.0392,-0.2977,0.3762,0.0218,-0.0721,-0.0850,-0.0384,,-0.0552
1901-11-01,-0.0877,-0.3357,0.3034,-0.0163,0.0479,-0.0150,-0.0514,,-0.0157
1901-12-01,-0.0961,-0.3540,0.1913,-0.1083,-0.0521,0.0750,0.0446,,-0.0037
1902-01-01,-0.0875,-0.4627,0.2368,-0.0678,0.0579,-0.0250,0.0036,,-0.0107
1902-02-01,-0.0188,-0.3492,0.3359,0.1332,0.1279,0.1150,0.1566,,0.1305
1902-03-01,-0.0063,-0.3845,0.4043,-0.0984,-0.0521,-0.1250,-0.1024,,-0.1004
1902-04-01,0.0367,-0.2574,0.3092,-0.0870,-0.0621,-0.0650,-0.0684,,-0.0667
1902-05-01,0.0390,-0.2234,0.3735,-0.0773,-0.1021,-0.0350,-0.0634,,-0.0704
1902-06-01,0.0704,-0.2234,0.4147,-0.0927,-0.0921,0.0250,-0.0714,,-0.0817
1902-07-01,0.0659,-0.3107,0.4585,-0.0536,-0.0621,0.0250,-0.0744,,-0.0579
1902-08-01,0.0488,-0.2271,0.4013,-0.0731,-0.0821,-0.0150,-0.1284,,-0.0776
1902-09-01,0.0205,-0.3723,0.3618,-0.0157,-0.0721,-0.0650,-0.0754,,-0.0685
1902-10-01,-0.0321,-0.3831,0.2931,-0.1399,-0.0821,-0.0950,-0.2114,,-0.1175
1902-11-01,-0.0842,-0.4080,0.1938,-0.1966,-0.1521,-0.1150,-0.1774,,-0.1648
1902-12-01,-0.1001,-0.3190,0.1793,-0.1917,-0.2021,-0.1550,-0.1664,,-0.1791
1903-01-01,-0.0665,-0.3245,0.2549,-0.0652,-0.0321,-0.0250,0.0366,,-0.0286
1903-02-01,-0.0538,-0.3122,0.3448,0.1227,0.1579,-0.0650,0.0136,,0.0681
1903-03-01,-0.0560,-0.3578,0.2283,-0.0488,-0.0121,-0.0050,0.0056,,-0.0086
1903-04-01,-0.0422,-0.3860,0.3672,-0.2325,-0.1921,-0.2550,-0.2854,,-0.2438
1903-05-01,-0.0065,-0.3653,0.2418,-0.1564,-0.1821,-0.1050,-0.1574,,-0.1569
1903-06-01,-0.0062,-0.3354,0.2287,-0.1921,-0.2121,-0.1150,-0.1184,,-0.1552
1903-07-01,-0.0277,-0.3468,0.2833,-0.1538,-0.1321,-0.1650,-0.2064,,-0.1594
1903-08-01,-0.0418,-0.3463,0.2547,-0.2533,-0.2321,-0.2150,-0.3954,,-0.2427
1903-09-01,-0.0583,-0.3586,0.2088,-0.2138,-0.2721,-0.2250,-0.2384,,-0.2317
1903-10-01,-0.1000,-0.4372,0.1714,-0.3165,-0.2421,-0.2850,-0.2764,,-0.2807
1903-11-01,-0.1383,-0.5499,0.1825,-0.2737,-0.2021,-0.1450,-0.2984,,-0.2379
1903-12-01,-0.1625,-0.5637,0.1423,-0.3508,-0.2921,-0.3250,-0.2904,,-0.3085
1904-01-01,-0.1279,-0.4989,0.2530,-0.4397,-0.4221,-0.4250,-0.4164,,-0.4236
1904-02-01,-0.0932,-0.4491,0.2504,-0.4095,-0.3721,-0.3450,-0.4044,,-0.3882
1904-03-01,-0.0384,-0.4400,0.2661,-0.3365,-0.2921,-0.1350,-0.2464,,-0.2692
1904-04-01,-0.0365,-0.3592,0.2715,-0.2876,-0.2921,-0.3150,-0.2574,,-0.2898
1904-05-01,0.0050,-0.3353,0.2217,-0.2541,-0.3021,-0.2750,-0.2654,,-0.2702
1904-06-01,0.0033,-0.2872,0.2612,-0.2114,-0.2621,-0.2150,-0.2084,,-0.2132
1904-07-01,-0.0150,-0.2991,0.2910,-0.2016,-0.2921,-0.2150,-0.2314,,-0.2232
1904-08-01,-0.0282,-0.2802,0.3025,-0.1267,-0.2721,-0.2050,-0.2104,,-0.2077
1904-09-01,-0.0613,-0.3334,0.2555,-0.2430,-0.3421,-0.2450,-0.3004,,-0.2727
1904-10-01,-0.0922,-0.3713,0.2854,-0.1952,-0.1721,-0.1650,-0.1954,,-0.1836
1904-11-01,-0.1553,-0.5153,0.1697,-0.0347,0.0379,-0.0250,-0.0394,,-0.0299
1904-12-01,-0.1568,-0.5514,0.2319,-0.1364,-0.1221,-0.0450,-0.1174,,-0.1197
1905-01-01,-0.0933,-0.3651,0.2713,-0.0993,-0.1321,-0.1050,-0.1854,,-0.1185
1905-02-01,-0.0821,-0.4244,0.2900,-0.3581,-0.3721,-0.3350,-0.3924,,-0.3651
1905-03-01,-0.0219,-0.3282,0.2427,-0.1615,-0.0021,-0.0750,-0.2124,,-0.1183
1905-04-01,0.0038,-0.2554,0.2520,-0.2010,-0.1221,-0.1450,-0.2554,,-0.1730
1905-05-01,0.0135,-0.2179,0.3351,-0.0769,-0.0821,-0.0450,-0.0714,,-0.0742
1905-06-01,0.0091,-0.2283,0.3586,0.0125,-0.0621,0.0350,-0.0034,,0.0045
1905-07-01,0.0182,-0.2485,0.2321,-0.0187,-0.0421,0.0250,0.0376,,0.0031
1905-08-01,0.0067,-0.1550,0.2338,0.0515,0.0179,-0.0650,-0.0654,,-0.0236
1905-09-01,-0.0138,-0.2578,0.2227,0.0105,0.0279,-0.1250,-0.1044,,-0.0469
1905-10-01,-0.0660,-0.3370,0.1701,0.0230,-0.0321,-0.1550,-0.0204,,-0.0262
1905-11-01,-0.0904,-0.3366,0.2130,0.1420,0.1479,-0.0350,-0.0264,,0.0578
1905-12-01,-0.0715,-0.3037,0.1759,0.0930,0.0879,-0.1150,0.0836,,0.0858
1906-01-01,-0.0201,-0.2837,0.2643,0.0728,-0.0621,-0.1750,0.0006,,-0.0307
1906-02-01,0.0092,-0.2708,0.2834,-0.0195,-0.0721,-0.0550,-0.0194,,-0.0373
1906-03-01,0.0064,-0.2351,0.2690,0.0758,0.0279,-0.0250,0.1076,,0.0519
1906-04-01,0.0045,-0.2122,0.1923,0.2571,0.1679,0.1350,0.1946,,0.1813
1906-05-01,0.0284,-0.1763,0.2412,-0.0149,-0.0421,-0.0150,-0.0954,,-0.0285
1906-06-01,0.0314,-0.2026,0.3358,0.1282,0.0179,0.0450,0.0916,,0.0683
1906-07-01,0.0194,-0.2000,0.2896,0.0109,-0.0121,0.0650,0.0616,,0.0362
1906-08-01,-0.0018,-0.2822,0.3144,0.0850,0.0179,-0.0550,-0.0184,,-0.0002
1906-09-01,-0.0204,-0.2312,0.2561,0.0051,-0.0621,-0.0450,-0.0734,,-0.0535
1906-10-01,-0.0462,-0.2412,0.2929,0.0371,0.0179,-0.0050,0.0476,,0.0275
1906-11-01,-0.0728,-0.2936,0.2730,-0.1735,-0.1621,-0.0850,-0.0974,,-0.1297
1906-12-01,-0.0963,-0.3396,0.1831,0.0400,0.0679,0.1450,0.0146,,0.0539
1907-01-01,-0.1181,-0.3251,0.1514,-0.1589,-0.2121,-0.1650,-0.1874,,-0.1762
1907-02-01,-0.0741,-0.3713,0.2818,-0.2580,-0.2921,-0.3050,-0.2624,,-0.2772
1907-03-01,-0.0329,-0.2733,0.2377,-0.0697,-0.0521,-0.1050,-0.0534,,-0.0616
1907-04-01,-0.0079,-0.2723,0.2127,-0.1144,-0.1521,-0.2450,-0.1644,,-0.1583
1907-05-01,0.0255,-0.2159,0.2804,-0.2801,-0.2421,-0.2550,-0.3004,,-0.2676
1907-06-01,0.0120,-0.2004,0.1761,-0.1813,-0.2021,-0.1950,-0.2034,,-0.1986
1907-07-01,0.0305,-0.1780,0.2544,-0.0738,-0.1321,-0.0950,-0.1404,,-0.1136
1907-08-01,0.0111,-0.1503,0.1328,-0.1353,-0.1221,-0.1150,-0.1974,,-0.1287
1907-09-01,-0.0225,-0.1839,0.2135,-0.0427,-0.1221,-0.1150,-0.1764,,-0.1185
1907-10-01,-0.0305,-0.1987,0.1625,0.0251,-0.0121,-0.0550,0.0056,,-0.0032
1907-11-01,-0.0693,-0.2565,0.2307,-0.1910,-0.2521,-0.1950,-0.2304,,-0.2127
1907-12-01,-0.0755,-0.2734,0.2493,-0.2253,-0.2521,-0.2450,-0.1734,,-0.2352
1908-01-01,-0.0740,-0.3467,0.2636,-0.0946,-0.2321,-0.2950,-0.2254,,-0.2287
1908-02-01,-0.0668,-0.3518,0.2399,-0.0485,-0.1021,-0.0650,-0.1244,,-0.0836
1908-03-01,-0.0493,-0.2096,0.2575,-0.3393,-0.3321,-0.3050,-0.3684,,-0.3357
1908-04-01,0.0160,-0.1677,0.2626,-0.2241,-0.2221,-0.3350,-0.3424,,-0.2796
1908-05-01,0.0599,-0.1368,0.3275,-0.0805,-0.1521,-0.1750,-0.1854,,-0.1636
1908-06-01,0.0537,-0.1307,0.2531,-0.0518,-0.1621,-0.1350,-0.1864,,-0.1485
1908-07-01,0.0472,-0.2235,0.2640,-0.0385,-0.1321,-0.1150,-0.0804,,-0.0977
1908-08-01,0.0432,-0.1891,0.2260,-0.1236,-0.2421,-0.2350,-0.2514,,-0.2385
1908-09-01,0.0252,-0.2321,0.3192,-0.0259,-0.1421,-0.1850,-0.1434,,-0.1427
1908-10-01,0.0147,-0.2494,0.2418,-0.2103,-0.2221,-0.2650,-0.1564,,-0.2162
1908-11-01,-0.0387,-0.3297,0.2304,-0.2805,-0.3021,-0.2350,-0.3024,,-0.2913
1908-12-01,-0.0382,-0.4861,0.2094,-0.2727,-0.2821,-0.2450,-0.2864,,-0.2774
1909-01-01,-0.0156,-0.5875,0.3652,-0.3974,-0.5121,-0.4350,-0.4444,,-0.4397
1909-02-01,-0.0377,-0.4608,0.3255,-0.1756,-0.2421,-0.1950,-0.2364,,-0.2157
1909-03-01,0.0323,-0.2723,0.2642,-0.2940,-0.3321,-0.2850,-0.3214,,-0.3077
1909-04-01,0.0298,-0.3102,0.2410,-0.2731,-0.3721,-0.2750,-0.3404,,-0.3077
1909-05-01,0.0534,-0.2365,0.3019,-0.2315,-0.3321,-0.2050,-0.2774,,-0.2545
1909-06-01,0.0493,-0.2868,0.2943,-0.1495,-0.3021,-0.2150,-0.2194,,-0.2172
1909-07-01,0.0242,-0.2492,0.2639,-0.1706,-0.2421,-0.2050,-0.2724,,-0.2236
1909-08-01,0.0263,-0.3399,0.2228,0.0289,-0.1221,-0.1350,-0.0674,,-0.0948
1909-09-01,0.0150,-0.3000,0.2151,-0.0501,-0.1721,-0.1550,-0.1444,,-0.1497
1909-10-01,-0.0349,-0.3857,0.1348,-0.1322,-0.1821,-0.1350,-0.1524,,-0.1437
1909-11-01,-0.0631,-0.3325,0.1586,-0.0270,-0.1021,-0.0850,-0.1134,,-0.0936
1909-12-01,-0.0593,-0.3237,0.0924,-0.2345,-0.3421,-0.2150,-0.1894,,-0.2248
1910-01-01,-0.0627,-0.3239,0.2058,-0.0601,-0.2121,-0.1250,-0.1304,,-0.1277
1910-02-01,-0.0110,-0.3145,0.3277,-0.1475,-0.2021,-0.1950,-0.1974,,-0.1962
1910-03-01,0.0485,-0.1349,0.2914,-0.2444,-0.2921,-0.2450,-0.2644,,-0.2547
1910-04-01,0.0551,-0.1658,0.2480,-0.1676,-0.2121,-0.2150,-0.2964,,-0.2136
1910-05-01,0.0986,-0.0305,0.3144,-0.1658,-0.1321,-0.1450,-0.1484,,-0.1467
1910-06-01,0.0788,-0.0571,0.2350,-0.1950,-0.1721,-0.1250,-0.2294,,-0.1835
1910-07-01,0.0702,-0.1739,0.2455,-0.0847,-0.1321,-0.1250,-0.1014,,-0.1132
1910-08-01,0.0609,-0.2115,0.3394,-0.0335,-0.1521,-0.0850,-0.1804,,-0.1186
1910-09-01,0.0663,-0.1697,0.3815,-0.0602,-0.1721,-0.1450,-0.1914,,-0.1585
1910-10-01,0.0143,-0.2321,0.3061,-0.1200,-0.1921,-0.1950,-0.1324,,-0.1622
1910-11-01,-0.0328,-0.2573,0.2900,-0.3106,-0.3521,-0.1650,-0.3104,,-0.3105
1910-12-01,-0.0633,-0.3618,0.3131,-0.3873,-0.4621,-0.3350,-0.3554,,-0.3714
1911-01-01,0.0187,-0.3454,0.2609,-0.2989,-0.4121,-0.3450,-0.3004,,-0.3227
1911-02-01,0.0187,-0.2673,0.3083,-0.3491,-0.3621,-0.4050,-0.4034,,-0.3827
1911-03-01,0.0486,-0.2407,0.4038,-0.4073,-0.3921,-0.4050,-0.3484,,-0.3986
1911-04-01,0.0616,-0.2958,0.2946,-0.2846,-0.3221,-0.1950,-0.3234,,-0.3034
1911-05-01,0.0733,-0.2302,0.3273,-0.2841,-0.3021,-0.2550,-0.2554,,-0.2697
1911-06-01,0.0861,-0.1473,0.2498,-0.2029,-0.2921,-0.2250,-0.2764,,-0.2507
1911-07-01,0.0552,-0.1725,0.2222,-0.1396,-0.2121,-0.1850,-0.2654,,-0.1986
1911-08-01,0.0576,-0.1582,0.2561,-0.1526,-0.2221,-0.1750,-0.2224,,-0.1986
1911-09-01,0.0354,-0.1770,0.2844,-0.1436,-0.1921,-0.1450,-0.2124,,-0.1685
1911-10-01,-0.0194,-0.2662,0.1993,0.0052,-0.0521,-0.0350,-0.0064,,-0.0207
1911-11-01,-0.0776,-0.3823,0.0902,0.0139,-0.0021,-0.0050,-0.0064,,-0.0035
1911-12-01,-0.1090,-0.4032,0.0585,0.0544,-0.0021,-0.0050,0.1026,,0.0261
1912-01-01,-0.0717,-0.4321,0.1061,0.0313,-0.0521,-0.0950,0.0226,,-0.0147
1912-02-01,-0.0513,-0.3112,0.1588,0.0451,0.0579,-0.0250,0.0776,,0.0515
1912-03-01,0.0364,-0.1930,0.2750,-0.1994,-0.1721,-0.1950,-0.1104,,-0.1835
1912-04-01,0.0396,-0.1676,0.2487,0.0197,0.0279,-0.0150,-0.0264,,0.0023
1912-05-01,0.0746,-0.1279,0.2724,0.0221,-0.0021,-0.0350,-0.0444,,-0.0186
1912-06-01,0.0681,-0.1144,0.2574,0.0671,-0.0321,-0.0250,0.0386,,0.0068
1912-07-01,0.0381,-0.1901,0.2745,-0.1529,-0.2121,-0.1550,-0.0844,,-0.1540
1912-08-01,0.0118,-0.3052,0.2156,-0.2229,-0.3321,-0.2550,-0.2814,,-0.2682
1912-09-01,-0.0108,-0.2445,0.1765,-0.2891,-0.3521,-0.2450,-0.3054,,-0.2973
1912-10-01,-0.0627,-0.3182,0.2224,-0.3277,-0.3621,-0.3650,-0.2754,,-0.3449
1912-11-01,-0.1019,-0.3690,0.1262,-0.1991,-0.1821,-0.0650,-0.1344,,-0.1582
1912-12-01,-0.1020,-0.3632,0.1231,-0.2195,-0.2221,-0.1050,-0.1734,,-0.1965
1913-01-01,-0.0452,-0.3187,0.2789,-0.1890,-0.1921,-0.1750,-0.2204,,-0.1905
1913-02-01,-0.0186,-0.2458,0.2132,-0.1822,-0.2421,-0.1450,-0.2494,,-0.2122
1913-03-01,-0.0041,-0.2962,0.2714,-0.2437,-0.2121,-0.2350,-0.2274,,-0.2312
1913-04-01,0.0262,-0.2382,0.3081,-0.1653,-0.1921,-0.1850,-0.1014,,-0.1752
1913-05-01,0.0537,-0.1701,0.2795,-0.1902,-0.2221,-0.1850,-0.2084,,-0.1993
1913-06-01,0.0699,-0.1523,0.2853,-0.1886,-0.2421,-0.1450,-0.1664,,-0.1775
1913-07-01,0.0252,-0.1159,0.2701,-0.1299,-0.1521,-0.0950,-0.1534,,-0.1410
1913-08-01,0.0026,-0.2558,0.1895,-0.0423,-0.1121,-0.0450,-0.1144,,-0.0786
1913-09-01,-0.0299,-0.2342,0.2318,-0.0609,-0.1321,-0.1350,-0.1984,,-0.1336
1913-10-01,-0.0827,-0.3746,0.1913,-0.0849,-0.1121,-0.1150,-0.0714,,-0.0985
1913-11-01,-0.1077,-0.3379,0.1110,-0.0041,0.0079,-0.0250,0.0606,,0.0019
1913-12-01,-0.1340,-0.4739,0.0335,0.2072,0.1779,0.1750,0.2806,,0.1925
1914-01-01,-0.1163,-0.4045,0.0699,0.2866,0.2479,0.1150,0.1616,,0.2048
1914-02-01,-0.0725,-0.3799,0.2494,0.1019,0.1079,0.0750,0.0136,,0.0884
1914-03-01,-0.0285,-0.2904,0.1506,-0.0345,-0.0321,-0.0450,-0.1154,,-0.0398
1914-04-01,0.0228,-0.1921,0.2902,-0.0436,-0.0821,0.0050,-0.0984,,-0.0629
1914-05-01,0.0435,-0.2379,0.2871,0.0489,-0.0021,0.0350,-0.0774,,0.0164
1914-06-01,0.0397,-0.1797,0.2035,0.0465,-0.0421,0.0350,-0.0164,,0.0093
1914-07-01,0.0376,-0.2102,0.2499,0.0594,-0.0321,-0.0450,0.0746,,0.0136
1914-08-01,0.0236,-0.2059,0.2083,0.1120,0.0479,-0.0250,0.0896,,0.0688
1914-09-01,0.0074,-0.2744,0.2131,0.0549,0.0479,-0.0250,-0.0104,,0.0188
1914-10-01,-0.0290,-0.3225,0.1541,0.2474,0.1779,0.1450,0.2456,,0.2118
1914-11-01,-0.0688,-0.2871,0.0911,0.1759,0.0579,0.1950,0.1246,,0.1502
1914-12-01,-0.0723,-0.4674,0.1760,0.1195,0.1679,0.1550,0.1316,,0.1433
1915-01-01,-0.0454,-0.3456,0.1884,0.0738,-0.0021,-0.0050,0.0216,,0.0098
1915-02-01,-0.0062,-0.1408,0.1770,0.1439,0.1779,0.0450,0.0736,,0.1087
1915-03-01,-0.0276,-0.2182,0.1409,0.1621,0.1079,0.1550,0.2236,,0.1585
1915-04-01,0.0299,-0.2777,0.2624,0.2718,0.2779,0.2550,0.1566,,0.2634
1915-05-01,0.0826,-0.2080,0.3222,0.1805,0.1579,0.1550,0.1946,,0.1692
1915-06-01,0.0966,-0.1444,0.2913,0.1829,-0.0121,0.0950,0.1536,,0.1243
1915-07-01,0.0901,-0.1170,0.2263,0.1806,0.0879,0.1850,0.1246,,0.1526
1915-08-01,0.0840,-0.1177,0.2862,0.2932,-0.0121,0.1450,0.1366,,0.1408
1915-09-01,0.0442,-0.3407,0.2747,0.2451,0.0079,0.0950,0.0216,,0.0583
1915-10-01,-0.0057,-0.3105,0.2970,0.0750,-0.0221,-0.0050,0.0996,,0.0350
1915-11-01,0.0060,-0.1587,0.2025,0.1874,0.0779,0.1450,0.1786,,0.1618
1915-12-01,-0.0017,-0.1397,0.2555,0.0049,0.0079,-0.0550,0.0046,,0.0047
1916-01-01,0.0183,-0.1772,0.2808,0.0212,0.0879,0.0250,0.0406,,0.0328
1916-02-01,0.0532,-0.2567,0.2192,0.0924,0.0679,-0.0350,0.1266,,0.0801
1916-03-01,0.0673,-0.2705,0.3730,-0.0777,-0.0721,-0.0750,-0.0854,,-0.0764
1916-04-01,0.1021,-0.1684,0.2374,-0.0233,-0.0921,0.0050,-0.0514,,-0.0374
1916-05-01,0.1377,-0.0975,0.4176,-0.0693,-0.1421,-0.0250,-0.0634,,-0.0664
1916-06-01,0.1682,-0.0240,0.3507,-0.1405,-0.2821,-0.0650,-0.1344,,-0.1375
1916-07-01,0.1359,-0.0485,0.4121,-0.0289,-0.1521,-0.1250,-0.0434,,-0.0842
1916-08-01,0.1062,-0.0706,0.3197,0.0608,-0.0621,-0.0550,-0.0534,,-0.0542
1916-09-01,0.0683,-0.1238,0.2595,0.0321,-0.1421,-0.0850,-0.1514,,-0.1136
1916-10-01,0.0464,-0.1992,0.2896,-0.0150,-0.1121,-0.1450,-0.2184,,-0.1285
1916-11-01,0.0152,-0.2110,0.2232,-0.1520,-0.2521,-0.3250,-0.2894,,-0.2707
1916-12-01,-0.0105,-0.2251,0.1633,-0.4543,-0.6021,-0.4650,-0.4174,,-0.4597
1917-01-01,-0.0075,-0.2923,0.1934,-0.3343,-0.3521,-0.3150,-0.3744,,-0.3432
1917-02-01,0.0227,-0.1814,0.2311,-0.3589,-0.4121,-0.4150,-0.4404,,-0.4136
1917-03-01,0.0845,-0.0730,0.4794,-0.4231,-0.4121,-0.4950,-0.5634,,-0.4591
1917-04-01,0.1289,-0.0383,0.3134,-0.1862,-0.3321,-0.2450,-0.2544,,-0.2497
1917-05-01,0.1186,-0.0426,0.2621,-0.2833,-0.3321,-0.3350,-0.3384,,-0.3336
1917-06-01,0.0912,-0.0365,0.2027,-0.1210,-0.2221,-0.1750,-0.1754,,-0.1752
1917-07-01,0.0803,-0.0926,0.2285,0.0999,-0.0421,0.0350,0.0246,,0.0298
1917-08-01,0.0710,-0.1895,0.2447,0.0185,-0.0121,-0.0750,-0.0144,,-0.0132
1917-09-01,0.0727,-0.0684,0.2333,0.0539,-0.0121,-0.0450,0.0186,,0.0033
1917-10-01,0.0116,-0.2122,0.1651,-0.1760,-0.2221,-0.2550,-0.1574,,-0.1991
1917-11-01,-0.0306,-0.2978,0.1790,-0.0976,-0.1221,-0.2150,-0.2284,,-0.1686
1917-12-01,-0.0388,-0.2700,0.2759,-0.4301,-0.4621,-0.4250,-0.4754,,-0.4461
1918-01-01,-0.0328,-0.3592,0.1653,-0.1614,-0.2621,-0.3250,-0.2584,,-0.2602
1918-02-01,0.0465,-0.1665,0.2289,-0.3192,-0.1321,-0.3250,-0.3584,,-0.3221
1918-03-01,0.0492,-0.1484,0.2057,-0.2248,-0.0421,-0.1650,-0.2484,,-0.1949
1918-04-01,0.1098,-0.1474,0.3810,-0.2693,-0.2221,-0.3050,-0.2264,,-0.2479
1918-05-01,0.1301,-0.0389,0.4586,-0.1699,-0.2121,-0.2250,-0.2214,,-0.2167
1918-06-01,0.1307,-0.0674,0.5058,-0.0318,-0.1421,-0.2250,-0.1404,,-0.1412
1918-07-01,0.1143,-0.1436,0.4142,-0.0133,-0.1021,-0.0650,-0.0454,,-0.0552
1918-08-01,0.0894,-0.1407,0.2492,-0.0868,-0.1021,-0.1650,-0.1604,,-0.1312
1918-09-01,0.0863,-0.2172,0.2548,0.0831,0.0479,-0.0050,0.0086,,0.0283
1918-10-01,0.0620,-0.1210,0.2786,0.2402,0.1579,0.0450,0.1836,,0.1708
1918-11-01,-0.0056,-0.2512,0.1581,0.1887,0.0979,-0.0150,0.1456,,0.1218
1918-12-01,-0.0173,-0.3513,0.2087,-0.0596,-0.0821,-0.0650,0.0006,,-0.0623
1919-01-01,0.0359,-0.1951,0.2693,0.1145,0.0179,0.0850,0.0136,,0.0514
1919-02-01,0.0783,-0.0804,0.3358,0.1215,-0.0121,-0.0650,0.0626,,0.0252
1919-03-01,0.1188,-0.2030,0.3895,-0.0362,0.0079,-0.1150,-0.1244,,-0.0756
1919-04-01,0.1035,-0.1085,0.2868,0.1481,0.0879,0.1650,0.0726,,0.1180
1919-05-01,0.1511,-0.0790,0.3877,0.0449,-0.0621,0.0050,-0.0174,,-0.0062
1919-06-01,0.1479,-0.0494,0.3756,-0.0121,-0.1421,-0.0450,-0.0604,,-0.0527
1919-07-01,0.1249,-0.0173,0.3062,0.0367,-0.0721,-0.0550,-0.0864,,-0.0635
1919-08-01,0.1057,-0.0977,0.3896,0.0995,-0.1121,-0.0850,-0.0964,,-0.0907
1919-09-01,0.0787,-0.1401,0.3083,0.0631,-0.0321,0.0350,-0.0834,,0.0014
1919-10-01,0.0701,-0.2535,0.3741,0.0849,0.0179,-0.0850,-0.0374,,-0.0097
1919-11-01,0.0254,-0.1946,0.2740,-0.2036,-0.2021,-0.0950,-0.1324,,-0.1672
1919-12-01,0.0239,-0.2385,0.4318,-0.1616,-0.2121,-0.0850,-0.1284,,-0.1450
1920-01-01,0.0336,-0.1905,0.4005,0.0819,-0.0321,0.1350,0.0436,,0.0627
1920-02-01,0.0904,-0.1313,0.4094,-0.1873,-0.0521,-0.0350,-0.0564,,-0.0542
1920-03-01,0.1215,-0.0952,0.5392,0.1888,0.0979,0.1250,0.0796,,0.1114
1920-04-01,0.1358,-0.1530,0.5320,0.0155,-0.0221,-0.0850,-0.0104,,-0.0162
1920-05-01,0.1496,-0.0148,0.5745,0.0975,-0.0521,0.0650,0.0206,,0.0428
1920-06-01,0.1595,0.0365,0.3791,0.1047,-0.1421,0.0150,0.0576,,0.0363
1920-07-01,0.1313,-0.0529,0.2909,0.0390,-0.0821,-0.0450,-0.0404,,-0.0427
1920-08-01,0.1141,-0.0936,0.3424,0.1237,-0.0421,-0.0350,0.0356,,0.0003
1920-09-01,0.0825,-0.1070,0.2840,0.1521,-0.0021,0.0050,0.1036,,0.0543
1920-10-01,0.0613,-0.0958,0.1889,0.1352,-0.0421,0.0050,0.0746,,0.0398
1920-11-01,-0.0079,-0.2227,0.1885,0.0187,-0.0521,-0.0650,0.0596,,-0.0167
1920-12-01,-0.0265,-0.1891,0.1439,-0.1343,-0.2521,-0.2050,-0.1184,,-0.1697
1921-01-01,0.0135,-0.1961,0.2032,0.1273,0.1679,0.0850,0.0446,,0.1061
1921-02-01,0.0494,-0.1275,0.2758,0.0621,0.0379,-0.0650,0.0486,,0.0433
1921-03-01,0.0669,-0.1087,0.2256,0.0092,-0.0121,-0.0550,-0.0784,,-0.0336
1921-04-01,0.0930,-0.0313,0.2161,0.0633,-0.0821,-0.0450,-0.0264,,-0.0357
1921-05-01,0.1078,-0.0521,0.2552,0.0570,-0.0821,0.0050,-0.0584,,-0.0267
1921-06-01,0.1333,-0.0471,0.2738,0.1980,-0.0521,0.0450,0.0386,,0.0418
1921-07-01,0.0839,-0.1423,0.2497,0.2053,0.0679,0.0650,0.1636,,0.1158
1921-08-01,0.1014,-0.0928,0.2444,0.0405,-0.0421,-0.0150,0.0806,,0.0127
1921-09-01,0.0750,-0.1477,0.1953,0.1603,0.0279,-0.0050,0.0586,,0.0433
1921-10-01,0.0133,-0.2293,0.1676,0.2280,0.1879,0.0650,0.1846,,0.1862
1921-11-01,0.0025,-0.2341,0.1552,0.1638,0.0679,0.0850,0.1196,,0.1023
1921-12-01,-0.0272,-0.2205,0.2236,0.0770,0.0379,0.0650,0.1266,,0.0710
1922-01-01,0.0102,-0.1896,0.1494,-0.0610,-0.1221,-0.0750,-0.0474,,-0.0680
1922-02-01,0.0572,-0.1395,0.4269,-0.0483,-0.2321,-0.2050,-0.0804,,-0.1427
1922-03-01,0.0884,-0.1596,0.2948,0.0269,0.0679,0.0150,0.0326,,0.0297
1922-04-01,0.0858,-0.1155,0.2515,0.0625,-0.0121,0.0250,0.0976,,0.0437
1922-05-01,0.1115,-0.0778,0.3108,-0.1104,-0.1121,-0.1350,-0.0904,,-0.1113
1922-06-01,0.1391,-0.0643,0.3854,0.0607,-0.0921,-0.1050,-0.0814,,-0.0867
1922-07-01,0.1470,-0.0606,0.3793,0.0935,-0.0521,-0.0850,0.0576,,0.0028
1922-08-01,0.1577,-0.1311,0.3989,0.0034,-0.1121,-0.1450,-0.0744,,-0.0932
1922-09-01,0.1375,-0.1143,0.3753,0.0406,-0.1321,-0.0850,-0.0714,,-0.0782
1922-10-01,0.0863,-0.0815,0.3575,0.0101,-0.0921,-0.0850,-0.0294,,-0.0572
1922-11-01,0.0624,-0.2352,0.3363,0.1030,0.0779,0.1250,0.0186,,0.0905
1922-12-01,0.0873,-0.2454,0.4882,0.0498,0.0179,0.0850,-0.0174,,0.0338
1923-01-01,0.0596,-0.2413,0.3361,-0.0462,-0.0521,-0.0650,-0.0174,,-0.0491
1923-02-01,0.1234,-0.1705,0.4471,-0.1310,-0.1721,-0.1050,-0.1314,,-0.1312
1923-03-01,0.1512,-0.1084,0.5332,-0.1023,-0.1221,-0.1850,-0.1484,,-0.1352
1923-04-01,0.1834,-0.1034,0.5009,-0.0502,-0.1921,-0.1050,-0.0934,,-0.0992
1923-05-01,0.2172,-0.0458,0.5872,-0.0435,-0.1121,-0.0850,-0.0214,,-0.0643
1923-06-01,0.1867,-0.0460,0.5719,0.0974,-0.0721,0.0150,0.0786,,0.0468
1923-07-01,0.1500,-0.0875,0.4265,-0.0570,-0.0921,-0.1450,-0.0254,,-0.0746
1923-08-01,0.1365,-0.1246,0.4505,0.0361,-0.1121,-0.1550,-0.0294,,-0.0707
1923-09-01,0.1213,-0.0891,0.3857,0.0237,-0.0921,-0.1050,-0.0554,,-0.0737
1923-10-01,0.0570,-0.1874,0.3569,0.1889,0.0879,0.0050,0.1786,,0.1333
1923-11-01,0.0363,-0.1733,0.2886,0.3323,0.1979,0.1850,0.2726,,0.2353
1923-12-01,0.0066,-0.2153,0.3140,0.2654,0.1879,0.1550,0.3036,,0.2266
1924-01-01,0.0736,-0.0881,0.4420,0.0293,-0.0021,-0.0250,-0.0054,,-0.0037
1924-02-01,0.0903,-0.0761,0.4053,0.0477,-0.0121,-0.0150,0.0936,,0.0178
1924-03-01,0.1111,-0.1458,0.3824,0.1799,0.1379,0.0850,0.1876,,0.1589
1924-04-01,0.1194,-0.1146,0.4786,0.0194,-0.0821,-0.0150,-0.0464,,-0.0307
1924-05-01,0.1285,-0.0113,0.3380,0.1456,0.0379,0.0150,0.0826,,0.0603
1924-06-01,0.1332,0.0030,0.2732,0.0876,-0.0421,-0.0150,0.0766,,0.0308
1924-07-01,0.1455,-0.0373,0.3774,0.0611,-0.0721,-0.1150,0.0016,,-0.0352
1924-08-01,0.1108,-0.0274,0.3116,0.0437,-0.1421,-0.1050,-0.1134,,-0.1092
1924-09-01,0.0983,-0.1027,0.2645,0.0319,-0.1021,-0.0950,-0.0434,,-0.0692
1924-10-01,0.0573,-0.1724,0.1780,-0.0017,-0.1321,-0.0750,-0.0094,,-0.0422
1924-11-01,0.0360,-0.1125,0.2255,0.0745,0.0179,-0.0250,0.0426,,0.0302
1924-12-01,0.0201,-0.1300,0.2462,-0.1327,-0.2121,-0.1250,-0.1194,,-0.1289
1925-01-01,0.0522,-0.1118,0.2416,-0.1271,-0.1621,-0.2450,-0.1684,,-0.1652
1925-02-01,0.0541,-0.0967,0.2784,-0.1168,-0.1721,-0.1250,-0.1934,,-0.1485
1925-03-01,0.0929,-0.0318,0.3306,-0.0166,-0.0521,-0.0550,-0.0424,,-0.0472
1925-04-01,0.1181,-0.0564,0.3071,0.0566,-0.0421,0.0150,0.0016,,0.0083
1925-05-01,0.1694,-0.0001,0.3988,0.0500,-0.0721,-0.0350,0.0586,,0.0075
1925-06-01,0.1669,-0.0298,0.3401,0.0172,-0.1121,-0.0450,-0.0034,,-0.0242
1925-07-01,0.1333,-0.0430,0.4002,0.0201,-0.0521,-0.0250,0.0076,,-0.0087
1925-08-01,0.1457,-0.0926,0.3296,0.1913,0.0079,-0.0150,0.0656,,0.0368
1925-09-01,0.1161,-0.0784,0.3607,0.1031,0.0179,-0.0350,0.0546,,0.0363
1925-10-01,0.1115,-0.0887,0.3259,0.0746,0.0479,0.0450,0.1716,,0.0613
1925-11-01,0.0506,-0.1321,0.2245,0.3051,0.2679,0.1450,0.2206,,0.2443
1925-12-01,0.0404,-0.1556,0.2246,0.3760,0.2779,0.2150,0.3136,,0.2958
1926-01-01,0.0964,-0.1183,0.3010,0.4391,0.4279,0.3250,0.3956,,0.4118
1926-02-01,0.0819,-0.2698,0.2839,0.3206,0.2379,0.1750,0.2146,,0.2263
1926-03-01,0.1167,-0.1770,0.2872,0.3785,0.3279,0.3050,0.2836,,0.3165
1926-04-01,0.1403,-0.1048,0.2804,0.1973,0.0879,0.1550,0.1346,,0.1448
1926-05-01,0.1449,-0.0850,0.4000,0.0908,-0.0121,-0.0350,0.0496,,0.0187
1926-06-01,0.1496,-0.0216,0.3754,0.1766,-0.0421,0.0550,0.1046,,0.0798
1926-07-01,0.1376,-0.0062,0.2756,0.1482,-0.0521,-0.0650,0.0106,,-0.0207
1926-08-01,0.1438,-0.0092,0.3699,0.2559,0.0879,0.0350,0.0876,,0.0878
1926-09-01,0.1169,-0.1328,0.3411,0.2394,0.0779,0.0550,0.1486,,0.1133
1926-10-01,0.0691,-0.1903,0.3051,0.2883,0.1079,0.1950,0.2816,,0.2383
1926-11-01,0.0797,-0.1625,0.3863,0.2476,0.1479,0.0850,0.2036,,0.1758
1926-12-01,0.0330,-0.1726,0.1900,0.0405,-0.0821,-0.0650,0.0436,,-0.0123
1927-01-01,0.0571,-0.2475,0.3868,0.0475,-0.0521,-0.0750,0.0026,,-0.0247
1927-02-01,0.1386,-0.0438,0.4346,0.1509,0.0379,0.0550,0.1196,,0.0873
1927-03-01,0.1541,-0.1462,0.4263,-0.0510,-0.1721,-0.1850,-0.0594,,-0.1157
1927-04-01,0.1773,-0.0317,0.3903,0.0418,-0.0821,-0.1150,-0.0404,,-0.0612
1927-05-01,0.2118,0.0239,0.4561,0.1259,-0.0421,-0.0250,0.0806,,0.0278
1927-06-01,0.2070,-0.0009,0.4450,0.1075,-0.0621,0.0150,0.0326,,0.0238
1927-07-01,0.1806,-0.0278,0.3827,0.1465,0.0279,0.0150,0.1626,,0.0872
1927-08-01,0.1817,-0.0269,0.5560,0.1503,-0.0221,0.1350,0.1556,,0.1426
1927-09-01,0.1413,-0.0795,0.3078,0.2484,0.0979,0.0750,0.1226,,0.1103
1927-10-01,0.1373,-0.0242,0.3548,0.3360,0.2079,0.1950,0.3766,,0.2720
1927-11-01,0.1003,-0.2364,0.4236,0.2369,0.1679,0.1350,0.2276,,0.1978
1927-12-01,0.1024,-0.2912,0.4564,0.0376,-0.1121,-0.1450,-0.0284,,-0.0702
1928-01-01,0.1253,-0.1415,0.4000,0.3326,0.1979,0.0950,0.2556,,0.2268
1928-02-01,0.1176,-0.2160,0.4129,0.2347,0.1279,0.0650,0.1426,,0.1353
1928-03-01,0.1758,-0.1075,0.4758,0.0392,-0.0321,-0.0350,0.0036,,-0.0142
1928-04-01,0.1980,-0.0295,0.5280,0.1214,-0.0621,-0.0550,0.0586,,0.0018
1928-05-01,0.2165,0.0284,0.3769,0.0552,-0.0821,-0.0250,0.0326,,0.0038
1928-06-01,0.2229,0.0384,0.4770,0.0250,-0.1721,-0.0050,-0.0024,,-0.0037
1928-07-01,0.1904,-0.0084,0.3834,0.1670,0.0179,-0.0050,0.0706,,0.0443
1928-08-01,0.1518,-0.0956,0.3718,0.1800,-0.0021,-0.0450,0.0556,,0.0267
1928-09-01,0.1371,-0.0872,0.3912,0.1507,0.0079,0.0650,0.0906,,0.0778
1928-10-01,0.1045,-0.2214,0.3464,0.1708,0.0279,0.0150,0.1366,,0.0823
1928-11-01,0.0505,-0.3242,0.3752,0.1850,0.1179,0.1050,0.0856,,0.1114
1928-12-01,0.0749,-0.2707,0.3893,0.1258,0.0579,0.0650,0.1456,,0.0954
1929-01-01,0.0717,-0.2526,0.4189,-0.0767,-0.2321,-0.1750,-0.0784,,-0.1267
1929-02-01,0.0862,-0.2400,0.3328,-0.2438,-0.3621,-0.2550,-0.2094,,-0.2494
1929-03-01,0.1191,-0.2140,0.4765,-0.1277,-0.1121,-0.0950,-0.1464,,-0.1199
1929-04-01,0.1307,-0.1380,0.3731,-0.0834,-0.2021,-0.1850,-0.1694,,-0.1772
1929-05-01,0.1422,-0.2843,0.4186,-0.0775,-0.1621,-0.1550,-0.1414,,-0.1482
1929-06-01,0.1682,-0.1050,0.4089,-0.0466,-0.2121,-0.1850,0.0076,,-0.1158
1929-07-01,0.1616,-0.0706,0.3523,-0.0782,-0.1521,-0.2150,-0.1174,,-0.1347
1929-08-01,0.1386,-0.0897,0.4736,0.0953,-0.1121,0.0050,0.0556,,0.0303
1929-09-01,0.1299,-0.0771,0.3018,0.0839,-0.0321,-0.0250,-0.0274,,-0.0262
1929-10-01,0.0900,-0.1180,0.3121,0.1432,0.0679,0.0150,0.1126,,0.0903
1929-11-01,0.0466,-0.3189,0.3441,0.2203,0.0979,0.0450,0.1626,,0.1303
1929-12-01,0.0700,-0.2245,0.3005,-0.2043,-0.3321,-0.2750,-0.1744,,-0.2397
1930-01-01,0.0432,-0.2071,0.2453,-0.0008,-0.0921,-0.0750,-0.0004,,-0.0379
1930-02-01,0.0992,-0.2812,0.2999,0.0194,-0.0521,-0.0350,-0.0174,,-0.0262
1930-03-01,0.0878,-0.4599,0.3900,0.1131,0.1079,0.0350,0.1176,,0.1105
1930-04-01,0.1284,-0.2002,0.3734,0.1331,-0.0321,0.0450,0.0526,,0.0488
1930-05-01,0.1551,-0.0829,0.3718,0.1104,-0.0221,0.0150,0.1286,,0.0627
1930-06-01,0.1469,-0.1659,0.3939,0.1605,-0.0021,0.0350,0.2086,,0.0977
1930-07-01,0.1289,-0.2280,0.3489,0.1775,0.0079,0.1150,0.1876,,0.1462
1930-08-01,0.1186,-0.1758,0.4028,0.2672,0.0679,0.0350,0.2186,,0.1433
1930-09-01,0.0966,-0.1490,0.3738,0.2646,0.0679,0.0450,0.1416,,0.1048
1930-10-01,0.0279,-0.2968,0.3366,0.2762,0.0979,0.0950,0.2656,,0.1817
1930-11-01,0.0032,-0.3779,0.4131,0.4264,0.3879,0.3550,0.4216,,0.4048
1930-12-01,0.0304,-0.3558,0.3283,0.3021,0.1579,0.1650,0.2666,,0.2158
1931-01-01,0.0290,-0.3207,0.2759,0.2301,0.1079,0.1550,0.1976,,0.1763
1931-02-01,0.0612,-0.2546,0.3132,0.1036,0.0179,0.0250,0.0416,,0.0333
1931-03-01,0.0881,-0.2369,0.3396,0.2433,0.1179,0.0950,0.1176,,0.1178
1931-04-01,0.1120,-0.0459,0.3249,0.1761,-0.0121,0.0250,0.0666,,0.0458
1931-05-01,0.1460,-0.0051,0.3671,0.1560,0.0279,0.0350,0.0666,,0.0508
1931-06-01,0.1601,-0.0836,0.3835,0.3341,0.1379,0.1550,0.2226,,0.1888
1931-07-01,0.1507,-0.1072,0.4294,0.3470,0.1879,0.1550,0.2726,,0.2303
1931-08-01,0.1463,-0.1021,0.3690,0.3217,0.1779,0.1850,0.2206,,0.2028
1931-09-01,0.1305,-0.0655,0.3227,0.3072,0.1579,0.1850,0.2446,,0.2148
1931-10-01,0.0965,-0.1551,0.3262,0.3349,0.2779,0.1850,0.3566,,0.3064
1931-11-01,0.0373,-0.1463,0.2878,0.2081,0.1579,0.1650,0.2366,,0.1865
1931-12-01,0.0296,-0.1620,0.2888,0.2564,0.1679,0.1550,0.2196,,0.1938
1932-01-01,0.0775,-0.1233,0.2973,0.4276,0.3679,0.2950,0.3476,,0.3578
1932-02-01,0.0642,-0.1078,0.2770,0.1692,0.0479,-0.0250,0.0006,,0.0243
1932-03-01,0.1382,-0.0429,0.3515,0.1562,0.0379,0.0850,0.0866,,0.0858
1932-04-01,0.1541,-0.0386,0.4178,0.2805,0.1579,0.1350,0.2206,,0.1893
1932-05-01,0.1822,-0.0048,0.3771,0.1902,0.0379,0.0550,0.1436,,0.0993
1932-06-01,0.1738,-0.0095,0.3887,0.1010,-0.0721,0.0550,0.0966,,0.0758
1932-07-01,0.1425,-0.0455,0.3354,0.2237,-0.0221,0.0250,0.1566,,0.0908
1932-08-01,0.1331,-0.0793,0.3024,0.1698,-0.0021,-0.0850,0.0956,,0.0468
1932-09-01,0.0777,-0.1232,0.2569,0.3547,0.1179,0.1750,0.2536,,0.2143
1932-10-01,0.0698,-0.2111,0.2728,0.2633,0.1279,0.1050,0.1856,,0.1568
1932-11-01,0.0047,-0.2507,0.2073,0.0615,-0.0521,-0.0650,0.0266,,-0.0127
1932-12-01,0.0149,-0.3303,0.2327,0.0910,-0.0521,0.0150,0.0986,,0.0530
1933-01-01,0.0208,-0.2240,0.2030,0.0332,-0.0121,0.0450,0.0496,,0.0391
1933-02-01,0.0622,-0.2467,0.3865,0.0086,-0.0721,-0.0950,0.0096,,-0.0318
1933-03-01,0.0947,-0.1903,0.3802,-0.0433,-0.0721,-0.0250,-0.0714,,-0.0574
1933-04-01,0.1081,-0.1219,0.2925,0.0548,-0.0221,-0.0050,0.0186,,0.0068
1933-05-01,0.1222,-0.1480,0.3779,0.0665,-0.0721,-0.0450,0.0526,,0.0038
1933-06-01,0.1408,-0.0434,0.3419,0.0304,-0.1221,-0.0350,0.0256,,-0.0047
1933-07-01,0.1303,-0.0953,0.2764,0.0634,0.0079,-0.0850,0.0156,,0.0118
1933-08-01,0.1112,-0.1407,0.2599,0.2034,-0.0221,-0.0250,0.0886,,0.0333
1933-09-01,0.0981,-0.1439,0.2703,0.0291,-0.0721,-0.1650,-0.0284,,-0.0502
1933-10-01,0.0688,-0.1602,0.2871,0.1086,-0.0321,-0.0250,0.1526,,0.0418
1933-11-01,0.0522,-0.1776,0.2543,-0.0487,-0.0921,-0.1050,-0.0404,,-0.0704
1933-12-01,0.0708,-0.1340,0.3237,-0.1574,-0.2321,-0.2050,-0.1664,,-0.1857
1934-01-01,0.0753,-0.1495,0.3328,0.0271,0.0079,-0.0650,0.0236,,0.0158
1934-02-01,0.0802,-0.1512,0.3613,0.2092,0.1879,0.1050,0.2046,,0.1963
1934-03-01,0.0994,-0.1814,0.5557,-0.0720,-0.0721,-0.0650,-0.0674,,-0.0697
1934-04-01,0.1033,-0.0882,0.4460,-0.0275,-0.0921,-0.0350,-0.0504,,-0.0427
1934-05-01,0.1332,-0.0559,0.4440,0.2077,0.1279,0.1150,0.1466,,0.1373
1934-06-01,0.1637,-0.0637,0.4802,0.2668,0.0679,0.0750,0.2026,,0.1388
1934-07-01,0.1627,-0.0816,0.5346,0.1774,0.1079,0.0550,0.1576,,0.1328
1934-08-01,0.1599,-0.1090,0.4466,0.2409,0.0979,0.0650,0.1156,,0.1068
1934-09-01,0.1279,-0.1630,0.3498,0.2182,0.0679,0.1050,0.1776,,0.1413
1934-10-01,0.0814,-0.1685,0.3659,0.2742,0.1479,0.1550,0.3036,,0.2146
1934-11-01,0.0543,-0.3378,0.3628,0.3930,0.2479,0.2350,0.4146,,0.3205
1934-12-01,0.0358,-0.3532,0.3307,0.2488,0.1879,0.1350,0.2166,,0.2023
1935-01-01,0.0700,-0.2941,0.4561,0.0000,-0.1221,-0.0850,-0.0544,,-0.0697
1935-02-01,0.0871,-0.1856,0.4628,0.3980,0.3579,0.3250,0.3706,,0.3643
1935-03-01,0.1044,-0.2344,0.4661,0.1244,0.0779,0.0350,0.0846,,0.0813
1935-04-01,0.1157,-0.2356,0.4303,0.0259,-0.1521,-0.1450,0.0066,,-0.0692
1935-05-01,0.1602,-0.1435,0.4177,0.0278,-0.0721,-0.0550,0.0026,,-0.0262
1935-06-01,0.1708,-0.1459,0.3596,0.1396,-0.0521,-0.0550,0.1006,,0.0243
1935-07-01,0.1710,-0.0852,0.4810,0.2073,-0.0021,0.0850,0.1976,,0.1413
1935-08-01,0.1735,-0.1496,0.4373,0.2078,-0.0021,0.0750,0.1506,,0.1128
1935-09-01,0.1481,-0.1920,0.4910,0.1637,0.0079,0.1050,0.1566,,0.1308
1935-10-01,0.1127,-0.0910,0.3882,0.3036,0.1579,0.1350,0.2706,,0.2143
1935-11-01,0.1159,-0.1255,0.4360,0.0310,-0.0421,0.0150,0.0136,,0.0143
1935-12-01,0.1104,-0.1426,0.4845,0.1048,0.0479,0.0850,0.0956,,0.0903
1936-01-01,0.1504,-0.1303,0.5353,-0.0360,-0.0621,-0.1050,-0.0264,,-0.0490
1936-02-01,0.1543,-0.1205,0.4970,0.0181,-0.1621,-0.0750,-0.0414,,-0.0582
1936-03-01,0.1819,-0.0927,0.5573,0.0229,0.0079,-0.0050,0.0386,,0.0154
1936-04-01,0.1930,-0.0857,0.5719,0.1611,0.0179,0.0650,0.1066,,0.0858
1936-05-01,0.2095,0.0293,0.3989,0.1789,0.0579,0.0450,0.1336,,0.0958
1936-06-01,0.2255,0.0724,0.4147,0.2076,-0.0021,0.0450,0.1976,,0.1213
1936-07-01,0.2125,0.0474,0.4803,0.2783,0.1179,0.1650,0.2546,,0.2098
1936-08-01,0.1901,0.0151,0.3690,0.2867,0.0779,0.2150,0.2606,,0.2378
1936-09-01,0.1738,0.0216,0.4350,0.2486,0.1279,0.0950,0.2316,,0.1798
1936-10-01,0.1394,-0.0623,0.4203,0.3174,0.1879,0.2050,0.3526,,0.2612
1936-11-01,0.0918,-0.0710,0.2936,0.2942,0.2279,0.1450,0.2466,,0.2373
1936-12-01,0.0785,-0.1369,0.2689,0.2590,0.2079,0.1750,0.3126,,0.2334
1937-01-01,0.1011,-0.1482,0.3151,0.2328,0.1379,0.1250,0.1956,,0.1668
1937-02-01,0.1540,-0.0391,0.3069,0.4294,0.2479,0.2350,0.3386,,0.2933
1937-03-01,0.1766,-0.0175,0.3575,0.0958,0.0079,0.0050,0.1296,,0.0519
1937-04-01,0.1911,-0.0868,0.4417,0.2392,0.0579,0.0250,0.2196,,0.1388
1937-05-01,0.1835,-0.0181,0.3782,0.2678,0.1579,0.1350,0.2246,,0.1913
1937-06-01,0.1852,0.0331,0.3121,0.3508,0.1679,0.1450,0.3106,,0.2393
1937-07-01,0.1635,-0.0033,0.3207,0.3819,0.1779,0.1750,0.3746,,0.2763
1937-08-01,0.1413,-0.0613,0.3166,0.3983,0.2279,0.2350,0.3546,,0.2948
1937-09-01,0.1275,-0.1343,0.3023,0.5049,0.3079,0.2950,0.4626,,0.3853
1937-10-01,0.0880,-0.1358,0.2701,0.4885,0.2979,0.2850,0.5036,,0.3932
1937-11-01,0.0408,-0.1328,0.2759,0.4230,0.2879,0.2750,0.3906,,0.3393
1937-12-01,0.0447,-0.2058,0.2524,0.2833,0.1379,0.1150,0.2846,,0.2106
1938-01-01,0.0618,-0.2157,0.3404,0.4023,0.2979,0.2150,0.3526,,0.3253
1938-02-01,0.1270,-0.1587,0.4953,0.3432,0.2579,0.2250,0.3396,,0.2988
1938-03-01,0.1446,-0.0474,0.3705,0.3320,0.3179,0.2850,0.3286,,0.3233
1938-04-01,0.1592,-0.0442,0.3530,0.3910,0.2779,0.2550,0.2976,,0.2878
1938-05-01,0.1769,-0.0189,0.4141,0.2539,0.1179,0.1150,0.2126,,0.1653
1938-06-01,0.1655,-0.1501,0.3785,0.2653,0.0479,0.0250,0.1536,,0.1008
1938-07-01,0.1683,-0.1451,0.3256,0.3129,0.1279,0.1550,0.2736,,0.2143
1938-08-01,0.1595,-0.1041,0.4121,0.3590,0.1579,0.1450,0.2506,,0.2043
1938-09-01,0.1654,-0.0537,0.3481,0.3820,0.2279,0.2450,0.3616,,0.3033
1938-10-01,0.1163,-0.1780,0.2992,0.5232,0.3579,0.2850,0.4826,,0.4203
1938-11-01,0.0778,-0.2671,0.3373,0.4098,0.2879,0.2650,0.3846,,0.3363
1938-12-01,0.1089,-0.2241,0.3530,0.1590,0.0879,0.0350,0.1706,,0.1235
1939-01-01,0.1281,-0.2899,0.3492,0.2427,0.1579,0.1450,0.2076,,0.1828
1939-02-01,0.1619,-0.0370,0.4537,0.2366,0.1479,0.1250,0.1826,,0.1653
1939-03-01,0.1820,-0.0387,0.4485,0.0625,0.0379,-0.0450,0.0516,,0.0448
1939-04-01,0.2010,-0.0651,0.5036,0.2409,0.1179,0.0350,0.2406,,0.1793
1939-05-01,0.2265,-0.0145,0.4958,0.3175,0.1779,0.1450,0.3616,,0.2477
1939-06-01,0.2295,-0.0525,0.5236,0.3728,0.1479,0.1650,0.3486,,0.2568
1939-07-01,0.2120,-0.0385,0.4346,0.3213,0.1579,0.2550,0.2846,,0.2698
1939-08-01,0.2017,-0.0197,0.4131,0.3212,0.1579,0.2450,0.3296,,0.2831
1939-09-01,0.1920,-0.0161,0.4338,0.3421,0.1479,0.2450,0.3686,,0.2935
1939-10-01,0.1436,-0.1454,0.3830,0.2565,0.1779,0.1450,0.2816,,0.2172
1939-11-01,0.1189,-0.1334,0.3354,0.3781,0.2879,0.2850,0.3466,,0.3173
1939-12-01,0.1113,-0.2182,0.3278,0.6946,0.6379,0.6150,0.6706,,0.6542
1940-01-01,0.1015,-0.0347,0.2941,0.3106,0.2079,0.2650,0.3636,0.0133,0.2650
1940-02-01,0.1204,-0.1977,0.3928,0.4376,0.2979,0.3750,0.4436,0.0979,0.3750
1940-03-01,0.1526,-0.1812,0.4788,0.3144,0.3079,0.2550,0.4306,0.0678,0.3079
1940-04-01,0.1844,-0.1777,0.4556,0.5002,0.3879,0.4350,0.4756,0.3048,0.4350
1940-05-01,0.2082,-0.0631,0.4109,0.3928,0.3179,0.3650,0.4036,0.3490,0.3650
1940-06-01,0.2159,-0.0814,0.5012,0.4008,0.3279,0.2250,0.3966,0.1630,0.3279
1940-07-01,0.2140,-0.0975,0.4572,0.5053,0.3379,0.2550,0.4236,0.3515,0.3515
1940-08-01,0.2136,-0.1622,0.5281,0.4591,0.2779,0.2550,0.3856,0.3022,0.3022
1940-09-01,0.1844,-0.1881,0.5791,0.4860,0.3679,0.3450,0.4206,0.1712,0.3679
1940-10-01,0.1562,-0.0758,0.5628,0.4550,0.3279,0.3650,0.4366,0.0369,0.3650
1940-11-01,0.1295,-0.0827,0.5642,0.3552,0.3779,0.3550,0.3176,0.1335,0.3550
1940-12-01,0.1272,-0.2498,0.6366,0.5574,0.5279,0.4750,0.4826,0.3291,0.4826
1941-01-01,0.1485,-0.3002,0.4942,0.3138,0.3879,0.3150,0.1346,0.2775,0.3138
1941-02-01,0.1591,-0.1547,0.6301,0.4693,0.5179,0.4550,0.3216,0.4213,0.4550
1941-03-01,0.1901,-0.0679,0.6473,0.2343,0.3179,0.2850,0.2146,0.2392,0.2392
1941-04-01,0.2205,-0.0752,0.7244,0.3904,0.3779,0.4150,0.2516,0.1028,0.3779
1941-05-01,0.2585,-0.1144,0.6537,0.4154,0.3779,0.3550,0.2866,0.2580,0.3550
1941-06-01,0.2533,-0.1541,0.6203,0.4122,0.3379,0.3750,0.3536,0.3384,0.3536
1941-07-01,0.2406,-0.1253,0.5434,0.5137,0.4279,0.3950,0.4556,0.2583,0.4279
1941-08-01,0.2361,-0.0720,0.6351,0.3934,0.3579,0.3750,0.3196,0.3265,0.3579
1941-09-01,0.1917,-0.0709,0.4958,0.2106,0.2379,0.2650,0.1286,-0.0481,0.2106
1941-10-01,0.1577,-0.1865,0.5006,0.5678,0.5679,0.5050,0.4526,0.3419,0.5050
1941-11-01,0.1283,-0.1101,0.3984,0.3447,0.4379,0.3750,0.2806,0.1082,0.3447
1941-12-01,0.1247,-0.2074,0.4083,0.4350,0.4279,0.5050,0.3326,0.2377,0.4279
1942-01-01,0.1486,-0.1973,0.5091,0.6071,0.4979,0.4750,0.4706,0.3972,0.4750
1942-02-01,0.1391,-0.1420,0.4822,0.3729,0.2379,0.1450,0.1806,0.1678,0.1806
1942-03-01,0.2027,-0.1849,0.5272,0.3121,0.2679,0.2650,0.2246,0.2443,0.2650
1942-04-01,0.1976,-0.0945,0.4615,0.3484,0.3079,0.2450,0.1646,0.1061,0.2450
1942-05-01,0.2110,-0.0865,0.4874,0.4797,0.3279,0.2850,0.2786,0.2566,0.2850
1942-06-01,0.2124,-0.0129,0.4626,0.3846,0.2579,0.2750,0.2666,0.1515,0.2666
1942-07-01,0.2082,-0.0025,0.3912,0.2949,0.2179,0.1650,0.1716,0.0765,0.1716
1942-08-01,0.1781,-0.0665,0.4570,0.2962,0.1779,0.2150,0.1566,0.0530,0.1779
1942-09-01,0.1742,-0.0275,0.5011,0.3430,0.1879,0.2550,0.2306,0.0647,0.2306
1942-10-01,0.1641,-0.1501,0.4128,0.2648,0.2279,0.2050,0.2426,0.1286,0.2279
1942-11-01,0.1059,-0.1312,0.2725,0.3016,0.3079,0.2450,0.1946,0.0183,0.2450
1942-12-01,0.1003,-0.1976,0.3023,0.2769,0.3379,0.2550,0.2516,0.1094,0.2550
1943-01-01,0.1018,-0.2047,0.3138,0.1664,0.2079,0.1150,0.1556,0.1410,0.1556
1943-02-01,0.1064,-0.1693,0.3059,0.3303,0.3879,0.2450,0.2796,0.2804,0.2804
1943-03-01,0.1596,-0.1949,0.3860,0.1936,0.1779,0.1750,0.0986,0.0675,0.1750
1943-04-01,0.1979,-0.0690,0.3956,0.3797,0.3279,0.3350,0.2506,0.1374,0.3279
1943-05-01,0.2180,0.0324,0.3693,0.3902,0.2779,0.2250,0.2346,0.2355,0.2355
1943-06-01,0.2033,-0.1159,0.3786,0.2794,0.1679,0.0850,0.2266,0.0686,0.1679
1943-07-01,0.2089,-0.1167,0.4007,0.3781,0.2979,0.2650,0.2346,0.0592,0.2650
1943-08-01,0.1749,-0.1614,0.3785,0.3883,0.2179,0.2650,0.2876,0.0248,0.2650
1943-09-01,0.1843,-0.1967,0.4735,0.3427,0.2679,0.1950,0.2676,0.0962,0.2676
1943-10-01,0.1513,-0.2485,0.3782,0.5876,0.4479,0.4450,0.5346,0.2004,0.4479
1943-11-01,0.1113,-0.1102,0.3917,0.4610,0.4079,0.3650,0.3606,0.2164,0.3650
1943-12-01,0.0977,-0.2764,0.4616,0.4672,0.4479,0.4050,0.3576,0.3188,0.4050
1944-01-01,0.1253,-0.1574,0.4613,0.6818,0.5779,0.4850,0.4856,0.5688,0.5688
1944-02-01,0.1185,-0.1873,0.3804,0.4818,0.4579,0.4550,0.3916,0.4561,0.4561
1944-03-01,0.1919,-0.1801,0.4182,0.4732,0.4779,0.4450,0.4096,0.4943,0.4732
1944-04-01,0.2068,-0.1650,0.4446,0.4013,0.4079,0.3350,0.3036,0.2791,0.3350
1944-05-01,0.2304,-0.1904,0.5345,0.4758,0.3979,0.3650,0.3706,0.2670,0.3706
1944-06-01,0.2199,-0.1527,0.4979,0.4630,0.3679,0.3550,0.2626,0.3144,0.3550
1944-07-01,0.1928,-0.2014,0.5036,0.5053,0.3879,0.2950,0.3506,0.2690,0.3506
1944-08-01,0.1651,-0.2582,0.4237,0.5642,0.3979,0.3150,0.4256,0.3328,0.3979
1944-09-01,0.1711,-0.2251,0.4451,0.5220,0.4979,0.4450,0.4806,0.3936,0.4806
1944-10-01,0.1310,-0.1553,0.3285,0.5675,0.4779,0.4150,0.5026,0.3906,0.4779
1944-11-01,0.1397,-0.2586,0.4034,0.4475,0.3279,0.3050,0.2756,0.2008,0.3050
1944-12-01,0.0858,-0.3298,0.4130,0.4405,0.2579,0.4050,0.3606,0.1672,0.3606
1945-01-01,0.1443,-0.2654,0.5935,0.4504,0.3179,0.3450,0.3106,0.2143,0.3179
1945-02-01,0.1970,-0.1133,0.6512,0.4026,0.2279,0.2950,0.2426,0.0444,0.2426
1945-03-01,0.1981,-0.1957,0.4925,0.3923,0.2779,0.3150,0.2046,0.1434,0.2779
1945-04-01,0.2479,-0.1307,0.6253,0.5666,0.4179,0.4850,0.3386,0.2452,0.4179
1945-05-01,0.2614,-0.1775,0.6097,0.2961,0.2779,0.2750,0.2166,0.1318,0.2750
1945-06-01,0.2719,-0.0228,0.6376,0.3173,0.2279,0.3050,0.2646,0.2981,0.2981
1945-07-01,0.2421,-0.0505,0.5129,0.3600,0.2579,0.1850,0.2586,0.1535,0.2579
1945-08-01,0.2482,-0.0743,0.5163,0.5953,0.4779,0.4850,0.4616,0.4661,0.4779
1945-09-01,0.2131,-0.1885,0.5202,0.4615,0.4279,0.3050,0.3166,0.2803,0.3166
1945-10-01,0.1952,-0.0654,0.4769,0.4507,0.4079,0.3250,0.4836,0.2922,0.4079
1945-11-01,0.1458,-0.1849,0.4979,0.3544,0.2879,0.2650,0.2726,0.1360,0.2726
1945-12-01,0.1379,-0.2500,0.3634,0.1560,0.1479,0.1250,0.1036,0.0615,0.1250
1946-01-01,0.1544,-0.2954,0.4507,0.3980,0.3679,0.4250,0.2646,0.3381,0.3679
1946-02-01,0.1866,-0.1332,0.5679,0.2337,0.2479,0.1950,0.0736,0.2381,0.2337
1946-03-01,0.2084,-0.2394,0.5543,0.2266,0.2279,0.1450,0.1786,0.3009,0.2266
1946-04-01,0.2717,-0.1062,0.6599,0.3520,0.2779,0.2350,0.2396,0.2860,0.2779
1946-05-01,0.2566,0.0142,0.5340,0.2737,0.1479,0.1650,0.2236,0.3112,0.2236
1946-06-01,0.2523,-0.0407,0.5105,0.0875,0.0079,0.0550,0.0306,0.1929,0.0550
1946-07-01,0.2200,-0.0311,0.3978,0.2448,0.0979,0.1550,0.1736,0.2236,0.1736
1946-08-01,0.1701,-0.0290,0.3745,0.2000,0.0179,0.0550,0.1446,0.1315,0.1315
1946-09-01,0.1632,-0.0796,0.3671,0.2595,0.1379,0.2450,0.1896,0.1521,0.1896
1946-10-01,0.1225,-0.1580,0.2812,0.2863,0.1379,0.1550,0.2536,0.0723,0.1550
1946-11-01,0.0523,-0.3395,0.3035,0.2430,0.1679,0.1950,0.1766,0.1680,0.1766
1946-12-01,0.0568,-0.3324,0.2403,0.0106,-0.0921,0.0150,0.0056,0.0886,0.0106
1947-01-01,0.0817,-0.3624,0.3345,0.2007,0.1479,0.2050,0.1986,0.3253,0.2007
1947-02-01,0.0894,-0.2133,0.2916,0.2114,0.1379,0.1750,0.1896,0.2384,0.1896
1947-03-01,0.1457,-0.1742,0.3552,0.2777,0.2879,0.2150,0.3176,0.3740,0.2879
1947-04-01,0.1468,-0.1525,0.3842,0.2953,0.2779,0.2550,0.2426,0.3957,0.2779
1947-05-01,0.1956,-0.1202,0.4294,0.2806,0.1979,0.1750,0.1966,0.2958,0.1979
1947-06-01,0.2101,-0.1823,0.4870,0.2638,0.1979,0.1650,0.3086,0.3122,0.2638
1947-07-01,0.2149,-0.1221,0.4655,0.2863,0.1779,0.2050,0.2456,0.2591,0.2456
1947-08-01,0.1947,-0.2225,0.4153,0.2384,0.1479,0.0950,0.1366,0.1375,0.1375
1947-09-01,0.1531,-0.2338,0.4198,0.1903,0.0979,0.0950,0.1596,0.1142,0.1142
1947-10-01,0.1217,-0.2508,0.3939,0.3891,0.2879,0.2050,0.3356,0.2704,0.2879
1947-11-01,0.0928,-0.3783,0.2989,0.3817,0.2379,0.2050,0.2746,0.2017,0.2379
1947-12-01,0.1120,-0.3016,0.4357,0.1211,0.0879,0.0850,0.1136,0.1134,0.1134
1948-01-01,0.1005,-0.4628,0.4692,0.3347,0.2779,0.2050,0.2436,0.3082,0.2779
1948-02-01,0.1526,-0.4631,0.5233,0.1171,0.0679,0.1050,0.0746,0.1154,0.1050
1948-03-01,0.2067,-0.3356,0.5889,0.0665,-0.0221,0.0450,0.0126,0.0606,0.0450
1948-04-01,0.2253,-0.3031,0.5640,0.2377,0.0979,0.1350,0.0856,0.1675,0.1350
1948-05-01,0.2603,-0.2005,0.4947,0.4090,0.2079,0.3150,0.3786,0.3196,0.3196
1948-06-01,0.2763,-0.0336,0.7128,0.3431,0.1679,0.1150,0.2776,0.2290,0.2290
1948-07-01,0.2472,-0.2104,0.6097,0.2224,0.1079,0.1750,0.1796,0.2065,0.1796
1948-08-01,0.2264,-0.1783,0.6831,0.3081,0.0979,0.1950,0.2486,0.2308,0.2308
1948-09-01,0.2206,-0.2372,0.5856,0.2175,0.0779,0.0950,0.1456,0.0900,0.0950
1948-10-01,0.1849,-0.1808,0.6410,0.2965,0.1679,0.1950,0.2586,0.2664,0.2586
1948-11-01,0.1517,-0.2755,0.4375,0.1787,0.0979,0.1450,0.0926,0.2724,0.1450
1948-12-01,0.1266,-0.2784,0.3942,0.0071,-0.0121,-0.0650,-0.0164,0.0324,-0.0121
1949-01-01,0.1517,-0.3250,0.5187,0.3288,0.2779,0.2750,0.2826,0.4162,0.2826
1949-02-01,0.1497,-0.2569,0.6068,0.1095,0.0779,0.0850,0.0016,0.2156,0.0850
1949-03-01,0.1936,-0.2053,0.5429,0.2369,0.1979,0.1850,0.1086,0.2537,0.1979
1949-04-01,0.2322,-0.1004,0.5660,0.2007,0.1079,0.1350,0.0976,0.1765,0.1350
1949-05-01,0.2467,-0.0703,0.6773,0.2386,0.1179,0.1850,0.1646,0.2565,0.1850
1949-06-01,0.2312,-0.0931,0.5462,0.1146,-0.0521,0.0450,0.1236,0.1475,0.1146
1949-07-01,0.1953,-0.1401,0.5520,0.1668,0.0879,0.1050,0.1206,0.2438,0.1206
1949-08-01,0.1769,-0.1511,0.4221,0.2712,0.0879,0.1450,0.1656,0.1353,0.1450
1949-09-01,0.1769,-0.2092,0.4079,0.2204,0.0779,0.0450,0.1066,0.1727,0.1066
1949-10-01,0.1517,-0.1766,0.4901,0.2568,0.1579,0.1350,0.1916,0.1825,0.1825
1949-11-01,0.1023,-0.2314,0.4544,0.1630,0.1179,0.1050,0.1166,0.2388,0.1179
1949-12-01,0.1333,-0.1893,0.4556,0.1344,0.0379,0.1350,0.1656,0.2583,0.1350
1950-01-01,0.1533,-0.1249,0.5315,0.0453,-0.0521,0.0050,-0.0904,0.0481,0.0050
1950-02-01,0.1621,-0.2198,0.5792,-0.0244,-0.0521,-0.0550,-0.1404,0.0278,-0.0521
1950-03-01,0.2550,0.0017,0.6515,0.1272,0.1379,0.1550,0.0596,0.1790,0.1379
1950-04-01,0.2410,-0.0745,0.6586,0.1038,0.0079,0.0050,0.0256,0.0729,0.0256
1950-05-01,0.2411,-0.0492,0.5255,0.2014,0.1079,0.1650,0.1986,0.1635,0.1650
1950-06-01,0.2523,-0.1069,0.6999,0.2411,0.1679,0.1150,0.1936,0.1911,0.1911
1950-07-01,0.2657,-0.0762,0.7072,0.2360,0.1279,0.1250,0.2116,0.0886,0.1279
1950-08-01,0.2446,-0.0149,0.5691,0.1898,0.0579,0.0650,0.1476,-0.0152,0.0650
1950-09-01,0.2359,-0.0355,0.5200,0.0998,0.1079,0.1050,0.0686,0.1411,0.1050
1950-10-01,0.1941,-0.1601,0.4793,0.1430,0.0179,0.0050,0.1526,0.2035,0.1430
1950-11-01,0.2188,-0.0903,0.4261,-0.0380,-0.1221,-0.1050,-0.0764,-0.0082,-0.0764
1950-12-01,0.1868,-0.1241,0.4562,0.0875,-0.0021,-0.0050,0.0526,0.2668,0.0526
1951-01-01,0.2202,-0.0610,0.5284,-0.0157,-0.1221,-0.1350,-0.1254,0.0404,-0.1221
1951-02-01,0.2365,-0.0492,0.5533,-0.1637,-0.1921,-0.1950,-0.1984,-0.0814,-0.1921
1951-03-01,0.2862,-0.0698,0.5142,0.0815,0.0179,0.0550,0.0386,0.1077,0.0550
1951-04-01,0.2906,0.0463,0.5108,0.2369,0.0779,0.0650,0.1406,0.1908,0.1406
1951-05-01,0.3190,0.0665,0.5271,0.3769,0.2179,0.2150,0.3076,0.4532,0.3076
1951-06-01,0.2765,-0.0469,0.5872,0.4070,0.1479,0.2150,0.3796,0.3311,0.3311
1951-07-01,0.2810,-0.0125,0.4912,0.3842,0.2079,0.1950,0.2806,0.1340,0.2079
1951-08-01,0.2496,-0.0374,0.5539,0.4681,0.2779,0.3150,0.3886,0.3132,0.3150
1951-09-01,0.1989,-0.1442,0.3957,0.4786,0.2679,0.3150,0.3716,0.3132,0.3150
1951-10-01,0.1831,-0.1873,0.4129,0.4734,0.2979,0.3350,0.4996,0.3682,0.3682
1951-11-01,0.1462,-0.2972,0.4916,0.2751,0.2079,0.1750,0.2456,0.3129,0.2456
1951-12-01,0.1392,-0.2131,0.5007,0.4235,0.3779,0.3650,0.4246,0.4646,0.4235
1952-01-01,0.1720,-0.1821,0.4929,0.4463,0.3279,0.3150,0.4066,0.4488,0.4066
1952-02-01,0.1804,-0.0908,0.4470,0.4194,0.3279,0.3150,0.3366,0.3641,0.3366
1952-03-01,0.1923,-0.0825,0.3953,0.1898,0.1379,0.1450,0.1796,0.2100,0.1796
1952-04-01,0.2417,-0.0422,0.5295,0.3959,0.2479,0.2750,0.3286,0.2036,0.2750
1952-05-01,0.2600,0.0007,0.5388,0.3742,0.1879,0.1950,0.3456,0.3009,0.3009
1952-06-01,0.2767,-0.0367,0.6381,0.3726,0.1879,0.1850,0.3406,0.2872,0.2872
1952-07-01,0.2421,-0.0187,0.5584,0.4414,0.2579,0.2150,0.3726,0.2603,0.2603
1952-08-01,0.2313,-0.0417,0.6310,0.4515,0.2679,0.2250,0.3706,0.1145,0.2679
1952-09-01,0.2143,-0.1702,0.5859,0.4476,0.2879,0.2450,0.3876,0.1934,0.2879
1952-10-01,0.1898,-0.0805,0.5682,0.3357,0.2179,0.2050,0.3436,0.1582,0.2179
1952-11-01,0.1220,-0.1406,0.4541,0.2275,0.0879,0.1150,0.1556,-0.0186,0.1150
1952-12-01,0.1266,-0.1038,0.3810,0.3161,0.1979,0.2050,0.2786,0.2270,0.2270
1953-01-01,0.2227,-0.0670,0.5484,0.3479,0.2879,0.2850,0.3036,0.3064,0.3036
1953-02-01,0.2186,-0.0473,0.5456,0.4501,0.3679,0.3750,0.4216,0.3569,0.3750
1953-03-01,0.2186,-0.0020,0.4298,0.3675,0.3279,0.3350,0.3186,0.3006,0.3279
1953-04-01,0.2740,0.0065,0.5727,0.5819,0.4079,0.4050,0.5156,0.4073,0.4079
1953-05-01,0.2829,-0.0199,0.5412,0.5059,0.3279,0.3450,0.5126,0.4755,0.4755
1953-06-01,0.2789,0.0653,0.5178,0.4980,0.3379,0.3050,0.4676,0.3069,0.3379
1953-07-01,0.2513,0.0337,0.5083,0.4002,0.2279,0.1850,0.3576,0.2999,0.2999
1953-08-01,0.2468,0.0161,0.4631,0.4451,0.2679,0.1950,0.3716,0.2716,0.2716
1953-09-01,0.2475,-0.0719,0.5069,0.4444,0.2579,0.1850,0.3486,0.1739,0.2579
1953-10-01,0.2220,-0.1310,0.5574,0.4415,0.2979,0.2650,0.3926,0.2523,0.2979
1953-11-01,0.1873,-0.1797,0.4814,0.3509,0.1879,0.1850,0.2476,0.1991,0.1991
1953-12-01,0.2044,-0.1829,0.5494,0.3786,0.2679,0.2650,0.3796,0.3335,0.3335
1954-01-01,0.2276,-0.1196,0.7436,0.1135,-0.0221,0.0450,0.0516,0.0833,0.0516
1954-02-01,0.2564,-0.1276,0.7272,0.2669,0.1179,0.1750,0.1776,0.1690,0.1750
1954-03-01,0.2439,-0.1999,0.6104,0.1747,0.0679,0.0950,0.1536,0.2051,0.1536
1954-04-01,0.2414,-0.0671,0.5530,0.2411,0.0779,0.0250,0.1086,0.1367,0.1086
1954-05-01,0.2780,-0.0896,0.6395,0.1864,0.0179,0.0250,0.1276,0.2210,0.1276
1954-06-01,0.3168,-0.0157,0.6435,0.2255,0.0379,0.0950,0.2436,0.1017,0.1017
1954-07-01,0.3162,0.0124,0.7191,0.1599,0.0279,0.0650,0.1776,0.0698,0.0698
1954-08-01,0.3014,-0.0477,0.6701,0.2556,0.0479,0.0950,0.1586,-0.0009,0.0950
1954-09-01,0.2597,-0.0105,0.6088,0.2428,0.1179,0.0750,0.1326,-0.0692,0.1179
1954-10-01,0.2081,-0.1104,0.5360,0.3449,0.1979,0.1750,0.3186,0.0785,0.1979
1954-11-01,0.1851,-0.2092,0.5309,0.4744,0.2979,0.2550,0.3416,0.2095,0.2979
1954-12-01,0.1659,-0.1119,0.4997,0.1923,0.0379,0.0950,0.1616,0.1163,0.1163
1955-01-01,0.2135,-0.0183,0.6222,0.4648,0.3479,0.3550,0.3816,0.3778,0.3778
1955-02-01,0.2594,0.0158,0.6401,0.1642,0.0579,0.0050,0.0356,0.0481,0.0481
1955-03-01,0.2747,0.0243,0.7504,-0.0413,-0.1021,-0.0750,-0.1004,-0.0719,-0.0750
1955-04-01,0.2903,0.0255,0.7052,0.1266,-0.0021,-0.0050,0.0176,0.0651,0.0176
1955-05-01,0.3166,0.0873,0.7450,0.1192,0.0179,0.0050,0.0266,0.1456,0.0266
1955-06-01,0.3055,0.0538,0.7898,0.1782,0.0879,0.0550,0.1206,0.1115,0.1115
1955-07-01,0.3031,0.0329,0.7164,0.1478,0.1079,0.0350,0.0846,0.0386,0.0846
1955-08-01,0.2954,0.0888,0.6840,0.2678,0.2379,0.2250,0.3956,0.2015,0.2379
1955-09-01,0.2707,0.0572,0.5741,0.2135,0.1079,0.0650,0.1526,0.1226,0.1226
1955-10-01,0.2326,-0.0222,0.5352,0.2415,0.1679,0.1050,0.2056,0.1123,0.1679
1955-11-01,0.2236,0.0023,0.4190,0.0322,-0.0321,-0.0850,-0.0224,-0.0274,-0.0274
1955-12-01,0.2144,-0.0816,0.4031,-0.0104,-0.0621,-0.1150,-0.0354,-0.0172,-0.0354
1956-01-01,0.2576,-0.0157,0.5641,0.1186,0.0879,0.0750,0.1206,0.2022,0.1186
1956-02-01,0.2462,-0.0819,0.5508,0.0696,-0.0221,0.0250,0.0106,0.0736,0.0250
1956-03-01,0.3197,-0.0052,0.5596,-0.0047,0.0079,0.0250,-0.0534,0.1099,0.0079
1956-04-01,0.3627,0.0204,0.8059,0.0486,-0.0621,-0.0550,-0.0284,0.0300,-0.0284
1956-05-01,0.3567,0.0934,0.7470,0.0216,-0.0721,-0.0750,-0.0204,0.0285,-0.0204
1956-06-01,0.3794,0.1292,0.7383,0.1283,0.0679,0.0250,0.0476,0.0316,0.0476
1956-07-01,0.3361,0.0741,0.7028,0.1472,0.1279,0.0550,0.1306,0.0212,0.1279
1956-08-01,0.3173,0.0842,0.6335,0.0665,-0.0321,-0.0750,-0.0414,-0.0823,-0.0414
1956-09-01,0.3125,0.0415,0.5759,0.0832,0.0279,-0.0250,-0.0014,-0.1157,-0.0014
1956-10-01,0.2572,0.0196,0.5055,0.0930,-0.0121,-0.0650,0.0356,-0.1364,-0.0121
1956-11-01,0.2020,-0.0682,0.4105,0.1376,0.0679,0.0450,0.0586,0.0392,0.0586
1956-12-01,0.1990,-0.1373,0.3895,0.1993,0.1579,0.1550,0.2226,0.1819,0.1819
1957-01-01,0.2203,0.0142,0.4858,0.1387,0.1279,0.1350,0.0906,0.1711,0.1350
1957-02-01,0.2479,0.0992,0.4643,0.1982,0.1879,0.1250,0.1346,0.1681,0.1681
1957-03-01,0.2451,-0.0532,0.4456,0.1588,0.1679,0.1050,0.1066,0.1490,0.1490
1957-04-01,0.3093,0.0536,0.4684,0.3169,0.2179,0.2250,0.2326,0.2496,0.2326
1957-05-01,0.3115,-0.0548,0.5462,0.3910,0.3079,0.2650,0.3596,0.3226,0.3226
1957-06-01,0.3116,0.0133,0.5660,0.4223,0.3679,0.3050,0.4106,0.3597,0.3679
1957-07-01,0.2975,-0.0598,0.5595,0.2957,0.2379,0.2350,0.2406,0.2246,0.2379
1957-08-01,0.2781,-0.0771,0.5406,0.4298,0.3679,0.3150,0.3596,0.2739,0.3596
1957-09-01,0.2588,-0.1431,0.5463,0.3979,0.3079,0.2850,0.2846,0.2721,0.2850
1957-10-01,0.2080,-0.1203,0.4444,0.3572,0.2279,0.2650,0.3476,0.3287,0.3287
1957-11-01,0.1874,-0.1609,0.4354,0.3531,0.2979,0.2350,0.3166,0.3825,0.3166
1957-12-01,0.1898,-0.2425,0.5344,0.4097,0.3679,0.3150,0.3666,0.4698,0.3679
1958-01-01,0.2362,-0.1585,0.6450,0.6152,0.6079,0.5350,0.5446,0.6632,0.6079
1958-02-01,0.2414,-0.2023,0.6167,0.4487,0.4379,0.3750,0.3896,0.4956,0.4379
1958-03-01,0.2396,-0.0632,0.5203,0.3634,0.2979,0.3250,0.3186,0.4183,0.3250
1958-04-01,0.2470,-0.0690,0.5512,0.2894,0.2279,0.2450,0.2356,0.3704,0.2450
1958-05-01,0.2792,-0.0849,0.5516,0.3739,0.2779,0.2650,0.2746,0.4385,0.2779
1958-06-01,0.3014,-0.0931,0.5532,0.2038,0.1279,0.1850,0.1926,0.2907,0.1926
1958-07-01,0.2871,-0.1583,0.6067,0.3390,0.2679,0.2650,0.2696,0.3160,0.2696
1958-08-01,0.2868,-0.0944,0.5871,0.2756,0.1679,0.1850,0.2166,0.2238,0.2166
1958-09-01,0.3026,0.0263,0.6261,0.2457,0.1879,0.1350,0.1586,0.1503,0.1586
1958-10-01,0.2480,-0.1228,0.5414,0.3405,0.2579,0.2050,0.2976,0.2265,0.2579
1958-11-01,0.2136,-0.1038,0.4993,0.3200,0.2379,0.1750,0.2676,0.2604,0.2604
1958-12-01,0.2347,-0.1533,0.5336,0.2754,0.2279,0.2850,0.3046,0.3204,0.2850
1959-01-01,0.2681,-0.0941,0.5868,0.3726,0.2979,0.2950,0.2946,0.4497,0.2979
1959-02-01,0.2951,-0.0053,0.6391,0.3500,0.2879,0.2850,0.2276,0.4016,0.2879
1959-03-01,0.2905,-0.0576,0.5903,0.3755,0.3979,0.3950,0.3346,0.5203,0.3950
1959-04-01,0.2857,-0.0096,0.5108,0.3859,0.3779,0.3350,0.3776,0.4421,0.3779
1959-05-01,0.3237,0.0066,0.5795,0.3185,0.2579,0.2750,0.2856,0.3349,0.2856
1959-06-01,0.3326,-0.0698,0.6808,0.3565,0.2479,0.2650,0.3156,0.3149,0.3149
1959-07-01,0.3404,-0.0067,0.6195,0.3174,0.2479,0.2250,0.3046,0.2724,0.2724
1959-08-01,0.3157,-0.0506,0.7680,0.3190,0.2079,0.2250,0.2406,0.2076,0.2250
1959-09-01,0.2971,-0.0754,0.6773,0.2175,0.1579,0.1950,0.1746,0.1015,0.1746
1959-10-01,0.3073,-0.0117,0.6472,0.2870,0.1479,0.1850,0.2626,0.2121,0.2121
1959-11-01,0.2698,-0.0239,0.6572,0.1744,0.1379,0.1450,0.1036,0.1573,0.1450
1959-12-01,0.2003,-0.1811,0.5530,0.2557,0.2179,0.2350,0.2546,0.3382,0.2546
1960-01-01,0.2172,-0.1226,0.5247,0.2446,0.2179,0.1950,0.1986,0.3895,0.2179
1960-02-01,0.2456,-0.0624,0.5586,0.3812,0.3479,0.3350,0.3246,0.4699,0.3479
1960-03-01,0.3006,-0.0045,0.5787,-0.0866,-0.1321,-0.0550,-0.1174,0.0415,-0.0866
1960-04-01,0.3432,0.0292,0.7010,0.0963,0.0679,0.0650,0.0456,0.1652,0.0679
1960-05-01,0.3343,0.0232,0.5874,0.1809,0.1379,0.0850,0.1536,0.2466,0.1536
1960-06-01,0.3499,-0.0317,0.6580,0.2337,0.1779,0.1450,0.2266,0.2626,0.2266
1960-07-01,0.3219,-0.0215,0.5878,0.2466,0.1779,0.1950,0.2186,0.2242,0.2186
1960-08-01,0.3009,-0.0931,0.6197,0.3560,0.2379,0.1850,0.2876,0.2695,0.2695
1960-09-01,0.2809,-0.1762,0.5966,0.3622,0.2879,0.2250,0.2696,0.1822,0.2696
1960-10-01,0.2643,-0.2327,0.6273,0.3283,0.2779,0.2050,0.2886,0.2810,0.2810
1960-11-01,0.2249,-0.2396,0.5069,0.1438,0.1079,0.0550,0.0796,0.1751,0.1079
1960-12-01,0.1710,-0.2299,0.4717,0.4409,0.4079,0.3850,0.4216,0.4946,0.4216
1961-01-01,0.2109,-0.0945,0.6111,0.3110,0.2879,0.2750,0.2836,0.4401,0.2879
1961-02-01,0.2780,-0.1407,0.6011,0.4541,0.4079,0.3450,0.3686,0.4787,0.4079
1961-03-01,0.2663,-0.1186,0.5633,0.3022,0.3079,0.2850,0.2386,0.3895,0.3022
1961-04-01,0.2851,-0.0909,0.6911,0.4238,0.3479,0.3250,0.3706,0.3922,0.3706
1961-05-01,0.3016,-0.0865,0.6263,0.4310,0.3379,0.3250,0.3836,0.4367,0.3836
1961-06-01,0.3167,0.0101,0.5706,0.4493,0.3379,0.3150,0.4066,0.3684,0.3684
1961-07-01,0.3150,-0.1200,0.7216,0.3247,0.2279,0.2350,0.2696,0.3092,0.2696
1961-08-01,0.2915,-0.1284,0.6049,0.3489,0.2279,0.2250,0.2856,0.2524,0.2524
1961-09-01,0.2668,-0.1353,0.5894,0.3324,0.2979,0.2250,0.2506,0.2898,0.2898
1961-10-01,0.2010,-0.2061,0.4708,0.2975,0.2179,0.1850,0.2726,0.2709,0.2709
1961-11-01,0.1777,-0.2017,0.4452,0.3308,0.2479,0.2250,0.2616,0.2821,0.2616
1961-12-01,0.1800,-0.2048,0.4770,0.1098,0.0579,0.0650,0.1116,0.2087,0.1098
1962-01-01,0.2230,-0.0990,0.6056,0.3058,0.2679,0.2450,0.2686,0.3668,0.2686
1962-02-01,0.2399,-0.1691,0.5453,0.3768,0.3679,0.3450,0.3396,0.4382,0.3679
1962-03-01,0.2385,-0.1214,0.5722,0.3817,0.3179,0.3350,0.3346,0.3945,0.3350
1962-04-01,0.2690,-0.0606,0.5962,0.3403,0.2679,0.2550,0.2596,0.3190,0.2679
1962-05-01,0.2779,-0.0664,0.6043,0.1827,0.1579,0.1150,0.0956,0.2368,0.1579
1962-06-01,0.2707,-0.0214,0.5473,0.3062,0.2479,0.1750,0.2066,0.1767,0.2066
1962-07-01,0.2699,-0.0303,0.5035,0.2516,0.2379,0.1750,0.1986,0.2599,0.2379
1962-08-01,0.2403,-0.1303,0.5635,0.2512,0.2079,0.1450,0.1996,0.2003,0.2003
1962-09-01,0.2350,-0.0883,0.4774,0.2876,0.2179,0.1450,0.1936,0.1596,0.1936
1962-10-01,0.2029,-0.1688,0.5338,0.3217,0.2279,0.2050,0.2436,0.2426,0.2426
1962-11-01,0.1538,-0.1546,0.4749,0.3417,0.2779,0.2950,0.2576,0.2896,0.2896
1962-12-01,0.1339,-0.2561,0.5350,0.2351,0.1879,0.1950,0.2266,0.3081,0.2266
1963-01-01,0.1760,-0.2494,0.5684,0.2435,0.1879,0.1650,0.1916,0.3077,0.1916
1963-02-01,0.2160,-0.1273,0.6496,0.4019,0.3979,0.3550,0.3366,0.4301,0.3979
1963-03-01,0.2288,-0.1361,0.6200,0.0205,0.0779,0.0650,-0.0314,0.1050,0.0650
1963-04-01,0.2798,-0.0885,0.6442,0.1827,0.1479,0.1450,0.1276,0.1754,0.1479
1963-05-01,0.2909,-0.0484,0.7000,0.2151,0.1579,0.1650,0.1466,0.2446,0.1650
1963-06-01,0.2984,-0.0228,0.6559,0.2948,0.2679,0.1850,0.2406,0.3121,0.2679
1963-07-01,0.2871,-0.0101,0.6491,0.4228,0.2779,0.2350,0.3736,0.3737,0.3736
1963-08-01,0.2635,-0.0083,0.5622,0.5091,0.4379,0.3350,0.5206,0.4485,0.4485
1963-09-01,0.2325,-0.1144,0.5217,0.4848,0.3879,0.3350,0.4126,0.3586,0.3879
1963-10-01,0.2011,-0.1337,0.5312,0.4271,0.3579,0.3150,0.4196,0.3459,0.3579
1963-11-01,0.1634,-0.1886,0.4883,0.4083,0.3679,0.2750,0.3796,0.3829,0.3796
1963-12-01,0.1259,-0.2014,0.4790,0.3008,0.1879,0.2350,0.2996,0.3516,0.2996
1964-01-01,0.1763,-0.1953,0.4996,0.1707,0.1279,0.1150,0.1356,0.3211,0.1356
1964-02-01,0.2178,-0.1316,0.5491,0.1377,0.1179,0.0950,0.0846,0.2775,0.1179
1964-03-01,0.2107,-0.1148,0.6284,-0.0221,0.0079,-0.0250,-0.0954,0.1092,-0.0221
1964-04-01,0.2484,-0.1215,0.5677,-0.0804,-0.1021,-0.0850,-0.1144,0.0382,-0.0850
1964-05-01,0.2689,-0.0707,0.6160,-0.0127,-0.0321,-0.0250,-0.0464,0.1575,-0.0250
1964-06-01,0.2699,-0.0230,0.5218,0.1916,0.1779,0.1250,0.2046,0.1881,0.1881
1964-07-01,0.2682,-0.0286,0.6184,0.1602,0.1779,0.0850,0.1826,0.2980,0.1779
1964-08-01,0.2467,-0.0494,0.7053,0.0613,-0.0021,0.0050,0.0536,0.1067,0.0536
1964-09-01,0.1822,-0.0896,0.5640,-0.0428,-0.0721,-0.1050,-0.0754,-0.0905,-0.0754
1964-10-01,0.1552,-0.1713,0.4916,0.0485,-0.0921,-0.0850,-0.0214,-0.1515,-0.0850
1964-11-01,0.1297,-0.1785,0.4726,0.0627,0.0079,-0.0750,-0.0204,0.0147,0.0079
1964-12-01,0.1584,-0.1861,0.5097,-0.0118,-0.0821,-0.0750,-0.0584,0.0145,-0.0584
1965-01-01,0.1701,-0.1128,0.4739,0.1981,0.1379,0.0950,0.1486,0.2197,0.1486
1965-02-01,0.2100,-0.1516,0.5981,0.0949,0.0479,0.0150,0.0506,0.1224,0.0506
1965-03-01,0.2404,-0.1209,0.6445,0.1007,0.0879,0.0450,0.0416,0.1707,0.0879
1965-04-01,0.2761,-0.0545,0.7009,0.0595,0.0279,0.0050,0.0136,0.1065,0.0279
1965-05-01,0.2800,0.0078,0.6224,0.1694,0.0979,0.0850,0.1326,0.2346,0.1326
1965-06-01,0.2554,-0.0230,0.5954,0.1525,0.1379,0.0850,0.1316,0.1579,0.1379
1965-07-01,0.2268,-0.0154,0.5329,0.0924,0.0879,0.0650,0.1196,0.1683,0.0924
1965-08-01,0.1800,-0.0842,0.4968,0.1982,0.1779,0.1250,0.1726,0.1290,0.1726
1965-09-01,0.1608,-0.0837,0.4401,0.1131,0.0679,0.0850,0.0666,0.0835,0.0835
1965-10-01,0.1353,-0.1088,0.4486,0.2536,0.1679,0.1850,0.2586,0.1700,0.1850
1965-11-01,0.1165,-0.1030,0.4535,0.2147,0.1579,0.1850,0.1756,0.2032,0.1850
1965-12-01,0.1083,-0.1665,0.3598,0.2136,0.1379,0.1550,0.2076,0.2700,0.2076
1966-01-01,0.1112,-0.1805,0.4483,0.0765,0.0279,0.0250,0.0646,0.2189,0.0646
1966-02-01,0.1584,-0.2767,0.4485,0.1952,0.1779,0.1450,0.1616,0.2944,0.1779
1966-03-01,0.2122,-0.1013,0.4764,0.1876,0.2579,0.1550,0.1606,0.3255,0.1876
1966-04-01,0.2144,-0.1370,0.5119,0.1883,0.0879,0.1050,0.1726,0.2132,0.1726
1966-05-01,0.2252,-0.0591,0.4766,0.1426,0.0979,0.1150,0.1246,0.2439,0.1246
1966-06-01,0.2458,-0.0263,0.5023,0.2561,0.2279,0.2050,0.2736,0.3201,0.2561
1966-07-01,0.2441,-0.0556,0.5049,0.3628,0.2979,0.2850,0.3426,0.3927,0.3426
1966-08-01,0.2143,-0.1100,0.5095,0.2609,0.1279,0.1550,0.2146,0.2218,0.2146
1966-09-01,0.1929,-0.1063,0.5828,0.2751,0.1879,0.1750,0.2266,0.2049,0.2049
1966-10-01,0.1921,-0.1180,0.5508,0.1260,0.0479,0.0250,0.1056,0.0695,0.0695
1966-11-01,0.1705,-0.0702,0.4675,0.2532,0.2079,0.1450,0.1906,0.1969,0.1969
1966-12-01,0.1743,-0.1201,0.4690,0.2197,0.1979,0.1450,0.2106,0.2722,0.2106
1967-01-01,0.2370,-0.1180,0.5217,0.1400,0.1479,0.0550,0.1206,0.2238,0.1400
1967-02-01,0.2455,-0.1051,0.7548,0.0322,0.0079,-0.0250,-0.0294,0.0587,0.0079
1967-03-01,0.2599,-0.0919,0.7884,0.2633,0.2679,0.2350,0.1956,0.3141,0.2633
1967-04-01,0.2854,-0.0037,0.6936,0.2258,0.1679,0.1650,0.1876,0.2539,0.1876
1967-05-01,0.3058,0.0207,0.7405,0.4188,0.3379,0.3650,0.3916,0.4454,0.3916
1967-06-01,0.2919,0.0187,0.7313,0.2493,0.1379,0.1450,0.2036,0.2374,0.2036
1967-07-01,0.3110,0.0203,0.7224,0.2906,0.2379,0.1650,0.2606,0.2735,0.2606
1967-08-01,0.3048,-0.0899,0.7449,0.2598,0.2279,0.1650,0.2366,0.2303,0.2303
1967-09-01,0.2810,-0.0682,0.7625,0.2353,0.1579,0.1850,0.1926,0.2240,0.1926
1967-10-01,0.2472,-0.0363,0.7358,0.3401,0.3079,0.2850,0.2866,0.3306,0.3079
1967-11-01,0.1945,-0.0828,0.5958,0.2386,0.1679,0.1350,0.1266,0.2245,0.1679
1967-12-01,0.2303,-0.1311,0.6144,0.2061,0.1679,0.1850,0.1786,0.3145,0.1850
1968-01-01,0.2510,-0.1225,0.7405,0.0392,-0.0421,-0.0050,-0.0154,0.1168,-0.0050
1968-02-01,0.2658,-0.1353,0.8398,0.0959,0.0779,0.0350,0.0316,0.1717,0.0779
1968-03-01,0.2747,-0.1536,0.6883,0.3587,0.4179,0.3450,0.3066,0.4205,0.3587
1968-04-01,0.2986,-0.0752,0.6353,0.1807,0.1579,0.1350,0.1276,0.2224,0.1579
1968-05-01,0.3521,0.0435,0.7463,0.1356,0.0779,0.1050,0.0866,0.2202,0.1050
1968-06-01,0.3178,-0.0394,0.6182,0.2090,0.1279,0.1750,0.2056,0.1460,0.1750
1968-07-01,0.3306,0.0598,0.6037,0.1654,0.0879,0.1050,0.0896,0.2077,0.1050
1968-08-01,0.3094,0.0586,0.6534,0.2331,0.1379,0.1750,0.1646,0.1485,0.1646
1968-09-01,0.3078,0.0228,0.6725,0.1362,0.0279,0.0850,0.0846,0.0634,0.0846
1968-10-01,0.2597,-0.0582,0.6346,0.3697,0.3079,0.2350,0.3176,0.2875,0.3079
1968-11-01,0.2410,-0.1552,0.6235,0.2268,0.1679,0.0650,0.1406,0.1795,0.1679
1968-12-01,0.2530,-0.1151,0.6424,0.1705,0.0779,0.0750,0.1346,0.1900,0.1346
1969-01-01,0.2324,-0.1048,0.6435,0.1991,0.1079,0.0950,0.1306,0.2562,0.1306
1969-02-01,0.2850,-0.1057,0.6697,0.1644,0.0379,0.1050,0.0786,0.1961,0.1050
1969-03-01,0.2927,-0.0770,0.6445,0.2279,0.2279,0.2250,0.1636,0.3294,0.2279
1969-04-01,0.3398,0.0394,0.7055,0.4086,0.3879,0.3450,0.3476,0.4484,0.3879
1969-05-01,0.3414,0.0206,0.7558,0.4241,0.3979,0.3850,0.4056,0.4988,0.4056
1969-06-01,0.3244,-0.0246,0.7469,0.3669,0.2479,0.2750,0.3316,0.3538,0.3316
1969-07-01,0.3260,0.0713,0.7237,0.2530,0.1779,0.1850,0.2086,0.2750,0.2086
1969-08-01,0.2983,0.0654,0.5852,0.2897,0.2579,0.2250,0.2526,0.1430,0.2526
1969-09-01,0.2548,-0.0250,0.5416,0.3487,0.2979,0.2750,0.2886,0.2278,0.2886
1969-10-01,0.2246,-0.0840,0.5752,0.3611,0.3079,0.3050,0.3446,0.2402,0.3079
1969-11-01,0.2024,-0.1673,0.5989,0.3831,0.3379,0.3250,0.3186,0.4122,0.3379
1969-12-01,0.2184,-0.1141,0.6555,0.5283,0.4579,0.4650,0.4806,0.5775,0.4806
1970-01-01,0.2617,-0.1200,0.5984,0.3722,0.2979,0.3350,0.3316,0.4591,0.3350
1970-02-01,0.2511,-0.0944,0.5918,0.4216,0.4379,0.3650,0.3496,0.4901,0.4216
1970-03-01,0.2900,-0.0181,0.7182,0.2686,0.2779,0.2650,0.2176,0.3579,0.2686
1970-04-01,0.3216,0.0044,0.7493,0.2796,0.2679,0.2750,0.2766,0.4287,0.2766
1970-05-01,0.3337,-0.0324,0.7141,0.2168,0.1879,0.1950,0.2106,0.3186,0.2106
1970-06-01,0.3308,0.0431,0.7488,0.2210,0.1979,0.1750,0.2156,0.3285,0.2156
1970-07-01,0.3178,0.0047,0.6175,0.2478,0.2379,0.2150,0.2476,0.2850,0.2476
1970-08-01,0.3145,-0.0055,0.7362,0.1603,0.1179,0.1050,0.1136,0.1175,0.1175
1970-09-01,0.2989,-0.0037,0.6840,0.3283,0.3379,0.2350,0.2966,0.1928,0.2966
1970-10-01,0.2655,-0.0590,0.6339,0.2983,0.2479,0.1350,0.2626,0.2097,0.2479
1970-11-01,0.2173,-0.0717,0.4685,0.2987,0.2379,0.1950,0.1676,0.2371,0.2371
1970-12-01,0.2152,-0.0489,0.5433,0.1670,0.0979,0.0550,0.1076,0.2309,0.1076
1971-01-01,0.2462,-0.1120,0.6590,0.2161,0.1979,0.1050,0.1556,0.2951,0.1979
1971-02-01,0.2591,-0.0955,0.6663,0.0854,0.0679,0.0150,0.0026,0.1171,0.0679
1971-03-01,0.2622,-0.1127,0.5963,0.0205,0.0379,0.0550,-0.0204,0.1415,0.0379
1971-04-01,0.3059,-0.0156,0.5726,0.1256,0.1479,0.0950,0.1196,0.2005,0.1256
1971-05-01,0.3030,-0.1110,0.6334,0.1615,0.1679,0.1350,0.1756,0.1733,0.1679
1971-06-01,0.3257,0.0771,0.5879,0.0994,0.0579,0.0450,0.1186,0.1088,0.0994
1971-07-01,0.3127,0.1390,0.5887,0.1751,0.1379,0.1350,0.1206,0.0979,0.1350
1971-08-01,0.2794,-0.0133,0.5324,0.1784,0.2079,0.1250,0.1266,0.0969,0.1266
1971-09-01,0.3017,-0.0625,0.6144,0.2351,0.1679,0.2050,0.1896,0.1261,0.1896
1971-10-01,0.2396,-0.0384,0.4818,0.2036,0.1779,0.0550,0.1856,0.0582,0.1779
1971-11-01,0.2404,-0.0192,0.5069,0.2082,0.1479,0.0750,0.1486,0.1395,0.1479
1971-12-01,0.2257,-0.1244,0.6002,0.1304,0.1379,0.0950,0.1066,0.2429,0.1304
1972-01-01,0.2758,-0.0165,0.6252,-0.0179,-0.0021,0.0150,-0.0294,0.0879,-0.0021
1972-02-01,0.3083,0.0505,0.6116,0.0812,0.0379,0.0450,-0.0084,0.0468,0.0450
1972-03-01,0.3140,-0.0667,0.6479,0.2178,0.2479,0.2550,0.2056,0.2362,0.2362
1972-04-01,0.3583,0.0574,0.6885,0.2322,0.2179,0.2050,0.2306,0.2955,0.2306
1972-05-01,0.3711,0.0521,0.7446,0.2781,0.1879,0.1950,0.2416,0.2935,0.2416
1972-06-01,0.3877,0.1321,0.7297,0.3277,0.2579,0.2950,0.3376,0.4188,0.3277
1972-07-01,0.3580,0.0603,0.6794,0.2684,0.2379,0.2550,0.2546,0.3846,0.2550
1972-08-01,0.3545,0.1097,0.6731,0.4241,0.3779,0.3850,0.4086,0.3447,0.3850
1972-09-01,0.3612,0.0950,0.6080,0.3084,0.2379,0.2650,0.2966,0.2569,0.2650
1972-10-01,0.3067,0.0359,0.5726,0.3052,0.2979,0.2750,0.3126,0.3014,0.3014
1972-11-01,0.2751,0.0158,0.6297,0.3097,0.2379,0.2050,0.2276,0.2557,0.2379
1972-12-01,0.2382,-0.0979,0.5936,0.4712,0.3979,0.4050,0.4696,0.4905,0.4696
1973-01-01,0.2870,-0.1200,0.6351,0.4611,0.5079,0.4650,0.4716,0.6030,0.4716
1973-02-01,0.3193,-0.0192,0.6653,0.5191,0.5479,0.4850,0.4846,0.6346,0.5191
1973-03-01,0.3437,0.0281,0.6205,0.4763,0.5079,0.4450,0.4106,0.5084,0.4763
1973-04-01,0.3451,0.0994,0.6719,0.5532,0.4879,0.4850,0.4866,0.4935,0.4879
1973-05-01,0.3903,0.1444,0.7177,0.4681,0.4479,0.4050,0.4696,0.4966,0.4681
1973-06-01,0.3908,0.1607,0.7027,0.4640,0.4079,0.4250,0.4676,0.3757,0.4250
1973-07-01,0.3626,0.0273,0.6774,0.3778,0.3479,0.3050,0.3726,0.3499,0.3499
1973-08-01,0.3191,0.0151,0.6452,0.3359,0.2679,0.2550,0.3026,0.1774,0.2679
1973-09-01,0.3109,-0.0246,0.6349,0.3254,0.3079,0.2550,0.2896,0.2131,0.2896
1973-10-01,0.2889,-0.0559,0.6578,0.3722,0.3179,0.2450,0.3146,0.2071,0.3146
1973-11-01,0.2600,-0.0748,0.5640,0.3344,0.2579,0.2050,0.2676,0.2798,0.2676
1973-12-01,0.2293,-0.1194,0.5584,0.2305,0.1479,0.1750,0.2276,0.3233,0.2276
1974-01-01,0.3151,-0.1128,0.7262,0.0760,0.1179,0.0950,0.0606,0.2171,0.0950
1974-02-01,0.2598,-0.1229,0.7262,-0.0860,-0.0521,-0.0750,-0.0844,0.0120,-0.0750
1974-03-01,0.3083,-0.1078,0.7057,0.1212,0.1679,0.1150,0.0896,0.1587,0.1212
1974-04-01,0.3248,-0.0876,0.6514,0.1595,0.1079,0.1250,0.1116,0.1503,0.1250
1974-05-01,0.3640,-0.1079,0.7317,0.2297,0.1779,0.1950,0.1786,0.1306,0.1786
1974-06-01,0.3693,0.0445,0.7097,0.2450,0.1679,0.1850,0.2326,0.1117,0.1850
1974-07-01,0.3367,-0.0880,0.7232,0.2258,0.1879,0.1950,0.1796,0.1015,0.1879
1974-08-01,0.3278,-0.0548,0.6776,0.3847,0.3179,0.2950,0.3666,0.1803,0.3179
1974-09-01,0.3052,-0.0496,0.6404,0.2702,0.1379,0.1350,0.1946,0.0119,0.1379
1974-10-01,0.2875,-0.0086,0.5579,0.2496,0.1579,0.1350,0.1826,0.0182,0.1579
1974-11-01,0.2577,-0.1564,0.5510,0.2382,0.1379,0.0850,0.1386,0.0928,0.1379
1974-12-01,0.2476,-0.1253,0.5575,0.1503,0.1379,0.0650,0.1386,0.1662,0.1386
1975-01-01,0.3197,0.0961,0.5600,0.2670,0.3179,0.2050,0.2396,0.3165,0.2670
1975-02-01,0.3396,0.0407,0.6283,0.3392,0.2979,0.2650,0.3096,0.3047,0.3047
1975-03-01,0.3354,0.0226,0.6281,0.3519,0.3479,0.3150,0.3176,0.3423,0.3423
1975-04-01,0.3840,0.0768,0.6968,0.3123,0.2579,0.2450,0.3026,0.2684,0.2684
1975-05-01,0.3839,0.0100,0.7080,0.4145,0.3779,0.2950,0.3806,0.2349,0.3779
1975-06-01,0.3561,0.0024,0.6695,0.3016,0.2079,0.2350,0.2596,0.1363,0.2350
1975-07-01,0.3461,0.0247,0.6809,0.2572,0.2079,0.1850,0.2356,0.0725,0.2079
1975-08-01,0.3268,0.0732,0.6292,0.1292,0.0479,0.0550,0.0746,-0.0369,0.0550
1975-09-01,0.3206,0.0092,0.6392,0.2220,0.1979,0.1850,0.1956,-0.0338,0.1956
1975-10-01,0.2999,0.0388,0.5697,0.2098,0.1079,0.0250,0.1356,-0.0777,0.1079
1975-11-01,0.2737,-0.0116,0.5915,0.1002,0.0479,0.0050,0.0096,0.0174,0.0174
1975-12-01,0.2409,-0.0556,0.5150,0.1120,0.0479,0.0550,0.1286,0.1058,0.1058
1976-01-01,0.2929,0.0747,0.5231,0.1927,0.1879,0.1450,0.1656,0.2269,0.1879
1976-02-01,0.3097,0.0893,0.6334,0.1317,0.1579,0.1050,0.0896,0.0580,0.1050
1976-03-01,0.3630,-0.0593,0.7520,0.0249,-0.0021,0.0050,-0.0514,-0.0603,-0.0021
1976-04-01,0.3567,0.0576,0.7636,0.1774,0.1479,0.1550,0.1166,0.0878,0.1479
1976-05-01,0.3483,-0.0157,0.6846,0.0024,0.0179,0.0050,-0.0094,-0.0112,0.0024
1976-06-01,0.3937,0.1152,0.6777,0.1263,0.0979,0.1250,0.1416,0.0878,0.1250
1976-07-01,0.3821,0.1377,0.7317,0.1890,0.1179,0.1950,0.2146,0.1446,0.1890
1976-08-01,0.3914,0.1254,0.7200,0.1197,0.0979,0.1250,0.1416,0.0479,0.1197
1976-09-01,0.3209,0.0523,0.7272,0.2090,0.1579,0.1850,0.2216,0.1087,0.1850
1976-10-01,0.3187,0.0030,0.6061,0.0276,-0.0221,-0.0550,0.0376,-0.2097,-0.0221
1976-11-01,0.3218,0.0215,0.6331,0.2258,0.1579,0.0950,0.1816,0.0731,0.1579
1976-12-01,0.3146,0.0132,0.6866,0.3320,0.3279,0.2950,0.3706,0.2625,0.3279
1977-01-01,0.3390,-0.0614,0.8548,0.5128,0.4079,0.3850,0.4826,0.4209,0.4209
1977-02-01,0.3598,0.1206,0.7339,0.4662,0.4479,0.3550,0.4396,0.3784,0.4396
1977-03-01,0.3773,0.0097,0.7793,0.4371,0.4579,0.3850,0.3966,0.3758,0.3966
1977-04-01,0.3926,0.0635,0.7199,0.4930,0.4779,0.4150,0.4696,0.4006,0.4696
1977-05-01,0.4306,0.0639,0.8619,0.5854,0.5479,0.4550,0.5516,0.4501,0.5479
1977-06-01,0.4486,0.0535,0.8999,0.5677,0.4879,0.4650,0.5656,0.4429,0.4879
1977-07-01,0.4419,0.0434,0.8636,0.5004,0.4179,0.4150,0.4936,0.3615,0.4179
1977-08-01,0.4293,0.0651,0.8362,0.4900,0.3979,0.3950,0.5176,0.3345,0.3979
1977-09-01,0.4076,0.0608,0.8312,0.3568,0.2379,0.2850,0.3486,0.1605,0.2850
1977-10-01,0.3946,0.0385,0.8682,0.3423,0.2479,0.2650,0.3706,0.1337,0.2650
1977-11-01,0.3827,0.0186,0.8654,0.4793,0.3779,0.3850,0.4356,0.4095,0.4095
1977-12-01,0.3880,0.0132,0.8695,0.3184,0.2479,0.2750,0.3346,0.3874,0.3184
1978-01-01,0.4305,0.0815,0.7523,0.3946,0.2779,0.2950,0.3156,0.4030,0.3156
1978-02-01,0.4070,0.1554,0.7674,0.4320,0.3179,0.3350,0.3796,0.3811,0.3796
1978-03-01,0.4315,-0.0023,0.7889,0.4170,0.4079,0.3950,0.3686,0.3800,0.3950
1978-04-01,0.4622,0.0979,0.8323,0.4105,0.3879,0.3150,0.3766,0.3580,0.3766
1978-05-01,0.4770,0.0795,0.8339,0.3718,0.3079,0.2850,0.3916,0.3733,0.3718
1978-06-01,0.4797,0.1378,0.8242,0.3038,0.2079,0.2250,0.2796,0.2055,0.2250
1978-07-01,0.4547,0.1175,0.8301,0.3727,0.2579,0.2950,0.3886,0.3133,0.3133
1978-08-01,0.4380,0.1321,0.8643,0.1404,0.0779,0.1150,0.1016,0.0793,0.1016
1978-09-01,0.4044,0.0625,0.7978,0.3941,0.2779,0.3250,0.3486,0.1213,0.3250
1978-10-01,0.3880,0.0184,0.7464,0.2977,0.2479,0.2350,0.2876,0.1546,0.2479
1978-11-01,0.3621,0.0397,0.6918,0.4511,0.3479,0.3650,0.3876,0.3657,0.3657
1978-12-01,0.3349,-0.0605,0.7134,0.3687,0.2979,0.3050,0.3646,0.4143,0.3646
1979-01-01,0.3527,-0.1048,0.7312,0.4055,0.2979,0.3450,0.3616,0.5367,0.3616
1979-02-01,0.3699,0.0196,0.7938,0.1762,0.1179,0.1350,0.1566,0.2767,0.1566
1979-03-01,0.4182,-0.0134,0.9213,0.4204,0.4079,0.3450,0.3886,0.4665,0.4079
1979-04-01,0.4417,0.0838,0.8746,0.4311,0.3679,0.2450,0.3826,0.4012,0.3826
1979-05-01,0.4563,0.1572,0.8499,0.3316,0.2479,0.2950,0.3246,0.4183,0.3246
1979-06-01,0.4669,0.1795,0.8709,0.4036,0.3579,0.3550,0.3646,0.3992,0.3646
1979-07-01,0.4450,0.0951,0.7683,0.3737,0.2579,0.2750,0.3046,0.3039,0.3039
1979-08-01,0.4235,0.1013,0.7493,0.4711,0.3879,0.3650,0.4106,0.3919,0.3919
1979-09-01,0.4383,0.1435,0.7735,0.5281,0.4679,0.4450,0.4956,0.4297,0.4679
1979-10-01,0.4017,0.0911,0.7693,0.5002,0.4779,0.4350,0.5286,0.4856,0.4856
1979-11-01,0.3674,0.0218,0.7814,0.5624,0.4979,0.4550,0.5046,0.5084,0.5046
1979-12-01,0.3590,0.0474,0.7588,0.7417,0.6879,0.6750,0.7526,0.7968,0.7417
1980-01-01,0.3809,-0.1803,0.8049,0.6060,0.5179,0.5150,0.6016,0.6593,0.6016
1980-02-01,0.3819,-0.0847,0.8069,0.7121,0.6079,0.6050,0.6706,0.7067,0.6706
1980-03-01,0.4435,0.0674,0.7418,0.5674,0.5079,0.5150,0.5766,0.6761,0.5674
1980-04-01,0.4721,0.1468,0.8024,0.5878,0.5079,0.4850,0.6416,0.7254,0.5878
1980-05-01,0.5204,0.2334,0.9906,0.5998,0.5679,0.5450,0.6336,0.7737,0.5998
1980-06-01,0.5327,0.2129,0.8792,0.4835,0.4179,0.4250,0.5046,0.5773,0.4835
1980-07-01,0.5032,0.1906,0.9115,0.5594,0.4379,0.4550,0.5956,0.5922,0.5594
1980-08-01,0.5009,0.1956,0.8939,0.5186,0.3979,0.4250,0.5646,0.5169,0.5169
1980-09-01,0.4730,0.0845,0.8358,0.4793,0.4179,0.3950,0.4816,0.4382,0.4382
1980-10-01,0.4349,0.0550,0.7586,0.4480,0.3479,0.3550,0.4256,0.3944,0.3944
1980-11-01,0.4375,0.0090,0.7412,0.5608,0.5079,0.4350,0.5066,0.4634,0.5066
1980-12-01,0.4505,0.0176,0.9406,0.4640,0.4279,0.4150,0.4526,0.4565,0.4526
1981-01-01,0.4891,0.0264,0.8933,0.7994,0.7479,0.6950,0.7556,0.7847,0.7556
1981-02-01,0.5310,0.0497,0.9774,0.6939,0.6379,0.5850,0.6296,0.7149,0.6379
1981-03-01,0.5281,0.1057,0.9107,0.6833,0.6979,0.6350,0.6576,0.7893,0.6833
1981-04-01,0.5239,0.0747,0.9069,0.5508,0.5379,0.4950,0.5366,0.6964,0.5379
1981-05-01,0.5529,0.2188,0.8274,0.4998,0.4579,0.4450,0.4826,0.6351,0.4826
1981-06-01,0.5473,0.2676,0.8349,0.5978,0.5079,0.4650,0.6126,0.5818,0.5818
1981-07-01,0.5132,0.2003,0.8420,0.6234,0.5379,0.4450,0.6046,0.5600,0.5600
1981-08-01,0.4931,0.2175,0.7537,0.6640,0.5679,0.5050,0.6346,0.5651,0.5679
1981-09-01,0.4580,0.1464,0.7938,0.4942,0.3579,0.3750,0.4916,0.4699,0.4699
1981-10-01,0.4764,0.2196,0.8241,0.4089,0.3379,0.3950,0.4516,0.4313,0.4089
1981-11-01,0.4139,0.1288,0.8409,0.5166,0.4479,0.4250,0.4676,0.4677,0.4676
1981-12-01,0.4108,0.0950,0.8350,0.7198,0.6279,0.6150,0.7176,0.6941,0.6941
1982-01-01,0.4798,0.0998,0.9263,0.3239,0.2679,0.2650,0.3326,0.3816,0.3239
1982-02-01,0.4521,0.1246,0.7634,0.4199,0.3679,0.3450,0.3706,0.4763,0.3706
1982-03-01,0.4660,0.1263,0.7945,0.2171,0.2479,0.2150,0.1836,0.3157,0.2171
1982-04-01,0.4960,0.1750,0.8454,0.3769,0.3679,0.3150,0.2966,0.3718,0.3679
1982-05-01,0.4905,0.2317,0.8991,0.4445,0.3979,0.3550,0.4136,0.4930,0.4136
1982-06-01,0.5014,0.2059,0.9192,0.3535,0.2779,0.2650,0.3876,0.4110,0.3535
1982-07-01,0.4974,0.2070,0.8185,0.4309,0.3579,0.3750,0.4326,0.4635,0.4309
1982-08-01,0.4531,0.1500,0.7934,0.3093,0.2479,0.2650,0.3276,0.3475,0.3093
1982-09-01,0.4513,0.1527,0.7820,0.3693,0.3579,0.3350,0.3996,0.3404,0.3579
1982-10-01,0.4020,0.0617,0.7397,0.3961,0.3479,0.3250,0.4276,0.3301,0.3479
1982-11-01,0.3876,0.0344,0.8665,0.3848,0.3979,0.3050,0.3596,0.3720,0.3720
1982-12-01,0.3489,-0.0301,0.7831,0.6339,0.6379,0.6050,0.6476,0.6958,0.6379
1983-01-01,0.4372,-0.0309,0.9106,0.7149,0.7479,0.6450,0.6776,0.8072,0.7149
1983-02-01,0.4376,0.0326,0.8354,0.6900,0.6479,0.6250,0.6486,0.7712,0.6486
1983-03-01,0.4785,0.1154,0.8968,0.6027,0.6379,0.5750,0.5866,0.7647,0.6027
1983-04-01,0.4291,0.1078,0.8091,0.5308,0.4879,0.4250,0.5226,0.6328,0.5226
1983-05-01,0.4677,0.0796,0.8962,0.5767,0.5579,0.5250,0.6206,0.7318,0.5767
1983-06-01,0.4259,0.0848,0.8805,0.5205,0.4479,0.4350,0.5266,0.5652,0.5205
1983-07-01,0.3967,0.0242,0.8075,0.4676,0.3979,0.3650,0.4456,0.4851,0.4456
1983-08-01,0.3969,0.0922,0.8518,0.6375,0.5779,0.5150,0.5986,0.5515,0.5779
1983-09-01,0.3815,0.0735,0.7974,0.6804,0.5879,0.5550,0.6406,0.6090,0.6090
1983-10-01,0.3556,0.0262,0.8133,0.4689,0.3879,0.3850,0.4376,0.3748,0.3879
1983-11-01,0.3922,0.0237,0.9538,0.5991,0.5179,0.5050,0.5296,0.5387,0.5296
1983-12-01,0.3541,0.0377,0.7553,0.4494,0.3779,0.4050,0.4476,0.5050,0.4476
1984-01-01,0.4105,0.1381,0.7685,0.5094,0.5279,0.4550,0.4766,0.5565,0.5094
1984-02-01,0.4546,0.1203,0.9601,0.3810,0.3579,0.3550,0.3536,0.3976,0.3579
1984-03-01,0.4622,0.1450,0.8770,0.5017,0.4779,0.4450,0.4846,0.5602,0.4846
1984-04-01,0.4703,0.1235,0.8982,0.3668,0.2679,0.2950,0.3686,0.4406,0.3668
1984-05-01,0.4991,0.2190,1.1003,0.5698,0.5479,0.5150,0.5916,0.6502,0.5698
1984-06-01,0.4874,0.2264,1.0156,0.3181,0.2379,0.2750,0.3186,0.3252,0.3181
1984-07-01,0.4450,0.1778,1.0273,0.3786,0.4079,0.3350,0.3346,0.2698,0.3350
1984-08-01,0.4451,0.1884,0.9537,0.4485,0.4079,0.3650,0.4376,0.3629,0.4079
1984-09-01,0.4610,0.1968,0.9297,0.4809,0.4279,0.3950,0.4616,0.3199,0.4279
1984-10-01,0.4089,0.0663,0.7361,0.3938,0.3479,0.3150,0.3916,0.3281,0.3479
1984-11-01,0.3920,0.0739,0.7929,0.2967,0.2779,0.2250,0.2616,0.2401,0.2616
1984-12-01,0.3945,0.1166,0.7734,0.1954,0.1679,0.1850,0.2056,0.3256,0.1954
1985-01-01,0.4175,0.1164,0.8980,0.4696,0.4379,0.4450,0.4926,0.5360,0.4696
1985-02-01,0.4553,0.1237,0.9249,0.2532,0.1779,0.2150,0.2116,0.2697,0.2150
1985-03-01,0.5168,0.1957,0.9946,0.3955,0.3879,0.3850,0.3706,0.4222,0.3879
1985-04-01,0.5167,0.2412,0.9233,0.3563,0.3379,0.2950,0.3486,0.4369,0.3486
1985-05-01,0.5181,0.2474,0.9415,0.4194,0.3579,0.3650,0.4006,0.4282,0.4006
1985-06-01,0.5417,0.3283,0.8882,0.4756,0.3679,0.3550,0.4156,0.3647,0.3679
1985-07-01,0.4896,0.2884,0.8711,0.3308,0.2579,0.2050,0.2786,0.2660,0.2660
1985-08-01,0.4925,0.2841,0.8349,0.4959,0.3879,0.3450,0.4336,0.4071,0.4071
1985-09-01,0.4732,0.2160,0.9342,0.4722,0.3479,0.3350,0.3596,0.2852,0.3479
1985-10-01,0.4544,0.1830,0.8438,0.3921,0.3279,0.3050,0.4026,0.2033,0.3279
1985-11-01,0.4407,0.1775,0.7603,0.3699,0.2679,0.2550,0.3046,0.2989,0.2989
1985-12-01,0.4381,0.0955,0.7598,0.4096,0.3579,0.3550,0.4256,0.3830,0.3830
1986-01-01,0.4974,0.2670,0.8056,0.4707,0.4779,0.4250,0.4436,0.5260,0.4707
1986-02-01,0.4960,0.2828,0.8066,0.6604,0.5879,0.5750,0.6356,0.5861,0.5879
1986-03-01,0.5369,0.1267,0.9109,0.4886,0.5179,0.4950,0.4596,0.5402,0.4950
1986-04-01,0.5719,0.2390,0.9245,0.4842,0.4379,0.4250,0.6086,0.6096,0.4842
1986-05-01,0.5774,0.2502,0.9826,0.4953,0.4279,0.4350,0.7086,0.5958,0.4953
1986-06-01,0.5641,0.2981,0.8874,0.3947,0.3379,0.3550,0.3726,0.3831,0.3726
1986-07-01,0.5503,0.2727,0.8499,0.3954,0.3279,0.3450,0.3726,0.3532,0.3532
1986-08-01,0.5328,0.2799,0.9345,0.4449,0.3679,0.3650,0.4276,0.3641,0.3679
1986-09-01,0.5418,0.2343,0.9062,0.3781,0.2479,0.3050,0.3516,0.2790,0.3050
1986-10-01,0.5147,0.1924,0.9435,0.4072,0.3679,0.3350,0.4196,0.2564,0.3679
1986-11-01,0.5085,0.1061,0.9271,0.3938,0.3179,0.3150,0.3546,0.3915,0.3546
1986-12-01,0.5284,0.2219,0.9135,0.3831,0.3479,0.3650,0.4156,0.4818,0.3831
1987-01-01,0.5523,0.2255,0.9346,0.5702,0.5379,0.5150,0.5546,0.6254,0.5546
1987-02-01,0.6110,0.2763,0.9643,0.6706,0.6479,0.5550,0.6226,0.6752,0.6479
1987-03-01,0.5761,0.2394,0.9464,0.4559,0.3979,0.3850,0.3956,0.4716,0.3979
1987-04-01,0.6303,0.2607,1.0411,0.5421,0.4579,0.4450,0.4716,0.5754,0.4716
1987-05-01,0.6400,0.2209,1.0799,0.5192,0.4679,0.4750,0.4846,0.5924,0.4846
1987-06-01,0.6529,0.2441,1.0839,0.6177,0.5679,0.5150,0.6376,0.6398,0.6177
1987-07-01,0.6014,0.2233,1.0344,0.7001,0.6179,0.6250,0.7176,0.7125,0.7001
1987-08-01,0.5755,0.2077,0.9339,0.5649,0.4679,0.4650,0.5746,0.5305,0.5305
1987-09-01,0.5508,0.1690,0.9495,0.6169,0.5679,0.5550,0.6096,0.5818,0.5818
1987-10-01,0.5265,0.1712,0.9176,0.6245,0.5479,0.4950,0.5626,0.5040,0.5479
1987-11-01,0.5232,0.1766,0.8687,0.5408,0.5079,0.4150,0.4696,0.5196,0.5079
1987-12-01,0.5168,0.2203,0.9710,0.7238,0.6779,0.6050,0.7256,0.8031,0.7238
1988-01-01,0.5237,0.1822,0.8993,0.8104,0.7879,0.6850,0.7416,0.8275,0.7879
1988-02-01,0.5437,0.2317,0.9357,0.6843,0.6579,0.6250,0.6146,0.6220,0.6250
1988-03-01,0.5794,0.2451,0.9122,0.7379,0.7279,0.6750,0.6626,0.7609,0.7279
1988-04-01,0.6115,0.2813,0.9581,0.6790,0.6379,0.5950,0.6786,0.7207,0.6786
1988-05-01,0.6249,0.3470,0.9263,0.6716,0.6579,0.6150,0.6496,0.7626,0.6579
1988-06-01,0.6163,0.3256,0.9562,0.6868,0.6179,0.5950,0.6736,0.6743,0.6736
1988-07-01,0.5967,0.3094,0.9687,0.6091,0.5479,0.5150,0.5926,0.6044,0.5926
1988-08-01,0.6046,0.3072,0.9437,0.6115,0.6079,0.5650,0.6676,0.6348,0.6115
1988-09-01,0.5873,0.3401,0.8599,0.6104,0.5879,0.5350,0.6316,0.6187,0.6104
1988-10-01,0.5551,0.2754,0.7975,0.6091,0.5879,0.5050,0.6006,0.4986,0.5879
1988-11-01,0.5775,0.2967,0.9636,0.3812,0.3379,0.3150,0.3516,0.3238,0.3379
1988-12-01,0.5872,0.2703,0.8655,0.5285,0.5079,0.4550,0.5236,0.5593,0.5236
1989-01-01,0.5891,0.2407,0.8854,0.3264,0.3379,0.2650,0.2686,0.3625,0.3264
1989-02-01,0.6229,0.2691,0.9075,0.5910,0.5079,0.4850,0.5496,0.6276,0.5496
1989-03-01,0.6167,0.3090,0.9586,0.5388,0.5779,0.4850,0.4996,0.5955,0.5388
1989-04-01,0.6361,0.3003,0.9230,0.5022,0.5079,0.4350,0.5206,0.5946,0.5079
1989-05-01,0.6459,0.3556,0.9703,0.3911,0.3879,0.3550,0.3546,0.4577,0.3879
1989-06-01,0.6443,0.3857,0.8768,0.4500,0.3679,0.3650,0.4236,0.4248,0.4236
1989-07-01,0.6482,0.2954,0.9956,0.6160,0.5579,0.4550,0.5706,0.5640,0.5640
1989-08-01,0.6104,0.2805,0.8745,0.6078,0.5479,0.4750,0.5596,0.4798,0.5479
1989-09-01,0.6246,0.2907,0.9805,0.6502,0.5579,0.5350,0.5866,0.5230,0.5579
1989-10-01,0.5970,0.2473,0.9858,0.6118,0.5079,0.4750,0.5786,0.4753,0.5079
1989-11-01,0.5824,0.1684,0.8790,0.4660,0.4179,0.3250,0.4126,0.4028,0.4126
1989-12-01,0.5924,0.2127,1.0598,0.6359,0.5879,0.5750,0.6616,0.6890,0.6359
1990-01-01,0.6199,0.2006,1.0600,0.6374,0.6279,0.5450,0.6306,0.7284,0.6306
1990-02-01,0.6429,0.1711,1.1417,0.6307,0.6579,0.5550,0.6186,0.6895,0.6307
1990-03-01,0.6772,0.1524,1.2799,0.9858,1.0179,0.8750,0.9476,1.0258,0.9858
1990-04-01,0.7140,0.2919,1.1330,0.8469,0.7779,0.7350,0.8336,0.8572,0.8336
1990-05-01,0.6921,0.1803,1.0772,0.7581,0.6679,0.6550,0.7576,0.8484,0.7576
1990-06-01,0.6818,0.1663,1.0824,0.6680,0.5879,0.5350,0.6556,0.6466,0.6466
1990-07-01,0.6892,0.2104,1.1145,0.7316,0.6779,0.5650,0.7216,0.7235,0.7216
1990-08-01,0.6660,0.1927,1.0692,0.6317,0.5579,0.5050,0.5976,0.6353,0.5976
1990-09-01,0.6752,0.1749,1.0659,0.5707,0.4479,0.4850,0.5526,0.5754,0.5526
1990-10-01,0.6504,0.1261,1.0479,0.7372,0.6579,0.5650,0.7106,0.6919,0.6919
1990-11-01,0.6370,0.2467,0.9848,0.7099,0.6779,0.5550,0.6676,0.7724,0.6779
1990-12-01,0.6603,0.1499,1.0859,0.6408,0.6179,0.5750,0.6686,0.7794,0.6408
1991-01-01,0.6655,0.2327,1.1249,0.6539,0.6379,0.5750,0.6476,0.7928,0.6476
1991-02-01,0.6908,0.1836,1.1004,0.7571,0.7179,0.6550,0.7396,0.8419,0.7396
1991-03-01,0.6874,0.2021,1.1242,0.5982,0.5679,0.5350,0.5806,0.7001,0.5806
1991-04-01,0.7133,0.3022,1.1300,0.7897,0.7279,0.6850,0.7756,0.7868,0.7756
1991-05-01,0.7253,0.2522,1.0901,0.6652,0.5579,0.5950,0.6666,0.6883,0.6652
1991-06-01,0.7061,0.2371,1.0962,0.7860,0.7479,0.7050,0.8036,0.8589,0.7860
1991-07-01,0.6500,0.2410,1.0654,0.8207,0.6879,0.6450,0.7826,0.7538,0.7538
1991-08-01,0.6356,0.2458,0.9767,0.7188,0.6079,0.5750,0.7156,0.6615,0.6615
1991-09-01,0.6089,0.2169,1.0091,0.7047,0.6579,0.5950,0.6866,0.6042,0.6579
1991-10-01,0.5709,0.2175,1.0794,0.6024,0.5079,0.4950,0.6186,0.5018,0.5079
1991-11-01,0.5197,0.1745,1.0027,0.6066,0.5079,0.4550,0.5626,0.5346,0.5346
1991-12-01,0.5023,0.1069,1.0524,0.5907,0.5379,0.4550,0.6136,0.5920,0.5907
1992-01-01,0.4967,0.1222,0.8985,0.7141,0.6879,0.6250,0.7196,0.7483,0.7141
1992-02-01,0.4713,0.1852,0.9768,0.7005,0.6179,0.6050,0.6636,0.7046,0.6636
1992-03-01,0.4719,0.1995,1.0385,0.6626,0.6979,0.6450,0.6806,0.7058,0.6806
1992-04-01,0.5030,0.1438,1.0059,0.5130,0.4879,0.4450,0.5366,0.4900,0.4900
1992-05-01,0.4753,0.0524,1.0362,0.5214,0.5279,0.4950,0.5546,0.5265,0.5265
1992-06-01,0.4842,0.0554,1.0562,0.5095,0.4779,0.4450,0.5546,0.5083,0.5083
1992-07-01,0.4699,0.1580,1.0172,0.3603,0.3079,0.2950,0.4036,0.3399,0.3399
1992-08-01,0.4392,0.1422,0.9870,0.3923,0.2979,0.2950,0.3926,0.3130,0.3130
1992-09-01,0.4435,0.0946,0.9924,0.2617,0.2079,0.2150,0.2606,0.1969,0.2150
1992-10-01,0.4344,0.0583,0.9778,0.3286,0.2879,0.2450,0.3406,0.2487,0.2879
1992-11-01,0.4169,0.0550,1.0779,0.3171,0.2479,0.2350,0.2616,0.2750,0.2616
1992-12-01,0.4042,0.0132,1.0412,0.4477,0.4279,0.3650,0.4646,0.4657,0.4477
1993-01-01,0.4696,0.1514,1.0935,0.6144,0.5579,0.5150,0.6146,0.6509,0.6144
1993-02-01,0.4668,0.1159,1.0658,0.6316,0.5879,0.5650,0.6516,0.6560,0.6316
1993-03-01,0.5167,0.1805,1.0432,0.5904,0.5779,0.5350,0.5786,0.5893,0.5786
1993-04-01,0.5400,0.1743,1.1065,0.5488,0.4979,0.4650,0.5496,0.5837,0.5488
1993-05-01,0.5432,0.1632,1.0476,0.5486,0.4979,0.4550,0.5506,0.5698,0.5486
1993-06-01,0.5880,0.2184,1.1262,0.5182,0.4379,0.4550,0.5716,0.5285,0.5182
1993-07-01,0.5696,0.2611,1.1171,0.5130,0.4679,0.4050,0.5316,0.4511,0.4679
1993-08-01,0.5968,0.3123,1.1612,0.4357,0.3279,0.3650,0.4666,0.4167,0.4167
1993-09-01,0.5934,0.2338,1.1611,0.3981,0.3279,0.3550,0.4236,0.2894,0.3550
1993-10-01,0.5729,0.2199,1.1148,0.5049,0.4479,0.4250,0.5276,0.4200,0.4479
1993-11-01,0.5750,0.2658,1.1199,0.4177,0.2479,0.2650,0.3596,0.3503,0.3503
1993-12-01,0.5588,0.2575,1.1809,0.5001,0.3979,0.3950,0.4666,0.5762,0.4666
1994-01-01,0.5698,0.2499,1.0287,0.5495,0.4779,0.4250,0.4946,0.5629,0.4946
1994-02-01,0.6139,0.3098,1.1494,0.3598,0.2379,0.2250,0.3176,0.3282,0.3176
1994-03-01,0.6123,0.2191,1.0925,0.5910,0.5079,0.4850,0.5626,0.5345,0.5345
1994-04-01,0.6237,0.2754,1.1368,0.6033,0.6279,0.5450,0.6326,0.6289,0.6279
1994-05-01,0.6322,0.3069,1.1271,0.5557,0.4979,0.5150,0.5676,0.5165,0.5165
1994-06-01,0.6763,0.3081,1.1632,0.6694,0.6479,0.5650,0.6936,0.5770,0.6479
1994-07-01,0.6694,0.2485,1.2341,0.5347,0.5179,0.4850,0.5726,0.5264,0.5264
1994-08-01,0.6786,0.2963,1.1855,0.5252,0.4279,0.4350,0.4936,0.4169,0.4350
1994-09-01,0.6569,0.3570,1.1433,0.6224,0.5279,0.5250,0.6276,0.5672,0.5672
1994-10-01,0.6608,0.3027,1.1109,0.6992,0.6379,0.5950,0.7276,0.5582,0.6379
1994-11-01,0.6132,0.2316,1.0576,0.7071,0.6579,0.5850,0.6726,0.6434,0.6579
1994-12-01,0.6273,0.2582,1.1184,0.6003,0.5979,0.5250,0.6196,0.6569,0.6003
1995-01-01,0.6435,0.3103,1.1467,0.7684,0.7379,0.6750,0.7586,0.8295,0.7586
1995-02-01,0.6558,0.2633,1.1768,0.9906,1.0079,0.9050,1.0016,1.0298,1.0016
1995-03-01,0.6719,0.3297,1.1634,0.7083,0.6779,0.6550,0.7126,0.7172,0.7083
1995-04-01,0.7063,0.3693,1.1664,0.7733,0.6779,0.6450,0.7646,0.7901,0.7646
1995-05-01,0.7145,0.3924,1.1376,0.6159,0.4879,0.5050,0.5956,0.6299,0.5956
1995-06-01,0.7075,0.3963,1.1915,0.7321,0.6479,0.6350,0.7976,0.7450,0.7321
1995-07-01,0.6987,0.4241,1.1327,0.7948,0.6679,0.6750,0.8216,0.6972,0.6972
1995-08-01,0.6843,0.4182,1.1423,0.7441,0.6679,0.6750,0.7956,0.6942,0.6942
1995-09-01,0.6829,0.3473,1.1621,0.6320,0.5479,0.5650,0.6376,0.6054,0.6054
1995-10-01,0.6501,0.3316,1.2208,0.7336,0.6779,0.5950,0.7886,0.6552,0.6779
1995-11-01,0.6264,0.3410,1.1412,0.7246,0.6579,0.6050,0.7196,0.6686,0.6686
1995-12-01,0.6251,0.3039,1.0239,0.5243,0.4779,0.4650,0.5706,0.5886,0.5243
1996-01-01,0.6504,0.2058,1.2097,0.5668,0.4579,0.4450,0.5566,0.5991,0.5566
1996-02-01,0.6453,0.2925,1.1145,0.8113,0.6779,0.6550,0.8056,0.7332,0.7332
1996-03-01,0.6995,0.3794,1.0745,0.6347,0.5379,0.5550,0.6496,0.6426,0.6347
1996-04-01,0.7264,0.4610,1.1693,0.6000,0.5479,0.5050,0.6316,0.5651,0.5651
1996-05-01,0.7148,0.3552,1.1649,0.5910,0.4879,0.5150,0.5416,0.4979,0.5150
1996-06-01,0.7190,0.4001,1.1687,0.5706,0.4779,0.4550,0.5386,0.5152,0.5152
1996-07-01,0.6970,0.3811,1.0871,0.6798,0.5779,0.5550,0.6546,0.5947,0.5947
1996-08-01,0.7228,0.3348,1.1526,0.7085,0.6979,0.6050,0.7776,0.6896,0.6979
1996-09-01,0.6961,0.2851,1.0850,0.5582,0.4679,0.4550,0.5346,0.4783,0.4783
1996-10-01,0.6944,0.3382,1.1205,0.4795,0.4379,0.3850,0.4856,0.4099,0.4379
1996-11-01,0.6877,0.3435,1.0564,0.6655,0.6279,0.5650,0.6736,0.6733,0.6655
1996-12-01,0.6781,0.3655,1.1071,0.6727,0.5879,0.5350,0.6946,0.6830,0.6727
1997-01-01,0.7130,0.3113,1.1427,0.5994,0.5379,0.4350,0.5696,0.5892,0.5696
1997-02-01,0.7067,0.3578,1.1444,0.6454,0.6179,0.5250,0.6376,0.6502,0.6376
1997-03-01,0.7361,0.3907,1.1462,0.7445,0.7379,0.6850,0.7786,0.7826,0.7445
1997-04-01,0.7604,0.3577,1.2081,0.7243,0.5479,0.5650,0.6746,0.5817,0.5817
1997-05-01,0.7615,0.4232,1.1645,0.6677,0.5579,0.5650,0.6476,0.6125,0.6125
1997-06-01,0.7817,0.4325,1.2719,0.8436,0.7579,0.7450,0.8586,0.7510,0.7579
1997-07-01,0.7765,0.4847,1.1721,0.7000,0.5579,0.5750,0.6706,0.6290,0.6290
1997-08-01,0.7656,0.4282,1.1856,0.7609,0.6279,0.6350,0.7146,0.6671,0.6671
1997-09-01,0.7480,0.4483,1.1418,0.8201,0.7379,0.7650,0.8076,0.7414,0.7650
1997-10-01,0.7502,0.3127,1.1861,0.9238,0.8279,0.8050,0.9506,0.7972,0.8279
1997-11-01,0.7311,0.3818,1.1493,0.9648,0.8579,0.7950,0.9506,0.8745,0.8745
1997-12-01,0.7444,0.2417,1.2888,0.8746,0.8079,0.7350,0.8996,0.8812,0.8746
1998-01-01,0.7605,0.2565,1.1990,0.9146,0.7979,0.7450,0.8496,0.9106,0.8496
1998-02-01,0.7523,0.2718,1.2088,1.1484,1.0979,0.9650,1.0936,1.1187,1.0979
1998-03-01,0.7560,0.2950,1.1181,0.9378,0.8479,0.7850,0.8806,0.9176,0.8806
1998-04-01,0.7759,0.3807,1.1627,0.9999,0.8479,0.8850,0.9936,1.0304,0.9936
1998-05-01,0.7633,0.3846,1.1703,0.9890,0.8979,0.8450,0.9926,1.0433,0.9890
1998-06-01,0.7879,0.3880,1.1932,1.0200,0.9879,0.8650,1.0376,1.0143,1.0143
1998-07-01,0.7629,0.3978,1.1804,1.0128,0.8779,0.8550,1.0126,0.9228,0.9228
1998-08-01,0.7635,0.4487,1.2033,1.0046,0.8679,0.8850,1.0206,0.9426,0.9426
1998-09-01,0.7258,0.4149,1.0247,0.7873,0.6379,0.6650,0.7336,0.7533,0.7336
1998-10-01,0.7519,0.3888,1.1615,0.7676,0.6379,0.5950,0.7206,0.6724,0.6724
1998-11-01,0.7185,0.4223,1.1698,0.7327,0.6479,0.5950,0.7056,0.6538,0.6538
1998-12-01,0.7595,0.3314,1.2022,0.8372,0.7579,0.7350,0.8586,0.8416,0.8372
1999-01-01,0.7634,0.3611,1.1083,0.7391,0.6979,0.5950,0.7096,0.7317,0.7096
1999-02-01,0.7786,0.4415,1.1690,0.9519,0.8579,0.8150,0.9156,0.9166,0.9156
1999-03-01,0.7961,0.4532,1.2296,0.6075,0.5379,0.5250,0.5876,0.5622,0.5622
1999-04-01,0.7915,0.4486,1.2674,0.6198,0.5379,0.5250,0.6126,0.6061,0.6061
1999-05-01,0.8062,0.4294,1.2572,0.5983,0.4779,0.4850,0.5636,0.5678,0.5636
1999-06-01,0.8029,0.4697,1.2299,0.6768,0.5779,0.5650,0.6856,0.5989,0.5989
1999-07-01,0.8061,0.5006,1.2786,0.6641,0.5979,0.5450,0.6466,0.5990,0.5990
1999-08-01,0.7943,0.4878,1.2084,0.6560,0.5279,0.5450,0.6266,0.5636,0.5636
1999-09-01,0.8170,0.5335,1.2400,0.6285,0.6079,0.6150,0.6796,0.6054,0.6150
1999-10-01,0.8263,0.3955,1.2471,0.6600,0.5579,0.5150,0.6686,0.5487,0.5579
1999-11-01,0.8314,0.4243,1.2290,0.6363,0.5879,0.5550,0.6336,0.5897,0.5897
1999-12-01,0.8346,0.3779,1.2897,0.6665,0.6179,0.6150,0.7046,0.7054,0.6665
2000-01-01,0.8100,0.4894,1.2047,0.5304,0.4679,0.4750,0.5256,0.5690,0.5256
2000-02-01,0.8143,0.4228,1.1909,0.8466,0.7679,0.7150,0.7916,0.8189,0.7916
2000-03-01,0.8204,0.4727,1.3124,0.7945,0.7679,0.6850,0.7556,0.7345,0.7556
2000-04-01,0.8572,0.4781,1.2728,0.8848,0.7779,0.7550,0.8206,0.8269,0.8206
2000-05-01,0.8513,0.4623,1.2495,0.6561,0.5679,0.5450,0.5976,0.6444,0.5976
2000-06-01,0.8603,0.4512,1.2773,0.7023,0.6179,0.5750,0.6706,0.5871,0.6179
2000-07-01,0.8617,0.4157,1.3016,0.6828,0.6079,0.5750,0.6386,0.5633,0.6079
2000-08-01,0.8433,0.4834,1.2889,0.7315,0.6379,0.6050,0.7206,0.6262,0.6379
2000-09-01,0.8257,0.3581,1.2628,0.6653,0.6079,0.6150,0.7026,0.5672,0.6150
2000-10-01,0.8246,0.3248,1.2207,0.5475,0.4879,0.4650,0.5706,0.4544,0.4879
2000-11-01,0.8081,0.3719,1.3299,0.5983,0.5179,0.4750,0.5886,0.5462,0.5462
2000-12-01,0.8110,0.3735,1.4301,0.5545,0.4979,0.4550,0.5686,0.5867,0.5545
2001-01-01,0.8129,0.4472,1.3502,0.7143,0.6679,0.6050,0.7136,0.7288,0.7136
2001-02-01,0.7766,0.4040,1.1958,0.7420,0.6579,0.6050,0.6946,0.6818,0.6818
2001-03-01,0.8147,0.4428,1.3496,0.8693,0.7679,0.7150,0.8096,0.7938,0.7938
2001-04-01,0.8320,0.4534,1.1664,0.8012,0.7179,0.6850,0.8006,0.7562,0.7562
2001-05-01,0.8680,0.4435,1.3704,0.8402,0.7879,0.7250,0.8136,0.8192,0.8136
2001-06-01,0.8618,0.4405,1.2500,0.8000,0.7379,0.7050,0.8066,0.7201,0.7379
2001-07-01,0.8658,0.5146,1.2276,0.8644,0.8079,0.7550,0.8436,0.7806,0.8079
2001-08-01,0.8463,0.4641,1.2943,0.8568,0.6979,0.6950,0.8006,0.7502,0.7502
2001-09-01,0.8617,0.4045,1.2777,0.8466,0.7279,0.7150,0.8026,0.7278,0.7279
2001-10-01,0.8510,0.3429,1.3636,0.8186,0.7179,0.6450,0.8026,0.7441,0.7441
2001-11-01,0.8403,0.3102,1.3858,1.0434,0.9379,0.8450,0.9616,0.9924,0.9616
2001-12-01,0.8129,0.2516,1.3572,0.8930,0.7679,0.7550,0.8936,0.9591,0.8930
2002-01-01,0.8411,0.2935,1.3702,0.9974,0.9879,0.8450,0.9666,1.0538,0.9879
2002-02-01,0.8687,0.3928,1.3493,0.9915,0.9979,0.8250,0.9226,0.9565,0.9565
2002-03-01,0.8913,0.4392,1.4133,1.1439,1.0979,0.9950,1.1196,1.1440,1.1196
2002-04-01,0.8709,0.5239,1.3619,0.9146,0.7979,0.6950,0.8636,0.8460,0.8460
2002-05-01,0.8801,0.4627,1.3230,0.8545,0.8579,0.7850,0.9126,0.9450,0.8579
2002-06-01,0.8892,0.5011,1.2753,0.8007,0.7479,0.7250,0.8656,0.8542,0.8007
2002-07-01,0.8596,0.4953,1.2854,0.9242,0.8279,0.7850,0.8976,0.8349,0.8349
2002-08-01,0.8419,0.3677,1.2673,0.8532,0.7479,0.7150,0.8196,0.7546,0.7546
2002-09-01,0.8549,0.4392,1.3277,0.8561,0.8579,0.7350,0.8956,0.8112,0.8561
2002-10-01,0.8584,0.4461,1.3098,0.8540,0.7579,0.7350,0.8666,0.7691,0.7691
2002-11-01,0.8393,0.3497,1.4166,0.8452,0.8079,0.7350,0.8436,0.8381,0.8381
2002-12-01,0.8342,0.3298,1.3260,0.6988,0.6579,0.6550,0.7976,0.8068,0.6988
2003-01-01,0.8351,0.3399,1.2613,1.0085,0.9579,0.8550,1.0006,1.0651,1.0006
2003-02-01,0.9074,0.4229,1.4016,0.8381,0.7979,0.7750,0.8206,0.8770,0.8206
2003-03-01,0.9381,0.5198,1.4458,0.8311,0.8179,0.7350,0.7966,0.7869,0.7966
2003-04-01,0.9307,0.5043,1.3696,0.8221,0.7679,0.7350,0.8106,0.7895,0.7895
2003-05-01,0.9180,0.4512,1.3489,0.8715,0.8179,0.7450,0.8526,0.8513,0.8513
2003-06-01,0.9390,0.4983,1.3438,0.7770,0.6979,0.6450,0.7396,0.6923,0.6979
2003-07-01,0.9290,0.4288,1.3463,0.8388,0.7979,0.7150,0.8146,0.7538,0.7979
2003-08-01,0.9070,0.4194,1.3326,0.9683,0.8579,0.7950,0.9306,0.8470,0.8579
2003-09-01,0.8883,0.4903,1.3362,0.9267,0.8379,0.8250,0.9566,0.8797,0.8797
2003-10-01,0.8976,0.5313,1.3580,1.0103,0.9379,0.8850,1.0356,0.9542,0.9542
2003-11-01,0.9208,0.5441,1.3860,0.8473,0.7479,0.7250,0.8196,0.8555,0.8196
2003-12-01,0.8812,0.4616,1.3268,1.0081,0.9679,0.8850,1.0276,1.1063,1.0081
2004-01-01,0.9246,0.5659,1.3923,0.8582,0.7979,0.7650,0.8566,0.9168,0.8566
2004-02-01,0.9241,0.5589,1.5517,0.9859,0.9379,0.8550,0.9626,0.9823,0.9626
2004-03-01,0.9397,0.4619,1.5017,0.8758,0.8479,0.8150,0.8596,0.9418,0.8596
2004-04-01,0.9447,0.4993,1.5047,0.8729,0.8279,0.7550,0.8796,0.8952,0.8729
2004-05-01,0.9286,0.4956,1.4470,0.7047,0.5879,0.5650,0.6256,0.6547,0.6256
2004-06-01,0.9345,0.5301,1.4866,0.6659,0.6579,0.5850,0.7136,0.7377,0.6659
2004-07-01,0.9084,0.5371,1.4478,0.5937,0.4779,0.5250,0.5836,0.5252,0.5252
2004-08-01,0.9150,0.5125,1.4842,0.8166,0.6679,0.6550,0.7356,0.6395,0.6679
2004-09-01,0.9117,0.4233,1.4820,0.8180,0.7179,0.7050,0.8216,0.7660,0.7660
2004-10-01,0.8889,0.4822,1.4156,0.8747,0.8279,0.7750,0.9086,0.8568,0.8568
2004-11-01,0.8854,0.4801,1.5277,1.0036,0.9479,0.8550,0.9526,0.9640,0.9526
2004-12-01,0.8773,0.5349,1.3454,0.7675,0.7179,0.6850,0.7776,0.8333,0.7675
2005-01-01,0.8750,0.5389,1.4889,1.0000,0.9679,0.9350,1.0036,1.1061,1.0000
2005-02-01,0.8458,0.4375,1.3182,0.8846,0.8179,0.7850,0.9116,0.9705,0.8846
2005-03-01,0.8725,0.4813,1.3118,0.9971,0.9579,0.8950,0.9986,1.0415,0.9971
2005-04-01,0.8841,0.6032,1.2946,0.9830,0.8879,0.8350,0.9626,0.9801,0.9626
2005-05-01,0.9307,0.6286,1.3421,0.9069,0.8479,0.7950,0.9096,0.9346,0.9069
2005-06-01,0.9364,0.4995,1.3790,0.9244,0.8679,0.8150,0.9646,0.9075,0.9075
2005-07-01,0.9020,0.4289,1.3822,0.9105,0.8279,0.7650,0.9286,0.8863,0.8863
2005-08-01,0.9316,0.4422,1.3454,0.9392,0.8179,0.7450,0.9196,0.8308,0.8308
2005-09-01,0.9452,0.3920,1.3441,0.9881,0.9379,0.8550,0.9826,0.9356,0.9379
2005-10-01,0.9356,0.4842,1.3615,1.0374,0.9779,0.8850,1.0856,1.0218,1.0218
2005-11-01,0.9159,0.4343,1.3791,0.9931,0.9579,0.9050,1.0116,1.0243,0.9931
2005-12-01,0.9278,0.5048,1.4716,0.9519,0.8979,0.8750,1.0066,1.0301,0.9519
2006-01-01,0.9847,0.5037,1.6006,0.8517,0.7779,0.7650,0.8566,0.9148,0.8517
2006-02-01,0.9537,0.5192,1.4335,0.9930,0.9579,0.9150,1.0256,1.0539,0.9930
2006-03-01,0.9683,0.5533,1.4019,0.8886,0.8479,0.8150,0.9056,0.9416,0.8886
2006-04-01,0.9759,0.5238,1.5702,0.8332,0.6879,0.7050,0.8046,0.8397,0.8046
2006-05-01,0.9716,0.5070,1.5802,0.8211,0.6979,0.7150,0.7746,0.7934,0.7746
2006-06-01,0.9620,0.4534,1.4659,0.9272,0.8879,0.7850,0.9406,0.9122,0.9122
2006-07-01,0.9373,0.4686,1.3645,0.8331,0.7579,0.7150,0.8136,0.8043,0.8043
2006-08-01,0.9427,0.4744,1.4032,0.9882,0.9279,0.8550,0.9726,0.8721,0.9279
2006-09-01,0.9393,0.4651,1.3797,0.9023,0.8779,0.8150,0.8956,0.8542,0.8779
2006-10-01,0.9375,0.4103,1.4845,0.9668,0.9279,0.8350,0.9836,0.9880,0.9668
2006-11-01,0.9531,0.4481,1.5040,1.0121,0.9579,0.8350,0.9646,0.9939,0.9646
2006-12-01,0.9462,0.4841,1.5329,1.0669,1.0079,0.9350,1.0806,1.1243,1.0669
2007-01-01,0.9634,0.5658,1.4174,1.2460,1.2279,1.0550,1.2036,1.3218,1.2279
2007-02-01,0.9355,0.5240,1.4251,0.9874,0.9179,0.8650,0.9886,1.0525,0.9874
2007-03-01,0.9612,0.5173,1.5016,0.9400,0.9379,0.8450,0.9156,0.9536,0.9379
2007-04-01,0.9851,0.4760,1.4654,1.0749,0.9879,0.9350,1.0676,1.0833,1.0676
2007-05-01,0.9829,0.4828,1.4411,0.9294,0.9079,0.7950,0.9136,0.9489,0.9136
2007-06-01,0.9980,0.5451,1.4462,0.8541,0.8279,0.7450,0.8706,0.8073,0.8279
2007-07-01,0.9926,0.6183,1.4669,0.9168,0.8179,0.7550,0.9036,0.8074,0.8179
2007-08-01,0.9915,0.5655,1.5370,0.9367,0.8179,0.7250,0.8336,0.7823,0.8179
2007-09-01,1.0075,0.6336,1.4696,0.8637,0.8279,0.7650,0.7866,0.7161,0.7866
2007-10-01,1.0548,0.6283,1.5157,0.9108,0.8079,0.7550,0.9056,0.8360,0.8360
2007-11-01,1.0483,0.6690,1.5598,0.8857,0.8079,0.7250,0.8286,0.8541,0.8286
2007-12-01,1.0323,0.6481,1.5808,0.7690,0.7179,0.6350,0.7596,0.8398,0.7596
2008-01-01,1.0458,0.6668,1.5229,0.5610,0.5179,0.4250,0.5106,0.6306,0.5179
2008-02-01,1.0301,0.6008,1.6106,0.6177,0.5979,0.4950,0.5686,0.6346,0.5979
2008-03-01,1.0469,0.6405,1.6360,0.9607,0.9679,0.8750,0.8926,0.9718,0.9607
2008-04-01,1.0635,0.7323,1.6101,0.7980,0.7579,0.6750,0.7816,0.7829,0.7816
2008-05-01,1.0838,0.7525,1.6026,0.7851,0.7179,0.6750,0.7686,0.7600,0.7600
2008-06-01,1.0511,0.6662,1.6060,0.7349,0.7179,0.6350,0.7516,0.6327,0.7179
2008-07-01,1.0481,0.6602,1.5487,0.8883,0.8179,0.7450,0.8626,0.7775,0.8179
2008-08-01,1.0161,0.6250,1.5019,0.8091,0.6679,0.6950,0.8086,0.7221,0.7221
2008-09-01,1.0223,0.6795,1.4013,0.9025,0.8279,0.7650,0.8506,0.7760,0.8279
2008-10-01,1.0014,0.6648,1.4077,0.9469,0.8879,0.8350,0.9426,0.8873,0.8879
2008-11-01,1.0298,0.6455,1.4660,0.9748,0.9179,0.8550,0.9226,0.9443,0.9226
2008-12-01,0.9528,0.6361,1.3761,0.8196,0.7579,0.7550,0.8186,0.8851,0.8186
2009-01-01,0.9689,0.5121,1.4298,0.9378,0.8679,0.8450,0.9246,1.0183,0.9246
2009-02-01,1.0106,0.6480,1.7098,0.8146,0.7479,0.7050,0.8166,0.9297,0.8146
2009-03-01,0.9732,0.6146,1.5312,0.7966,0.7479,0.6950,0.7386,0.8318,0.7479
2009-04-01,0.9811,0.6390,1.6601,0.8781,0.8279,0.7250,0.8306,0.8495,0.8306
2009-05-01,1.0143,0.6882,1.6464,0.9050,0.8679,0.7850,0.8616,0.8610,0.8616
2009-06-01,1.0210,0.6381,1.5344,0.9778,0.8579,0.8450,0.9626,0.8354,0.8579
2009-07-01,1.0148,0.6697,1.5901,1.0335,0.9579,0.8850,1.0436,0.9387,0.9579
2009-08-01,1.0118,0.6621,1.5198,0.9762,0.9079,0.8550,0.9546,0.8463,0.9079
2009-09-01,1.0224,0.6287,1.5486,1.0341,0.9379,0.9150,0.9576,0.9097,0.9379
2009-10-01,1.0020,0.5826,1.5755,0.9748,0.8679,0.8450,0.9776,0.9301,0.9301
2009-11-01,1.0016,0.5246,1.5779,1.0509,1.0179,0.9150,1.0336,1.0337,1.0336
2009-12-01,0.9847,0.4797,1.5351,0.9891,0.8879,0.8650,0.9986,0.9970,0.9891
2010-01-01,0.9881,0.5239,1.4878,1.0637,0.9679,0.9150,1.0446,1.1523,1.0446
2010-02-01,1.0087,0.5309,1.5358,1.1365,1.0579,0.9850,1.1206,1.1866,1.1206
2010-03-01,0.9917,0.4965,1.5114,1.2088,1.1379,1.0550,1.1306,1.2219,1.1379
2010-04-01,1.0079,0.5505,1.5038,1.1765,1.0679,1.0250,1.1586,1.1620,1.1586
2010-05-01,1.0153,0.5243,1.4867,1.0651,0.9679,0.9350,1.0206,1.0633,1.0206
2010-06-01,1.0096,0.6112,1.5012,1.0004,0.8979,0.8550,0.9596,0.9176,0.9176
2010-07-01,1.0003,0.5243,1.4313,0.9685,0.8479,0.8150,0.9106,0.8530,0.8530
2010-08-01,1.0022,0.4551,1.4861,0.9663,0.8879,0.8050,0.9456,0.8473,0.8879
2010-09-01,1.0140,0.5715,1.5992,0.9175,0.8479,0.8050,0.9056,0.9049,0.9049
2010-10-01,1.0016,0.5522,1.6010,0.9960,0.9279,0.8450,1.0126,0.9664,0.9664
2010-11-01,0.9705,0.4062,1.5536,1.0857,1.0379,0.9350,1.0116,1.0266,1.0266
2010-12-01,0.9890,0.5041,1.5109,0.7873,0.6679,0.6750,0.7986,0.8272,0.7873
2011-01-01,1.0365,0.5929,1.6563,0.8093,0.7379,0.7250,0.8106,0.8682,0.8093
2011-02-01,1.0258,0.5490,1.6885,0.7805,0.6879,0.6850,0.7876,0.7884,0.7805
2011-03-01,1.0206,0.5278,1.5018,0.9063,0.8679,0.8150,0.8886,0.8944,0.8886
2011-04-01,1.0391,0.6031,1.6282,0.9484,0.8579,0.8250,0.9176,0.9231,0.9176
2011-05-01,1.0245,0.6555,1.5270,0.7954,0.7479,0.7150,0.7866,0.8232,0.7866
2011-06-01,1.0157,0.6438,1.5227,0.8988,0.8379,0.7750,0.9226,0.8514,0.8514
2011-07-01,1.0101,0.6126,1.4942,0.9967,0.9279,0.8550,1.0056,0.9441,0.9441
2011-08-01,1.0454,0.6746,1.6157,1.0082,0.9679,0.8550,0.9956,0.9119,0.9679
2011-09-01,1.0619,0.6948,1.5559,0.8932,0.7779,0.7850,0.8416,0.8533,0.8416
2011-10-01,1.0628,0.7070,1.4756,0.9317,0.8679,0.8150,0.9296,0.8797,0.8797
2011-11-01,1.0487,0.7203,1.5280,0.8642,0.8079,0.7150,0.8136,0.7981,0.8079
2011-12-01,1.0290,0.5974,1.5809,0.8471,0.8179,0.7550,0.8366,0.8909,0.8366
2012-01-01,1.0561,0.5205,1.5592,0.7221,0.6879,0.6650,0.6886,0.7930,0.6886
2012-02-01,1.0947,0.6270,1.5891,0.8130,0.6979,0.6850,0.7476,0.7763,0.7476
2012-03-01,1.0985,0.5990,1.5960,0.7733,0.7879,0.6950,0.7306,0.8168,0.7733
2012-04-01,1.0887,0.6390,1.5829,0.9608,0.9479,0.8750,0.9586,0.9638,0.9586
2012-05-01,1.1189,0.6824,1.6427,1.0089,0.9979,0.9050,1.0106,1.0385,1.0089
2012-06-01,1.1041,0.6251,1.5326,0.9825,0.8679,0.8550,0.9856,0.9505,0.9505
2012-07-01,1.0836,0.5270,1.5685,0.9233,0.8079,0.7850,0.8466,0.8413,0.8413
2012-08-01,1.0802,0.5556,1.5198,1.0025,0.8779,0.8250,0.9416,0.8774,0.8779
2012-09-01,1.0863,0.5358,1.6236,0.9925,0.9379,0.8950,0.9696,0.9188,0.9379
2012-10-01,1.0980,0.6016,1.6092,1.0812,1.0179,0.9350,1.1026,1.0693,1.0693
2012-11-01,1.0931,0.5550,1.6052,1.0731,0.9979,0.9150,1.0356,1.0887,1.0356
2012-12-01,1.1358,0.6486,1.7325,0.8132,0.7479,0.6850,0.8296,0.8969,0.8132
2013-01-01,1.1170,0.5858,1.7186,0.9598,0.9279,0.8550,0.9436,1.1054,0.9436
2013-02-01,1.0885,0.6337,1.5608,0.8763,0.8379,0.7650,0.8516,0.9802,0.8516
2013-03-01,1.1214,0.6158,1.7363,0.9333,0.8879,0.8050,0.8646,0.9768,0.8879
2013-04-01,1.1176,0.7547,1.6033,0.9231,0.7479,0.7550,0.8406,0.8732,0.8406
2013-05-01,1.0881,0.5761,1.5360,0.9085,0.8179,0.8250,0.8786,0.8864,0.8786
2013-06-01,1.1000,0.6625,1.5865,1.0138,0.9179,0.8750,0.9596,0.9384,0.9384
2013-07-01,1.0743,0.6556,1.4989,0.9422,0.8179,0.7750,0.8546,0.7759,0.8179
2013-08-01,1.0863,0.6059,1.5645,0.9936,0.9279,0.8450,0.9476,0.8557,0.9279
2013-09-01,1.0918,0.6562,1.5319,1.0764,0.9879,0.9150,1.0176,0.9757,0.9879
2013-10-01,1.1035,0.6321,1.5085,1.0052,0.9079,0.8250,0.9216,0.9014,0.9079
2013-11-01,1.0724,0.6528,1.5232,1.1222,1.0479,0.9550,1.0556,1.0425,1.0479
2013-12-01,1.0705,0.5958,1.5919,0.9578,0.9179,0.8650,0.9606,1.0556,0.9578
2014-01-01,1.0853,0.6571,1.5967,1.0219,0.9779,0.9250,0.9956,1.0856,0.9956
2014-02-01,1.0835,0.6860,1.5576,0.8405,0.7679,0.7450,0.8156,0.8688,0.8156
2014-03-01,1.0548,0.6810,1.5589,1.0380,0.9979,0.9650,0.9776,1.0436,0.9979
2014-04-01,1.1068,0.6149,1.5413,1.0870,1.0279,0.9450,1.0296,1.0191,1.0279
2014-05-01,1.1249,0.6147,1.4954,1.0854,1.0779,0.9850,1.0526,1.0483,1.0526
2014-06-01,1.1270,0.6899,1.6187,0.9712,0.8879,0.8750,0.9126,0.9032,0.9032
2014-07-01,1.1034,0.6991,1.5361,0.9387,0.7979,0.7950,0.8686,0.8667,0.8667
2014-08-01,1.0878,0.7356,1.5063,1.0859,1.0579,0.9750,1.0586,0.9370,1.0579
2014-09-01,1.1228,0.8546,1.5358,1.1181,1.0979,0.9750,1.0736,0.9903,1.0736
2014-10-01,1.1110,0.6912,1.5540,1.0952,1.0179,0.9350,1.0816,1.0136,1.0179
2014-11-01,1.0938,0.5902,1.5606,0.9859,0.8879,0.8250,0.9036,0.9439,0.9036
2014-12-01,1.1147,0.6891,1.5714,1.0349,1.0079,0.9650,1.0336,1.1171,1.0336
2015-01-01,1.1293,0.7716,1.5830,1.0895,1.0779,0.9850,1.0676,1.1512,1.0779
2015-02-01,1.0821,0.6235,1.5814,1.1303,1.1279,1.0250,1.1066,1.1632,1.1279
2015-03-01,1.0882,0.5291,1.5221,1.1447,1.1779,1.0850,1.1076,1.1816,1.1447
2015-04-01,1.1360,0.6852,1.5764,1.0416,0.9679,0.9650,1.0296,0.9660,0.9679
2015-05-01,1.1410,0.6591,1.6338,1.0832,1.0179,0.9650,1.0696,1.0417,1.0417
2015-06-01,1.1419,0.7235,1.5456,1.1092,1.0279,1.0050,1.0666,1.0173,1.0279
2015-07-01,1.1410,0.7178,1.4995,1.0669,0.9479,0.9250,1.0576,0.9546,0.9546
2015-08-01,1.1458,0.6191,1.6036,1.1567,1.0179,0.9750,1.1326,1.0433,1.0433
2015-09-01,1.1338,0.6535,1.6072,1.1752,1.0479,1.0650,1.1316,1.0728,1.0728
2015-10-01,1.1452,0.6524,1.6516,1.3710,1.2979,1.2050,1.3346,1.2913,1.2979
2015-11-01,1.1339,0.6862,1.7271,1.3428,1.2779,1.1850,1.2686,1.2786,1.2779
2015-12-01,1.1253,0.6478,1.7113,1.3924,1.3879,1.2650,1.4146,1.4681,1.3924
2016-01-01,1.1535,0.7581,1.6568,1.4367,1.3979,1.3350,1.4306,1.5096,1.4306
2016-02-01,1.1383,0.7115,1.6366,1.5734,1.5779,1.4850,1.5376,1.6430,1.5734
2016-03-01,1.1695,0.7675,1.7760,1.5337,1.5679,1.4850,1.5116,1.5788,1.5337
2016-04-01,1.1913,0.8142,1.8011,1.3804,1.3079,1.2750,1.3566,1.4390,1.3566
2016-05-01,1.1846,0.7839,1.7566,1.2308,1.1779,1.1050,1.2356,1.2803,1.2308
2016-06-01,1.1662,0.7652,1.7665,1.1265,1.0179,0.9950,1.1236,1.0923,1.0923
2016-07-01,1.1597,0.7190,1.7804,1.1185,1.0579,1.0150,1.1606,1.1615,1.1185
2016-08-01,1.1552,0.7145,1.7491,1.2970,1.2379,1.1450,1.2816,1.2022,1.2379
2016-09-01,1.1505,0.6929,1.6828,1.1943,1.1179,1.1050,1.1836,1.1636,1.1636
2016-10-01,1.1633,0.7823,1.6430,1.1690,1.0879,1.0150,1.2126,1.1917,1.1690
2016-11-01,1.1193,0.7688,1.6468,1.1963,1.1279,1.0850,1.2076,1.2975,1.1963
2016-12-01,1.1618,0.8004,1.7763,1.1295,1.0779,1.0650,1.1856,1.2641,1.1295
2017-01-01,1.1455,0.6201,1.6606,1.3043,1.2379,1.2150,1.2876,1.3621,1.2876
2017-02-01,1.1660,0.6236,1.6402,1.4196,1.3479,1.2850,1.3876,1.4639,1.3876
2017-03-01,1.1672,0.7920,1.6781,1.4018,1.3779,1.2850,1.4136,1.4525,1.4018
2017-04-01,1.1791,0.7767,1.6899,1.1926,1.1479,1.1150,1.2046,1.2377,1.1926
2017-05-01,1.1924,0.7442,1.6929,1.1328,1.1279,1.0750,1.1886,1.2375,1.1328
2017-06-01,1.1922,0.8417,1.6237,1.0071,0.9279,0.9450,1.0156,1.0328,1.0071
2017-07-01,1.2123,0.8098,1.7183,1.1508,1.0379,1.0150,1.0926,1.0666,1.0666
2017-08-01,1.1783,0.7872,1.7132,1.1593,1.0879,1.0450,1.1296,1.0969,1.0969
2017-09-01,1.1619,0.7446,1.7619,1.0801,0.9579,1.0350,1.0346,1.0855,1.0350
2017-10-01,1.1595,0.7278,1.7709,1.1615,1.0979,1.0750,1.1606,1.2094,1.1606
2017-11-01,1.1583,0.6712,1.6912,1.1521,1.0879,1.0550,1.0926,1.1408,1.0926
2017-12-01,1.1433,0.6605,1.6310,1.1638,1.1479,1.1350,1.1756,1.3006,1.1638
2018-01-01,1.1978,0.6706,1.7656,1.0647,1.0379,1.0250,1.0686,1.1993,1.0647
2018-02-01,1.2130,0.7150,1.6900,1.1337,1.0679,1.0850,1.1146,1.2271,1.1146
2018-03-01,1.1663,0.6902,1.7686,1.1330,1.0979,1.0650,1.1116,1.2262,1.1116
2018-04-01,1.1737,0.6421,1.8022,1.1682,1.0979,1.0750,1.1556,1.2147,1.1556
2018-05-01,1.1638,0.6455,1.6802,1.0587,1.0279,1.0250,1.0656,1.1168,1.0587
2018-06-01,1.1835,0.6419,1.6679,1.0841,0.9879,0.9750,1.0646,1.0560,1.0560
2018-07-01,1.1730,0.6914,1.7777,1.0816,1.0479,0.9950,1.1006,1.0793,1.0793
2018-08-01,1.1612,0.8031,1.6762,1.0909,0.9979,0.9750,1.0736,1.0094,1.0094
2018-09-01,1.1438,0.7724,1.5939,1.0339,1.0179,0.9850,1.0296,1.0054,1.0179
2018-10-01,1.1478,0.7034,1.7805,1.2156,1.2379,1.1750,1.2286,1.2047,1.2156
2018-11-01,1.1471,0.7239,1.8819,1.0893,1.0479,1.0150,1.0706,1.1311,1.0706
2018-12-01,1.1563,0.7294,1.8227,1.1730,1.1379,1.1250,1.1906,1.2596,1.1730
2019-01-01,1.1769,0.7147,1.7982,1.1706,1.1479,1.1150,1.1446,1.2430,1.1479
2019-02-01,1.1916,0.7943,1.8021,1.1919,1.1679,1.0950,1.1786,1.2729,1.1786
2019-03-01,1.1923,0.7334,1.8722,1.4343,1.3879,1.3350,1.3906,1.4611,1.3906
2019-04-01,1.1944,0.7515,1.7890,1.2825,1.2179,1.2150,1.2926,1.3468,1.2825
2019-05-01,1.1791,0.7605,1.7247,1.1339,1.0779,1.0950,1.1326,1.2218,1.1326
2019-06-01,1.2028,0.7794,1.7453,1.1652,1.1179,1.0950,1.1356,1.1997,1.1356
2019-07-01,1.2138,0.8134,1.8446,1.2088,1.1579,1.0950,1.1986,1.1979,1.1979
2019-08-01,1.2188,0.8407,1.7139,1.1937,1.1679,1.1150,1.1796,1.1570,1.1679
2019-09-01,1.2242,0.7751,1.7858,1.1708,1.1479,1.1250,1.1176,1.1847,1.1479
2019-10-01,1.2346,0.7268,1.7989,1.3114,1.2179,1.2250,1.3416,1.3033,1.3033
2019-11-01,1.2072,0.6227,1.9057,1.2904,1.2079,1.1750,1.2316,1.2977,1.2316
2019-12-01,1.2257,0.6132,1.8890,1.3830,1.3279,1.3150,1.3676,1.4682,1.3676
2020-01-01,1.2391,0.7350,1.8748,1.4155,1.3979,1.3450,1.4046,1.5398,1.4046
2020-02-01,1.2807,0.7735,2.0610,1.4670,1.4579,1.3850,1.4336,1.5543,1.4579
2020-03-01,1.2856,0.8089,1.9233,1.4322,1.3979,1.3050,1.3656,1.4405,1.3979
2020-04-01,1.2846,0.8307,1.8985,1.4073,1.3379,1.3050,1.4076,1.4299,1.4073
2020-05-01,1.2894,0.8701,1.8741,1.2517,1.2079,1.1850,1.2296,1.3310,1.2296
2020-06-01,1.2993,0.8990,1.8775,1.1687,1.1279,1.1150,1.1856,1.1912,1.1687
2020-07-01,1.2801,0.8021,1.8334,1.1791,1.1079,1.0750,1.2026,1.1262,1.1262
2020-08-01,1.2673,0.8333,1.7591,1.1669,1.0779,1.0750,1.1416,1.0676,1.0779
2020-09-01,1.2588,0.7715,1.7595,1.2240,1.1779,1.1650,1.2056,1.2395,1.2056
2020-10-01,1.2604,0.7564,1.8356,1.1567,1.0879,1.0750,1.1686,1.2261,1.1567
2020-11-01,1.2460,0.7470,1.7671,1.3646,1.2979,1.2450,1.3396,1.4299,1.3396
2020-12-01,1.2591,0.6812,1.9377,1.0497,1.0179,0.9950,1.0876,1.1637,1.0497
2021-01-01,1.2532,0.7399,1.7853,1.0643,1.0279,1.0050,1.0746,1.2019,1.0643
2021-02-01,1.2510,0.7085,1.8059,0.9220,0.8579,0.8350,0.8916,1.0246,0.8916
2021-03-01,1.2658,0.8293,1.8263,1.0948,1.1079,1.0650,1.0506,1.1424,1.0948
2021-04-01,1.2668,0.7718,1.7766,1.1147,0.9779,0.9750,1.0666,1.1001,1.0666
2021-05-01,1.2798,0.7878,1.8199,1.0556,1.0079,1.0050,1.0746,1.1224,1.0556
2021-06-01,1.2696,0.8013,1.7886,1.0752,1.0679,1.0150,1.0826,1.0436,1.0679
2021-07-01,1.2609,0.7759,1.7642,1.1484,1.1379,1.0650,1.1376,1.1318,1.1376
2021-08-01,1.2665,0.7598,1.7736,1.1668,1.0279,1.0550,1.1676,1.1120,1.1120
2021-09-01,1.2637,0.6969,1.9568,1.2320,1.1379,1.1050,1.1926,1.2074,1.1926
2021-10-01,1.2697,0.7248,1.8213,1.2851,1.1979,1.1550,1.3006,1.2714,1.2714
2021-11-01,1.2707,0.6767,1.8515,1.2217,1.1379,1.1050,1.1836,1.2388,1.1836
2021-12-01,1.2905,0.6854,1.8156,1.1155,1.0979,1.0650,1.1156,1.2509,1.1155
2022-01-01,1.2824,0.8162,1.8893,1.1390,1.1279,1.0950,1.1326,1.2359,1.1326
2022-02-01,1.2905,0.6266,1.8568,1.1101,1.1079,1.0750,1.0896,1.1942,1.1079
2022-03-01,1.2987,0.6141,2.0479,1.2472,1.2579,1.2450,1.2606,1.3468,1.2579
2022-04-01,1.3087,0.6739,1.9274,1.1246,1.0479,1.0550,1.1146,1.1928,1.1146
2022-05-01,1.3116,0.6623,1.8674,1.1071,1.0579,0.9950,1.0876,1.1208,1.0876
2022-06-01,1.3036,0.6864,1.8118,1.2048,1.1379,1.0950,1.2426,1.1389,1.1389
2022-07-01,1.2902,0.6421,1.7407,1.1350,1.1579,1.0750,1.1906,1.1783,1.1579
2022-08-01,1.2835,0.6337,1.8206,1.2327,1.1579,1.0850,1.1806,1.0966,1.1579
2022-09-01,1.3053,0.6735,1.7971,1.1733,1.0979,1.0450,1.1526,1.1554,1.1526
2022-10-01,1.3349,0.7618,1.8743,1.3080,1.1879,1.1350,1.2926,1.2589,1.2589
2022-11-01,1.3079,0.6286,1.8110,1.0261,0.9479,0.9350,0.9906,1.0549,0.9906
2022-12-01,1.2806,0.8029,1.8169,1.1026,1.0179,1.0050,1.1506,1.1994,1.1026
2023-01-01,1.3242,0.9002,1.8792,1.1401,1.0879,1.0650,1.1276,1.2050,1.1276
2023-02-01,1.2701,0.7574,1.8750,1.2437,1.1779,1.1850,1.1916,1.2570,1.1916
2023-03-01,1.2833,0.7899,1.8243,1.4869,1.4479,1.4050,1.4536,1.4645,1.4536
2023-04-01,1.2945,0.8477,1.8001,1.2822,1.1979,1.1650,1.2916,1.2301,1.2301
2023-05-01,1.3275,0.8549,1.7883,1.2372,1.1579,1.1350,1.2376,1.2604,1.2372
2023-06-01,1.3327,0.8585,1.7924,1.4166,1.2979,1.2350,1.4226,1.3620,1.3620
2023-07-01,1.3277,0.8850,1.8000,1.5185,1.4079,1.3350,1.5866,1.5249,1.5185
2023-08-01,1.2899,0.8950,1.7747,1.5700,1.4079,1.4250,1.5866,1.5105,1.5105
2023-09-01,1.2984,0.8669,1.7850,1.7055,1.6979,1.5750,1.7216,1.7363,1.7055
2023-10-01,1.3215,0.9672,1.8511,1.6841,1.5579,1.5250,1.6586,1.6998,1.6586
2023-11-01,1.3223,0.9307,1.7564,1.6995,1.6179,1.5750,1.6616,1.7466,1.6616
2023-12-01,1.3123,0.9078,1.7608,1.6218,1.5679,1.5350,1.6456,1.7737,1.6218
2024-01-01,1.3563,0.9873,1.8512,1.5032,1.4679,1.4750,1.5046,1.6566,1.5032
2024-02-01,1.3591,0.9593,1.8132,1.6331,1.6579,1.5650,1.6296,1.7654,1.6331
2024-03-01,1.3619,0.8762,1.7986,1.5785,1.6079,1.4850,1.5316,1.6809,1.5785
2024-04-01,1.3417,1.0180,1.7313,1.5644,1.5279,1.4350,1.5396,1.5798,1.5396
2024-05-01,1.3843,1.0161,1.8553,1.4186,1.3779,1.3250,1.4186,1.5169,1.4186
2024-06-01,1.3316,0.8889,1.7682,1.4510,1.4479,1.3550,1.4926,1.5053,1.4510
2024-07-01,1.3447,0.8612,1.8160,1.4875,1.4179,1.3550,1.4946,1.4811,1.4811
2024-08-01,1.3411,0.8271,1.9089,1.5730,1.5179,1.4150,1.5266,1.5125,1.5179
2024-09-01,1.3193,0.7473,1.7575,1.5008,1.4279,1.3950,1.5276,1.5337,1.5008
2024-10-01,1.3350,0.7746,1.8740,1.5579,1.5679,1.4850,1.6136,1.6489,1.5679
2024-11-01,1.3183,0.8193,1.8428,1.5660,1.5179,1.4750,1.5986,1.6212,1.5660
2024-12-01,1.3650,0.8739,1.8475,1.4824,1.4879,1.4350,1.5536,1.6873,1.4879
2025-01-01,1.3855,0.8103,1.9642,1.6105,1.5979,1.4850,1.6236,1.7454,1.6105
2025-02-01,1.3601,0.7834,1.9328,1.4686,1.4779,1.4050,1.5206,1.5916,1.4779
2025-03-01,1.3708,0.8268,1.8227,1.5173,1.5879,1.4950,1.5366,1.6030,1.5366
2025-04-01,1.3882,0.9268,1.8521,1.4472,1.4579,1.3750,1.4716,1.5109,1.4579
2025-05-01,1.3819,0.9594,1.9298,1.3061,1.2979,1.2350,1.3446,1.3957,1.3061
2025-06-01,1.3754,0.9889,1.8533,1.2397,1.2879,1.1350,1.3256,1.3051,1.2879
2025-07-01,1.3692,0.9224,1.8470,1.2885,1.2379,1.1250,1.3066,1.2499,1.2499
2025-08-01,1.3966,0.9315,1.9481,1.3731,1.3979,1.2250,1.3836,1.2909,1.3731
2025-09-01,1.3995,0.9487,1.9229,1.4596,1.4679,1.3050,1.5056,1.4682,1.4679
2025-10-01,1.4013,0.8528,2.0046,1.4475,1.4079,1.3150,1.4916,1.5453,1.4475
2025-11-01,1.3751,0.7978,2.0260,1.4284,1.4279,1.3150,1.4676,1.5417,1.4284
2025-12-01,1.3788,0.8700,1.9924,1.2783,1.2779,1.2050,1.3506,1.4152,1.2783
2026-01-01,1.4055,0.8265,2.0177,1.3519,1.2979,1.2850,1.4056,1.4696,1.3519
2026-02-01,1.3928,0.8541,1.9913,1.4054,1.4579,1.3350,1.4736,1.4961,1.4579
2026-03-01,1.3843,0.9343,1.9094,1.4018,1.5379,1.3850,1.4726,1.4840,1.4726
2026-04-01,1.3929,0.9026,1.8572,1.3925,1.3879,1.3150,1.4286,1.4332,1.3925
2026-05-01,1.4188,0.8948,1.9225,1.3662,1.3479,1.2650,1.4046,1.4155,1.3662
2026-06-01,1.4161,0.9811,1.9181,1.4245,1.3979,1.2850,1.4606,1.3893,1.3979
2026-07-01,1.4160,0.8550,1.9007,,1.4479,1.3550,1.5246,1.4719,1.4599
2026-08-01,1.3954,0.8270,1.9769,,,,,,
2026-09-01,1.4290,0.8335,1.9693,,,,,,
2026-10-01,1.4244,0.9101,2.0247,,,,,,
2026-11-01,1.4253,0.9211,2.0180,,,,,,
2026-12-01,1.4234,0.7759,1.9688,,,,,,
2027-01-01,1.4207,0.8831,1.9732,,,,,,
2027-02-01,1.4531,0.9582,1.9925,,,,,,
2027-03-01,1.4707,0.9551,2.0072,,,,,,
2027-04-01,1.4465,0.9934,1.9564,,,,,,
2027-05-01,1.4297,0.9656,2.0044,,,,,,
2027-06-01,1.4386,1.0366,2.0775,,,,,,
2027-07-01,1.4691,1.0035,2.0725,,,,,,
2027-08-01,1.4458,0.9878,2.0951,,,,,,
2027-09-01,1.4579,1.0351,2.0816,,,,,,
2027-10-01,1.4401,1.0210,2.0228,,,,,,
2027-11-01,1.4736,1.0398,2.1058,,,,,,
2027-12-01,1.4915,0.9996,2.1656,,,,,,
2028-01-01,1.5272,0.9870,2.1221,,,,,,
2028-02-01,1.4907,1.0540,2.1911,,,,,,
2028-03-01,1.4661,0.8265,2.1031,,,,,,
2028-04-01,1.4842,0.9524,2.2043,,,,,,
2028-05-01,1.4679,0.9715,2.1403,,,,,,
2028-06-01,1.4610,0.9456,2.1336,,,,,,
2028-07-01,1.4651,0.9458,2.2356,,,,,,
2028-08-01,1.4719,0.9611,2.2227,,,,,,
2028-09-01,1.4803,0.9294,2.1889,,,,,,
2028-10-01,1.5067,0.8074,2.2123,,,,,,
2028-11-01,1.4926,0.8904,2.2246,,,,,,
2028-12-01,1.4800,0.8507,2.1213,,,,,,
2029-01-01,1.4889,0.8641,2.2917,,,,,,
2029-02-01,1.5194,0.9693,2.3359,,,,,,
2029-03-01,1.5142,0.9415,2.1552,,,,,,
2029-04-01,1.4692,0.7943,2.2024,,,,,,
2029-05-01,1.5030,0.9233,2.1604,,,,,,
2029-06-01,1.5007,0.9430,2.1117,,,,,,
2029-07-01,1.4890,0.8902,2.0829,,,,,,
2029-08-01,1.5089,0.9056,2.1272,,,,,,
2029-09-01,1.5111,0.9236,2.1596,,,,,,
2029-10-01,1.5183,0.9264,2.1901,,,,,,
2029-11-01,1.5418,0.9153,2.0815,,,,,,
2029-12-01,1.5399,0.8800,2.1808,,,,,,
2030-01-01,1.5438,1.0495,2.1682,,,,,,
2030-02-01,1.5291,1.0041,2.0539,,,,,,
2030-03-01,1.5882,1.0682,2.2220,,,,,,
2030-04-01,1.5444,1.0961,2.1325,,,,,,
2030-05-01,1.5384,0.9680,2.1431,,,,,,
2030-06-01,1.5254,1.0624,2.1435,,,,,,
2030-07-01,1.5283,0.9838,2.1750,,,,,,
2030-08-01,1.5258,1.0014,2.2786,,,,,,
2030-09-01,1.5354,1.0763,2.2818,,,,,,
2030-10-01,1.5444,1.0336,2.2753,,,,,,
2030-11-01,1.5474,1.0166,2.3056,,,,,,
2030-12-01,1.5252,1.0629,2.1680,,,,,,
2031-01-01,1.5018,0.9190,2.1922,,,,,,
2031-02-01,1.5101,0.9639,2.1972,,,,,,
2031-03-01,1.5286,0.9808,2.2710,,,,,,
2031-04-01,1.5006,0.9883,2.2258,,,,,,
2031-05-01,1.4953,0.9266,2.1680,,,,,,
2031-06-01,1.5061,0.8850,2.1541,,,,,,
2031-07-01,1.5108,0.9424,2.1699,,,,,,
2031-08-01,1.4861,0.8919,2.1513,,,,,,
2031-09-01,1.5015,0.9180,2.1703,,,,,,
2031-10-01,1.5215,0.9054,2.1767,,,,,,
2031-11-01,1.5255,0.8059,2.1051,,,,,,
2031-12-01,1.5168,0.7924,2.1574,,,,,,
2032-01-01,1.6027,0.9459,2.2240,,,,,,
2032-02-01,1.5810,1.1016,2.1801,,,,,,
2032-03-01,1.5725,1.1043,2.0861,,,,,,
2032-04-01,1.5548,1.0095,2.0498,,,,,,
2032-05-01,1.5642,1.0159,2.2014,,,,,,
2032-06-01,1.5733,1.0118,2.1712,,,,,,
2032-07-01,1.5876,1.0338,2.1357,,,,,,
2032-08-01,1.5983,1.0205,2.2941,,,,,,
2032-09-01,1.6078,1.1063,2.2243,,,,,,
2032-10-01,1.5968,1.0493,2.2782,,,,,,
2032-11-01,1.6348,1.1415,2.3231,,,,,,
2032-12-01,1.6323,1.1207,2.2211,,,,,,
2033-01-01,1.6870,1.1697,2.5012,,,,,,
2033-02-01,1.6434,1.1842,2.3610,,,,,,
2033-03-01,1.6456,1.1687,2.3875,,,,,,
2033-04-01,1.6251,1.0765,2.2085,,,,,,
2033-05-01,1.5942,1.0383,2.1923,,,,,,
2033-06-01,1.6195,1.0181,2.3418,,,,,,
2033-07-01,1.6084,1.0176,2.3017,,,,,,
2033-08-01,1.6208,1.0361,2.2942,,,,,,
2033-09-01,1.6199,0.9994,2.2527,,,,,,
2033-10-01,1.6203,1.0009,2.2485,,,,,,
2033-11-01,1.6196,0.9490,2.2256,,,,,,
2033-12-01,1.6150,0.9913,2.2974,,,,,,
2034-01-01,1.6488,1.0266,2.4069,,,,,,
2034-02-01,1.6391,1.1498,2.4124,,,,,,
2034-03-01,1.6168,1.1694,2.2529,,,,,,
2034-04-01,1.6165,1.2579,2.1209,,,,,,
2034-05-01,1.6240,1.2293,2.2031,,,,,,
2034-06-01,1.5931,1.1846,2.1455,,,,,,
2034-07-01,1.6153,1.0730,2.2226,,,,,,
2034-08-01,1.6358,1.1080,2.1623,,,,,,
2034-09-01,1.6454,1.0890,2.3179,,,,,,
2034-10-01,1.6467,1.0498,2.3346,,,,,,
2034-11-01,1.6487,1.1446,2.2541,,,,,,
2034-12-01,1.6710,1.2629,2.3808,,,,,,
2035-01-01,1.6835,1.2945,2.4005,,,,,,
2035-02-01,1.6701,1.2077,2.3033,,,,,,
2035-03-01,1.6550,0.9656,2.2576,,,,,,
2035-04-01,1.6554,1.1294,2.2063,,,,,,
2035-05-01,1.6667,1.1048,2.2680,,,,,,
2035-06-01,1.6473,1.1289,2.1540,,,,,,
2035-07-01,1.6424,1.1296,2.1860,,,,,,
2035-08-01,1.6680,1.1569,2.3824,,,,,,
2035-09-01,1.6854,1.1855,2.4017,,,,,,
2035-10-01,1.7044,1.1427,2.5035,,,,,,
2035-11-01,1.6892,1.1580,2.3138,,,,,,
2035-12-01,1.6981,1.2162,2.2789,,,,,,
2036-01-01,1.6708,0.9024,2.3599,,,,,,
2036-02-01,1.6669,1.0783,2.3540,,,,,,
2036-03-01,1.6857,1.0934,2.3449,,,,,,
2036-04-01,1.6757,1.1745,2.2690,,,,,,
2036-05-01,1.6797,1.0930,2.2950,,,,,,
2036-06-01,1.6842,1.1522,2.3986,,,,,,
2036-07-01,1.6928,1.0760,2.4328,,,,,,
2036-08-01,1.6811,1.0692,2.3509,,,,,,
2036-09-01,1.6919,0.9466,2.4980,,,,,,
2036-10-01,1.7130,1.0381,2.3553,,,,,,
2036-11-01,1.7387,1.0162,2.3606,,,,,,
2036-12-01,1.7369,1.1221,2.3798,,,,,,
2037-01-01,1.7712,1.0304,2.4006,,,,,,
2037-02-01,1.7634,1.0878,2.3928,,,,,,
2037-03-01,1.7643,1.0982,2.3854,,,,,,
2037-04-01,1.7220,1.1063,2.2444,,,,,,
2037-05-01,1.7262,1.0907,2.3577,,,,,,
2037-06-01,1.7260,1.0840,2.4089,,,,,,
2037-07-01,1.7243,1.0755,2.3416,,,,,,
2037-08-01,1.7395,1.1010,2.4942,,,,,,
2037-09-01,1.7543,1.0521,2.3592,,,,,,
2037-10-01,1.7819,0.9927,2.3334,,,,,,
2037-11-01,1.7542,1.0486,2.4219,,,,,,
2037-12-01,1.7664,1.1692,2.3655,,,,,,
2038-01-01,1.7856,1.1049,2.3751,,,,,,
2038-02-01,1.7559,1.0948,2.3597,,,,,,
2038-03-01,1.7301,1.1273,2.3652,,,,,,
2038-04-01,1.7492,1.2241,2.3501,,,,,,
2038-05-01,1.7398,1.1435,2.4179,,,,,,
2038-06-01,1.7329,1.1192,2.3972,,,,,,
2038-07-01,1.7566,1.1965,2.4207,,,,,,
2038-08-01,1.7821,1.2054,2.4832,,,,,,
2038-09-01,1.8029,1.2038,2.3279,,,,,,
2038-10-01,1.8369,1.2945,2.4665,,,,,,
2038-11-01,1.8423,1.2364,2.5449,,,,,,
2038-12-01,1.8054,1.1815,2.4641,,,,,,
2039-01-01,1.8579,1.3645,2.5746,,,,,,
2039-02-01,1.8534,1.3891,2.5255,,,,,,
2039-03-01,1.8307,1.3151,2.5051,,,,,,
2039-04-01,1.8125,1.3384,2.4873,,,,,,
2039-05-01,1.7892,1.2536,2.5033,,,,,,
2039-06-01,1.7640,1.2005,2.4827,,,,,,
2039-07-01,1.7999,1.1756,2.5150,,,,,,
2039-08-01,1.8112,1.1712,2.5010,,,,,,
2039-09-01,1.8445,1.1792,2.5849,,,,,,
2039-10-01,1.8520,1.1388,2.5239,,,,,,
2039-11-01,1.8504,1.1127,2.5316,,,,,,
2039-12-01,1.8317,1.1568,2.6577,,,,,,
2040-01-01,1.8751,1.2358,2.6546,,,,,,
2040-02-01,1.8391,1.3171,2.5832,,,,,,
2040-03-01,1.8236,1.2571,2.4680,,,,,,
2040-04-01,1.8330,1.1707,2.4601,,,,,,
2040-05-01,1.8125,1.2712,2.3448,,,,,,
2040-06-01,1.8224,1.2379,2.5086,,,,,,
2040-07-01,1.8139,1.3080,2.3534,,,,,,
2040-08-01,1.8270,1.3058,2.4523,,,,,,
2040-09-01,1.8510,1.3204,2.5388,,,,,,
2040-10-01,1.8833,1.2654,2.5696,,,,,,
2040-11-01,1.8881,1.3301,2.5640,,,,,,
2040-12-01,1.8953,1.3477,2.4206,,,,,,
