# Climate models vs observations — CMIP5 (RCP4.5), baseline 1981-2010
# Climate Dashboard (https://github.com/hausfath/climate-dashboard) — regenerated daily; this file: 2026-09-26
# Monthly means, all series referenced to 1981-2010. model_mean/p05/p95: ensemble mean and 5th-95th percentile across members.
# Observation columns: HadCRUT5, GISTEMP, NOAA, Berkeley Earth, ERA5 (C3S).
# The dashboard's 12-month view is a 12-month rolling mean of these monthly columns.
# All values in degrees Celsius unless a column says otherwise. Load with pandas.read_csv(..., comment='#').
date,model_mean_c,model_p05_c,model_p95_c,hadcrut5,gistemp,noaa,berkeley,copernicus,obs_median_c
1900-01-01,-0.6355,-1.0625,-0.2863,-0.8349,-0.7933,-0.6922,-0.6618,,-0.7428
1900-02-01,-0.6238,-0.9817,-0.2514,-0.5450,-0.4833,-0.3622,-0.3218,,-0.4228
1900-03-01,-0.5894,-1.0095,-0.2316,-0.5525,-0.4233,-0.4822,-0.4768,,-0.4795
1900-04-01,-0.5787,-0.9181,-0.2134,-0.5774,-0.5233,-0.5222,-0.5758,,-0.5496
1900-05-01,-0.5580,-0.9488,-0.2479,-0.6536,-0.5133,-0.5322,-0.6018,,-0.5670
1900-06-01,-0.5588,-0.9618,-0.2339,-0.5742,-0.5233,-0.4422,-0.5118,,-0.5176
1900-07-01,-0.5766,-0.9842,-0.2834,-0.5631,-0.5533,-0.5122,-0.6148,,-0.5582
1900-08-01,-0.5942,-0.9810,-0.2979,-0.5635,-0.5133,-0.5122,-0.5888,,-0.5384
1900-09-01,-0.6250,-0.9200,-0.3430,-0.5470,-0.4833,-0.5422,-0.5328,,-0.5375
1900-10-01,-0.6598,-1.0250,-0.3203,-0.4116,-0.3333,-0.4422,-0.3838,,-0.3977
1900-11-01,-0.7033,-1.0292,-0.2961,-0.6103,-0.4933,-0.5322,-0.5808,,-0.5565
1900-12-01,-0.7069,-1.0574,-0.2759,-0.5672,-0.4933,-0.4522,-0.5158,,-0.5046
1901-01-01,-0.6449,-1.1859,-0.1244,-0.6178,-0.6433,-0.5922,-0.6408,,-0.6293
1901-02-01,-0.6622,-1.0791,-0.2148,-0.6121,-0.5333,-0.5522,-0.5288,,-0.5428
1901-03-01,-0.6420,-1.0088,-0.1630,-0.5335,-0.3633,-0.3722,-0.5548,,-0.4529
1901-04-01,-0.6112,-0.9391,-0.2298,-0.5187,-0.4533,-0.4122,-0.5078,,-0.4806
1901-05-01,-0.6059,-0.9435,-0.2947,-0.5879,-0.5733,-0.5222,-0.4828,,-0.5478
1901-06-01,-0.5999,-0.9184,-0.2450,-0.6100,-0.5433,-0.5622,-0.5728,,-0.5675
1901-07-01,-0.5713,-1.0059,-0.2892,-0.6989,-0.5733,-0.5522,-0.6078,,-0.5906
1901-08-01,-0.5805,-0.9287,-0.2822,-0.5643,-0.6233,-0.5322,-0.6128,,-0.5886
1901-09-01,-0.6207,-0.9612,-0.2626,-0.7091,-0.6533,-0.6322,-0.6658,,-0.6596
1901-10-01,-0.6696,-1.0040,-0.3546,-0.6889,-0.7133,-0.6822,-0.7108,,-0.6999
1901-11-01,-0.6897,-1.0652,-0.3403,-0.7271,-0.5933,-0.6122,-0.7348,,-0.6697
1901-12-01,-0.6738,-1.0251,-0.2860,-0.8183,-0.7033,-0.5222,-0.6488,,-0.6761
1902-01-01,-0.6287,-0.9682,-0.2889,-0.7784,-0.5933,-0.6122,-0.6638,,-0.6380
1902-02-01,-0.6158,-0.9777,-0.2243,-0.5781,-0.5133,-0.4822,-0.5268,,-0.5201
1902-03-01,-0.6283,-0.9273,-0.3332,-0.8086,-0.7033,-0.7222,-0.7928,,-0.7575
1902-04-01,-0.6419,-0.9334,-0.2665,-0.7978,-0.7033,-0.6622,-0.7268,,-0.7151
1902-05-01,-0.6132,-0.9146,-0.2937,-0.7881,-0.7533,-0.6222,-0.7328,,-0.7431
1902-06-01,-0.6160,-0.9455,-0.2884,-0.8027,-0.7433,-0.5622,-0.7378,,-0.7406
1902-07-01,-0.5985,-0.9026,-0.3159,-0.7648,-0.7033,-0.5722,-0.7508,,-0.7271
1902-08-01,-0.5945,-0.9446,-0.2866,-0.7835,-0.7233,-0.6122,-0.8228,,-0.7534
1902-09-01,-0.6305,-0.9425,-0.2592,-0.7260,-0.7133,-0.6622,-0.7158,,-0.7146
1902-10-01,-0.6819,-1.1460,-0.2498,-0.8504,-0.7233,-0.6822,-0.8708,,-0.7869
1902-11-01,-0.7396,-1.1481,-0.4117,-0.9072,-0.7933,-0.7022,-0.8688,,-0.8311
1902-12-01,-0.7820,-1.2229,-0.3799,-0.9017,-0.8533,-0.7522,-0.8578,,-0.8556
1903-01-01,-0.7790,-1.2365,-0.4396,-0.7754,-0.6733,-0.6222,-0.6488,,-0.6611
1903-02-01,-0.7894,-1.2445,-0.3696,-0.5876,-0.4933,-0.6522,-0.6548,,-0.6199
1903-03-01,-0.7661,-1.2275,-0.3970,-0.7596,-0.6633,-0.6022,-0.6928,,-0.6781
1903-04-01,-0.7745,-1.1431,-0.4513,-0.9433,-0.8433,-0.8422,-0.9638,,-0.8933
1903-05-01,-0.7681,-1.2831,-0.4870,-0.8668,-0.8233,-0.7022,-0.8378,,-0.8306
1903-06-01,-0.7836,-1.3032,-0.4569,-0.9026,-0.8533,-0.7022,-0.7898,,-0.8216
1903-07-01,-0.8056,-1.3600,-0.4250,-0.8642,-0.7733,-0.7522,-0.8988,,-0.8188
1903-08-01,-0.8295,-1.3757,-0.4691,-0.9644,-0.8733,-0.8022,-1.0668,,-0.9189
1903-09-01,-0.8367,-1.2952,-0.4935,-0.9242,-0.9133,-0.8222,-0.8928,,-0.9031
1903-10-01,-0.8878,-1.4775,-0.4297,-1.0272,-0.8933,-0.8822,-0.9308,,-0.9121
1903-11-01,-0.9145,-1.4734,-0.5547,-0.9846,-0.8433,-0.7422,-0.9898,,-0.9140
1903-12-01,-0.9195,-1.3154,-0.4982,-1.0609,-0.9433,-0.9222,-0.9738,,-0.9586
1904-01-01,-0.8391,-1.1798,-0.4513,-1.1508,-1.0633,-1.0122,-1.1058,,-1.0846
1904-02-01,-0.8022,-1.2879,-0.2981,-1.1201,-1.0133,-0.9422,-1.1018,,-1.0576
1904-03-01,-0.8104,-1.2765,-0.3866,-1.0474,-0.9433,-0.7222,-0.9378,,-0.9406
1904-04-01,-0.7913,-1.2713,-0.3983,-0.9982,-0.9333,-0.9122,-0.9348,,-0.9341
1904-05-01,-0.7840,-1.2152,-0.5241,-0.9650,-0.9433,-0.8722,-0.9218,,-0.9326
1904-06-01,-0.7490,-1.1465,-0.5000,-0.9218,-0.9133,-0.8122,-0.8828,,-0.8981
1904-07-01,-0.7489,-1.1131,-0.4076,-0.9119,-0.9433,-0.8122,-0.9268,,-0.9194
1904-08-01,-0.7481,-1.2152,-0.4416,-0.8378,-0.9233,-0.7922,-0.8728,,-0.8553
1904-09-01,-0.7767,-1.2223,-0.4364,-0.9537,-0.9833,-0.8422,-0.9378,,-0.9458
1904-10-01,-0.8302,-1.3326,-0.3697,-0.9057,-0.8233,-0.7622,-0.8168,,-0.8201
1904-11-01,-0.8580,-1.3015,-0.4908,-0.7463,-0.6133,-0.6222,-0.7068,,-0.6645
1904-12-01,-0.8359,-1.3041,-0.4251,-0.8478,-0.7633,-0.6422,-0.8048,,-0.7841
1905-01-01,-0.7844,-1.3067,-0.3649,-0.8102,-0.7833,-0.7022,-0.8288,,-0.7968
1905-02-01,-0.7847,-1.3195,-0.4217,-1.0689,-1.0233,-0.9322,-1.0868,,-1.0461
1905-03-01,-0.7339,-1.1346,-0.3823,-0.8726,-0.6433,-0.6722,-0.9028,,-0.7724
1905-04-01,-0.7298,-1.0934,-0.3221,-0.9116,-0.7633,-0.7422,-0.9308,,-0.8375
1905-05-01,-0.6725,-1.0366,-0.3132,-0.7875,-0.7233,-0.6422,-0.7468,,-0.7351
1905-06-01,-0.6709,-1.0627,-0.3081,-0.6982,-0.7133,-0.5522,-0.6838,,-0.6910
1905-07-01,-0.6704,-1.1126,-0.3219,-0.7291,-0.6933,-0.5722,-0.6738,,-0.6836
1905-08-01,-0.6903,-1.0978,-0.3332,-0.6589,-0.6233,-0.6622,-0.7508,,-0.6606
1905-09-01,-0.7086,-1.1062,-0.3117,-0.7006,-0.6133,-0.7222,-0.7558,,-0.7114
1905-10-01,-0.7751,-1.2216,-0.4356,-0.6882,-0.6733,-0.7522,-0.6888,,-0.6885
1905-11-01,-0.8010,-1.2242,-0.4453,-0.5693,-0.5033,-0.6222,-0.7198,,-0.5958
1905-12-01,-0.7853,-1.2552,-0.3956,-0.6176,-0.5633,-0.7122,-0.6148,,-0.6162
1906-01-01,-0.7438,-1.2523,-0.3055,-0.6378,-0.7133,-0.7722,-0.6938,,-0.7036
1906-02-01,-0.7539,-1.2339,-0.3614,-0.7301,-0.7233,-0.6422,-0.6888,,-0.7061
1906-03-01,-0.7034,-1.2532,-0.3253,-0.6346,-0.6133,-0.6122,-0.5768,,-0.6128
1906-04-01,-0.6868,-1.2572,-0.3079,-0.4535,-0.4833,-0.4622,-0.4928,,-0.4728
1906-05-01,-0.6397,-1.1958,-0.2808,-0.7256,-0.6833,-0.6122,-0.7748,,-0.7045
1906-06-01,-0.6437,-1.1985,-0.2991,-0.5822,-0.6233,-0.5422,-0.5958,,-0.5890
1906-07-01,-0.6200,-1.1756,-0.2893,-0.7000,-0.6533,-0.5222,-0.6178,,-0.6356
1906-08-01,-0.6611,-1.0964,-0.3608,-0.6260,-0.6233,-0.6522,-0.6778,,-0.6391
1906-09-01,-0.6495,-1.1163,-0.2583,-0.7057,-0.7033,-0.6322,-0.7348,,-0.7045
1906-10-01,-0.7040,-1.1738,-0.3477,-0.6736,-0.6233,-0.6022,-0.6028,,-0.6131
1906-11-01,-0.7440,-1.1521,-0.4070,-0.8841,-0.8033,-0.6722,-0.7688,,-0.7861
1906-12-01,-0.7668,-1.2236,-0.3484,-0.6705,-0.5733,-0.4522,-0.6878,,-0.6219
1907-01-01,-0.6856,-1.1156,-0.3813,-0.8695,-0.8533,-0.7522,-0.8748,,-0.8614
1907-02-01,-0.6564,-1.0246,-0.2967,-0.9694,-0.9333,-0.9022,-0.9578,,-0.9456
1907-03-01,-0.6513,-1.0932,-0.3089,-0.7816,-0.6933,-0.7022,-0.7488,,-0.7255
1907-04-01,-0.6513,-1.0621,-0.3647,-0.8263,-0.7933,-0.8422,-0.7988,,-0.8126
1907-05-01,-0.6142,-0.9529,-0.3044,-0.9911,-0.8833,-0.8522,-0.9858,,-0.9346
1907-06-01,-0.6466,-1.0455,-0.3096,-0.8924,-0.8433,-0.7922,-0.8828,,-0.8631
1907-07-01,-0.6424,-1.0639,-0.3091,-0.7857,-0.7733,-0.6922,-0.8368,,-0.7795
1907-08-01,-0.6573,-1.1469,-0.2774,-0.8465,-0.7733,-0.7122,-0.8868,,-0.8099
1907-09-01,-0.6907,-1.0724,-0.3246,-0.7539,-0.7633,-0.7122,-0.8458,,-0.7586
1907-10-01,-0.7344,-1.1357,-0.4047,-0.6866,-0.6533,-0.6522,-0.6638,,-0.6586
1907-11-01,-0.7800,-1.2440,-0.3883,-0.9024,-0.8933,-0.7922,-0.9188,,-0.8979
1907-12-01,-0.7734,-1.1868,-0.3699,-0.9362,-0.8933,-0.8422,-0.8638,,-0.8786
1908-01-01,-0.7026,-1.2270,-0.3071,-0.8071,-0.8733,-0.8922,-0.9058,,-0.8828
1908-02-01,-0.6682,-1.1157,-0.2694,-0.7604,-0.7533,-0.6522,-0.8178,,-0.7569
1908-03-01,-0.6493,-1.0603,-0.3070,-1.0504,-0.9833,-0.9022,-1.0688,,-1.0169
1908-04-01,-0.6113,-1.0114,-0.2462,-0.9355,-0.8733,-0.9322,-1.0378,,-0.9339
1908-05-01,-0.6057,-0.9921,-0.2042,-0.7922,-0.8033,-0.7722,-0.8668,,-0.7978
1908-06-01,-0.6062,-0.9977,-0.1676,-0.7633,-0.8133,-0.7322,-0.8758,,-0.7883
1908-07-01,-0.6487,-1.0683,-0.2937,-0.7498,-0.7833,-0.7022,-0.7788,,-0.7643
1908-08-01,-0.6539,-0.9291,-0.3781,-0.8352,-0.8933,-0.8322,-0.9258,,-0.8643
1908-09-01,-0.6780,-0.9733,-0.3756,-0.7372,-0.7833,-0.7822,-0.8098,,-0.7828
1908-10-01,-0.7234,-1.0501,-0.3598,-0.9218,-0.8633,-0.8522,-0.8168,,-0.8578
1908-11-01,-0.7731,-1.1667,-0.5162,-0.9919,-0.9433,-0.8322,-0.9778,,-0.9606
1908-12-01,-0.7197,-1.0288,-0.4224,-0.9841,-0.9233,-0.8422,-0.9738,,-0.9486
1909-01-01,-0.6858,-1.0295,-0.2787,-1.1090,-1.1633,-1.0222,-1.1218,,-1.1154
1909-02-01,-0.6765,-1.0579,-0.3483,-0.8873,-0.8933,-0.7922,-0.9468,,-0.8903
1909-03-01,-0.6419,-0.9882,-0.3509,-1.0059,-0.9733,-0.8822,-1.0118,,-0.9896
1909-04-01,-0.6049,-0.9294,-0.3402,-0.9857,-1.0233,-0.8722,-1.0178,,-1.0018
1909-05-01,-0.5755,-0.8214,-0.2722,-0.9438,-0.9733,-0.8022,-0.9728,,-0.9583
1909-06-01,-0.5753,-0.8791,-0.3280,-0.8610,-0.9433,-0.8122,-0.8938,,-0.8774
1909-07-01,-0.6128,-0.8550,-0.3546,-0.8818,-0.8833,-0.8022,-0.9508,,-0.8826
1909-08-01,-0.6034,-0.8931,-0.3631,-0.6830,-0.7633,-0.7322,-0.7358,,-0.7340
1909-09-01,-0.6252,-1.0035,-0.2955,-0.7619,-0.8133,-0.7422,-0.8048,,-0.7834
1909-10-01,-0.6741,-1.0321,-0.3869,-0.8440,-0.8233,-0.7222,-0.8248,,-0.8241
1909-11-01,-0.6973,-1.0829,-0.3775,-0.7386,-0.7533,-0.6722,-0.8008,,-0.7460
1909-12-01,-0.7217,-1.1313,-0.4368,-0.9461,-0.9933,-0.8022,-0.9028,,-0.9245
1910-01-01,-0.6620,-1.0464,-0.3469,-0.7722,-0.8533,-0.7222,-0.8138,,-0.7930
1910-02-01,-0.6299,-1.0187,-0.2663,-0.8592,-0.8433,-0.7922,-0.8378,,-0.8406
1910-03-01,-0.6249,-1.0501,-0.2662,-0.9564,-0.9333,-0.8422,-0.9558,,-0.9446
1910-04-01,-0.5816,-0.9251,-0.2538,-0.8802,-0.8533,-0.8022,-0.9868,,-0.8668
1910-05-01,-0.5742,-0.9336,-0.2953,-0.8778,-0.7733,-0.7322,-0.8358,,-0.8046
1910-06-01,-0.5538,-0.9554,-0.3144,-0.9068,-0.8233,-0.7222,-0.8968,,-0.8601
1910-07-01,-0.5594,-0.9169,-0.2892,-0.7967,-0.7733,-0.7222,-0.7938,,-0.7836
1910-08-01,-0.5648,-0.9829,-0.2745,-0.7453,-0.7933,-0.6722,-0.8478,,-0.7693
1910-09-01,-0.5994,-1.0571,-0.2771,-0.7717,-0.8133,-0.7422,-0.8468,,-0.7925
1910-10-01,-0.6584,-1.0793,-0.3049,-0.8321,-0.8333,-0.7922,-0.8058,,-0.8190
1910-11-01,-0.6815,-1.1117,-0.3587,-1.0228,-1.0033,-0.7622,-1.0038,,-1.0036
1910-12-01,-0.6801,-1.0479,-0.3428,-1.0993,-1.1033,-0.9222,-1.0408,,-1.0701
1911-01-01,-0.6489,-1.1171,-0.2903,-1.0119,-1.0533,-0.9422,-0.9988,,-1.0054
1911-02-01,-0.6115,-1.0946,-0.2663,-1.0621,-1.0133,-1.0022,-1.0798,,-1.0377
1911-03-01,-0.6226,-1.0105,-0.3172,-1.1197,-1.0333,-1.0022,-1.0518,,-1.0426
1911-04-01,-0.5918,-0.9061,-0.3089,-0.9974,-0.9733,-0.7922,-1.0358,,-0.9854
1911-05-01,-0.5763,-1.0251,-0.3217,-0.9962,-0.9433,-0.8522,-0.9638,,-0.9536
1911-06-01,-0.5669,-1.0210,-0.2352,-0.9148,-0.9333,-0.8222,-0.9428,,-0.9241
1911-07-01,-0.5828,-0.9191,-0.2896,-0.8518,-0.8533,-0.7822,-0.9408,,-0.8526
1911-08-01,-0.5842,-0.9583,-0.2524,-0.8646,-0.8633,-0.7722,-0.9198,,-0.8640
1911-09-01,-0.6082,-0.9734,-0.2839,-0.8556,-0.8333,-0.7322,-0.8818,,-0.8445
1911-10-01,-0.6691,-1.1071,-0.3495,-0.7068,-0.6933,-0.6222,-0.6738,,-0.6836
1911-11-01,-0.6782,-1.1700,-0.3892,-0.6988,-0.6433,-0.6022,-0.6798,,-0.6616
1911-12-01,-0.6681,-1.0788,-0.3485,-0.6579,-0.6533,-0.6022,-0.5838,,-0.6278
1912-01-01,-0.6274,-1.0707,-0.2545,-0.6817,-0.7033,-0.6922,-0.6848,,-0.6885
1912-02-01,-0.6388,-0.9937,-0.2675,-0.6671,-0.5933,-0.6222,-0.6098,,-0.6160
1912-03-01,-0.5752,-1.0057,-0.2973,-0.9114,-0.8233,-0.7922,-0.7948,,-0.8091
1912-04-01,-0.5699,-0.8856,-0.3020,-0.6921,-0.6133,-0.6122,-0.6948,,-0.6527
1912-05-01,-0.5527,-0.9588,-0.2855,-0.6899,-0.6433,-0.6222,-0.7518,,-0.6666
1912-06-01,-0.5644,-0.9390,-0.2738,-0.6451,-0.6733,-0.6222,-0.6328,,-0.6390
1912-07-01,-0.5919,-0.9323,-0.2924,-0.8651,-0.8533,-0.7522,-0.7528,,-0.8031
1912-08-01,-0.6409,-1.0125,-0.3412,-0.9353,-0.9733,-0.8522,-0.9488,,-0.9421
1912-09-01,-0.6801,-1.0563,-0.3193,-1.0009,-1.0033,-0.8422,-0.9748,,-0.9879
1912-10-01,-0.7317,-1.2335,-0.3895,-1.0399,-1.0133,-0.9522,-0.9438,,-0.9828
1912-11-01,-0.7363,-1.2498,-0.4557,-0.9113,-0.8233,-0.6622,-0.8358,,-0.8296
1912-12-01,-0.7234,-1.2564,-0.2871,-0.9313,-0.8633,-0.7022,-0.8658,,-0.8646
1913-01-01,-0.7186,-1.2126,-0.3472,-0.9010,-0.8433,-0.7722,-0.9328,,-0.8722
1913-02-01,-0.6688,-1.0511,-0.3475,-0.8949,-0.8933,-0.7322,-0.9368,,-0.8941
1913-03-01,-0.6809,-1.0526,-0.3837,-0.9564,-0.8633,-0.8222,-0.9248,,-0.8941
1913-04-01,-0.6340,-0.9972,-0.3190,-0.8777,-0.8333,-0.7822,-0.8078,,-0.8206
1913-05-01,-0.6500,-0.9870,-0.3870,-0.9023,-0.8733,-0.7822,-0.8978,,-0.8856
1913-06-01,-0.6624,-1.1046,-0.3452,-0.9013,-0.8833,-0.7422,-0.8508,,-0.8671
1913-07-01,-0.6493,-1.0312,-0.3461,-0.8421,-0.7933,-0.6822,-0.8248,,-0.8091
1913-08-01,-0.6634,-1.0615,-0.3570,-0.7550,-0.7633,-0.6422,-0.8008,,-0.7592
1913-09-01,-0.6954,-1.0257,-0.3324,-0.7729,-0.7733,-0.7222,-0.8788,,-0.7731
1913-10-01,-0.7661,-1.2003,-0.4604,-0.7971,-0.7533,-0.7122,-0.7408,,-0.7471
1913-11-01,-0.7824,-1.0711,-0.4560,-0.7166,-0.6333,-0.6222,-0.6518,,-0.6426
1913-12-01,-0.7523,-1.1370,-0.3250,-0.5049,-0.4633,-0.4222,-0.4238,,-0.4436
1914-01-01,-0.7101,-1.0121,-0.4079,-0.4263,-0.4033,-0.4722,-0.5458,,-0.4493
1914-02-01,-0.6752,-0.9637,-0.3451,-0.6103,-0.5333,-0.5122,-0.6858,,-0.5718
1914-03-01,-0.6564,-0.9477,-0.2932,-0.7475,-0.6833,-0.6422,-0.7908,,-0.7154
1914-04-01,-0.6143,-0.9164,-0.2688,-0.7560,-0.7333,-0.5822,-0.7858,,-0.7447
1914-05-01,-0.5898,-0.9069,-0.3186,-0.6634,-0.6433,-0.5622,-0.7648,,-0.6534
1914-06-01,-0.6112,-0.9680,-0.3251,-0.6655,-0.6833,-0.5622,-0.6828,,-0.6742
1914-07-01,-0.6104,-0.9778,-0.2231,-0.6528,-0.6733,-0.6422,-0.6208,,-0.6475
1914-08-01,-0.5916,-0.9510,-0.2605,-0.6008,-0.5933,-0.6222,-0.5898,,-0.5971
1914-09-01,-0.6419,-0.9678,-0.3235,-0.6576,-0.6033,-0.6122,-0.6598,,-0.6349
1914-10-01,-0.6973,-0.9801,-0.3907,-0.4649,-0.4633,-0.4522,-0.4258,,-0.4578
1914-11-01,-0.7251,-1.0679,-0.3616,-0.5372,-0.5933,-0.4022,-0.5608,,-0.5490
1914-12-01,-0.6908,-0.9627,-0.3129,-0.5929,-0.4733,-0.4322,-0.5608,,-0.5171
1915-01-01,-0.6529,-1.0015,-0.3198,-0.6383,-0.6433,-0.6022,-0.6918,,-0.6408
1915-02-01,-0.6422,-0.9951,-0.2470,-0.5685,-0.4633,-0.5422,-0.6308,,-0.5554
1915-03-01,-0.6029,-0.8866,-0.3000,-0.5503,-0.5333,-0.4322,-0.4548,,-0.4941
1915-04-01,-0.5654,-0.8798,-0.2531,-0.4402,-0.3633,-0.3422,-0.4768,,-0.4018
1915-05-01,-0.5447,-0.9124,-0.2698,-0.5314,-0.4833,-0.4322,-0.4878,,-0.4856
1915-06-01,-0.5410,-0.8030,-0.2982,-0.5292,-0.6533,-0.5022,-0.5188,,-0.5240
1915-07-01,-0.5246,-0.7911,-0.2413,-0.5320,-0.5533,-0.4122,-0.5648,,-0.5427
1915-08-01,-0.5514,-0.9160,-0.1633,-0.4196,-0.6533,-0.4522,-0.5508,,-0.5015
1915-09-01,-0.6052,-0.9478,-0.3046,-0.4676,-0.6333,-0.5022,-0.6298,,-0.5660
1915-10-01,-0.6769,-1.0255,-0.3456,-0.6370,-0.6733,-0.5922,-0.5568,,-0.6146
1915-11-01,-0.6778,-1.0467,-0.3520,-0.5255,-0.5633,-0.4422,-0.4878,,-0.5067
1915-12-01,-0.6777,-1.0111,-0.3345,-0.7076,-0.6433,-0.6522,-0.6908,,-0.6715
1916-01-01,-0.6602,-1.0064,-0.2419,-0.6913,-0.5633,-0.5722,-0.6668,,-0.6195
1916-02-01,-0.6183,-1.0713,-0.2097,-0.6201,-0.5733,-0.6322,-0.5608,,-0.5967
1916-03-01,-0.5664,-0.8791,-0.2253,-0.7901,-0.7133,-0.6722,-0.7678,,-0.7406
1916-04-01,-0.5546,-0.9230,-0.3079,-0.7354,-0.7333,-0.5822,-0.7378,,-0.7344
1916-05-01,-0.5188,-0.8091,-0.2473,-0.7819,-0.7833,-0.6222,-0.7378,,-0.7599
1916-06-01,-0.5275,-0.9157,-0.2761,-0.8531,-0.9233,-0.6522,-0.8108,,-0.8320
1916-07-01,-0.5454,-0.9565,-0.2360,-0.7417,-0.7933,-0.7222,-0.7338,,-0.7378
1916-08-01,-0.5467,-0.8963,-0.2235,-0.6517,-0.7033,-0.6522,-0.7388,,-0.6778
1916-09-01,-0.5844,-1.0258,-0.2599,-0.6803,-0.7833,-0.6822,-0.8058,,-0.7328
1916-10-01,-0.6428,-1.0340,-0.3306,-0.7277,-0.7533,-0.7422,-0.8978,,-0.7478
1916-11-01,-0.6425,-1.0521,-0.3369,-0.8650,-0.8933,-0.9122,-0.9588,,-0.9028
1916-12-01,-0.6401,-1.0378,-0.2787,-1.1667,-1.2433,-1.0622,-1.1128,,-1.1398
1917-01-01,-0.6274,-1.0067,-0.3073,-1.0475,-0.9933,-0.9122,-1.0798,,-1.0204
1917-02-01,-0.6298,-0.9280,-0.2751,-1.0719,-1.0533,-1.0122,-1.1148,,-1.0626
1917-03-01,-0.5725,-0.9115,-0.2380,-1.1356,-1.0533,-1.0822,-1.2228,,-1.1089
1917-04-01,-0.5515,-0.9515,-0.2342,-0.8991,-0.9733,-0.8322,-0.9348,,-0.9170
1917-05-01,-0.5107,-0.8446,-0.2737,-0.9961,-0.9833,-0.9322,-1.0208,,-0.9897
1917-06-01,-0.5088,-0.8768,-0.2311,-0.8339,-0.8633,-0.7722,-0.8698,,-0.8486
1917-07-01,-0.5345,-0.9389,-0.1948,-0.6129,-0.6833,-0.5622,-0.6718,,-0.6424
1917-08-01,-0.5401,-0.9147,-0.1367,-0.6944,-0.6533,-0.6722,-0.7148,,-0.6833
1917-09-01,-0.5751,-0.9016,-0.2039,-0.6585,-0.6533,-0.6422,-0.6388,,-0.6478
1917-10-01,-0.6132,-0.9687,-0.3228,-0.8886,-0.8733,-0.8522,-0.8308,,-0.8628
1917-11-01,-0.6589,-0.9935,-0.3572,-0.8108,-0.7633,-0.8122,-0.9038,,-0.8115
1917-12-01,-0.6305,-0.9027,-0.2698,-1.1431,-1.1033,-1.0222,-1.1588,,-1.1232
1918-01-01,-0.6414,-1.0291,-0.1909,-0.8743,-0.9033,-0.9222,-0.9508,,-0.9128
1918-02-01,-0.5937,-0.9587,-0.1978,-1.0328,-0.7733,-0.9122,-1.0608,,-0.9725
1918-03-01,-0.5932,-0.9337,-0.2499,-0.9377,-0.6833,-0.7622,-0.9348,,-0.8485
1918-04-01,-0.5412,-0.9445,-0.2599,-0.9820,-0.8733,-0.9022,-0.9228,,-0.9125
1918-05-01,-0.5413,-0.8502,-0.2556,-0.8825,-0.8533,-0.8222,-0.9058,,-0.8679
1918-06-01,-0.5213,-0.9007,-0.2167,-0.7448,-0.7933,-0.8222,-0.8098,,-0.8016
1918-07-01,-0.5045,-0.8449,-0.2323,-0.7261,-0.7433,-0.6622,-0.7268,,-0.7265
1918-08-01,-0.4825,-0.7729,-0.1947,-0.7996,-0.7433,-0.7622,-0.8408,,-0.7809
1918-09-01,-0.5207,-0.7913,-0.2375,-0.6297,-0.5933,-0.6022,-0.6508,,-0.6160
1918-10-01,-0.5830,-0.8954,-0.3612,-0.4727,-0.4833,-0.5522,-0.4758,,-0.4796
1918-11-01,-0.6140,-1.0040,-0.3227,-0.5245,-0.5433,-0.6022,-0.4708,,-0.5339
1918-12-01,-0.6167,-0.9795,-0.2704,-0.7725,-0.7233,-0.6622,-0.6758,,-0.6996
1919-01-01,-0.6043,-1.0079,-0.3194,-0.5989,-0.6233,-0.5022,-0.6808,,-0.6111
1919-02-01,-0.6082,-1.0744,-0.1967,-0.5916,-0.6633,-0.6622,-0.6318,,-0.6470
1919-03-01,-0.5855,-1.0241,-0.1970,-0.7491,-0.6333,-0.7122,-0.7858,,-0.7307
1919-04-01,-0.5426,-0.9291,-0.2385,-0.5651,-0.5533,-0.4322,-0.5868,,-0.5592
1919-05-01,-0.5355,-0.8899,-0.2571,-0.6682,-0.7033,-0.5922,-0.6898,,-0.6790
1919-06-01,-0.5053,-0.7947,-0.2629,-0.7244,-0.7833,-0.6322,-0.7278,,-0.7261
1919-07-01,-0.5078,-0.8585,-0.2443,-0.6760,-0.7133,-0.6522,-0.7578,,-0.6947
1919-08-01,-0.5063,-0.7911,-0.2228,-0.6133,-0.7533,-0.6822,-0.7838,,-0.7178
1919-09-01,-0.5338,-0.8137,-0.2160,-0.6496,-0.6733,-0.5522,-0.7398,,-0.6615
1919-10-01,-0.5676,-0.9053,-0.1902,-0.6280,-0.6233,-0.6722,-0.7058,,-0.6501
1919-11-01,-0.5992,-0.9064,-0.2630,-0.9164,-0.8433,-0.6822,-0.8078,,-0.8256
1919-12-01,-0.5939,-0.9252,-0.2682,-0.8740,-0.8533,-0.6822,-0.7968,,-0.8251
1920-01-01,-0.5619,-0.8457,-0.1967,-0.6315,-0.6833,-0.4622,-0.6348,,-0.6332
1920-02-01,-0.5508,-0.8748,-0.2256,-0.9010,-0.6933,-0.6322,-0.7508,,-0.7221
1920-03-01,-0.5371,-0.9053,-0.2208,-0.5244,-0.5433,-0.4722,-0.6108,,-0.5339
1920-04-01,-0.5107,-0.7267,-0.2622,-0.6972,-0.6733,-0.6822,-0.6998,,-0.6897
1920-05-01,-0.5011,-0.8367,-0.2470,-0.6164,-0.6933,-0.5322,-0.6668,,-0.6416
1920-06-01,-0.4812,-0.8548,-0.1683,-0.6075,-0.7833,-0.5822,-0.6078,,-0.6077
1920-07-01,-0.4855,-0.8743,-0.1738,-0.6737,-0.7333,-0.6422,-0.7088,,-0.6913
1920-08-01,-0.4972,-0.8694,-0.1278,-0.5889,-0.6833,-0.6322,-0.6368,,-0.6345
1920-09-01,-0.5314,-0.8364,-0.1614,-0.5605,-0.6433,-0.5822,-0.5618,,-0.5720
1920-10-01,-0.5926,-0.9451,-0.2470,-0.5776,-0.6933,-0.5822,-0.5878,,-0.5850
1920-11-01,-0.5930,-0.9617,-0.1652,-0.6943,-0.7033,-0.6622,-0.6238,,-0.6783
1920-12-01,-0.5995,-0.9725,-0.1150,-0.8470,-0.8933,-0.8022,-0.7918,,-0.8246
1921-01-01,-0.5458,-0.8475,-0.1147,-0.5852,-0.4733,-0.5122,-0.6388,,-0.5487
1921-02-01,-0.5490,-0.9502,-0.1639,-0.6506,-0.6033,-0.6622,-0.6458,,-0.6482
1921-03-01,-0.4972,-0.8810,-0.1380,-0.7032,-0.6533,-0.6522,-0.7598,,-0.6783
1921-04-01,-0.4966,-0.8357,-0.1970,-0.6492,-0.7233,-0.6422,-0.7118,,-0.6805
1921-05-01,-0.4886,-0.7893,-0.1387,-0.6557,-0.7233,-0.5922,-0.7378,,-0.6895
1921-06-01,-0.4962,-0.8512,-0.1191,-0.5163,-0.6933,-0.5522,-0.6168,,-0.5845
1921-07-01,-0.4924,-0.8447,-0.1565,-0.5072,-0.5733,-0.5222,-0.5048,,-0.5147
1921-08-01,-0.4949,-0.8556,-0.1631,-0.6725,-0.6933,-0.6122,-0.5828,,-0.6424
1921-09-01,-0.5283,-0.8916,-0.2035,-0.5521,-0.6133,-0.6022,-0.5898,,-0.5960
1921-10-01,-0.6154,-1.0260,-0.2427,-0.4849,-0.4533,-0.5222,-0.4588,,-0.4719
1921-11-01,-0.6280,-0.9996,-0.2575,-0.5494,-0.5733,-0.5122,-0.5538,,-0.5516
1921-12-01,-0.5864,-0.9303,-0.2535,-0.6362,-0.6033,-0.5222,-0.5548,,-0.5791
1922-01-01,-0.5723,-0.9335,-0.1485,-0.7740,-0.7633,-0.6622,-0.7498,,-0.7566
1922-02-01,-0.5437,-0.8695,-0.1582,-0.7612,-0.8733,-0.8022,-0.7818,,-0.7920
1922-03-01,-0.5187,-0.9587,-0.1647,-0.6862,-0.5733,-0.5722,-0.6568,,-0.6151
1922-04-01,-0.4986,-0.7545,-0.2209,-0.6503,-0.6533,-0.5722,-0.5978,,-0.6241
1922-05-01,-0.4815,-0.7985,-0.1804,-0.8237,-0.7533,-0.7222,-0.7808,,-0.7671
1922-06-01,-0.4763,-0.7755,-0.1141,-0.6520,-0.7333,-0.6922,-0.7448,,-0.7128
1922-07-01,-0.4699,-0.7705,-0.0918,-0.6190,-0.6933,-0.6722,-0.6278,,-0.6500
1922-08-01,-0.4708,-0.7958,-0.1128,-0.7094,-0.7533,-0.7422,-0.7348,,-0.7385
1922-09-01,-0.4834,-0.8166,-0.1229,-0.6717,-0.7733,-0.6722,-0.7318,,-0.7020
1922-10-01,-0.5211,-0.8193,-0.1775,-0.7031,-0.7333,-0.6822,-0.6778,,-0.6927
1922-11-01,-0.6067,-0.9610,-0.2713,-0.6096,-0.5633,-0.4722,-0.6588,,-0.5865
1922-12-01,-0.5824,-0.9540,-0.1563,-0.6630,-0.6233,-0.5122,-0.6838,,-0.6432
1923-01-01,-0.5519,-0.8855,-0.2107,-0.7599,-0.6933,-0.6622,-0.7248,,-0.7091
1923-02-01,-0.5178,-0.8996,-0.1228,-0.8443,-0.8133,-0.7022,-0.8258,,-0.8196
1923-03-01,-0.5055,-0.8559,-0.1621,-0.8150,-0.7633,-0.7822,-0.8438,,-0.7986
1923-04-01,-0.4738,-0.8340,-0.1838,-0.7631,-0.8333,-0.7022,-0.7828,,-0.7730
1923-05-01,-0.4584,-0.7844,-0.1493,-0.7561,-0.7633,-0.6822,-0.7038,,-0.7300
1923-06-01,-0.4681,-0.7934,-0.0778,-0.6146,-0.7133,-0.5822,-0.5818,,-0.5984
1923-07-01,-0.4511,-0.7736,-0.1612,-0.7698,-0.7333,-0.7422,-0.6898,,-0.7378
1923-08-01,-0.4660,-0.8197,-0.1581,-0.6765,-0.7633,-0.7522,-0.6978,,-0.7250
1923-09-01,-0.4809,-0.7373,-0.1488,-0.6889,-0.7333,-0.6922,-0.7188,,-0.7055
1923-10-01,-0.5412,-0.9147,-0.2276,-0.5240,-0.5533,-0.5922,-0.4958,,-0.5387
1923-11-01,-0.5916,-0.9158,-0.2559,-0.3807,-0.4433,-0.4122,-0.4208,,-0.4165
1923-12-01,-0.5978,-0.8773,-0.2272,-0.4469,-0.4633,-0.4322,-0.3778,,-0.4396
1924-01-01,-0.5581,-0.9149,-0.1550,-0.6837,-0.6433,-0.6122,-0.7198,,-0.6635
1924-02-01,-0.5364,-0.9036,-0.1596,-0.6652,-0.6533,-0.6022,-0.6098,,-0.6316
1924-03-01,-0.5107,-0.9126,-0.1452,-0.5330,-0.5133,-0.5122,-0.5218,,-0.5176
1924-04-01,-0.4957,-0.8523,-0.2063,-0.6936,-0.7233,-0.6122,-0.7568,,-0.7085
1924-05-01,-0.4425,-0.7337,-0.1489,-0.5675,-0.6033,-0.5722,-0.6288,,-0.5878
1924-06-01,-0.4429,-0.7743,-0.1704,-0.6253,-0.6833,-0.6122,-0.6028,,-0.6188
1924-07-01,-0.4658,-0.7540,-0.1397,-0.6514,-0.7133,-0.7122,-0.6688,,-0.6905
1924-08-01,-0.4930,-0.7536,-0.1872,-0.6692,-0.7833,-0.7022,-0.7738,,-0.7380
1924-09-01,-0.4989,-0.7736,-0.2040,-0.6807,-0.7433,-0.6822,-0.7048,,-0.6935
1924-10-01,-0.5737,-0.9073,-0.2916,-0.7147,-0.7733,-0.6722,-0.6818,,-0.6983
1924-11-01,-0.5819,-0.8965,-0.2525,-0.6387,-0.6233,-0.6222,-0.6378,,-0.6306
1924-12-01,-0.5539,-0.9366,-0.1676,-0.8452,-0.8533,-0.7222,-0.8238,,-0.8345
1925-01-01,-0.5049,-0.9220,-0.0111,-0.8401,-0.8033,-0.8422,-0.8548,,-0.8412
1925-02-01,-0.4921,-0.8312,0.0390,-0.8299,-0.8133,-0.7222,-0.8868,,-0.8216
1925-03-01,-0.4859,-0.8387,-0.0085,-0.7293,-0.6933,-0.6522,-0.7228,,-0.7081
1925-04-01,-0.5154,-0.8503,-0.2215,-0.6563,-0.6833,-0.5722,-0.6998,,-0.6698
1925-05-01,-0.4746,-0.8666,-0.0906,-0.6629,-0.7133,-0.6322,-0.6388,,-0.6509
1925-06-01,-0.4717,-0.9200,-0.1815,-0.6957,-0.7533,-0.6422,-0.6538,,-0.6748
1925-07-01,-0.4615,-0.7893,-0.1402,-0.6929,-0.6933,-0.6222,-0.6648,,-0.6789
1925-08-01,-0.4867,-0.8562,-0.1484,-0.5212,-0.6333,-0.6122,-0.5948,,-0.6035
1925-09-01,-0.5025,-0.8317,-0.1473,-0.6095,-0.6233,-0.6322,-0.6228,,-0.6231
1925-10-01,-0.5429,-0.8401,-0.2689,-0.6379,-0.5933,-0.5422,-0.5088,,-0.5678
1925-11-01,-0.5726,-1.0170,-0.2312,-0.3996,-0.3733,-0.4522,-0.4628,,-0.4259
1925-12-01,-0.5575,-0.8914,-0.1867,-0.3370,-0.3633,-0.3822,-0.3718,,-0.3676
1926-01-01,-0.5409,-1.0035,-0.1056,-0.2661,-0.2133,-0.2722,-0.2978,,-0.2692
1926-02-01,-0.4994,-0.8486,-0.1333,-0.3796,-0.4033,-0.4222,-0.4808,,-0.4128
1926-03-01,-0.4685,-0.8632,-0.0642,-0.3319,-0.3133,-0.2922,-0.4098,,-0.3226
1926-04-01,-0.4777,-0.9069,-0.1968,-0.5126,-0.5533,-0.4322,-0.5638,,-0.5330
1926-05-01,-0.4642,-0.8341,-0.1148,-0.6221,-0.6533,-0.6322,-0.6268,,-0.6295
1926-06-01,-0.4676,-0.7980,-0.1191,-0.5361,-0.6833,-0.5422,-0.5588,,-0.5505
1926-07-01,-0.4544,-0.7329,-0.1169,-0.5645,-0.6933,-0.6522,-0.6568,,-0.6545
1926-08-01,-0.4608,-0.6987,-0.1539,-0.4569,-0.5533,-0.5622,-0.5778,,-0.5578
1926-09-01,-0.4735,-0.8191,-0.1563,-0.4734,-0.5633,-0.5422,-0.5338,,-0.5380
1926-10-01,-0.5196,-0.9315,-0.2226,-0.4242,-0.5333,-0.4022,-0.3678,,-0.4132
1926-11-01,-0.5527,-0.9587,-0.1958,-0.4654,-0.4933,-0.5122,-0.4728,,-0.4831
1926-12-01,-0.5430,-0.8615,-0.2000,-0.6724,-0.7233,-0.6622,-0.6108,,-0.6673
1927-01-01,-0.5128,-0.8461,-0.1015,-0.6657,-0.6933,-0.6722,-0.6628,,-0.6690
1927-02-01,-0.4951,-0.8937,-0.1370,-0.5620,-0.6033,-0.5422,-0.5688,,-0.5654
1927-03-01,-0.4612,-0.7990,-0.1303,-0.7639,-0.8133,-0.7822,-0.7438,,-0.7731
1927-04-01,-0.4474,-0.7631,-0.0767,-0.6711,-0.7333,-0.7122,-0.7448,,-0.7228
1927-05-01,-0.4424,-0.7446,-0.1168,-0.5867,-0.6833,-0.6222,-0.6118,,-0.6170
1927-06-01,-0.4303,-0.7606,-0.0595,-0.6053,-0.7033,-0.5822,-0.6078,,-0.6066
1927-07-01,-0.4269,-0.7507,-0.0777,-0.5665,-0.6133,-0.5822,-0.5008,,-0.5744
1927-08-01,-0.4408,-0.7411,-0.1253,-0.5622,-0.6633,-0.4622,-0.5118,,-0.5370
1927-09-01,-0.4616,-0.7853,-0.2237,-0.4640,-0.5433,-0.5222,-0.5498,,-0.5328
1927-10-01,-0.4958,-0.8129,-0.1869,-0.3769,-0.4333,-0.4022,-0.2908,,-0.3896
1927-11-01,-0.5289,-0.9102,-0.2098,-0.4760,-0.4833,-0.4622,-0.4278,,-0.4691
1927-12-01,-0.5484,-0.8680,-0.3050,-0.6753,-0.7533,-0.7322,-0.7078,,-0.7200
1928-01-01,-0.4845,-0.8182,-0.2005,-0.3805,-0.4433,-0.4922,-0.4228,,-0.4331
1928-02-01,-0.5200,-0.8582,-0.2155,-0.4784,-0.5133,-0.5322,-0.5338,,-0.5228
1928-03-01,-0.4785,-0.9163,-0.0893,-0.6738,-0.6733,-0.6322,-0.6728,,-0.6731
1928-04-01,-0.4312,-0.7138,-0.1095,-0.5915,-0.7133,-0.6422,-0.6358,,-0.6390
1928-05-01,-0.4439,-0.7277,-0.1243,-0.6577,-0.7233,-0.6222,-0.6728,,-0.6653
1928-06-01,-0.4365,-0.7138,-0.0824,-0.6876,-0.8133,-0.6022,-0.6538,,-0.6707
1928-07-01,-0.4298,-0.6534,-0.1171,-0.5459,-0.6233,-0.6022,-0.5828,,-0.5925
1928-08-01,-0.4482,-0.7031,-0.0265,-0.5328,-0.6433,-0.6422,-0.6008,,-0.6215
1928-09-01,-0.4672,-0.7123,-0.2498,-0.5618,-0.6333,-0.5322,-0.5708,,-0.5663
1928-10-01,-0.5151,-0.8474,-0.2392,-0.5419,-0.6133,-0.5822,-0.5308,,-0.5621
1928-11-01,-0.5461,-0.8747,-0.2274,-0.5283,-0.5233,-0.4922,-0.5778,,-0.5258
1928-12-01,-0.5305,-0.9452,-0.2384,-0.5873,-0.5833,-0.5322,-0.5498,,-0.5666
1929-01-01,-0.5495,-0.8178,-0.2520,-0.7899,-0.8733,-0.7722,-0.7628,,-0.7811
1929-02-01,-0.5275,-0.8629,-0.1921,-0.9566,-1.0033,-0.8522,-0.8948,,-0.9257
1929-03-01,-0.4962,-0.8281,-0.1591,-0.8406,-0.7533,-0.6922,-0.8168,,-0.7851
1929-04-01,-0.4784,-0.8416,-0.1533,-0.7963,-0.8433,-0.7822,-0.8378,,-0.8171
1929-05-01,-0.4733,-0.8047,-0.2254,-0.7904,-0.8033,-0.7522,-0.8288,,-0.7969
1929-06-01,-0.4637,-0.7599,-0.1812,-0.7586,-0.8533,-0.7822,-0.6508,,-0.7704
1929-07-01,-0.4422,-0.8012,-0.1386,-0.7908,-0.7933,-0.8122,-0.7718,,-0.7921
1929-08-01,-0.4651,-0.8025,-0.2040,-0.6173,-0.7533,-0.5922,-0.5898,,-0.6048
1929-09-01,-0.4773,-0.8357,-0.2528,-0.6286,-0.6733,-0.6222,-0.6818,,-0.6510
1929-10-01,-0.5363,-0.9296,-0.3049,-0.5695,-0.5633,-0.5722,-0.5478,,-0.5664
1929-11-01,-0.5699,-0.9881,-0.3112,-0.4926,-0.5433,-0.5522,-0.5078,,-0.5256
1929-12-01,-0.5452,-0.8141,-0.2024,-0.9176,-0.9733,-0.8722,-0.8608,,-0.8949
1930-01-01,-0.5230,-0.9436,-0.2144,-0.7140,-0.7333,-0.6722,-0.6748,,-0.6944
1930-02-01,-0.5256,-0.9612,-0.2298,-0.6931,-0.6933,-0.6322,-0.6818,,-0.6875
1930-03-01,-0.5226,-0.8776,-0.2103,-0.5997,-0.5333,-0.5622,-0.5578,,-0.5600
1930-04-01,-0.5019,-0.8278,-0.1893,-0.5797,-0.6733,-0.5522,-0.6408,,-0.6103
1930-05-01,-0.4871,-0.8339,-0.1482,-0.6024,-0.6633,-0.5722,-0.5508,,-0.5873
1930-06-01,-0.4758,-0.7563,-0.1500,-0.5522,-0.6433,-0.5522,-0.4588,,-0.5522
1930-07-01,-0.4854,-0.7646,-0.2106,-0.5351,-0.6333,-0.4722,-0.4798,,-0.5075
1930-08-01,-0.4694,-0.7813,-0.1962,-0.4456,-0.5733,-0.5622,-0.4348,,-0.5039
1930-09-01,-0.4922,-0.9028,-0.1340,-0.4483,-0.5733,-0.5522,-0.5088,,-0.5305
1930-10-01,-0.5362,-0.9733,-0.2413,-0.4366,-0.5433,-0.5022,-0.3998,,-0.4694
1930-11-01,-0.5925,-1.0114,-0.2461,-0.2808,-0.2533,-0.2422,-0.2508,,-0.2521
1930-12-01,-0.5715,-0.8344,-0.3298,-0.4111,-0.4833,-0.4322,-0.4198,,-0.4260
1931-01-01,-0.5296,-0.8670,-0.2287,-0.4863,-0.5333,-0.4422,-0.4758,,-0.4811
1931-02-01,-0.5316,-0.8565,-0.1957,-0.6018,-0.6233,-0.5722,-0.6248,,-0.6126
1931-03-01,-0.5022,-0.8269,-0.2474,-0.4591,-0.5333,-0.5022,-0.5538,,-0.5178
1931-04-01,-0.4842,-0.7973,-0.2344,-0.5217,-0.6533,-0.5722,-0.6018,,-0.5870
1931-05-01,-0.4769,-0.7706,-0.2222,-0.5493,-0.6233,-0.5622,-0.6238,,-0.5928
1931-06-01,-0.4871,-0.7776,-0.2370,-0.3761,-0.5033,-0.4422,-0.4378,,-0.4400
1931-07-01,-0.4786,-0.7284,-0.1715,-0.3619,-0.4633,-0.4422,-0.3898,,-0.4160
1931-08-01,-0.4758,-0.7562,-0.1948,-0.3822,-0.4633,-0.4122,-0.4348,,-0.4235
1931-09-01,-0.4866,-0.7838,-0.2072,-0.4046,-0.4933,-0.4122,-0.4058,,-0.4090
1931-10-01,-0.5310,-0.7592,-0.2834,-0.3778,-0.3633,-0.4122,-0.2868,,-0.3706
1931-11-01,-0.5555,-0.8463,-0.2455,-0.4935,-0.4833,-0.4322,-0.4378,,-0.4606
1931-12-01,-0.5432,-0.8053,-0.1292,-0.4566,-0.4733,-0.4422,-0.4498,,-0.4532
1932-01-01,-0.5130,-0.8253,-0.0730,-0.2727,-0.2733,-0.3022,-0.3328,,-0.2878
1932-02-01,-0.4970,-0.8557,-0.0742,-0.5334,-0.5933,-0.6222,-0.6758,,-0.6078
1932-03-01,-0.4933,-0.9079,-0.1838,-0.5482,-0.6033,-0.5122,-0.5758,,-0.5620
1932-04-01,-0.4542,-0.7766,-0.1315,-0.4178,-0.4833,-0.4622,-0.4648,,-0.4635
1932-05-01,-0.4422,-0.7419,-0.1388,-0.5139,-0.6033,-0.5422,-0.5348,,-0.5385
1932-06-01,-0.4327,-0.7698,-0.1052,-0.6090,-0.7133,-0.5422,-0.5698,,-0.5894
1932-07-01,-0.4540,-0.7068,-0.1939,-0.4853,-0.6733,-0.5722,-0.4838,,-0.5288
1932-08-01,-0.4563,-0.7335,-0.1327,-0.5428,-0.6433,-0.6822,-0.5538,,-0.5986
1932-09-01,-0.4770,-0.8063,-0.1713,-0.3573,-0.5333,-0.4222,-0.4168,,-0.4195
1932-10-01,-0.5333,-0.8364,-0.3044,-0.4492,-0.5133,-0.4922,-0.4758,,-0.4840
1932-11-01,-0.5959,-0.9164,-0.3133,-0.6471,-0.6933,-0.6522,-0.6378,,-0.6497
1932-12-01,-0.5596,-0.9323,-0.1945,-0.6205,-0.6933,-0.5722,-0.5848,,-0.6027
1933-01-01,-0.5282,-0.9151,-0.2550,-0.6086,-0.6633,-0.5522,-0.6208,,-0.6147
1933-02-01,-0.5537,-0.9290,-0.3377,-0.6492,-0.7233,-0.6922,-0.6628,,-0.6775
1933-03-01,-0.5237,-0.8994,-0.3046,-0.6931,-0.7133,-0.6222,-0.7448,,-0.7032
1933-04-01,-0.5005,-0.9367,-0.2408,-0.5940,-0.6633,-0.6022,-0.6518,,-0.6270
1933-05-01,-0.4889,-0.8708,-0.2091,-0.5819,-0.7133,-0.6422,-0.6378,,-0.6400
1933-06-01,-0.4804,-0.8145,-0.2247,-0.6232,-0.7633,-0.6322,-0.6268,,-0.6295
1933-07-01,-0.4846,-0.8287,-0.1842,-0.5921,-0.6433,-0.6822,-0.6248,,-0.6341
1933-08-01,-0.5085,-0.8809,-0.2022,-0.4621,-0.6633,-0.6222,-0.5678,,-0.5950
1933-09-01,-0.5152,-0.8523,-0.2661,-0.6368,-0.7133,-0.7622,-0.6728,,-0.6931
1933-10-01,-0.5871,-0.9029,-0.2921,-0.5552,-0.6733,-0.6222,-0.4978,,-0.5887
1933-11-01,-0.6308,-0.9974,-0.3455,-0.7127,-0.7333,-0.7022,-0.7108,,-0.7118
1933-12-01,-0.6081,-0.9680,-0.3080,-0.8238,-0.8733,-0.8022,-0.8428,,-0.8333
1934-01-01,-0.5783,-0.8561,-0.1970,-0.6292,-0.6333,-0.6622,-0.6578,,-0.6456
1934-02-01,-0.5532,-0.8663,-0.2649,-0.4485,-0.4533,-0.4922,-0.4618,,-0.4576
1934-03-01,-0.5222,-0.7902,-0.2511,-0.7359,-0.7133,-0.6622,-0.7408,,-0.7246
1934-04-01,-0.4925,-0.7736,-0.1681,-0.6738,-0.7333,-0.6322,-0.7268,,-0.7003
1934-05-01,-0.4875,-0.8095,-0.2144,-0.4466,-0.5233,-0.4822,-0.5308,,-0.5028
1934-06-01,-0.4897,-0.8051,-0.1847,-0.3960,-0.5733,-0.5222,-0.4608,,-0.4915
1934-07-01,-0.4959,-0.8002,-0.1894,-0.4834,-0.5333,-0.5322,-0.4958,,-0.5140
1934-08-01,-0.5239,-0.8433,-0.2250,-0.4162,-0.5433,-0.5322,-0.5408,,-0.5365
1934-09-01,-0.5479,-0.8716,-0.1660,-0.4409,-0.5733,-0.4922,-0.4838,,-0.4880
1934-10-01,-0.5484,-0.9212,-0.1944,-0.3861,-0.4933,-0.4422,-0.3468,,-0.4142
1934-11-01,-0.5628,-0.9254,-0.1688,-0.2739,-0.3933,-0.3622,-0.2558,,-0.3181
1934-12-01,-0.5639,-0.8710,-0.0744,-0.4194,-0.4533,-0.4622,-0.4638,,-0.4578
1935-01-01,-0.5279,-1.0672,-0.0260,-0.6559,-0.7633,-0.6722,-0.7148,,-0.6935
1935-02-01,-0.5345,-0.8883,-0.0330,-0.2541,-0.2833,-0.2722,-0.2908,,-0.2778
1935-03-01,-0.4898,-0.9588,-0.0188,-0.5238,-0.5633,-0.5622,-0.5818,,-0.5628
1935-04-01,-0.4753,-0.9398,-0.0772,-0.6278,-0.8033,-0.7422,-0.6798,,-0.7110
1935-05-01,-0.4476,-0.7659,-0.0656,-0.6177,-0.7133,-0.6522,-0.6748,,-0.6635
1935-06-01,-0.4505,-0.8771,-0.1719,-0.5183,-0.6933,-0.6522,-0.5598,,-0.6060
1935-07-01,-0.4384,-0.8336,-0.1555,-0.4511,-0.6433,-0.5122,-0.4478,,-0.4817
1935-08-01,-0.4543,-0.8422,-0.1461,-0.4566,-0.6433,-0.5122,-0.4968,,-0.5045
1935-09-01,-0.4573,-0.7944,-0.1288,-0.4958,-0.6333,-0.4922,-0.5218,,-0.5088
1935-10-01,-0.5111,-0.8742,-0.1283,-0.3666,-0.4833,-0.4622,-0.3978,,-0.4300
1935-11-01,-0.5307,-0.9589,-0.1250,-0.6297,-0.6833,-0.5822,-0.6538,,-0.6418
1935-12-01,-0.5095,-0.8529,-0.1657,-0.5641,-0.5933,-0.5122,-0.5768,,-0.5705
1936-01-01,-0.4926,-0.9502,-0.1151,-0.7053,-0.7033,-0.7022,-0.7048,,-0.7041
1936-02-01,-0.4593,-0.7660,-0.1894,-0.6475,-0.8033,-0.6722,-0.7098,,-0.6910
1936-03-01,-0.4428,-0.7135,-0.0978,-0.6365,-0.6333,-0.6022,-0.6378,,-0.6349
1936-04-01,-0.4259,-0.6828,-0.1696,-0.4998,-0.6333,-0.5322,-0.5738,,-0.5530
1936-05-01,-0.4091,-0.7488,-0.0870,-0.4785,-0.5833,-0.5522,-0.5548,,-0.5535
1936-06-01,-0.4127,-0.7063,-0.0456,-0.4599,-0.6433,-0.5422,-0.4738,,-0.5080
1936-07-01,-0.3952,-0.7139,-0.0612,-0.3792,-0.5233,-0.4322,-0.4048,,-0.4185
1936-08-01,-0.4114,-0.7060,-0.1298,-0.3833,-0.5633,-0.3822,-0.4048,,-0.3941
1936-09-01,-0.4517,-0.8064,-0.1361,-0.4184,-0.5133,-0.5022,-0.4398,,-0.4710
1936-10-01,-0.4997,-0.8687,-0.2121,-0.3495,-0.4533,-0.3922,-0.3118,,-0.3709
1936-11-01,-0.5448,-0.8771,-0.2812,-0.3607,-0.4133,-0.4522,-0.4278,,-0.4206
1936-12-01,-0.5267,-0.8716,-0.1486,-0.4067,-0.4333,-0.4222,-0.3728,,-0.4145
1937-01-01,-0.4562,-0.7255,-0.1293,-0.4215,-0.5033,-0.4722,-0.4778,,-0.4750
1937-02-01,-0.4216,-0.8706,0.0394,-0.2318,-0.3933,-0.3622,-0.3328,,-0.3475
1937-03-01,-0.4213,-0.7324,-0.0630,-0.5695,-0.6333,-0.5922,-0.5448,,-0.5809
1937-04-01,-0.4204,-0.8039,-0.0461,-0.4286,-0.5833,-0.5722,-0.4748,,-0.5235
1937-05-01,-0.4057,-0.8055,-0.0288,-0.3986,-0.4833,-0.4622,-0.4778,,-0.4700
1937-06-01,-0.4013,-0.7225,-0.0023,-0.3135,-0.4733,-0.4422,-0.3688,,-0.4055
1937-07-01,-0.3959,-0.7274,0.0412,-0.2850,-0.4633,-0.4222,-0.2898,,-0.3560
1937-08-01,-0.4112,-0.7376,-0.0360,-0.2719,-0.4133,-0.3622,-0.3118,,-0.3370
1937-09-01,-0.4405,-0.8216,-0.1300,-0.1669,-0.3333,-0.3022,-0.2048,,-0.2535
1937-10-01,-0.5001,-0.8569,-0.1695,-0.1800,-0.3433,-0.3122,-0.1538,,-0.2461
1937-11-01,-0.5179,-0.8876,-0.2144,-0.2424,-0.3533,-0.3222,-0.2788,,-0.3005
1937-12-01,-0.5066,-0.8614,-0.2110,-0.3826,-0.5033,-0.4822,-0.3948,,-0.4385
1938-01-01,-0.4754,-0.8452,-0.0714,-0.2672,-0.3433,-0.3822,-0.3318,,-0.3376
1938-02-01,-0.4718,-0.8806,-0.0999,-0.3243,-0.3933,-0.3722,-0.3358,,-0.3540
1938-03-01,-0.4579,-0.8452,-0.1402,-0.3300,-0.3233,-0.3122,-0.3478,,-0.3267
1938-04-01,-0.4429,-0.7299,-0.0898,-0.2680,-0.3633,-0.3322,-0.3968,,-0.3478
1938-05-01,-0.4045,-0.7570,-0.0817,-0.4042,-0.5233,-0.4822,-0.4688,,-0.4755
1938-06-01,-0.3833,-0.7214,-0.1017,-0.3999,-0.5933,-0.5722,-0.5108,,-0.5415
1938-07-01,-0.3858,-0.7428,-0.1420,-0.3538,-0.5233,-0.4422,-0.4078,,-0.4250
1938-08-01,-0.4101,-0.7472,-0.1468,-0.3137,-0.4833,-0.4422,-0.4178,,-0.4300
1938-09-01,-0.4548,-0.7433,-0.1695,-0.2877,-0.4133,-0.3522,-0.3138,,-0.3330
1938-10-01,-0.5040,-0.8082,-0.2185,-0.1505,-0.2833,-0.3122,-0.1748,,-0.2291
1938-11-01,-0.5283,-0.9216,-0.2195,-0.2543,-0.3533,-0.3322,-0.2948,,-0.3135
1938-12-01,-0.5240,-0.8486,-0.2275,-0.5099,-0.5533,-0.5522,-0.5098,,-0.5311
1939-01-01,-0.4853,-0.8616,-0.1653,-0.4303,-0.4833,-0.4522,-0.4668,,-0.4595
1939-02-01,-0.4848,-0.8397,-0.1225,-0.4235,-0.4933,-0.4722,-0.5038,,-0.4828
1939-03-01,-0.4409,-0.7751,-0.1996,-0.5976,-0.6033,-0.6422,-0.6398,,-0.6216
1939-04-01,-0.4246,-0.6975,-0.1519,-0.4143,-0.5233,-0.5622,-0.4408,,-0.4821
1939-05-01,-0.4245,-0.7033,-0.1742,-0.3379,-0.4733,-0.4522,-0.3278,,-0.3951
1939-06-01,-0.4281,-0.7713,-0.1668,-0.2889,-0.4933,-0.4322,-0.3098,,-0.3710
1939-07-01,-0.4163,-0.7564,-0.1304,-0.3393,-0.4833,-0.3422,-0.3868,,-0.3645
1939-08-01,-0.4195,-0.8227,-0.1285,-0.3290,-0.4933,-0.3522,-0.3558,,-0.3540
1939-09-01,-0.4544,-0.8504,-0.1857,-0.2971,-0.5033,-0.3522,-0.3208,,-0.3365
1939-10-01,-0.5013,-0.8724,-0.2436,-0.3818,-0.4633,-0.4522,-0.3988,,-0.4255
1939-11-01,-0.5189,-0.8898,-0.2161,-0.2301,-0.3533,-0.3122,-0.3308,,-0.3215
1939-12-01,-0.5055,-0.8936,-0.1110,0.0865,-0.0033,0.0178,-0.0068,,0.0072
1940-01-01,-0.5122,-0.9175,-0.1566,-0.3079,-0.4333,-0.3322,-0.3148,-0.6738,-0.3322
1940-02-01,-0.4481,-0.9107,-0.0157,-0.1762,-0.3433,-0.2222,-0.2278,-0.5892,-0.2278
1940-03-01,-0.4501,-0.8933,-0.1344,-0.3008,-0.3333,-0.3422,-0.2478,-0.6193,-0.3333
1940-04-01,-0.4269,-0.7698,-0.1341,-0.1271,-0.2533,-0.1622,-0.2108,-0.3823,-0.2108
1940-05-01,-0.4252,-0.7495,-0.1585,-0.2410,-0.3133,-0.2322,-0.2648,-0.3381,-0.2648
1940-06-01,-0.4232,-0.7800,-0.1837,-0.2305,-0.3133,-0.3722,-0.2638,-0.5241,-0.3133
1940-07-01,-0.4220,-0.7528,-0.2024,-0.1349,-0.3033,-0.3422,-0.2308,-0.3356,-0.3033
1940-08-01,-0.4201,-0.6990,-0.1306,-0.1931,-0.3633,-0.3422,-0.2998,-0.3849,-0.3422
1940-09-01,-0.4710,-0.7154,-0.2498,-0.1706,-0.2733,-0.2522,-0.2518,-0.5159,-0.2522
1940-10-01,-0.5137,-0.9381,-0.2490,-0.2054,-0.3133,-0.2322,-0.2528,-0.6502,-0.2528
1940-11-01,-0.5177,-0.8508,-0.2271,-0.2963,-0.2633,-0.2422,-0.3608,-0.5536,-0.2963
1940-12-01,-0.5187,-0.9152,-0.1644,-0.0864,-0.1133,-0.1222,-0.1978,-0.3580,-0.1222
1941-01-01,-0.4799,-0.8311,-0.1017,-0.3746,-0.2533,-0.2822,-0.5438,-0.4096,-0.3746
1941-02-01,-0.4710,-0.8284,-0.1028,-0.2306,-0.1233,-0.1422,-0.3638,-0.2658,-0.2306
1941-03-01,-0.4090,-0.7843,-0.1255,-0.4694,-0.3233,-0.3122,-0.4658,-0.4479,-0.4479
1941-04-01,-0.4039,-0.6896,-0.0961,-0.3233,-0.2633,-0.1722,-0.4378,-0.5843,-0.3233
1941-05-01,-0.3902,-0.7113,-0.1303,-0.2928,-0.2633,-0.2422,-0.3888,-0.4291,-0.2928
1941-06-01,-0.4004,-0.7202,-0.0555,-0.2989,-0.3033,-0.2222,-0.3128,-0.3487,-0.3033
1941-07-01,-0.4074,-0.6858,-0.1181,-0.1937,-0.2133,-0.2022,-0.2108,-0.4288,-0.2108
1941-08-01,-0.4100,-0.7406,-0.1788,-0.3111,-0.2833,-0.2222,-0.3678,-0.3606,-0.3111
1941-09-01,-0.4219,-0.7689,-0.1581,-0.5162,-0.4033,-0.3222,-0.5428,-0.7352,-0.5162
1941-10-01,-0.4667,-0.7129,-0.1610,-0.1668,-0.0733,-0.0922,-0.2148,-0.3452,-0.1668
1941-11-01,-0.4714,-0.8016,-0.1026,-0.3899,-0.2033,-0.2222,-0.3858,-0.5789,-0.3858
1941-12-01,-0.4733,-0.7730,-0.2167,-0.2820,-0.2133,-0.0822,-0.3458,-0.4494,-0.2820
1942-01-01,-0.4487,-0.7769,-0.0973,-0.1342,-0.1333,-0.1122,-0.2118,-0.2899,-0.1342
1942-02-01,-0.4547,-0.8192,-0.0173,-0.3728,-0.4033,-0.4522,-0.4928,-0.5193,-0.4522
1942-03-01,-0.4327,-0.7672,-0.0790,-0.4323,-0.3733,-0.3322,-0.4538,-0.4428,-0.4323
1942-04-01,-0.4137,-0.7002,-0.0491,-0.3899,-0.3333,-0.3522,-0.5098,-0.5810,-0.3899
1942-05-01,-0.4090,-0.6861,-0.0979,-0.2606,-0.3133,-0.3122,-0.3998,-0.4305,-0.3133
1942-06-01,-0.4178,-0.6912,-0.0717,-0.3558,-0.3833,-0.3222,-0.4058,-0.5356,-0.3833
1942-07-01,-0.4086,-0.7108,-0.0430,-0.4448,-0.4233,-0.4322,-0.5028,-0.6106,-0.4448
1942-08-01,-0.4303,-0.7357,-0.1058,-0.4465,-0.4633,-0.3822,-0.5388,-0.6341,-0.4633
1942-09-01,-0.4459,-0.7008,-0.0955,-0.4021,-0.4533,-0.3422,-0.4508,-0.6224,-0.4508
1942-10-01,-0.5021,-0.7946,-0.1461,-0.4794,-0.4133,-0.3922,-0.4428,-0.5585,-0.4428
1942-11-01,-0.5313,-0.8607,-0.2280,-0.4481,-0.3333,-0.3522,-0.4708,-0.6688,-0.4481
1942-12-01,-0.4985,-0.8515,-0.0994,-0.4712,-0.3133,-0.3422,-0.4248,-0.5777,-0.4248
1943-01-01,-0.4446,-0.7529,0.0014,-0.5800,-0.4333,-0.4822,-0.5178,-0.5461,-0.5178
1943-02-01,-0.4425,-0.7493,-0.0507,-0.4158,-0.2533,-0.3522,-0.3898,-0.4067,-0.3898
1943-03-01,-0.4466,-0.7528,-0.1318,-0.5537,-0.4633,-0.4222,-0.5848,-0.6196,-0.5537
1943-04-01,-0.4603,-0.8100,-0.1284,-0.3647,-0.3133,-0.2622,-0.4278,-0.5497,-0.3647
1943-05-01,-0.4347,-0.7738,-0.1104,-0.3551,-0.3633,-0.3722,-0.4388,-0.4516,-0.3722
1943-06-01,-0.4053,-0.6627,-0.1439,-0.4690,-0.4733,-0.5022,-0.4418,-0.6185,-0.4733
1943-07-01,-0.3920,-0.7108,-0.0667,-0.3698,-0.3433,-0.3322,-0.4468,-0.6279,-0.3698
1943-08-01,-0.4201,-0.7264,-0.0778,-0.3639,-0.4233,-0.3322,-0.3918,-0.6623,-0.3918
1943-09-01,-0.4333,-0.7272,-0.1586,-0.4099,-0.3733,-0.3922,-0.4088,-0.5909,-0.4088
1943-10-01,-0.4747,-0.8124,-0.2042,-0.1660,-0.1933,-0.1522,-0.1488,-0.4867,-0.1660
1943-11-01,-0.5178,-0.7869,-0.2250,-0.2917,-0.2233,-0.2322,-0.3128,-0.4707,-0.2917
1943-12-01,-0.4799,-0.8154,-0.1732,-0.2867,-0.1933,-0.1922,-0.3078,-0.3683,-0.2867
1944-01-01,-0.4287,-0.8425,-0.0571,-0.0727,-0.0633,-0.1122,-0.1808,-0.1183,-0.1122
1944-02-01,-0.4363,-0.8360,-0.0510,-0.2734,-0.1833,-0.1422,-0.2798,-0.2310,-0.2310
1944-03-01,-0.4447,-0.7295,-0.1270,-0.2798,-0.1633,-0.1522,-0.2708,-0.1928,-0.1928
1944-04-01,-0.4464,-0.7357,-0.1489,-0.3566,-0.2333,-0.2622,-0.3758,-0.4080,-0.3566
1944-05-01,-0.3879,-0.6902,-0.0981,-0.2789,-0.2433,-0.2322,-0.3008,-0.4201,-0.2789
1944-06-01,-0.4033,-0.7385,-0.0705,-0.2943,-0.2733,-0.2422,-0.3948,-0.3727,-0.2943
1944-07-01,-0.3984,-0.7348,-0.0308,-0.2488,-0.2533,-0.3022,-0.3238,-0.4181,-0.3022
1944-08-01,-0.4043,-0.6881,-0.0644,-0.1918,-0.2433,-0.2822,-0.2458,-0.3543,-0.2458
1944-09-01,-0.4248,-0.7148,-0.0684,-0.2332,-0.1433,-0.1522,-0.1908,-0.2935,-0.1908
1944-10-01,-0.4664,-0.7300,-0.1228,-0.1896,-0.1633,-0.1822,-0.1658,-0.2965,-0.1822
1944-11-01,-0.5008,-0.8479,-0.0577,-0.3102,-0.3133,-0.2822,-0.3888,-0.4863,-0.3133
1944-12-01,-0.4801,-0.7793,-0.0126,-0.3167,-0.3833,-0.1922,-0.3048,-0.5199,-0.3167
1945-01-01,-0.4521,-0.7968,0.0705,-0.3077,-0.3233,-0.2522,-0.3628,-0.4728,-0.3233
1945-02-01,-0.4471,-0.8484,-0.0018,-0.3537,-0.4133,-0.3022,-0.4418,-0.6427,-0.4133
1945-03-01,-0.4347,-0.7268,0.0145,-0.3655,-0.3633,-0.2822,-0.4718,-0.5437,-0.3655
1945-04-01,-0.4157,-0.7179,0.0612,-0.1910,-0.2233,-0.1122,-0.3288,-0.4419,-0.2233
1945-05-01,-0.4022,-0.7783,0.0376,-0.4602,-0.3633,-0.3222,-0.4638,-0.5553,-0.4602
1945-06-01,-0.3806,-0.7538,0.0265,-0.4396,-0.4133,-0.2922,-0.4128,-0.3890,-0.4128
1945-07-01,-0.4098,-0.7206,-0.0771,-0.3957,-0.3833,-0.4122,-0.4278,-0.5336,-0.4122
1945-08-01,-0.4262,-0.7109,-0.0594,-0.1612,-0.1633,-0.1122,-0.2328,-0.2210,-0.1633
1945-09-01,-0.4448,-0.7130,-0.1245,-0.2917,-0.2133,-0.2922,-0.3698,-0.4068,-0.2922
1945-10-01,-0.4786,-0.7436,-0.0727,-0.3039,-0.2333,-0.2722,-0.1928,-0.3949,-0.2722
1945-11-01,-0.4753,-0.7761,-0.1608,-0.3968,-0.3533,-0.3322,-0.3988,-0.5511,-0.3968
1945-12-01,-0.4844,-0.8483,-0.0579,-0.5963,-0.4933,-0.4722,-0.5688,-0.6256,-0.5688
1946-01-01,-0.4732,-0.8570,-0.0253,-0.3257,-0.2733,-0.1722,-0.4098,-0.3490,-0.3257
1946-02-01,-0.4644,-0.7929,-0.0952,-0.4910,-0.3933,-0.4022,-0.6008,-0.4490,-0.4490
1946-03-01,-0.4127,-0.7383,-0.0699,-0.4968,-0.4133,-0.4522,-0.4998,-0.3862,-0.4522
1946-04-01,-0.4195,-0.7877,-0.0817,-0.3716,-0.3633,-0.3622,-0.4258,-0.4011,-0.3716
1946-05-01,-0.3864,-0.6823,-0.1417,-0.4505,-0.4933,-0.4322,-0.4608,-0.3759,-0.4505
1946-06-01,-0.4018,-0.7598,-0.0274,-0.6359,-0.6333,-0.5422,-0.6438,-0.4942,-0.6333
1946-07-01,-0.3970,-0.6859,-0.0620,-0.4800,-0.5433,-0.4422,-0.4988,-0.4635,-0.4800
1946-08-01,-0.4070,-0.7197,-0.0929,-0.5244,-0.6233,-0.5422,-0.5428,-0.5556,-0.5428
1946-09-01,-0.4475,-0.7755,-0.0618,-0.4642,-0.4933,-0.3522,-0.4878,-0.5350,-0.4878
1946-10-01,-0.4821,-0.8205,-0.1337,-0.4379,-0.5033,-0.4422,-0.4158,-0.6148,-0.4422
1946-11-01,-0.5100,-0.8862,-0.0898,-0.4814,-0.4833,-0.4022,-0.4918,-0.5191,-0.4833
1946-12-01,-0.5087,-0.8581,-0.1489,-0.7127,-0.7333,-0.5822,-0.6638,-0.5985,-0.6638
1947-01-01,-0.4488,-0.7887,0.0156,-0.5208,-0.4933,-0.3922,-0.4808,-0.3618,-0.4808
1947-02-01,-0.4304,-0.8268,0.0603,-0.5129,-0.5033,-0.4222,-0.4908,-0.4487,-0.4908
1947-03-01,-0.4117,-0.7513,-0.0144,-0.4445,-0.3633,-0.3822,-0.3468,-0.3131,-0.3633
1947-04-01,-0.4195,-0.6825,-0.0415,-0.4258,-0.3633,-0.3422,-0.4338,-0.2914,-0.3633
1947-05-01,-0.3812,-0.6668,-0.0214,-0.4383,-0.4433,-0.4222,-0.4968,-0.3913,-0.4383
1947-06-01,-0.3735,-0.6653,-0.0677,-0.4579,-0.4433,-0.4322,-0.3688,-0.3749,-0.4322
1947-07-01,-0.3841,-0.6847,-0.0244,-0.4335,-0.4633,-0.3922,-0.4248,-0.4280,-0.4280
1947-08-01,-0.3931,-0.6673,-0.0984,-0.4826,-0.4933,-0.5022,-0.5428,-0.5496,-0.5022
1947-09-01,-0.4304,-0.7035,-0.1029,-0.5303,-0.5433,-0.5022,-0.5178,-0.5729,-0.5303
1947-10-01,-0.4815,-0.7947,-0.1451,-0.3315,-0.3533,-0.3922,-0.3408,-0.4167,-0.3533
1947-11-01,-0.4797,-0.7633,-0.1481,-0.3398,-0.4033,-0.3922,-0.3998,-0.4854,-0.3998
1947-12-01,-0.4729,-0.7782,-0.1990,-0.6009,-0.5533,-0.5122,-0.5668,-0.5737,-0.5668
1948-01-01,-0.4471,-0.7331,-0.1590,-0.3878,-0.3633,-0.3922,-0.4348,-0.3789,-0.3878
1948-02-01,-0.4198,-0.6613,-0.1834,-0.6056,-0.5733,-0.4922,-0.6008,-0.5717,-0.5733
1948-03-01,-0.3780,-0.7008,0.0398,-0.6563,-0.6633,-0.5522,-0.6648,-0.6265,-0.6563
1948-04-01,-0.3972,-0.7274,-0.0689,-0.4856,-0.5433,-0.4622,-0.5988,-0.5196,-0.5196
1948-05-01,-0.3719,-0.6569,-0.0429,-0.3138,-0.4333,-0.2822,-0.3068,-0.3675,-0.3138
1948-06-01,-0.3740,-0.6893,-0.0410,-0.3799,-0.4733,-0.4822,-0.4028,-0.4581,-0.4581
1948-07-01,-0.3507,-0.6403,0.0070,-0.5008,-0.5333,-0.4222,-0.4978,-0.4806,-0.4978
1948-08-01,-0.3735,-0.6733,-0.0681,-0.4163,-0.5433,-0.4022,-0.4428,-0.4563,-0.4428
1948-09-01,-0.3962,-0.6665,-0.0844,-0.5061,-0.5633,-0.5022,-0.5268,-0.5971,-0.5268
1948-10-01,-0.4326,-0.6976,-0.1608,-0.4273,-0.4733,-0.4022,-0.4188,-0.4207,-0.4207
1948-11-01,-0.4563,-0.7044,-0.2198,-0.5457,-0.5533,-0.4522,-0.5808,-0.4147,-0.5457
1948-12-01,-0.4533,-0.7399,-0.2272,-0.7171,-0.6633,-0.6622,-0.6948,-0.6547,-0.6633
1949-01-01,-0.3842,-0.6995,-0.0837,-0.3959,-0.3633,-0.3222,-0.3938,-0.2709,-0.3633
1949-02-01,-0.3712,-0.6985,-0.1174,-0.6148,-0.5633,-0.5122,-0.6708,-0.4715,-0.5633
1949-03-01,-0.3686,-0.8125,-0.0358,-0.4881,-0.4433,-0.4122,-0.5628,-0.4334,-0.4433
1949-04-01,-0.3703,-0.7098,-0.0625,-0.5252,-0.5333,-0.4622,-0.5768,-0.5106,-0.5252
1949-05-01,-0.3374,-0.5993,-0.0836,-0.4867,-0.5233,-0.4122,-0.5048,-0.4306,-0.4867
1949-06-01,-0.3492,-0.6096,-0.0803,-0.6118,-0.6933,-0.5522,-0.5718,-0.5396,-0.5718
1949-07-01,-0.3346,-0.6200,-0.0244,-0.5584,-0.5533,-0.4922,-0.5568,-0.4433,-0.5533
1949-08-01,-0.3465,-0.7426,0.0114,-0.4547,-0.5533,-0.4522,-0.5228,-0.5518,-0.5228
1949-09-01,-0.3972,-0.6803,-0.0802,-0.5054,-0.5633,-0.5522,-0.5658,-0.5144,-0.5522
1949-10-01,-0.4351,-0.7720,-0.1216,-0.4699,-0.4933,-0.4722,-0.4868,-0.5046,-0.4868
1949-11-01,-0.4657,-0.8719,-0.1034,-0.5641,-0.5233,-0.4922,-0.5698,-0.4483,-0.5233
1949-12-01,-0.4580,-0.9196,-0.0881,-0.5921,-0.6033,-0.4622,-0.5208,-0.4288,-0.5208
1950-01-01,-0.4286,-0.7919,0.0031,-0.6804,-0.6833,-0.5922,-0.7748,-0.6390,-0.6804
1950-02-01,-0.4082,-0.8616,-0.0721,-0.7505,-0.6933,-0.6522,-0.8198,-0.6593,-0.6933
1950-03-01,-0.3973,-0.7646,-0.0521,-0.5996,-0.5033,-0.4422,-0.6258,-0.5081,-0.5081
1950-04-01,-0.3693,-0.6680,0.0585,-0.6233,-0.6333,-0.5922,-0.6508,-0.6142,-0.6233
1950-05-01,-0.3759,-0.7798,0.0095,-0.5261,-0.5333,-0.4322,-0.4998,-0.5236,-0.5236
1950-06-01,-0.3643,-0.7188,-0.0433,-0.4853,-0.4733,-0.4922,-0.4928,-0.4960,-0.4922
1950-07-01,-0.3741,-0.6112,-0.0199,-0.4912,-0.5133,-0.4722,-0.4698,-0.5985,-0.4912
1950-08-01,-0.4011,-0.8277,-0.0437,-0.5374,-0.5833,-0.5322,-0.5348,-0.7023,-0.5374
1950-09-01,-0.4195,-0.7518,-0.1136,-0.6275,-0.5333,-0.5022,-0.6148,-0.5460,-0.5460
1950-10-01,-0.4466,-0.7713,-0.1207,-0.5817,-0.6233,-0.5922,-0.5218,-0.4836,-0.5817
1950-11-01,-0.4955,-0.8117,-0.1989,-0.7625,-0.7633,-0.7022,-0.7538,-0.6953,-0.7538
1950-12-01,-0.4650,-0.8211,-0.1318,-0.6371,-0.6433,-0.6122,-0.6278,-0.4203,-0.6278
1951-01-01,-0.4173,-0.7430,-0.0496,-0.7381,-0.7633,-0.7322,-0.8048,-0.6467,-0.7381
1951-02-01,-0.4310,-0.7562,-0.0227,-0.8873,-0.8333,-0.7922,-0.8788,-0.7685,-0.8333
1951-03-01,-0.4085,-0.7696,-0.0452,-0.6435,-0.6233,-0.5422,-0.6368,-0.5794,-0.6233
1951-04-01,-0.3717,-0.6878,-0.0133,-0.4991,-0.5633,-0.5322,-0.5398,-0.4963,-0.5322
1951-05-01,-0.3617,-0.6596,-0.0340,-0.3474,-0.4233,-0.3822,-0.3768,-0.2339,-0.3768
1951-06-01,-0.3836,-0.6579,-0.0550,-0.3185,-0.4933,-0.3822,-0.3058,-0.3560,-0.3560
1951-07-01,-0.3920,-0.7384,-0.0845,-0.3411,-0.4333,-0.4022,-0.3988,-0.5531,-0.4022
1951-08-01,-0.3987,-0.6935,-0.0820,-0.2574,-0.3633,-0.2822,-0.2928,-0.3739,-0.2928
1951-09-01,-0.4242,-0.7050,-0.0430,-0.2451,-0.3733,-0.2822,-0.3058,-0.3739,-0.3058
1951-10-01,-0.4528,-0.8412,-0.0465,-0.2513,-0.3433,-0.2622,-0.1818,-0.3189,-0.2622
1951-11-01,-0.4677,-0.8518,-0.1167,-0.4484,-0.4333,-0.4222,-0.4378,-0.3742,-0.4333
1951-12-01,-0.4557,-0.8428,-0.1591,-0.3027,-0.2733,-0.2322,-0.2628,-0.2225,-0.2628
1952-01-01,-0.4326,-0.7431,-0.0578,-0.2767,-0.3133,-0.2822,-0.2708,-0.2383,-0.2767
1952-02-01,-0.4349,-0.8364,-0.1427,-0.3033,-0.3133,-0.2822,-0.3428,-0.3230,-0.3133
1952-03-01,-0.3913,-0.6995,-0.0885,-0.5341,-0.5033,-0.4522,-0.5038,-0.4771,-0.5033
1952-04-01,-0.3978,-0.6969,-0.0952,-0.3273,-0.3933,-0.3222,-0.3648,-0.4835,-0.3648
1952-05-01,-0.3621,-0.5842,-0.0376,-0.3480,-0.4533,-0.4022,-0.3438,-0.3862,-0.3862
1952-06-01,-0.3789,-0.6597,-0.0832,-0.3501,-0.4533,-0.4222,-0.3508,-0.3999,-0.3999
1952-07-01,-0.3992,-0.7510,-0.1695,-0.2807,-0.3833,-0.3822,-0.3218,-0.4268,-0.3822
1952-08-01,-0.4233,-0.7307,-0.1330,-0.2721,-0.3733,-0.3722,-0.3128,-0.5726,-0.3722
1952-09-01,-0.4557,-0.7743,-0.1848,-0.2793,-0.3533,-0.3522,-0.2878,-0.4937,-0.3522
1952-10-01,-0.4735,-0.7604,-0.1444,-0.3912,-0.4233,-0.3922,-0.3358,-0.5289,-0.3922
1952-11-01,-0.4974,-0.7934,-0.1241,-0.4985,-0.5533,-0.4822,-0.5228,-0.7057,-0.5228
1952-12-01,-0.4402,-0.7717,-0.0456,-0.4105,-0.4433,-0.3922,-0.4038,-0.4601,-0.4105
1953-01-01,-0.4477,-0.7786,-0.1753,-0.3771,-0.3533,-0.3122,-0.3838,-0.3807,-0.3771
1953-02-01,-0.4035,-0.7677,-0.1253,-0.2725,-0.2733,-0.2222,-0.2508,-0.3302,-0.2725
1953-03-01,-0.4294,-0.7959,-0.0950,-0.3545,-0.3133,-0.2622,-0.3578,-0.3865,-0.3545
1953-04-01,-0.4118,-0.7183,-0.1073,-0.1419,-0.2333,-0.1922,-0.1548,-0.2798,-0.1922
1953-05-01,-0.3936,-0.7037,-0.0980,-0.2167,-0.3133,-0.2522,-0.1668,-0.2116,-0.2167
1953-06-01,-0.4133,-0.7399,-0.1004,-0.2238,-0.3033,-0.2922,-0.2098,-0.3802,-0.2922
1953-07-01,-0.4134,-0.7083,-0.1221,-0.3244,-0.4133,-0.4122,-0.3158,-0.3872,-0.3872
1953-08-01,-0.4365,-0.7870,-0.1920,-0.2784,-0.3733,-0.4022,-0.3158,-0.4155,-0.3733
1953-09-01,-0.4521,-0.8436,-0.2062,-0.2816,-0.3733,-0.4122,-0.3508,-0.5132,-0.3733
1953-10-01,-0.4692,-0.7443,-0.1629,-0.2820,-0.3433,-0.3422,-0.2778,-0.4348,-0.3422
1953-11-01,-0.4893,-0.8184,-0.1558,-0.3762,-0.4533,-0.4122,-0.4258,-0.4880,-0.4258
1953-12-01,-0.4436,-0.8003,-0.1627,-0.3453,-0.3733,-0.3322,-0.2958,-0.3536,-0.3453
1954-01-01,-0.4449,-0.8496,-0.0530,-0.6114,-0.6633,-0.5522,-0.6258,-0.6038,-0.6114
1954-02-01,-0.4453,-0.8682,-0.0855,-0.4591,-0.5233,-0.4222,-0.4928,-0.5181,-0.4928
1954-03-01,-0.3951,-0.8300,-0.0657,-0.5509,-0.5733,-0.5022,-0.5248,-0.4820,-0.5248
1954-04-01,-0.3852,-0.7557,-0.0721,-0.4847,-0.5633,-0.5722,-0.5678,-0.5504,-0.5633
1954-05-01,-0.3659,-0.6792,-0.0700,-0.5395,-0.6233,-0.5722,-0.5548,-0.4661,-0.5548
1954-06-01,-0.3879,-0.7125,-0.0878,-0.4999,-0.6033,-0.5022,-0.4358,-0.5854,-0.5022
1954-07-01,-0.3927,-0.7583,-0.0631,-0.5657,-0.6133,-0.5422,-0.4978,-0.6173,-0.5657
1954-08-01,-0.3950,-0.6784,-0.1186,-0.4704,-0.5933,-0.5022,-0.5198,-0.6880,-0.5198
1954-09-01,-0.4200,-0.6909,-0.1459,-0.4851,-0.5233,-0.5222,-0.5518,-0.7563,-0.5233
1954-10-01,-0.4571,-0.7693,-0.1233,-0.3810,-0.4433,-0.4222,-0.3538,-0.6086,-0.4222
1954-11-01,-0.4920,-0.8644,-0.1197,-0.2512,-0.3433,-0.3422,-0.3278,-0.4776,-0.3422
1954-12-01,-0.4696,-0.7709,-0.1408,-0.5333,-0.6033,-0.5022,-0.5158,-0.5708,-0.5333
1955-01-01,-0.4279,-0.7030,-0.0647,-0.2595,-0.2933,-0.2422,-0.3048,-0.3093,-0.2933
1955-02-01,-0.4277,-0.7613,-0.0958,-0.5588,-0.5833,-0.5922,-0.6338,-0.6390,-0.5922
1955-03-01,-0.3952,-0.6871,-0.1029,-0.7660,-0.7433,-0.6722,-0.7758,-0.7590,-0.7590
1955-04-01,-0.3787,-0.6361,-0.0444,-0.5995,-0.6433,-0.6022,-0.6568,-0.6220,-0.6220
1955-05-01,-0.3776,-0.5919,-0.0852,-0.6074,-0.6233,-0.5922,-0.6608,-0.5415,-0.6074
1955-06-01,-0.3834,-0.6572,-0.0597,-0.5511,-0.5533,-0.5422,-0.5528,-0.5756,-0.5528
1955-07-01,-0.4008,-0.7044,-0.1706,-0.5830,-0.5333,-0.5622,-0.5928,-0.6485,-0.5830
1955-08-01,-0.3887,-0.6765,-0.1182,-0.4629,-0.4033,-0.3722,-0.2968,-0.4856,-0.4033
1955-09-01,-0.4147,-0.7360,-0.0812,-0.5174,-0.5333,-0.5322,-0.5428,-0.5645,-0.5333
1955-10-01,-0.4755,-0.7104,-0.1345,-0.4880,-0.4733,-0.4922,-0.4788,-0.5748,-0.4880
1955-11-01,-0.4817,-0.7132,-0.1270,-0.6961,-0.6733,-0.6822,-0.6998,-0.7145,-0.6961
1955-12-01,-0.4500,-0.7803,-0.0540,-0.7393,-0.7033,-0.7222,-0.7178,-0.7043,-0.7178
1956-01-01,-0.4128,-0.6516,-0.0465,-0.6087,-0.5533,-0.5222,-0.5638,-0.4849,-0.5533
1956-02-01,-0.4095,-0.7122,-0.0515,-0.6583,-0.6633,-0.5722,-0.6638,-0.6135,-0.6583
1956-03-01,-0.4138,-0.7202,-0.0976,-0.7361,-0.6333,-0.5722,-0.7338,-0.5772,-0.6333
1956-04-01,-0.3857,-0.7171,-0.1126,-0.6800,-0.7033,-0.6522,-0.7108,-0.6571,-0.6800
1956-05-01,-0.3739,-0.6724,-0.0667,-0.7113,-0.7133,-0.6722,-0.7058,-0.6586,-0.7058
1956-06-01,-0.3834,-0.6876,-0.0683,-0.6014,-0.5733,-0.5722,-0.6308,-0.6555,-0.6014
1956-07-01,-0.3765,-0.7237,0.0466,-0.5839,-0.5133,-0.5422,-0.5518,-0.6659,-0.5518
1956-08-01,-0.3849,-0.7070,-0.0390,-0.6632,-0.6733,-0.6722,-0.7298,-0.7694,-0.6733
1956-09-01,-0.3984,-0.7385,-0.0900,-0.6462,-0.6133,-0.6222,-0.6888,-0.8028,-0.6462
1956-10-01,-0.4418,-0.8119,-0.1119,-0.6363,-0.6533,-0.6722,-0.6468,-0.8235,-0.6533
1956-11-01,-0.4734,-0.8729,-0.0900,-0.5920,-0.5733,-0.5522,-0.6158,-0.6479,-0.5920
1956-12-01,-0.4416,-0.8290,-0.0315,-0.5293,-0.4833,-0.4422,-0.4638,-0.5052,-0.4833
1957-01-01,-0.4177,-0.7880,-0.1031,-0.5902,-0.5133,-0.4622,-0.5888,-0.5160,-0.5160
1957-02-01,-0.3876,-0.7421,-0.0630,-0.5307,-0.4533,-0.4822,-0.5438,-0.5190,-0.5190
1957-03-01,-0.3514,-0.7015,0.0043,-0.5711,-0.4733,-0.5022,-0.5708,-0.5381,-0.5381
1957-04-01,-0.3679,-0.6545,-0.0853,-0.4148,-0.4233,-0.3822,-0.4448,-0.4375,-0.4233
1957-05-01,-0.3787,-0.6868,-0.0834,-0.3405,-0.3333,-0.3322,-0.3258,-0.3645,-0.3333
1957-06-01,-0.3654,-0.6771,-0.0368,-0.3082,-0.2733,-0.2922,-0.2688,-0.3274,-0.2922
1957-07-01,-0.3654,-0.6355,-0.0493,-0.4373,-0.4033,-0.3722,-0.4438,-0.4625,-0.4373
1957-08-01,-0.3838,-0.6755,-0.0986,-0.3036,-0.2733,-0.2922,-0.3268,-0.4132,-0.3036
1957-09-01,-0.3931,-0.7204,-0.1381,-0.3359,-0.3333,-0.3222,-0.4058,-0.4150,-0.3359
1957-10-01,-0.4488,-0.7848,-0.1687,-0.3728,-0.4133,-0.3422,-0.3328,-0.3584,-0.3584
1957-11-01,-0.4692,-0.7332,-0.2664,-0.3775,-0.3433,-0.3622,-0.3668,-0.3046,-0.3622
1957-12-01,-0.4399,-0.7300,-0.1626,-0.3212,-0.2733,-0.2822,-0.3208,-0.2173,-0.2822
1958-01-01,-0.4289,-0.7750,-0.1039,-0.1162,-0.0333,-0.0622,-0.1418,-0.0239,-0.0622
1958-02-01,-0.3855,-0.7224,-0.0290,-0.2837,-0.2033,-0.2222,-0.2888,-0.1915,-0.2222
1958-03-01,-0.3768,-0.6701,-0.0708,-0.3659,-0.3433,-0.2822,-0.3568,-0.2688,-0.3433
1958-04-01,-0.3706,-0.6226,-0.0639,-0.4407,-0.4133,-0.3622,-0.4428,-0.3167,-0.4133
1958-05-01,-0.3735,-0.6623,-0.0911,-0.3586,-0.3633,-0.3322,-0.4078,-0.2486,-0.3586
1958-06-01,-0.3721,-0.6683,-0.1140,-0.5289,-0.5133,-0.4122,-0.4958,-0.3964,-0.4958
1958-07-01,-0.3828,-0.7397,-0.1155,-0.3924,-0.3733,-0.3422,-0.4158,-0.3711,-0.3733
1958-08-01,-0.3709,-0.6999,-0.0690,-0.4546,-0.4733,-0.4122,-0.4718,-0.4633,-0.4633
1958-09-01,-0.4045,-0.7184,-0.1098,-0.4856,-0.4533,-0.4622,-0.5348,-0.5368,-0.4856
1958-10-01,-0.4464,-0.8062,-0.1433,-0.3905,-0.3833,-0.4022,-0.3878,-0.4606,-0.3905
1958-11-01,-0.4590,-0.8335,-0.1374,-0.4090,-0.4033,-0.4222,-0.4188,-0.4267,-0.4188
1958-12-01,-0.4284,-0.7831,-0.0622,-0.4536,-0.4133,-0.3122,-0.3878,-0.3667,-0.3878
1959-01-01,-0.3937,-0.7878,-0.0524,-0.3547,-0.3433,-0.3022,-0.3928,-0.2374,-0.3433
1959-02-01,-0.3959,-0.6486,-0.0613,-0.3778,-0.3533,-0.3122,-0.4468,-0.2855,-0.3533
1959-03-01,-0.3897,-0.7437,-0.1591,-0.3524,-0.2433,-0.2022,-0.3398,-0.1668,-0.2433
1959-04-01,-0.3881,-0.6202,-0.1260,-0.3428,-0.2633,-0.2622,-0.2998,-0.2450,-0.2633
1959-05-01,-0.3711,-0.7048,-0.0257,-0.4113,-0.3833,-0.3222,-0.3998,-0.3522,-0.3833
1959-06-01,-0.3831,-0.6701,-0.0512,-0.3746,-0.3933,-0.3322,-0.3728,-0.3722,-0.3728
1959-07-01,-0.3688,-0.6630,-0.1407,-0.4108,-0.3933,-0.3722,-0.3838,-0.4147,-0.3933
1959-08-01,-0.3835,-0.7397,-0.0455,-0.4131,-0.4333,-0.3722,-0.4488,-0.4795,-0.4333
1959-09-01,-0.3879,-0.7056,-0.0994,-0.5134,-0.4833,-0.4122,-0.5178,-0.5856,-0.5134
1959-10-01,-0.4101,-0.7144,-0.0594,-0.4426,-0.4933,-0.4122,-0.4198,-0.4750,-0.4426
1959-11-01,-0.4270,-0.8415,-0.1231,-0.5527,-0.5033,-0.4522,-0.5778,-0.5298,-0.5298
1959-12-01,-0.4197,-0.7630,-0.0864,-0.4716,-0.4233,-0.3622,-0.4348,-0.3489,-0.4233
1960-01-01,-0.3986,-0.7469,-0.0647,-0.4818,-0.4233,-0.4122,-0.4878,-0.2976,-0.4233
1960-02-01,-0.3710,-0.7549,0.0620,-0.3475,-0.2933,-0.2622,-0.3518,-0.2172,-0.2933
1960-03-01,-0.3378,-0.7434,-0.0209,-0.8161,-0.7733,-0.6622,-0.7938,-0.6456,-0.7733
1960-04-01,-0.3117,-0.6720,0.0381,-0.6329,-0.5733,-0.5422,-0.6338,-0.5219,-0.5733
1960-05-01,-0.3316,-0.7360,0.0389,-0.5498,-0.5033,-0.5222,-0.5268,-0.4405,-0.5222
1960-06-01,-0.3370,-0.6589,-0.0235,-0.4952,-0.4633,-0.4522,-0.4598,-0.4245,-0.4598
1960-07-01,-0.3269,-0.6589,-0.0711,-0.4842,-0.4633,-0.4022,-0.4618,-0.4629,-0.4629
1960-08-01,-0.3564,-0.6376,-0.0844,-0.3738,-0.4033,-0.4122,-0.3968,-0.4176,-0.4033
1960-09-01,-0.3909,-0.7504,-0.1077,-0.3667,-0.3533,-0.3722,-0.4238,-0.5049,-0.3722
1960-10-01,-0.4360,-0.8163,-0.0956,-0.3998,-0.3633,-0.4022,-0.3988,-0.4061,-0.3998
1960-11-01,-0.4463,-0.8528,-0.1012,-0.5801,-0.5333,-0.5522,-0.6058,-0.5120,-0.5522
1960-12-01,-0.4280,-0.8173,-0.1025,-0.2836,-0.2333,-0.2122,-0.2678,-0.1925,-0.2333
1961-01-01,-0.3968,-0.8489,-0.0645,-0.4091,-0.3533,-0.3222,-0.4038,-0.2470,-0.3533
1961-02-01,-0.3781,-0.6852,-0.0268,-0.2671,-0.2333,-0.2522,-0.3118,-0.2084,-0.2522
1961-03-01,-0.3581,-0.7640,-0.0497,-0.4211,-0.3333,-0.3222,-0.4348,-0.2976,-0.3333
1961-04-01,-0.3607,-0.7278,-0.0761,-0.2989,-0.2933,-0.2722,-0.3058,-0.2949,-0.2949
1961-05-01,-0.3383,-0.5869,-0.1130,-0.2903,-0.3033,-0.2722,-0.2978,-0.2504,-0.2903
1961-06-01,-0.3408,-0.6640,-0.0767,-0.2719,-0.3133,-0.2922,-0.2798,-0.3187,-0.2922
1961-07-01,-0.3588,-0.6323,-0.1143,-0.3972,-0.4133,-0.3622,-0.4118,-0.3779,-0.3972
1961-08-01,-0.3889,-0.7040,-0.1237,-0.3744,-0.4133,-0.3722,-0.4008,-0.4347,-0.4008
1961-09-01,-0.4201,-0.6863,-0.1440,-0.3908,-0.3433,-0.3822,-0.4378,-0.3973,-0.3908
1961-10-01,-0.4429,-0.7085,-0.1744,-0.4266,-0.4233,-0.4122,-0.4138,-0.4162,-0.4162
1961-11-01,-0.4485,-0.7198,-0.2149,-0.3910,-0.3933,-0.3722,-0.4298,-0.4050,-0.3933
1961-12-01,-0.4275,-0.7746,-0.1174,-0.6132,-0.5833,-0.5322,-0.5788,-0.4784,-0.5788
1962-01-01,-0.4253,-0.7896,-0.1707,-0.4145,-0.3733,-0.3622,-0.4178,-0.3203,-0.3733
1962-02-01,-0.3899,-0.6965,-0.1436,-0.3433,-0.2733,-0.2522,-0.3408,-0.2489,-0.2733
1962-03-01,-0.3891,-0.6876,-0.1035,-0.3385,-0.3233,-0.2622,-0.3418,-0.2926,-0.3233
1962-04-01,-0.3669,-0.6333,-0.1148,-0.3802,-0.3733,-0.3522,-0.4218,-0.3681,-0.3733
1962-05-01,-0.3915,-0.6008,-0.1637,-0.5371,-0.4833,-0.4822,-0.5908,-0.4503,-0.4833
1962-06-01,-0.4008,-0.6959,-0.2124,-0.4134,-0.3933,-0.4322,-0.4768,-0.5104,-0.4322
1962-07-01,-0.3978,-0.7378,-0.1643,-0.4711,-0.4033,-0.4322,-0.4888,-0.4272,-0.4322
1962-08-01,-0.4232,-0.6937,-0.2105,-0.4713,-0.4333,-0.4522,-0.4888,-0.4868,-0.4713
1962-09-01,-0.4243,-0.6543,-0.1926,-0.4337,-0.4233,-0.4522,-0.5138,-0.5275,-0.4522
1962-10-01,-0.4593,-0.7121,-0.2053,-0.4014,-0.4133,-0.3922,-0.4448,-0.4445,-0.4133
1962-11-01,-0.4660,-0.6998,-0.1842,-0.3816,-0.3633,-0.3022,-0.4298,-0.3975,-0.3816
1962-12-01,-0.4581,-0.7245,-0.1808,-0.4882,-0.4533,-0.4122,-0.4648,-0.3790,-0.4533
1963-01-01,-0.4258,-0.6925,-0.1500,-0.4777,-0.4533,-0.4322,-0.4898,-0.3794,-0.4533
1963-02-01,-0.4380,-0.7089,-0.1392,-0.3185,-0.2433,-0.2422,-0.3398,-0.2570,-0.2570
1963-03-01,-0.4056,-0.6984,-0.0699,-0.7015,-0.5633,-0.5322,-0.7138,-0.5821,-0.5821
1963-04-01,-0.4171,-0.6929,-0.1147,-0.5382,-0.4933,-0.4522,-0.5558,-0.5117,-0.5117
1963-05-01,-0.4263,-0.6817,-0.1540,-0.5049,-0.4833,-0.4322,-0.5398,-0.4425,-0.4833
1963-06-01,-0.4573,-0.9157,-0.1305,-0.4229,-0.3733,-0.4122,-0.4498,-0.3750,-0.4122
1963-07-01,-0.4693,-0.8189,-0.1052,-0.2932,-0.3633,-0.3622,-0.3078,-0.3134,-0.3134
1963-08-01,-0.4899,-0.8581,-0.1654,-0.2053,-0.2033,-0.2722,-0.1628,-0.2386,-0.2053
1963-09-01,-0.5121,-0.8766,-0.2171,-0.2303,-0.2533,-0.2622,-0.2698,-0.3285,-0.2622
1963-10-01,-0.5667,-0.9308,-0.2525,-0.2884,-0.2733,-0.2822,-0.2618,-0.3412,-0.2822
1963-11-01,-0.5927,-0.9694,-0.1771,-0.3058,-0.2733,-0.3222,-0.2998,-0.3042,-0.3042
1963-12-01,-0.6053,-1.0707,-0.2346,-0.4147,-0.4533,-0.3722,-0.3828,-0.3355,-0.3828
1964-01-01,-0.6351,-1.0197,-0.2832,-0.5471,-0.5133,-0.4822,-0.5408,-0.3660,-0.5133
1964-02-01,-0.6243,-1.0707,-0.2843,-0.5788,-0.5233,-0.5022,-0.5838,-0.4096,-0.5233
1964-03-01,-0.5823,-0.9848,-0.2868,-0.7389,-0.6333,-0.6222,-0.7708,-0.5779,-0.6333
1964-04-01,-0.5650,-0.8291,-0.2211,-0.7966,-0.7433,-0.6822,-0.7978,-0.6489,-0.7433
1964-05-01,-0.5808,-0.9281,-0.1896,-0.7297,-0.6733,-0.6322,-0.7338,-0.5296,-0.6733
1964-06-01,-0.6140,-0.9975,-0.2950,-0.5253,-0.4633,-0.4722,-0.4828,-0.4990,-0.4828
1964-07-01,-0.6004,-0.8823,-0.3931,-0.5596,-0.4633,-0.5222,-0.5068,-0.3891,-0.5068
1964-08-01,-0.5987,-0.8619,-0.3429,-0.6567,-0.6433,-0.5922,-0.6388,-0.5804,-0.6388
1964-09-01,-0.6085,-0.8728,-0.3859,-0.7619,-0.7233,-0.7122,-0.7628,-0.7776,-0.7619
1964-10-01,-0.6662,-0.9462,-0.3470,-0.6694,-0.7333,-0.6822,-0.7018,-0.8386,-0.7018
1964-11-01,-0.6565,-0.9972,-0.2700,-0.6535,-0.6333,-0.6722,-0.7068,-0.6724,-0.6722
1964-12-01,-0.6412,-1.0547,-0.2463,-0.7294,-0.7233,-0.6722,-0.7398,-0.6726,-0.7233
1965-01-01,-0.5976,-0.9628,-0.2205,-0.5173,-0.5033,-0.5022,-0.5238,-0.4674,-0.5033
1965-02-01,-0.5801,-1.0111,-0.2292,-0.6217,-0.5933,-0.5822,-0.6178,-0.5647,-0.5933
1965-03-01,-0.5441,-0.9863,-0.1849,-0.6149,-0.5533,-0.5522,-0.6338,-0.5164,-0.5533
1965-04-01,-0.5226,-0.8507,-0.2561,-0.6570,-0.6133,-0.6022,-0.6688,-0.5806,-0.6133
1965-05-01,-0.5436,-0.8433,-0.3212,-0.5487,-0.5433,-0.5122,-0.5528,-0.4525,-0.5433
1965-06-01,-0.5433,-0.8126,-0.2360,-0.5649,-0.5033,-0.5122,-0.5528,-0.5292,-0.5292
1965-07-01,-0.5578,-0.8461,-0.2762,-0.6242,-0.5533,-0.5322,-0.5758,-0.5188,-0.5533
1965-08-01,-0.5542,-0.9156,-0.2493,-0.5180,-0.4633,-0.4822,-0.5248,-0.5581,-0.5180
1965-09-01,-0.5804,-0.8517,-0.2875,-0.6026,-0.5733,-0.5122,-0.6338,-0.6036,-0.6026
1965-10-01,-0.6174,-0.9359,-0.2976,-0.4608,-0.4733,-0.4122,-0.4228,-0.5171,-0.4608
1965-11-01,-0.6179,-0.9215,-0.3570,-0.4993,-0.4833,-0.4222,-0.5098,-0.4839,-0.4839
1965-12-01,-0.5939,-0.9440,-0.2140,-0.5013,-0.5033,-0.4422,-0.4738,-0.4171,-0.4738
1966-01-01,-0.5283,-0.8689,-0.2035,-0.6383,-0.6133,-0.5722,-0.6108,-0.4682,-0.6108
1966-02-01,-0.5233,-0.8864,-0.1993,-0.5187,-0.4633,-0.4622,-0.5068,-0.3927,-0.4633
1966-03-01,-0.5391,-0.9613,-0.1981,-0.5276,-0.3933,-0.4422,-0.5138,-0.3616,-0.4422
1966-04-01,-0.5043,-0.8054,-0.2121,-0.5275,-0.5533,-0.5022,-0.5128,-0.4739,-0.5128
1966-05-01,-0.4977,-0.7942,-0.2068,-0.5715,-0.5433,-0.4922,-0.5648,-0.4432,-0.5433
1966-06-01,-0.4793,-0.7858,-0.1989,-0.4581,-0.4133,-0.3922,-0.4198,-0.3670,-0.4133
1966-07-01,-0.5080,-0.8587,-0.1931,-0.3531,-0.3433,-0.3122,-0.3568,-0.2944,-0.3433
1966-08-01,-0.5147,-0.8577,-0.2989,-0.4551,-0.5133,-0.4422,-0.4838,-0.4653,-0.4653
1966-09-01,-0.5469,-0.8583,-0.2587,-0.4406,-0.4533,-0.4222,-0.4628,-0.4822,-0.4533
1966-10-01,-0.5761,-0.8417,-0.2171,-0.5900,-0.5933,-0.5822,-0.5778,-0.6176,-0.5900
1966-11-01,-0.5983,-0.8638,-0.3537,-0.4619,-0.4333,-0.4522,-0.4898,-0.4902,-0.4619
1966-12-01,-0.6129,-0.8645,-0.2742,-0.4957,-0.4533,-0.4522,-0.4708,-0.4149,-0.4533
1967-01-01,-0.5794,-0.8787,-0.2300,-0.5766,-0.5033,-0.5422,-0.5548,-0.4633,-0.5422
1967-02-01,-0.5319,-0.7719,-0.1639,-0.6846,-0.6333,-0.6222,-0.6978,-0.6284,-0.6333
1967-03-01,-0.5079,-0.7760,-0.2442,-0.4538,-0.3733,-0.3622,-0.4778,-0.3730,-0.3733
1967-04-01,-0.4744,-0.7966,-0.1927,-0.4916,-0.4733,-0.4322,-0.4978,-0.4332,-0.4733
1967-05-01,-0.4574,-0.8226,-0.2191,-0.2994,-0.3033,-0.2322,-0.2948,-0.2417,-0.2948
1967-06-01,-0.4662,-0.7584,-0.2464,-0.4686,-0.5033,-0.4522,-0.4848,-0.4497,-0.4686
1967-07-01,-0.5115,-0.8218,-0.2585,-0.4260,-0.4033,-0.4322,-0.4318,-0.4136,-0.4260
1967-08-01,-0.4816,-0.7679,-0.2503,-0.4603,-0.4133,-0.4422,-0.4538,-0.4568,-0.4538
1967-09-01,-0.5083,-0.7354,-0.2496,-0.4844,-0.4833,-0.4122,-0.4938,-0.4631,-0.4833
1967-10-01,-0.5540,-0.7782,-0.3248,-0.3796,-0.3333,-0.3222,-0.3938,-0.3565,-0.3565
1967-11-01,-0.5626,-0.8530,-0.2656,-0.4811,-0.4733,-0.4722,-0.5528,-0.4626,-0.4733
1967-12-01,-0.5289,-0.8324,-0.2385,-0.5133,-0.4733,-0.4222,-0.4998,-0.3726,-0.4733
1968-01-01,-0.5273,-0.8286,-0.2298,-0.6773,-0.6833,-0.6022,-0.6868,-0.5703,-0.6773
1968-02-01,-0.4901,-0.7918,-0.1548,-0.6188,-0.5633,-0.5622,-0.6378,-0.5154,-0.5633
1968-03-01,-0.4614,-0.7184,-0.2164,-0.3564,-0.2233,-0.2522,-0.3658,-0.2666,-0.2666
1968-04-01,-0.4591,-0.7124,-0.2171,-0.5353,-0.4833,-0.4622,-0.5548,-0.4647,-0.4833
1968-05-01,-0.4417,-0.6850,-0.2109,-0.5806,-0.5633,-0.4922,-0.6008,-0.4669,-0.5633
1968-06-01,-0.4597,-0.7492,-0.2608,-0.5064,-0.5133,-0.4322,-0.4818,-0.5411,-0.5064
1968-07-01,-0.4777,-0.8140,-0.2527,-0.5518,-0.5533,-0.4922,-0.6058,-0.4794,-0.5518
1968-08-01,-0.4707,-0.8070,-0.2149,-0.4831,-0.5033,-0.4222,-0.5318,-0.5386,-0.5033
1968-09-01,-0.5041,-0.7982,-0.2351,-0.5791,-0.6133,-0.5122,-0.6108,-0.6237,-0.6108
1968-10-01,-0.5501,-0.8042,-0.3389,-0.3459,-0.3333,-0.3722,-0.3618,-0.3996,-0.3618
1968-11-01,-0.5626,-0.8908,-0.3427,-0.4897,-0.4733,-0.5322,-0.5428,-0.5076,-0.5076
1968-12-01,-0.5495,-0.8580,-0.2820,-0.5445,-0.5633,-0.5322,-0.5428,-0.4971,-0.5428
1969-01-01,-0.4845,-0.7906,-0.2358,-0.5145,-0.5333,-0.5022,-0.5428,-0.4309,-0.5145
1969-02-01,-0.4984,-0.7766,-0.2096,-0.5505,-0.6033,-0.5022,-0.5928,-0.4910,-0.5505
1969-03-01,-0.4594,-0.7712,-0.0660,-0.4859,-0.4133,-0.3722,-0.5118,-0.3577,-0.4133
1969-04-01,-0.4478,-0.7564,-0.1386,-0.3054,-0.2533,-0.2622,-0.3348,-0.2387,-0.2622
1969-05-01,-0.4530,-0.7104,-0.1932,-0.2904,-0.2433,-0.2122,-0.2818,-0.1883,-0.2433
1969-06-01,-0.4650,-0.7577,-0.1763,-0.3486,-0.3933,-0.3222,-0.3528,-0.3333,-0.3486
1969-07-01,-0.4655,-0.7703,-0.1249,-0.4622,-0.4633,-0.4122,-0.4798,-0.4121,-0.4622
1969-08-01,-0.4970,-0.8248,-0.1731,-0.4251,-0.3833,-0.3822,-0.4318,-0.5441,-0.4251
1969-09-01,-0.5225,-0.7495,-0.2437,-0.3669,-0.3433,-0.3322,-0.3968,-0.4593,-0.3669
1969-10-01,-0.5568,-0.8619,-0.2760,-0.3539,-0.3333,-0.2922,-0.3328,-0.4469,-0.3333
1969-11-01,-0.5468,-0.8819,-0.2906,-0.3327,-0.3033,-0.2722,-0.3588,-0.2749,-0.3033
1969-12-01,-0.5198,-0.8471,-0.2583,-0.1872,-0.1833,-0.1322,-0.1948,-0.1096,-0.1833
1970-01-01,-0.4911,-0.8484,-0.1519,-0.3437,-0.3433,-0.2622,-0.3448,-0.2280,-0.3433
1970-02-01,-0.4324,-0.7645,-0.0883,-0.2952,-0.2033,-0.2322,-0.3178,-0.1970,-0.2322
1970-03-01,-0.4622,-0.7516,-0.1495,-0.4483,-0.3633,-0.3322,-0.4548,-0.3292,-0.3633
1970-04-01,-0.4552,-0.7752,-0.1450,-0.4366,-0.3733,-0.3322,-0.4028,-0.2584,-0.3733
1970-05-01,-0.4400,-0.7455,-0.1872,-0.4989,-0.4533,-0.4022,-0.4818,-0.3685,-0.4533
1970-06-01,-0.4262,-0.7934,-0.1679,-0.4944,-0.4433,-0.4222,-0.4768,-0.3586,-0.4433
1970-07-01,-0.4376,-0.8524,-0.1937,-0.4672,-0.4033,-0.3822,-0.4508,-0.4021,-0.4033
1970-08-01,-0.4575,-0.7949,-0.2003,-0.5557,-0.5233,-0.4922,-0.5738,-0.5696,-0.5557
1970-09-01,-0.4581,-0.7447,-0.2075,-0.3874,-0.3033,-0.3622,-0.3868,-0.4943,-0.3868
1970-10-01,-0.4934,-0.8547,-0.2229,-0.4164,-0.3933,-0.4622,-0.4198,-0.4774,-0.4198
1970-11-01,-0.4868,-0.8020,-0.2534,-0.4177,-0.4033,-0.4022,-0.5138,-0.4500,-0.4177
1970-12-01,-0.5241,-0.8623,-0.2721,-0.5494,-0.5433,-0.5422,-0.5748,-0.4562,-0.5433
1971-01-01,-0.4431,-0.7744,-0.1702,-0.4988,-0.4433,-0.4922,-0.5238,-0.3920,-0.4922
1971-02-01,-0.4287,-0.7267,-0.0890,-0.6305,-0.5733,-0.5922,-0.6728,-0.5700,-0.5922
1971-03-01,-0.3971,-0.7222,-0.1255,-0.6943,-0.6033,-0.5422,-0.6958,-0.5456,-0.6033
1971-04-01,-0.3872,-0.6009,-0.0397,-0.5888,-0.4933,-0.5022,-0.5678,-0.4866,-0.5022
1971-05-01,-0.3856,-0.6001,-0.1075,-0.5521,-0.4733,-0.4722,-0.5128,-0.5138,-0.5128
1971-06-01,-0.3891,-0.7468,-0.1206,-0.6143,-0.5833,-0.5522,-0.5678,-0.5783,-0.5783
1971-07-01,-0.3955,-0.7371,-0.1941,-0.5386,-0.4933,-0.4722,-0.5748,-0.5892,-0.5386
1971-08-01,-0.4107,-0.7206,-0.2170,-0.5350,-0.4333,-0.4722,-0.5728,-0.5902,-0.5350
1971-09-01,-0.4122,-0.7001,-0.1536,-0.4790,-0.4733,-0.3922,-0.5058,-0.5610,-0.4790
1971-10-01,-0.4269,-0.7775,-0.2286,-0.5097,-0.4633,-0.5422,-0.5038,-0.6289,-0.5097
1971-11-01,-0.4743,-0.7879,-0.2458,-0.5044,-0.4933,-0.5222,-0.5418,-0.5476,-0.5222
1971-12-01,-0.4441,-0.8620,-0.2061,-0.5819,-0.5033,-0.5022,-0.5768,-0.4442,-0.5033
1972-01-01,-0.3999,-0.6947,-0.1630,-0.7320,-0.6433,-0.5922,-0.7078,-0.5992,-0.6433
1972-02-01,-0.3750,-0.7013,-0.1719,-0.6314,-0.6033,-0.5622,-0.6768,-0.6403,-0.6314
1972-03-01,-0.3500,-0.6281,-0.0874,-0.4947,-0.3933,-0.3422,-0.4688,-0.4509,-0.4509
1972-04-01,-0.3401,-0.5867,-0.0747,-0.4812,-0.4233,-0.3922,-0.4478,-0.3916,-0.4233
1972-05-01,-0.3484,-0.6156,-0.0782,-0.4348,-0.4533,-0.4022,-0.4468,-0.3936,-0.4348
1972-06-01,-0.3546,-0.6745,-0.1420,-0.3862,-0.3833,-0.3122,-0.3568,-0.2683,-0.3568
1972-07-01,-0.3475,-0.6503,-0.1424,-0.4449,-0.4133,-0.3522,-0.4418,-0.3025,-0.4133
1972-08-01,-0.3827,-0.6998,-0.1964,-0.2886,-0.2633,-0.2122,-0.2898,-0.3424,-0.2886
1972-09-01,-0.4086,-0.5708,-0.1880,-0.4036,-0.4033,-0.3322,-0.3958,-0.4302,-0.4033
1972-10-01,-0.4579,-0.6889,-0.2286,-0.4073,-0.3433,-0.3222,-0.3758,-0.3857,-0.3758
1972-11-01,-0.4481,-0.6783,-0.2110,-0.4016,-0.4033,-0.3922,-0.4608,-0.4314,-0.4033
1972-12-01,-0.4182,-0.6413,-0.1713,-0.2412,-0.2433,-0.2022,-0.2148,-0.1966,-0.2148
1973-01-01,-0.3786,-0.6998,-0.0981,-0.2518,-0.1333,-0.1422,-0.2098,-0.0841,-0.1422
1973-02-01,-0.3790,-0.7034,-0.0351,-0.1937,-0.1033,-0.1122,-0.1948,-0.0525,-0.1122
1973-03-01,-0.3542,-0.7165,0.0021,-0.2381,-0.1333,-0.1522,-0.2658,-0.1787,-0.1787
1973-04-01,-0.3440,-0.6508,-0.0900,-0.1603,-0.1533,-0.1122,-0.1948,-0.1936,-0.1603
1973-05-01,-0.3360,-0.5673,-0.1376,-0.2457,-0.1933,-0.1922,-0.2178,-0.1905,-0.1933
1973-06-01,-0.3579,-0.5872,-0.1385,-0.2485,-0.2333,-0.1722,-0.2128,-0.3114,-0.2333
1973-07-01,-0.3762,-0.5877,-0.1246,-0.3325,-0.2933,-0.2922,-0.3178,-0.3372,-0.3178
1973-08-01,-0.3874,-0.6222,-0.1216,-0.3761,-0.3733,-0.3522,-0.3828,-0.5097,-0.3761
1973-09-01,-0.4099,-0.6229,-0.1830,-0.3858,-0.3333,-0.3422,-0.3988,-0.4740,-0.3858
1973-10-01,-0.4332,-0.6444,-0.2001,-0.3396,-0.3233,-0.3522,-0.3728,-0.4800,-0.3522
1973-11-01,-0.4419,-0.6688,-0.2127,-0.3772,-0.3833,-0.4022,-0.4238,-0.4073,-0.4022
1973-12-01,-0.4290,-0.6872,-0.2140,-0.4815,-0.4933,-0.4222,-0.4628,-0.3638,-0.4628
1974-01-01,-0.3697,-0.6325,-0.0109,-0.6334,-0.5233,-0.5022,-0.6198,-0.4700,-0.5233
1974-02-01,-0.3617,-0.6824,-0.0628,-0.7962,-0.6933,-0.6722,-0.7658,-0.6751,-0.6933
1974-03-01,-0.3625,-0.5940,-0.1253,-0.5888,-0.4733,-0.4822,-0.5918,-0.5284,-0.5284
1974-04-01,-0.3319,-0.5253,-0.0192,-0.5514,-0.5433,-0.4722,-0.5698,-0.5368,-0.5433
1974-05-01,-0.3529,-0.5817,-0.0908,-0.4796,-0.4633,-0.4022,-0.5038,-0.5565,-0.4796
1974-06-01,-0.3490,-0.5318,-0.1286,-0.4663,-0.4733,-0.4122,-0.4558,-0.5754,-0.4663
1974-07-01,-0.3510,-0.5361,-0.1317,-0.4849,-0.4533,-0.4122,-0.4968,-0.5856,-0.4849
1974-08-01,-0.3770,-0.6224,-0.1538,-0.3257,-0.3233,-0.3122,-0.3098,-0.5068,-0.3233
1974-09-01,-0.3987,-0.6013,-0.1602,-0.4394,-0.5033,-0.4622,-0.4898,-0.6752,-0.4898
1974-10-01,-0.4285,-0.6683,-0.2117,-0.4605,-0.4833,-0.4622,-0.5058,-0.6689,-0.4833
1974-11-01,-0.4459,-0.6742,-0.1896,-0.4721,-0.5033,-0.5122,-0.5448,-0.5943,-0.5122
1974-12-01,-0.4374,-0.7386,-0.1557,-0.5602,-0.5033,-0.5322,-0.5478,-0.5209,-0.5322
1975-01-01,-0.3767,-0.6780,-0.1058,-0.4438,-0.3233,-0.3922,-0.4538,-0.3706,-0.3922
1975-02-01,-0.3660,-0.6567,-0.1077,-0.3699,-0.3433,-0.3422,-0.3788,-0.3824,-0.3699
1975-03-01,-0.3627,-0.6245,-0.0098,-0.3590,-0.3033,-0.2822,-0.3678,-0.3448,-0.3448
1975-04-01,-0.3419,-0.6137,-0.1108,-0.3978,-0.3833,-0.3522,-0.3808,-0.4187,-0.3833
1975-05-01,-0.3611,-0.5955,-0.1000,-0.2941,-0.2633,-0.3022,-0.3058,-0.4522,-0.3022
1975-06-01,-0.3833,-0.5723,-0.1213,-0.4075,-0.4333,-0.3622,-0.4268,-0.5508,-0.4268
1975-07-01,-0.3696,-0.6131,-0.1303,-0.4518,-0.4333,-0.4122,-0.4518,-0.6146,-0.4518
1975-08-01,-0.3840,-0.6182,-0.1732,-0.5795,-0.5933,-0.5422,-0.6088,-0.7240,-0.5933
1975-09-01,-0.4034,-0.6262,-0.1788,-0.4869,-0.4433,-0.4222,-0.4948,-0.7209,-0.4869
1975-10-01,-0.4350,-0.6639,-0.2072,-0.4993,-0.5333,-0.5822,-0.5518,-0.7648,-0.5518
1975-11-01,-0.4649,-0.7152,-0.2109,-0.6090,-0.5933,-0.5922,-0.6728,-0.6697,-0.6090
1975-12-01,-0.4432,-0.7649,-0.1530,-0.5976,-0.5933,-0.5522,-0.5568,-0.5813,-0.5813
1976-01-01,-0.3942,-0.7551,0.0150,-0.5158,-0.4533,-0.4522,-0.5228,-0.4602,-0.4602
1976-02-01,-0.4009,-0.7080,0.0092,-0.5779,-0.4833,-0.4922,-0.5998,-0.6291,-0.5779
1976-03-01,-0.3650,-0.6446,-0.0051,-0.6825,-0.6433,-0.5922,-0.7378,-0.7474,-0.6825
1976-04-01,-0.3521,-0.6346,0.0290,-0.5304,-0.4933,-0.4422,-0.5648,-0.5993,-0.5304
1976-05-01,-0.3297,-0.5869,-0.0111,-0.7070,-0.6233,-0.5922,-0.6958,-0.6983,-0.6958
1976-06-01,-0.3291,-0.6824,0.0437,-0.5826,-0.5433,-0.4822,-0.5418,-0.5993,-0.5433
1976-07-01,-0.3292,-0.6431,-0.0170,-0.5203,-0.5233,-0.4122,-0.4708,-0.5425,-0.5203
1976-08-01,-0.3673,-0.7019,-0.1153,-0.5890,-0.5433,-0.4822,-0.5428,-0.6392,-0.5433
1976-09-01,-0.3950,-0.6639,-0.1076,-0.4995,-0.4833,-0.4122,-0.4698,-0.5784,-0.4833
1976-10-01,-0.4302,-0.6886,-0.1834,-0.6810,-0.6633,-0.6522,-0.6468,-0.8968,-0.6633
1976-11-01,-0.4660,-0.7245,-0.1739,-0.4832,-0.4833,-0.5022,-0.5058,-0.6140,-0.5022
1976-12-01,-0.4172,-0.6881,-0.1689,-0.3766,-0.3133,-0.3022,-0.3168,-0.4246,-0.3168
1977-01-01,-0.3894,-0.6702,-0.1595,-0.1943,-0.2333,-0.2122,-0.2078,-0.2662,-0.2122
1977-02-01,-0.3442,-0.6771,-0.0398,-0.2430,-0.1933,-0.2422,-0.2528,-0.3087,-0.2430
1977-03-01,-0.3364,-0.6034,-0.1069,-0.2712,-0.1833,-0.2122,-0.2888,-0.3113,-0.2712
1977-04-01,-0.3326,-0.6061,-0.0042,-0.2136,-0.1633,-0.1822,-0.2158,-0.2865,-0.2136
1977-05-01,-0.3112,-0.5547,0.0051,-0.1228,-0.0933,-0.1422,-0.1328,-0.2370,-0.1328
1977-06-01,-0.3017,-0.5552,-0.1181,-0.1407,-0.1533,-0.1322,-0.1238,-0.2442,-0.1407
1977-07-01,-0.3329,-0.5906,-0.1284,-0.2075,-0.2233,-0.1822,-0.1968,-0.3256,-0.2075
1977-08-01,-0.3367,-0.5797,-0.1492,-0.2183,-0.2433,-0.2022,-0.1698,-0.3526,-0.2183
1977-09-01,-0.3666,-0.5707,-0.1704,-0.3514,-0.4033,-0.3122,-0.3408,-0.5266,-0.3514
1977-10-01,-0.3981,-0.6220,-0.1776,-0.3660,-0.3933,-0.3422,-0.3198,-0.5534,-0.3660
1977-11-01,-0.4038,-0.7063,-0.1822,-0.2289,-0.2633,-0.2122,-0.2468,-0.2776,-0.2468
1977-12-01,-0.3472,-0.6443,-0.0503,-0.3892,-0.3933,-0.3222,-0.3538,-0.2997,-0.3538
1978-01-01,-0.2930,-0.6148,-0.0322,-0.3140,-0.3633,-0.3022,-0.3728,-0.2841,-0.3140
1978-02-01,-0.3058,-0.6961,-0.0748,-0.2763,-0.3233,-0.2722,-0.3078,-0.3060,-0.3060
1978-03-01,-0.2735,-0.5690,-0.0680,-0.2903,-0.2333,-0.2122,-0.3168,-0.3071,-0.2903
1978-04-01,-0.2461,-0.5186,-0.0485,-0.2978,-0.2533,-0.2822,-0.3118,-0.3291,-0.2978
1978-05-01,-0.2445,-0.4857,-0.0222,-0.3363,-0.3333,-0.3122,-0.3008,-0.3138,-0.3138
1978-06-01,-0.2641,-0.5255,-0.0889,-0.4045,-0.4333,-0.3822,-0.4098,-0.4816,-0.4098
1978-07-01,-0.2841,-0.5243,-0.1222,-0.3360,-0.3833,-0.3022,-0.2958,-0.3738,-0.3360
1978-08-01,-0.2954,-0.5566,-0.1126,-0.5680,-0.5633,-0.4822,-0.5838,-0.6078,-0.5680
1978-09-01,-0.2988,-0.5412,-0.0951,-0.3133,-0.3633,-0.2722,-0.3448,-0.5658,-0.3448
1978-10-01,-0.3294,-0.5858,-0.1239,-0.4105,-0.3933,-0.3622,-0.4038,-0.5325,-0.4038
1978-11-01,-0.3518,-0.6425,-0.0995,-0.2574,-0.2933,-0.2322,-0.2968,-0.3214,-0.2933
1978-12-01,-0.3463,-0.6546,-0.0885,-0.3393,-0.3433,-0.2922,-0.3228,-0.2728,-0.3228
1979-01-01,-0.2779,-0.5373,0.0433,-0.3010,-0.3333,-0.2522,-0.3278,-0.1504,-0.3010
1979-02-01,-0.2804,-0.6551,0.0594,-0.5307,-0.5233,-0.4622,-0.5398,-0.4104,-0.5233
1979-03-01,-0.2521,-0.6218,0.0490,-0.2861,-0.2333,-0.2522,-0.3008,-0.2206,-0.2522
1979-04-01,-0.2627,-0.5000,-0.0048,-0.2750,-0.2733,-0.3522,-0.3078,-0.2859,-0.2859
1979-05-01,-0.2635,-0.5007,-0.0398,-0.3756,-0.3933,-0.3022,-0.3648,-0.2688,-0.3648
1979-06-01,-0.2606,-0.5987,-0.0412,-0.3032,-0.2833,-0.2422,-0.3198,-0.2879,-0.2879
1979-07-01,-0.2501,-0.4658,-0.0619,-0.3330,-0.3833,-0.3222,-0.3808,-0.3832,-0.3808
1979-08-01,-0.2762,-0.4910,-0.0731,-0.2355,-0.2533,-0.2322,-0.2828,-0.2952,-0.2533
1979-09-01,-0.2593,-0.5106,-0.0771,-0.1784,-0.1733,-0.1522,-0.2108,-0.2574,-0.1784
1979-10-01,-0.2799,-0.5073,-0.0660,-0.2060,-0.1633,-0.1622,-0.1618,-0.2015,-0.1633
1979-11-01,-0.2819,-0.5539,-0.0054,-0.1446,-0.1433,-0.1422,-0.1798,-0.1787,-0.1446
1979-12-01,-0.2555,-0.5199,0.0572,0.0359,0.0467,0.0778,0.0622,0.1097,0.0622
1980-01-01,-0.2486,-0.4769,0.0146,-0.0991,-0.1233,-0.0822,-0.0868,-0.0278,-0.0868
1980-02-01,-0.2417,-0.6629,0.0136,0.0078,-0.0333,0.0078,-0.0178,0.0196,0.0078
1980-03-01,-0.2031,-0.5362,0.0447,-0.1380,-0.1333,-0.0922,-0.1148,-0.0110,-0.1148
1980-04-01,-0.1977,-0.5332,0.0665,-0.1194,-0.1233,-0.1122,-0.0608,0.0383,-0.1122
1980-05-01,-0.1860,-0.4226,0.0420,-0.1062,-0.0733,-0.0622,-0.0718,0.0866,-0.0718
1980-06-01,-0.1968,-0.4363,0.0207,-0.2224,-0.2233,-0.1722,-0.1968,-0.1098,-0.1968
1980-07-01,-0.1904,-0.5442,0.0006,-0.1462,-0.2033,-0.1422,-0.1038,-0.0949,-0.1422
1980-08-01,-0.2105,-0.5096,-0.0034,-0.1876,-0.2433,-0.1722,-0.1408,-0.1702,-0.1722
1980-09-01,-0.2234,-0.5693,0.0154,-0.2266,-0.2233,-0.2122,-0.2128,-0.2489,-0.2233
1980-10-01,-0.2533,-0.4960,-0.0578,-0.2582,-0.2933,-0.2522,-0.2648,-0.2927,-0.2648
1980-11-01,-0.2644,-0.4632,-0.0692,-0.1453,-0.1233,-0.1622,-0.1838,-0.2237,-0.1622
1980-12-01,-0.2373,-0.5514,0.0075,-0.2422,-0.2133,-0.1922,-0.2338,-0.2306,-0.2306
1981-01-01,-0.1946,-0.5203,0.0506,0.0933,0.1067,0.0978,0.0692,0.0976,0.0976
1981-02-01,-0.1842,-0.5326,0.1438,-0.0154,-0.0033,-0.0122,-0.0568,0.0278,-0.0122
1981-03-01,-0.1746,-0.4344,0.0613,-0.0233,0.0567,0.0378,-0.0298,0.1022,0.0378
1981-04-01,-0.1443,-0.4010,0.0396,-0.1554,-0.1033,-0.1022,-0.1518,0.0093,-0.1033
1981-05-01,-0.1465,-0.3387,0.0254,-0.2064,-0.1733,-0.1522,-0.2018,-0.0520,-0.1733
1981-06-01,-0.1537,-0.3566,0.0262,-0.1083,-0.1333,-0.1322,-0.0708,-0.1053,-0.1083
1981-07-01,-0.1948,-0.3649,0.0240,-0.0834,-0.0933,-0.1522,-0.0888,-0.1271,-0.0933
1981-08-01,-0.1952,-0.4425,0.0098,-0.0424,-0.0733,-0.0922,-0.0518,-0.1220,-0.0733
1981-09-01,-0.2033,-0.3472,0.0306,-0.2119,-0.2733,-0.2222,-0.2088,-0.2172,-0.2172
1981-10-01,-0.2525,-0.4565,0.0261,-0.2977,-0.3033,-0.2022,-0.2498,-0.2558,-0.2558
1981-11-01,-0.2413,-0.4614,-0.0110,-0.1907,-0.1933,-0.1822,-0.2208,-0.2194,-0.1933
1981-12-01,-0.2183,-0.4888,0.0697,0.0127,-0.0133,0.0178,0.0302,0.0070,0.0127
1982-01-01,-0.1890,-0.4580,0.0954,-0.3811,-0.3733,-0.3322,-0.3568,-0.3055,-0.3568
1982-02-01,-0.1951,-0.4871,0.0862,-0.2869,-0.2733,-0.2522,-0.3208,-0.2108,-0.2733
1982-03-01,-0.1730,-0.4233,0.1363,-0.4900,-0.3933,-0.3922,-0.5118,-0.3714,-0.3933
1982-04-01,-0.2037,-0.4288,0.0107,-0.3292,-0.2733,-0.2822,-0.3938,-0.3153,-0.3153
1982-05-01,-0.2196,-0.4997,0.0189,-0.2632,-0.2433,-0.2422,-0.2808,-0.1941,-0.2433
1982-06-01,-0.2301,-0.4115,-0.0408,-0.3543,-0.3633,-0.3322,-0.3038,-0.2761,-0.3322
1982-07-01,-0.2345,-0.4568,-0.0680,-0.2767,-0.2833,-0.2322,-0.2578,-0.2236,-0.2578
1982-08-01,-0.2723,-0.3911,-0.1063,-0.3981,-0.3933,-0.3322,-0.3588,-0.3396,-0.3588
1982-09-01,-0.3070,-0.4885,-0.1466,-0.3380,-0.2833,-0.2622,-0.2948,-0.3467,-0.2948
1982-10-01,-0.3731,-0.5890,-0.2380,-0.3110,-0.2933,-0.2722,-0.2668,-0.3570,-0.2933
1982-11-01,-0.3771,-0.6190,-0.1153,-0.3234,-0.2433,-0.2922,-0.3388,-0.3151,-0.3151
1982-12-01,-0.3816,-0.7001,-0.1423,-0.0736,0.0067,0.0078,-0.0428,0.0087,0.0067
1983-01-01,-0.3310,-0.6320,-0.0821,0.0046,0.1067,0.0478,-0.0098,0.1201,0.0478
1983-02-01,-0.3210,-0.6695,-0.0679,-0.0176,0.0067,0.0278,-0.0428,0.0841,0.0067
1983-03-01,-0.3388,-0.5727,-0.1230,-0.1041,-0.0033,-0.0222,-0.1068,0.0776,-0.0222
1983-04-01,-0.3360,-0.5434,-0.0125,-0.1770,-0.1433,-0.1722,-0.1658,-0.0543,-0.1658
1983-05-01,-0.3554,-0.5734,-0.1371,-0.1305,-0.0833,-0.0722,-0.0688,0.0447,-0.0722
1983-06-01,-0.3890,-0.6436,-0.1596,-0.1861,-0.1933,-0.1622,-0.1598,-0.1219,-0.1622
1983-07-01,-0.3793,-0.5967,-0.1579,-0.2389,-0.2433,-0.2322,-0.2428,-0.2020,-0.2389
1983-08-01,-0.3730,-0.6101,-0.1733,-0.0693,-0.0633,-0.0822,-0.0918,-0.1356,-0.0822
1983-09-01,-0.3871,-0.6410,-0.1658,-0.0265,-0.0533,-0.0422,-0.0538,-0.0781,-0.0533
1983-10-01,-0.4374,-0.6809,-0.1970,-0.2377,-0.2533,-0.2122,-0.2558,-0.3123,-0.2533
1983-11-01,-0.4077,-0.6990,-0.1047,-0.1080,-0.1233,-0.0922,-0.1568,-0.1484,-0.1233
1983-12-01,-0.3733,-0.6745,-0.0915,-0.2574,-0.2533,-0.1922,-0.2388,-0.1821,-0.2388
1984-01-01,-0.3249,-0.6148,0.0037,-0.1969,-0.1133,-0.1422,-0.2118,-0.1306,-0.1422
1984-02-01,-0.3141,-0.6191,-0.0258,-0.3315,-0.2833,-0.2422,-0.3358,-0.2895,-0.2895
1984-03-01,-0.2817,-0.5417,-0.0125,-0.2041,-0.1633,-0.1522,-0.2058,-0.1269,-0.1633
1984-04-01,-0.2666,-0.4867,-0.0243,-0.3407,-0.3633,-0.3122,-0.3208,-0.2465,-0.3208
1984-05-01,-0.2694,-0.4423,-0.0981,-0.1367,-0.0933,-0.0822,-0.1018,-0.0369,-0.0933
1984-06-01,-0.2747,-0.4336,-0.0683,-0.3881,-0.4033,-0.3222,-0.3738,-0.3619,-0.3738
1984-07-01,-0.2543,-0.4269,-0.0520,-0.3272,-0.2333,-0.2722,-0.3498,-0.4173,-0.3272
1984-08-01,-0.2699,-0.4983,-0.0055,-0.2579,-0.2333,-0.2322,-0.2478,-0.3242,-0.2478
1984-09-01,-0.3146,-0.4735,-0.0486,-0.2260,-0.2133,-0.2122,-0.2258,-0.3672,-0.2258
1984-10-01,-0.3358,-0.5677,-0.0880,-0.3124,-0.2933,-0.2922,-0.2988,-0.3590,-0.2988
1984-11-01,-0.3457,-0.5890,-0.1034,-0.4096,-0.3633,-0.3722,-0.4258,-0.4470,-0.4096
1984-12-01,-0.3207,-0.5655,-0.0696,-0.5110,-0.4633,-0.4222,-0.4858,-0.3615,-0.4633
1985-01-01,-0.2814,-0.5948,0.0027,-0.2337,-0.2033,-0.1522,-0.1988,-0.1511,-0.1988
1985-02-01,-0.2646,-0.5125,0.0178,-0.4514,-0.4633,-0.3922,-0.4808,-0.4174,-0.4514
1985-03-01,-0.2563,-0.5133,-0.0424,-0.3090,-0.2533,-0.2122,-0.3248,-0.2649,-0.2649
1985-04-01,-0.2527,-0.4757,-0.0727,-0.3484,-0.3033,-0.3022,-0.3378,-0.2502,-0.3033
1985-05-01,-0.2318,-0.4160,-0.0195,-0.2849,-0.2733,-0.2322,-0.2848,-0.2589,-0.2733
1985-06-01,-0.2270,-0.4561,-0.0079,-0.2298,-0.2733,-0.2422,-0.2738,-0.3224,-0.2733
1985-07-01,-0.2565,-0.5708,-0.0634,-0.3742,-0.3833,-0.3922,-0.4148,-0.4211,-0.3922
1985-08-01,-0.2553,-0.4522,-0.0616,-0.2095,-0.2533,-0.2522,-0.2568,-0.2800,-0.2533
1985-09-01,-0.2733,-0.4484,-0.1147,-0.2339,-0.2933,-0.2722,-0.3328,-0.4019,-0.2933
1985-10-01,-0.2747,-0.5155,-0.0485,-0.3131,-0.3033,-0.3022,-0.2908,-0.4838,-0.3033
1985-11-01,-0.2982,-0.5366,-0.0880,-0.3344,-0.3733,-0.3422,-0.3868,-0.3882,-0.3733
1985-12-01,-0.2613,-0.5145,-0.0512,-0.2959,-0.2833,-0.2422,-0.2628,-0.3041,-0.2833
1986-01-01,-0.2560,-0.4837,0.0050,-0.2335,-0.1633,-0.1722,-0.2528,-0.1611,-0.1722
1986-02-01,-0.2331,-0.4870,0.0213,-0.0439,-0.0533,-0.0322,-0.0588,-0.1010,-0.0533
1986-03-01,-0.2307,-0.4629,-0.0335,-0.2157,-0.1233,-0.1022,-0.2328,-0.1469,-0.1469
1986-04-01,-0.2232,-0.3821,-0.0499,-0.2203,-0.2033,-0.1722,-0.0798,-0.0775,-0.1722
1986-05-01,-0.1876,-0.3591,0.0414,-0.2097,-0.2133,-0.1722,0.0222,-0.0913,-0.1722
1986-06-01,-0.1958,-0.3450,-0.0032,-0.3104,-0.3033,-0.2422,-0.3118,-0.3040,-0.3040
1986-07-01,-0.2126,-0.3925,-0.0418,-0.3096,-0.3133,-0.2522,-0.3158,-0.3339,-0.3133
1986-08-01,-0.2013,-0.4145,-0.0365,-0.2602,-0.2633,-0.2322,-0.2598,-0.3230,-0.2602
1986-09-01,-0.2288,-0.3999,-0.0548,-0.3257,-0.3933,-0.2922,-0.3388,-0.4081,-0.3388
1986-10-01,-0.2720,-0.4717,-0.1338,-0.2978,-0.2733,-0.2622,-0.2708,-0.4307,-0.2733
1986-11-01,-0.2450,-0.3991,-0.0885,-0.3111,-0.3233,-0.2822,-0.3318,-0.2956,-0.3111
1986-12-01,-0.2169,-0.4833,0.0194,-0.3219,-0.2933,-0.2322,-0.2728,-0.2053,-0.2728
1987-01-01,-0.1615,-0.4183,0.0589,-0.1332,-0.1033,-0.0922,-0.1428,-0.0617,-0.1033
1987-02-01,-0.1815,-0.4166,0.1069,-0.0332,0.0067,-0.0422,-0.0668,-0.0119,-0.0332
1987-03-01,-0.1529,-0.3165,0.0647,-0.2479,-0.2433,-0.2222,-0.2928,-0.2155,-0.2433
1987-04-01,-0.1544,-0.4196,0.0374,-0.1623,-0.1833,-0.1522,-0.2148,-0.1117,-0.1623
1987-05-01,-0.1492,-0.3669,0.0367,-0.1863,-0.1633,-0.1222,-0.2008,-0.0947,-0.1633
1987-06-01,-0.1414,-0.3001,0.0335,-0.0864,-0.0733,-0.0822,-0.0498,-0.0473,-0.0733
1987-07-01,-0.1570,-0.3655,0.0109,-0.0038,-0.0233,0.0278,0.0302,0.0254,0.0254
1987-08-01,-0.1762,-0.3922,0.0127,-0.1392,-0.1733,-0.1322,-0.1118,-0.1566,-0.1392
1987-09-01,-0.1777,-0.4091,-0.0301,-0.0874,-0.0733,-0.0422,-0.0748,-0.1053,-0.0748
1987-10-01,-0.1970,-0.4104,0.0053,-0.0801,-0.0933,-0.1022,-0.1238,-0.1831,-0.1022
1987-11-01,-0.2206,-0.4565,0.0262,-0.1636,-0.1333,-0.1822,-0.2168,-0.1675,-0.1675
1987-12-01,-0.1937,-0.4054,0.0396,0.0197,0.0367,0.0078,0.0402,0.1160,0.0367
1988-01-01,-0.1441,-0.4376,0.1894,0.1077,0.1467,0.0878,0.0462,0.1404,0.1077
1988-02-01,-0.1178,-0.3723,0.1819,-0.0187,0.0167,0.0278,-0.0778,-0.0651,-0.0187
1988-03-01,-0.1316,-0.3679,0.0699,0.0347,0.0967,0.0778,-0.0288,0.0738,0.0738
1988-04-01,-0.1432,-0.4091,0.0621,-0.0243,0.0067,-0.0022,-0.0128,0.0336,-0.0022
1988-05-01,-0.1217,-0.3187,0.0583,-0.0328,0.0167,0.0178,-0.0378,0.0755,0.0167
1988-06-01,-0.1221,-0.3765,0.1364,-0.0177,-0.0233,-0.0022,-0.0148,-0.0128,-0.0148
1988-07-01,-0.1214,-0.2966,0.0920,-0.0945,-0.0933,-0.0822,-0.0948,-0.0827,-0.0933
1988-08-01,-0.1514,-0.3286,0.0154,-0.0925,-0.0333,-0.0322,-0.0168,-0.0523,-0.0333
1988-09-01,-0.1417,-0.3317,0.0569,-0.0937,-0.0533,-0.0722,-0.0568,-0.0684,-0.0684
1988-10-01,-0.1776,-0.3576,-0.0280,-0.0949,-0.0433,-0.0922,-0.0898,-0.1885,-0.0922
1988-11-01,-0.1807,-0.4379,0.0295,-0.3224,-0.3033,-0.2822,-0.3378,-0.3633,-0.3224
1988-12-01,-0.1881,-0.3805,0.0302,-0.1751,-0.1333,-0.1422,-0.1618,-0.1278,-0.1422
1989-01-01,-0.1403,-0.4938,0.0833,-0.3760,-0.3033,-0.3322,-0.4208,-0.3246,-0.3322
1989-02-01,-0.1736,-0.4318,0.0309,-0.1118,-0.1233,-0.1122,-0.1408,-0.0595,-0.1122
1989-03-01,-0.1181,-0.2863,0.0890,-0.1642,-0.0633,-0.1122,-0.1938,-0.0916,-0.1122
1989-04-01,-0.0972,-0.2844,0.0699,-0.2010,-0.1333,-0.1622,-0.1728,-0.0925,-0.1622
1989-05-01,-0.0815,-0.2382,0.0627,-0.3119,-0.2433,-0.2422,-0.3308,-0.2294,-0.2433
1989-06-01,-0.0764,-0.3385,0.0996,-0.2534,-0.2733,-0.2322,-0.2598,-0.2623,-0.2598
1989-07-01,-0.0919,-0.2884,0.0975,-0.0872,-0.0733,-0.1422,-0.1158,-0.1231,-0.1158
1989-08-01,-0.0882,-0.2443,0.0825,-0.0954,-0.0933,-0.1222,-0.1248,-0.2073,-0.1222
1989-09-01,-0.0786,-0.2839,0.0869,-0.0529,-0.0733,-0.0722,-0.1008,-0.1641,-0.0733
1989-10-01,-0.0940,-0.2470,0.0675,-0.0912,-0.1333,-0.1222,-0.1088,-0.2118,-0.1222
1989-11-01,-0.1200,-0.3360,0.1129,-0.2371,-0.2233,-0.2722,-0.2778,-0.2843,-0.2722
1989-12-01,-0.0928,-0.3627,0.2048,-0.0676,-0.0533,-0.0222,-0.0298,0.0019,-0.0298
1990-01-01,-0.0610,-0.3919,0.2983,-0.0648,-0.0033,-0.0622,-0.0618,0.0413,-0.0618
1990-02-01,-0.0448,-0.3295,0.2981,-0.0712,0.0167,-0.0422,-0.0738,0.0024,-0.0422
1990-03-01,-0.0224,-0.2274,0.2155,0.2834,0.3767,0.2778,0.2562,0.3387,0.2834
1990-04-01,-0.0200,-0.2043,0.2553,0.1441,0.1367,0.1378,0.1392,0.1701,0.1392
1990-05-01,-0.0090,-0.2155,0.2258,0.0549,0.0367,0.0478,0.0662,0.1613,0.0549
1990-06-01,-0.0058,-0.2046,0.2087,-0.0352,-0.0533,-0.0622,-0.0398,-0.0405,-0.0405
1990-07-01,-0.0164,-0.1962,0.1700,0.0286,0.0367,-0.0322,0.0302,0.0364,0.0302
1990-08-01,-0.0319,-0.2478,0.1602,-0.0710,-0.0833,-0.0922,-0.0878,-0.0518,-0.0833
1990-09-01,-0.0343,-0.2297,0.1921,-0.1320,-0.1933,-0.1122,-0.1308,-0.1117,-0.1308
1990-10-01,-0.0414,-0.2364,0.0974,0.0346,0.0267,-0.0322,0.0202,0.0048,0.0202
1990-11-01,-0.0609,-0.3067,0.1439,0.0070,0.0367,-0.0422,-0.0268,0.0853,0.0070
1990-12-01,-0.0581,-0.3077,0.2143,-0.0618,-0.0233,-0.0222,-0.0238,0.0923,-0.0233
1991-01-01,-0.0255,-0.2492,0.1991,-0.0474,0.0067,-0.0222,-0.0428,0.1057,-0.0222
1991-02-01,-0.0212,-0.2302,0.2715,0.0560,0.0767,0.0578,0.0402,0.1548,0.0578
1991-03-01,-0.0082,-0.2812,0.1992,-0.1033,-0.0633,-0.0622,-0.1108,0.0130,-0.0633
1991-04-01,-0.0332,-0.2657,0.2210,0.0884,0.0867,0.0878,0.0852,0.0997,0.0878
1991-05-01,-0.0316,-0.2127,0.1338,-0.0368,-0.0833,-0.0022,-0.0228,0.0012,-0.0228
1991-06-01,-0.0373,-0.2453,0.1037,0.0845,0.1067,0.1078,0.1172,0.1718,0.1078
1991-07-01,-0.0536,-0.2515,0.0736,0.1189,0.0567,0.0478,0.0872,0.0667,0.0667
1991-08-01,-0.0844,-0.2988,0.0562,0.0166,-0.0333,-0.0222,0.0242,-0.0256,-0.0222
1991-09-01,-0.1332,-0.2944,0.0681,0.0026,0.0167,-0.0022,-0.0058,-0.0829,-0.0022
1991-10-01,-0.1811,-0.3749,0.0281,-0.0994,-0.1333,-0.1022,-0.0738,-0.1853,-0.1022
1991-11-01,-0.2185,-0.4185,0.0211,-0.0953,-0.1233,-0.1422,-0.1238,-0.1525,-0.1238
1991-12-01,-0.2555,-0.4642,0.0109,-0.1112,-0.1033,-0.1422,-0.0748,-0.0951,-0.1033
1992-01-01,-0.2778,-0.5422,0.0160,0.0134,0.0567,0.0278,0.0272,0.0612,0.0278
1992-02-01,-0.2729,-0.4739,0.0008,-0.0005,-0.0233,0.0078,-0.0298,0.0175,-0.0005
1992-03-01,-0.2633,-0.5726,-0.0008,-0.0383,0.0567,0.0478,-0.0148,0.0187,0.0187
1992-04-01,-0.3144,-0.5764,-0.0153,-0.1882,-0.1433,-0.1522,-0.1568,-0.1971,-0.1568
1992-05-01,-0.3131,-0.5388,-0.0556,-0.1803,-0.1133,-0.1022,-0.1408,-0.1606,-0.1408
1992-06-01,-0.3309,-0.5758,-0.0623,-0.1924,-0.1633,-0.1522,-0.1348,-0.1788,-0.1633
1992-07-01,-0.3160,-0.5226,-0.0658,-0.3412,-0.3333,-0.3022,-0.2888,-0.3472,-0.3333
1992-08-01,-0.3316,-0.5832,-0.0517,-0.3093,-0.3433,-0.3022,-0.3058,-0.3741,-0.3093
1992-09-01,-0.3488,-0.6058,-0.1254,-0.4405,-0.4333,-0.3922,-0.4378,-0.4902,-0.4378
1992-10-01,-0.3413,-0.5869,-0.0363,-0.3730,-0.3533,-0.3522,-0.3518,-0.4384,-0.3533
1992-11-01,-0.3555,-0.6251,0.0215,-0.3845,-0.3933,-0.3622,-0.4268,-0.4121,-0.3933
1992-12-01,-0.3079,-0.5567,0.0282,-0.2544,-0.2033,-0.2322,-0.2198,-0.2214,-0.2214
1993-01-01,-0.2736,-0.6066,0.0189,-0.0863,-0.0733,-0.0822,-0.0798,-0.0362,-0.0798
1993-02-01,-0.2594,-0.5112,0.1053,-0.0689,-0.0533,-0.0322,-0.0418,-0.0311,-0.0418
1993-03-01,-0.2562,-0.5358,0.0593,-0.1098,-0.0633,-0.0622,-0.1168,-0.0978,-0.0978
1993-04-01,-0.2278,-0.5367,0.0694,-0.1524,-0.1433,-0.1322,-0.1428,-0.1034,-0.1428
1993-05-01,-0.2142,-0.4370,0.0403,-0.1526,-0.1433,-0.1422,-0.1438,-0.1173,-0.1433
1993-06-01,-0.2140,-0.4698,0.0617,-0.1827,-0.1933,-0.1422,-0.1188,-0.1586,-0.1586
1993-07-01,-0.2077,-0.4419,0.0423,-0.1880,-0.1733,-0.1922,-0.1618,-0.2360,-0.1880
1993-08-01,-0.2280,-0.4648,0.0985,-0.2654,-0.3133,-0.2422,-0.2228,-0.2704,-0.2654
1993-09-01,-0.2332,-0.4289,0.0782,-0.3035,-0.3133,-0.2422,-0.2688,-0.3977,-0.3035
1993-10-01,-0.2590,-0.4703,0.0677,-0.1961,-0.1833,-0.1722,-0.1628,-0.2671,-0.1833
1993-11-01,-0.2911,-0.5757,0.0256,-0.2840,-0.3833,-0.3322,-0.3318,-0.3368,-0.3322
1993-12-01,-0.2700,-0.4780,0.0951,-0.2014,-0.2433,-0.2022,-0.2218,-0.1109,-0.2022
1994-01-01,-0.1856,-0.4011,0.1295,-0.1509,-0.1633,-0.1822,-0.1948,-0.1242,-0.1633
1994-02-01,-0.1966,-0.4209,0.1376,-0.3405,-0.4033,-0.3722,-0.3778,-0.3589,-0.3722
1994-03-01,-0.1862,-0.3990,0.1152,-0.1097,-0.1333,-0.1122,-0.1308,-0.1526,-0.1308
1994-04-01,-0.1590,-0.3175,0.1234,-0.0971,-0.0133,-0.0522,-0.0558,-0.0582,-0.0558
1994-05-01,-0.1474,-0.3384,0.0535,-0.1455,-0.1433,-0.0822,-0.1228,-0.1706,-0.1433
1994-06-01,-0.1499,-0.3618,0.1076,-0.0321,0.0067,-0.0322,0.0042,-0.1101,-0.0321
1994-07-01,-0.1570,-0.3786,0.0086,-0.1663,-0.1233,-0.1222,-0.1198,-0.1607,-0.1233
1994-08-01,-0.1437,-0.4198,0.0328,-0.1764,-0.2033,-0.1622,-0.1898,-0.2702,-0.1898
1994-09-01,-0.1716,-0.3564,-0.0050,-0.0788,-0.1133,-0.0722,-0.0648,-0.1199,-0.0788
1994-10-01,-0.1963,-0.4163,0.0823,-0.0025,0.0067,-0.0022,0.0362,-0.1289,-0.0022
1994-11-01,-0.2172,-0.4492,0.0297,0.0049,0.0267,-0.0122,-0.0168,-0.0437,-0.0122
1994-12-01,-0.1883,-0.4129,0.0250,-0.1024,-0.0333,-0.0722,-0.0628,-0.0302,-0.0628
1995-01-01,-0.1821,-0.4449,0.0525,0.0673,0.1067,0.0778,0.0702,0.1424,0.0778
1995-02-01,-0.1719,-0.4224,0.0635,0.2899,0.3667,0.3078,0.3072,0.3427,0.3078
1995-03-01,-0.1559,-0.4220,0.0803,0.0074,0.0467,0.0578,0.0172,0.0301,0.0301
1995-04-01,-0.1381,-0.3198,0.0629,0.0722,0.0467,0.0478,0.0742,0.1030,0.0722
1995-05-01,-0.1026,-0.2974,0.0950,-0.0858,-0.1533,-0.0922,-0.0958,-0.0572,-0.0922
1995-06-01,-0.1187,-0.2960,0.0772,0.0306,0.0067,0.0378,0.1112,0.0579,0.0378
1995-07-01,-0.1056,-0.3259,0.0633,0.0938,0.0367,0.0778,0.1322,0.0101,0.0778
1995-08-01,-0.1021,-0.3373,0.1287,0.0427,0.0267,0.0778,0.1062,0.0071,0.0427
1995-09-01,-0.1002,-0.2789,0.0427,-0.0694,-0.0933,-0.0322,-0.0528,-0.0817,-0.0694
1995-10-01,-0.1229,-0.3421,0.0489,0.0322,0.0367,-0.0022,0.1012,-0.0319,0.0322
1995-11-01,-0.1151,-0.3924,0.0984,0.0233,0.0267,0.0078,0.0342,-0.0185,0.0233
1995-12-01,-0.1002,-0.3488,0.1245,-0.1777,-0.1633,-0.1322,-0.1188,-0.0985,-0.1322
1996-01-01,-0.1070,-0.4040,0.2178,-0.1331,-0.1833,-0.1522,-0.1388,-0.0880,-0.1388
1996-02-01,-0.0638,-0.4304,0.3184,0.1119,0.0367,0.0578,0.1092,0.0461,0.0578
1996-03-01,-0.0523,-0.3153,0.1902,-0.0625,-0.0933,-0.0422,-0.0458,-0.0445,-0.0458
1996-04-01,-0.0514,-0.2850,0.2205,-0.0987,-0.0933,-0.0922,-0.0598,-0.1220,-0.0933
1996-05-01,-0.0284,-0.2427,0.2177,-0.1108,-0.1533,-0.0922,-0.1488,-0.1892,-0.1488
1996-06-01,-0.0216,-0.1864,0.1654,-0.1302,-0.1633,-0.1422,-0.1488,-0.1719,-0.1488
1996-07-01,-0.0229,-0.1657,0.1650,-0.0206,-0.0533,-0.0422,-0.0328,-0.0924,-0.0422
1996-08-01,-0.0268,-0.1811,0.1082,0.0075,0.0567,0.0078,0.0902,0.0025,0.0078
1996-09-01,-0.0151,-0.1719,0.1614,-0.1432,-0.1633,-0.1422,-0.1588,-0.2088,-0.1588
1996-10-01,-0.0044,-0.1836,0.1653,-0.2216,-0.2033,-0.2122,-0.2038,-0.2772,-0.2122
1996-11-01,-0.0539,-0.3011,0.1734,-0.0354,-0.0033,-0.0322,-0.0088,-0.0138,-0.0138
1996-12-01,-0.0481,-0.2884,0.1768,-0.0290,-0.0533,-0.0622,0.0052,-0.0041,-0.0290
1997-01-01,0.0023,-0.2375,0.2946,-0.1013,-0.1033,-0.1622,-0.1168,-0.0979,-0.1033
1997-02-01,0.0034,-0.3097,0.2735,-0.0528,-0.0133,-0.0722,-0.0568,-0.0369,-0.0528
1997-03-01,0.0133,-0.2739,0.2219,0.0454,0.0967,0.0878,0.0822,0.0955,0.0878
1997-04-01,0.0443,-0.1800,0.3015,0.0261,-0.0833,-0.0322,-0.0168,-0.1054,-0.0322
1997-05-01,0.0678,-0.1701,0.2554,-0.0325,-0.0733,-0.0322,-0.0478,-0.0746,-0.0478
1997-06-01,0.0650,-0.0841,0.2926,0.1430,0.1267,0.1478,0.1672,0.0639,0.1430
1997-07-01,0.0615,-0.0800,0.2418,-0.0008,-0.0833,-0.0222,-0.0158,-0.0581,-0.0222
1997-08-01,0.0341,-0.1622,0.2370,0.0596,-0.0133,0.0378,0.0252,-0.0200,0.0252
1997-09-01,0.0370,-0.1120,0.1614,0.1184,0.0967,0.1678,0.1172,0.0543,0.1172
1997-10-01,0.0412,-0.1516,0.1905,0.2226,0.1867,0.1978,0.2552,0.1101,0.1978
1997-11-01,0.0354,-0.1442,0.2259,0.2641,0.2267,0.1978,0.2562,0.1874,0.2267
1997-12-01,0.0337,-0.1705,0.2161,0.1730,0.1667,0.1378,0.2072,0.1941,0.1730
1998-01-01,0.0387,-0.1628,0.3428,0.2154,0.1567,0.1478,0.1542,0.2235,0.1567
1998-02-01,0.0571,-0.1870,0.3211,0.4515,0.4567,0.3678,0.3972,0.4316,0.4316
1998-03-01,0.0774,-0.1072,0.3601,0.2400,0.2067,0.1878,0.1832,0.2305,0.2067
1998-04-01,0.0774,-0.0689,0.2640,0.3015,0.2167,0.2878,0.2972,0.3433,0.2972
1998-05-01,0.0953,-0.0370,0.2402,0.2891,0.2567,0.2478,0.3002,0.3562,0.2891
1998-06-01,0.0925,-0.0591,0.2757,0.3195,0.3467,0.2678,0.3442,0.3272,0.3272
1998-07-01,0.0753,-0.1007,0.2337,0.3124,0.2367,0.2578,0.3222,0.2357,0.2578
1998-08-01,0.0600,-0.1074,0.2062,0.3027,0.2267,0.2778,0.3272,0.2555,0.2778
1998-09-01,0.0603,-0.1341,0.2364,0.0855,-0.0033,0.0578,0.0402,0.0662,0.0578
1998-10-01,0.0643,-0.0660,0.3063,0.0656,-0.0033,-0.0022,0.0252,-0.0147,-0.0022
1998-11-01,0.0561,-0.1336,0.3105,0.0314,0.0067,-0.0022,0.0102,-0.0333,0.0067
1998-12-01,-0.0109,-0.2612,0.1856,0.1356,0.1267,0.1378,0.1632,0.1545,0.1378
1999-01-01,0.0466,-0.2378,0.3262,0.0387,0.0567,-0.0122,0.0202,0.0446,0.0387
1999-02-01,0.0601,-0.1756,0.2977,0.2544,0.2167,0.2178,0.2182,0.2295,0.2182
1999-03-01,0.0967,-0.1285,0.4122,-0.0908,-0.0933,-0.0722,-0.1088,-0.1249,-0.0933
1999-04-01,0.0767,-0.0605,0.3463,-0.0780,-0.1033,-0.0722,-0.0758,-0.0810,-0.0780
1999-05-01,0.1018,-0.1082,0.3089,-0.1030,-0.1633,-0.1122,-0.1238,-0.1193,-0.1193
1999-06-01,0.1118,-0.0723,0.2832,-0.0236,-0.0633,-0.0322,-0.0008,-0.0882,-0.0322
1999-07-01,0.0997,-0.0871,0.2965,-0.0369,-0.0333,-0.0522,-0.0408,-0.0881,-0.0408
1999-08-01,0.0852,-0.0566,0.2367,-0.0456,-0.1133,-0.0522,-0.0648,-0.1235,-0.0648
1999-09-01,0.0851,-0.0671,0.2273,-0.0734,-0.0333,0.0078,-0.0168,-0.0817,-0.0333
1999-10-01,0.1005,-0.0686,0.2932,-0.0419,-0.0833,-0.0822,-0.0308,-0.1384,-0.0822
1999-11-01,0.0934,-0.0956,0.3309,-0.0652,-0.0533,-0.0422,-0.0598,-0.0974,-0.0598
1999-12-01,0.1012,-0.0883,0.3347,-0.0355,-0.0233,0.0178,0.0122,0.0183,0.0122
2000-01-01,0.0978,-0.1440,0.4048,-0.1700,-0.1733,-0.1222,-0.1648,-0.1181,-0.1648
2000-02-01,0.0993,-0.1991,0.3476,0.1484,0.1367,0.1178,0.0982,0.1318,0.1318
2000-03-01,0.1077,-0.1609,0.3766,0.0963,0.1267,0.0878,0.0622,0.0474,0.0878
2000-04-01,0.1168,-0.0571,0.2900,0.1864,0.1367,0.1578,0.1282,0.1398,0.1398
2000-05-01,0.1372,-0.0600,0.3498,-0.0441,-0.0733,-0.0522,-0.0888,-0.0427,-0.0522
2000-06-01,0.1429,-0.0313,0.3002,0.0011,-0.0233,-0.0222,-0.0168,-0.1000,-0.0222
2000-07-01,0.1492,-0.0487,0.3080,-0.0176,-0.0333,-0.0222,-0.0498,-0.1238,-0.0333
2000-08-01,0.1488,0.0260,0.3261,0.0303,-0.0033,0.0078,0.0302,-0.0609,0.0078
2000-09-01,0.1584,0.0265,0.3287,-0.0365,-0.0333,0.0178,0.0122,-0.1199,-0.0333
2000-10-01,0.1476,0.0061,0.2906,-0.1544,-0.1533,-0.1322,-0.1188,-0.2327,-0.1533
2000-11-01,0.1420,-0.1216,0.3656,-0.1032,-0.1233,-0.1222,-0.1018,-0.1409,-0.1222
2000-12-01,0.1697,-0.0698,0.4336,-0.1473,-0.1433,-0.1522,-0.1168,-0.1004,-0.1433
2001-01-01,0.1767,-0.0112,0.4455,0.0158,0.0267,0.0078,0.0222,0.0417,0.0222
2001-02-01,0.1619,-0.0421,0.3592,0.0421,0.0167,0.0078,-0.0008,-0.0053,0.0078
2001-03-01,0.1740,-0.0447,0.3489,0.1708,0.1267,0.1178,0.1192,0.1067,0.1192
2001-04-01,0.2248,0.0344,0.4365,0.1018,0.0767,0.0878,0.1112,0.0691,0.0878
2001-05-01,0.2244,0.0696,0.4247,0.1413,0.1467,0.1278,0.1292,0.1321,0.1321
2001-06-01,0.2106,0.0222,0.3441,0.0992,0.1067,0.1078,0.1232,0.0330,0.1067
2001-07-01,0.2270,0.0762,0.3657,0.1640,0.1667,0.1578,0.1612,0.0935,0.1612
2001-08-01,0.2230,0.0701,0.4407,0.1551,0.0567,0.0978,0.1152,0.0631,0.0978
2001-09-01,0.2243,0.0607,0.3914,0.1448,0.0967,0.1178,0.1182,0.0407,0.1178
2001-10-01,0.1931,-0.0127,0.3632,0.1171,0.0767,0.0478,0.1162,0.0570,0.0767
2001-11-01,0.1939,-0.0285,0.3716,0.3417,0.2967,0.2378,0.2752,0.3053,0.2967
2001-12-01,0.2128,0.0131,0.4487,0.1906,0.1267,0.1578,0.2142,0.2720,0.1906
2002-01-01,0.2648,0.0426,0.5222,0.2972,0.3467,0.2478,0.2792,0.3667,0.2972
2002-02-01,0.2312,-0.0583,0.6432,0.2918,0.3567,0.2278,0.2312,0.2694,0.2694
2002-03-01,0.2193,-0.1124,0.4538,0.4448,0.4567,0.3878,0.4272,0.4569,0.4448
2002-04-01,0.2151,0.0060,0.4460,0.2150,0.1567,0.0978,0.1732,0.1589,0.1589
2002-05-01,0.2003,-0.0390,0.4265,0.1543,0.2167,0.1878,0.2222,0.2579,0.2167
2002-06-01,0.2200,0.0607,0.4306,0.0997,0.1067,0.1178,0.1772,0.1671,0.1178
2002-07-01,0.2304,0.0832,0.4423,0.2233,0.1867,0.1878,0.2112,0.1478,0.1878
2002-08-01,0.2226,0.0650,0.3719,0.1517,0.1067,0.1178,0.1292,0.0675,0.1178
2002-09-01,0.2166,0.0191,0.4477,0.1541,0.2167,0.1378,0.2082,0.1241,0.1541
2002-10-01,0.2307,0.0921,0.3826,0.1521,0.1167,0.1278,0.1762,0.0820,0.1278
2002-11-01,0.2268,0.0345,0.4031,0.1434,0.1667,0.1278,0.1582,0.1510,0.1510
2002-12-01,0.2301,-0.0042,0.4245,-0.0035,0.0167,0.0578,0.1032,0.1197,0.0578
2003-01-01,0.2587,0.0127,0.5093,0.3074,0.3267,0.2478,0.3122,0.3780,0.3122
2003-02-01,0.2421,0.0468,0.4649,0.1402,0.1567,0.1678,0.1252,0.1899,0.1567
2003-03-01,0.2040,-0.0168,0.4326,0.1339,0.1767,0.1378,0.1032,0.0998,0.1339
2003-04-01,0.2261,0.0170,0.4589,0.1238,0.1267,0.1278,0.1212,0.1024,0.1238
2003-05-01,0.2188,0.0715,0.4281,0.1724,0.1767,0.1378,0.1672,0.1642,0.1672
2003-06-01,0.2165,0.0329,0.3898,0.0765,0.0567,0.0478,0.0532,0.0052,0.0532
2003-07-01,0.2216,0.0544,0.4030,0.1380,0.1567,0.1178,0.1232,0.0667,0.1232
2003-08-01,0.2053,0.0049,0.3705,0.2669,0.2167,0.1878,0.2472,0.1599,0.2167
2003-09-01,0.2376,0.0337,0.4373,0.2251,0.1967,0.2178,0.2662,0.1926,0.2178
2003-10-01,0.2177,0.0460,0.3960,0.3083,0.2967,0.2878,0.3432,0.2671,0.2967
2003-11-01,0.2259,0.0283,0.3952,0.1458,0.1067,0.1178,0.1292,0.1684,0.1292
2003-12-01,0.2184,-0.0438,0.4595,0.3060,0.3267,0.2878,0.3402,0.4192,0.3267
2004-01-01,0.2297,-0.0505,0.4982,0.1579,0.1567,0.1678,0.1672,0.2297,0.1672
2004-02-01,0.2461,-0.0491,0.4848,0.2862,0.2967,0.2578,0.2652,0.2952,0.2862
2004-03-01,0.2443,0.0512,0.4703,0.1783,0.2067,0.2178,0.1652,0.2547,0.2067
2004-04-01,0.2420,-0.0030,0.3996,0.1743,0.1867,0.1578,0.1912,0.2081,0.1867
2004-05-01,0.2270,-0.0208,0.4654,0.0043,-0.0533,-0.0422,-0.0658,-0.0324,-0.0422
2004-06-01,0.2319,-0.0028,0.4522,-0.0351,0.0167,-0.0122,0.0192,0.0506,0.0167
2004-07-01,0.2408,0.0368,0.4418,-0.1059,-0.1633,-0.0822,-0.1098,-0.1619,-0.1098
2004-08-01,0.2400,0.0281,0.4124,0.1147,0.0267,0.0578,0.0482,-0.0476,0.0482
2004-09-01,0.2414,0.0717,0.4864,0.1160,0.0767,0.1078,0.1312,0.0789,0.1078
2004-10-01,0.2514,0.0491,0.3927,0.1731,0.1867,0.1778,0.2072,0.1697,0.1778
2004-11-01,0.2573,0.0177,0.4434,0.3013,0.3067,0.2478,0.2602,0.2769,0.2769
2004-12-01,0.2822,-0.0265,0.5449,0.0649,0.0867,0.0878,0.0832,0.1462,0.0867
2005-01-01,0.2839,-0.0100,0.6315,0.2992,0.3267,0.3378,0.3012,0.4190,0.3267
2005-02-01,0.3125,0.0163,0.5350,0.1837,0.1767,0.1878,0.2122,0.2834,0.1878
2005-03-01,0.2896,0.0909,0.5812,0.2962,0.3167,0.2978,0.3072,0.3544,0.3072
2005-04-01,0.2874,0.0479,0.6452,0.2811,0.2467,0.2378,0.2662,0.2930,0.2662
2005-05-01,0.2846,0.0172,0.5383,0.2048,0.2067,0.1978,0.2232,0.2475,0.2067
2005-06-01,0.2833,0.0872,0.4810,0.2227,0.2267,0.2178,0.2742,0.2204,0.2227
2005-07-01,0.2723,0.0975,0.5212,0.2099,0.1867,0.1678,0.2362,0.1992,0.1992
2005-08-01,0.2891,0.0967,0.5567,0.2385,0.1767,0.1478,0.2282,0.1437,0.1767
2005-09-01,0.2734,0.0707,0.5333,0.2863,0.2967,0.2478,0.2952,0.2485,0.2863
2005-10-01,0.2735,0.0696,0.5232,0.3356,0.3367,0.2778,0.4032,0.3347,0.3356
2005-11-01,0.2823,0.0029,0.6525,0.2922,0.3167,0.3078,0.3212,0.3372,0.3167
2005-12-01,0.2581,-0.0319,0.5497,0.2502,0.2567,0.2778,0.3202,0.3430,0.2778
2006-01-01,0.3143,-0.0134,0.6172,0.1525,0.1367,0.1578,0.1722,0.2277,0.1578
2006-02-01,0.2976,-0.0751,0.6595,0.2936,0.3167,0.3178,0.3332,0.3668,0.3178
2006-03-01,0.2796,-0.1396,0.6657,0.1903,0.2067,0.2178,0.2132,0.2545,0.2132
2006-04-01,0.2692,-0.0070,0.5919,0.1347,0.0467,0.1078,0.1142,0.1526,0.1142
2006-05-01,0.2899,0.0779,0.5551,0.1228,0.0567,0.1178,0.0882,0.1063,0.1063
2006-06-01,0.2994,0.1295,0.5901,0.2278,0.2467,0.1878,0.2542,0.2251,0.2278
2006-07-01,0.2809,0.0608,0.5739,0.1324,0.1167,0.1178,0.1312,0.1172,0.1178
2006-08-01,0.2842,0.0463,0.5149,0.2870,0.2867,0.2478,0.2932,0.1850,0.2867
2006-09-01,0.2797,0.0932,0.5408,0.2011,0.2367,0.2178,0.2092,0.1671,0.2092
2006-10-01,0.2949,0.1382,0.5819,0.2654,0.2867,0.2378,0.2952,0.3009,0.2867
2006-11-01,0.3205,0.1248,0.5719,0.3114,0.3067,0.2278,0.2742,0.3068,0.3067
2006-12-01,0.3010,0.1021,0.6111,0.3650,0.3667,0.3378,0.3912,0.4372,0.3667
2007-01-01,0.3093,0.0466,0.5782,0.5467,0.5867,0.4578,0.5112,0.6347,0.5467
2007-02-01,0.3053,0.0767,0.5099,0.2882,0.2767,0.2578,0.2962,0.3654,0.2882
2007-03-01,0.3006,0.0822,0.6223,0.2418,0.2867,0.2378,0.2232,0.2665,0.2418
2007-04-01,0.3038,0.0494,0.5713,0.3772,0.3467,0.3378,0.3832,0.3962,0.3772
2007-05-01,0.2920,0.0545,0.5798,0.2297,0.2667,0.1978,0.2282,0.2618,0.2297
2007-06-01,0.2697,0.0778,0.4463,0.1534,0.1867,0.1478,0.1772,0.1202,0.1534
2007-07-01,0.2500,0.1097,0.4273,0.2166,0.1767,0.1578,0.2132,0.1203,0.1767
2007-08-01,0.2832,0.1488,0.4560,0.2353,0.1767,0.1278,0.1422,0.0952,0.1422
2007-09-01,0.2612,0.1163,0.4033,0.1623,0.1767,0.1578,0.0992,0.0290,0.1578
2007-10-01,0.2737,0.0655,0.4495,0.2094,0.1667,0.1578,0.2202,0.1489,0.1667
2007-11-01,0.2794,0.0948,0.5540,0.1853,0.1667,0.1178,0.1392,0.1670,0.1667
2007-12-01,0.2549,0.0811,0.4674,0.0674,0.0767,0.0378,0.0682,0.1527,0.0682
2008-01-01,0.2899,0.1174,0.4967,-0.1380,-0.1233,-0.1722,-0.1808,-0.0565,-0.1380
2008-02-01,0.2929,0.0019,0.5962,-0.0810,-0.0433,-0.1122,-0.1228,-0.0525,-0.0810
2008-03-01,0.2854,0.0808,0.4929,0.2629,0.3267,0.2678,0.2032,0.2847,0.2678
2008-04-01,0.2827,0.0446,0.5078,0.0998,0.1167,0.0778,0.0962,0.0958,0.0962
2008-05-01,0.2819,0.1011,0.5235,0.0849,0.0767,0.0778,0.0812,0.0729,0.0778
2008-06-01,0.2807,0.0580,0.4461,0.0353,0.0767,0.0378,0.0572,-0.0544,0.0378
2008-07-01,0.2810,0.0247,0.5044,0.1884,0.1767,0.1478,0.1752,0.0904,0.1752
2008-08-01,0.2940,0.1379,0.5239,0.1084,0.0267,0.0978,0.1152,0.0350,0.0978
2008-09-01,0.2812,0.0536,0.5186,0.2015,0.1767,0.1578,0.1642,0.0889,0.1642
2008-10-01,0.3035,-0.0293,0.5431,0.2456,0.2467,0.2378,0.2582,0.2002,0.2456
2008-11-01,0.3122,0.1113,0.5307,0.2749,0.2667,0.2478,0.2342,0.2572,0.2572
2008-12-01,0.2897,0.0577,0.5655,0.1182,0.1167,0.1578,0.1302,0.1980,0.1302
2009-01-01,0.3256,0.0795,0.5383,0.2387,0.2267,0.2378,0.2342,0.3312,0.2378
2009-02-01,0.3274,0.0861,0.5948,0.1170,0.1067,0.1078,0.1242,0.2426,0.1170
2009-03-01,0.2934,0.0269,0.5599,0.0962,0.1067,0.0978,0.0402,0.1447,0.0978
2009-04-01,0.3003,0.0902,0.5451,0.1775,0.1867,0.1278,0.1462,0.1624,0.1624
2009-05-01,0.3157,0.0878,0.5225,0.2036,0.2267,0.1878,0.1752,0.1739,0.1878
2009-06-01,0.3024,0.1031,0.5441,0.2777,0.2067,0.2378,0.2712,0.1483,0.2378
2009-07-01,0.3132,0.1079,0.5191,0.3338,0.3167,0.2878,0.3562,0.2516,0.3167
2009-08-01,0.3258,0.1325,0.5502,0.2753,0.2667,0.2578,0.2722,0.1592,0.2667
2009-09-01,0.3282,0.1268,0.5610,0.3327,0.2967,0.3178,0.2712,0.2226,0.2967
2009-10-01,0.3422,0.1737,0.5626,0.2736,0.2267,0.2478,0.2862,0.2430,0.2478
2009-11-01,0.3716,0.1761,0.5468,0.3505,0.3767,0.3078,0.3402,0.3466,0.3466
2009-12-01,0.3303,0.0799,0.5722,0.2878,0.2467,0.2578,0.3072,0.3099,0.2878
2010-01-01,0.3743,0.1134,0.6616,0.3644,0.3267,0.3178,0.3542,0.4652,0.3542
2010-02-01,0.3706,0.1444,0.6489,0.4378,0.4167,0.3878,0.4292,0.4995,0.4292
2010-03-01,0.3739,0.1666,0.5653,0.5117,0.4967,0.4578,0.4382,0.5348,0.4967
2010-04-01,0.3593,0.1572,0.5719,0.4809,0.4267,0.4278,0.4702,0.4749,0.4702
2010-05-01,0.3490,0.1348,0.5268,0.3657,0.3267,0.3278,0.3262,0.3762,0.3278
2010-06-01,0.3641,0.1551,0.5081,0.3004,0.2567,0.2578,0.2702,0.2305,0.2578
2010-07-01,0.3484,0.1282,0.5550,0.2689,0.2067,0.2178,0.2232,0.1659,0.2178
2010-08-01,0.3583,0.1288,0.5246,0.2656,0.2467,0.1978,0.2672,0.1602,0.2467
2010-09-01,0.3686,0.1774,0.5781,0.2166,0.2067,0.2078,0.2202,0.2178,0.2166
2010-10-01,0.3725,0.1484,0.6878,0.2948,0.2867,0.2378,0.3182,0.2793,0.2867
2010-11-01,0.3711,0.0954,0.6728,0.3847,0.3867,0.3278,0.3192,0.3395,0.3395
2010-12-01,0.3744,0.1244,0.6728,0.0858,0.0267,0.0678,0.1092,0.1401,0.0858
2011-01-01,0.4025,0.0982,0.6458,0.1096,0.0967,0.1278,0.1162,0.1811,0.1162
2011-02-01,0.3576,0.0782,0.6247,0.0808,0.0467,0.0878,0.0972,0.1013,0.0878
2011-03-01,0.3682,0.1541,0.6260,0.2060,0.2267,0.2178,0.1982,0.2073,0.2073
2011-04-01,0.3769,0.1368,0.6228,0.2478,0.2167,0.2278,0.2252,0.2360,0.2278
2011-05-01,0.3578,0.1375,0.5880,0.0945,0.1067,0.1178,0.1042,0.1361,0.1067
2011-06-01,0.3792,0.1325,0.6319,0.1982,0.1967,0.1778,0.2342,0.1643,0.1967
2011-07-01,0.3710,0.1273,0.6679,0.2969,0.2867,0.2578,0.3162,0.2570,0.2867
2011-08-01,0.3570,0.1523,0.5698,0.3075,0.3167,0.2578,0.3042,0.2248,0.3042
2011-09-01,0.3640,0.1901,0.5916,0.1925,0.1367,0.1878,0.1622,0.1662,0.1662
2011-10-01,0.3815,0.1709,0.6092,0.2304,0.2267,0.2178,0.2462,0.1926,0.2267
2011-11-01,0.3547,0.1239,0.5826,0.1636,0.1767,0.1178,0.1292,0.1110,0.1292
2011-12-01,0.3662,0.0431,0.6838,0.1457,0.1767,0.1578,0.1432,0.2038,0.1578
2012-01-01,0.4017,0.0866,0.7710,0.0232,0.0467,0.0678,-0.0018,0.1059,0.0467
2012-02-01,0.4100,0.0506,0.8127,0.1146,0.0567,0.0878,0.0602,0.0892,0.0878
2012-03-01,0.4011,0.0183,0.6979,0.0753,0.1467,0.0978,0.0342,0.1297,0.0978
2012-04-01,0.3814,0.1471,0.6939,0.2624,0.3067,0.2778,0.2582,0.2767,0.2767
2012-05-01,0.3830,0.1579,0.6598,0.3087,0.3567,0.3078,0.3112,0.3514,0.3112
2012-06-01,0.3719,0.1577,0.5962,0.2829,0.2267,0.2578,0.2902,0.2634,0.2634
2012-07-01,0.3697,0.1990,0.6329,0.2236,0.1667,0.1878,0.1472,0.1542,0.1667
2012-08-01,0.3957,0.1951,0.6236,0.3014,0.2367,0.2278,0.2552,0.1903,0.2367
2012-09-01,0.4059,0.1823,0.6454,0.2917,0.2967,0.2978,0.2872,0.2317,0.2917
2012-10-01,0.3793,0.1481,0.6144,0.3803,0.3767,0.3378,0.4212,0.3822,0.3803
2012-11-01,0.3916,0.1867,0.5828,0.3714,0.3567,0.3078,0.3452,0.4016,0.3567
2012-12-01,0.4050,0.0747,0.7278,0.1117,0.1067,0.0878,0.1182,0.2098,0.1117
2013-01-01,0.4222,0.0922,0.7237,0.2602,0.2867,0.2578,0.2452,0.4183,0.2602
2013-02-01,0.4701,0.2264,0.7548,0.1775,0.1967,0.1578,0.1502,0.2931,0.1775
2013-03-01,0.4477,0.1819,0.7878,0.2345,0.2467,0.2078,0.1722,0.2897,0.2345
2013-04-01,0.4374,0.2152,0.7461,0.2242,0.1067,0.1578,0.1482,0.1861,0.1578
2013-05-01,0.4184,0.2463,0.7820,0.2088,0.1767,0.2178,0.1862,0.1993,0.1993
2013-06-01,0.4226,0.1888,0.7576,0.3142,0.2767,0.2778,0.2712,0.2513,0.2767
2013-07-01,0.4299,0.1696,0.7402,0.2425,0.1767,0.1778,0.1542,0.0888,0.1767
2013-08-01,0.4202,0.2696,0.6967,0.2927,0.2767,0.2378,0.2572,0.1686,0.2572
2013-09-01,0.4358,0.2249,0.6544,0.3750,0.3467,0.3178,0.3332,0.2886,0.3332
2013-10-01,0.4430,0.1780,0.8050,0.3041,0.2667,0.2278,0.2322,0.2143,0.2322
2013-11-01,0.4567,0.2163,0.8060,0.4217,0.4067,0.3578,0.3752,0.3554,0.3752
2013-12-01,0.4856,0.2732,0.8664,0.2562,0.2767,0.2678,0.2682,0.3685,0.2682
2014-01-01,0.4911,0.2206,0.8179,0.3234,0.3367,0.3178,0.2932,0.3985,0.3234
2014-02-01,0.4741,0.2147,0.9066,0.1417,0.1267,0.1478,0.1242,0.1817,0.1417
2014-03-01,0.5046,0.2774,0.8000,0.3410,0.3567,0.3678,0.2732,0.3565,0.3565
2014-04-01,0.5006,0.2550,0.8326,0.3893,0.3867,0.3378,0.3262,0.3320,0.3378
2014-05-01,0.4732,0.2619,0.7739,0.3860,0.4467,0.3778,0.3622,0.3612,0.3778
2014-06-01,0.4565,0.2682,0.6259,0.2705,0.2467,0.2778,0.2312,0.2161,0.2467
2014-07-01,0.4512,0.2225,0.6977,0.2381,0.1567,0.1978,0.1852,0.1796,0.1852
2014-08-01,0.4551,0.2341,0.6613,0.3851,0.4067,0.3778,0.3772,0.2499,0.3778
2014-09-01,0.4792,0.3438,0.6712,0.4169,0.4567,0.3778,0.4022,0.3032,0.4022
2014-10-01,0.4733,0.2836,0.6677,0.3941,0.3767,0.3378,0.3932,0.3265,0.3767
2014-11-01,0.4769,0.1632,0.7455,0.2851,0.2467,0.2278,0.2102,0.2568,0.2467
2014-12-01,0.5011,0.2082,0.8339,0.3342,0.3667,0.3678,0.3372,0.4300,0.3667
2015-01-01,0.4768,0.1619,0.7133,0.3898,0.4367,0.3878,0.3702,0.4641,0.3898
2015-02-01,0.4513,0.1148,0.7011,0.4323,0.4867,0.4178,0.4062,0.4761,0.4323
2015-03-01,0.4454,0.1162,0.6925,0.4478,0.5367,0.4878,0.4052,0.4945,0.4878
2015-04-01,0.4419,0.1768,0.6887,0.3436,0.3267,0.3578,0.3452,0.2789,0.3436
2015-05-01,0.4362,0.2155,0.6534,0.3835,0.3767,0.3678,0.3802,0.3546,0.3767
2015-06-01,0.4410,0.2283,0.6838,0.4082,0.3967,0.4078,0.3872,0.3302,0.3967
2015-07-01,0.4764,0.2191,0.6603,0.3665,0.3067,0.3278,0.3712,0.2675,0.3278
2015-08-01,0.4612,0.2156,0.7279,0.4566,0.3767,0.3778,0.4442,0.3562,0.3778
2015-09-01,0.4662,0.2228,0.7009,0.4749,0.4167,0.4678,0.4522,0.3857,0.4522
2015-10-01,0.4682,0.1997,0.7807,0.6704,0.6567,0.6078,0.6472,0.6042,0.6472
2015-11-01,0.4935,0.2127,0.8035,0.6433,0.6367,0.5878,0.5672,0.5915,0.5915
2015-12-01,0.5043,0.2624,0.8369,0.6912,0.7467,0.6578,0.7172,0.7810,0.7172
2016-01-01,0.5151,0.1179,0.9217,0.7377,0.7567,0.7378,0.7312,0.8225,0.7378
2016-02-01,0.5145,0.2226,0.8270,0.8744,0.9467,0.8878,0.8402,0.9559,0.8878
2016-03-01,0.4997,0.2021,0.8185,0.8363,0.9267,0.8778,0.8102,0.8917,0.8778
2016-04-01,0.4980,0.2782,0.7319,0.6824,0.6667,0.6778,0.6682,0.7519,0.6778
2016-05-01,0.4751,0.2154,0.7014,0.5309,0.5367,0.5078,0.5392,0.5932,0.5367
2016-06-01,0.5121,0.2713,0.7272,0.4271,0.3867,0.3878,0.4392,0.4052,0.4052
2016-07-01,0.4938,0.2777,0.6802,0.4193,0.4167,0.4178,0.4732,0.4744,0.4193
2016-08-01,0.4893,0.2541,0.7553,0.5971,0.5867,0.5378,0.5942,0.5151,0.5867
2016-09-01,0.5010,0.2536,0.7304,0.4935,0.4767,0.5078,0.4972,0.4765,0.4935
2016-10-01,0.5086,0.2577,0.8146,0.4681,0.4467,0.4078,0.5362,0.5046,0.4681
2016-11-01,0.5133,0.2612,0.7987,0.4969,0.4867,0.4878,0.5152,0.6104,0.4969
2016-12-01,0.5010,0.2862,0.7264,0.4283,0.4367,0.4578,0.4962,0.5770,0.4578
2017-01-01,0.5437,0.3007,0.8046,0.6047,0.5967,0.6178,0.5852,0.6750,0.6047
2017-02-01,0.5152,0.2638,0.7986,0.7233,0.7067,0.6878,0.6952,0.7768,0.7067
2017-03-01,0.5226,0.2968,0.7636,0.7065,0.7367,0.6778,0.7192,0.7654,0.7192
2017-04-01,0.5071,0.3046,0.7060,0.4966,0.5167,0.5178,0.5062,0.5506,0.5167
2017-05-01,0.5011,0.2852,0.6736,0.4345,0.4867,0.4778,0.4952,0.5504,0.4867
2017-06-01,0.4963,0.2370,0.7206,0.3081,0.2867,0.3378,0.3292,0.3457,0.3292
2017-07-01,0.5135,0.2338,0.6790,0.4515,0.3967,0.4178,0.4112,0.3795,0.4112
2017-08-01,0.5157,0.3082,0.7122,0.4593,0.4467,0.4478,0.4622,0.4098,0.4478
2017-09-01,0.5301,0.3398,0.7459,0.3791,0.3167,0.4278,0.3602,0.3984,0.3791
2017-10-01,0.5170,0.2451,0.7643,0.4607,0.4567,0.4778,0.4792,0.5223,0.4778
2017-11-01,0.5557,0.1514,0.7656,0.4517,0.4467,0.4478,0.3992,0.4537,0.4478
2017-12-01,0.5279,0.3507,0.7556,0.4627,0.5067,0.5378,0.4822,0.6135,0.5067
2018-01-01,0.5353,0.2581,0.8305,0.3665,0.3967,0.4178,0.3742,0.5122,0.3967
2018-02-01,0.5567,0.2584,0.7828,0.4357,0.4267,0.4778,0.4162,0.5400,0.4357
2018-03-01,0.5490,0.2470,0.9248,0.4350,0.4567,0.4678,0.4062,0.5391,0.4567
2018-04-01,0.5186,0.2430,0.7559,0.4710,0.4567,0.4778,0.4692,0.5276,0.4710
2018-05-01,0.4895,0.2929,0.7427,0.3580,0.3867,0.4178,0.3742,0.4297,0.3867
2018-06-01,0.4912,0.2307,0.7924,0.3848,0.3467,0.3678,0.3752,0.3689,0.3689
2018-07-01,0.4883,0.2128,0.7907,0.3837,0.4167,0.3878,0.4172,0.3922,0.3922
2018-08-01,0.5190,0.2491,0.7428,0.3911,0.3567,0.3778,0.3932,0.3223,0.3778
2018-09-01,0.5076,0.2281,0.7649,0.3330,0.3767,0.3878,0.3522,0.3183,0.3522
2018-10-01,0.5206,0.2196,0.7253,0.5147,0.5967,0.5778,0.5382,0.5176,0.5382
2018-11-01,0.5200,0.1966,0.8090,0.3901,0.4067,0.4178,0.3722,0.4440,0.4067
2018-12-01,0.5346,0.2561,0.8975,0.4717,0.5067,0.5178,0.4912,0.5725,0.5067
2019-01-01,0.5305,0.1784,0.8830,0.4716,0.5067,0.5178,0.4482,0.5559,0.5067
2019-02-01,0.5255,0.0735,0.8339,0.4945,0.5367,0.4978,0.4822,0.5858,0.4978
2019-03-01,0.5424,0.2165,0.8323,0.7376,0.7467,0.7378,0.6872,0.7740,0.7378
2019-04-01,0.5386,0.2881,0.8348,0.5860,0.5867,0.6178,0.5912,0.6597,0.5912
2019-05-01,0.5193,0.2553,0.8006,0.4371,0.4367,0.4978,0.4462,0.5347,0.4462
2019-06-01,0.5169,0.1977,0.7876,0.4667,0.4767,0.4878,0.4432,0.5126,0.4767
2019-07-01,0.5174,0.1942,0.8419,0.5104,0.5167,0.4978,0.5062,0.5108,0.5104
2019-08-01,0.5540,0.2426,0.8762,0.4936,0.5267,0.5178,0.4932,0.4699,0.4936
2019-09-01,0.5462,0.2384,0.8540,0.4699,0.5067,0.5178,0.4312,0.4976,0.4976
2019-10-01,0.5631,0.2819,0.9599,0.6107,0.5767,0.6178,0.6442,0.6162,0.6162
2019-11-01,0.5661,0.2013,0.9408,0.5903,0.5667,0.5778,0.5322,0.6106,0.5778
2019-12-01,0.5547,0.2246,0.9096,0.6815,0.6967,0.7178,0.6692,0.7811,0.6967
2020-01-01,0.5722,0.2305,1.0293,0.7197,0.7567,0.7478,0.7042,0.8527,0.7478
2020-02-01,0.5555,0.2443,0.9134,0.7671,0.8167,0.7878,0.7332,0.8672,0.7878
2020-03-01,0.5342,0.1796,0.7828,0.7317,0.7567,0.7078,0.6622,0.7534,0.7317
2020-04-01,0.5495,0.2361,0.9570,0.7069,0.6967,0.7078,0.7132,0.7428,0.7078
2020-05-01,0.5502,0.2783,0.8858,0.5555,0.5667,0.5778,0.5382,0.6439,0.5667
2020-06-01,0.5460,0.2290,0.8207,0.4700,0.4867,0.5078,0.4942,0.5041,0.4942
2020-07-01,0.5526,0.2720,0.8312,0.4811,0.4667,0.4778,0.5102,0.4391,0.4778
2020-08-01,0.5479,0.3433,0.8268,0.4677,0.4367,0.4778,0.4492,0.3805,0.4492
2020-09-01,0.5652,0.3421,0.8421,0.5225,0.5367,0.5678,0.5072,0.5524,0.5367
2020-10-01,0.5959,0.3666,0.8874,0.4559,0.4467,0.4778,0.4752,0.5390,0.4752
2020-11-01,0.6069,0.2955,0.9095,0.6649,0.6667,0.6478,0.6502,0.7428,0.6649
2020-12-01,0.5963,0.3453,0.9347,0.3484,0.3767,0.3978,0.3932,0.4766,0.3932
2021-01-01,0.6235,0.3235,1.0124,0.3650,0.3967,0.4078,0.3762,0.5148,0.3967
2021-02-01,0.6246,0.2977,1.0924,0.2240,0.2167,0.2278,0.1982,0.3375,0.2240
2021-03-01,0.6275,0.3218,0.9597,0.3948,0.4667,0.4678,0.3402,0.4553,0.4553
2021-04-01,0.6269,0.4032,0.9278,0.4144,0.3367,0.3778,0.3682,0.4130,0.3778
2021-05-01,0.5920,0.3316,0.9032,0.3579,0.3667,0.3978,0.3862,0.4353,0.3862
2021-06-01,0.5719,0.3924,0.8371,0.3761,0.4267,0.4178,0.3912,0.3565,0.3912
2021-07-01,0.5800,0.3401,0.8951,0.4491,0.4967,0.4678,0.4392,0.4447,0.4491
2021-08-01,0.5807,0.3649,0.8951,0.4661,0.3867,0.4478,0.4752,0.4249,0.4478
2021-09-01,0.5901,0.3400,0.8335,0.5312,0.4967,0.5078,0.5052,0.5203,0.5078
2021-10-01,0.6259,0.3561,0.9595,0.5839,0.5567,0.5578,0.6052,0.5843,0.5839
2021-11-01,0.6140,0.3547,0.9504,0.5214,0.5067,0.5078,0.4882,0.5517,0.5078
2021-12-01,0.6165,0.3090,1.0185,0.4138,0.4567,0.4578,0.4182,0.5638,0.4567
2022-01-01,0.6490,0.2740,1.0176,0.4393,0.4867,0.4978,0.4352,0.5488,0.4867
2022-02-01,0.6242,0.3093,0.9749,0.4129,0.4667,0.4778,0.3942,0.5071,0.4667
2022-03-01,0.6035,0.2995,1.0390,0.5454,0.6267,0.6478,0.5562,0.6597,0.6267
2022-04-01,0.5733,0.2425,0.9060,0.4270,0.4067,0.4578,0.4182,0.5057,0.4270
2022-05-01,0.5856,0.2440,0.9841,0.4092,0.4167,0.3978,0.3952,0.4337,0.4092
2022-06-01,0.5921,0.3348,0.9748,0.5048,0.5067,0.4978,0.5482,0.4518,0.5048
2022-07-01,0.5926,0.3409,0.9125,0.4363,0.5167,0.4778,0.4972,0.4912,0.4912
2022-08-01,0.6233,0.3811,0.9738,0.5311,0.5167,0.4878,0.4842,0.4095,0.4878
2022-09-01,0.6195,0.3693,0.9469,0.4713,0.4567,0.4478,0.4722,0.4683,0.4683
2022-10-01,0.6275,0.4238,0.9656,0.6062,0.5467,0.5378,0.6122,0.5718,0.5718
2022-11-01,0.6528,0.3843,1.0178,0.3262,0.3067,0.3378,0.2982,0.3678,0.3262
2022-12-01,0.6529,0.3052,1.0034,0.3982,0.3767,0.4078,0.4562,0.5123,0.4078
2023-01-01,0.6674,0.3412,1.1270,0.4415,0.4567,0.4578,0.4292,0.5179,0.4567
2023-02-01,0.6794,0.3631,1.1007,0.5428,0.5467,0.5878,0.4922,0.5699,0.5467
2023-03-01,0.6402,0.3335,0.9421,0.7863,0.8067,0.7978,0.7512,0.7774,0.7863
2023-04-01,0.6070,0.2726,0.9333,0.5779,0.5667,0.5678,0.5942,0.5430,0.5678
2023-05-01,0.6139,0.3452,0.8575,0.5348,0.5167,0.5378,0.5462,0.5733,0.5378
2023-06-01,0.6241,0.3254,0.8963,0.7169,0.6667,0.6378,0.7282,0.6749,0.6749
2023-07-01,0.6302,0.4008,0.8756,0.8183,0.7667,0.7378,0.8912,0.8378,0.8183
2023-08-01,0.6379,0.4090,0.9341,0.8687,0.7667,0.8178,0.8992,0.8234,0.8234
2023-09-01,0.6546,0.4561,0.9356,1.0068,1.0567,0.9778,1.0422,1.0492,1.0422
2023-10-01,0.7032,0.4664,0.9741,0.9821,0.9267,0.9278,0.9722,1.0127,0.9722
2023-11-01,0.7029,0.3927,1.0104,1.0001,0.9767,0.9778,0.9702,1.0595,0.9778
2023-12-01,0.6887,0.3824,0.9594,0.9191,0.9367,0.9278,0.9532,1.0866,0.9367
2024-01-01,0.7176,0.4342,1.0518,0.8103,0.8267,0.8678,0.8052,0.9695,0.8267
2024-02-01,0.7244,0.4043,1.0652,0.9487,1.0167,0.9678,0.9342,1.0783,0.9678
2024-03-01,0.7082,0.4106,1.1081,0.8934,0.9767,0.8878,0.8322,0.9938,0.8934
2024-04-01,0.6874,0.3761,0.9658,0.8742,0.8967,0.8378,0.8312,0.8927,0.8742
2024-05-01,0.6598,0.3973,0.9329,0.7208,0.7367,0.7278,0.7272,0.8298,0.7278
2024-06-01,0.6656,0.4237,1.0792,0.7536,0.8067,0.7478,0.7942,0.8182,0.7942
2024-07-01,0.6922,0.4343,1.0358,0.7966,0.7767,0.7578,0.7912,0.7940,0.7912
2024-08-01,0.6820,0.4267,1.0128,0.8777,0.8767,0.8178,0.8462,0.8254,0.8462
2024-09-01,0.6887,0.3943,0.9776,0.8111,0.7867,0.7878,0.8412,0.8466,0.8111
2024-10-01,0.7262,0.4575,1.0519,0.8693,0.9267,0.8878,0.9302,0.9618,0.9267
2024-11-01,0.7511,0.4588,1.1269,0.8769,0.8767,0.8778,0.9152,0.9341,0.8778
2024-12-01,0.7515,0.4983,1.1230,0.7778,0.8467,0.8278,0.8652,1.0002,0.8467
2025-01-01,0.7469,0.4774,1.0829,0.9142,0.9567,0.8878,0.9172,1.0583,0.9172
2025-02-01,0.7324,0.3905,1.0059,0.7762,0.8367,0.7978,0.8272,0.9045,0.8272
2025-03-01,0.7260,0.4560,0.9963,0.8506,0.9467,0.8878,0.8442,0.9159,0.8878
2025-04-01,0.7300,0.4487,0.9482,0.7617,0.8267,0.7678,0.7672,0.8238,0.7678
2025-05-01,0.7164,0.4366,0.9700,0.6158,0.6567,0.6378,0.6322,0.7086,0.6378
2025-06-01,0.7102,0.4522,0.9473,0.5424,0.6467,0.5378,0.6092,0.6180,0.6092
2025-07-01,0.6862,0.4229,0.9522,0.6044,0.5967,0.5278,0.5842,0.5628,0.5842
2025-08-01,0.7037,0.4591,0.9825,0.6762,0.7567,0.6278,0.6962,0.6038,0.6762
2025-09-01,0.7242,0.4842,0.9364,0.7722,0.8267,0.7078,0.8152,0.7811,0.7811
2025-10-01,0.7496,0.4796,1.0050,0.7553,0.7667,0.7178,0.8052,0.8582,0.7667
2025-11-01,0.7436,0.4608,1.0506,0.7533,0.7867,0.6978,0.7802,0.8546,0.7802
2025-12-01,0.7325,0.4292,1.1014,0.6191,0.6367,0.5978,0.6542,0.7281,0.6367
2026-01-01,0.7526,0.3805,1.1792,0.6743,0.6667,0.6678,0.7102,0.7825,0.6743
2026-02-01,0.7740,0.4285,1.1972,0.7372,0.8267,0.7378,0.7882,0.8090,0.7882
2026-03-01,0.7214,0.3422,1.1430,0.7748,0.8967,0.7878,0.7492,0.7969,0.7878
2026-04-01,0.7127,0.4119,1.0792,0.7298,0.7467,0.7178,0.7302,0.7461,0.7302
2026-05-01,0.7375,0.4774,1.1324,0.6787,0.7067,0.6478,0.7012,0.7284,0.7012
2026-06-01,0.7291,0.4128,1.1325,0.7301,0.7567,0.6878,0.7592,0.7022,0.7301
2026-07-01,0.7557,0.4815,1.0878,0.7555,0.8267,0.7778,0.8142,0.7848,0.7848
2026-08-01,0.7495,0.4626,1.1737,,0.9767,0.8978,0.9982,0.9591,0.9679
2026-09-01,0.7807,0.4686,1.1577,,,,,,
2026-10-01,0.8138,0.4911,1.1614,,,,,,
2026-11-01,0.8255,0.4537,1.1732,,,,,,
2026-12-01,0.8199,0.4957,1.1586,,,,,,
2027-01-01,0.8295,0.4129,1.2295,,,,,,
2027-02-01,0.7869,0.4259,1.2974,,,,,,
2027-03-01,0.7956,0.4722,1.3091,,,,,,
2027-04-01,0.7700,0.4427,1.2323,,,,,,
2027-05-01,0.7551,0.4318,1.2137,,,,,,
2027-06-01,0.7358,0.4119,1.1877,,,,,,
2027-07-01,0.7471,0.4051,1.2252,,,,,,
2027-08-01,0.7645,0.4301,1.1319,,,,,,
2027-09-01,0.7657,0.4734,1.1844,,,,,,
2027-10-01,0.7876,0.4614,1.2104,,,,,,
2027-11-01,0.8048,0.4989,1.2600,,,,,,
2027-12-01,0.8046,0.5215,1.3327,,,,,,
2028-01-01,0.8010,0.4553,1.0420,,,,,,
2028-02-01,0.7969,0.4672,1.0884,,,,,,
2028-03-01,0.7707,0.4971,1.1731,,,,,,
2028-04-01,0.7729,0.4643,1.0688,,,,,,
2028-05-01,0.7644,0.4294,1.1519,,,,,,
2028-06-01,0.7521,0.4676,1.0974,,,,,,
2028-07-01,0.7563,0.5399,1.0612,,,,,,
2028-08-01,0.7696,0.5283,1.1054,,,,,,
2028-09-01,0.7976,0.5031,1.2140,,,,,,
2028-10-01,0.8123,0.5314,1.2646,,,,,,
2028-11-01,0.8251,0.5085,1.3241,,,,,,
2028-12-01,0.8383,0.4931,1.3030,,,,,,
2029-01-01,0.8311,0.4713,1.2328,,,,,,
2029-02-01,0.8276,0.4480,1.2258,,,,,,
2029-03-01,0.8214,0.5265,1.1558,,,,,,
2029-04-01,0.7967,0.5754,1.2355,,,,,,
2029-05-01,0.7727,0.4794,1.0988,,,,,,
2029-06-01,0.7905,0.4706,1.1678,,,,,,
2029-07-01,0.7887,0.5470,1.1501,,,,,,
2029-08-01,0.7992,0.4864,1.1577,,,,,,
2029-09-01,0.8083,0.5399,1.1468,,,,,,
2029-10-01,0.8474,0.5948,1.2114,,,,,,
2029-11-01,0.8625,0.6246,1.2600,,,,,,
2029-12-01,0.8644,0.4627,1.2882,,,,,,
2030-01-01,0.8493,0.4979,1.2363,,,,,,
2030-02-01,0.8335,0.4432,1.3508,,,,,,
2030-03-01,0.8057,0.5064,1.1828,,,,,,
2030-04-01,0.7697,0.4548,1.1340,,,,,,
2030-05-01,0.7856,0.5076,1.1599,,,,,,
2030-06-01,0.7837,0.5045,1.2236,,,,,,
2030-07-01,0.7942,0.4542,1.0964,,,,,,
2030-08-01,0.7984,0.5037,1.2042,,,,,,
2030-09-01,0.8197,0.5062,1.2585,,,,,,
2030-10-01,0.8753,0.6317,1.2753,,,,,,
2030-11-01,0.8576,0.5896,1.2050,,,,,,
2030-12-01,0.8707,0.5279,1.2821,,,,,,
2031-01-01,0.8719,0.5824,1.2425,,,,,,
2031-02-01,0.8593,0.5216,1.2201,,,,,,
2031-03-01,0.8777,0.5300,1.2899,,,,,,
2031-04-01,0.8314,0.5659,1.2345,,,,,,
2031-05-01,0.8105,0.4982,1.2034,,,,,,
2031-06-01,0.8128,0.5335,1.1510,,,,,,
2031-07-01,0.8310,0.5685,1.1911,,,,,,
2031-08-01,0.8235,0.5793,1.1641,,,,,,
2031-09-01,0.8647,0.6458,1.1962,,,,,,
2031-10-01,0.9065,0.6449,1.2344,,,,,,
2031-11-01,0.9229,0.6509,1.2042,,,,,,
2031-12-01,0.9161,0.6888,1.1977,,,,,,
2032-01-01,0.9092,0.5698,1.2209,,,,,,
2032-02-01,0.8868,0.5469,1.2142,,,,,,
2032-03-01,0.8959,0.6099,1.1778,,,,,,
2032-04-01,0.8753,0.5905,1.1153,,,,,,
2032-05-01,0.8447,0.5821,1.1293,,,,,,
2032-06-01,0.8582,0.5928,1.1454,,,,,,
2032-07-01,0.8704,0.5749,1.1504,,,,,,
2032-08-01,0.8539,0.4854,1.1648,,,,,,
2032-09-01,0.8920,0.5144,1.2480,,,,,,
2032-10-01,0.9255,0.6217,1.2778,,,,,,
2032-11-01,0.9481,0.6435,1.3198,,,,,,
2032-12-01,0.9425,0.5445,1.3351,,,,,,
2033-01-01,0.9432,0.5377,1.3063,,,,,,
2033-02-01,0.9410,0.4607,1.3842,,,,,,
2033-03-01,0.8743,0.5011,1.2716,,,,,,
2033-04-01,0.9055,0.5703,1.3617,,,,,,
2033-05-01,0.9049,0.6372,1.3072,,,,,,
2033-06-01,0.8863,0.4587,1.2665,,,,,,
2033-07-01,0.8794,0.4719,1.2566,,,,,,
2033-08-01,0.8766,0.5273,1.2566,,,,,,
2033-09-01,0.9080,0.4984,1.2458,,,,,,
2033-10-01,0.9367,0.5007,1.3650,,,,,,
2033-11-01,0.9613,0.5615,1.3345,,,,,,
2033-12-01,0.9563,0.5359,1.3563,,,,,,
2034-01-01,0.9803,0.4918,1.4724,,,,,,
2034-02-01,0.9281,0.4639,1.3360,,,,,,
2034-03-01,0.9054,0.5321,1.3616,,,,,,
2034-04-01,0.9006,0.5848,1.3505,,,,,,
2034-05-01,0.8878,0.5840,1.2733,,,,,,
2034-06-01,0.8770,0.5446,1.4044,,,,,,
2034-07-01,0.9030,0.6081,1.3725,,,,,,
2034-08-01,0.9263,0.6160,1.3359,,,,,,
2034-09-01,0.9461,0.6692,1.3892,,,,,,
2034-10-01,0.9910,0.6641,1.4895,,,,,,
2034-11-01,0.9747,0.6128,1.4092,,,,,,
2034-12-01,0.9758,0.5522,1.3100,,,,,,
2035-01-01,0.9947,0.6766,1.3721,,,,,,
2035-02-01,0.9301,0.5644,1.4088,,,,,,
2035-03-01,0.9193,0.6557,1.2570,,,,,,
2035-04-01,0.9153,0.5789,1.2449,,,,,,
2035-05-01,0.9142,0.6536,1.2007,,,,,,
2035-06-01,0.9147,0.6316,1.2498,,,,,,
2035-07-01,0.9244,0.6264,1.3324,,,,,,
2035-08-01,0.9213,0.6399,1.3213,,,,,,
2035-09-01,0.9410,0.6076,1.3461,,,,,,
2035-10-01,0.9822,0.6474,1.3464,,,,,,
2035-11-01,0.9777,0.5918,1.3809,,,,,,
2035-12-01,0.9767,0.6003,1.3716,,,,,,
2036-01-01,1.0255,0.5994,1.4637,,,,,,
2036-02-01,0.9856,0.5807,1.4206,,,,,,
2036-03-01,0.9390,0.5791,1.3573,,,,,,
2036-04-01,0.9509,0.5263,1.4065,,,,,,
2036-05-01,0.9404,0.5976,1.3931,,,,,,
2036-06-01,0.9117,0.4711,1.4150,,,,,,
2036-07-01,0.9335,0.4634,1.3179,,,,,,
2036-08-01,0.9556,0.5527,1.3205,,,,,,
2036-09-01,0.9699,0.6172,1.3332,,,,,,
2036-10-01,1.0265,0.6277,1.4607,,,,,,
2036-11-01,1.0665,0.7186,1.4894,,,,,,
2036-12-01,1.0703,0.7258,1.6041,,,,,,
2037-01-01,1.0834,0.7009,1.4862,,,,,,
2037-02-01,1.0583,0.7456,1.5443,,,,,,
2037-03-01,1.0204,0.6720,1.4661,,,,,,
2037-04-01,1.0012,0.6058,1.3839,,,,,,
2037-05-01,0.9915,0.6478,1.3995,,,,,,
2037-06-01,0.9718,0.5485,1.3672,,,,,,
2037-07-01,0.9838,0.6664,1.3653,,,,,,
2037-08-01,0.9985,0.6202,1.4613,,,,,,
2037-09-01,1.0255,0.6892,1.3910,,,,,,
2037-10-01,1.0481,0.6694,1.5360,,,,,,
2037-11-01,1.0992,0.6474,1.6055,,,,,,
2037-12-01,1.0757,0.7255,1.4621,,,,,,
2038-01-01,1.0825,0.7079,1.4593,,,,,,
2038-02-01,1.0695,0.7475,1.5016,,,,,,
2038-03-01,1.0480,0.6911,1.5278,,,,,,
2038-04-01,1.0063,0.6654,1.4516,,,,,,
2038-05-01,1.0099,0.7353,1.4773,,,,,,
2038-06-01,0.9931,0.5820,1.4950,,,,,,
2038-07-01,1.0026,0.6099,1.4969,,,,,,
2038-08-01,1.0268,0.6537,1.4687,,,,,,
2038-09-01,1.0437,0.6717,1.4615,,,,,,
2038-10-01,1.0492,0.6428,1.4305,,,,,,
2038-11-01,1.1088,0.7196,1.4748,,,,,,
2038-12-01,1.1008,0.7028,1.4658,,,,,,
2039-01-01,1.0484,0.6315,1.4065,,,,,,
2039-02-01,1.0172,0.5636,1.4050,,,,,,
2039-03-01,1.0166,0.5878,1.5159,,,,,,
2039-04-01,1.0071,0.6145,1.4465,,,,,,
2039-05-01,1.0036,0.6842,1.4120,,,,,,
2039-06-01,0.9937,0.6375,1.3822,,,,,,
2039-07-01,1.0237,0.6523,1.4575,,,,,,
2039-08-01,1.0403,0.6480,1.4654,,,,,,
2039-09-01,1.0637,0.6590,1.5426,,,,,,
2039-10-01,1.0878,0.7104,1.4896,,,,,,
2039-11-01,1.1470,0.7669,1.5783,,,,,,
2039-12-01,1.1258,0.6988,1.5164,,,,,,
2040-01-01,1.0938,0.6512,1.5985,,,,,,
2040-02-01,1.0962,0.6842,1.5187,,,,,,
2040-03-01,1.0691,0.7337,1.5343,,,,,,
2040-04-01,1.0490,0.7429,1.5680,,,,,,
2040-05-01,1.0479,0.6200,1.5542,,,,,,
2040-06-01,1.0324,0.5948,1.5077,,,,,,
2040-07-01,1.0342,0.6063,1.4916,,,,,,
2040-08-01,1.0524,0.6922,1.5568,,,,,,
2040-09-01,1.0966,0.6795,1.6567,,,,,,
2040-10-01,1.1377,0.7708,1.6606,,,,,,
2040-11-01,1.1534,0.7624,1.7187,,,,,,
2040-12-01,1.1412,0.6927,1.7247,,,,,,
