# Climate models vs observations — CMIP6 (SSP2-4.5), baseline 1850-1900
# Climate Dashboard (https://github.com/hausfath/climate-dashboard) — regenerated daily; this file: 2026-09-26
# Monthly means, all series referenced to 1850-1900. model_mean/p05/p95: ensemble mean and 5th-95th percentile across members.
# Observation columns: HadCRUT5, GISTEMP, NOAA, Berkeley Earth, ERA5 (C3S).
# The dashboard's 12-month view is a 12-month rolling mean of these monthly columns.
# All values in degrees Celsius unless a column says otherwise. Load with pandas.read_csv(..., comment='#').
date,model_mean_c,model_p05_c,model_p95_c,hadcrut5,gistemp,noaa,berkeley,copernicus,obs_median_c
1900-01-01,0.0532,-0.2534,0.3748,-0.1223,-0.1535,-0.0931,0.0285,,-0.1077
1900-02-01,0.0591,-0.2196,0.3117,0.1676,0.1565,0.2369,0.3685,,0.2022
1900-03-01,0.0777,-0.1170,0.2897,0.1601,0.2165,0.1169,0.2135,,0.1868
1900-04-01,0.0831,-0.1781,0.2905,0.1352,0.1165,0.0769,0.1145,,0.1155
1900-05-01,0.1116,-0.0994,0.2837,0.0590,0.1265,0.0669,0.0885,,0.0777
1900-06-01,0.0891,-0.1016,0.2905,0.1384,0.1165,0.1569,0.1785,,0.1476
1900-07-01,0.0831,-0.0886,0.2827,0.1495,0.0865,0.0869,0.0755,,0.0867
1900-08-01,0.0469,-0.1354,0.2001,0.1491,0.1265,0.0869,0.1015,,0.1140
1900-09-01,0.0584,-0.1359,0.2251,0.1656,0.1565,0.0569,0.1575,,0.1570
1900-10-01,0.0339,-0.1375,0.2283,0.3010,0.3065,0.1569,0.3065,,0.3038
1900-11-01,0.0193,-0.2738,0.3721,0.1023,0.1465,0.0669,0.1095,,0.1059
1900-12-01,-0.0125,-0.3384,0.3411,0.1454,0.1465,0.1469,0.1745,,0.1467
1901-01-01,0.0516,-0.2175,0.3237,0.0948,-0.0035,0.0069,0.0495,,0.0282
1901-02-01,0.0414,-0.2081,0.2485,0.1005,0.1065,0.0469,0.1615,,0.1035
1901-03-01,0.0513,-0.1144,0.2247,0.1791,0.2765,0.2269,0.1355,,0.2030
1901-04-01,0.0996,-0.1050,0.2611,0.1939,0.1865,0.1869,0.1825,,0.1867
1901-05-01,0.1191,-0.1242,0.3411,0.1247,0.0665,0.0769,0.2075,,0.1008
1901-06-01,0.1302,-0.0631,0.3516,0.1026,0.0965,0.0369,0.1175,,0.0996
1901-07-01,0.1137,-0.0702,0.3881,0.0137,0.0665,0.0469,0.0825,,0.0567
1901-08-01,0.0758,-0.1073,0.3598,0.1483,0.0165,0.0669,0.0775,,0.0722
1901-09-01,0.0849,-0.1227,0.2754,0.0035,-0.0135,-0.0331,0.0245,,-0.0050
1901-10-01,0.0495,-0.2109,0.2721,0.0237,-0.0735,-0.0831,-0.0205,,-0.0470
1901-11-01,0.0158,-0.3554,0.3838,-0.0145,0.0465,-0.0131,-0.0445,,-0.0138
1901-12-01,0.0061,-0.2337,0.3030,-0.1057,-0.0635,0.0769,0.0415,,-0.0110
1902-01-01,0.0156,-0.3192,0.2830,-0.0658,0.0465,-0.0131,0.0265,,0.0067
1902-02-01,0.0319,-0.2524,0.3138,0.1345,0.1265,0.1169,0.1635,,0.1305
1902-03-01,0.0791,-0.1588,0.3828,-0.0960,-0.0635,-0.1231,-0.1025,,-0.0992
1902-04-01,0.0929,-0.1099,0.2918,-0.0852,-0.0635,-0.0631,-0.0365,,-0.0633
1902-05-01,0.1160,-0.1458,0.3096,-0.0755,-0.1135,-0.0231,-0.0425,,-0.0590
1902-06-01,0.1201,-0.1374,0.3303,-0.0901,-0.1035,0.0369,-0.0475,,-0.0688
1902-07-01,0.0854,-0.1548,0.3356,-0.0522,-0.0635,0.0269,-0.0605,,-0.0564
1902-08-01,0.0747,-0.1384,0.2618,-0.0709,-0.0835,-0.0131,-0.1325,,-0.0772
1902-09-01,0.0416,-0.1047,0.2228,-0.0134,-0.0735,-0.0631,-0.0255,,-0.0443
1902-10-01,0.0153,-0.2337,0.2630,-0.1378,-0.0835,-0.0831,-0.1805,,-0.1107
1902-11-01,-0.0402,-0.2696,0.1295,-0.1946,-0.1535,-0.1031,-0.1785,,-0.1660
1902-12-01,-0.1064,-0.3419,0.1989,-0.1891,-0.2135,-0.1531,-0.1675,,-0.1783
1903-01-01,-0.0649,-0.4006,0.2298,-0.0628,-0.0335,-0.0231,0.0415,,-0.0283
1903-02-01,-0.0924,-0.3121,0.1433,0.1250,0.1465,-0.0531,0.0355,,0.0802
1903-03-01,-0.0426,-0.2805,0.2198,-0.0470,-0.0235,-0.0031,-0.0025,,-0.0133
1903-04-01,-0.0474,-0.2888,0.1906,-0.2307,-0.2035,-0.2431,-0.2735,,-0.2369
1903-05-01,-0.0826,-0.3582,0.1810,-0.1542,-0.1835,-0.1031,-0.1475,,-0.1508
1903-06-01,-0.0894,-0.3254,0.1265,-0.1900,-0.2135,-0.1031,-0.0995,,-0.1466
1903-07-01,-0.1119,-0.3921,0.1764,-0.1516,-0.1335,-0.1531,-0.2085,,-0.1523
1903-08-01,-0.1362,-0.3670,0.0482,-0.2518,-0.2335,-0.2031,-0.3765,,-0.2426
1903-09-01,-0.1403,-0.3152,0.0875,-0.2116,-0.2735,-0.2231,-0.2025,,-0.2174
1903-10-01,-0.1417,-0.4213,0.1339,-0.3146,-0.2535,-0.2831,-0.2405,,-0.2683
1903-11-01,-0.1476,-0.4150,0.1621,-0.2720,-0.2035,-0.1431,-0.2995,,-0.2378
1903-12-01,-0.1389,-0.4751,0.1374,-0.3483,-0.3035,-0.3231,-0.2835,,-0.3133
1904-01-01,-0.0902,-0.3954,0.2990,-0.4382,-0.4235,-0.4131,-0.4155,,-0.4195
1904-02-01,-0.0335,-0.3638,0.2891,-0.4075,-0.3735,-0.3431,-0.4115,,-0.3905
1904-03-01,-0.0563,-0.3903,0.2588,-0.3348,-0.3035,-0.1231,-0.2475,,-0.2755
1904-04-01,-0.0081,-0.3619,0.3326,-0.2856,-0.2935,-0.3131,-0.2445,,-0.2895
1904-05-01,0.0024,-0.2295,0.2657,-0.2524,-0.3035,-0.2731,-0.2315,,-0.2627
1904-06-01,0.0058,-0.1868,0.2539,-0.2092,-0.2735,-0.2131,-0.1925,,-0.2112
1904-07-01,-0.0062,-0.2217,0.3292,-0.1993,-0.3035,-0.2131,-0.2365,,-0.2248
1904-08-01,-0.0390,-0.2593,0.1595,-0.1252,-0.2835,-0.1931,-0.1825,,-0.1878
1904-09-01,-0.0706,-0.3146,0.1402,-0.2411,-0.3435,-0.2431,-0.2475,,-0.2453
1904-10-01,-0.0909,-0.3047,0.1584,-0.1931,-0.1835,-0.1631,-0.1265,,-0.1733
1904-11-01,-0.1161,-0.3861,0.1209,-0.0337,0.0265,-0.0231,-0.0165,,-0.0198
1904-12-01,-0.1089,-0.4567,0.1714,-0.1352,-0.1235,-0.0431,-0.1145,,-0.1190
1905-01-01,-0.0809,-0.4510,0.2031,-0.0976,-0.1435,-0.1031,-0.1385,,-0.1208
1905-02-01,-0.0988,-0.4213,0.2093,-0.3563,-0.3835,-0.3331,-0.3965,,-0.3699
1905-03-01,-0.0554,-0.3170,0.1983,-0.1600,-0.0035,-0.0731,-0.2125,,-0.1166
1905-04-01,-0.0030,-0.2429,0.2083,-0.1990,-0.1235,-0.1431,-0.2405,,-0.1710
1905-05-01,0.0122,-0.2629,0.2392,-0.0749,-0.0835,-0.0431,-0.0565,,-0.0657
1905-06-01,0.0105,-0.2039,0.2814,0.0144,-0.0735,0.0469,0.0065,,0.0105
1905-07-01,-0.0185,-0.2350,0.2030,-0.0165,-0.0535,0.0269,0.0165,,0.0000
1905-08-01,-0.0309,-0.2791,0.2290,0.0537,0.0165,-0.0631,-0.0605,,-0.0220
1905-09-01,-0.0227,-0.2298,0.1945,0.0120,0.0265,-0.1231,-0.0655,,-0.0267
1905-10-01,-0.0801,-0.3492,0.2163,0.0244,-0.0335,-0.1531,0.0015,,-0.0160
1905-11-01,-0.0883,-0.3387,0.1864,0.1433,0.1365,-0.0231,-0.0295,,0.0567
1905-12-01,-0.1067,-0.4526,0.1583,0.0950,0.0765,-0.1131,0.0755,,0.0760
1906-01-01,-0.0736,-0.3617,0.2472,0.0748,-0.0735,-0.1731,-0.0035,,-0.0385
1906-02-01,-0.0733,-0.4126,0.2333,-0.0175,-0.0835,-0.0431,0.0015,,-0.0303
1906-03-01,-0.0518,-0.3610,0.2154,0.0780,0.0265,-0.0131,0.1135,,0.0523
1906-04-01,0.0286,-0.3068,0.2423,0.2591,0.1565,0.1369,0.1975,,0.1770
1906-05-01,0.0312,-0.2112,0.2714,-0.0130,-0.0435,-0.0131,-0.0845,,-0.0283
1906-06-01,0.0363,-0.2092,0.3297,0.1304,0.0165,0.0569,0.0945,,0.0757
1906-07-01,0.0090,-0.1784,0.2530,0.0126,-0.0135,0.0769,0.0725,,0.0426
1906-08-01,-0.0031,-0.1552,0.2385,0.0866,0.0165,-0.0531,0.0125,,0.0145
1906-09-01,0.0066,-0.1816,0.2463,0.0069,-0.0635,-0.0331,-0.0445,,-0.0388
1906-10-01,-0.0477,-0.2095,0.2182,0.0390,0.0165,-0.0031,0.0875,,0.0278
1906-11-01,-0.1213,-0.2935,0.1796,-0.1715,-0.1635,-0.0731,-0.0785,,-0.1210
1906-12-01,-0.1063,-0.3478,0.1226,0.0421,0.0665,0.1469,0.0025,,0.0543
1907-01-01,-0.0385,-0.3242,0.2019,-0.1569,-0.2135,-0.1531,-0.1845,,-0.1707
1907-02-01,-0.0258,-0.3362,0.2469,-0.2568,-0.2935,-0.3031,-0.2675,,-0.2805
1907-03-01,0.0203,-0.1982,0.2564,-0.0690,-0.0535,-0.1031,-0.0585,,-0.0637
1907-04-01,0.0618,-0.1660,0.2917,-0.1137,-0.1535,-0.2431,-0.1085,,-0.1336
1907-05-01,0.0398,-0.2052,0.2701,-0.2785,-0.2435,-0.2531,-0.2955,,-0.2658
1907-06-01,0.0375,-0.2294,0.2192,-0.1798,-0.2035,-0.1931,-0.1925,,-0.1928
1907-07-01,0.0193,-0.2073,0.2392,-0.0731,-0.1335,-0.0931,-0.1465,,-0.1133
1907-08-01,-0.0304,-0.1883,0.2000,-0.1339,-0.1335,-0.1131,-0.1965,,-0.1337
1907-09-01,-0.0357,-0.2834,0.2412,-0.0413,-0.1235,-0.1131,-0.1555,,-0.1183
1907-10-01,-0.0242,-0.2910,0.1949,0.0260,-0.0135,-0.0531,0.0265,,0.0063
1907-11-01,-0.0998,-0.3572,0.1090,-0.1898,-0.2535,-0.1931,-0.2285,,-0.2108
1907-12-01,-0.0653,-0.3802,0.2388,-0.2236,-0.2535,-0.2431,-0.1735,,-0.2334
1908-01-01,-0.0426,-0.3604,0.1917,-0.0945,-0.2335,-0.2931,-0.2155,,-0.2245
1908-02-01,-0.0062,-0.2728,0.3135,-0.0478,-0.1135,-0.0531,-0.1275,,-0.0833
1908-03-01,0.0310,-0.2359,0.2929,-0.3378,-0.3435,-0.3031,-0.3785,,-0.3406
1908-04-01,0.0320,-0.2155,0.3029,-0.2229,-0.2335,-0.3331,-0.3475,,-0.2833
1908-05-01,0.0919,-0.1004,0.2891,-0.0796,-0.1635,-0.1731,-0.1765,,-0.1683
1908-06-01,0.0903,-0.1056,0.2559,-0.0507,-0.1735,-0.1331,-0.1855,,-0.1533
1908-07-01,0.0424,-0.1208,0.2410,-0.0372,-0.1435,-0.1031,-0.0885,,-0.0958
1908-08-01,0.0320,-0.1559,0.2114,-0.1226,-0.2535,-0.2331,-0.2355,,-0.2343
1908-09-01,0.0224,-0.2287,0.1955,-0.0246,-0.1435,-0.1831,-0.1195,,-0.1315
1908-10-01,-0.0158,-0.2210,0.2185,-0.2092,-0.2235,-0.2531,-0.1265,,-0.2163
1908-11-01,-0.0559,-0.3346,0.1984,-0.2793,-0.3035,-0.2331,-0.2875,,-0.2834
1908-12-01,-0.0749,-0.3664,0.2172,-0.2715,-0.2835,-0.2431,-0.2835,,-0.2775
1909-01-01,-0.0300,-0.4173,0.2543,-0.3964,-0.5235,-0.4231,-0.4315,,-0.4273
1909-02-01,-0.0443,-0.3344,0.2434,-0.1747,-0.2535,-0.1931,-0.2565,,-0.2233
1909-03-01,0.0365,-0.2346,0.3284,-0.2933,-0.3335,-0.2831,-0.3215,,-0.3074
1909-04-01,0.0564,-0.2075,0.2629,-0.2731,-0.3835,-0.2731,-0.3275,,-0.3003
1909-05-01,0.0592,-0.1732,0.3433,-0.2312,-0.3335,-0.2031,-0.2825,,-0.2568
1909-06-01,0.0777,-0.1725,0.3745,-0.1484,-0.3035,-0.2131,-0.2035,,-0.2083
1909-07-01,0.0635,-0.1924,0.3267,-0.1692,-0.2435,-0.2031,-0.2605,,-0.2233
1909-08-01,0.0387,-0.1884,0.3080,0.0296,-0.1235,-0.1331,-0.0455,,-0.0845
1909-09-01,0.0279,-0.1858,0.3252,-0.0493,-0.1735,-0.1431,-0.1145,,-0.1288
1909-10-01,0.0146,-0.3188,0.2778,-0.1314,-0.1835,-0.1231,-0.1345,,-0.1329
1909-11-01,-0.0127,-0.4040,0.2959,-0.0260,-0.1135,-0.0731,-0.1105,,-0.0918
1909-12-01,0.0123,-0.2935,0.3506,-0.2335,-0.3535,-0.2031,-0.2125,,-0.2230
1910-01-01,0.0209,-0.2419,0.3394,-0.0596,-0.2135,-0.1231,-0.1235,,-0.1233
1910-02-01,0.0253,-0.2749,0.3635,-0.1466,-0.2035,-0.1931,-0.1475,,-0.1703
1910-03-01,0.0348,-0.3640,0.3451,-0.2438,-0.2935,-0.2431,-0.2655,,-0.2546
1910-04-01,0.0595,-0.2511,0.3551,-0.1676,-0.2135,-0.2031,-0.2965,,-0.2083
1910-05-01,0.0832,-0.1489,0.3784,-0.1652,-0.1335,-0.1331,-0.1455,,-0.1395
1910-06-01,0.1016,-0.1534,0.3475,-0.1942,-0.1835,-0.1231,-0.2065,,-0.1889
1910-07-01,0.0879,-0.1521,0.3114,-0.0841,-0.1335,-0.1231,-0.1035,,-0.1133
1910-08-01,0.0804,-0.1525,0.2679,-0.0327,-0.1535,-0.0731,-0.1575,,-0.1133
1910-09-01,0.0740,-0.1838,0.3054,-0.0591,-0.1735,-0.1431,-0.1565,,-0.1498
1910-10-01,0.0336,-0.2249,0.3283,-0.1195,-0.1935,-0.1931,-0.1155,,-0.1563
1910-11-01,0.0081,-0.3294,0.3141,-0.3102,-0.3635,-0.1631,-0.3135,,-0.3118
1910-12-01,-0.0084,-0.2668,0.3247,-0.3867,-0.4635,-0.3231,-0.3505,,-0.3686
1911-01-01,0.0366,-0.2013,0.3289,-0.2993,-0.4135,-0.3431,-0.3085,,-0.3258
1911-02-01,0.0537,-0.2277,0.3355,-0.3495,-0.3735,-0.4031,-0.3895,,-0.3815
1911-03-01,0.0596,-0.1814,0.3227,-0.4071,-0.3935,-0.4031,-0.3615,,-0.3983
1911-04-01,0.1004,-0.1326,0.4218,-0.2848,-0.3335,-0.1931,-0.3455,,-0.3091
1911-05-01,0.1336,-0.1092,0.4183,-0.2836,-0.3035,-0.2531,-0.2735,,-0.2785
1911-06-01,0.1341,-0.1102,0.3367,-0.2022,-0.2935,-0.2231,-0.2525,,-0.2378
1911-07-01,0.1139,-0.0859,0.3356,-0.1392,-0.2135,-0.1831,-0.2505,,-0.1983
1911-08-01,0.0896,-0.1902,0.2915,-0.1520,-0.2235,-0.1731,-0.2295,,-0.1983
1911-09-01,0.0971,-0.2096,0.3628,-0.1430,-0.1935,-0.1331,-0.1915,,-0.1673
1911-10-01,0.0181,-0.2680,0.2792,0.0058,-0.0535,-0.0231,0.0165,,-0.0086
1911-11-01,0.0223,-0.2573,0.3560,0.0138,-0.0035,-0.0031,0.0105,,0.0037
1911-12-01,0.0276,-0.2659,0.3602,0.0547,-0.0135,-0.0031,0.1065,,0.0258
1912-01-01,0.0589,-0.1374,0.3093,0.0309,-0.0635,-0.0931,0.0055,,-0.0290
1912-02-01,0.0433,-0.2762,0.3218,0.0455,0.0465,-0.0231,0.0805,,0.0460
1912-03-01,0.0503,-0.2656,0.3609,-0.1988,-0.1835,-0.1931,-0.1045,,-0.1883
1912-04-01,0.0881,-0.1540,0.2948,0.0205,0.0265,-0.0131,-0.0045,,0.0080
1912-05-01,0.1079,-0.1736,0.3806,0.0227,-0.0035,-0.0231,-0.0615,,-0.0133
1912-06-01,0.0996,-0.1719,0.3799,0.0675,-0.0335,-0.0231,0.0575,,0.0172
1912-07-01,0.0087,-0.2182,0.2515,-0.1525,-0.2135,-0.1531,-0.0625,,-0.1528
1912-08-01,-0.0673,-0.3036,0.2193,-0.2227,-0.3335,-0.2531,-0.2585,,-0.2558
1912-09-01,-0.1101,-0.4836,0.1181,-0.2883,-0.3635,-0.2431,-0.2845,,-0.2864
1912-10-01,-0.1603,-0.4965,0.1239,-0.3273,-0.3735,-0.3531,-0.2535,,-0.3402
1912-11-01,-0.1767,-0.4989,0.0578,-0.1987,-0.1835,-0.0631,-0.1455,,-0.1645
1912-12-01,-0.1617,-0.4020,0.0812,-0.2187,-0.2235,-0.1031,-0.1755,,-0.1971
1913-01-01,-0.1062,-0.3836,0.1752,-0.1884,-0.2035,-0.1731,-0.2425,,-0.1960
1913-02-01,-0.0475,-0.2585,0.1367,-0.1823,-0.2535,-0.1331,-0.2465,,-0.2144
1913-03-01,-0.0482,-0.2487,0.1205,-0.2438,-0.2235,-0.2231,-0.2345,,-0.2290
1913-04-01,-0.0226,-0.2278,0.2154,-0.1651,-0.1935,-0.1831,-0.1175,,-0.1741
1913-05-01,-0.0037,-0.1793,0.2427,-0.1897,-0.2335,-0.1831,-0.2075,,-0.1986
1913-06-01,0.0178,-0.2067,0.1793,-0.1887,-0.2435,-0.1431,-0.1605,,-0.1746
1913-07-01,-0.0224,-0.2593,0.2032,-0.1295,-0.1535,-0.0831,-0.1345,,-0.1320
1913-08-01,-0.0194,-0.2245,0.1719,-0.0424,-0.1235,-0.0431,-0.1105,,-0.0768
1913-09-01,-0.0383,-0.2022,0.1286,-0.0603,-0.1335,-0.1231,-0.1885,,-0.1283
1913-10-01,-0.0962,-0.2857,0.1134,-0.0845,-0.1135,-0.1131,-0.0505,,-0.0988
1913-11-01,-0.1166,-0.4470,0.1013,-0.0040,0.0065,-0.0231,0.0385,,0.0013
1913-12-01,-0.1187,-0.3688,0.1718,0.2077,0.1765,0.1769,0.2665,,0.1923
1914-01-01,-0.0553,-0.3703,0.2137,0.2863,0.2365,0.1269,0.1445,,0.1905
1914-02-01,-0.0128,-0.4212,0.2506,0.1023,0.1065,0.0869,0.0045,,0.0946
1914-03-01,-0.0123,-0.3059,0.2922,-0.0349,-0.0435,-0.0431,-0.1005,,-0.0433
1914-04-01,0.0480,-0.1763,0.2513,-0.0434,-0.0935,0.0169,-0.0955,,-0.0684
1914-05-01,0.0432,-0.1992,0.2516,0.0492,-0.0035,0.0369,-0.0745,,0.0167
1914-06-01,0.0548,-0.1750,0.2726,0.0471,-0.0435,0.0369,0.0075,,0.0222
1914-07-01,0.0274,-0.2934,0.2818,0.0598,-0.0335,-0.0431,0.0695,,0.0131
1914-08-01,0.0026,-0.3639,0.2303,0.1118,0.0465,-0.0231,0.1005,,0.0735
1914-09-01,-0.0077,-0.3648,0.1948,0.0550,0.0365,-0.0131,0.0305,,0.0335
1914-10-01,-0.0313,-0.4415,0.1874,0.2477,0.1765,0.1469,0.2645,,0.2121
1914-11-01,-0.0627,-0.5690,0.3200,0.1754,0.0465,0.1969,0.1295,,0.1525
1914-12-01,-0.0495,-0.3937,0.2305,0.1197,0.1665,0.1669,0.1295,,0.1480
1915-01-01,-0.0095,-0.4602,0.2887,0.0743,-0.0035,-0.0031,-0.0015,,-0.0023
1915-02-01,0.0158,-0.3332,0.2665,0.1441,0.1765,0.0569,0.0595,,0.1018
1915-03-01,0.0083,-0.3280,0.3312,0.1623,0.1065,0.1669,0.2355,,0.1646
1915-04-01,0.0576,-0.1559,0.3168,0.2724,0.2765,0.2569,0.2135,,0.2646
1915-05-01,0.1099,-0.1733,0.4066,0.1812,0.1565,0.1669,0.2025,,0.1741
1915-06-01,0.1077,-0.1697,0.3523,0.1834,-0.0135,0.0969,0.1715,,0.1342
1915-07-01,0.0769,-0.1791,0.3165,0.1806,0.0865,0.1869,0.1255,,0.1531
1915-08-01,0.0683,-0.1866,0.3098,0.2930,-0.0135,0.1469,0.1395,,0.1432
1915-09-01,0.0821,-0.1424,0.3607,0.2450,0.0065,0.0969,0.0605,,0.0787
1915-10-01,0.0355,-0.1960,0.2778,0.0756,-0.0335,0.0069,0.1335,,0.0413
1915-11-01,-0.0261,-0.2940,0.1975,0.1871,0.0765,0.1569,0.2025,,0.1720
1915-12-01,-0.0245,-0.3868,0.2377,0.0050,-0.0035,-0.0531,-0.0005,,-0.0020
1916-01-01,-0.0088,-0.3500,0.2816,0.0213,0.0765,0.0269,0.0235,,0.0252
1916-02-01,0.0051,-0.3407,0.3434,0.0925,0.0665,-0.0331,0.1295,,0.0795
1916-03-01,0.0159,-0.2558,0.2782,-0.0775,-0.0735,-0.0731,-0.0775,,-0.0755
1916-04-01,0.0430,-0.2296,0.2521,-0.0228,-0.0935,0.0169,-0.0475,,-0.0352
1916-05-01,0.1055,-0.1999,0.3332,-0.0693,-0.1435,-0.0231,-0.0475,,-0.0584
1916-06-01,0.0992,-0.1509,0.3044,-0.1405,-0.2835,-0.0531,-0.1205,,-0.1305
1916-07-01,0.0854,-0.0839,0.2887,-0.0291,-0.1535,-0.1231,-0.0435,,-0.0833
1916-08-01,0.0526,-0.1987,0.2449,0.0609,-0.0635,-0.0531,-0.0485,,-0.0508
1916-09-01,0.0547,-0.1270,0.2392,0.0323,-0.1435,-0.0831,-0.1155,,-0.0993
1916-10-01,0.0344,-0.2201,0.3521,-0.0151,-0.1135,-0.1431,-0.2075,,-0.1283
1916-11-01,0.0402,-0.2693,0.3644,-0.1524,-0.2535,-0.3131,-0.2685,,-0.2610
1916-12-01,0.0316,-0.2610,0.3337,-0.4541,-0.6035,-0.4631,-0.4225,,-0.4586
1917-01-01,0.0346,-0.3509,0.3868,-0.3349,-0.3535,-0.3131,-0.3895,,-0.3442
1917-02-01,0.0456,-0.3693,0.3383,-0.3593,-0.4135,-0.4131,-0.4245,,-0.4133
1917-03-01,0.0653,-0.2388,0.3155,-0.4230,-0.4135,-0.4831,-0.5325,,-0.4531
1917-04-01,0.0834,-0.2267,0.3953,-0.1865,-0.3335,-0.2331,-0.2445,,-0.2388
1917-05-01,0.1356,-0.2116,0.4635,-0.2835,-0.3435,-0.3331,-0.3305,,-0.3318
1917-06-01,0.1232,-0.1318,0.3882,-0.1213,-0.2235,-0.1731,-0.1795,,-0.1763
1917-07-01,0.1066,-0.1872,0.3299,0.0997,-0.0435,0.0369,0.0185,,0.0277
1917-08-01,0.0812,-0.2200,0.3772,0.0182,-0.0135,-0.0731,-0.0245,,-0.0190
1917-09-01,0.0653,-0.2507,0.3340,0.0541,-0.0135,-0.0431,0.0515,,0.0190
1917-10-01,0.0343,-0.2671,0.2703,-0.1760,-0.2335,-0.2531,-0.1405,,-0.2047
1917-11-01,0.0126,-0.3855,0.2814,-0.0982,-0.1235,-0.2131,-0.2135,,-0.1683
1917-12-01,0.0261,-0.3101,0.3773,-0.4305,-0.4635,-0.4231,-0.4685,,-0.4470
1918-01-01,0.0511,-0.2259,0.3445,-0.1617,-0.2635,-0.3231,-0.2605,,-0.2620
1918-02-01,0.0288,-0.2186,0.3326,-0.3202,-0.1335,-0.3131,-0.3705,,-0.3166
1918-03-01,0.0980,-0.1971,0.3819,-0.2251,-0.0435,-0.1631,-0.2445,,-0.1941
1918-04-01,0.1260,-0.0981,0.4356,-0.2694,-0.2335,-0.3031,-0.2325,,-0.2514
1918-05-01,0.1605,-0.0959,0.4115,-0.1699,-0.2135,-0.2231,-0.2155,,-0.2145
1918-06-01,0.1685,-0.1432,0.4347,-0.0322,-0.1535,-0.2231,-0.1195,,-0.1365
1918-07-01,0.1592,-0.0853,0.4062,-0.0135,-0.1035,-0.0631,-0.0365,,-0.0498
1918-08-01,0.1230,-0.1322,0.4253,-0.0870,-0.1035,-0.1631,-0.1505,,-0.1270
1918-09-01,0.1282,-0.0889,0.4076,0.0829,0.0465,-0.0031,0.0395,,0.0430
1918-10-01,0.0868,-0.2932,0.3615,0.2399,0.1565,0.0469,0.2145,,0.1855
1918-11-01,0.0630,-0.1967,0.3380,0.1881,0.0965,-0.0031,0.2195,,0.1423
1918-12-01,0.0473,-0.2307,0.3728,-0.0599,-0.0835,-0.0631,0.0145,,-0.0615
1919-01-01,0.0873,-0.2335,0.4247,0.1137,0.0165,0.0969,0.0095,,0.0567
1919-02-01,0.0833,-0.2420,0.3429,0.1210,-0.0235,-0.0631,0.0585,,0.0175
1919-03-01,0.1118,-0.1675,0.3975,-0.0365,0.0065,-0.1131,-0.0955,,-0.0660
1919-04-01,0.1407,-0.1053,0.4322,0.1475,0.0865,0.1669,0.1035,,0.1255
1919-05-01,0.1721,-0.0534,0.3689,0.0444,-0.0635,0.0069,0.0005,,0.0037
1919-06-01,0.1739,-0.0685,0.3834,-0.0118,-0.1435,-0.0331,-0.0375,,-0.0353
1919-07-01,0.1518,-0.0965,0.4029,0.0366,-0.0735,-0.0531,-0.0675,,-0.0603
1919-08-01,0.1095,-0.1651,0.2950,0.0993,-0.1135,-0.0831,-0.0935,,-0.0883
1919-09-01,0.1156,-0.1462,0.3984,0.0630,-0.0335,0.0469,-0.0495,,0.0067
1919-10-01,0.0820,-0.2115,0.3573,0.0846,0.0165,-0.0731,-0.0155,,0.0005
1919-11-01,0.0650,-0.1933,0.3175,-0.2038,-0.2035,-0.0831,-0.1175,,-0.1605
1919-12-01,0.0549,-0.2923,0.2705,-0.1614,-0.2135,-0.0831,-0.1065,,-0.1339
1920-01-01,0.0758,-0.2670,0.3991,0.0811,-0.0435,0.1369,0.0555,,0.0683
1920-02-01,0.0597,-0.2986,0.4074,-0.1884,-0.0535,-0.0331,-0.0605,,-0.0570
1920-03-01,0.0822,-0.2109,0.4807,0.1882,0.0965,0.1269,0.0795,,0.1117
1920-04-01,0.1283,-0.1225,0.4494,0.0154,-0.0335,-0.0831,-0.0095,,-0.0215
1920-05-01,0.1758,-0.0671,0.4805,0.0962,-0.0535,0.0669,0.0235,,0.0452
1920-06-01,0.1568,-0.0934,0.3887,0.1051,-0.1435,0.0169,0.0825,,0.0497
1920-07-01,0.1379,-0.0760,0.3280,0.0389,-0.0935,-0.0431,-0.0185,,-0.0308
1920-08-01,0.1175,-0.1318,0.3281,0.1237,-0.0435,-0.0331,0.0535,,0.0102
1920-09-01,0.1068,-0.1351,0.3482,0.1521,-0.0035,0.0169,0.1285,,0.0727
1920-10-01,0.0822,-0.1406,0.2615,0.1350,-0.0535,0.0169,0.1025,,0.0597
1920-11-01,0.0086,-0.2570,0.3567,0.0183,-0.0635,-0.0631,0.0665,,-0.0224
1920-12-01,0.0470,-0.2380,0.3660,-0.1344,-0.2535,-0.2031,-0.1015,,-0.1688
1921-01-01,0.0771,-0.1819,0.3256,0.1274,0.1665,0.0869,0.0515,,0.1071
1921-02-01,0.0971,-0.1576,0.3548,0.0620,0.0365,-0.0631,0.0445,,0.0405
1921-03-01,0.0936,-0.1588,0.4093,0.0094,-0.0135,-0.0531,-0.0695,,-0.0333
1921-04-01,0.1356,-0.0808,0.2959,0.0634,-0.0835,-0.0431,-0.0215,,-0.0323
1921-05-01,0.1688,-0.0671,0.3840,0.0569,-0.0835,0.0069,-0.0475,,-0.0203
1921-06-01,0.1802,-0.0387,0.4160,0.1963,-0.0535,0.0469,0.0735,,0.0602
1921-07-01,0.1560,-0.0538,0.3947,0.2054,0.0665,0.0769,0.1855,,0.1312
1921-08-01,0.1335,-0.1480,0.3944,0.0401,-0.0535,-0.0131,0.1075,,0.0135
1921-09-01,0.1330,-0.0620,0.4405,0.1605,0.0265,-0.0031,0.1005,,0.0635
1921-10-01,0.0983,-0.2363,0.3456,0.2277,0.1865,0.0769,0.2315,,0.2071
1921-11-01,0.0755,-0.1648,0.3380,0.1632,0.0665,0.0869,0.1365,,0.1117
1921-12-01,0.0999,-0.1830,0.4186,0.0764,0.0365,0.0769,0.1355,,0.0766
1922-01-01,0.1126,-0.2298,0.4993,-0.0614,-0.1235,-0.0631,-0.0595,,-0.0623
1922-02-01,0.0735,-0.2994,0.3895,-0.0486,-0.2335,-0.2031,-0.0915,,-0.1473
1922-03-01,0.0748,-0.3383,0.4888,0.0264,0.0665,0.0269,0.0335,,0.0302
1922-04-01,0.1120,-0.1956,0.4244,0.0623,-0.0135,0.0269,0.0925,,0.0446
1922-05-01,0.1047,-0.1879,0.3343,-0.1111,-0.1135,-0.1231,-0.0905,,-0.1123
1922-06-01,0.1274,-0.1443,0.3607,0.0606,-0.0935,-0.0931,-0.0545,,-0.0738
1922-07-01,0.1101,-0.1531,0.3115,0.0936,-0.0535,-0.0731,0.0625,,0.0045
1922-08-01,0.0866,-0.1730,0.3099,0.0032,-0.1135,-0.1431,-0.0445,,-0.0790
1922-09-01,0.0880,-0.1813,0.3259,0.0409,-0.1335,-0.0731,-0.0415,,-0.0573
1922-10-01,0.0853,-0.1870,0.3468,0.0095,-0.0935,-0.0831,0.0125,,-0.0368
1922-11-01,0.0399,-0.2304,0.3692,0.1030,0.0765,0.1269,0.0315,,0.0897
1922-12-01,0.0280,-0.3197,0.4367,0.0496,0.0165,0.0869,0.0065,,0.0331
1923-01-01,0.0353,-0.3117,0.4206,-0.0473,-0.0535,-0.0631,-0.0345,,-0.0504
1923-02-01,0.0391,-0.4402,0.4282,-0.1317,-0.1735,-0.1031,-0.1355,,-0.1336
1923-03-01,0.0644,-0.3876,0.3868,-0.1024,-0.1235,-0.1831,-0.1535,,-0.1385
1923-04-01,0.1324,-0.1846,0.4335,-0.0505,-0.1935,-0.1031,-0.0925,,-0.0978
1923-05-01,0.1372,-0.2336,0.4359,-0.0435,-0.1235,-0.0831,-0.0135,,-0.0633
1923-06-01,0.1366,-0.1599,0.4166,0.0980,-0.0735,0.0169,0.1085,,0.0574
1923-07-01,0.1627,-0.1590,0.4321,-0.0572,-0.0935,-0.1431,0.0005,,-0.0753
1923-08-01,0.1347,-0.1396,0.3191,0.0361,-0.1235,-0.1531,-0.0075,,-0.0655
1923-09-01,0.1397,-0.0862,0.3380,0.0237,-0.0935,-0.0931,-0.0285,,-0.0608
1923-10-01,0.1214,-0.1622,0.4692,0.1886,0.0865,0.0069,0.1945,,0.1376
1923-11-01,0.0893,-0.2959,0.3998,0.3319,0.1965,0.1869,0.2695,,0.2330
1923-12-01,0.0898,-0.2070,0.4220,0.2657,0.1765,0.1669,0.3125,,0.2211
1924-01-01,0.0788,-0.3156,0.3792,0.0289,-0.0035,-0.0131,-0.0295,,-0.0083
1924-02-01,0.1050,-0.2493,0.4477,0.0474,-0.0135,-0.0031,0.0805,,0.0222
1924-03-01,0.1373,-0.2944,0.4278,0.1796,0.1265,0.0869,0.1685,,0.1475
1924-04-01,0.1354,-0.2881,0.4778,0.0190,-0.0835,-0.0131,-0.0665,,-0.0398
1924-05-01,0.1529,-0.1681,0.4373,0.1451,0.0365,0.0269,0.0615,,0.0490
1924-06-01,0.1529,-0.1415,0.4211,0.0873,-0.0435,-0.0131,0.0875,,0.0371
1924-07-01,0.1365,-0.0961,0.3785,0.0612,-0.0735,-0.1131,0.0215,,-0.0260
1924-08-01,0.1267,-0.1648,0.3231,0.0434,-0.1435,-0.1031,-0.0835,,-0.0933
1924-09-01,0.1070,-0.1835,0.3331,0.0319,-0.1035,-0.0831,-0.0145,,-0.0488
1924-10-01,0.0776,-0.2281,0.3532,-0.0021,-0.1335,-0.0731,0.0085,,-0.0376
1924-11-01,0.0392,-0.2661,0.3009,0.0739,0.0165,-0.0231,0.0525,,0.0345
1924-12-01,0.0350,-0.3638,0.2925,-0.1326,-0.2135,-0.1231,-0.1335,,-0.1330
1925-01-01,0.1194,-0.2911,0.3973,-0.1275,-0.1635,-0.2431,-0.1645,,-0.1640
1925-02-01,0.1137,-0.3642,0.4829,-0.1173,-0.1735,-0.1231,-0.1965,,-0.1483
1925-03-01,0.0968,-0.2337,0.3586,-0.0167,-0.0535,-0.0531,-0.0325,,-0.0428
1925-04-01,0.1345,-0.2322,0.4411,0.0563,-0.0435,0.0269,-0.0095,,0.0087
1925-05-01,0.1607,-0.2303,0.5239,0.0497,-0.0735,-0.0331,0.0515,,0.0083
1925-06-01,0.1584,-0.1413,0.3858,0.0169,-0.1135,-0.0431,0.0365,,-0.0131
1925-07-01,0.1465,-0.0802,0.3952,0.0197,-0.0535,-0.0231,0.0255,,-0.0017
1925-08-01,0.1133,-0.1913,0.4110,0.1914,0.0065,-0.0131,0.0955,,0.0510
1925-09-01,0.1203,-0.1499,0.3680,0.1031,0.0165,-0.0331,0.0675,,0.0420
1925-10-01,0.0964,-0.2369,0.4165,0.0747,0.0465,0.0569,0.1815,,0.0658
1925-11-01,0.0625,-0.2984,0.3794,0.3130,0.2665,0.1469,0.2275,,0.2470
1925-12-01,0.0749,-0.2940,0.3523,0.3756,0.2765,0.2169,0.3185,,0.2975
1926-01-01,0.0959,-0.3457,0.4900,0.4465,0.4265,0.3269,0.3925,,0.4095
1926-02-01,0.1135,-0.2281,0.4786,0.3330,0.2365,0.1769,0.2095,,0.2230
1926-03-01,0.1448,-0.1808,0.4635,0.3807,0.3265,0.3069,0.2805,,0.3167
1926-04-01,0.1419,-0.1333,0.4382,0.2000,0.0865,0.1669,0.1265,,0.1467
1926-05-01,0.1501,-0.1171,0.4420,0.0905,-0.0135,-0.0331,0.0635,,0.0250
1926-06-01,0.1784,-0.0851,0.4227,0.1765,-0.0435,0.0569,0.1315,,0.0942
1926-07-01,0.1527,-0.0628,0.3967,0.1481,-0.0535,-0.0531,0.0335,,-0.0098
1926-08-01,0.1339,-0.0608,0.3116,0.2557,0.0865,0.0369,0.1125,,0.0995
1926-09-01,0.1215,-0.1172,0.3689,0.2392,0.0765,0.0569,0.1565,,0.1165
1926-10-01,0.0909,-0.1670,0.3931,0.2884,0.1065,0.1969,0.3225,,0.2426
1926-11-01,0.0723,-0.1655,0.3279,0.2472,0.1465,0.0869,0.2175,,0.1820
1926-12-01,0.0811,-0.2329,0.3713,0.0402,-0.0835,-0.0631,0.0795,,-0.0115
1927-01-01,0.1158,-0.1215,0.4033,0.0469,-0.0535,-0.0731,0.0275,,-0.0130
1927-02-01,0.1109,-0.2043,0.4199,0.1506,0.0365,0.0569,0.1215,,0.0892
1927-03-01,0.1133,-0.1448,0.3794,-0.0513,-0.1735,-0.1831,-0.0535,,-0.1135
1927-04-01,0.1540,-0.0534,0.3920,0.0415,-0.0935,-0.1131,-0.0545,,-0.0740
1927-05-01,0.1792,-0.0675,0.4309,0.1259,-0.0435,-0.0231,0.0785,,0.0277
1927-06-01,0.1688,-0.0236,0.3604,0.1073,-0.0635,0.0169,0.0825,,0.0497
1927-07-01,0.1633,0.0021,0.3591,0.1461,0.0265,0.0169,0.1895,,0.0863
1927-08-01,0.1648,-0.1454,0.4399,0.1504,-0.0235,0.1369,0.1785,,0.1436
1927-09-01,0.1433,-0.0954,0.4152,0.2486,0.0965,0.0769,0.1405,,0.1185
1927-10-01,0.1129,-0.1634,0.3610,0.3357,0.2065,0.1969,0.3995,,0.2711
1927-11-01,0.0919,-0.2270,0.3716,0.2366,0.1565,0.1369,0.2625,,0.1966
1927-12-01,0.0954,-0.1723,0.4017,0.0373,-0.1135,-0.1331,-0.0175,,-0.0655
1928-01-01,0.1457,-0.1446,0.4604,0.3321,0.1965,0.1069,0.2675,,0.2320
1928-02-01,0.1428,-0.3293,0.4909,0.2342,0.1265,0.0669,0.1565,,0.1415
1928-03-01,0.2111,-0.2088,0.5708,0.0388,-0.0335,-0.0331,0.0175,,-0.0078
1928-04-01,0.2044,-0.1973,0.5258,0.1211,-0.0735,-0.0431,0.0545,,0.0057
1928-05-01,0.1905,-0.0631,0.4818,0.0549,-0.0835,-0.0231,0.0175,,-0.0028
1928-06-01,0.2045,-0.0853,0.4330,0.0250,-0.1735,-0.0031,0.0365,,0.0110
1928-07-01,0.1814,-0.0421,0.3552,0.1667,0.0165,-0.0031,0.1075,,0.0620
1928-08-01,0.1814,-0.0709,0.4146,0.1798,-0.0035,-0.0431,0.0895,,0.0430
1928-09-01,0.1921,-0.0264,0.4530,0.1508,0.0065,0.0669,0.1195,,0.0932
1928-10-01,0.1590,-0.1483,0.4895,0.1707,0.0265,0.0169,0.1595,,0.0930
1928-11-01,0.1370,-0.2108,0.4352,0.1843,0.1165,0.1069,0.1125,,0.1145
1928-12-01,0.1075,-0.2548,0.4641,0.1253,0.0565,0.0669,0.1405,,0.0961
1929-01-01,0.1556,-0.1540,0.4543,-0.0773,-0.2335,-0.1731,-0.0725,,-0.1252
1929-02-01,0.1889,-0.1665,0.4684,-0.2440,-0.3635,-0.2531,-0.2045,,-0.2485
1929-03-01,0.1472,-0.1830,0.4637,-0.1280,-0.1135,-0.0931,-0.1265,,-0.1200
1929-04-01,0.1815,-0.1124,0.5436,-0.0837,-0.2035,-0.1831,-0.1475,,-0.1653
1929-05-01,0.2122,-0.0964,0.5369,-0.0778,-0.1635,-0.1531,-0.1385,,-0.1458
1929-06-01,0.2381,-0.0200,0.5684,-0.0460,-0.2135,-0.1831,0.0395,,-0.1146
1929-07-01,0.1692,-0.1124,0.5232,-0.0782,-0.1535,-0.2131,-0.0815,,-0.1175
1929-08-01,0.1415,-0.0656,0.4583,0.0953,-0.1135,0.0069,0.1005,,0.0511
1929-09-01,0.1483,-0.0905,0.4665,0.0840,-0.0335,-0.0231,0.0085,,-0.0073
1929-10-01,0.1258,-0.1013,0.3670,0.1431,0.0765,0.0269,0.1425,,0.1095
1929-11-01,0.0953,-0.2244,0.4387,0.2200,0.0965,0.0469,0.1825,,0.1395
1929-12-01,0.0975,-0.1701,0.3827,-0.2050,-0.3335,-0.2731,-0.1705,,-0.2390
1930-01-01,0.1109,-0.1926,0.3596,-0.0014,-0.0935,-0.0731,0.0155,,-0.0373
1930-02-01,0.1356,-0.1946,0.4827,0.0195,-0.0535,-0.0331,0.0085,,-0.0123
1930-03-01,0.1407,-0.1631,0.4144,0.1129,0.1065,0.0369,0.1325,,0.1097
1930-04-01,0.1529,-0.0804,0.4347,0.1329,-0.0335,0.0469,0.0495,,0.0482
1930-05-01,0.1891,-0.0581,0.4202,0.1102,-0.0235,0.0269,0.1395,,0.0685
1930-06-01,0.1639,-0.0722,0.4115,0.1604,-0.0035,0.0469,0.2315,,0.1036
1930-07-01,0.1454,-0.0543,0.3407,0.1775,0.0065,0.1269,0.2105,,0.1522
1930-08-01,0.1131,-0.0711,0.3118,0.2670,0.0665,0.0369,0.2555,,0.1610
1930-09-01,0.1350,-0.0919,0.3687,0.2643,0.0665,0.0469,0.1815,,0.1240
1930-10-01,0.1355,-0.2057,0.3500,0.2760,0.0965,0.0969,0.2905,,0.1865
1930-11-01,0.0800,-0.2935,0.3246,0.4318,0.3865,0.3569,0.4395,,0.4092
1930-12-01,0.1228,-0.1767,0.4291,0.3015,0.1565,0.1669,0.2705,,0.2187
1931-01-01,0.1025,-0.2548,0.3800,0.2263,0.1065,0.1569,0.2145,,0.1857
1931-02-01,0.0883,-0.2574,0.4186,0.1108,0.0165,0.0269,0.0655,,0.0462
1931-03-01,0.1046,-0.1964,0.3394,0.2535,0.1065,0.0969,0.1365,,0.1215
1931-04-01,0.1276,-0.1839,0.4063,0.1909,-0.0135,0.0269,0.0885,,0.0577
1931-05-01,0.1771,-0.0846,0.4115,0.1633,0.0165,0.0369,0.0665,,0.0517
1931-06-01,0.1561,-0.1226,0.3790,0.3365,0.1365,0.1569,0.2525,,0.2047
1931-07-01,0.1315,-0.2278,0.4146,0.3507,0.1765,0.1569,0.3005,,0.2385
1931-08-01,0.1549,-0.1723,0.4066,0.3304,0.1765,0.1869,0.2555,,0.2212
1931-09-01,0.1527,-0.1699,0.4983,0.3080,0.1465,0.1869,0.2845,,0.2357
1931-10-01,0.0844,-0.3033,0.3647,0.3348,0.2765,0.1869,0.4035,,0.3056
1931-11-01,0.0852,-0.2268,0.3768,0.2191,0.1565,0.1669,0.2525,,0.1930
1931-12-01,0.1237,-0.2599,0.4039,0.2560,0.1665,0.1569,0.2405,,0.2035
1932-01-01,0.1399,-0.2038,0.4453,0.4399,0.3665,0.2969,0.3575,,0.3620
1932-02-01,0.1493,-0.1459,0.5616,0.1792,0.0465,-0.0231,0.0145,,0.0305
1932-03-01,0.1912,-0.0848,0.6000,0.1644,0.0365,0.0869,0.1145,,0.1007
1932-04-01,0.1714,-0.1230,0.5042,0.2948,0.1565,0.1369,0.2255,,0.1910
1932-05-01,0.2206,-0.0764,0.5297,0.1987,0.0365,0.0569,0.1555,,0.1062
1932-06-01,0.2083,-0.0896,0.5321,0.1036,-0.0735,0.0569,0.1205,,0.0802
1932-07-01,0.1950,-0.1956,0.5010,0.2273,-0.0335,0.0269,0.2065,,0.1167
1932-08-01,0.1644,-0.1299,0.4779,0.1698,-0.0035,-0.0831,0.1365,,0.0665
1932-09-01,0.1757,-0.2183,0.5018,0.3553,0.1065,0.1769,0.2735,,0.2252
1932-10-01,0.1615,-0.2287,0.4792,0.2634,0.1265,0.1069,0.2145,,0.1705
1932-11-01,0.0929,-0.3365,0.3463,0.0655,-0.0535,-0.0531,0.0525,,-0.0003
1932-12-01,0.0854,-0.3023,0.4433,0.0921,-0.0535,0.0269,0.1055,,0.0595
1933-01-01,0.0968,-0.2483,0.4196,0.1040,-0.0235,0.0469,0.0695,,0.0582
1933-02-01,0.1010,-0.3530,0.4002,0.0634,-0.0835,-0.0931,0.0275,,-0.0280
1933-03-01,0.1206,-0.2184,0.4413,0.0195,-0.0735,-0.0231,-0.0545,,-0.0388
1933-04-01,0.1578,-0.1871,0.4731,0.1186,-0.0235,-0.0031,0.0385,,0.0177
1933-05-01,0.1652,-0.1032,0.4096,0.1307,-0.0735,-0.0431,0.0525,,0.0047
1933-06-01,0.1895,-0.0451,0.4755,0.0894,-0.1235,-0.0331,0.0635,,0.0152
1933-07-01,0.1714,-0.1216,0.4591,0.1205,-0.0035,-0.0831,0.0655,,0.0310
1933-08-01,0.1488,-0.1457,0.4086,0.2505,-0.0235,-0.0231,0.1225,,0.0497
1933-09-01,0.1525,-0.1944,0.4568,0.0758,-0.0735,-0.1631,0.0175,,-0.0280
1933-10-01,0.1555,-0.0983,0.4218,0.1574,-0.0335,-0.0231,0.1925,,0.0671
1933-11-01,0.1086,-0.1885,0.3602,-0.0001,-0.0935,-0.1031,-0.0205,,-0.0570
1933-12-01,0.1169,-0.1317,0.3720,-0.1112,-0.2335,-0.2031,-0.1525,,-0.1778
1934-01-01,0.1687,-0.3640,0.6163,0.0834,0.0065,-0.0631,0.0325,,0.0195
1934-02-01,0.1367,-0.2657,0.4688,0.2641,0.1865,0.1069,0.2285,,0.2075
1934-03-01,0.1465,-0.2019,0.5016,-0.0233,-0.0735,-0.0631,-0.0505,,-0.0568
1934-04-01,0.1880,-0.0403,0.4683,0.0388,-0.0935,-0.0331,-0.0365,,-0.0348
1934-05-01,0.2112,0.0004,0.4283,0.2660,0.1165,0.1169,0.1595,,0.1382
1934-06-01,0.2116,-0.1578,0.4483,0.3166,0.0665,0.0769,0.2295,,0.1532
1934-07-01,0.1833,-0.2028,0.4023,0.2292,0.1065,0.0669,0.1945,,0.1505
1934-08-01,0.1669,-0.0954,0.4746,0.2964,0.0965,0.0669,0.1495,,0.1230
1934-09-01,0.1797,-0.0536,0.5129,0.2717,0.0665,0.1069,0.2065,,0.1567
1934-10-01,0.1358,-0.3414,0.4234,0.3265,0.1465,0.1569,0.3435,,0.2417
1934-11-01,0.0855,-0.2970,0.3698,0.4387,0.2465,0.2369,0.4345,,0.3405
1934-12-01,0.1104,-0.3317,0.4082,0.2932,0.1865,0.1369,0.2265,,0.2065
1935-01-01,0.1397,-0.2886,0.4071,0.0567,-0.1235,-0.0731,-0.0245,,-0.0488
1935-02-01,0.1693,-0.2316,0.4419,0.4585,0.3565,0.3269,0.3995,,0.3780
1935-03-01,0.1734,-0.1372,0.4493,0.1888,0.0765,0.0369,0.1085,,0.0925
1935-04-01,0.2052,-0.1927,0.5075,0.0848,-0.1635,-0.1431,0.0105,,-0.0663
1935-05-01,0.2395,-0.2191,0.5373,0.0949,-0.0735,-0.0531,0.0155,,-0.0188
1935-06-01,0.2303,-0.1055,0.4788,0.1943,-0.0535,-0.0531,0.1305,,0.0387
1935-07-01,0.2091,-0.0460,0.4391,0.2615,-0.0035,0.0869,0.2425,,0.1647
1935-08-01,0.1790,-0.0856,0.4089,0.2560,-0.0035,0.0869,0.1935,,0.1402
1935-09-01,0.1964,-0.0673,0.4730,0.2168,0.0065,0.1069,0.1685,,0.1377
1935-10-01,0.1888,-0.1461,0.4023,0.3460,0.1565,0.1369,0.2925,,0.2245
1935-11-01,0.1670,-0.2264,0.4256,0.0829,-0.0435,0.0169,0.0365,,0.0267
1935-12-01,0.1322,-0.2791,0.5756,0.1485,0.0465,0.0869,0.1135,,0.1002
1936-01-01,0.1630,-0.2477,0.5796,0.0073,-0.0635,-0.1031,-0.0145,,-0.0390
1936-02-01,0.1507,-0.3035,0.4924,0.0651,-0.1635,-0.0731,-0.0195,,-0.0463
1936-03-01,0.1773,-0.3615,0.5197,0.0761,0.0065,-0.0031,0.0525,,0.0295
1936-04-01,0.1935,-0.3118,0.6202,0.2128,0.0065,0.0669,0.1165,,0.0917
1936-05-01,0.2454,-0.1287,0.5608,0.2341,0.0565,0.0469,0.1355,,0.0960
1936-06-01,0.2287,-0.1274,0.5533,0.2527,-0.0035,0.0569,0.2165,,0.1367
1936-07-01,0.1904,-0.1384,0.6165,0.3334,0.1165,0.1669,0.2855,,0.2262
1936-08-01,0.1774,-0.1211,0.5425,0.3293,0.0765,0.2169,0.2855,,0.2512
1936-09-01,0.1885,-0.1631,0.5780,0.2942,0.1265,0.0969,0.2505,,0.1885
1936-10-01,0.1513,-0.3401,0.4968,0.3631,0.1865,0.2069,0.3785,,0.2850
1936-11-01,0.1474,-0.3341,0.4073,0.3519,0.2265,0.1469,0.2625,,0.2445
1936-12-01,0.1080,-0.3897,0.4765,0.3059,0.2065,0.1769,0.3175,,0.2562
1937-01-01,0.1600,-0.2256,0.5195,0.2911,0.1365,0.1269,0.2125,,0.1745
1937-02-01,0.1127,-0.3671,0.5774,0.4808,0.2465,0.2369,0.3575,,0.3020
1937-03-01,0.1628,-0.1744,0.4808,0.1431,0.0065,0.0069,0.1455,,0.0750
1937-04-01,0.1952,-0.1682,0.5286,0.2840,0.0565,0.0269,0.2155,,0.1360
1937-05-01,0.2073,-0.1648,0.4937,0.3140,0.1565,0.1369,0.2125,,0.1845
1937-06-01,0.2111,-0.0923,0.5307,0.3991,0.1665,0.1569,0.3215,,0.2440
1937-07-01,0.1766,-0.1810,0.4478,0.4276,0.1765,0.1769,0.4005,,0.2887
1937-08-01,0.1665,-0.1032,0.4505,0.4407,0.2265,0.2369,0.3785,,0.3077
1937-09-01,0.1687,-0.1606,0.4168,0.5457,0.3065,0.2969,0.4855,,0.3960
1937-10-01,0.1391,-0.2953,0.4301,0.5326,0.2965,0.2869,0.5365,,0.4145
1937-11-01,0.1286,-0.3713,0.4581,0.4702,0.2865,0.2769,0.4115,,0.3490
1937-12-01,0.1320,-0.2227,0.4598,0.3300,0.1365,0.1169,0.2955,,0.2160
1938-01-01,0.1945,-0.1610,0.4993,0.4454,0.2965,0.2169,0.3585,,0.3275
1938-02-01,0.1942,-0.1805,0.5760,0.3883,0.2465,0.2269,0.3545,,0.3005
1938-03-01,0.1892,-0.2174,0.5133,0.3826,0.3165,0.2869,0.3425,,0.3295
1938-04-01,0.1928,-0.2998,0.4793,0.4446,0.2765,0.2669,0.2935,,0.2850
1938-05-01,0.2051,-0.2605,0.4465,0.3084,0.1165,0.1169,0.2215,,0.1692
1938-06-01,0.2274,-0.1665,0.5110,0.3127,0.0465,0.0269,0.1795,,0.1130
1938-07-01,0.2080,-0.1180,0.4966,0.3588,0.1165,0.1569,0.2825,,0.2197
1938-08-01,0.1769,-0.1971,0.4729,0.3989,0.1565,0.1569,0.2725,,0.2147
1938-09-01,0.1805,-0.1543,0.4375,0.4249,0.2265,0.2469,0.3765,,0.3117
1938-10-01,0.1588,-0.2648,0.4330,0.5621,0.3565,0.2869,0.5155,,0.4360
1938-11-01,0.1481,-0.3270,0.3876,0.4583,0.2865,0.2669,0.3955,,0.3410
1938-12-01,0.1549,-0.2582,0.4459,0.2027,0.0865,0.0469,0.1805,,0.1335
1939-01-01,0.1785,-0.2710,0.5209,0.2823,0.1565,0.1469,0.2235,,0.1900
1939-02-01,0.1692,-0.1494,0.4629,0.2891,0.1465,0.1269,0.1865,,0.1665
1939-03-01,0.1686,-0.1165,0.4928,0.1150,0.0365,-0.0431,0.0505,,0.0435
1939-04-01,0.2182,-0.0871,0.5007,0.2983,0.1165,0.0369,0.2495,,0.1830
1939-05-01,0.2057,-0.0906,0.4938,0.3747,0.1665,0.1469,0.3625,,0.2645
1939-06-01,0.2024,-0.2007,0.3859,0.4237,0.1465,0.1669,0.3805,,0.2737
1939-07-01,0.1904,-0.1095,0.4470,0.3733,0.1565,0.2569,0.3035,,0.2802
1939-08-01,0.1971,-0.0448,0.4753,0.3836,0.1465,0.2469,0.3345,,0.2907
1939-09-01,0.1858,-0.0241,0.3956,0.4155,0.1365,0.2469,0.3695,,0.3082
1939-10-01,0.1625,-0.0053,0.4291,0.3308,0.1765,0.1469,0.2915,,0.2340
1939-11-01,0.1404,-0.1786,0.3933,0.4825,0.2865,0.2869,0.3595,,0.3232
1939-12-01,0.1721,-0.1999,0.4775,0.7991,0.6365,0.6169,0.6835,,0.6600
1940-01-01,0.2290,-0.1625,0.5385,0.4047,0.2065,0.2669,0.3755,0.0133,0.2669
1940-02-01,0.2253,-0.1540,0.5674,0.5364,0.2965,0.3769,0.4625,0.0979,0.3769
1940-03-01,0.1971,-0.1811,0.5703,0.4118,0.3065,0.2569,0.4425,0.0678,0.3065
1940-04-01,0.2225,-0.1879,0.4890,0.5855,0.3865,0.4369,0.4795,0.3048,0.4369
1940-05-01,0.2305,-0.0818,0.5349,0.4716,0.3265,0.3669,0.4255,0.3490,0.3669
1940-06-01,0.2558,-0.0665,0.5278,0.4821,0.3265,0.2269,0.4265,0.1630,0.3265
1940-07-01,0.2387,-0.0643,0.5366,0.5777,0.3365,0.2569,0.4595,0.3515,0.3515
1940-08-01,0.1977,-0.1426,0.5127,0.5195,0.2765,0.2569,0.3905,0.3022,0.3022
1940-09-01,0.1758,-0.2037,0.4160,0.5420,0.3665,0.3469,0.4385,0.1712,0.3665
1940-10-01,0.1611,-0.2939,0.3863,0.5072,0.3265,0.3669,0.4375,0.0369,0.3669
1940-11-01,0.1337,-0.2744,0.4172,0.4163,0.3765,0.3569,0.3295,0.1335,0.3569
1940-12-01,0.1478,-0.2081,0.4641,0.6262,0.5265,0.4769,0.4925,0.3291,0.4925
1941-01-01,0.2198,-0.1493,0.6197,0.3380,0.3865,0.3169,0.1465,0.2775,0.3169
1941-02-01,0.2467,-0.1679,0.6059,0.4820,0.5165,0.4569,0.3265,0.4213,0.4569
1941-03-01,0.2177,-0.1816,0.5495,0.2432,0.3165,0.2869,0.2245,0.2392,0.2432
1941-04-01,0.2431,-0.1294,0.5547,0.3893,0.3765,0.4269,0.2525,0.1028,0.3765
1941-05-01,0.2489,-0.1520,0.5038,0.4198,0.3765,0.3569,0.3015,0.2580,0.3569
1941-06-01,0.2596,-0.0560,0.4675,0.4137,0.3365,0.3769,0.3775,0.3384,0.3769
1941-07-01,0.2100,-0.1150,0.4392,0.5189,0.4265,0.3969,0.4795,0.2583,0.4265
1941-08-01,0.2024,-0.0874,0.4605,0.4015,0.3565,0.3769,0.3225,0.3265,0.3565
1941-09-01,0.2208,-0.0038,0.4009,0.1964,0.2365,0.2769,0.1475,-0.0481,0.1964
1941-10-01,0.2035,-0.0331,0.4031,0.5458,0.5665,0.5069,0.4755,0.3419,0.5069
1941-11-01,0.1891,-0.1676,0.4430,0.3227,0.4365,0.3769,0.3045,0.1082,0.3227
1941-12-01,0.1752,-0.1947,0.4899,0.4306,0.4265,0.5169,0.3445,0.2377,0.4265
1942-01-01,0.2387,-0.1796,0.6210,0.5784,0.5065,0.4869,0.4785,0.3972,0.4869
1942-02-01,0.2207,-0.2136,0.5950,0.3398,0.2365,0.1469,0.1975,0.1678,0.1975
1942-03-01,0.2076,-0.1715,0.4684,0.2803,0.2665,0.2669,0.2365,0.2443,0.2665
1942-04-01,0.2606,-0.0467,0.5103,0.3227,0.3065,0.2469,0.1805,0.1061,0.2469
1942-05-01,0.2736,0.0243,0.4940,0.4520,0.3265,0.2869,0.2905,0.2566,0.2905
1942-06-01,0.2581,0.0648,0.4701,0.3568,0.2565,0.2769,0.2845,0.1515,0.2769
1942-07-01,0.2346,0.0270,0.4812,0.2678,0.2165,0.1669,0.1875,0.0765,0.1875
1942-08-01,0.2226,-0.0373,0.5269,0.2661,0.1765,0.2169,0.1515,0.0530,0.1765
1942-09-01,0.2141,-0.0051,0.4981,0.3105,0.1865,0.2569,0.2395,0.0647,0.2395
1942-10-01,0.1875,-0.2143,0.5862,0.2332,0.2265,0.2069,0.2475,0.1286,0.2265
1942-11-01,0.1852,-0.1664,0.5918,0.2645,0.3065,0.2469,0.2195,0.0183,0.2469
1942-12-01,0.1658,-0.1560,0.4972,0.2414,0.3265,0.2569,0.2655,0.1094,0.2569
1943-01-01,0.2224,-0.2178,0.6218,0.1326,0.2065,0.1169,0.1725,0.1410,0.1410
1943-02-01,0.1884,-0.3687,0.6714,0.2968,0.3865,0.2469,0.3005,0.2804,0.2968
1943-03-01,0.2018,-0.2551,0.6906,0.1589,0.1765,0.1769,0.1055,0.0675,0.1589
1943-04-01,0.2335,-0.2791,0.6947,0.3479,0.3265,0.3369,0.2625,0.1374,0.3265
1943-05-01,0.2274,-0.1708,0.6334,0.3575,0.2765,0.2269,0.2515,0.2355,0.2515
1943-06-01,0.2287,-0.1616,0.5236,0.2436,0.1665,0.0969,0.2485,0.0686,0.1665
1943-07-01,0.2325,-0.0780,0.5485,0.3428,0.2965,0.2669,0.2435,0.0592,0.2669
1943-08-01,0.1944,-0.1342,0.5294,0.3487,0.2165,0.2669,0.2985,0.0248,0.2669
1943-09-01,0.1927,-0.0911,0.4818,0.3027,0.2665,0.2069,0.2815,0.0962,0.2665
1943-10-01,0.1942,-0.1243,0.4487,0.5466,0.4465,0.4469,0.5415,0.2004,0.4469
1943-11-01,0.1759,-0.2020,0.5017,0.4209,0.4165,0.3669,0.3775,0.2164,0.3775
1943-12-01,0.1529,-0.2666,0.4525,0.4259,0.4465,0.4069,0.3825,0.3188,0.4069
1944-01-01,0.2066,-0.1321,0.5446,0.6399,0.5765,0.4869,0.5095,0.5688,0.5688
1944-02-01,0.2390,-0.0901,0.4949,0.4392,0.4565,0.4569,0.4105,0.4561,0.4561
1944-03-01,0.2186,-0.0582,0.4922,0.4328,0.4765,0.4469,0.4195,0.4943,0.4469
1944-04-01,0.2606,-0.0950,0.5422,0.3560,0.4065,0.3369,0.3145,0.2791,0.3369
1944-05-01,0.2541,-0.0200,0.5000,0.4337,0.3965,0.3669,0.3895,0.2670,0.3895
1944-06-01,0.2508,0.0204,0.5049,0.4183,0.3665,0.3569,0.2955,0.3144,0.3569
1944-07-01,0.2304,-0.0761,0.4804,0.4638,0.3865,0.2969,0.3665,0.2690,0.3665
1944-08-01,0.1944,-0.0631,0.4189,0.5208,0.3965,0.3169,0.4445,0.3328,0.3965
1944-09-01,0.1806,-0.1450,0.4298,0.4794,0.4965,0.4469,0.4995,0.3936,0.4794
1944-10-01,0.1860,-0.1304,0.4957,0.5230,0.4765,0.4169,0.5245,0.3906,0.4765
1944-11-01,0.1516,-0.0806,0.5075,0.4024,0.3265,0.3169,0.3015,0.2008,0.3169
1944-12-01,0.1639,-0.2232,0.5350,0.3959,0.2565,0.4069,0.3855,0.1672,0.3855
1945-01-01,0.1949,-0.2606,0.5732,0.4049,0.3165,0.3469,0.3275,0.2143,0.3275
1945-02-01,0.1681,-0.2496,0.5902,0.3589,0.2265,0.2969,0.2485,0.0444,0.2485
1945-03-01,0.1909,-0.1201,0.5536,0.3471,0.2765,0.3169,0.2185,0.1434,0.2765
1945-04-01,0.2283,-0.1586,0.5739,0.5216,0.4165,0.4869,0.3615,0.2452,0.4165
1945-05-01,0.2569,-0.1045,0.5542,0.2524,0.2765,0.2769,0.2265,0.1318,0.2524
1945-06-01,0.2397,-0.1153,0.4773,0.2730,0.2265,0.3069,0.2775,0.2981,0.2775
1945-07-01,0.2429,-0.1211,0.5118,0.3169,0.2565,0.1869,0.2625,0.1535,0.2565
1945-08-01,0.2051,-0.0795,0.5085,0.5514,0.4765,0.4869,0.4575,0.4661,0.4765
1945-09-01,0.2141,-0.2446,0.4566,0.4209,0.4265,0.3069,0.3205,0.2803,0.3205
1945-10-01,0.1833,-0.2519,0.4090,0.4087,0.4065,0.3269,0.4975,0.2922,0.4065
1945-11-01,0.1401,-0.2146,0.4236,0.3158,0.2865,0.2669,0.2915,0.1360,0.2865
1945-12-01,0.1373,-0.2486,0.5331,0.1163,0.1465,0.1269,0.1215,0.0615,0.1215
1946-01-01,0.1777,-0.2394,0.5343,0.3869,0.3665,0.4269,0.2805,0.3381,0.3665
1946-02-01,0.1718,-0.2196,0.5576,0.2216,0.2465,0.1969,0.0895,0.2381,0.2216
1946-03-01,0.2107,-0.0833,0.5221,0.2158,0.2265,0.1469,0.1905,0.3009,0.2158
1946-04-01,0.2407,0.0151,0.5364,0.3410,0.2765,0.2369,0.2645,0.2860,0.2765
1946-05-01,0.2383,-0.0159,0.5482,0.2621,0.1465,0.1669,0.2295,0.3112,0.2295
1946-06-01,0.2432,-0.0007,0.4960,0.0767,0.0065,0.0569,0.0465,0.1929,0.0569
1946-07-01,0.2330,0.0071,0.4528,0.2326,0.0965,0.1569,0.1915,0.2236,0.1915
1946-08-01,0.2122,-0.0376,0.5222,0.1882,0.0165,0.0569,0.1475,0.1315,0.1315
1946-09-01,0.1871,-0.1937,0.4572,0.2484,0.1465,0.2469,0.2025,0.1521,0.2025
1946-10-01,0.1849,-0.1142,0.4609,0.2747,0.1365,0.1569,0.2745,0.0723,0.1569
1946-11-01,0.1618,-0.1216,0.4517,0.2312,0.1565,0.1969,0.1985,0.1680,0.1969
1946-12-01,0.1773,-0.1564,0.4171,-0.0001,-0.0935,0.0169,0.0265,0.0886,0.0169
1947-01-01,0.1905,-0.1831,0.5610,0.1918,0.1465,0.2069,0.2095,0.3253,0.2069
1947-02-01,0.1714,-0.2460,0.5480,0.1997,0.1365,0.1769,0.1995,0.2384,0.1995
1947-03-01,0.2016,-0.2193,0.5359,0.2681,0.2765,0.2169,0.3435,0.3740,0.2765
1947-04-01,0.2080,-0.1185,0.4761,0.2868,0.2765,0.2569,0.2565,0.3957,0.2765
1947-05-01,0.2289,-0.0120,0.4669,0.2743,0.1965,0.1769,0.1935,0.2958,0.1965
1947-06-01,0.2241,-0.0166,0.4887,0.2547,0.1965,0.1669,0.3215,0.3122,0.2547
1947-07-01,0.2096,-0.0497,0.4870,0.2791,0.1765,0.2069,0.2655,0.2591,0.2591
1947-08-01,0.1865,-0.0458,0.4468,0.2300,0.1465,0.0969,0.1475,0.1375,0.1465
1947-09-01,0.1948,-0.1007,0.4996,0.1823,0.0965,0.0969,0.1725,0.1142,0.1142
1947-10-01,0.1825,-0.0607,0.4348,0.3811,0.2865,0.2069,0.3495,0.2704,0.2865
1947-11-01,0.1537,-0.3266,0.5022,0.3728,0.2365,0.2069,0.2905,0.2017,0.2365
1947-12-01,0.1948,-0.1873,0.4963,0.1117,0.0865,0.0869,0.1235,0.1134,0.1117
1948-01-01,0.2119,-0.1187,0.5299,0.3248,0.2765,0.2069,0.2555,0.3082,0.2765
1948-02-01,0.2317,-0.1866,0.5375,0.1070,0.0665,0.1069,0.0895,0.1154,0.1069
1948-03-01,0.2485,-0.2149,0.5671,0.0563,-0.0235,0.0469,0.0255,0.0606,0.0469
1948-04-01,0.2686,-0.0810,0.6546,0.2270,0.0965,0.1369,0.0915,0.1675,0.1369
1948-05-01,0.2731,-0.0683,0.5709,0.3988,0.2065,0.3169,0.3835,0.3196,0.3196
1948-06-01,0.3008,-0.0330,0.5926,0.3327,0.1665,0.1169,0.2875,0.2290,0.2290
1948-07-01,0.2512,-0.0301,0.5841,0.2118,0.1065,0.1769,0.1925,0.2065,0.1925
1948-08-01,0.2222,-0.1501,0.4851,0.2963,0.0965,0.1969,0.2475,0.2308,0.2308
1948-09-01,0.2331,-0.1237,0.5086,0.2065,0.0765,0.0969,0.1635,0.0900,0.0969
1948-10-01,0.2278,-0.0990,0.5446,0.2853,0.1665,0.1969,0.2715,0.2664,0.2664
1948-11-01,0.2168,-0.1585,0.5663,0.1669,0.0865,0.1469,0.1095,0.2724,0.1469
1948-12-01,0.2148,-0.0899,0.5424,-0.0045,-0.0235,-0.0631,-0.0045,0.0324,-0.0045
1949-01-01,0.2530,-0.0300,0.6994,0.3167,0.2765,0.2769,0.2965,0.4162,0.2965
1949-02-01,0.2493,-0.1549,0.6554,0.0978,0.0765,0.0869,0.0195,0.2156,0.0869
1949-03-01,0.2665,-0.0179,0.5552,0.2245,0.1965,0.1869,0.1275,0.2537,0.1965
1949-04-01,0.2924,-0.1547,0.6378,0.1874,0.1065,0.1369,0.1135,0.1765,0.1369
1949-05-01,0.3281,-0.0705,0.6676,0.2259,0.1165,0.1869,0.1855,0.2565,0.1869
1949-06-01,0.3131,-0.0786,0.6139,0.1008,-0.0535,0.0469,0.1185,0.1475,0.1008
1949-07-01,0.2817,-0.1026,0.5556,0.1542,0.0865,0.1069,0.1335,0.2438,0.1335
1949-08-01,0.2538,-0.1390,0.5613,0.2579,0.0865,0.1469,0.1675,0.1353,0.1469
1949-09-01,0.2548,-0.2013,0.5519,0.2072,0.0765,0.0469,0.1245,0.1727,0.1245
1949-10-01,0.1956,-0.2961,0.4930,0.2427,0.1465,0.1269,0.2035,0.1825,0.1825
1949-11-01,0.2205,-0.3789,0.5420,0.1485,0.1165,0.1069,0.1205,0.2388,0.1205
1949-12-01,0.1961,-0.4533,0.5895,0.1205,0.0365,0.1369,0.1695,0.2583,0.1369
1950-01-01,0.2416,-0.2840,0.5854,0.0322,-0.0435,0.0069,-0.0845,0.0481,0.0069
1950-02-01,0.2426,-0.1674,0.5846,-0.0379,-0.0535,-0.0531,-0.1295,0.0278,-0.0531
1950-03-01,0.2901,-0.1544,0.7385,0.1130,0.1365,0.1569,0.0645,0.1790,0.1365
1950-04-01,0.2912,-0.0561,0.6683,0.0893,0.0065,0.0069,0.0395,0.0729,0.0395
1950-05-01,0.2845,-0.1194,0.6320,0.1865,0.1065,0.1669,0.1905,0.1635,0.1669
1950-06-01,0.2717,-0.1937,0.5959,0.2273,0.1665,0.1069,0.1975,0.1911,0.1911
1950-07-01,0.2396,-0.2040,0.5271,0.2214,0.1265,0.1269,0.2205,0.0886,0.1269
1950-08-01,0.2359,-0.1945,0.5658,0.1752,0.0565,0.0669,0.1555,-0.0152,0.0669
1950-09-01,0.2211,-0.2471,0.6226,0.0851,0.1065,0.0969,0.0755,0.1411,0.0969
1950-10-01,0.2274,-0.1542,0.5200,0.1309,0.0165,0.0069,0.1685,0.2035,0.1309
1950-11-01,0.2210,-0.3192,0.5697,-0.0499,-0.1235,-0.1031,-0.0635,-0.0082,-0.0635
1950-12-01,0.2045,-0.3423,0.6213,0.0755,-0.0035,-0.0131,0.0625,0.2668,0.0625
1951-01-01,0.2410,-0.2549,0.5434,-0.0255,-0.1235,-0.1331,-0.1145,0.0404,-0.1145
1951-02-01,0.2442,-0.3181,0.6417,-0.1747,-0.1935,-0.1931,-0.1885,-0.0814,-0.1885
1951-03-01,0.2430,-0.1318,0.5401,0.0691,0.0165,0.0569,0.0535,0.1077,0.0569
1951-04-01,0.2647,-0.1219,0.5172,0.2135,0.0765,0.0669,0.1505,0.1908,0.1505
1951-05-01,0.2897,-0.1421,0.5653,0.3652,0.2165,0.2169,0.3135,0.4532,0.3135
1951-06-01,0.2844,-0.1361,0.5635,0.3941,0.1465,0.2169,0.3845,0.3311,0.3311
1951-07-01,0.2501,-0.1704,0.5221,0.3715,0.2065,0.1969,0.2915,0.1340,0.2065
1951-08-01,0.2173,-0.1599,0.4939,0.4552,0.2765,0.3169,0.3975,0.3132,0.3169
1951-09-01,0.2220,-0.2114,0.5025,0.4675,0.2665,0.3169,0.3845,0.3132,0.3169
1951-10-01,0.2262,-0.2051,0.5518,0.4613,0.2965,0.3369,0.5085,0.3682,0.3682
1951-11-01,0.2387,-0.1866,0.5682,0.2642,0.2065,0.1769,0.2525,0.3129,0.2525
1951-12-01,0.2160,-0.1440,0.5485,0.4099,0.3665,0.3669,0.4275,0.4646,0.4099
1952-01-01,0.2541,-0.0758,0.5817,0.4359,0.3265,0.3169,0.4195,0.4488,0.4195
1952-02-01,0.2531,-0.1284,0.6343,0.4093,0.3265,0.3169,0.3475,0.3641,0.3475
1952-03-01,0.2602,-0.1527,0.6334,0.1785,0.1365,0.1469,0.1865,0.2100,0.1785
1952-04-01,0.2957,-0.0757,0.6934,0.3853,0.2465,0.2769,0.3255,0.2036,0.2769
1952-05-01,0.3022,-0.1838,0.6268,0.3646,0.1865,0.1969,0.3465,0.3009,0.3009
1952-06-01,0.2895,-0.1212,0.5799,0.3625,0.1865,0.1769,0.3395,0.2872,0.2872
1952-07-01,0.2544,-0.1549,0.5468,0.4319,0.2565,0.2169,0.3685,0.2603,0.2603
1952-08-01,0.2431,-0.2131,0.5529,0.4405,0.2665,0.2269,0.3775,0.1145,0.2665
1952-09-01,0.2355,-0.1576,0.5347,0.4333,0.2865,0.2469,0.4025,0.1934,0.2865
1952-10-01,0.2055,-0.1660,0.5306,0.3214,0.2165,0.2069,0.3545,0.1582,0.2165
1952-11-01,0.2094,-0.2093,0.5670,0.2141,0.0865,0.1169,0.1675,-0.0186,0.1169
1952-12-01,0.1798,-0.1549,0.5338,0.3021,0.1965,0.2069,0.2865,0.2270,0.2270
1953-01-01,0.2442,-0.0809,0.5904,0.3355,0.2865,0.2869,0.3065,0.3064,0.3064
1953-02-01,0.2564,-0.0894,0.6282,0.4401,0.3665,0.3769,0.4395,0.3569,0.3769
1953-03-01,0.2776,-0.0477,0.5529,0.3581,0.3265,0.3369,0.3325,0.3006,0.3325
1953-04-01,0.2858,-0.0929,0.5876,0.5707,0.4065,0.4069,0.5355,0.4073,0.4073
1953-05-01,0.2888,0.0018,0.5580,0.4959,0.3265,0.3469,0.5235,0.4755,0.4755
1953-06-01,0.2998,-0.0440,0.6005,0.4888,0.3365,0.3069,0.4805,0.3069,0.3365
1953-07-01,0.2667,-0.1159,0.5704,0.3882,0.2265,0.1869,0.3745,0.2999,0.2999
1953-08-01,0.2643,0.0358,0.5895,0.4342,0.2665,0.1969,0.3745,0.2716,0.2716
1953-09-01,0.2577,-0.0576,0.5111,0.4310,0.2665,0.1869,0.3395,0.1739,0.2665
1953-10-01,0.2272,-0.1034,0.5139,0.4306,0.2965,0.2569,0.4125,0.2523,0.2965
1953-11-01,0.2136,-0.0995,0.5546,0.3364,0.1865,0.1869,0.2645,0.1991,0.1991
1953-12-01,0.2050,-0.1829,0.4994,0.3673,0.2665,0.2669,0.3945,0.3335,0.3335
1954-01-01,0.2154,-0.1581,0.6497,0.1012,-0.0235,0.0469,0.0645,0.0833,0.0645
1954-02-01,0.2169,-0.1851,0.5798,0.2535,0.1165,0.1769,0.1975,0.1690,0.1769
1954-03-01,0.2849,-0.1412,0.6980,0.1617,0.0665,0.0969,0.1655,0.2051,0.1617
1954-04-01,0.2832,0.0019,0.5678,0.2279,0.0765,0.0269,0.1225,0.1367,0.1225
1954-05-01,0.2988,0.0058,0.6236,0.1731,0.0165,0.0269,0.1355,0.2210,0.1355
1954-06-01,0.3008,0.0659,0.6200,0.2127,0.0365,0.0969,0.2545,0.1017,0.1017
1954-07-01,0.2571,0.0086,0.5883,0.1469,0.0265,0.0569,0.1925,0.0698,0.0698
1954-08-01,0.2558,0.0100,0.5332,0.2422,0.0465,0.0969,0.1705,-0.0009,0.0969
1954-09-01,0.2324,0.0211,0.4859,0.2275,0.1165,0.0769,0.1385,-0.0692,0.1165
1954-10-01,0.2230,-0.0891,0.5650,0.3316,0.1965,0.1769,0.3365,0.0785,0.1965
1954-11-01,0.1922,-0.1814,0.5280,0.4614,0.2965,0.2569,0.3625,0.2095,0.2965
1954-12-01,0.2185,-0.0496,0.5287,0.1793,0.0365,0.0969,0.1745,0.1163,0.1163
1955-01-01,0.2347,-0.1418,0.6230,0.4531,0.3465,0.3569,0.3855,0.3778,0.3778
1955-02-01,0.2440,-0.0492,0.5387,0.1538,0.0565,0.0069,0.0565,0.0481,0.0565
1955-03-01,0.2203,-0.1148,0.5347,-0.0534,-0.1035,-0.0731,-0.0855,-0.0719,-0.0731
1955-04-01,0.2660,-0.0596,0.6231,0.1131,-0.0035,-0.0031,0.0335,0.0651,0.0335
1955-05-01,0.2705,-0.0329,0.6681,0.1052,0.0165,0.0069,0.0295,0.1456,0.0295
1955-06-01,0.2780,-0.0580,0.5830,0.1615,0.0865,0.0569,0.1375,0.1115,0.1115
1955-07-01,0.2652,-0.0333,0.5550,0.1296,0.1065,0.0369,0.0975,0.0386,0.0975
1955-08-01,0.2387,-0.0882,0.5216,0.2497,0.2365,0.2269,0.3935,0.2015,0.2365
1955-09-01,0.2382,-0.0458,0.5225,0.1952,0.1065,0.0669,0.1475,0.1226,0.1226
1955-10-01,0.2137,-0.1126,0.5730,0.2246,0.1665,0.1069,0.2115,0.1123,0.1665
1955-11-01,0.1952,-0.1674,0.5086,0.0165,-0.0335,-0.0831,-0.0095,-0.0274,-0.0274
1955-12-01,0.1901,-0.2303,0.5362,-0.0267,-0.0635,-0.1231,-0.0275,-0.0172,-0.0275
1956-01-01,0.2282,-0.0397,0.5810,0.1039,0.0865,0.0769,0.1265,0.2022,0.1039
1956-02-01,0.2012,-0.1761,0.4701,0.0543,-0.0235,0.0269,0.0265,0.0736,0.0269
1956-03-01,0.2472,-0.0641,0.6441,-0.0235,0.0065,0.0269,-0.0435,0.1099,0.0065
1956-04-01,0.2670,0.0128,0.5841,0.0326,-0.0635,-0.0531,-0.0205,0.0300,-0.0205
1956-05-01,0.2628,-0.0046,0.5798,0.0013,-0.0735,-0.0731,-0.0155,0.0285,-0.0155
1956-06-01,0.2718,-0.0441,0.5564,0.1112,0.0665,0.0269,0.0595,0.0316,0.0595
1956-07-01,0.2413,-0.0723,0.5518,0.1287,0.1265,0.0569,0.1385,0.0212,0.1265
1956-08-01,0.2300,-0.1398,0.5423,0.0494,-0.0335,-0.0731,-0.0395,-0.0823,-0.0395
1956-09-01,0.2119,-0.1295,0.5235,0.0664,0.0265,-0.0231,0.0015,-0.1157,0.0015
1956-10-01,0.1901,-0.2608,0.5188,0.0763,-0.0135,-0.0731,0.0435,-0.1364,-0.0135
1956-11-01,0.1567,-0.2604,0.5404,0.1206,0.0665,0.0469,0.0745,0.0392,0.0665
1956-12-01,0.1815,-0.1953,0.4865,0.1833,0.1565,0.1569,0.2265,0.1819,0.1819
1957-01-01,0.2758,-0.1868,0.5736,0.1224,0.1265,0.1369,0.1015,0.1711,0.1265
1957-02-01,0.2297,-0.2243,0.5988,0.1819,0.1865,0.1169,0.1465,0.1681,0.1681
1957-03-01,0.2412,-0.2552,0.6189,0.1415,0.1665,0.0969,0.1195,0.1490,0.1415
1957-04-01,0.2892,0.0061,0.6730,0.2978,0.2165,0.2169,0.2455,0.2496,0.2455
1957-05-01,0.2743,-0.0582,0.6452,0.3721,0.3065,0.2669,0.3645,0.3226,0.3226
1957-06-01,0.2997,0.0220,0.5686,0.4044,0.3665,0.3069,0.4215,0.3597,0.3665
1957-07-01,0.2645,-0.0472,0.5340,0.2753,0.2365,0.2269,0.2465,0.2246,0.2365
1957-08-01,0.2407,-0.1953,0.5593,0.4090,0.3665,0.3069,0.3635,0.2739,0.3635
1957-09-01,0.2392,-0.0735,0.5173,0.3767,0.3065,0.2769,0.2845,0.2721,0.2845
1957-10-01,0.2211,-0.0184,0.5185,0.3398,0.2265,0.2569,0.3575,0.3287,0.3287
1957-11-01,0.1679,-0.1834,0.4360,0.3351,0.2965,0.2369,0.3235,0.3825,0.3235
1957-12-01,0.1953,-0.1274,0.5559,0.3914,0.3665,0.3169,0.3695,0.4698,0.3695
1958-01-01,0.2492,-0.1623,0.6429,0.5964,0.6065,0.5369,0.5485,0.6632,0.5964
1958-02-01,0.2711,-0.0594,0.7419,0.4289,0.4365,0.3769,0.4015,0.4956,0.4289
1958-03-01,0.2586,-0.0978,0.7443,0.3467,0.2965,0.3169,0.3335,0.4183,0.3335
1958-04-01,0.2953,-0.0102,0.5924,0.2719,0.2265,0.2369,0.2475,0.3704,0.2475
1958-05-01,0.3109,0.0713,0.6316,0.3540,0.2765,0.2669,0.2825,0.4385,0.2825
1958-06-01,0.2846,0.0675,0.5546,0.1837,0.1265,0.1869,0.1945,0.2907,0.1869
1958-07-01,0.2596,0.0013,0.5692,0.3202,0.2665,0.2569,0.2745,0.3160,0.2745
1958-08-01,0.2331,-0.0508,0.5116,0.2580,0.1665,0.1869,0.2185,0.2238,0.2185
1958-09-01,0.2252,-0.0761,0.5284,0.2270,0.1865,0.1369,0.1555,0.1503,0.1555
1958-10-01,0.2215,-0.0313,0.5188,0.3221,0.2565,0.1969,0.3025,0.2265,0.2565
1958-11-01,0.2149,-0.1208,0.5138,0.3036,0.2365,0.1769,0.2715,0.2604,0.2604
1958-12-01,0.2061,-0.1135,0.5027,0.2590,0.2265,0.2869,0.3025,0.3204,0.2869
1959-01-01,0.2648,-0.0939,0.7092,0.3579,0.2965,0.2969,0.2975,0.4497,0.2975
1959-02-01,0.2394,-0.1230,0.6226,0.3348,0.2865,0.2869,0.2435,0.4016,0.2869
1959-03-01,0.2934,-0.0486,0.6068,0.3602,0.3965,0.3969,0.3505,0.5203,0.3965
1959-04-01,0.2808,-0.0843,0.6083,0.3698,0.3765,0.3369,0.3905,0.4421,0.3765
1959-05-01,0.2896,-0.0104,0.5675,0.3013,0.2565,0.2769,0.2905,0.3349,0.2905
1959-06-01,0.2979,-0.0092,0.6447,0.3380,0.2465,0.2669,0.3175,0.3149,0.3149
1959-07-01,0.2797,-0.0331,0.5553,0.3018,0.2465,0.2269,0.3065,0.2724,0.2724
1959-08-01,0.2738,-0.0948,0.5261,0.2995,0.2065,0.2269,0.2415,0.2076,0.2269
1959-09-01,0.2713,-0.1100,0.5296,0.1992,0.1565,0.1869,0.1725,0.1015,0.1725
1959-10-01,0.2587,-0.0847,0.5016,0.2700,0.1465,0.1869,0.2705,0.2121,0.2121
1959-11-01,0.2307,-0.1048,0.4880,0.1599,0.1365,0.1469,0.1125,0.1573,0.1469
1959-12-01,0.2394,-0.0659,0.5551,0.2410,0.2165,0.2369,0.2555,0.3382,0.2410
1960-01-01,0.2948,-0.0219,0.6429,0.2308,0.2165,0.1869,0.2025,0.3895,0.2165
1960-02-01,0.2956,-0.1308,0.6405,0.3651,0.3465,0.3369,0.3385,0.4699,0.3465
1960-03-01,0.3060,-0.1189,0.6962,-0.1035,-0.1335,-0.0631,-0.1035,0.0415,-0.1035
1960-04-01,0.2884,-0.0679,0.6411,0.0797,0.0665,0.0569,0.0565,0.1652,0.0665
1960-05-01,0.3096,0.0051,0.6463,0.1628,0.1365,0.0769,0.1635,0.2466,0.1628
1960-06-01,0.3102,0.0611,0.6117,0.2174,0.1765,0.1469,0.2305,0.2626,0.2174
1960-07-01,0.2832,-0.0806,0.6550,0.2284,0.1765,0.1969,0.2285,0.2242,0.2242
1960-08-01,0.2647,-0.1159,0.6165,0.3388,0.2365,0.1869,0.2935,0.2695,0.2695
1960-09-01,0.2549,-0.1857,0.6108,0.3459,0.2865,0.2269,0.2665,0.1822,0.2665
1960-10-01,0.2349,-0.1867,0.6166,0.3128,0.2765,0.1969,0.2915,0.2810,0.2810
1960-11-01,0.2324,-0.1091,0.5405,0.1325,0.1065,0.0469,0.0845,0.1751,0.1065
1960-12-01,0.2441,-0.1799,0.6522,0.4290,0.4065,0.3869,0.4225,0.4946,0.4225
1961-01-01,0.3242,-0.0857,0.7366,0.3035,0.2865,0.2769,0.2865,0.4401,0.2865
1961-02-01,0.3304,-0.0469,0.6679,0.4455,0.4065,0.3469,0.3785,0.4787,0.4065
1961-03-01,0.3275,0.0367,0.6900,0.2915,0.3065,0.2769,0.2555,0.3895,0.2915
1961-04-01,0.3426,-0.0455,0.7214,0.4137,0.3465,0.3269,0.3845,0.3922,0.3845
1961-05-01,0.3303,-0.0493,0.7120,0.4223,0.3365,0.3269,0.3925,0.4367,0.3925
1961-06-01,0.3477,0.0101,0.6537,0.4407,0.3265,0.3069,0.4105,0.3684,0.3684
1961-07-01,0.2864,-0.0913,0.5840,0.3154,0.2265,0.2369,0.2785,0.3092,0.2785
1961-08-01,0.2509,-0.1320,0.5265,0.3382,0.2265,0.2269,0.2895,0.2524,0.2524
1961-09-01,0.2626,-0.0767,0.5767,0.3218,0.2965,0.2169,0.2525,0.2898,0.2898
1961-10-01,0.2466,-0.1675,0.5235,0.2860,0.2165,0.1869,0.2765,0.2709,0.2709
1961-11-01,0.2383,-0.0533,0.5123,0.3216,0.2465,0.2269,0.2605,0.2821,0.2605
1961-12-01,0.2477,-0.1349,0.5949,0.0994,0.0565,0.0669,0.1115,0.2087,0.0994
1962-01-01,0.2857,-0.0367,0.6333,0.2981,0.2665,0.2369,0.2725,0.3668,0.2725
1962-02-01,0.2871,-0.0463,0.6752,0.3693,0.3665,0.3469,0.3495,0.4382,0.3665
1962-03-01,0.3206,-0.0304,0.5806,0.3741,0.3165,0.3369,0.3485,0.3945,0.3485
1962-04-01,0.3218,0.0117,0.6038,0.3324,0.2665,0.2469,0.2685,0.3190,0.2685
1962-05-01,0.3452,0.1144,0.5909,0.1755,0.1565,0.1169,0.0995,0.2368,0.1565
1962-06-01,0.3049,0.0755,0.6175,0.2992,0.2465,0.1669,0.2135,0.1767,0.2135
1962-07-01,0.2907,0.0499,0.6211,0.2415,0.2365,0.1669,0.2015,0.2599,0.2365
1962-08-01,0.2487,-0.0688,0.6152,0.2413,0.2065,0.1469,0.2015,0.2003,0.2015
1962-09-01,0.2322,-0.0375,0.4711,0.2789,0.2165,0.1469,0.1765,0.1596,0.1765
1962-10-01,0.2047,-0.1370,0.5064,0.3112,0.2265,0.2069,0.2455,0.2426,0.2426
1962-11-01,0.1858,-0.1439,0.5640,0.3310,0.2765,0.2969,0.2605,0.2896,0.2896
1962-12-01,0.1839,-0.1090,0.5569,0.2244,0.1865,0.1869,0.2255,0.3081,0.2244
1963-01-01,0.2100,-0.1101,0.7163,0.2349,0.1865,0.1669,0.2005,0.3077,0.2005
1963-02-01,0.2309,-0.0896,0.5845,0.3941,0.3965,0.3569,0.3505,0.4301,0.3941
1963-03-01,0.2498,-0.1488,0.6189,0.0111,0.0765,0.0669,-0.0235,0.1050,0.0669
1963-04-01,0.2398,-0.1154,0.5625,0.1744,0.1465,0.1469,0.1345,0.1754,0.1469
1963-05-01,0.2056,-0.1259,0.5740,0.2077,0.1565,0.1669,0.1505,0.2446,0.1669
1963-06-01,0.1504,-0.1821,0.4277,0.2897,0.2665,0.1869,0.2405,0.3121,0.2665
1963-07-01,0.1172,-0.2838,0.4377,0.4194,0.2765,0.2369,0.3825,0.3737,0.3737
1963-08-01,0.1019,-0.2071,0.5261,0.5073,0.4365,0.3269,0.5275,0.4485,0.4485
1963-09-01,0.0860,-0.2559,0.4289,0.4823,0.3865,0.3369,0.4205,0.3586,0.3865
1963-10-01,0.0634,-0.3600,0.4752,0.4242,0.3665,0.3169,0.4285,0.3459,0.3665
1963-11-01,0.0244,-0.3695,0.4825,0.4068,0.3665,0.2769,0.3905,0.3829,0.3829
1963-12-01,0.0064,-0.4131,0.4576,0.2979,0.1865,0.2269,0.3075,0.3516,0.2979
1964-01-01,0.0481,-0.3333,0.4247,0.1655,0.1265,0.1169,0.1495,0.3211,0.1495
1964-02-01,0.0183,-0.3653,0.3978,0.1338,0.1165,0.0969,0.1065,0.2775,0.1165
1964-03-01,0.0687,-0.3048,0.4472,-0.0263,0.0065,-0.0231,-0.0805,0.1092,-0.0231
1964-04-01,0.0990,-0.2921,0.4568,-0.0840,-0.1035,-0.0831,-0.1075,0.0382,-0.0840
1964-05-01,0.1046,-0.3690,0.4778,-0.0171,-0.0335,-0.0331,-0.0435,0.1575,-0.0331
1964-06-01,0.0673,-0.3311,0.4056,0.1873,0.1765,0.1269,0.2075,0.1881,0.1873
1964-07-01,0.0545,-0.3028,0.3729,0.1530,0.1765,0.0769,0.1835,0.2980,0.1765
1964-08-01,0.0657,-0.3672,0.3927,0.0559,-0.0035,0.0069,0.0515,0.1067,0.0515
1964-09-01,0.0227,-0.4305,0.3839,-0.0493,-0.0835,-0.1131,-0.0725,-0.0905,-0.0835
1964-10-01,0.0325,-0.4321,0.4555,0.0432,-0.0935,-0.0831,-0.0115,-0.1515,-0.0831
1964-11-01,0.0569,-0.4013,0.4905,0.0591,0.0065,-0.0731,-0.0165,0.0147,0.0065
1964-12-01,0.0569,-0.2707,0.4593,-0.0168,-0.0835,-0.0731,-0.0495,0.0145,-0.0495
1965-01-01,0.1079,-0.3412,0.5680,0.1953,0.1365,0.0969,0.1665,0.2197,0.1665
1965-02-01,0.0882,-0.2744,0.5252,0.0909,0.0465,0.0169,0.0725,0.1224,0.0725
1965-03-01,0.1097,-0.3423,0.5282,0.0977,0.0865,0.0469,0.0565,0.1707,0.0865
1965-04-01,0.1070,-0.3272,0.5233,0.0556,0.0265,-0.0031,0.0215,0.1065,0.0265
1965-05-01,0.1221,-0.3337,0.6140,0.1639,0.0965,0.0869,0.1375,0.2346,0.1375
1965-06-01,0.1019,-0.3257,0.5428,0.1477,0.1365,0.0869,0.1375,0.1579,0.1375
1965-07-01,0.1202,-0.2364,0.4262,0.0884,0.0865,0.0669,0.1145,0.1683,0.0884
1965-08-01,0.0904,-0.3328,0.4592,0.1946,0.1765,0.1169,0.1655,0.1290,0.1655
1965-09-01,0.0603,-0.2657,0.3509,0.1100,0.0665,0.0869,0.0565,0.0835,0.0835
1965-10-01,0.0841,-0.3444,0.5183,0.2518,0.1665,0.1869,0.2675,0.1700,0.1869
1965-11-01,0.0677,-0.2978,0.3709,0.2133,0.1565,0.1769,0.1805,0.2032,0.1805
1965-12-01,0.1042,-0.2677,0.4497,0.2113,0.1365,0.1569,0.2165,0.2700,0.2113
1966-01-01,0.1529,-0.3177,0.6413,0.0743,0.0265,0.0269,0.0795,0.2189,0.0743
1966-02-01,0.1802,-0.2839,0.5362,0.1939,0.1765,0.1369,0.1835,0.2944,0.1835
1966-03-01,0.1642,-0.2928,0.5063,0.1850,0.2465,0.1569,0.1765,0.3255,0.1850
1966-04-01,0.1811,-0.1717,0.5016,0.1851,0.0865,0.0969,0.1775,0.2132,0.1775
1966-05-01,0.2051,-0.2759,0.5477,0.1411,0.0965,0.1069,0.1255,0.2439,0.1255
1966-06-01,0.1973,-0.1624,0.5117,0.2545,0.2265,0.2069,0.2705,0.3201,0.2545
1966-07-01,0.1428,-0.2570,0.4664,0.3595,0.2965,0.2869,0.3335,0.3927,0.3335
1966-08-01,0.1373,-0.2596,0.4312,0.2575,0.1265,0.1569,0.2065,0.2218,0.2065
1966-09-01,0.1096,-0.2655,0.4107,0.2720,0.1865,0.1769,0.2275,0.2049,0.2049
1966-10-01,0.0551,-0.3797,0.4316,0.1226,0.0465,0.0169,0.1125,0.0695,0.0695
1966-11-01,0.0598,-0.3019,0.4596,0.2507,0.2065,0.1469,0.2005,0.1969,0.2005
1966-12-01,0.0500,-0.3274,0.5516,0.2169,0.1865,0.1469,0.2195,0.2722,0.2169
1967-01-01,0.0722,-0.3224,0.5641,0.1360,0.1365,0.0569,0.1355,0.2238,0.1360
1967-02-01,0.1090,-0.4577,0.5025,0.0280,0.0065,-0.0231,-0.0075,0.0587,0.0065
1967-03-01,0.1096,-0.3076,0.5510,0.2588,0.2665,0.2369,0.2125,0.3141,0.2588
1967-04-01,0.1369,-0.2989,0.6038,0.2210,0.1665,0.1669,0.1925,0.2539,0.1925
1967-05-01,0.1525,-0.3673,0.5917,0.4132,0.3365,0.3669,0.3955,0.4454,0.3955
1967-06-01,0.1184,-0.3976,0.4696,0.2440,0.1365,0.1469,0.2055,0.2374,0.2055
1967-07-01,0.1017,-0.3248,0.5053,0.2866,0.2365,0.1669,0.2585,0.2735,0.2585
1967-08-01,0.0721,-0.4400,0.4580,0.2523,0.2265,0.1569,0.2365,0.2303,0.2303
1967-09-01,0.0470,-0.4017,0.3664,0.2282,0.1565,0.1869,0.1965,0.2240,0.1965
1967-10-01,0.0459,-0.4633,0.3238,0.3330,0.3065,0.2769,0.2965,0.3306,0.3065
1967-11-01,0.0017,-0.4687,0.3899,0.2315,0.1665,0.1269,0.1375,0.2245,0.1665
1967-12-01,0.0676,-0.3611,0.4325,0.1993,0.1665,0.1769,0.1905,0.3145,0.1905
1968-01-01,0.0866,-0.4288,0.4614,0.0353,-0.0435,-0.0031,0.0035,0.1168,0.0035
1968-02-01,0.1283,-0.3624,0.5134,0.0938,0.0765,0.0369,0.0525,0.1717,0.0765
1968-03-01,0.1344,-0.3981,0.5896,0.3562,0.4165,0.3469,0.3245,0.4205,0.3562
1968-04-01,0.1975,-0.3379,0.6000,0.1773,0.1565,0.1369,0.1355,0.2224,0.1565
1968-05-01,0.1902,-0.3063,0.5693,0.1320,0.0765,0.1069,0.0895,0.2202,0.1069
1968-06-01,0.2189,-0.2843,0.6249,0.2062,0.1265,0.1669,0.2085,0.1460,0.1669
1968-07-01,0.1474,-0.3987,0.5236,0.1608,0.0865,0.1069,0.0845,0.2077,0.1069
1968-08-01,0.1280,-0.3556,0.5065,0.2295,0.1365,0.1769,0.1585,0.1485,0.1585
1968-09-01,0.1197,-0.3964,0.4363,0.1335,0.0265,0.0869,0.0795,0.0634,0.0795
1968-10-01,0.1412,-0.4045,0.6327,0.3667,0.3065,0.2269,0.3285,0.2875,0.3065
1968-11-01,0.0918,-0.3479,0.4771,0.2229,0.1665,0.0669,0.1475,0.1795,0.1665
1968-12-01,0.0947,-0.4015,0.5266,0.1681,0.0765,0.0669,0.1475,0.1900,0.1475
1969-01-01,0.1648,-0.3270,0.5245,0.1981,0.1065,0.0969,0.1475,0.2562,0.1475
1969-02-01,0.1627,-0.3987,0.5248,0.1621,0.0365,0.0969,0.0975,0.1961,0.0975
1969-03-01,0.1311,-0.5749,0.6259,0.2267,0.2265,0.2269,0.1785,0.3294,0.2267
1969-04-01,0.1799,-0.3422,0.5962,0.4072,0.3865,0.3369,0.3555,0.4484,0.3865
1969-05-01,0.1985,-0.2795,0.5590,0.4222,0.3965,0.3869,0.4085,0.4988,0.4085
1969-06-01,0.1807,-0.3200,0.5620,0.3640,0.2465,0.2769,0.3375,0.3538,0.3375
1969-07-01,0.1660,-0.3449,0.5719,0.2504,0.1765,0.1869,0.2105,0.2750,0.2105
1969-08-01,0.1583,-0.2309,0.5348,0.2875,0.2565,0.2169,0.2585,0.1430,0.2565
1969-09-01,0.1313,-0.2891,0.5588,0.3457,0.2965,0.2669,0.2935,0.2278,0.2935
1969-10-01,0.1191,-0.3441,0.5004,0.3587,0.3065,0.3069,0.3575,0.2402,0.3069
1969-11-01,0.1173,-0.4296,0.6007,0.3799,0.3365,0.3269,0.3315,0.4122,0.3365
1969-12-01,0.1512,-0.3440,0.5903,0.5254,0.4565,0.4669,0.4955,0.5775,0.4955
1970-01-01,0.1816,-0.1830,0.6090,0.3689,0.2965,0.3369,0.3455,0.4591,0.3455
1970-02-01,0.1914,-0.2989,0.6474,0.4174,0.4365,0.3669,0.3725,0.4901,0.4174
1970-03-01,0.2188,-0.2754,0.6969,0.2643,0.2765,0.2669,0.2355,0.3579,0.2669
1970-04-01,0.2320,-0.2023,0.6214,0.2760,0.2665,0.2669,0.2875,0.4287,0.2760
1970-05-01,0.2364,-0.1295,0.5795,0.2137,0.1865,0.1969,0.2085,0.3186,0.2085
1970-06-01,0.2398,-0.1340,0.6303,0.2182,0.1965,0.1769,0.2135,0.3285,0.2135
1970-07-01,0.2077,-0.1703,0.5877,0.2454,0.2365,0.2169,0.2395,0.2850,0.2395
1970-08-01,0.1764,-0.2307,0.5895,0.1569,0.1165,0.1069,0.1165,0.1175,0.1165
1970-09-01,0.1921,-0.2246,0.5010,0.3252,0.3365,0.2369,0.3035,0.1928,0.3035
1970-10-01,0.1697,-0.3866,0.5527,0.2962,0.2465,0.1369,0.2705,0.2097,0.2465
1970-11-01,0.1518,-0.4067,0.5688,0.2949,0.2365,0.1969,0.1765,0.2371,0.2365
1970-12-01,0.1788,-0.4186,0.6372,0.1632,0.0965,0.0569,0.1155,0.2309,0.1155
1971-01-01,0.2183,-0.3677,0.7234,0.2138,0.1965,0.1069,0.1665,0.2951,0.1965
1971-02-01,0.2734,-0.3165,0.6724,0.0821,0.0665,0.0069,0.0175,0.1171,0.0665
1971-03-01,0.2454,-0.3758,0.6501,0.0183,0.0365,0.0569,-0.0055,0.1415,0.0365
1971-04-01,0.2700,-0.2003,0.6146,0.1238,0.1465,0.0969,0.1225,0.2005,0.1238
1971-05-01,0.2797,-0.1343,0.7043,0.1605,0.1665,0.1269,0.1775,0.1733,0.1665
1971-06-01,0.2519,-0.2066,0.6187,0.0983,0.0565,0.0469,0.1225,0.1088,0.0983
1971-07-01,0.1987,-0.2127,0.5909,0.1740,0.1465,0.1269,0.1155,0.0979,0.1269
1971-08-01,0.1834,-0.2727,0.6033,0.1776,0.2065,0.1269,0.1175,0.0969,0.1269
1971-09-01,0.1494,-0.3728,0.5433,0.2336,0.1665,0.2069,0.1845,0.1261,0.1845
1971-10-01,0.1331,-0.4652,0.6586,0.2029,0.1765,0.0569,0.1865,0.0582,0.1765
1971-11-01,0.1194,-0.3581,0.5802,0.2082,0.1465,0.0769,0.1485,0.1395,0.1465
1971-12-01,0.1749,-0.2308,0.6346,0.1307,0.1365,0.0969,0.1135,0.2429,0.1307
1972-01-01,0.2163,-0.2416,0.7470,-0.0194,-0.0035,0.0069,-0.0175,0.0879,-0.0035
1972-02-01,0.2178,-0.2716,0.6828,0.0812,0.0365,0.0369,0.0135,0.0468,0.0369
1972-03-01,0.2364,-0.3777,0.7450,0.2179,0.2465,0.2569,0.2215,0.2362,0.2362
1972-04-01,0.2598,-0.1874,0.6712,0.2314,0.2165,0.2069,0.2425,0.2955,0.2314
1972-05-01,0.2474,-0.2196,0.6191,0.2778,0.1865,0.1969,0.2435,0.2935,0.2435
1972-06-01,0.2293,-0.1405,0.6327,0.3264,0.2565,0.2869,0.3335,0.4188,0.3264
1972-07-01,0.2036,-0.1728,0.6120,0.2677,0.2265,0.2469,0.2485,0.3846,0.2485
1972-08-01,0.1753,-0.3228,0.6841,0.4240,0.3765,0.3869,0.4005,0.3447,0.3869
1972-09-01,0.1455,-0.2262,0.5917,0.3090,0.2365,0.2669,0.2945,0.2569,0.2669
1972-10-01,0.1416,-0.3831,0.5451,0.3053,0.2965,0.2769,0.3145,0.3014,0.3014
1972-11-01,0.1146,-0.5443,0.4981,0.3110,0.2365,0.2069,0.2295,0.2557,0.2365
1972-12-01,0.1672,-0.2620,0.6132,0.4714,0.3965,0.3969,0.4755,0.4905,0.4714
1973-01-01,0.1953,-0.2946,0.6611,0.4608,0.5065,0.4569,0.4805,0.6030,0.4805
1973-02-01,0.2521,-0.1501,0.5872,0.5189,0.5365,0.4869,0.4955,0.6346,0.5189
1973-03-01,0.2844,-0.2314,0.6555,0.4745,0.5065,0.4469,0.4245,0.5084,0.4745
1973-04-01,0.2903,-0.1470,0.7018,0.5523,0.4865,0.4869,0.4955,0.4935,0.4935
1973-05-01,0.3041,-0.0578,0.7235,0.4669,0.4465,0.4069,0.4725,0.4966,0.4669
1973-06-01,0.2885,-0.0601,0.6186,0.4641,0.4065,0.4269,0.4775,0.3757,0.4269
1973-07-01,0.2532,-0.1523,0.5737,0.3801,0.3465,0.3069,0.3725,0.3499,0.3499
1973-08-01,0.2143,-0.0722,0.6132,0.3365,0.2665,0.2469,0.3075,0.1774,0.2665
1973-09-01,0.2167,-0.0893,0.5677,0.3268,0.3065,0.2569,0.2915,0.2131,0.2915
1973-10-01,0.1984,-0.1390,0.6380,0.3730,0.3165,0.2469,0.3175,0.2071,0.3165
1973-11-01,0.1693,-0.2145,0.5621,0.3354,0.2565,0.1969,0.2665,0.2798,0.2665
1973-12-01,0.1938,-0.2243,0.6305,0.2311,0.1465,0.1769,0.2275,0.3233,0.2275
1974-01-01,0.2670,-0.0922,0.6944,0.0792,0.1165,0.0969,0.0705,0.2171,0.0969
1974-02-01,0.2744,-0.1245,0.7165,-0.0836,-0.0535,-0.0731,-0.0755,0.0120,-0.0731
1974-03-01,0.2957,-0.0761,0.6958,0.1238,0.1665,0.1169,0.0985,0.1587,0.1238
1974-04-01,0.3120,0.0313,0.7049,0.1612,0.0965,0.1269,0.1205,0.1503,0.1269
1974-05-01,0.3162,-0.0208,0.7066,0.2330,0.1765,0.1969,0.1865,0.1306,0.1865
1974-06-01,0.3052,0.0103,0.7214,0.2463,0.1665,0.1869,0.2345,0.1117,0.1869
1974-07-01,0.2880,-0.0403,0.7342,0.2277,0.1865,0.1869,0.1935,0.1015,0.1869
1974-08-01,0.2494,-0.1134,0.6728,0.3869,0.3165,0.2869,0.3805,0.1803,0.3165
1974-09-01,0.2504,-0.2145,0.6575,0.2732,0.1365,0.1369,0.2005,0.0119,0.1369
1974-10-01,0.2452,-0.1140,0.6495,0.2521,0.1565,0.1369,0.1845,0.0182,0.1565
1974-11-01,0.2123,-0.1919,0.6243,0.2405,0.1365,0.0869,0.1455,0.0928,0.1365
1974-12-01,0.2008,-0.1898,0.5739,0.1524,0.1365,0.0669,0.1425,0.1662,0.1425
1975-01-01,0.2233,-0.2180,0.6505,0.2688,0.3165,0.2069,0.2365,0.3165,0.2688
1975-02-01,0.2619,-0.1267,0.6468,0.3427,0.2965,0.2569,0.3115,0.3047,0.3047
1975-03-01,0.2451,-0.0979,0.6674,0.3536,0.3365,0.3169,0.3225,0.3423,0.3365
1975-04-01,0.2717,-0.1749,0.6529,0.3148,0.2565,0.2469,0.3095,0.2684,0.2684
1975-05-01,0.2760,-0.0860,0.5617,0.4185,0.3765,0.2969,0.3845,0.2349,0.3765
1975-06-01,0.2618,-0.1864,0.6625,0.3051,0.2065,0.2369,0.2635,0.1363,0.2369
1975-07-01,0.2240,-0.2023,0.5950,0.2608,0.2065,0.1869,0.2385,0.0725,0.2065
1975-08-01,0.2250,-0.2743,0.7284,0.1331,0.0465,0.0569,0.0815,-0.0369,0.0569
1975-09-01,0.1958,-0.2099,0.5845,0.2257,0.1965,0.1769,0.1955,-0.0338,0.1955
1975-10-01,0.1808,-0.2319,0.5810,0.2133,0.1065,0.0169,0.1385,-0.0777,0.1065
1975-11-01,0.1699,-0.4106,0.5602,0.1036,0.0465,0.0069,0.0175,0.0174,0.0175
1975-12-01,0.1855,-0.3528,0.5296,0.1150,0.0465,0.0469,0.1335,0.1058,0.1058
1976-01-01,0.1891,-0.2081,0.5557,0.1968,0.1865,0.1469,0.1675,0.2269,0.1865
1976-02-01,0.2151,-0.2464,0.7117,0.1347,0.1565,0.1069,0.0905,0.0580,0.1069
1976-03-01,0.2416,-0.0773,0.6354,0.0301,-0.0035,0.0069,-0.0475,-0.0603,-0.0035
1976-04-01,0.2682,-0.1349,0.6346,0.1822,0.1465,0.1569,0.1255,0.0878,0.1465
1976-05-01,0.2888,-0.0804,0.6526,0.0056,0.0165,0.0069,-0.0055,-0.0112,0.0056
1976-06-01,0.2666,-0.1273,0.6358,0.1300,0.0965,0.1169,0.1485,0.0878,0.1169
1976-07-01,0.2387,-0.2015,0.5845,0.1923,0.1165,0.1869,0.2195,0.1446,0.1869
1976-08-01,0.1983,-0.1432,0.6003,0.1236,0.0965,0.1169,0.1475,0.0479,0.1169
1976-09-01,0.2304,-0.1370,0.5898,0.2131,0.1565,0.1869,0.2205,0.1087,0.1869
1976-10-01,0.1985,-0.2064,0.6271,0.0316,-0.0235,-0.0531,0.0435,-0.2097,-0.0235
1976-11-01,0.1877,-0.3461,0.5523,0.2294,0.1565,0.0969,0.1845,0.0731,0.1565
1976-12-01,0.1938,-0.3249,0.6422,0.3360,0.3265,0.2969,0.3735,0.2625,0.3265
1977-01-01,0.2904,-0.2231,0.6576,0.5183,0.4065,0.3869,0.4825,0.4209,0.4209
1977-02-01,0.3047,-0.2622,0.7998,0.4696,0.4465,0.3569,0.4375,0.3784,0.4375
1977-03-01,0.3417,-0.1119,0.8016,0.4414,0.4565,0.3869,0.4015,0.3758,0.4015
1977-04-01,0.3281,-0.1433,0.7694,0.4990,0.4765,0.4169,0.4745,0.4006,0.4745
1977-05-01,0.3261,-0.0638,0.7294,0.5898,0.5465,0.4569,0.5575,0.4501,0.5465
1977-06-01,0.3275,-0.0206,0.6764,0.5719,0.4865,0.4669,0.5665,0.4429,0.4865
1977-07-01,0.3003,-0.0895,0.7109,0.5051,0.4165,0.4169,0.4935,0.3615,0.4169
1977-08-01,0.2694,-0.1918,0.6780,0.4943,0.3965,0.3969,0.5205,0.3345,0.3969
1977-09-01,0.2780,-0.1458,0.6907,0.3612,0.2365,0.2869,0.3495,0.1605,0.2869
1977-10-01,0.2413,-0.0723,0.6382,0.3466,0.2465,0.2569,0.3705,0.1337,0.2569
1977-11-01,0.2574,-0.1618,0.7192,0.4837,0.3765,0.3869,0.4435,0.4095,0.4095
1977-12-01,0.2848,-0.1771,0.6696,0.3234,0.2465,0.2769,0.3365,0.3874,0.3234
1978-01-01,0.2804,-0.1070,0.6624,0.3986,0.2765,0.2969,0.3175,0.4030,0.3175
1978-02-01,0.3204,-0.1685,0.6953,0.4363,0.3165,0.3269,0.3825,0.3811,0.3811
1978-03-01,0.3217,0.0252,0.7380,0.4223,0.4065,0.3869,0.3735,0.3800,0.3869
1978-04-01,0.3456,-0.0410,0.7746,0.4148,0.3865,0.3169,0.3785,0.3580,0.3785
1978-05-01,0.3358,-0.1309,0.6723,0.3763,0.3065,0.2869,0.3895,0.3733,0.3733
1978-06-01,0.3146,-0.0482,0.6747,0.3081,0.2065,0.2169,0.2805,0.2055,0.2169
1978-07-01,0.3124,-0.0416,0.6736,0.3766,0.2565,0.2969,0.3945,0.3133,0.3133
1978-08-01,0.3002,-0.0585,0.5918,0.1446,0.0765,0.1169,0.1065,0.0793,0.1065
1978-09-01,0.2944,-0.1582,0.5877,0.3993,0.2765,0.3269,0.3455,0.1213,0.3269
1978-10-01,0.2705,-0.2032,0.5657,0.3021,0.2465,0.2369,0.2865,0.1546,0.2465
1978-11-01,0.2537,-0.2416,0.5774,0.4552,0.3465,0.3669,0.3935,0.3657,0.3669
1978-12-01,0.2981,-0.1201,0.6286,0.3733,0.2965,0.3069,0.3675,0.4143,0.3675
1979-01-01,0.3045,-0.0872,0.5906,0.4116,0.3065,0.3469,0.3625,0.5367,0.3625
1979-02-01,0.2989,-0.0460,0.6551,0.1819,0.1165,0.1369,0.1505,0.2767,0.1505
1979-03-01,0.3480,-0.0064,0.6528,0.4265,0.4065,0.3469,0.3895,0.4665,0.4065
1979-04-01,0.3578,-0.0982,0.6508,0.4376,0.3665,0.2469,0.3825,0.4012,0.3825
1979-05-01,0.3722,-0.0596,0.6451,0.3370,0.2465,0.2969,0.3255,0.4183,0.3255
1979-06-01,0.3687,-0.0058,0.6230,0.4094,0.3565,0.3569,0.3705,0.3992,0.3705
1979-07-01,0.3199,-0.0707,0.6596,0.3796,0.2565,0.2769,0.3095,0.3039,0.3039
1979-08-01,0.2983,-0.1295,0.6612,0.4771,0.3865,0.3669,0.4075,0.3919,0.3919
1979-09-01,0.2946,-0.1194,0.6506,0.5342,0.4665,0.4469,0.4795,0.4297,0.4665
1979-10-01,0.2807,-0.1703,0.6426,0.5066,0.4765,0.4369,0.5285,0.4856,0.4856
1979-11-01,0.2785,-0.2711,0.6957,0.5680,0.4965,0.4569,0.5105,0.5084,0.5084
1979-12-01,0.3346,-0.2196,0.7717,0.7485,0.6865,0.6769,0.7525,0.7968,0.7485
1980-01-01,0.3451,-0.0487,0.8489,0.6135,0.5165,0.5169,0.6035,0.6593,0.6035
1980-02-01,0.3747,-0.0512,0.8657,0.7204,0.6065,0.6069,0.6725,0.7067,0.6725
1980-03-01,0.3695,-0.1146,0.8985,0.5746,0.5065,0.5069,0.5755,0.6761,0.5746
1980-04-01,0.3833,-0.0065,0.8066,0.5932,0.5165,0.4869,0.6295,0.7254,0.5932
1980-05-01,0.3762,-0.0013,0.7697,0.6064,0.5665,0.5369,0.6185,0.7737,0.6064
1980-06-01,0.3916,0.0047,0.7351,0.4902,0.4165,0.4269,0.4935,0.5773,0.4902
1980-07-01,0.3515,-0.0794,0.7613,0.5664,0.4365,0.4569,0.5865,0.5922,0.5664
1980-08-01,0.3297,-0.0860,0.8279,0.5250,0.3965,0.4269,0.5495,0.5169,0.5169
1980-09-01,0.3265,-0.1501,0.7232,0.4860,0.4165,0.3869,0.4775,0.4382,0.4382
1980-10-01,0.3405,-0.2098,0.7920,0.4544,0.3465,0.3469,0.4255,0.3944,0.3944
1980-11-01,0.3218,-0.2153,0.7991,0.5673,0.5165,0.4369,0.5065,0.4634,0.5065
1980-12-01,0.3574,-0.1611,0.7107,0.4704,0.4265,0.4069,0.4565,0.4565,0.4565
1981-01-01,0.3992,-0.1280,0.7975,0.8059,0.7465,0.6969,0.7595,0.7847,0.7595
1981-02-01,0.4250,-0.0641,0.8796,0.6972,0.6365,0.5869,0.6335,0.7149,0.6365
1981-03-01,0.4032,-0.1880,0.8150,0.6893,0.6965,0.6369,0.6605,0.7893,0.6893
1981-04-01,0.4439,0.0429,0.8422,0.5572,0.5365,0.4969,0.5385,0.6964,0.5385
1981-05-01,0.4503,0.0009,0.8894,0.5062,0.4665,0.4469,0.4885,0.6351,0.4885
1981-06-01,0.4299,-0.0598,0.8829,0.6043,0.5065,0.4669,0.6195,0.5818,0.5818
1981-07-01,0.4154,-0.0492,0.7296,0.6292,0.5465,0.4469,0.6015,0.5600,0.5600
1981-08-01,0.3615,-0.1487,0.7282,0.6702,0.5665,0.5069,0.6385,0.5651,0.5665
1981-09-01,0.3454,-0.1662,0.6774,0.5007,0.3665,0.3769,0.4815,0.4699,0.4699
1981-10-01,0.3423,-0.1275,0.7344,0.4149,0.3365,0.3969,0.4405,0.4313,0.4149
1981-11-01,0.3350,-0.1150,0.7433,0.5219,0.4465,0.4169,0.4695,0.4677,0.4677
1981-12-01,0.3566,-0.1031,0.8277,0.7253,0.6265,0.6169,0.7205,0.6941,0.6941
1982-01-01,0.3660,-0.1016,0.7939,0.3315,0.2665,0.2669,0.3335,0.3816,0.3315
1982-02-01,0.4080,-0.0295,0.7981,0.4257,0.3665,0.3469,0.3695,0.4763,0.3695
1982-03-01,0.4140,-0.0285,0.8411,0.2226,0.2465,0.2069,0.1785,0.3157,0.2226
1982-04-01,0.4272,-0.0065,0.8114,0.3834,0.3665,0.3169,0.2965,0.3718,0.3665
1982-05-01,0.4077,0.0109,0.7336,0.4494,0.3965,0.3569,0.4095,0.4930,0.4095
1982-06-01,0.3879,-0.0001,0.7742,0.3583,0.2765,0.2669,0.3865,0.4110,0.3583
1982-07-01,0.3374,-0.1063,0.6542,0.4359,0.3565,0.3669,0.4325,0.4635,0.4325
1982-08-01,0.3273,-0.0757,0.6939,0.3145,0.2465,0.2669,0.3315,0.3475,0.3145
1982-09-01,0.2929,-0.0728,0.6114,0.3746,0.3565,0.3369,0.3955,0.3404,0.3565
1982-10-01,0.2586,-0.1423,0.6170,0.4016,0.3465,0.3269,0.4235,0.3301,0.3465
1982-11-01,0.2396,-0.2040,0.6193,0.3892,0.3965,0.3069,0.3515,0.3720,0.3720
1982-12-01,0.2406,-0.1194,0.6559,0.6390,0.6465,0.6069,0.6475,0.6958,0.6465
1983-01-01,0.2576,-0.1463,0.6728,0.7172,0.7465,0.6469,0.6805,0.8072,0.7172
1983-02-01,0.2295,-0.3095,0.7184,0.6950,0.6465,0.6269,0.6475,0.7712,0.6475
1983-03-01,0.2599,-0.2359,0.6963,0.6085,0.6365,0.5769,0.5835,0.7647,0.6085
1983-04-01,0.2860,-0.1037,0.7615,0.5356,0.4965,0.4269,0.5245,0.6328,0.5245
1983-05-01,0.2704,-0.1558,0.6963,0.5821,0.5565,0.5269,0.6215,0.7318,0.5821
1983-06-01,0.2362,-0.1370,0.6323,0.5265,0.4465,0.4369,0.5305,0.5652,0.5265
1983-07-01,0.2212,-0.2156,0.5687,0.4737,0.3965,0.3669,0.4475,0.4851,0.4475
1983-08-01,0.2157,-0.2569,0.5830,0.6433,0.5765,0.5169,0.5985,0.5515,0.5765
1983-09-01,0.2390,-0.1639,0.5953,0.6861,0.5865,0.5569,0.6365,0.6090,0.6090
1983-10-01,0.2226,-0.2018,0.5798,0.4749,0.3865,0.3869,0.4345,0.3748,0.3869
1983-11-01,0.2111,-0.2920,0.6167,0.6046,0.5165,0.5069,0.5335,0.5387,0.5335
1983-12-01,0.2416,-0.1716,0.5557,0.4552,0.3865,0.4069,0.4515,0.5050,0.4515
1984-01-01,0.2968,-0.1724,0.7879,0.5157,0.5265,0.4569,0.4785,0.5565,0.5157
1984-02-01,0.3023,-0.1401,0.7305,0.3811,0.3565,0.3569,0.3545,0.3976,0.3569
1984-03-01,0.3478,-0.1392,0.7844,0.5085,0.4765,0.4469,0.4845,0.5602,0.4845
1984-04-01,0.3708,-0.1480,0.8597,0.3719,0.2765,0.2869,0.3695,0.4406,0.3695
1984-05-01,0.3591,-0.0441,0.7401,0.5759,0.5465,0.5169,0.5885,0.6502,0.5759
1984-06-01,0.3743,-0.0972,0.7877,0.3245,0.2365,0.2769,0.3165,0.3252,0.3165
1984-07-01,0.3238,-0.0646,0.7049,0.3854,0.4065,0.3269,0.3405,0.2698,0.3405
1984-08-01,0.2927,-0.0918,0.7511,0.4547,0.4065,0.3669,0.4425,0.3629,0.4065
1984-09-01,0.3002,-0.1292,0.6423,0.4866,0.4265,0.3869,0.4645,0.3199,0.4265
1984-10-01,0.2642,-0.1686,0.6955,0.4002,0.3465,0.3069,0.3915,0.3281,0.3465
1984-11-01,0.2666,-0.1680,0.6497,0.3030,0.2765,0.2269,0.2645,0.2401,0.2645
1984-12-01,0.2607,-0.2294,0.6939,0.2016,0.1765,0.1769,0.2045,0.3256,0.2016
1985-01-01,0.3106,-0.0881,0.7677,0.4789,0.4365,0.4469,0.4915,0.5360,0.4789
1985-02-01,0.3606,-0.1304,0.8829,0.2612,0.1765,0.2069,0.2095,0.2697,0.2095
1985-03-01,0.3744,-0.1204,0.8463,0.4036,0.3865,0.3869,0.3655,0.4222,0.3869
1985-04-01,0.4153,-0.1614,0.8705,0.3642,0.3365,0.2969,0.3525,0.4369,0.3525
1985-05-01,0.3989,-0.0049,0.8478,0.4277,0.3665,0.3669,0.4055,0.4282,0.4055
1985-06-01,0.4097,-0.0421,0.8434,0.4828,0.3665,0.3569,0.4165,0.3647,0.3665
1985-07-01,0.3563,-0.0848,0.8043,0.3384,0.2565,0.2069,0.2755,0.2660,0.2660
1985-08-01,0.3485,-0.0298,0.7697,0.5031,0.3865,0.3469,0.4335,0.4071,0.4071
1985-09-01,0.3424,-0.0707,0.7575,0.4787,0.3465,0.3269,0.3575,0.2852,0.3465
1985-10-01,0.3214,-0.2165,0.7298,0.3995,0.3365,0.2969,0.3995,0.2033,0.3365
1985-11-01,0.3051,-0.0875,0.7644,0.3782,0.2665,0.2569,0.3035,0.2989,0.2989
1985-12-01,0.3211,-0.2008,0.8867,0.4167,0.3565,0.3569,0.4275,0.3830,0.3830
1986-01-01,0.3757,-0.0119,0.7518,0.4791,0.4765,0.4269,0.4375,0.5260,0.4765
1986-02-01,0.3704,-0.0322,0.7209,0.6687,0.5865,0.5669,0.6315,0.5861,0.5865
1986-03-01,0.3983,-0.0118,0.7321,0.4969,0.5165,0.4969,0.4575,0.5402,0.4969
1986-04-01,0.4073,-0.0034,0.7136,0.4923,0.4365,0.4269,0.6105,0.6096,0.4923
1986-05-01,0.4255,0.0737,0.7800,0.5029,0.4265,0.4269,0.7125,0.5958,0.5029
1986-06-01,0.4165,0.1183,0.7155,0.4022,0.3365,0.3569,0.3785,0.3831,0.3785
1986-07-01,0.3825,0.0289,0.7077,0.4030,0.3265,0.3469,0.3745,0.3532,0.3532
1986-08-01,0.3614,-0.0089,0.7068,0.4524,0.3765,0.3669,0.4305,0.3641,0.3765
1986-09-01,0.3730,-0.0101,0.7097,0.3869,0.2465,0.3069,0.3515,0.2790,0.3069
1986-10-01,0.3618,-0.0729,0.6859,0.4148,0.3665,0.3369,0.4195,0.2564,0.3665
1986-11-01,0.3501,-0.0350,0.7198,0.4015,0.3165,0.3169,0.3585,0.3915,0.3585
1986-12-01,0.3637,-0.0020,0.7654,0.3907,0.3465,0.3669,0.4175,0.4818,0.3907
1987-01-01,0.4209,0.0817,0.9173,0.5794,0.5365,0.5069,0.5475,0.6254,0.5475
1987-02-01,0.4216,-0.0020,0.8019,0.6794,0.6465,0.5569,0.6235,0.6752,0.6465
1987-03-01,0.4253,-0.1546,0.8165,0.4647,0.3965,0.3769,0.3975,0.4716,0.3975
1987-04-01,0.4163,-0.0625,0.8829,0.5503,0.4565,0.4469,0.4755,0.5754,0.4755
1987-05-01,0.4478,-0.0684,0.8826,0.5263,0.4765,0.4769,0.4895,0.5924,0.4895
1987-06-01,0.4492,-0.0089,0.8443,0.6262,0.5665,0.5169,0.6405,0.6398,0.6262
1987-07-01,0.4328,-0.0368,0.7843,0.7088,0.6165,0.6269,0.7205,0.7125,0.7088
1987-08-01,0.3950,-0.0686,0.7920,0.5734,0.4665,0.4669,0.5785,0.5305,0.5305
1987-09-01,0.4069,-0.0823,0.7870,0.6252,0.5665,0.5569,0.6155,0.5818,0.5818
1987-10-01,0.3981,-0.1548,0.8113,0.6325,0.5465,0.4969,0.5665,0.5040,0.5465
1987-11-01,0.3887,-0.1202,0.8909,0.5490,0.5065,0.4169,0.4735,0.5196,0.5065
1987-12-01,0.3525,-0.3255,0.9032,0.7323,0.6765,0.6069,0.7305,0.8031,0.7305
1988-01-01,0.3975,-0.1599,0.9042,0.8203,0.7865,0.6869,0.7365,0.8275,0.7865
1988-02-01,0.4480,-0.1613,1.0337,0.6939,0.6565,0.6269,0.6125,0.6220,0.6269
1988-03-01,0.4717,-0.1116,0.9563,0.7473,0.7365,0.6769,0.6615,0.7609,0.7365
1988-04-01,0.4887,-0.0123,1.0471,0.6883,0.6465,0.5969,0.6775,0.7207,0.6775
1988-05-01,0.4847,0.0011,0.9655,0.6798,0.6565,0.6169,0.6525,0.7626,0.6565
1988-06-01,0.4695,0.0398,0.9520,0.6949,0.6165,0.5969,0.6755,0.6743,0.6743
1988-07-01,0.4578,-0.0133,0.8409,0.6181,0.5465,0.5169,0.5955,0.6044,0.5955
1988-08-01,0.4411,-0.0157,0.8271,0.6201,0.6065,0.5669,0.6735,0.6348,0.6201
1988-09-01,0.4180,-0.0267,0.8145,0.6189,0.5865,0.5269,0.6335,0.6187,0.6187
1988-10-01,0.4273,-0.0277,0.8790,0.6177,0.5965,0.5069,0.6005,0.4986,0.5965
1988-11-01,0.4393,-0.0391,0.7975,0.3902,0.3365,0.3169,0.3525,0.3238,0.3365
1988-12-01,0.4668,0.0141,0.8989,0.5375,0.5065,0.4569,0.5285,0.5593,0.5285
1989-01-01,0.4931,0.0838,0.9431,0.3366,0.3365,0.2669,0.2695,0.3625,0.3365
1989-02-01,0.4980,0.0942,1.0515,0.6008,0.5165,0.4869,0.5495,0.6276,0.5495
1989-03-01,0.5524,0.0895,1.0261,0.5484,0.5765,0.4869,0.4965,0.5955,0.5484
1989-04-01,0.5494,0.1379,1.0327,0.5116,0.5065,0.4369,0.5175,0.5946,0.5116
1989-05-01,0.5797,0.2081,1.2176,0.4007,0.3965,0.3569,0.3595,0.4577,0.3965
1989-06-01,0.5738,0.2367,1.1689,0.4592,0.3665,0.3669,0.4305,0.4248,0.4248
1989-07-01,0.5644,0.1958,1.1249,0.6254,0.5665,0.4569,0.5745,0.5640,0.5665
1989-08-01,0.5195,0.1028,1.0523,0.6172,0.5465,0.4769,0.5655,0.4798,0.5465
1989-09-01,0.5456,0.1455,1.0147,0.6597,0.5665,0.5269,0.5895,0.5230,0.5665
1989-10-01,0.5479,0.1381,1.0195,0.6214,0.5065,0.4769,0.5815,0.4753,0.5065
1989-11-01,0.5579,0.2534,1.0275,0.4755,0.4165,0.3269,0.4125,0.4028,0.4125
1989-12-01,0.5484,0.1226,1.0088,0.6450,0.5865,0.5769,0.6605,0.6890,0.6450
1990-01-01,0.6197,0.2348,1.1509,0.6478,0.6365,0.5369,0.6285,0.7284,0.6365
1990-02-01,0.6524,0.2223,1.1294,0.6414,0.6565,0.5569,0.6165,0.6895,0.6414
1990-03-01,0.6448,0.2811,1.0672,0.9960,1.0165,0.8769,0.9465,1.0258,0.9960
1990-04-01,0.6567,0.3201,1.0316,0.8567,0.7765,0.7369,0.8295,0.8572,0.8295
1990-05-01,0.6612,0.2637,1.0531,0.7675,0.6765,0.6469,0.7565,0.8484,0.7565
1990-06-01,0.6700,0.3067,1.1158,0.6774,0.5865,0.5369,0.6505,0.6466,0.6466
1990-07-01,0.6389,0.2532,1.0185,0.7412,0.6765,0.5669,0.7205,0.7235,0.7205
1990-08-01,0.6160,0.1964,0.9477,0.6416,0.5565,0.5069,0.6025,0.6353,0.6025
1990-09-01,0.6390,0.1925,1.0580,0.5806,0.4465,0.4869,0.5595,0.5754,0.5595
1990-10-01,0.6227,0.2307,1.0784,0.7472,0.6665,0.5669,0.7105,0.6919,0.6919
1990-11-01,0.5798,0.0868,1.0716,0.7196,0.6765,0.5569,0.6635,0.7724,0.6765
1990-12-01,0.6186,0.1987,1.0050,0.6508,0.6165,0.5769,0.6665,0.7794,0.6508
1991-01-01,0.6781,0.2693,1.0886,0.6652,0.6465,0.5769,0.6475,0.7928,0.6475
1991-02-01,0.6711,0.1765,1.0766,0.7686,0.7165,0.6569,0.7305,0.8419,0.7305
1991-03-01,0.6560,0.2188,1.1731,0.6093,0.5765,0.5369,0.5795,0.7001,0.5795
1991-04-01,0.6873,0.2756,1.1817,0.8010,0.7265,0.6869,0.7755,0.7868,0.7755
1991-05-01,0.7008,0.2212,1.2304,0.6758,0.5565,0.5969,0.6675,0.6883,0.6675
1991-06-01,0.6641,0.2666,1.1472,0.7971,0.7465,0.7069,0.8075,0.8589,0.7971
1991-07-01,0.6358,0.2084,1.2151,0.8315,0.6965,0.6469,0.7775,0.7538,0.7538
1991-08-01,0.5607,0.1351,0.9619,0.7292,0.6065,0.5769,0.7145,0.6615,0.6615
1991-09-01,0.5258,0.1240,1.0461,0.7152,0.6565,0.5969,0.6845,0.6042,0.6565
1991-10-01,0.4507,0.0908,0.8708,0.6132,0.5065,0.4969,0.6165,0.5018,0.5065
1991-11-01,0.4460,0.0488,0.8894,0.6173,0.5165,0.4569,0.5665,0.5346,0.5346
1991-12-01,0.4009,0.0421,0.8333,0.6014,0.5365,0.4569,0.6155,0.5920,0.5920
1992-01-01,0.4076,0.0615,0.8697,0.7260,0.6965,0.6269,0.7175,0.7483,0.7175
1992-02-01,0.3353,-0.0914,0.7487,0.7121,0.6165,0.6069,0.6605,0.7046,0.6605
1992-03-01,0.3480,-0.0544,0.8092,0.6743,0.6965,0.6469,0.6755,0.7058,0.6755
1992-04-01,0.3128,0.0026,0.7605,0.5244,0.4965,0.4469,0.5335,0.4900,0.4965
1992-05-01,0.2994,-0.0456,0.7186,0.5323,0.5265,0.4969,0.5495,0.5265,0.5265
1992-06-01,0.2793,-0.1311,0.6986,0.5202,0.4765,0.4469,0.5555,0.5083,0.5083
1992-07-01,0.2531,-0.1114,0.6689,0.3714,0.3065,0.2969,0.4015,0.3399,0.3399
1992-08-01,0.2525,-0.1979,0.6353,0.4033,0.2965,0.2969,0.3845,0.3130,0.3130
1992-09-01,0.2321,-0.1945,0.5911,0.2721,0.2065,0.2069,0.2525,0.1969,0.2069
1992-10-01,0.2074,-0.2706,0.6342,0.3396,0.2865,0.2469,0.3385,0.2487,0.2865
1992-11-01,0.2175,-0.1738,0.6050,0.3281,0.2465,0.2369,0.2635,0.2750,0.2635
1992-12-01,0.2770,-0.1087,0.7490,0.4582,0.4365,0.3669,0.4705,0.4657,0.4582
1993-01-01,0.3167,-0.0822,0.7088,0.6263,0.5665,0.5169,0.6105,0.6509,0.6105
1993-02-01,0.3340,-0.0739,0.6969,0.6437,0.5865,0.5669,0.6485,0.6560,0.6437
1993-03-01,0.4071,0.0132,0.8592,0.6028,0.5765,0.5369,0.5735,0.5893,0.5765
1993-04-01,0.3630,-0.0160,0.7875,0.5602,0.4965,0.4669,0.5475,0.5837,0.5475
1993-05-01,0.3768,0.0272,0.7481,0.5600,0.4965,0.4569,0.5465,0.5698,0.5465
1993-06-01,0.3435,0.0394,0.7739,0.5299,0.4465,0.4569,0.5715,0.5285,0.5285
1993-07-01,0.3314,-0.0293,0.7204,0.5246,0.4665,0.4069,0.5285,0.4511,0.4665
1993-08-01,0.3103,-0.0205,0.7116,0.4472,0.3265,0.3569,0.4675,0.4167,0.4167
1993-09-01,0.3306,0.0233,0.7794,0.4091,0.3265,0.3569,0.4215,0.2894,0.3569
1993-10-01,0.3282,-0.0311,0.7248,0.5165,0.4565,0.4269,0.5275,0.4200,0.4565
1993-11-01,0.3635,-0.0403,0.7105,0.4286,0.2565,0.2669,0.3585,0.3503,0.3503
1993-12-01,0.3314,-0.1399,0.7966,0.5112,0.3965,0.3969,0.4685,0.5762,0.4685
1994-01-01,0.3944,-0.0538,0.8616,0.5617,0.4765,0.4169,0.4955,0.5629,0.4955
1994-02-01,0.4268,-0.0232,0.8769,0.3721,0.2365,0.2269,0.3125,0.3282,0.3125
1994-03-01,0.4770,0.0167,0.9042,0.6029,0.5065,0.4869,0.5595,0.5345,0.5345
1994-04-01,0.4989,0.1183,0.9607,0.6155,0.6265,0.5469,0.6345,0.6289,0.6265
1994-05-01,0.5102,0.1262,0.8770,0.5671,0.4965,0.5169,0.5675,0.5165,0.5169
1994-06-01,0.5080,0.1189,0.9091,0.6805,0.6465,0.5669,0.6945,0.5770,0.6465
1994-07-01,0.4961,0.1966,0.8086,0.5463,0.5165,0.4769,0.5705,0.5264,0.5264
1994-08-01,0.4855,0.1631,0.8329,0.5362,0.4365,0.4369,0.5005,0.4169,0.4369
1994-09-01,0.4676,0.1110,0.8557,0.6338,0.5265,0.5269,0.6255,0.5672,0.5672
1994-10-01,0.4597,0.0777,0.8285,0.7101,0.6465,0.5969,0.7265,0.5582,0.6465
1994-11-01,0.4603,0.0527,0.8948,0.7175,0.6665,0.5869,0.6735,0.6434,0.6665
1994-12-01,0.4430,0.0609,0.9019,0.6102,0.6065,0.5269,0.6275,0.6569,0.6102
1995-01-01,0.4718,-0.0603,0.9749,0.7799,0.7465,0.6769,0.7605,0.8295,0.7605
1995-02-01,0.4979,-0.0309,0.9730,1.0025,1.0065,0.9069,0.9975,1.0298,1.0025
1995-03-01,0.5274,0.1971,1.0129,0.7200,0.6865,0.6569,0.7075,0.7172,0.7075
1995-04-01,0.5555,0.2152,0.9227,0.7848,0.6865,0.6469,0.7645,0.7901,0.7645
1995-05-01,0.5282,0.1451,0.9567,0.6268,0.4865,0.5069,0.5945,0.6299,0.5945
1995-06-01,0.5289,0.2247,0.9469,0.7432,0.6465,0.6369,0.8015,0.7450,0.7432
1995-07-01,0.5177,0.1657,0.9404,0.8064,0.6765,0.6769,0.8225,0.6972,0.6972
1995-08-01,0.5174,0.2025,0.8489,0.7553,0.6665,0.6769,0.7965,0.6942,0.6942
1995-09-01,0.5330,0.1629,0.9386,0.6432,0.5465,0.5669,0.6375,0.6054,0.6054
1995-10-01,0.5306,0.1685,0.9568,0.7448,0.6765,0.5969,0.7915,0.6552,0.6765
1995-11-01,0.4836,0.1366,0.9481,0.7359,0.6665,0.6069,0.7245,0.6686,0.6686
1995-12-01,0.5461,0.1948,1.1078,0.5349,0.4765,0.4669,0.5715,0.5886,0.5349
1996-01-01,0.5578,0.0942,1.1554,0.5795,0.4565,0.4469,0.5515,0.5991,0.5515
1996-02-01,0.5773,0.1728,1.1493,0.8245,0.6765,0.6569,0.7995,0.7332,0.7332
1996-03-01,0.6032,0.2453,1.1020,0.6501,0.5465,0.5569,0.6445,0.6426,0.6426
1996-04-01,0.6247,0.2899,1.1516,0.6139,0.5465,0.5069,0.6305,0.5651,0.5651
1996-05-01,0.6201,0.2812,1.0823,0.6018,0.4865,0.5069,0.5415,0.4979,0.5069
1996-06-01,0.6159,0.2976,1.0885,0.5824,0.4765,0.4569,0.5415,0.5152,0.5152
1996-07-01,0.6096,0.2800,1.0118,0.6920,0.5865,0.5569,0.6575,0.5947,0.5947
1996-08-01,0.5967,0.2163,1.0450,0.7201,0.6965,0.6069,0.7805,0.6896,0.6965
1996-09-01,0.6224,0.2884,1.1397,0.5694,0.4765,0.4569,0.5315,0.4783,0.4783
1996-10-01,0.6507,0.2717,1.0728,0.4910,0.4365,0.3869,0.4865,0.4099,0.4365
1996-11-01,0.6279,0.1550,1.1418,0.6772,0.6365,0.5669,0.6815,0.6733,0.6733
1996-12-01,0.6552,0.2340,1.1933,0.6836,0.5865,0.5369,0.6955,0.6830,0.6830
1997-01-01,0.6476,0.2360,1.1527,0.6113,0.5365,0.4369,0.5735,0.5892,0.5735
1997-02-01,0.6889,0.2739,1.2180,0.6598,0.6265,0.5269,0.6335,0.6502,0.6335
1997-03-01,0.6426,0.1168,1.1069,0.7580,0.7365,0.6869,0.7725,0.7826,0.7580
1997-04-01,0.6499,0.3203,1.0356,0.7387,0.5565,0.5669,0.6735,0.5817,0.5817
1997-05-01,0.6837,0.3759,1.0593,0.6801,0.5665,0.5669,0.6425,0.6125,0.6125
1997-06-01,0.6913,0.3389,1.0510,0.8556,0.7665,0.7469,0.8575,0.7510,0.7665
1997-07-01,0.6830,0.3477,1.0441,0.7118,0.5565,0.5769,0.6745,0.6290,0.6290
1997-08-01,0.6836,0.3147,1.0158,0.7722,0.6265,0.6369,0.7155,0.6671,0.6671
1997-09-01,0.6793,0.3048,1.1187,0.8310,0.7365,0.7669,0.8075,0.7414,0.7669
1997-10-01,0.6541,0.3445,0.9763,0.9352,0.8265,0.7969,0.9455,0.7972,0.8265
1997-11-01,0.6259,0.1714,1.0419,0.9767,0.8665,0.7969,0.9465,0.8745,0.8745
1997-12-01,0.6213,0.1419,1.1216,0.8856,0.8065,0.7369,0.8975,0.8812,0.8812
1998-01-01,0.6737,0.1760,1.1402,0.9280,0.7965,0.7469,0.8445,0.9106,0.8445
1998-02-01,0.6206,0.0918,0.9585,1.1641,1.0965,0.9669,1.0875,1.1187,1.0965
1998-03-01,0.6747,0.1698,1.0629,0.9526,0.8465,0.7869,0.8735,0.9176,0.8735
1998-04-01,0.7009,0.1885,1.1381,1.0141,0.8565,0.8869,0.9875,1.0304,0.9875
1998-05-01,0.6847,0.1581,1.1340,1.0017,0.8965,0.8469,0.9905,1.0433,0.9905
1998-06-01,0.7025,0.2486,1.1048,1.0321,0.9865,0.8669,1.0345,1.0143,1.0143
1998-07-01,0.6932,0.2150,1.1539,1.0250,0.8765,0.8569,1.0125,0.9228,0.9228
1998-08-01,0.6817,0.1917,1.0464,1.0153,0.8665,0.8769,1.0175,0.9426,0.9426
1998-09-01,0.6828,0.2243,1.1103,0.7981,0.6365,0.6569,0.7305,0.7533,0.7305
1998-10-01,0.6608,0.2068,1.0706,0.7782,0.6365,0.5969,0.7155,0.6724,0.6724
1998-11-01,0.6455,0.1556,1.1329,0.7440,0.6465,0.5969,0.7005,0.6538,0.6538
1998-12-01,0.6545,0.1236,1.0987,0.8482,0.7665,0.7369,0.8535,0.8416,0.8416
1999-01-01,0.6863,0.2457,1.1888,0.7513,0.6965,0.5869,0.7105,0.7317,0.7105
1999-02-01,0.6471,0.1180,1.1079,0.9670,0.8565,0.8169,0.9085,0.9166,0.9085
1999-03-01,0.6970,0.1069,1.1282,0.6218,0.5465,0.5269,0.5815,0.5622,0.5622
1999-04-01,0.7053,0.1243,1.1076,0.6346,0.5365,0.5269,0.6145,0.6061,0.6061
1999-05-01,0.7083,0.1212,1.1573,0.6096,0.4765,0.4869,0.5665,0.5678,0.5665
1999-06-01,0.7323,0.2371,1.2330,0.6890,0.5765,0.5669,0.6895,0.5989,0.5989
1999-07-01,0.7262,0.2163,1.2419,0.6757,0.6065,0.5469,0.6495,0.5990,0.6065
1999-08-01,0.7398,0.2275,1.2017,0.6670,0.5265,0.5469,0.6255,0.5636,0.5636
1999-09-01,0.7171,0.2934,1.1774,0.6392,0.6065,0.6069,0.6735,0.6054,0.6069
1999-10-01,0.7253,0.2337,1.2308,0.6707,0.5565,0.5169,0.6595,0.5487,0.5565
1999-11-01,0.7206,0.1326,1.1701,0.6474,0.5865,0.5569,0.6305,0.5897,0.5897
1999-12-01,0.7038,0.1135,1.1601,0.6771,0.6165,0.6169,0.7025,0.7054,0.6771
2000-01-01,0.7193,0.2022,1.1106,0.5426,0.4665,0.4769,0.5255,0.5690,0.5255
2000-02-01,0.7690,0.2417,1.1657,0.8610,0.7765,0.7169,0.7885,0.8189,0.7885
2000-03-01,0.7578,0.2928,1.1566,0.8089,0.7665,0.6869,0.7525,0.7345,0.7525
2000-04-01,0.7605,0.3896,1.1518,0.8990,0.7765,0.7569,0.8185,0.8269,0.8185
2000-05-01,0.7676,0.3884,1.2787,0.6685,0.5665,0.5469,0.6015,0.6444,0.6015
2000-06-01,0.7649,0.2859,1.1775,0.7137,0.6165,0.5769,0.6735,0.5871,0.6165
2000-07-01,0.7590,0.4234,1.1826,0.6950,0.6065,0.5769,0.6405,0.5633,0.6065
2000-08-01,0.7700,0.4127,1.1538,0.7429,0.6365,0.6069,0.7205,0.6262,0.6365
2000-09-01,0.7798,0.4050,1.2791,0.6761,0.6065,0.6169,0.7025,0.5672,0.6169
2000-10-01,0.7556,0.3921,1.2669,0.5582,0.4865,0.4669,0.5715,0.4544,0.4865
2000-11-01,0.7733,0.4665,1.3810,0.6094,0.5165,0.4769,0.5885,0.5462,0.5462
2000-12-01,0.7617,0.3837,1.3769,0.5653,0.4965,0.4469,0.5735,0.5867,0.5653
2001-01-01,0.7857,0.4100,1.4022,0.7284,0.6665,0.6069,0.7125,0.7288,0.7125
2001-02-01,0.8385,0.3975,1.3926,0.7547,0.6565,0.6069,0.6895,0.6818,0.6818
2001-03-01,0.8483,0.4798,1.5491,0.8834,0.7665,0.7169,0.8095,0.7938,0.7938
2001-04-01,0.8103,0.3116,1.4003,0.8144,0.7165,0.6869,0.8015,0.7562,0.7562
2001-05-01,0.8299,0.2328,1.3509,0.8539,0.7865,0.7269,0.8195,0.8192,0.8192
2001-06-01,0.8220,0.4281,1.4216,0.8118,0.7465,0.7069,0.8135,0.7201,0.7465
2001-07-01,0.8403,0.4832,1.2973,0.8766,0.8065,0.7569,0.8515,0.7806,0.8065
2001-08-01,0.8327,0.4680,1.2524,0.8677,0.6965,0.6969,0.8055,0.7502,0.7502
2001-09-01,0.8152,0.4049,1.3640,0.8574,0.7365,0.7169,0.8085,0.7278,0.7365
2001-10-01,0.8260,0.4384,1.3801,0.8297,0.7165,0.6469,0.8065,0.7441,0.7441
2001-11-01,0.8541,0.4162,1.3533,1.0543,0.9365,0.8369,0.9655,0.9924,0.9655
2001-12-01,0.8490,0.3776,1.2374,0.9032,0.7665,0.7569,0.9045,0.9591,0.9032
2002-01-01,0.8808,0.3736,1.4518,1.0098,0.9865,0.8469,0.9695,1.0538,0.9865
2002-02-01,0.8784,0.3969,1.3365,1.0044,0.9965,0.8269,0.9215,0.9565,0.9565
2002-03-01,0.8791,0.3247,1.5567,1.1574,1.0965,0.9869,1.1175,1.1440,1.1175
2002-04-01,0.8862,0.4312,1.4529,0.9276,0.7965,0.6969,0.8635,0.8460,0.8460
2002-05-01,0.8621,0.4332,1.3058,0.8669,0.8565,0.7869,0.9125,0.9450,0.8669
2002-06-01,0.8411,0.3453,1.3096,0.8123,0.7465,0.7169,0.8675,0.8542,0.8123
2002-07-01,0.8462,0.3332,1.3547,0.9359,0.8265,0.7869,0.9015,0.8349,0.8349
2002-08-01,0.8245,0.3130,1.3397,0.8643,0.7465,0.7169,0.8195,0.7546,0.7546
2002-09-01,0.8237,0.3936,1.2966,0.8667,0.8565,0.7369,0.8985,0.8112,0.8565
2002-10-01,0.8226,0.3035,1.2659,0.8647,0.7565,0.7269,0.8665,0.7691,0.7691
2002-11-01,0.8201,0.2760,1.3125,0.8560,0.8065,0.7269,0.8485,0.8381,0.8381
2002-12-01,0.8725,0.4757,1.5636,0.7091,0.6565,0.6569,0.7935,0.8068,0.7091
2003-01-01,0.9116,0.4081,1.3914,1.0200,0.9665,0.8469,1.0025,1.0651,1.0025
2003-02-01,0.9043,0.4634,1.3811,0.8528,0.7965,0.7669,0.8155,0.8770,0.8155
2003-03-01,0.8620,0.5076,1.3250,0.8465,0.8165,0.7369,0.7935,0.7869,0.7935
2003-04-01,0.8800,0.5067,1.3767,0.8364,0.7665,0.7269,0.8115,0.7895,0.7895
2003-05-01,0.8743,0.5592,1.3228,0.8850,0.8165,0.7369,0.8575,0.8513,0.8513
2003-06-01,0.8758,0.5068,1.3059,0.7891,0.6965,0.6469,0.7435,0.6923,0.6965
2003-07-01,0.8920,0.5926,1.3311,0.8506,0.7965,0.7169,0.8135,0.7538,0.7965
2003-08-01,0.8882,0.6124,1.2796,0.9795,0.8565,0.7869,0.9375,0.8470,0.8565
2003-09-01,0.8912,0.5696,1.4180,0.9377,0.8365,0.8169,0.9565,0.8797,0.8797
2003-10-01,0.8910,0.5975,1.3837,1.0209,0.9365,0.8869,1.0335,0.9542,0.9542
2003-11-01,0.9015,0.6091,1.3498,0.8584,0.7465,0.7169,0.8195,0.8555,0.8195
2003-12-01,0.8926,0.5169,1.2667,1.0186,0.9665,0.8869,1.0305,1.1063,1.0186
2004-01-01,0.9063,0.4199,1.3698,0.8705,0.7965,0.7669,0.8575,0.9168,0.8575
2004-02-01,0.9277,0.4678,1.3333,0.9988,0.9365,0.8569,0.9555,0.9823,0.9555
2004-03-01,0.8868,0.4602,1.2485,0.8909,0.8465,0.8169,0.8555,0.9418,0.8555
2004-04-01,0.9168,0.5412,1.3180,0.8869,0.8265,0.7569,0.8815,0.8952,0.8815
2004-05-01,0.9372,0.6199,1.3478,0.7169,0.5865,0.5569,0.6245,0.6547,0.6245
2004-06-01,0.9418,0.5970,1.2894,0.6775,0.6565,0.5869,0.7095,0.7377,0.6775
2004-07-01,0.9293,0.4983,1.3968,0.6067,0.4765,0.5169,0.5805,0.5252,0.5252
2004-08-01,0.9082,0.5909,1.4052,0.8273,0.6665,0.6569,0.7385,0.6395,0.6665
2004-09-01,0.9063,0.5513,1.3602,0.8286,0.7165,0.7069,0.8215,0.7660,0.7660
2004-10-01,0.9103,0.6304,1.3218,0.8857,0.8265,0.7769,0.8975,0.8568,0.8568
2004-11-01,0.9112,0.5343,1.3502,1.0139,0.9465,0.8469,0.9505,0.9640,0.9505
2004-12-01,0.8824,0.5483,1.3454,0.7775,0.7265,0.6869,0.7735,0.8333,0.7735
2005-01-01,0.9350,0.5162,1.3386,1.0118,0.9665,0.9369,0.9915,1.1061,0.9915
2005-02-01,0.9418,0.4366,1.3690,0.8963,0.8165,0.7869,0.9025,0.9705,0.8963
2005-03-01,0.9539,0.4308,1.3435,1.0088,0.9565,0.8969,0.9975,1.0415,0.9975
2005-04-01,0.9284,0.5079,1.3486,0.9937,0.8865,0.8369,0.9565,0.9801,0.9565
2005-05-01,0.9139,0.5825,1.3047,0.9174,0.8465,0.7969,0.9135,0.9346,0.9135
2005-06-01,0.9190,0.5652,1.3270,0.9353,0.8665,0.8169,0.9645,0.9075,0.9075
2005-07-01,0.8945,0.5610,1.2291,0.9225,0.8265,0.7669,0.9265,0.8863,0.8863
2005-08-01,0.9071,0.5460,1.3422,0.9511,0.8165,0.7469,0.9185,0.8308,0.8308
2005-09-01,0.8917,0.6141,1.2967,0.9989,0.9365,0.8469,0.9855,0.9356,0.9365
2005-10-01,0.8940,0.5877,1.3736,1.0482,0.9765,0.8769,1.0935,1.0218,1.0218
2005-11-01,0.8933,0.5548,1.3265,1.0048,0.9565,0.9069,1.0115,1.0243,1.0048
2005-12-01,0.9097,0.5208,1.3396,0.9628,0.8965,0.8769,1.0105,1.0301,0.9628
2006-01-01,0.9207,0.4705,1.3220,0.8651,0.7765,0.7569,0.8625,0.9148,0.8625
2006-02-01,0.9416,0.5451,1.3916,1.0062,0.9565,0.9169,1.0235,1.0539,1.0062
2006-03-01,0.9161,0.5724,1.3534,0.9029,0.8465,0.8169,0.9035,0.9416,0.9029
2006-04-01,0.8973,0.5433,1.3816,0.8473,0.6865,0.7069,0.8045,0.8397,0.8045
2006-05-01,0.9091,0.5135,1.3125,0.8354,0.6965,0.7169,0.7785,0.7934,0.7785
2006-06-01,0.8857,0.4922,1.2455,0.9404,0.8865,0.7869,0.9445,0.9122,0.9122
2006-07-01,0.8599,0.4983,1.2925,0.8450,0.7565,0.7169,0.8215,0.8043,0.8043
2006-08-01,0.8786,0.4743,1.2796,0.9996,0.9265,0.8469,0.9835,0.8721,0.9265
2006-09-01,0.8806,0.4667,1.3171,0.9137,0.8765,0.8169,0.8995,0.8542,0.8765
2006-10-01,0.8830,0.3696,1.3466,0.9780,0.9265,0.8369,0.9855,0.9880,0.9780
2006-11-01,0.8871,0.4256,1.3359,1.0240,0.9465,0.8269,0.9645,0.9939,0.9645
2006-12-01,0.8717,0.3758,1.2330,1.0776,1.0065,0.9369,1.0815,1.1243,1.0776
2007-01-01,0.8931,0.2928,1.3721,1.2593,1.2265,1.0569,1.2015,1.3218,1.2265
2007-02-01,0.9122,0.4288,1.4077,1.0008,0.9165,0.8569,0.9865,1.0525,0.9865
2007-03-01,0.8960,0.4381,1.4608,0.9544,0.9265,0.8369,0.9135,0.9536,0.9265
2007-04-01,0.8932,0.4364,1.2894,1.0898,0.9865,0.9369,1.0735,1.0833,1.0735
2007-05-01,0.9202,0.4380,1.3583,0.9423,0.9065,0.7969,0.9185,0.9489,0.9185
2007-06-01,0.9023,0.3354,1.3139,0.8660,0.8265,0.7469,0.8675,0.8073,0.8265
2007-07-01,0.9129,0.4332,1.2876,0.9292,0.8165,0.7569,0.9035,0.8074,0.8165
2007-08-01,0.9251,0.4505,1.2857,0.9479,0.8165,0.7269,0.8325,0.7823,0.8165
2007-09-01,0.9104,0.4675,1.4006,0.8749,0.8165,0.7569,0.7895,0.7161,0.7895
2007-10-01,0.9263,0.4244,1.4739,0.9220,0.8065,0.7569,0.9105,0.8360,0.8360
2007-11-01,0.9736,0.5173,1.4865,0.8979,0.8065,0.7169,0.8295,0.8541,0.8295
2007-12-01,0.9785,0.4900,1.4897,0.7800,0.7165,0.6369,0.7585,0.8398,0.7585
2008-01-01,1.0072,0.4860,1.5906,0.5746,0.5165,0.4269,0.5095,0.6306,0.5165
2008-02-01,0.9828,0.5383,1.4931,0.6316,0.5965,0.4869,0.5675,0.6346,0.5965
2008-03-01,0.9687,0.5931,1.5711,0.9755,0.9665,0.8669,0.8935,0.9718,0.9665
2008-04-01,0.9816,0.5235,1.4590,0.8124,0.7565,0.6769,0.7865,0.7829,0.7829
2008-05-01,0.9442,0.5061,1.4030,0.7975,0.7165,0.6769,0.7715,0.7600,0.7600
2008-06-01,0.9529,0.4813,1.4644,0.7479,0.7165,0.6369,0.7475,0.6327,0.7165
2008-07-01,0.9574,0.4687,1.6009,0.9010,0.8165,0.7469,0.8655,0.7775,0.8165
2008-08-01,0.9521,0.4911,1.5593,0.8210,0.6665,0.6969,0.8055,0.7221,0.7221
2008-09-01,0.9812,0.5737,1.5024,0.9141,0.8165,0.7569,0.8545,0.7760,0.8165
2008-10-01,0.9595,0.5519,1.3909,0.9582,0.8865,0.8369,0.9485,0.8873,0.8873
2008-11-01,0.9532,0.5049,1.2400,0.9875,0.9065,0.8469,0.9245,0.9443,0.9245
2008-12-01,0.9559,0.6395,1.3675,0.8308,0.7565,0.7569,0.8205,0.8851,0.8205
2009-01-01,0.9817,0.6618,1.4333,0.9513,0.8665,0.8369,0.9245,1.0183,0.9245
2009-02-01,0.9576,0.5446,1.3617,0.8296,0.7465,0.7069,0.8145,0.9297,0.8145
2009-03-01,0.9467,0.5775,1.3284,0.8088,0.7465,0.6969,0.7305,0.8318,0.7465
2009-04-01,0.9601,0.4896,1.3470,0.8901,0.8265,0.7269,0.8365,0.8495,0.8365
2009-05-01,0.9709,0.5533,1.3323,0.9162,0.8665,0.7869,0.8655,0.8610,0.8655
2009-06-01,0.9795,0.5771,1.3932,0.9903,0.8465,0.8369,0.9615,0.8354,0.8465
2009-07-01,0.9698,0.5216,1.5415,1.0464,0.9565,0.8869,1.0465,0.9387,0.9565
2009-08-01,0.9777,0.6281,1.4935,0.9879,0.9065,0.8569,0.9625,0.8463,0.9065
2009-09-01,0.9700,0.5184,1.4600,1.0453,0.9365,0.9169,0.9615,0.9097,0.9365
2009-10-01,0.9714,0.6177,1.4048,0.9862,0.8665,0.8469,0.9765,0.9301,0.9301
2009-11-01,0.9629,0.4405,1.4849,1.0631,1.0165,0.9069,1.0305,1.0337,1.0305
2009-12-01,0.9620,0.4990,1.4258,1.0004,0.8865,0.8569,0.9975,0.9970,0.9970
2010-01-01,0.9818,0.4718,1.5683,1.0770,0.9665,0.9169,1.0445,1.1523,1.0445
2010-02-01,0.9742,0.2948,1.5692,1.1504,1.0565,0.9869,1.1195,1.1866,1.1195
2010-03-01,1.0046,0.4878,1.4808,1.2243,1.1365,1.0569,1.1285,1.2219,1.1365
2010-04-01,1.0152,0.6087,1.5104,1.1935,1.0665,1.0269,1.1605,1.1620,1.1605
2010-05-01,1.0036,0.5592,1.5231,1.0783,0.9665,0.9269,1.0165,1.0633,1.0165
2010-06-01,0.9932,0.5460,1.4526,1.0130,0.8965,0.8569,0.9605,0.9176,0.9176
2010-07-01,0.9870,0.5971,1.5083,0.9815,0.8465,0.8169,0.9135,0.8530,0.8530
2010-08-01,1.0103,0.5995,1.4859,0.9782,0.8865,0.7969,0.9575,0.8473,0.8865
2010-09-01,1.0092,0.5344,1.5253,0.9292,0.8465,0.8069,0.9105,0.9049,0.9049
2010-10-01,0.9914,0.5291,1.5173,1.0074,0.9265,0.8369,1.0085,0.9664,0.9664
2010-11-01,1.0019,0.5763,1.4690,1.0973,1.0265,0.9269,1.0095,1.0266,1.0265
2010-12-01,0.9874,0.5323,1.4764,0.7984,0.6665,0.6669,0.7995,0.8272,0.7984
2011-01-01,1.0147,0.5009,1.5090,0.8222,0.7365,0.7269,0.8065,0.8682,0.8065
2011-02-01,1.0149,0.5129,1.4821,0.7934,0.6865,0.6869,0.7875,0.7884,0.7875
2011-03-01,0.9855,0.5894,1.4866,0.9186,0.8665,0.8169,0.8885,0.8944,0.8885
2011-04-01,0.9995,0.5310,1.4970,0.9604,0.8565,0.8269,0.9155,0.9231,0.9155
2011-05-01,0.9795,0.4081,1.5144,0.8071,0.7465,0.7169,0.7945,0.8232,0.7945
2011-06-01,1.0085,0.4603,1.5207,0.9108,0.8365,0.7769,0.9245,0.8514,0.8514
2011-07-01,1.0224,0.5472,1.5399,1.0095,0.9265,0.8569,1.0065,0.9441,0.9441
2011-08-01,1.0245,0.5189,1.3996,1.0201,0.9565,0.8569,0.9945,0.9119,0.9565
2011-09-01,1.0467,0.6096,1.4928,0.9051,0.7765,0.7869,0.8525,0.8533,0.8525
2011-10-01,1.0717,0.5839,1.4808,0.9430,0.8665,0.8169,0.9365,0.8797,0.8797
2011-11-01,1.0540,0.5580,1.6176,0.8762,0.8165,0.7169,0.8195,0.7981,0.8165
2011-12-01,1.0352,0.6487,1.4239,0.8583,0.8165,0.7569,0.8335,0.8909,0.8335
2012-01-01,1.0650,0.6253,1.5642,0.7358,0.6865,0.6669,0.6885,0.7930,0.6885
2012-02-01,1.0700,0.6294,1.5284,0.8272,0.6965,0.6869,0.7505,0.7763,0.7505
2012-03-01,1.1007,0.6434,1.6035,0.7879,0.7865,0.6969,0.7245,0.8168,0.7865
2012-04-01,1.0866,0.5772,1.5989,0.9750,0.9465,0.8769,0.9485,0.9638,0.9485
2012-05-01,1.0667,0.5529,1.5979,1.0213,0.9965,0.9069,1.0015,1.0385,1.0015
2012-06-01,1.0817,0.5846,1.6884,0.9955,0.8665,0.8569,0.9805,0.9505,0.9505
2012-07-01,1.0728,0.5758,1.5704,0.9362,0.8065,0.7869,0.8375,0.8413,0.8375
2012-08-01,1.0874,0.6064,1.5733,1.0140,0.8765,0.8269,0.9455,0.8774,0.8774
2012-09-01,1.0869,0.6805,1.5847,1.0043,0.9365,0.8969,0.9775,0.9188,0.9365
2012-10-01,1.1020,0.6681,1.6442,1.0929,1.0165,0.9369,1.1115,1.0693,1.0693
2012-11-01,1.0914,0.5914,1.5404,1.0840,0.9965,0.9069,1.0355,1.0887,1.0355
2012-12-01,1.1115,0.6676,1.5552,0.8243,0.7465,0.6869,0.8085,0.8969,0.8085
2013-01-01,1.1017,0.6204,1.5796,0.9728,0.9265,0.8569,0.9355,1.1054,0.9355
2013-02-01,1.1003,0.6750,1.6774,0.8901,0.8365,0.7569,0.8405,0.9802,0.8405
2013-03-01,1.0861,0.6435,1.5429,0.9471,0.8865,0.8069,0.8625,0.9768,0.8865
2013-04-01,1.0917,0.6842,1.5620,0.9368,0.7465,0.7569,0.8385,0.8732,0.8385
2013-05-01,1.0929,0.7536,1.4435,0.9214,0.8165,0.8169,0.8765,0.8864,0.8765
2013-06-01,1.0828,0.7333,1.4940,1.0268,0.9165,0.8769,0.9615,0.9384,0.9384
2013-07-01,1.0937,0.8082,1.4910,0.9551,0.8165,0.7769,0.8445,0.7759,0.8165
2013-08-01,1.0963,0.7135,1.5684,1.0053,0.9165,0.8369,0.9475,0.8557,0.9165
2013-09-01,1.1087,0.8045,1.6015,1.0876,0.9865,0.9169,1.0235,0.9757,0.9865
2013-10-01,1.1350,0.8065,1.6576,1.0167,0.9065,0.8269,0.9225,0.9014,0.9065
2013-11-01,1.1209,0.7773,1.5321,1.1343,1.0465,0.9569,1.0655,1.0425,1.0465
2013-12-01,1.0945,0.7871,1.5753,0.9688,0.9165,0.8669,0.9585,1.0556,0.9585
2014-01-01,1.1253,0.6964,1.6230,1.0360,0.9765,0.9169,0.9835,1.0856,0.9835
2014-02-01,1.1188,0.7171,1.5880,0.8543,0.7665,0.7469,0.8145,0.8688,0.8145
2014-03-01,1.1124,0.6919,1.5571,1.0536,0.9965,0.9669,0.9635,1.0436,0.9965
2014-04-01,1.0963,0.7301,1.5642,1.1019,1.0265,0.9369,1.0165,1.0191,1.0191
2014-05-01,1.0933,0.6982,1.5979,1.0986,1.0865,0.9769,1.0525,1.0483,1.0525
2014-06-01,1.0930,0.7816,1.6136,0.9831,0.8865,0.8769,0.9215,0.9032,0.9032
2014-07-01,1.1205,0.6910,1.7936,0.9507,0.7965,0.7969,0.8755,0.8667,0.8667
2014-08-01,1.1457,0.7766,1.7005,1.0977,1.0465,0.9769,1.0675,0.9370,1.0465
2014-09-01,1.1259,0.7523,1.7216,1.1295,1.0965,0.9769,1.0925,0.9903,1.0925
2014-10-01,1.1458,0.7530,1.7210,1.1067,1.0165,0.9369,1.0835,1.0136,1.0165
2014-11-01,1.1357,0.6877,1.7231,0.9977,0.8865,0.8269,0.9005,0.9439,0.9005
2014-12-01,1.1238,0.6191,1.6614,1.0468,1.0065,0.9669,1.0275,1.1171,1.0275
2015-01-01,1.1625,0.7242,1.7053,1.1024,1.0765,0.9869,1.0605,1.1512,1.0765
2015-02-01,1.1597,0.6839,1.6577,1.1449,1.1265,1.0169,1.0965,1.1632,1.1265
2015-03-01,1.1191,0.6502,1.6207,1.1604,1.1765,1.0869,1.0955,1.1816,1.1604
2015-04-01,1.1143,0.6626,1.6195,1.0562,0.9665,0.9569,1.0355,0.9660,0.9665
2015-05-01,1.1316,0.6857,1.6916,1.0961,1.0165,0.9669,1.0705,1.0417,1.0417
2015-06-01,1.1475,0.7458,1.6595,1.1208,1.0365,1.0069,1.0775,1.0173,1.0365
2015-07-01,1.1641,0.7615,1.6683,1.0791,0.9465,0.9269,1.0615,0.9546,0.9546
2015-08-01,1.1767,0.7229,1.6631,1.1692,1.0165,0.9769,1.1345,1.0433,1.0433
2015-09-01,1.1886,0.7457,1.6422,1.1875,1.0565,1.0669,1.1425,1.0728,1.0728
2015-10-01,1.1918,0.7858,1.7080,1.3830,1.2965,1.2069,1.3375,1.2913,1.2965
2015-11-01,1.2087,0.7553,1.7210,1.3559,1.2765,1.1869,1.2575,1.2786,1.2765
2015-12-01,1.1903,0.7134,1.5889,1.4038,1.3865,1.2569,1.4075,1.4681,1.4038
2016-01-01,1.2026,0.6853,1.8007,1.4503,1.3965,1.3369,1.4215,1.5096,1.4215
2016-02-01,1.1734,0.7944,1.7945,1.5870,1.5865,1.4869,1.5305,1.6430,1.5865
2016-03-01,1.1899,0.7785,1.7092,1.5489,1.5665,1.4769,1.5005,1.5788,1.5489
2016-04-01,1.1610,0.7766,1.6750,1.3950,1.3065,1.2769,1.3585,1.4390,1.3585
2016-05-01,1.1725,0.8421,1.5869,1.2435,1.1765,1.1069,1.2295,1.2803,1.2295
2016-06-01,1.1716,0.8571,1.6921,1.1397,1.0265,0.9869,1.1295,1.0923,1.0923
2016-07-01,1.2017,0.8484,1.7531,1.1319,1.0565,1.0169,1.1635,1.1615,1.1319
2016-08-01,1.2088,0.8413,1.6809,1.3097,1.2265,1.1369,1.2845,1.2022,1.2265
2016-09-01,1.2008,0.8907,1.7475,1.2061,1.1165,1.1069,1.1875,1.1636,1.1636
2016-10-01,1.2275,0.8672,1.8174,1.1807,1.0865,1.0069,1.2265,1.1917,1.1807
2016-11-01,1.2311,0.6887,1.8816,1.2095,1.1265,1.0869,1.2055,1.2975,1.2055
2016-12-01,1.2393,0.5546,1.9209,1.1409,1.0765,1.0569,1.1865,1.2641,1.1409
2017-01-01,1.2645,0.6472,1.8292,1.3173,1.2365,1.2169,1.2755,1.3621,1.2755
2017-02-01,1.2314,0.8093,1.8703,1.4359,1.3465,1.2869,1.3855,1.4639,1.3855
2017-03-01,1.2062,0.6726,1.8487,1.4191,1.3765,1.2769,1.4095,1.4525,1.4095
2017-04-01,1.2025,0.7086,1.7797,1.2092,1.1565,1.1169,1.1965,1.2377,1.1965
2017-05-01,1.2166,0.6976,1.7778,1.1471,1.1265,1.0769,1.1855,1.2375,1.1471
2017-06-01,1.2135,0.7599,1.7182,1.0207,0.9265,0.9369,1.0195,1.0328,1.0195
2017-07-01,1.2337,0.8005,1.7234,1.1641,1.0365,1.0169,1.1015,1.0666,1.0666
2017-08-01,1.2407,0.8480,1.7429,1.1719,1.0865,1.0469,1.1525,1.0969,1.0969
2017-09-01,1.2429,0.8510,1.7858,1.0917,0.9565,1.0269,1.0505,1.0855,1.0505
2017-10-01,1.2580,0.8093,1.7858,1.1733,1.0965,1.0769,1.1695,1.2094,1.1695
2017-11-01,1.2528,0.8505,1.7351,1.1643,1.0865,1.0469,1.0895,1.1408,1.0895
2017-12-01,1.2771,0.8172,1.8167,1.1753,1.1465,1.1369,1.1725,1.3006,1.1725
2018-01-01,1.2730,0.8198,1.8028,1.0791,1.0365,1.0169,1.0645,1.1993,1.0645
2018-02-01,1.2666,0.8648,1.8373,1.1483,1.0665,1.0769,1.1065,1.2271,1.1065
2018-03-01,1.2229,0.8225,1.7046,1.1476,1.0965,1.0669,1.0965,1.2262,1.0965
2018-04-01,1.2143,0.7873,1.7457,1.1836,1.0965,1.0769,1.1595,1.2147,1.1595
2018-05-01,1.2260,0.7446,1.7257,1.0706,1.0265,1.0169,1.0645,1.1168,1.0645
2018-06-01,1.2384,0.8200,1.7428,1.0974,0.9865,0.9669,1.0655,1.0560,1.0560
2018-07-01,1.2487,0.8214,1.7977,1.0963,1.0565,0.9869,1.1075,1.0793,1.0793
2018-08-01,1.2490,0.8294,1.9873,1.1037,0.9965,0.9769,1.0835,1.0094,1.0094
2018-09-01,1.2647,0.8649,1.9014,1.0456,1.0165,0.9869,1.0425,1.0054,1.0165
2018-10-01,1.2619,0.8456,1.8056,1.2273,1.2365,1.1769,1.2285,1.2047,1.2273
2018-11-01,1.2938,0.8590,1.9420,1.1027,1.0465,1.0169,1.0625,1.1311,1.0625
2018-12-01,1.3093,0.9212,1.8919,1.1843,1.1465,1.1169,1.1815,1.2596,1.1815
2019-01-01,1.2864,0.8809,1.8799,1.1842,1.1465,1.1169,1.1385,1.2430,1.1465
2019-02-01,1.2807,0.8789,1.9053,1.2071,1.1765,1.0969,1.1725,1.2729,1.1765
2019-03-01,1.2790,0.8563,1.9589,1.4502,1.3865,1.3369,1.3775,1.4611,1.3865
2019-04-01,1.2630,0.8105,1.9262,1.2986,1.2265,1.2169,1.2815,1.3468,1.2815
2019-05-01,1.2484,0.8337,1.7668,1.1497,1.0765,1.0969,1.1365,1.2218,1.1365
2019-06-01,1.2651,0.8182,1.8434,1.1793,1.1165,1.0869,1.1335,1.1997,1.1335
2019-07-01,1.2830,0.8092,1.9984,1.2230,1.1565,1.0969,1.1965,1.1979,1.1965
2019-08-01,1.3110,0.8034,1.9569,1.2062,1.1665,1.1169,1.1835,1.1570,1.1665
2019-09-01,1.3001,0.8362,1.9600,1.1825,1.1465,1.1169,1.1215,1.1847,1.1465
2019-10-01,1.3115,0.8653,1.9532,1.3233,1.2165,1.2169,1.3345,1.3033,1.3033
2019-11-01,1.3219,0.7629,1.9664,1.3029,1.2065,1.1769,1.2225,1.2977,1.2225
2019-12-01,1.2824,0.8259,1.9362,1.3941,1.3365,1.3169,1.3595,1.4682,1.3595
2020-01-01,1.2867,0.8487,1.8273,1.4323,1.3965,1.3469,1.3945,1.5398,1.3965
2020-02-01,1.2969,0.7945,1.9860,1.4797,1.4565,1.3869,1.4235,1.5543,1.4565
2020-03-01,1.2850,0.8493,1.9877,1.4443,1.3965,1.3069,1.3525,1.4405,1.3965
2020-04-01,1.2826,0.8622,2.0192,1.4195,1.3365,1.3069,1.4035,1.4299,1.4035
2020-05-01,1.2671,0.7925,1.9270,1.2681,1.2065,1.1769,1.2285,1.3310,1.2285
2020-06-01,1.2934,0.8600,1.8684,1.1826,1.1265,1.1069,1.1845,1.1912,1.1826
2020-07-01,1.3045,0.9241,1.8894,1.1937,1.1065,1.0769,1.2005,1.1262,1.1262
2020-08-01,1.2969,0.9497,1.9348,1.1803,1.0765,1.0769,1.1395,1.0676,1.0769
2020-09-01,1.3246,0.9135,1.9847,1.2351,1.1765,1.1669,1.1975,1.2395,1.1975
2020-10-01,1.3361,0.9277,2.1264,1.1685,1.0865,1.0769,1.1655,1.2261,1.1655
2020-11-01,1.3061,0.8409,2.0994,1.3775,1.3065,1.2469,1.3405,1.4299,1.3405
2020-12-01,1.3195,0.8813,1.9213,1.0610,1.0165,0.9969,1.0835,1.1637,1.0610
2021-01-01,1.3425,0.9186,2.1512,1.0776,1.0365,1.0069,1.0665,1.2019,1.0665
2021-02-01,1.3218,0.7641,1.9431,0.9366,0.8565,0.8269,0.8885,1.0246,0.8885
2021-03-01,1.3324,0.8810,2.0372,1.1074,1.1065,1.0669,1.0305,1.1424,1.1065
2021-04-01,1.3332,0.8961,1.9293,1.1270,0.9765,0.9769,1.0585,1.1001,1.0585
2021-05-01,1.3370,0.9470,1.9284,1.0705,1.0065,0.9969,1.0765,1.1224,1.0705
2021-06-01,1.3354,0.9074,2.0315,1.0887,1.0665,1.0169,1.0815,1.0436,1.0665
2021-07-01,1.3466,0.8131,2.0815,1.1617,1.1365,1.0669,1.1295,1.1318,1.1318
2021-08-01,1.3638,0.8726,2.0317,1.1787,1.0265,1.0469,1.1655,1.1120,1.1120
2021-09-01,1.3645,0.8771,2.0358,1.2438,1.1365,1.1069,1.1955,1.2074,1.1955
2021-10-01,1.3814,0.8510,2.0665,1.2965,1.1965,1.1569,1.2955,1.2714,1.2714
2021-11-01,1.4267,0.9960,2.1069,1.2340,1.1465,1.1069,1.1785,1.2388,1.1785
2021-12-01,1.4044,1.0397,2.2025,1.1264,1.0965,1.0569,1.1085,1.2509,1.1085
2022-01-01,1.3863,0.9098,2.2120,1.1519,1.1265,1.0969,1.1255,1.2359,1.1265
2022-02-01,1.4582,0.8630,2.1042,1.1255,1.1065,1.0769,1.0845,1.1942,1.1065
2022-03-01,1.4062,0.9248,1.9541,1.2580,1.2665,1.2469,1.2465,1.3468,1.2580
2022-04-01,1.3875,1.0140,1.9075,1.1396,1.0465,1.0569,1.1085,1.1928,1.1085
2022-05-01,1.3863,0.9490,2.0003,1.1218,1.0565,0.9969,1.0855,1.1208,1.0855
2022-06-01,1.3811,0.9197,1.9636,1.2174,1.1465,1.0969,1.2385,1.1389,1.1465
2022-07-01,1.3910,0.9979,2.0876,1.1489,1.1565,1.0769,1.1875,1.1783,1.1565
2022-08-01,1.3846,0.8490,2.0364,1.2437,1.1565,1.0869,1.1745,1.0966,1.1565
2022-09-01,1.4060,0.9063,1.9748,1.1839,1.0965,1.0469,1.1625,1.1554,1.1554
2022-10-01,1.4434,0.9565,2.1476,1.3188,1.1865,1.1369,1.3025,1.2589,1.2589
2022-11-01,1.4537,0.9519,2.0828,1.0388,0.9465,0.9369,0.9885,1.0549,0.9885
2022-12-01,1.4390,0.9422,2.1945,1.1108,1.0165,1.0069,1.1465,1.1994,1.1108
2023-01-01,1.4380,0.9180,2.1350,1.1541,1.0965,1.0569,1.1195,1.2050,1.1195
2023-02-01,1.4041,0.9045,2.0705,1.2554,1.1865,1.1869,1.1825,1.2570,1.1869
2023-03-01,1.3780,0.8134,1.9703,1.4989,1.4465,1.3969,1.4415,1.4645,1.4465
2023-04-01,1.3815,0.7946,1.9629,1.2905,1.2065,1.1669,1.2845,1.2301,1.2301
2023-05-01,1.3946,0.8924,2.0450,1.2474,1.1565,1.1369,1.2365,1.2604,1.2365
2023-06-01,1.3905,0.9289,2.0734,1.4295,1.3065,1.2369,1.4185,1.3620,1.3620
2023-07-01,1.4005,0.9358,2.1436,1.5309,1.4065,1.3369,1.5815,1.5249,1.5249
2023-08-01,1.4065,0.8590,2.0967,1.5813,1.4065,1.4169,1.5895,1.5105,1.5105
2023-09-01,1.4501,0.9887,2.0509,1.7194,1.6965,1.5769,1.7325,1.7363,1.7194
2023-10-01,1.4832,0.8390,2.1204,1.6947,1.5665,1.5269,1.6625,1.6998,1.6625
2023-11-01,1.5109,0.9434,2.2838,1.7127,1.6165,1.5769,1.6605,1.7466,1.6605
2023-12-01,1.4624,0.7712,2.2109,1.6317,1.5765,1.5269,1.6435,1.7737,1.6317
2024-01-01,1.4633,0.6101,2.0705,1.5229,1.4665,1.4669,1.4955,1.6566,1.4955
2024-02-01,1.4265,0.6620,2.0187,1.6613,1.6565,1.5669,1.6245,1.7654,1.6565
2024-03-01,1.4092,0.7228,2.0162,1.6060,1.6165,1.4869,1.5225,1.6809,1.6060
2024-04-01,1.4233,0.6698,2.0551,1.5868,1.5365,1.4369,1.5215,1.5798,1.5365
2024-05-01,1.4063,0.8021,2.1186,1.4334,1.3765,1.3269,1.4175,1.5169,1.4175
2024-06-01,1.4235,0.6853,2.0748,1.4662,1.4465,1.3469,1.4845,1.5053,1.4662
2024-07-01,1.4375,0.7236,2.0906,1.5092,1.4165,1.3569,1.4815,1.4811,1.4811
2024-08-01,1.4409,0.7301,2.0435,1.5903,1.5165,1.4169,1.5365,1.5125,1.5165
2024-09-01,1.4598,0.7987,2.0846,1.5237,1.4265,1.3869,1.5315,1.5337,1.5237
2024-10-01,1.4737,0.6888,2.0574,1.5819,1.5665,1.4869,1.6205,1.6489,1.5819
2024-11-01,1.4853,0.6755,2.2023,1.5895,1.5165,1.4769,1.6055,1.6212,1.5895
2024-12-01,1.4795,0.6107,2.2631,1.4904,1.4865,1.4269,1.5555,1.6873,1.4904
2025-01-01,1.5017,0.7063,2.2878,1.6268,1.5965,1.4869,1.6075,1.7454,1.6075
2025-02-01,1.5035,0.6844,2.2969,1.4888,1.4765,1.3969,1.5175,1.5916,1.4888
2025-03-01,1.4524,0.6273,2.2114,1.5632,1.5865,1.4869,1.5345,1.6030,1.5632
2025-04-01,1.4428,0.6189,2.1555,1.4743,1.4665,1.3669,1.4575,1.5109,1.4665
2025-05-01,1.4665,0.8161,2.1077,1.3284,1.2965,1.2369,1.3225,1.3957,1.3225
2025-06-01,1.4676,0.7477,2.1868,1.2550,1.2865,1.1369,1.2995,1.3051,1.2865
2025-07-01,1.4640,0.7516,2.1515,1.3170,1.2365,1.1269,1.2745,1.2499,1.2499
2025-08-01,1.5056,0.8213,2.1870,1.3888,1.3965,1.2269,1.3865,1.2909,1.3865
2025-09-01,1.5141,0.9047,2.2794,1.4848,1.4665,1.3069,1.5055,1.4682,1.4682
2025-10-01,1.5352,0.7442,2.4577,1.4679,1.4065,1.3169,1.4955,1.5453,1.4679
2025-11-01,1.5438,0.6217,2.4727,1.4659,1.4265,1.2969,1.4705,1.5417,1.4659
2025-12-01,1.5482,0.6084,2.4365,1.3317,1.2765,1.1969,1.3445,1.4152,1.3317
2026-01-01,1.5277,0.6077,2.4672,1.3869,1.3065,1.2669,1.4005,1.4696,1.3869
2026-02-01,1.4938,0.7569,2.3199,1.4498,1.4665,1.3369,1.4785,1.4961,1.4665
2026-03-01,1.5159,0.8119,2.5799,1.4874,1.5365,1.3869,1.4395,1.4840,1.4840
2026-04-01,1.5066,0.7895,2.3369,1.4424,1.3865,1.3169,1.4205,1.4332,1.4205
2026-05-01,1.4919,0.7534,2.2263,1.3913,1.3465,1.2469,1.3915,1.4155,1.3913
2026-06-01,1.4918,0.8175,2.2945,1.4427,1.3965,1.2869,1.4495,1.3893,1.3965
2026-07-01,1.4895,0.7414,2.2738,1.4681,1.4665,1.3769,1.5045,1.4719,1.4681
2026-08-01,1.4964,0.7648,2.3106,,1.6165,1.4969,1.6885,1.6462,1.6314
2026-09-01,1.5121,0.7466,2.3030,,,,,,
2026-10-01,1.5541,0.8215,2.3261,,,,,,
2026-11-01,1.5572,0.7655,2.5678,,,,,,
2026-12-01,1.5580,0.7553,2.4285,,,,,,
2027-01-01,1.5713,0.8389,2.2167,,,,,,
2027-02-01,1.5675,0.7674,2.3622,,,,,,
2027-03-01,1.5051,0.6411,2.3960,,,,,,
2027-04-01,1.4684,0.5902,2.4113,,,,,,
2027-05-01,1.4600,0.8042,2.1462,,,,,,
2027-06-01,1.4831,0.8516,2.2508,,,,,,
2027-07-01,1.4960,0.9171,2.3388,,,,,,
2027-08-01,1.5267,0.8767,2.3139,,,,,,
2027-09-01,1.5425,0.9677,2.3340,,,,,,
2027-10-01,1.5871,0.9800,2.4341,,,,,,
2027-11-01,1.5910,0.9787,2.3799,,,,,,
2027-12-01,1.5866,0.8387,2.1567,,,,,,
2028-01-01,1.5868,0.8130,2.4271,,,,,,
2028-02-01,1.5639,0.9661,2.2620,,,,,,
2028-03-01,1.5828,0.9856,2.2963,,,,,,
2028-04-01,1.5280,1.0700,2.2935,,,,,,
2028-05-01,1.5144,0.8994,2.2327,,,,,,
2028-06-01,1.5222,0.8972,2.2273,,,,,,
2028-07-01,1.5525,1.0575,2.2023,,,,,,
2028-08-01,1.5685,1.1422,2.3595,,,,,,
2028-09-01,1.5861,1.0435,2.3196,,,,,,
2028-10-01,1.6407,1.0228,2.3239,,,,,,
2028-11-01,1.6520,1.0928,2.4247,,,,,,
2028-12-01,1.6540,0.8270,2.3452,,,,,,
2029-01-01,1.6749,1.0027,2.4910,,,,,,
2029-02-01,1.6118,0.9887,2.3395,,,,,,
2029-03-01,1.6078,1.0249,2.2678,,,,,,
2029-04-01,1.5973,1.0548,2.2873,,,,,,
2029-05-01,1.5895,1.0077,2.2331,,,,,,
2029-06-01,1.6240,0.9400,2.2713,,,,,,
2029-07-01,1.6437,1.1962,2.4807,,,,,,
2029-08-01,1.6254,1.0283,2.4034,,,,,,
2029-09-01,1.6413,1.0008,2.3133,,,,,,
2029-10-01,1.6534,1.1462,2.2421,,,,,,
2029-11-01,1.6775,1.1355,2.4078,,,,,,
2029-12-01,1.6418,1.2130,2.3948,,,,,,
2030-01-01,1.6468,1.1608,2.4408,,,,,,
2030-02-01,1.5984,1.0618,2.2202,,,,,,
2030-03-01,1.5399,0.9946,2.1925,,,,,,
2030-04-01,1.5350,1.0429,2.2775,,,,,,
2030-05-01,1.5386,1.0739,2.3012,,,,,,
2030-06-01,1.5682,1.0285,2.2340,,,,,,
2030-07-01,1.5932,1.0498,2.4157,,,,,,
2030-08-01,1.5885,1.0085,2.2911,,,,,,
2030-09-01,1.6255,1.0373,2.3096,,,,,,
2030-10-01,1.6624,1.1131,2.3107,,,,,,
2030-11-01,1.6724,1.0976,2.3674,,,,,,
2030-12-01,1.6854,1.0570,2.3279,,,,,,
2031-01-01,1.6922,0.8992,2.4707,,,,,,
2031-02-01,1.6355,1.0241,2.4075,,,,,,
2031-03-01,1.6212,1.1244,2.3054,,,,,,
2031-04-01,1.6091,1.0656,2.1303,,,,,,
2031-05-01,1.5765,1.0179,2.2253,,,,,,
2031-06-01,1.5960,1.0545,2.1318,,,,,,
2031-07-01,1.6097,1.0265,2.2714,,,,,,
2031-08-01,1.6333,0.9458,2.3240,,,,,,
2031-09-01,1.6406,1.0266,2.3933,,,,,,
2031-10-01,1.6901,1.1089,2.3878,,,,,,
2031-11-01,1.6996,1.0400,2.4900,,,,,,
2031-12-01,1.6604,1.1241,2.5226,,,,,,
2032-01-01,1.7224,1.2339,2.3767,,,,,,
2032-02-01,1.6662,1.1160,2.1739,,,,,,
2032-03-01,1.6583,1.1449,2.4206,,,,,,
2032-04-01,1.6401,1.1223,2.3779,,,,,,
2032-05-01,1.6032,1.1532,2.3470,,,,,,
2032-06-01,1.6176,1.0998,2.2734,,,,,,
2032-07-01,1.6427,1.1923,2.2381,,,,,,
2032-08-01,1.6638,1.1553,2.4502,,,,,,
2032-09-01,1.6723,1.1360,2.3968,,,,,,
2032-10-01,1.7133,1.0265,2.3485,,,,,,
2032-11-01,1.7304,1.1234,2.3969,,,,,,
2032-12-01,1.7483,1.0866,2.3849,,,,,,
2033-01-01,1.7557,1.1418,2.5641,,,,,,
2033-02-01,1.7098,1.0534,2.5124,,,,,,
2033-03-01,1.6836,1.0167,2.3680,,,,,,
2033-04-01,1.6622,0.9631,2.2949,,,,,,
2033-05-01,1.6655,1.1115,2.3659,,,,,,
2033-06-01,1.6729,1.1009,2.4409,,,,,,
2033-07-01,1.7184,1.0788,2.4951,,,,,,
2033-08-01,1.7168,1.1360,2.5993,,,,,,
2033-09-01,1.7298,1.1779,2.4853,,,,,,
2033-10-01,1.7456,1.1909,2.4075,,,,,,
2033-11-01,1.7816,1.1276,2.6132,,,,,,
2033-12-01,1.7786,1.2132,2.6111,,,,,,
2034-01-01,1.7515,1.1988,2.5928,,,,,,
2034-02-01,1.7222,1.1162,2.6904,,,,,,
2034-03-01,1.6961,1.0575,2.7298,,,,,,
2034-04-01,1.6968,1.1982,2.4005,,,,,,
2034-05-01,1.6693,1.1291,2.3573,,,,,,
2034-06-01,1.7044,1.1417,2.3743,,,,,,
2034-07-01,1.7109,0.9978,2.4340,,,,,,
2034-08-01,1.7271,0.8748,2.5663,,,,,,
2034-09-01,1.7418,0.9306,2.4490,,,,,,
2034-10-01,1.7936,0.8512,2.6711,,,,,,
2034-11-01,1.8364,0.8491,2.8554,,,,,,
2034-12-01,1.8019,0.8053,2.7085,,,,,,
2035-01-01,1.7848,0.9573,2.7602,,,,,,
2035-02-01,1.7588,0.8700,2.5912,,,,,,
2035-03-01,1.6943,0.8595,2.5243,,,,,,
2035-04-01,1.6838,0.9644,2.3829,,,,,,
2035-05-01,1.6743,0.8487,2.3720,,,,,,
2035-06-01,1.6997,0.9106,2.3541,,,,,,
2035-07-01,1.7037,0.9253,2.5132,,,,,,
2035-08-01,1.7368,1.0353,2.5494,,,,,,
2035-09-01,1.7739,1.0550,2.6208,,,,,,
2035-10-01,1.7965,1.0137,2.7461,,,,,,
2035-11-01,1.7939,1.1101,2.7142,,,,,,
2035-12-01,1.8094,1.2049,2.8004,,,,,,
2036-01-01,1.8209,1.1933,2.6819,,,,,,
2036-02-01,1.7362,1.1237,2.5605,,,,,,
2036-03-01,1.7371,1.0818,2.7555,,,,,,
2036-04-01,1.7431,1.0109,2.5608,,,,,,
2036-05-01,1.7074,1.0776,2.4927,,,,,,
2036-06-01,1.7051,1.0514,2.5485,,,,,,
2036-07-01,1.7572,1.1378,2.6204,,,,,,
2036-08-01,1.7612,1.1601,2.5004,,,,,,
2036-09-01,1.7926,1.2636,2.6001,,,,,,
2036-10-01,1.8291,1.1397,2.5966,,,,,,
2036-11-01,1.8569,1.2642,2.6980,,,,,,
2036-12-01,1.8706,1.3239,2.8108,,,,,,
2037-01-01,1.8923,1.3562,2.7754,,,,,,
2037-02-01,1.8237,1.2888,2.7069,,,,,,
2037-03-01,1.7848,1.2969,2.6494,,,,,,
2037-04-01,1.7523,1.2426,2.5008,,,,,,
2037-05-01,1.7691,1.3149,2.5201,,,,,,
2037-06-01,1.7730,1.3055,2.5276,,,,,,
2037-07-01,1.8024,1.2616,2.4577,,,,,,
2037-08-01,1.8358,1.3074,2.6384,,,,,,
2037-09-01,1.8440,1.3050,2.5079,,,,,,
2037-10-01,1.8797,1.3707,2.5409,,,,,,
2037-11-01,1.9231,1.4642,2.7067,,,,,,
2037-12-01,1.9326,1.3884,2.5516,,,,,,
2038-01-01,1.9095,1.3996,2.4876,,,,,,
2038-02-01,1.9119,1.3953,2.6270,,,,,,
2038-03-01,1.8617,1.3082,2.6367,,,,,,
2038-04-01,1.8339,1.4181,2.5340,,,,,,
2038-05-01,1.7940,1.4125,2.3833,,,,,,
2038-06-01,1.8220,1.4167,2.3807,,,,,,
2038-07-01,1.8464,1.3128,2.4376,,,,,,
2038-08-01,1.8610,1.3154,2.5427,,,,,,
2038-09-01,1.8953,1.2519,2.5879,,,,,,
2038-10-01,1.9188,1.2268,2.7631,,,,,,
2038-11-01,1.9910,1.3306,2.9028,,,,,,
2038-12-01,1.9869,1.3311,2.9737,,,,,,
2039-01-01,1.9833,1.2504,2.8582,,,,,,
2039-02-01,1.9002,1.2389,2.7024,,,,,,
2039-03-01,1.8800,1.0234,2.6652,,,,,,
2039-04-01,1.8286,1.1151,2.6901,,,,,,
2039-05-01,1.8182,1.1826,2.6559,,,,,,
2039-06-01,1.8332,1.2288,2.5796,,,,,,
2039-07-01,1.8724,1.2109,2.5713,,,,,,
2039-08-01,1.8993,1.2669,2.7234,,,,,,
2039-09-01,1.9385,1.1659,2.6824,,,,,,
2039-10-01,1.9843,1.3296,2.7973,,,,,,
2039-11-01,2.0001,1.3317,2.7201,,,,,,
2039-12-01,1.9867,1.2519,2.8633,,,,,,
2040-01-01,1.9802,1.1016,2.8643,,,,,,
2040-02-01,1.9504,1.2090,2.6571,,,,,,
2040-03-01,1.9155,1.1450,2.6437,,,,,,
2040-04-01,1.8878,1.1271,2.7651,,,,,,
2040-05-01,1.8623,1.1157,2.6196,,,,,,
2040-06-01,1.8724,1.1785,2.5876,,,,,,
2040-07-01,1.9020,1.1814,2.6142,,,,,,
2040-08-01,1.9154,1.1438,2.7162,,,,,,
2040-09-01,1.9222,1.1841,2.6607,,,,,,
2040-10-01,1.9396,1.1844,2.6853,,,,,,
2040-11-01,1.9755,1.1316,2.8650,,,,,,
2040-12-01,1.9736,1.2566,2.7945,,,,,,
