# Climate models vs observations — CMIP5 (RCP4.5), baseline 1850-1900
# Climate Dashboard (https://github.com/hausfath/climate-dashboard) — regenerated daily; this file: 2026-09-25
# Monthly means, all series referenced to 1850-1900. model_mean/p05/p95: ensemble mean and 5th-95th percentile across members.
# Observation columns: HadCRUT5, GISTEMP, NOAA, Berkeley Earth, ERA5 (C3S).
# The dashboard's 12-month view is a 12-month rolling mean of these monthly columns.
# All values in degrees Celsius unless a column says otherwise. Load with pandas.read_csv(..., comment='#').
date,model_mean_c,model_p05_c,model_p95_c,hadcrut5,gistemp,noaa,berkeley,copernicus,obs_median_c
1900-01-01,0.0617,-0.1815,0.3540,-0.1133,-0.1535,-0.0931,0.0285,,-0.1032
1900-02-01,0.0734,-0.1691,0.3577,0.1759,0.1565,0.2369,0.3685,,0.2064
1900-03-01,0.1079,-0.0690,0.3893,0.1689,0.2165,0.1169,0.2135,,0.1912
1900-04-01,0.1185,-0.0898,0.3768,0.1426,0.1165,0.0769,0.1145,,0.1155
1900-05-01,0.1393,-0.0638,0.3869,0.0673,0.1265,0.0669,0.0885,,0.0779
1900-06-01,0.1384,-0.0253,0.3109,0.1446,0.1165,0.1569,0.1785,,0.1508
1900-07-01,0.1206,-0.0259,0.2688,0.1581,0.0865,0.0869,0.0755,,0.0867
1900-08-01,0.1030,-0.0293,0.2762,0.1579,0.1265,0.0869,0.1015,,0.1140
1900-09-01,0.0722,-0.0614,0.2237,0.1750,0.1565,0.0569,0.1575,,0.1570
1900-10-01,0.0374,-0.1659,0.2059,0.3101,0.3065,0.1569,0.3065,,0.3065
1900-11-01,-0.0061,-0.2760,0.1952,0.1107,0.1465,0.0669,0.1095,,0.1101
1900-12-01,-0.0097,-0.2051,0.2070,0.1547,0.1465,0.1469,0.1745,,0.1508
1901-01-01,0.0524,-0.2011,0.3879,0.1038,-0.0035,0.0069,0.0495,,0.0282
1901-02-01,0.0350,-0.1958,0.3192,0.1095,0.1065,0.0469,0.1615,,0.1080
1901-03-01,0.0552,-0.1464,0.3120,0.1881,0.2765,0.2269,0.1355,,0.2075
1901-04-01,0.0860,-0.1712,0.2789,0.2030,0.1865,0.1869,0.1825,,0.1867
1901-05-01,0.0914,-0.1151,0.3396,0.1334,0.0665,0.0769,0.2075,,0.1051
1901-06-01,0.0973,-0.0869,0.2952,0.1118,0.0965,0.0369,0.1175,,0.1042
1901-07-01,0.1259,-0.0729,0.3392,0.0221,0.0665,0.0469,0.0825,,0.0567
1901-08-01,0.1167,-0.0563,0.3578,0.1565,0.0165,0.0669,0.0775,,0.0722
1901-09-01,0.0765,-0.0717,0.2237,0.0117,-0.0135,-0.0331,0.0245,,-0.0009
1901-10-01,0.0277,-0.1558,0.1878,0.0323,-0.0735,-0.0831,-0.0205,,-0.0470
1901-11-01,0.0075,-0.1743,0.2406,-0.0058,0.0465,-0.0131,-0.0445,,-0.0095
1901-12-01,0.0234,-0.2086,0.3178,-0.0978,-0.0635,0.0769,0.0415,,-0.0110
1902-01-01,0.0685,-0.1804,0.3791,-0.0573,0.0465,-0.0131,0.0265,,0.0067
1902-02-01,0.0814,-0.1452,0.4217,0.1437,0.1265,0.1169,0.1635,,0.1351
1902-03-01,0.0690,-0.1995,0.3476,-0.0879,-0.0635,-0.1231,-0.1025,,-0.0952
1902-04-01,0.0553,-0.1660,0.2691,-0.0765,-0.0635,-0.0631,-0.0365,,-0.0633
1902-05-01,0.0840,-0.1717,0.3368,-0.0668,-0.1135,-0.0231,-0.0425,,-0.0546
1902-06-01,0.0813,-0.1027,0.3126,-0.0822,-0.1035,0.0369,-0.0475,,-0.0648
1902-07-01,0.0988,-0.1736,0.3137,-0.0431,-0.0635,0.0269,-0.0605,,-0.0518
1902-08-01,0.1028,-0.1586,0.3058,-0.0626,-0.0835,-0.0131,-0.1325,,-0.0731
1902-09-01,0.0668,-0.1810,0.2608,-0.0052,-0.0735,-0.0631,-0.0255,,-0.0443
1902-10-01,0.0153,-0.2587,0.2178,-0.1294,-0.0835,-0.0831,-0.1805,,-0.1064
1902-11-01,-0.0423,-0.2460,0.1454,-0.1861,-0.1535,-0.1031,-0.1785,,-0.1660
1902-12-01,-0.0847,-0.3000,0.1182,-0.1812,-0.2135,-0.1531,-0.1675,,-0.1744
1903-01-01,-0.0818,-0.3216,0.1883,-0.0547,-0.0335,-0.0231,0.0415,,-0.0283
1903-02-01,-0.0921,-0.4136,0.1794,0.1332,0.1465,-0.0531,0.0355,,0.0843
1903-03-01,-0.0689,-0.3152,0.1918,-0.0383,-0.0235,-0.0031,-0.0025,,-0.0133
1903-04-01,-0.0772,-0.2792,0.1253,-0.2220,-0.2035,-0.2431,-0.2735,,-0.2325
1903-05-01,-0.0709,-0.3736,0.1146,-0.1459,-0.1835,-0.1031,-0.1475,,-0.1467
1903-06-01,-0.0864,-0.3621,0.1381,-0.1816,-0.2135,-0.1031,-0.0995,,-0.1424
1903-07-01,-0.1084,-0.4466,0.0687,-0.1433,-0.1335,-0.1531,-0.2085,,-0.1482
1903-08-01,-0.1322,-0.4243,0.1046,-0.2428,-0.2335,-0.2031,-0.3765,,-0.2381
1903-09-01,-0.1394,-0.4055,0.0638,-0.2033,-0.2735,-0.2231,-0.2025,,-0.2132
1903-10-01,-0.1906,-0.5699,0.1475,-0.3060,-0.2535,-0.2831,-0.2405,,-0.2683
1903-11-01,-0.2173,-0.5540,0.0764,-0.2632,-0.2035,-0.1431,-0.2995,,-0.2334
1903-12-01,-0.2223,-0.4355,0.1036,-0.3403,-0.3035,-0.3231,-0.2835,,-0.3133
1904-01-01,-0.1418,-0.5379,0.1204,-0.4292,-0.4235,-0.4131,-0.4155,,-0.4195
1904-02-01,-0.1049,-0.3745,0.2537,-0.3990,-0.3735,-0.3431,-0.4115,,-0.3862
1904-03-01,-0.1131,-0.4628,0.2010,-0.3260,-0.3035,-0.1231,-0.2475,,-0.2755
1904-04-01,-0.0940,-0.4139,0.2057,-0.2771,-0.2935,-0.3131,-0.2445,,-0.2853
1904-05-01,-0.0868,-0.3769,0.1968,-0.2436,-0.3035,-0.2731,-0.2315,,-0.2584
1904-06-01,-0.0517,-0.2179,0.1778,-0.2009,-0.2735,-0.2131,-0.1925,,-0.2070
1904-07-01,-0.0516,-0.2108,0.1593,-0.1911,-0.3035,-0.2131,-0.2365,,-0.2248
1904-08-01,-0.0509,-0.2830,0.1762,-0.1162,-0.2835,-0.1931,-0.1825,,-0.1878
1904-09-01,-0.0795,-0.2940,0.0977,-0.2325,-0.3435,-0.2431,-0.2475,,-0.2453
1904-10-01,-0.1330,-0.4119,0.0707,-0.1847,-0.1835,-0.1631,-0.1265,,-0.1733
1904-11-01,-0.1608,-0.4359,0.0710,-0.0242,0.0265,-0.0231,-0.0165,,-0.0198
1904-12-01,-0.1387,-0.4026,0.0592,-0.1259,-0.1235,-0.0431,-0.1145,,-0.1190
1905-01-01,-0.0871,-0.4407,0.1932,-0.0888,-0.1435,-0.1031,-0.1385,,-0.1208
1905-02-01,-0.0874,-0.4384,0.1887,-0.3476,-0.3835,-0.3331,-0.3965,,-0.3656
1905-03-01,-0.0366,-0.2638,0.1760,-0.1510,-0.0035,-0.0731,-0.2125,,-0.1121
1905-04-01,-0.0326,-0.2557,0.2208,-0.1905,-0.1235,-0.1431,-0.2405,,-0.1668
1905-05-01,0.0247,-0.1995,0.2823,-0.0664,-0.0835,-0.0431,-0.0565,,-0.0615
1905-06-01,0.0263,-0.1650,0.2657,0.0230,-0.0735,0.0469,0.0065,,0.0148
1905-07-01,0.0268,-0.2438,0.2623,-0.0082,-0.0535,0.0269,0.0165,,0.0042
1905-08-01,0.0069,-0.2270,0.2885,0.0620,0.0165,-0.0631,-0.0605,,-0.0220
1905-09-01,-0.0114,-0.2190,0.1565,0.0210,0.0265,-0.1231,-0.0655,,-0.0222
1905-10-01,-0.0778,-0.2325,0.0818,0.0335,-0.0335,-0.1531,0.0015,,-0.0160
1905-11-01,-0.1037,-0.3046,0.1663,0.1525,0.1365,-0.0231,-0.0295,,0.0567
1905-12-01,-0.0880,-0.3491,0.1676,0.1035,0.0765,-0.1131,0.0755,,0.0760
1906-01-01,-0.0466,-0.3872,0.2501,0.0833,-0.0735,-0.1731,-0.0035,,-0.0385
1906-02-01,-0.0567,-0.2913,0.2306,-0.0090,-0.0835,-0.0431,0.0015,,-0.0261
1906-03-01,-0.0062,-0.2713,0.2476,0.0863,0.0265,-0.0131,0.1135,,0.0564
1906-04-01,0.0105,-0.3010,0.2947,0.2676,0.1565,0.1369,0.1975,,0.1770
1906-05-01,0.0575,-0.2398,0.3010,-0.0044,-0.0435,-0.0131,-0.0845,,-0.0283
1906-06-01,0.0536,-0.2763,0.2541,0.1387,0.0165,0.0569,0.0945,,0.0757
1906-07-01,0.0773,-0.2959,0.3375,0.0214,-0.0135,0.0769,0.0725,,0.0469
1906-08-01,0.0361,-0.1959,0.2944,0.0955,0.0165,-0.0531,0.0125,,0.0145
1906-09-01,0.0477,-0.1490,0.3015,0.0156,-0.0635,-0.0331,-0.0445,,-0.0388
1906-10-01,-0.0068,-0.2527,0.1897,0.0476,0.0165,-0.0031,0.0875,,0.0321
1906-11-01,-0.0468,-0.2995,0.1796,-0.1630,-0.1635,-0.0731,-0.0785,,-0.1208
1906-12-01,-0.0695,-0.3791,0.1790,0.0505,0.0665,0.1469,0.0025,,0.0585
1907-01-01,0.0117,-0.2027,0.2284,-0.1484,-0.2135,-0.1531,-0.1845,,-0.1688
1907-02-01,0.0409,-0.2212,0.3284,-0.2475,-0.2935,-0.3031,-0.2675,,-0.2805
1907-03-01,0.0460,-0.2433,0.2849,-0.0592,-0.0535,-0.1031,-0.0585,,-0.0589
1907-04-01,0.0459,-0.1683,0.2878,-0.1039,-0.1535,-0.2431,-0.1085,,-0.1310
1907-05-01,0.0831,-0.1610,0.3032,-0.2696,-0.2435,-0.2531,-0.2955,,-0.2613
1907-06-01,0.0506,-0.1275,0.2276,-0.1708,-0.2035,-0.1931,-0.1925,,-0.1928
1907-07-01,0.0549,-0.1338,0.2916,-0.0633,-0.1335,-0.0931,-0.1465,,-0.1133
1907-08-01,0.0399,-0.1590,0.2347,-0.1248,-0.1335,-0.1131,-0.1965,,-0.1291
1907-09-01,0.0065,-0.1664,0.2141,-0.0322,-0.1235,-0.1131,-0.1555,,-0.1183
1907-10-01,-0.0371,-0.3197,0.1408,0.0356,-0.0135,-0.0531,0.0265,,0.0065
1907-11-01,-0.0828,-0.2672,0.1032,-0.1805,-0.2535,-0.1931,-0.2285,,-0.2108
1907-12-01,-0.0762,-0.3322,0.1980,-0.2148,-0.2535,-0.2431,-0.1735,,-0.2289
1908-01-01,-0.0053,-0.2665,0.2716,-0.0841,-0.2335,-0.2931,-0.2155,,-0.2245
1908-02-01,0.0290,-0.2502,0.3074,-0.0380,-0.1135,-0.0531,-0.1275,,-0.0833
1908-03-01,0.0480,-0.1895,0.3106,-0.3288,-0.3435,-0.3031,-0.3785,,-0.3362
1908-04-01,0.0860,-0.1319,0.3342,-0.2136,-0.2335,-0.3331,-0.3475,,-0.2833
1908-05-01,0.0915,-0.1070,0.3341,-0.0700,-0.1635,-0.1731,-0.1765,,-0.1683
1908-06-01,0.0910,-0.1519,0.3127,-0.0413,-0.1735,-0.1331,-0.1855,,-0.1533
1908-07-01,0.0485,-0.1251,0.2802,-0.0280,-0.1435,-0.1031,-0.0885,,-0.0958
1908-08-01,0.0433,-0.1524,0.2488,-0.1131,-0.2535,-0.2331,-0.2355,,-0.2343
1908-09-01,0.0192,-0.1527,0.1599,-0.0154,-0.1435,-0.1831,-0.1195,,-0.1315
1908-10-01,-0.0261,-0.2187,0.1619,-0.1998,-0.2235,-0.2531,-0.1265,,-0.2116
1908-11-01,-0.0758,-0.2712,0.1502,-0.2700,-0.3035,-0.2331,-0.2875,,-0.2787
1908-12-01,-0.0224,-0.2333,0.1817,-0.2622,-0.2835,-0.2431,-0.2835,,-0.2728
1909-01-01,0.0114,-0.1851,0.2443,-0.3869,-0.5235,-0.4231,-0.4315,,-0.4273
1909-02-01,0.0207,-0.3585,0.2399,-0.1651,-0.2535,-0.1931,-0.2565,,-0.2233
1909-03-01,0.0553,-0.2685,0.3304,-0.2835,-0.3335,-0.2831,-0.3215,,-0.3025
1909-04-01,0.0923,-0.1808,0.3442,-0.2626,-0.3835,-0.2731,-0.3275,,-0.3003
1909-05-01,0.1217,-0.1479,0.3846,-0.2210,-0.3335,-0.2031,-0.2825,,-0.2517
1909-06-01,0.1219,-0.1050,0.3771,-0.1390,-0.3035,-0.2131,-0.2035,,-0.2083
1909-07-01,0.0844,-0.1381,0.3319,-0.1601,-0.2435,-0.2031,-0.2605,,-0.2233
1909-08-01,0.0938,-0.1186,0.3447,0.0394,-0.1235,-0.1331,-0.0455,,-0.0845
1909-09-01,0.0720,-0.1397,0.3318,-0.0396,-0.1735,-0.1431,-0.1145,,-0.1288
1909-10-01,0.0232,-0.2111,0.2475,-0.1217,-0.1835,-0.1231,-0.1345,,-0.1288
1909-11-01,-0.0000,-0.2576,0.2537,-0.0165,-0.1135,-0.0731,-0.1105,,-0.0918
1909-12-01,-0.0244,-0.2680,0.2554,-0.2240,-0.3535,-0.2031,-0.2125,,-0.2182
1910-01-01,0.0353,-0.1443,0.2271,-0.0496,-0.2135,-0.1231,-0.1235,,-0.1233
1910-02-01,0.0674,-0.1850,0.3532,-0.1370,-0.2035,-0.1931,-0.1475,,-0.1703
1910-03-01,0.0723,-0.1963,0.3734,-0.2339,-0.2935,-0.2431,-0.2655,,-0.2543
1910-04-01,0.1157,-0.0888,0.3713,-0.1571,-0.2135,-0.2031,-0.2965,,-0.2083
1910-05-01,0.1230,-0.1054,0.3272,-0.1553,-0.1335,-0.1331,-0.1455,,-0.1395
1910-06-01,0.1435,-0.0409,0.3378,-0.1845,-0.1835,-0.1231,-0.2065,,-0.1840
1910-07-01,0.1379,-0.0732,0.3468,-0.0742,-0.1335,-0.1231,-0.1035,,-0.1133
1910-08-01,0.1324,-0.0518,0.3092,-0.0230,-0.1535,-0.0731,-0.1575,,-0.1133
1910-09-01,0.0979,-0.1442,0.2568,-0.0497,-0.1735,-0.1431,-0.1565,,-0.1498
1910-10-01,0.0389,-0.1219,0.1693,-0.1095,-0.1935,-0.1931,-0.1155,,-0.1543
1910-11-01,0.0158,-0.2439,0.2383,-0.3001,-0.3635,-0.1631,-0.3135,,-0.3068
1910-12-01,0.0172,-0.2641,0.3148,-0.3768,-0.4635,-0.3231,-0.3505,,-0.3636
1911-01-01,0.0484,-0.2548,0.3590,-0.2884,-0.4135,-0.3431,-0.3085,,-0.3258
1911-02-01,0.0857,-0.2535,0.3941,-0.3386,-0.3735,-0.4031,-0.3895,,-0.3815
1911-03-01,0.0746,-0.1538,0.3151,-0.3968,-0.3935,-0.4031,-0.3615,,-0.3952
1911-04-01,0.1055,-0.2112,0.3532,-0.2741,-0.3335,-0.1931,-0.3455,,-0.3038
1911-05-01,0.1209,-0.1178,0.3431,-0.2736,-0.3035,-0.2531,-0.2735,,-0.2735
1911-06-01,0.1304,-0.1067,0.3828,-0.1924,-0.2935,-0.2231,-0.2525,,-0.2378
1911-07-01,0.1144,-0.0854,0.2825,-0.1291,-0.2135,-0.1831,-0.2505,,-0.1983
1911-08-01,0.1131,-0.0924,0.3513,-0.1421,-0.2235,-0.1731,-0.2295,,-0.1983
1911-09-01,0.0891,-0.1184,0.2669,-0.1331,-0.1935,-0.1331,-0.1915,,-0.1623
1911-10-01,0.0282,-0.2281,0.2554,0.0157,-0.0535,-0.0231,0.0165,,-0.0037
1911-11-01,0.0191,-0.2511,0.2282,0.0244,-0.0035,-0.0031,0.0105,,0.0037
1911-12-01,0.0292,-0.1929,0.3083,0.0649,-0.0135,-0.0031,0.1065,,0.0309
1912-01-01,0.0698,-0.2119,0.3378,0.0418,-0.0635,-0.0931,0.0055,,-0.0290
1912-02-01,0.0585,-0.1992,0.3074,0.0556,0.0465,-0.0231,0.0805,,0.0510
1912-03-01,0.1221,-0.1222,0.4052,-0.1889,-0.1835,-0.1931,-0.1045,,-0.1862
1912-04-01,0.1273,-0.1192,0.3909,0.0302,0.0265,-0.0131,-0.0045,,0.0110
1912-05-01,0.1446,-0.0842,0.4016,0.0326,-0.0035,-0.0231,-0.0615,,-0.0133
1912-06-01,0.1328,-0.0374,0.3307,0.0776,-0.0335,-0.0231,0.0575,,0.0172
1912-07-01,0.1053,-0.0717,0.3278,-0.1424,-0.2135,-0.1531,-0.0625,,-0.1477
1912-08-01,0.0564,-0.1622,0.2603,-0.2124,-0.3335,-0.2531,-0.2585,,-0.2558
1912-09-01,0.0171,-0.2109,0.2306,-0.2786,-0.3635,-0.2431,-0.2845,,-0.2815
1912-10-01,-0.0345,-0.2754,0.2325,-0.3172,-0.3735,-0.3531,-0.2535,,-0.3352
1912-11-01,-0.0391,-0.3948,0.2903,-0.1886,-0.1835,-0.0631,-0.1455,,-0.1645
1912-12-01,-0.0261,-0.3508,0.3063,-0.2090,-0.2235,-0.1031,-0.1755,,-0.1922
1913-01-01,-0.0213,-0.3323,0.3523,-0.1785,-0.2035,-0.1731,-0.2425,,-0.1910
1913-02-01,0.0284,-0.2546,0.2939,-0.1717,-0.2535,-0.1331,-0.2465,,-0.2091
1913-03-01,0.0163,-0.2878,0.2386,-0.2332,-0.2235,-0.2231,-0.2345,,-0.2283
1913-04-01,0.0632,-0.1887,0.2842,-0.1548,-0.1935,-0.1831,-0.1175,,-0.1689
1913-05-01,0.0472,-0.1958,0.3101,-0.1797,-0.2335,-0.1831,-0.2075,,-0.1953
1913-06-01,0.0349,-0.1938,0.2590,-0.1781,-0.2435,-0.1431,-0.1605,,-0.1693
1913-07-01,0.0479,-0.1714,0.2378,-0.1194,-0.1535,-0.0831,-0.1345,,-0.1269
1913-08-01,0.0338,-0.2031,0.2491,-0.0318,-0.1235,-0.0431,-0.1105,,-0.0768
1913-09-01,0.0018,-0.2375,0.2305,-0.0504,-0.1335,-0.1231,-0.1885,,-0.1283
1913-10-01,-0.0689,-0.3514,0.1229,-0.0744,-0.1135,-0.1131,-0.0505,,-0.0938
1913-11-01,-0.0851,-0.4224,0.1322,0.0064,0.0065,-0.0231,0.0385,,0.0065
1913-12-01,-0.0550,-0.3789,0.1768,0.2177,0.1765,0.1769,0.2665,,0.1973
1914-01-01,-0.0129,-0.3124,0.2324,0.2971,0.2365,0.1269,0.1445,,0.1905
1914-02-01,0.0220,-0.2952,0.2834,0.1124,0.1065,0.0869,0.0045,,0.0967
1914-03-01,0.0408,-0.2079,0.3011,-0.0240,-0.0435,-0.0431,-0.1005,,-0.0433
1914-04-01,0.0829,-0.1612,0.3437,-0.0331,-0.0935,0.0169,-0.0955,,-0.0633
1914-05-01,0.1074,-0.0900,0.3640,0.0594,-0.0035,0.0369,-0.0745,,0.0167
1914-06-01,0.0860,-0.1387,0.3008,0.0570,-0.0435,0.0369,0.0075,,0.0222
1914-07-01,0.0869,-0.1953,0.3573,0.0699,-0.0335,-0.0431,0.0695,,0.0180
1914-08-01,0.1057,-0.1350,0.3153,0.1225,0.0465,-0.0231,0.1005,,0.0735
1914-09-01,0.0554,-0.1179,0.2684,0.0654,0.0365,-0.0131,0.0305,,0.0335
1914-10-01,-0.0001,-0.2746,0.1745,0.2579,0.1765,0.1469,0.2645,,0.2172
1914-11-01,-0.0278,-0.2818,0.1841,0.1864,0.0465,0.1969,0.1295,,0.1580
1914-12-01,0.0064,-0.2842,0.3001,0.1300,0.1665,0.1669,0.1295,,0.1483
1915-01-01,0.0443,-0.1523,0.2591,0.0843,-0.0035,-0.0031,-0.0015,,-0.0023
1915-02-01,0.0551,-0.2299,0.2815,0.1544,0.1765,0.0569,0.0595,,0.1069
1915-03-01,0.0944,-0.1748,0.3962,0.1726,0.1065,0.1669,0.2355,,0.1697
1915-04-01,0.1319,-0.1186,0.3599,0.2823,0.2765,0.2569,0.2135,,0.2667
1915-05-01,0.1526,-0.1043,0.4174,0.1910,0.1565,0.1669,0.2025,,0.1790
1915-06-01,0.1562,-0.0566,0.3381,0.1934,-0.0135,0.0969,0.1715,,0.1342
1915-07-01,0.1726,0.0007,0.3874,0.1911,0.0865,0.1869,0.1255,,0.1562
1915-08-01,0.1458,-0.0118,0.3447,0.3037,-0.0135,0.1469,0.1395,,0.1432
1915-09-01,0.0921,-0.1360,0.2820,0.2556,0.0065,0.0969,0.0605,,0.0787
1915-10-01,0.0204,-0.1558,0.2039,0.0855,-0.0335,0.0069,0.1335,,0.0462
1915-11-01,0.0195,-0.1569,0.2257,0.1979,0.0765,0.1569,0.2025,,0.1774
1915-12-01,0.0195,-0.1988,0.2431,0.0154,-0.0035,-0.0531,-0.0005,,-0.0020
1916-01-01,0.0371,-0.2021,0.3988,0.0317,0.0765,0.0269,0.0235,,0.0293
1916-02-01,0.0790,-0.1709,0.4135,0.1029,0.0665,-0.0331,0.1295,,0.0847
1916-03-01,0.1309,-0.1025,0.4263,-0.0672,-0.0735,-0.0731,-0.0775,,-0.0733
1916-04-01,0.1427,-0.1761,0.4433,-0.0128,-0.0935,0.0169,-0.0475,,-0.0302
1916-05-01,0.1784,-0.1068,0.3758,-0.0588,-0.1435,-0.0231,-0.0475,,-0.0531
1916-06-01,0.1697,-0.1001,0.3999,-0.1300,-0.2835,-0.0531,-0.1205,,-0.1252
1916-07-01,0.1518,-0.1047,0.3507,-0.0184,-0.1535,-0.1231,-0.0435,,-0.0833
1916-08-01,0.1506,-0.1051,0.3776,0.0713,-0.0635,-0.0531,-0.0485,,-0.0508
1916-09-01,0.1128,-0.1094,0.3596,0.0426,-0.1435,-0.0831,-0.1155,,-0.0993
1916-10-01,0.0545,-0.1776,0.2900,-0.0045,-0.1135,-0.1431,-0.2075,,-0.1283
1916-11-01,0.0547,-0.2115,0.2800,-0.1415,-0.2535,-0.3131,-0.2685,,-0.2610
1916-12-01,0.0571,-0.2097,0.4149,-0.4438,-0.6035,-0.4631,-0.4225,,-0.4535
1917-01-01,0.0698,-0.2282,0.4341,-0.3238,-0.3535,-0.3131,-0.3895,,-0.3386
1917-02-01,0.0674,-0.2364,0.3740,-0.3484,-0.4135,-0.4131,-0.4245,,-0.4133
1917-03-01,0.1247,-0.1137,0.4119,-0.4126,-0.4135,-0.4831,-0.5325,,-0.4483
1917-04-01,0.1458,-0.0932,0.4258,-0.1757,-0.3335,-0.2331,-0.2445,,-0.2388
1917-05-01,0.1865,0.0148,0.3963,-0.2728,-0.3435,-0.3331,-0.3305,,-0.3318
1917-06-01,0.1885,-0.0813,0.4452,-0.1105,-0.2235,-0.1731,-0.1795,,-0.1763
1917-07-01,0.1628,-0.1716,0.4296,0.1104,-0.0435,0.0369,0.0185,,0.0277
1917-08-01,0.1572,-0.1320,0.3770,0.0290,-0.0135,-0.0731,-0.0245,,-0.0190
1917-09-01,0.1221,-0.1240,0.3267,0.0644,-0.0135,-0.0431,0.0515,,0.0190
1917-10-01,0.0840,-0.1880,0.2816,-0.1655,-0.2335,-0.2531,-0.1405,,-0.1995
1917-11-01,0.0383,-0.2357,0.2659,-0.0871,-0.1235,-0.2131,-0.2135,,-0.1683
1917-12-01,0.0667,-0.2361,0.3541,-0.4196,-0.4635,-0.4231,-0.4685,,-0.4433
1918-01-01,0.0558,-0.2433,0.3495,-0.1509,-0.2635,-0.3231,-0.2605,,-0.2620
1918-02-01,0.1036,-0.1874,0.4135,-0.3087,-0.1335,-0.3131,-0.3705,,-0.3109
1918-03-01,0.1041,-0.1918,0.3983,-0.2143,-0.0435,-0.1631,-0.2445,,-0.1887
1918-04-01,0.1560,-0.1424,0.3724,-0.2588,-0.2335,-0.3031,-0.2325,,-0.2461
1918-05-01,0.1559,-0.0966,0.4105,-0.1594,-0.2135,-0.2231,-0.2155,,-0.2145
1918-06-01,0.1759,-0.0440,0.4360,-0.0213,-0.1535,-0.2231,-0.1195,,-0.1365
1918-07-01,0.1927,-0.0739,0.3995,-0.0028,-0.1035,-0.0631,-0.0365,,-0.0498
1918-08-01,0.2148,-0.0612,0.3844,-0.0763,-0.1035,-0.1631,-0.1505,,-0.1270
1918-09-01,0.1766,-0.0896,0.4290,0.0936,0.0465,-0.0031,0.0395,,0.0430
1918-10-01,0.1142,-0.0928,0.3677,0.2507,0.1565,0.0469,0.2145,,0.1855
1918-11-01,0.0832,-0.1727,0.3461,0.1992,0.0965,-0.0031,0.2195,,0.1479
1918-12-01,0.0806,-0.2660,0.3660,-0.0491,-0.0835,-0.0631,0.0145,,-0.0561
1919-01-01,0.0929,-0.2915,0.4199,0.1250,0.0165,0.0969,0.0095,,0.0567
1919-02-01,0.0890,-0.2824,0.3780,0.1320,-0.0235,-0.0631,0.0585,,0.0175
1919-03-01,0.1117,-0.2467,0.4479,-0.0257,0.0065,-0.1131,-0.0955,,-0.0606
1919-04-01,0.1546,-0.1244,0.4289,0.1586,0.0865,0.1669,0.1035,,0.1310
1919-05-01,0.1618,-0.1236,0.3751,0.0554,-0.0635,0.0069,0.0005,,0.0037
1919-06-01,0.1920,-0.0706,0.3864,-0.0016,-0.1435,-0.0331,-0.0375,,-0.0353
1919-07-01,0.1895,-0.0602,0.3802,0.0472,-0.0735,-0.0531,-0.0675,,-0.0603
1919-08-01,0.1909,-0.0386,0.3755,0.1100,-0.1135,-0.0831,-0.0935,,-0.0883
1919-09-01,0.1634,-0.0350,0.3246,0.0736,-0.0335,0.0469,-0.0495,,0.0067
1919-10-01,0.1297,-0.0731,0.3796,0.0954,0.0165,-0.0731,-0.0155,,0.0005
1919-11-01,0.0980,-0.1129,0.3560,-0.1931,-0.2035,-0.0831,-0.1175,,-0.1553
1919-12-01,0.1033,-0.1051,0.3648,-0.1511,-0.2135,-0.0831,-0.1065,,-0.1288
1920-01-01,0.1353,-0.1276,0.3535,0.0924,-0.0435,0.1369,0.0555,,0.0740
1920-02-01,0.1464,-0.1316,0.4281,-0.1768,-0.0535,-0.0331,-0.0605,,-0.0570
1920-03-01,0.1601,-0.0584,0.3662,0.1993,0.0965,0.1269,0.0795,,0.1117
1920-04-01,0.1865,-0.0483,0.4824,0.0260,-0.0335,-0.0831,-0.0095,,-0.0215
1920-05-01,0.1962,-0.0312,0.4580,0.1080,-0.0535,0.0669,0.0235,,0.0452
1920-06-01,0.2160,-0.0615,0.4252,0.1152,-0.1435,0.0169,0.0825,,0.0497
1920-07-01,0.2117,0.0023,0.4845,0.0495,-0.0935,-0.0431,-0.0185,,-0.0308
1920-08-01,0.2000,-0.0147,0.4699,0.1342,-0.0435,-0.0331,0.0535,,0.0102
1920-09-01,0.1659,-0.0290,0.3802,0.1626,-0.0035,0.0169,0.1285,,0.0727
1920-10-01,0.1046,-0.1069,0.3177,0.1457,-0.0535,0.0169,0.1025,,0.0597
1920-11-01,0.1042,-0.1500,0.3669,0.0292,-0.0635,-0.0631,0.0665,,-0.0170
1920-12-01,0.0978,-0.1288,0.3971,-0.1238,-0.2535,-0.2031,-0.1015,,-0.1635
1921-01-01,0.1515,-0.1011,0.4383,0.1378,0.1665,0.0869,0.0515,,0.1124
1921-02-01,0.1483,-0.1035,0.4704,0.0726,0.0365,-0.0631,0.0445,,0.0405
1921-03-01,0.2000,-0.0917,0.4996,0.0197,-0.0135,-0.0531,-0.0695,,-0.0333
1921-04-01,0.2007,-0.0885,0.4304,0.0738,-0.0835,-0.0431,-0.0215,,-0.0323
1921-05-01,0.2086,-0.0596,0.4248,0.0675,-0.0835,0.0069,-0.0475,,-0.0203
1921-06-01,0.2011,-0.0105,0.4238,0.2085,-0.0535,0.0469,0.0735,,0.0602
1921-07-01,0.2048,-0.0261,0.4561,0.2158,0.0665,0.0769,0.1855,,0.1312
1921-08-01,0.2023,-0.0315,0.4398,0.0510,-0.0535,-0.0131,0.1075,,0.0190
1921-09-01,0.1689,-0.0587,0.3855,0.1708,0.0265,-0.0031,0.1005,,0.0635
1921-10-01,0.0819,-0.1530,0.2806,0.2385,0.1865,0.0769,0.2315,,0.2090
1921-11-01,0.0692,-0.1916,0.3168,0.1743,0.0665,0.0869,0.1365,,0.1117
1921-12-01,0.1109,-0.1935,0.3633,0.0875,0.0365,0.0769,0.1355,,0.0822
1922-01-01,0.1250,-0.1348,0.3620,-0.0505,-0.1235,-0.0631,-0.0595,,-0.0613
1922-02-01,0.1536,-0.1020,0.4710,-0.0378,-0.2335,-0.2031,-0.0915,,-0.1473
1922-03-01,0.1786,-0.1218,0.4585,0.0374,0.0665,0.0269,0.0335,,0.0354
1922-04-01,0.1986,-0.0825,0.4154,0.0730,-0.0135,0.0269,0.0925,,0.0499
1922-05-01,0.2157,-0.0540,0.4486,-0.0999,-0.1135,-0.1231,-0.0905,,-0.1067
1922-06-01,0.2209,-0.0801,0.4287,0.0712,-0.0935,-0.0931,-0.0545,,-0.0738
1922-07-01,0.2273,-0.0088,0.4404,0.1040,-0.0535,-0.0731,0.0625,,0.0045
1922-08-01,0.2265,-0.0326,0.4350,0.0139,-0.1135,-0.1431,-0.0445,,-0.0790
1922-09-01,0.2138,-0.0618,0.3702,0.0511,-0.1335,-0.0731,-0.0415,,-0.0573
1922-10-01,0.1761,-0.0920,0.3910,0.0206,-0.0935,-0.0831,0.0125,,-0.0353
1922-11-01,0.0906,-0.1490,0.3364,0.1135,0.0765,0.1269,0.0315,,0.0950
1922-12-01,0.1149,-0.1670,0.4513,0.0603,0.0165,0.0869,0.0065,,0.0384
1923-01-01,0.1453,-0.1627,0.4168,-0.0357,-0.0535,-0.0631,-0.0345,,-0.0446
1923-02-01,0.1794,-0.2004,0.4888,-0.1205,-0.1735,-0.1031,-0.1355,,-0.1280
1923-03-01,0.1918,-0.0787,0.5134,-0.0918,-0.1235,-0.1831,-0.1535,,-0.1385
1923-04-01,0.2235,-0.0446,0.4852,-0.0397,-0.1935,-0.1031,-0.0925,,-0.0978
1923-05-01,0.2389,-0.0436,0.4749,-0.0330,-0.1235,-0.0831,-0.0135,,-0.0581
1923-06-01,0.2292,-0.0774,0.4954,0.1079,-0.0735,0.0169,0.1085,,0.0624
1923-07-01,0.2461,-0.0205,0.4658,-0.0465,-0.0935,-0.1431,0.0005,,-0.0700
1923-08-01,0.2313,-0.0205,0.4387,0.0466,-0.1235,-0.1531,-0.0075,,-0.0655
1923-09-01,0.2163,0.0116,0.4252,0.0342,-0.0935,-0.0931,-0.0285,,-0.0608
1923-10-01,0.1561,-0.0706,0.4185,0.1994,0.0865,0.0069,0.1945,,0.1405
1923-11-01,0.1057,-0.1390,0.3559,0.3428,0.1965,0.1869,0.2695,,0.2330
1923-12-01,0.0995,-0.1348,0.3957,0.2759,0.1765,0.1669,0.3125,,0.2262
1924-01-01,0.1392,-0.1443,0.4490,0.0398,-0.0035,-0.0131,-0.0295,,-0.0083
1924-02-01,0.1608,-0.2349,0.5025,0.0582,-0.0135,-0.0031,0.0805,,0.0276
1924-03-01,0.1865,-0.1769,0.5511,0.1904,0.1265,0.0869,0.1685,,0.1475
1924-04-01,0.2015,-0.1272,0.4870,0.0299,-0.0835,-0.0131,-0.0665,,-0.0398
1924-05-01,0.2548,0.0348,0.4813,0.1561,0.0365,0.0269,0.0615,,0.0490
1924-06-01,0.2543,0.0677,0.4279,0.0981,-0.0435,-0.0131,0.0875,,0.0372
1924-07-01,0.2314,0.0513,0.3978,0.0716,-0.0735,-0.1131,0.0215,,-0.0260
1924-08-01,0.2042,0.0075,0.4459,0.0542,-0.1435,-0.1031,-0.0835,,-0.0933
1924-09-01,0.1984,-0.0047,0.3789,0.0424,-0.1035,-0.0831,-0.0145,,-0.0488
1924-10-01,0.1236,-0.1095,0.3769,0.0088,-0.1335,-0.0731,0.0085,,-0.0323
1924-11-01,0.1154,-0.1221,0.3477,0.0850,0.0165,-0.0231,0.0525,,0.0345
1924-12-01,0.1434,-0.0689,0.4861,-0.1222,-0.2135,-0.1231,-0.1335,,-0.1283
1925-01-01,0.1923,-0.1182,0.5776,-0.1166,-0.1635,-0.2431,-0.1645,,-0.1640
1925-02-01,0.2052,-0.1202,0.6127,-0.1063,-0.1735,-0.1231,-0.1965,,-0.1483
1925-03-01,0.2113,-0.0938,0.4960,-0.0061,-0.0535,-0.0531,-0.0325,,-0.0428
1925-04-01,0.1818,-0.0788,0.4574,0.0671,-0.0435,0.0269,-0.0095,,0.0087
1925-05-01,0.2227,-0.0442,0.4869,0.0605,-0.0735,-0.0331,0.0515,,0.0092
1925-06-01,0.2255,-0.0126,0.4730,0.0277,-0.1135,-0.0431,0.0365,,-0.0077
1925-07-01,0.2357,0.0320,0.4403,0.0306,-0.0535,-0.0231,0.0255,,0.0012
1925-08-01,0.2106,-0.0063,0.5087,0.2018,0.0065,-0.0131,0.0955,,0.0510
1925-09-01,0.1947,-0.0620,0.4250,0.1136,0.0165,-0.0331,0.0675,,0.0420
1925-10-01,0.1543,-0.0556,0.3970,0.0851,0.0465,0.0569,0.1815,,0.0710
1925-11-01,0.1247,-0.0884,0.3495,0.3156,0.2665,0.1469,0.2275,,0.2470
1925-12-01,0.1397,-0.1388,0.4521,0.3865,0.2765,0.2169,0.3185,,0.2975
1926-01-01,0.1563,-0.1247,0.3777,0.4496,0.4265,0.3269,0.3925,,0.4095
1926-02-01,0.1978,-0.1145,0.5130,0.3311,0.2365,0.1769,0.2095,,0.2230
1926-03-01,0.2288,-0.0804,0.5408,0.3890,0.3265,0.3069,0.2805,,0.3167
1926-04-01,0.2195,-0.0511,0.4794,0.2078,0.0865,0.1669,0.1265,,0.1467
1926-05-01,0.2330,0.0088,0.4606,0.1013,-0.0135,-0.0331,0.0635,,0.0250
1926-06-01,0.2296,-0.0237,0.5164,0.1871,-0.0435,0.0569,0.1315,,0.0942
1926-07-01,0.2429,0.0164,0.4622,0.1587,-0.0535,-0.0531,0.0335,,-0.0098
1926-08-01,0.2365,0.0471,0.4555,0.2664,0.0865,0.0369,0.1125,,0.0995
1926-09-01,0.2237,-0.0055,0.4314,0.2499,0.0765,0.0569,0.1565,,0.1165
1926-10-01,0.1776,-0.0433,0.4536,0.2988,0.1065,0.1969,0.3225,,0.2478
1926-11-01,0.1445,-0.1038,0.4429,0.2581,0.1465,0.0869,0.2175,,0.1820
1926-12-01,0.1543,-0.1477,0.4663,0.0510,-0.0835,-0.0631,0.0795,,-0.0060
1927-01-01,0.1844,-0.1579,0.5557,0.0580,-0.0535,-0.0731,0.0275,,-0.0130
1927-02-01,0.2022,-0.1264,0.6495,0.1614,0.0365,0.0569,0.1215,,0.0892
1927-03-01,0.2361,-0.0628,0.4556,-0.0405,-0.1735,-0.1831,-0.0535,,-0.1135
1927-04-01,0.2498,-0.0593,0.5492,0.0523,-0.0935,-0.1131,-0.0545,,-0.0740
1927-05-01,0.2549,0.0603,0.5488,0.1364,-0.0435,-0.0231,0.0785,,0.0277
1927-06-01,0.2669,0.0565,0.5493,0.1180,-0.0635,0.0169,0.0825,,0.0497
1927-07-01,0.2703,0.0105,0.4886,0.1570,0.0265,0.0169,0.1895,,0.0918
1927-08-01,0.2565,0.0045,0.4934,0.1608,-0.0235,0.1369,0.1785,,0.1489
1927-09-01,0.2357,0.0335,0.4481,0.2589,0.0965,0.0769,0.1405,,0.1185
1927-10-01,0.2014,-0.0390,0.4019,0.3465,0.2065,0.1969,0.3995,,0.2765
1927-11-01,0.1683,-0.0888,0.4711,0.2474,0.1565,0.1369,0.2625,,0.2020
1927-12-01,0.1488,-0.0799,0.4018,0.0481,-0.1135,-0.1331,-0.0175,,-0.0655
1928-01-01,0.2128,-0.0781,0.4817,0.3431,0.1965,0.1069,0.2675,,0.2320
1928-02-01,0.1772,-0.1194,0.4200,0.2452,0.1265,0.0669,0.1565,,0.1415
1928-03-01,0.2187,-0.1425,0.4917,0.0497,-0.0335,-0.0331,0.0175,,-0.0078
1928-04-01,0.2660,0.0966,0.4865,0.1319,-0.0735,-0.0431,0.0545,,0.0057
1928-05-01,0.2533,0.0882,0.4322,0.0657,-0.0835,-0.0231,0.0175,,-0.0028
1928-06-01,0.2607,0.0630,0.4617,0.0355,-0.1735,-0.0031,0.0365,,0.0162
1928-07-01,0.2674,0.0545,0.4722,0.1775,0.0165,-0.0031,0.1075,,0.0620
1928-08-01,0.2490,-0.0008,0.4979,0.1905,-0.0035,-0.0431,0.0895,,0.0430
1928-09-01,0.2300,0.0008,0.4256,0.1612,0.0065,0.0669,0.1195,,0.0932
1928-10-01,0.1821,-0.0355,0.4213,0.1813,0.0265,0.0169,0.1595,,0.0930
1928-11-01,0.1511,-0.0256,0.3335,0.1955,0.1165,0.1069,0.1125,,0.1145
1928-12-01,0.1667,-0.0331,0.4646,0.1363,0.0565,0.0669,0.1405,,0.1016
1929-01-01,0.1478,-0.0953,0.3892,-0.0662,-0.2335,-0.1731,-0.0725,,-0.1228
1929-02-01,0.1697,-0.1587,0.4813,-0.2333,-0.3635,-0.2531,-0.2045,,-0.2432
1929-03-01,0.2010,-0.0615,0.5438,-0.1172,-0.1135,-0.0931,-0.1265,,-0.1153
1929-04-01,0.2188,-0.0887,0.4886,-0.0729,-0.2035,-0.1831,-0.1475,,-0.1653
1929-05-01,0.2239,-0.0085,0.4793,-0.0670,-0.1635,-0.1531,-0.1385,,-0.1458
1929-06-01,0.2335,0.0370,0.4804,-0.0361,-0.2135,-0.1831,0.0395,,-0.1096
1929-07-01,0.2551,0.0763,0.4850,-0.0677,-0.1535,-0.2131,-0.0815,,-0.1175
1929-08-01,0.2321,0.0297,0.4522,0.1058,-0.1135,0.0069,0.1005,,0.0537
1929-09-01,0.2200,-0.0217,0.4626,0.0944,-0.0335,-0.0231,0.0085,,-0.0073
1929-10-01,0.1610,-0.1175,0.4161,0.1537,0.0765,0.0269,0.1425,,0.1095
1929-11-01,0.1273,-0.1175,0.4666,0.2308,0.0965,0.0469,0.1825,,0.1395
1929-12-01,0.1520,-0.1155,0.3841,-0.1938,-0.3335,-0.2731,-0.1705,,-0.2334
1930-01-01,0.1743,-0.1689,0.5655,0.0097,-0.0935,-0.0731,0.0155,,-0.0317
1930-02-01,0.1716,-0.1007,0.3991,0.0299,-0.0535,-0.0331,0.0085,,-0.0123
1930-03-01,0.1746,-0.2326,0.5112,0.1236,0.1065,0.0369,0.1325,,0.1151
1930-04-01,0.1953,-0.1454,0.4957,0.1436,-0.0335,0.0469,0.0495,,0.0482
1930-05-01,0.2101,-0.1854,0.4585,0.1209,-0.0235,0.0269,0.1395,,0.0739
1930-06-01,0.2215,-0.0847,0.4693,0.1710,-0.0035,0.0469,0.2315,,0.1089
1930-07-01,0.2119,-0.0941,0.4845,0.1880,0.0065,0.1269,0.2105,,0.1575
1930-08-01,0.2278,-0.0482,0.4544,0.2777,0.0665,0.0369,0.2555,,0.1610
1930-09-01,0.2050,-0.0689,0.4396,0.2751,0.0665,0.0469,0.1815,,0.1240
1930-10-01,0.1610,-0.1204,0.3921,0.2867,0.0965,0.0969,0.2905,,0.1918
1930-11-01,0.1047,-0.2606,0.3854,0.4369,0.3865,0.3569,0.4395,,0.4117
1930-12-01,0.1257,-0.1248,0.3673,0.3126,0.1565,0.1669,0.2705,,0.2187
1931-01-01,0.1677,-0.1190,0.4259,0.2406,0.1065,0.1569,0.2145,,0.1857
1931-02-01,0.1656,-0.0426,0.4540,0.1141,0.0165,0.0269,0.0655,,0.0462
1931-03-01,0.1950,-0.1091,0.5002,0.2538,0.1065,0.0969,0.1365,,0.1215
1931-04-01,0.2131,-0.0593,0.4769,0.1866,-0.0135,0.0269,0.0885,,0.0577
1931-05-01,0.2203,-0.0551,0.4874,0.1665,0.0165,0.0369,0.0665,,0.0517
1931-06-01,0.2101,-0.0459,0.3757,0.3446,0.1365,0.1569,0.2525,,0.2047
1931-07-01,0.2186,-0.1100,0.4239,0.3575,0.1765,0.1569,0.3005,,0.2385
1931-08-01,0.2214,0.0081,0.5204,0.3322,0.1765,0.1869,0.2555,,0.2212
1931-09-01,0.2106,-0.0764,0.4939,0.3177,0.1465,0.1869,0.2845,,0.2357
1931-10-01,0.1662,-0.0794,0.4012,0.3454,0.2765,0.1869,0.4035,,0.3110
1931-11-01,0.1417,-0.0758,0.3324,0.2186,0.1565,0.1669,0.2525,,0.1928
1931-12-01,0.1540,-0.1391,0.4245,0.2669,0.1665,0.1569,0.2405,,0.2035
1932-01-01,0.1843,-0.0758,0.5155,0.4381,0.3665,0.2969,0.3575,,0.3620
1932-02-01,0.2002,-0.0519,0.5060,0.1797,0.0465,-0.0231,0.0145,,0.0305
1932-03-01,0.2040,-0.0854,0.4611,0.1667,0.0365,0.0869,0.1145,,0.1007
1932-04-01,0.2430,-0.0554,0.6064,0.2910,0.1565,0.1369,0.2255,,0.1910
1932-05-01,0.2550,-0.0086,0.4999,0.2007,0.0365,0.0569,0.1555,,0.1062
1932-06-01,0.2646,-0.0111,0.4845,0.1115,-0.0735,0.0569,0.1205,,0.0842
1932-07-01,0.2432,0.0138,0.4791,0.2342,-0.0335,0.0269,0.2065,,0.1167
1932-08-01,0.2409,-0.0442,0.4912,0.1803,-0.0035,-0.0831,0.1365,,0.0665
1932-09-01,0.2203,-0.0051,0.4591,0.3652,0.1065,0.1769,0.2735,,0.2252
1932-10-01,0.1639,-0.1218,0.3692,0.2738,0.1265,0.1069,0.2145,,0.1705
1932-11-01,0.1014,-0.2281,0.3619,0.0720,-0.0535,-0.0531,0.0525,,-0.0003
1932-12-01,0.1377,-0.1358,0.4769,0.1015,-0.0535,0.0269,0.1055,,0.0642
1933-01-01,0.1690,-0.0799,0.4121,0.0437,-0.0235,0.0469,0.0695,,0.0453
1933-02-01,0.1435,-0.1102,0.3880,0.0191,-0.0835,-0.0931,0.0275,,-0.0322
1933-03-01,0.1735,-0.0256,0.5173,-0.0328,-0.0735,-0.0231,-0.0545,,-0.0436
1933-04-01,0.1968,-0.0786,0.4881,0.0653,-0.0235,-0.0031,0.0385,,0.0177
1933-05-01,0.2083,-0.0258,0.5590,0.0770,-0.0735,-0.0431,0.0525,,0.0047
1933-06-01,0.2169,0.0093,0.4945,0.0409,-0.1235,-0.0331,0.0635,,0.0039
1933-07-01,0.2127,-0.0068,0.4668,0.0739,-0.0035,-0.0831,0.0655,,0.0310
1933-08-01,0.1887,-0.0286,0.4431,0.2139,-0.0235,-0.0231,0.1225,,0.0497
1933-09-01,0.1821,-0.0287,0.3410,0.0396,-0.0735,-0.1631,0.0175,,-0.0280
1933-10-01,0.1102,-0.0690,0.3235,0.1191,-0.0335,-0.0231,0.1925,,0.0480
1933-11-01,0.0664,-0.1851,0.3386,-0.0382,-0.0935,-0.1031,-0.0205,,-0.0658
1933-12-01,0.0891,-0.2351,0.3369,-0.1469,-0.2335,-0.2031,-0.1525,,-0.1778
1934-01-01,0.1190,-0.1965,0.4293,0.0376,0.0065,-0.0631,0.0325,,0.0195
1934-02-01,0.1440,-0.2122,0.4081,0.2197,0.1865,0.1069,0.2285,,0.2031
1934-03-01,0.1750,-0.0675,0.4480,-0.0615,-0.0735,-0.0631,-0.0505,,-0.0623
1934-04-01,0.2047,-0.0688,0.4189,-0.0170,-0.0935,-0.0331,-0.0365,,-0.0348
1934-05-01,0.2097,-0.0748,0.4268,0.2182,0.1165,0.1169,0.1595,,0.1382
1934-06-01,0.2075,0.0094,0.4100,0.2773,0.0665,0.0769,0.2295,,0.1532
1934-07-01,0.2013,-0.0540,0.3697,0.1879,0.1065,0.0669,0.1945,,0.1472
1934-08-01,0.1734,-0.0953,0.3957,0.2514,0.0965,0.0669,0.1495,,0.1230
1934-09-01,0.1494,-0.0475,0.3538,0.2287,0.0665,0.1069,0.2065,,0.1567
1934-10-01,0.1489,-0.1084,0.3478,0.2847,0.1465,0.1569,0.3435,,0.2208
1934-11-01,0.1345,-0.1819,0.3808,0.4035,0.2465,0.2369,0.4345,,0.3250
1934-12-01,0.1333,-0.1990,0.4594,0.2593,0.1865,0.1369,0.2265,,0.2065
1935-01-01,0.1694,-0.2036,0.5030,0.0105,-0.1235,-0.0731,-0.0245,,-0.0488
1935-02-01,0.1628,-0.1682,0.4568,0.4085,0.3565,0.3269,0.3995,,0.3780
1935-03-01,0.2075,-0.1317,0.4807,0.1349,0.0765,0.0369,0.1085,,0.0925
1935-04-01,0.2220,-0.0037,0.4536,0.0364,-0.1635,-0.1431,0.0105,,-0.0663
1935-05-01,0.2496,-0.0145,0.4880,0.0383,-0.0735,-0.0531,0.0155,,-0.0188
1935-06-01,0.2467,0.0370,0.4772,0.1501,-0.0535,-0.0531,0.1305,,0.0387
1935-07-01,0.2588,0.0101,0.4918,0.2178,-0.0035,0.0869,0.2425,,0.1523
1935-08-01,0.2429,-0.0763,0.4572,0.2183,-0.0035,0.0869,0.1935,,0.1402
1935-09-01,0.2399,-0.0256,0.4588,0.1742,0.0065,0.1069,0.1685,,0.1377
1935-10-01,0.1861,-0.0712,0.4134,0.3141,0.1565,0.1369,0.2925,,0.2245
1935-11-01,0.1665,-0.0634,0.4117,0.0415,-0.0435,0.0169,0.0365,,0.0267
1935-12-01,0.1878,-0.0780,0.4935,0.1153,0.0465,0.0869,0.1135,,0.1002
1936-01-01,0.2046,-0.0868,0.4527,-0.0255,-0.0635,-0.1031,-0.0145,,-0.0445
1936-02-01,0.2379,0.0244,0.5324,0.0286,-0.1635,-0.0731,-0.0195,,-0.0463
1936-03-01,0.2545,-0.0678,0.4912,0.0334,0.0065,-0.0031,0.0525,,0.0200
1936-04-01,0.2714,-0.0305,0.5644,0.1716,0.0065,0.0669,0.1165,,0.0917
1936-05-01,0.2882,0.0254,0.4962,0.1894,0.0565,0.0469,0.1355,,0.0960
1936-06-01,0.2846,-0.0091,0.5681,0.2181,-0.0035,0.0569,0.2165,,0.1367
1936-07-01,0.3021,0.0795,0.5388,0.2888,0.1165,0.1669,0.2855,,0.2262
1936-08-01,0.2858,0.0514,0.5598,0.2972,0.0765,0.2169,0.2855,,0.2512
1936-09-01,0.2455,0.0299,0.4762,0.2591,0.1265,0.0969,0.2505,,0.1885
1936-10-01,0.1975,-0.0894,0.4407,0.3279,0.1865,0.2069,0.3785,,0.2674
1936-11-01,0.1525,-0.1784,0.4587,0.3047,0.2265,0.1469,0.2625,,0.2445
1936-12-01,0.1705,-0.1269,0.3873,0.2695,0.2065,0.1769,0.3175,,0.2380
1937-01-01,0.2410,-0.0444,0.5002,0.2433,0.1365,0.1269,0.2125,,0.1745
1937-02-01,0.2757,-0.0559,0.5468,0.4399,0.2465,0.2369,0.3575,,0.3020
1937-03-01,0.2759,-0.0064,0.5918,0.1063,0.0065,0.0069,0.1455,,0.0566
1937-04-01,0.2769,-0.0597,0.6148,0.2497,0.0565,0.0269,0.2155,,0.1360
1937-05-01,0.2916,-0.1202,0.5326,0.2783,0.1565,0.1369,0.2125,,0.1845
1937-06-01,0.2960,-0.0364,0.5436,0.3613,0.1665,0.1569,0.3215,,0.2440
1937-07-01,0.3013,0.0480,0.5197,0.3924,0.1765,0.1769,0.4005,,0.2846
1937-08-01,0.2860,0.0695,0.5548,0.4088,0.2265,0.2369,0.3785,,0.3077
1937-09-01,0.2567,0.0747,0.4691,0.5154,0.3065,0.2969,0.4855,,0.3960
1937-10-01,0.1971,-0.0119,0.4737,0.4990,0.2965,0.2869,0.5365,,0.3978
1937-11-01,0.1793,-0.1433,0.4391,0.4335,0.2865,0.2769,0.4115,,0.3490
1937-12-01,0.1907,-0.0902,0.4222,0.2938,0.1365,0.1169,0.2955,,0.2152
1938-01-01,0.2219,-0.0926,0.5226,0.4128,0.2965,0.2169,0.3585,,0.3275
1938-02-01,0.2255,-0.1574,0.4544,0.3537,0.2465,0.2269,0.3545,,0.3001
1938-03-01,0.2394,-0.0593,0.4638,0.3425,0.3165,0.2869,0.3425,,0.3295
1938-04-01,0.2543,-0.0234,0.4854,0.4015,0.2765,0.2669,0.2935,,0.2850
1938-05-01,0.2927,-0.0006,0.4849,0.2644,0.1165,0.1169,0.2215,,0.1692
1938-06-01,0.3139,0.0907,0.4927,0.2758,0.0465,0.0269,0.1795,,0.1130
1938-07-01,0.3115,0.1049,0.5183,0.3234,0.1165,0.1569,0.2825,,0.2197
1938-08-01,0.2871,0.0795,0.4700,0.3695,0.1565,0.1569,0.2725,,0.2147
1938-09-01,0.2425,-0.0036,0.4002,0.3925,0.2265,0.2469,0.3765,,0.3117
1938-10-01,0.1932,-0.0019,0.4237,0.5337,0.3565,0.2869,0.5155,,0.4360
1938-11-01,0.1690,-0.1985,0.4254,0.4203,0.2865,0.2669,0.3955,,0.3410
1938-12-01,0.1733,-0.1909,0.4552,0.1695,0.0865,0.0469,0.1805,,0.1280
1939-01-01,0.2119,-0.1585,0.4423,0.2532,0.1565,0.1469,0.2235,,0.1900
1939-02-01,0.2124,-0.1626,0.5400,0.2471,0.1465,0.1269,0.1865,,0.1665
1939-03-01,0.2563,0.0472,0.5243,0.0730,0.0365,-0.0431,0.0505,,0.0435
1939-04-01,0.2727,-0.0474,0.4923,0.2514,0.1165,0.0369,0.2495,,0.1830
1939-05-01,0.2727,0.0264,0.5055,0.3280,0.1665,0.1469,0.3625,,0.2473
1939-06-01,0.2691,0.0519,0.4893,0.3833,0.1465,0.1669,0.3805,,0.2737
1939-07-01,0.2809,0.0527,0.5569,0.3318,0.1565,0.2569,0.3035,,0.2802
1939-08-01,0.2778,0.0561,0.5521,0.3317,0.1465,0.2469,0.3345,,0.2893
1939-09-01,0.2428,0.0794,0.4725,0.3526,0.1365,0.2469,0.3695,,0.2997
1939-10-01,0.1959,-0.0185,0.3988,0.2670,0.1765,0.1469,0.2915,,0.2218
1939-11-01,0.1783,-0.0580,0.4021,0.3886,0.2865,0.2869,0.3595,,0.3232
1939-12-01,0.1917,-0.1042,0.4763,0.7051,0.6365,0.6169,0.6835,,0.6600
1940-01-01,0.1851,-0.1355,0.3962,0.3211,0.2065,0.2669,0.3755,0.0133,0.2669
1940-02-01,0.2492,-0.1475,0.5123,0.4481,0.2965,0.3769,0.4625,0.0979,0.3769
1940-03-01,0.2472,-0.0292,0.4965,0.3249,0.3065,0.2569,0.4425,0.0678,0.3065
1940-04-01,0.2704,0.0414,0.4920,0.5107,0.3865,0.4369,0.4795,0.3048,0.4369
1940-05-01,0.2720,0.0363,0.4439,0.4033,0.3265,0.3669,0.4255,0.3490,0.3669
1940-06-01,0.2740,0.0784,0.4629,0.4113,0.3265,0.2269,0.4265,0.1630,0.3265
1940-07-01,0.2752,0.0523,0.5173,0.5158,0.3365,0.2569,0.4595,0.3515,0.3515
1940-08-01,0.2772,-0.0431,0.4913,0.4696,0.2765,0.2569,0.3905,0.3022,0.3022
1940-09-01,0.2262,-0.0051,0.4527,0.4965,0.3665,0.3469,0.4385,0.1712,0.3665
1940-10-01,0.1836,-0.0308,0.4413,0.4655,0.3265,0.3669,0.4375,0.0369,0.3669
1940-11-01,0.1796,-0.0926,0.4635,0.3657,0.3765,0.3569,0.3295,0.1335,0.3569
1940-12-01,0.1785,-0.0563,0.4671,0.5679,0.5265,0.4769,0.4925,0.3291,0.4925
1941-01-01,0.2173,-0.1465,0.5780,0.3243,0.3865,0.3169,0.1465,0.2775,0.3169
1941-02-01,0.2263,-0.0993,0.5176,0.4798,0.5165,0.4569,0.3265,0.4213,0.4569
1941-03-01,0.2882,0.0167,0.5762,0.2448,0.3165,0.2869,0.2245,0.2392,0.2448
1941-04-01,0.2933,0.0297,0.6163,0.4009,0.3765,0.4269,0.2525,0.1028,0.3765
1941-05-01,0.3070,0.0410,0.5717,0.4259,0.3765,0.3569,0.3015,0.2580,0.3569
1941-06-01,0.2969,0.1058,0.5862,0.4227,0.3365,0.3769,0.3775,0.3384,0.3769
1941-07-01,0.2898,0.0644,0.5669,0.5242,0.4265,0.3969,0.4795,0.2583,0.4265
1941-08-01,0.2872,0.1064,0.5291,0.4039,0.3565,0.3769,0.3225,0.3265,0.3565
1941-09-01,0.2754,0.0397,0.4679,0.2211,0.2365,0.2769,0.1475,-0.0481,0.2211
1941-10-01,0.2305,0.0256,0.4454,0.5783,0.5665,0.5069,0.4755,0.3419,0.5069
1941-11-01,0.2259,-0.0442,0.4568,0.3552,0.4365,0.3769,0.3045,0.1082,0.3552
1941-12-01,0.2239,-0.0363,0.4589,0.4455,0.4265,0.5169,0.3445,0.2377,0.4265
1942-01-01,0.2485,-0.0675,0.4823,0.6176,0.5065,0.4869,0.4785,0.3972,0.4869
1942-02-01,0.2426,-0.1121,0.5283,0.3834,0.2365,0.1469,0.1975,0.1678,0.1975
1942-03-01,0.2645,-0.0583,0.5475,0.3226,0.2665,0.2669,0.2365,0.2443,0.2665
1942-04-01,0.2835,-0.0418,0.5748,0.3589,0.3065,0.2469,0.1805,0.1061,0.2469
1942-05-01,0.2883,-0.0013,0.5438,0.4902,0.3265,0.2869,0.2905,0.2566,0.2905
1942-06-01,0.2794,0.0390,0.4798,0.3951,0.2565,0.2769,0.2845,0.1515,0.2769
1942-07-01,0.2887,0.0497,0.4909,0.3054,0.2165,0.1669,0.1875,0.0765,0.1875
1942-08-01,0.2670,0.1028,0.5049,0.3067,0.1765,0.2169,0.1515,0.0530,0.1765
1942-09-01,0.2513,0.0878,0.4638,0.3535,0.1865,0.2569,0.2395,0.0647,0.2395
1942-10-01,0.1951,-0.0324,0.4045,0.2753,0.2265,0.2069,0.2475,0.1286,0.2265
1942-11-01,0.1659,-0.0984,0.3997,0.3121,0.3065,0.2469,0.2195,0.0183,0.2469
1942-12-01,0.1988,-0.0784,0.4530,0.2874,0.3265,0.2569,0.2655,0.1094,0.2655
1943-01-01,0.2526,-0.0447,0.5449,0.1769,0.2065,0.1169,0.1725,0.1410,0.1725
1943-02-01,0.2547,-0.0581,0.5447,0.3408,0.3865,0.2469,0.3005,0.2804,0.3005
1943-03-01,0.2506,0.0270,0.5868,0.2041,0.1765,0.1769,0.1055,0.0675,0.1765
1943-04-01,0.2369,-0.0306,0.5119,0.3902,0.3265,0.3369,0.2625,0.1374,0.3265
1943-05-01,0.2626,-0.1584,0.5800,0.4007,0.2765,0.2269,0.2515,0.2355,0.2515
1943-06-01,0.2919,0.0313,0.5477,0.2899,0.1665,0.0969,0.2485,0.0686,0.1665
1943-07-01,0.3052,0.0458,0.5939,0.3886,0.2965,0.2669,0.2435,0.0592,0.2669
1943-08-01,0.2772,0.0137,0.5104,0.3988,0.2165,0.2669,0.2985,0.0248,0.2669
1943-09-01,0.2640,0.0843,0.4717,0.3532,0.2665,0.2069,0.2815,0.0962,0.2665
1943-10-01,0.2225,-0.0323,0.4413,0.5981,0.4465,0.4469,0.5415,0.2004,0.4469
1943-11-01,0.1795,-0.0630,0.4417,0.4715,0.4165,0.3669,0.3775,0.2164,0.3775
1943-12-01,0.2173,-0.1345,0.4297,0.4777,0.4465,0.4069,0.3825,0.3188,0.4069
1944-01-01,0.2685,-0.0137,0.5465,0.6923,0.5765,0.4869,0.5095,0.5688,0.5688
1944-02-01,0.2610,-0.1175,0.6599,0.4923,0.4565,0.4569,0.4105,0.4561,0.4565
1944-03-01,0.2526,-0.0464,0.6732,0.4837,0.4765,0.4469,0.4195,0.4943,0.4765
1944-04-01,0.2508,0.0138,0.5830,0.4118,0.4065,0.3369,0.3145,0.2791,0.3369
1944-05-01,0.3093,0.0682,0.5732,0.4863,0.3965,0.3669,0.3895,0.2670,0.3895
1944-06-01,0.2939,0.0732,0.5457,0.4735,0.3665,0.3569,0.2955,0.3144,0.3569
1944-07-01,0.2988,-0.0112,0.5570,0.5158,0.3865,0.2969,0.3665,0.2690,0.3665
1944-08-01,0.2930,0.0619,0.5230,0.5747,0.3965,0.3169,0.4445,0.3328,0.3965
1944-09-01,0.2724,0.0231,0.4344,0.5325,0.4965,0.4469,0.4995,0.3936,0.4965
1944-10-01,0.2308,-0.0495,0.4464,0.5780,0.4765,0.4169,0.5245,0.3906,0.4765
1944-11-01,0.1964,-0.0671,0.5227,0.4580,0.3265,0.3169,0.3015,0.2008,0.3169
1944-12-01,0.2171,-0.0740,0.5526,0.4510,0.2565,0.4069,0.3855,0.1672,0.3855
1945-01-01,0.2451,-0.0899,0.5788,0.4609,0.3165,0.3469,0.3275,0.2143,0.3275
1945-02-01,0.2502,-0.0105,0.6463,0.4131,0.2265,0.2969,0.2485,0.0444,0.2485
1945-03-01,0.2625,-0.0276,0.4811,0.4028,0.2765,0.3169,0.2185,0.1434,0.2765
1945-04-01,0.2815,0.0542,0.5656,0.5771,0.4165,0.4869,0.3615,0.2452,0.4165
1945-05-01,0.2950,0.1052,0.5392,0.3066,0.2765,0.2769,0.2265,0.1318,0.2765
1945-06-01,0.3166,0.0912,0.5780,0.3278,0.2265,0.3069,0.2775,0.2981,0.2981
1945-07-01,0.2875,0.0742,0.5627,0.3705,0.2565,0.1869,0.2625,0.1535,0.2565
1945-08-01,0.2710,0.0826,0.5089,0.6058,0.4765,0.4869,0.4575,0.4661,0.4765
1945-09-01,0.2524,0.0776,0.4522,0.4720,0.4265,0.3069,0.3205,0.2803,0.3205
1945-10-01,0.2186,-0.0159,0.4523,0.4612,0.4065,0.3269,0.4975,0.2922,0.4065
1945-11-01,0.2219,-0.0793,0.4720,0.3649,0.2865,0.2669,0.2915,0.1360,0.2865
1945-12-01,0.2129,-0.0161,0.4269,0.1665,0.1465,0.1269,0.1215,0.0615,0.1269
1946-01-01,0.2241,-0.0781,0.5323,0.4085,0.3665,0.4269,0.2805,0.3381,0.3665
1946-02-01,0.2328,-0.0489,0.5209,0.2442,0.2465,0.1969,0.0895,0.2381,0.2381
1946-03-01,0.2846,-0.0067,0.5623,0.2371,0.2265,0.1469,0.1905,0.3009,0.2265
1946-04-01,0.2778,-0.0972,0.5288,0.3625,0.2765,0.2369,0.2645,0.2860,0.2765
1946-05-01,0.3109,0.0235,0.5657,0.2842,0.1465,0.1669,0.2295,0.3112,0.2295
1946-06-01,0.2954,0.0768,0.5536,0.0980,0.0065,0.0569,0.0465,0.1929,0.0569
1946-07-01,0.3002,0.0453,0.5048,0.2553,0.0965,0.1569,0.1915,0.2236,0.1915
1946-08-01,0.2903,0.0753,0.5236,0.2105,0.0165,0.0569,0.1475,0.1315,0.1315
1946-09-01,0.2498,-0.0173,0.4703,0.2700,0.1465,0.2469,0.2025,0.1521,0.2025
1946-10-01,0.2151,-0.0732,0.4357,0.2968,0.1365,0.1569,0.2745,0.0723,0.1569
1946-11-01,0.1873,-0.1562,0.4546,0.2535,0.1565,0.1969,0.1985,0.1680,0.1969
1946-12-01,0.1886,-0.1713,0.4811,0.0211,-0.0935,0.0169,0.0265,0.0886,0.0211
1947-01-01,0.2484,-0.1339,0.5367,0.2112,0.1465,0.2069,0.2095,0.3253,0.2095
1947-02-01,0.2668,-0.1117,0.6330,0.2219,0.1365,0.1769,0.1995,0.2384,0.1995
1947-03-01,0.2856,-0.0786,0.5343,0.2882,0.2765,0.2169,0.3435,0.3740,0.2882
1947-04-01,0.2777,0.0595,0.5282,0.3058,0.2765,0.2569,0.2565,0.3957,0.2765
1947-05-01,0.3160,0.0713,0.6176,0.2911,0.1965,0.1769,0.1935,0.2958,0.1965
1947-06-01,0.3238,0.0616,0.5570,0.2743,0.1965,0.1669,0.3215,0.3122,0.2743
1947-07-01,0.3132,0.0241,0.5156,0.2968,0.1765,0.2069,0.2655,0.2591,0.2591
1947-08-01,0.3042,-0.0015,0.5139,0.2489,0.1465,0.0969,0.1475,0.1375,0.1465
1947-09-01,0.2668,-0.0242,0.4495,0.2008,0.0965,0.0969,0.1725,0.1142,0.1142
1947-10-01,0.2158,-0.1044,0.4076,0.3996,0.2865,0.2069,0.3495,0.2704,0.2865
1947-11-01,0.2176,-0.0502,0.4532,0.3922,0.2365,0.2069,0.2905,0.2017,0.2365
1947-12-01,0.2244,-0.1028,0.5208,0.1316,0.0865,0.0869,0.1235,0.1134,0.1134
1948-01-01,0.2501,-0.1435,0.5442,0.3452,0.2765,0.2069,0.2555,0.3082,0.2765
1948-02-01,0.2774,-0.0192,0.5465,0.1276,0.0665,0.1069,0.0895,0.1154,0.1069
1948-03-01,0.3193,-0.0848,0.6824,0.0770,-0.0235,0.0469,0.0255,0.0606,0.0469
1948-04-01,0.3000,-0.1006,0.5752,0.2482,0.0965,0.1369,0.0915,0.1675,0.1369
1948-05-01,0.3253,0.0091,0.5908,0.4195,0.2065,0.3169,0.3835,0.3196,0.3196
1948-06-01,0.3233,0.0517,0.5375,0.3536,0.1665,0.1169,0.2875,0.2290,0.2290
1948-07-01,0.3466,0.0416,0.6185,0.2329,0.1065,0.1769,0.1925,0.2065,0.1925
1948-08-01,0.3238,0.0565,0.5959,0.3186,0.0965,0.1969,0.2475,0.2308,0.2308
1948-09-01,0.3011,0.0953,0.5233,0.2280,0.0765,0.0969,0.1635,0.0900,0.0969
1948-10-01,0.2646,-0.0231,0.4769,0.3070,0.1665,0.1969,0.2715,0.2664,0.2664
1948-11-01,0.2409,-0.0944,0.5121,0.1892,0.0865,0.1469,0.1095,0.2724,0.1469
1948-12-01,0.2439,-0.1497,0.5489,0.0176,-0.0235,-0.0631,-0.0045,0.0324,-0.0045
1949-01-01,0.3131,0.0531,0.5987,0.3393,0.2765,0.2769,0.2965,0.4162,0.2965
1949-02-01,0.3261,-0.0756,0.6518,0.1200,0.0765,0.0869,0.0195,0.2156,0.0869
1949-03-01,0.3286,-0.0677,0.6772,0.2474,0.1965,0.1869,0.1275,0.2537,0.1965
1949-04-01,0.3269,-0.0104,0.5902,0.2112,0.1065,0.1369,0.1135,0.1765,0.1369
1949-05-01,0.3598,0.0821,0.5866,0.2491,0.1165,0.1869,0.1855,0.2565,0.1869
1949-06-01,0.3480,0.0627,0.5901,0.1251,-0.0535,0.0469,0.1185,0.1475,0.1185
1949-07-01,0.3627,0.0809,0.6457,0.1773,0.0865,0.1069,0.1335,0.2438,0.1335
1949-08-01,0.3508,0.0936,0.5952,0.2817,0.0865,0.1469,0.1675,0.1353,0.1469
1949-09-01,0.3001,0.0744,0.5447,0.2309,0.0765,0.0469,0.1245,0.1727,0.1245
1949-10-01,0.2621,0.0134,0.5721,0.2673,0.1465,0.1269,0.2035,0.1825,0.1825
1949-11-01,0.2315,0.0021,0.5071,0.1735,0.1165,0.1069,0.1205,0.2388,0.1205
1949-12-01,0.2393,-0.0158,0.6023,0.1449,0.0365,0.1369,0.1695,0.2583,0.1449
1950-01-01,0.2686,0.0197,0.6225,0.0558,-0.0435,0.0069,-0.0845,0.0481,0.0069
1950-02-01,0.2891,-0.0105,0.6485,-0.0139,-0.0535,-0.0531,-0.1295,0.0278,-0.0531
1950-03-01,0.2999,0.0256,0.6742,0.1377,0.1365,0.1569,0.0645,0.1790,0.1377
1950-04-01,0.3279,0.0450,0.6615,0.1143,0.0065,0.0069,0.0395,0.0729,0.0395
1950-05-01,0.3214,0.0717,0.5848,0.2119,0.1065,0.1669,0.1905,0.1635,0.1669
1950-06-01,0.3329,0.0852,0.6274,0.2516,0.1665,0.1069,0.1975,0.1911,0.1911
1950-07-01,0.3232,0.0237,0.5587,0.2465,0.1265,0.1269,0.2205,0.0886,0.1269
1950-08-01,0.2962,0.0597,0.5394,0.2003,0.0565,0.0669,0.1555,-0.0152,0.0669
1950-09-01,0.2777,0.0621,0.4896,0.1103,0.1065,0.0969,0.0755,0.1411,0.1065
1950-10-01,0.2507,0.0548,0.5759,0.1535,0.0165,0.0069,0.1685,0.2035,0.1535
1950-11-01,0.2017,-0.0508,0.4995,-0.0275,-0.1235,-0.1031,-0.0635,-0.0082,-0.0635
1950-12-01,0.2322,-0.1916,0.4824,0.0980,-0.0035,-0.0131,0.0625,0.2668,0.0625
1951-01-01,0.2799,0.0387,0.5888,-0.0052,-0.1235,-0.1331,-0.1145,0.0404,-0.1145
1951-02-01,0.2662,-0.0661,0.5467,-0.1532,-0.1935,-0.1931,-0.1885,-0.0814,-0.1885
1951-03-01,0.2887,-0.0316,0.5545,0.0920,0.0165,0.0569,0.0535,0.1077,0.0569
1951-04-01,0.3256,0.0257,0.6198,0.2474,0.0765,0.0669,0.1505,0.1908,0.1505
1951-05-01,0.3356,0.0984,0.6272,0.3874,0.2165,0.2169,0.3135,0.4532,0.3135
1951-06-01,0.3136,0.1101,0.5600,0.4175,0.1465,0.2169,0.3845,0.3311,0.3311
1951-07-01,0.3052,0.1313,0.5712,0.3947,0.2065,0.1969,0.2915,0.1340,0.2065
1951-08-01,0.2985,0.0765,0.6078,0.4786,0.2765,0.3169,0.3975,0.3132,0.3169
1951-09-01,0.2730,0.0876,0.5446,0.4891,0.2665,0.3169,0.3845,0.3132,0.3169
1951-10-01,0.2444,-0.0410,0.4831,0.4839,0.2965,0.3369,0.5085,0.3682,0.3682
1951-11-01,0.2295,-0.0613,0.4683,0.2856,0.2065,0.1769,0.2525,0.3129,0.2525
1951-12-01,0.2415,-0.1905,0.6001,0.4340,0.3665,0.3669,0.4275,0.4646,0.4275
1952-01-01,0.2647,-0.0626,0.5282,0.4568,0.3265,0.3169,0.4195,0.4488,0.4195
1952-02-01,0.2623,0.0315,0.5853,0.4299,0.3265,0.3169,0.3475,0.3641,0.3475
1952-03-01,0.3059,-0.0514,0.7026,0.2003,0.1365,0.1469,0.1865,0.2100,0.1865
1952-04-01,0.2995,-0.0674,0.5919,0.4064,0.2465,0.2769,0.3255,0.2036,0.2769
1952-05-01,0.3352,0.0390,0.6808,0.3847,0.1865,0.1969,0.3465,0.3009,0.3009
1952-06-01,0.3183,0.0490,0.6409,0.3831,0.1865,0.1769,0.3395,0.2872,0.2872
1952-07-01,0.2980,-0.0027,0.5853,0.4519,0.2565,0.2169,0.3685,0.2603,0.2603
1952-08-01,0.2739,0.0229,0.5310,0.4620,0.2665,0.2269,0.3775,0.1145,0.2665
1952-09-01,0.2415,-0.0023,0.4831,0.4581,0.2865,0.2469,0.4025,0.1934,0.2865
1952-10-01,0.2237,-0.0474,0.4835,0.3462,0.2165,0.2069,0.3545,0.1582,0.2165
1952-11-01,0.1999,-0.1727,0.4617,0.2380,0.0865,0.1169,0.1675,-0.0186,0.1169
1952-12-01,0.2571,-0.0806,0.5329,0.3266,0.1965,0.2069,0.2865,0.2270,0.2270
1953-01-01,0.2495,-0.0514,0.5945,0.3584,0.2865,0.2869,0.3065,0.3064,0.3064
1953-02-01,0.2938,0.0095,0.5739,0.4606,0.3665,0.3769,0.4395,0.3569,0.3769
1953-03-01,0.2678,-0.0594,0.4996,0.3780,0.3265,0.3369,0.3325,0.3006,0.3325
1953-04-01,0.2854,-0.0375,0.5550,0.5924,0.4065,0.4069,0.5355,0.4073,0.4073
1953-05-01,0.3036,0.0274,0.5528,0.5164,0.3265,0.3469,0.5235,0.4755,0.4755
1953-06-01,0.2840,0.0544,0.5340,0.5085,0.3365,0.3069,0.4805,0.3069,0.3365
1953-07-01,0.2838,0.0786,0.5653,0.4107,0.2265,0.1869,0.3745,0.2999,0.2999
1953-08-01,0.2607,0.0353,0.6413,0.4556,0.2665,0.1969,0.3745,0.2716,0.2716
1953-09-01,0.2452,-0.0094,0.5226,0.4549,0.2665,0.1869,0.3395,0.1739,0.2665
1953-10-01,0.2280,-0.0155,0.4978,0.4520,0.2965,0.2569,0.4125,0.2523,0.2965
1953-11-01,0.2080,-0.0657,0.5726,0.3614,0.1865,0.1869,0.2645,0.1991,0.1991
1953-12-01,0.2537,-0.0308,0.5201,0.3891,0.2665,0.2669,0.3945,0.3335,0.3335
1954-01-01,0.2523,-0.0135,0.5497,0.1240,-0.0235,0.0469,0.0645,0.0833,0.0645
1954-02-01,0.2519,-0.0467,0.5897,0.2774,0.1165,0.1769,0.1975,0.1690,0.1769
1954-03-01,0.3022,0.0315,0.6003,0.1852,0.0665,0.0969,0.1655,0.2051,0.1655
1954-04-01,0.3120,0.0603,0.6240,0.2516,0.0765,0.0269,0.1225,0.1367,0.1225
1954-05-01,0.3313,0.0166,0.6469,0.1969,0.0165,0.0269,0.1355,0.2210,0.1355
1954-06-01,0.3093,0.1142,0.5440,0.2360,0.0365,0.0969,0.2545,0.1017,0.1017
1954-07-01,0.3045,0.0518,0.5479,0.1704,0.0265,0.0569,0.1925,0.0698,0.0698
1954-08-01,0.3022,0.0465,0.5650,0.2661,0.0465,0.0969,0.1705,-0.0009,0.0969
1954-09-01,0.2772,0.0674,0.5666,0.2533,0.1165,0.0769,0.1385,-0.0692,0.1165
1954-10-01,0.2402,0.0469,0.5030,0.3554,0.1965,0.1769,0.3365,0.0785,0.1965
1954-11-01,0.2052,0.0037,0.4869,0.4849,0.2965,0.2569,0.3625,0.2095,0.2965
1954-12-01,0.2276,-0.0534,0.4389,0.2028,0.0365,0.0969,0.1745,0.1163,0.1163
1955-01-01,0.2694,0.0253,0.6038,0.4753,0.3465,0.3569,0.3855,0.3778,0.3778
1955-02-01,0.2695,0.0066,0.5295,0.1747,0.0565,0.0069,0.0565,0.0481,0.0565
1955-03-01,0.3020,0.0425,0.6049,-0.0308,-0.1035,-0.0731,-0.0855,-0.0719,-0.0731
1955-04-01,0.3185,0.0534,0.5353,0.1371,-0.0035,-0.0031,0.0335,0.0651,0.0335
1955-05-01,0.3196,0.0027,0.5147,0.1297,0.0165,0.0069,0.0295,0.1456,0.0295
1955-06-01,0.3139,0.0858,0.5827,0.1887,0.0865,0.0569,0.1375,0.1115,0.1115
1955-07-01,0.2965,0.0610,0.5600,0.1583,0.1065,0.0369,0.0975,0.0386,0.0975
1955-08-01,0.3086,0.0391,0.5327,0.2783,0.2365,0.2269,0.3935,0.2015,0.2365
1955-09-01,0.2826,0.0421,0.5512,0.2240,0.1065,0.0669,0.1475,0.1226,0.1226
1955-10-01,0.2218,0.0174,0.4289,0.2520,0.1665,0.1069,0.2115,0.1123,0.1665
1955-11-01,0.2155,-0.0996,0.4709,0.0427,-0.0335,-0.0831,-0.0095,-0.0274,-0.0274
1955-12-01,0.2472,-0.0167,0.5136,0.0001,-0.0635,-0.1231,-0.0275,-0.0172,-0.0275
1956-01-01,0.2845,-0.0370,0.5896,0.1291,0.0865,0.0769,0.1265,0.2022,0.1265
1956-02-01,0.2877,-0.0327,0.5567,0.0801,-0.0235,0.0269,0.0265,0.0736,0.0269
1956-03-01,0.2834,-0.0058,0.5948,0.0058,0.0065,0.0269,-0.0435,0.1099,0.0065
1956-04-01,0.3115,-0.0062,0.5441,0.0591,-0.0635,-0.0531,-0.0205,0.0300,-0.0205
1956-05-01,0.3233,-0.0123,0.5476,0.0321,-0.0735,-0.0731,-0.0155,0.0285,-0.0155
1956-06-01,0.3138,-0.0130,0.5598,0.1388,0.0665,0.0269,0.0595,0.0316,0.0595
1956-07-01,0.3208,0.1088,0.5547,0.1577,0.1265,0.0569,0.1385,0.0212,0.1265
1956-08-01,0.3124,0.0865,0.5381,0.0770,-0.0335,-0.0731,-0.0395,-0.0823,-0.0395
1956-09-01,0.2989,0.0212,0.5904,0.0937,0.0265,-0.0231,0.0015,-0.1157,0.0015
1956-10-01,0.2555,-0.0470,0.4888,0.1035,-0.0135,-0.0731,0.0435,-0.1364,-0.0135
1956-11-01,0.2239,-0.0499,0.5306,0.1481,0.0665,0.0469,0.0745,0.0392,0.0665
1956-12-01,0.2557,-0.0116,0.5044,0.2098,0.1565,0.1569,0.2265,0.1819,0.1819
1957-01-01,0.2795,-0.0729,0.6169,0.1492,0.1265,0.1369,0.1015,0.1711,0.1369
1957-02-01,0.3096,-0.1514,0.7005,0.2087,0.1865,0.1169,0.1465,0.1681,0.1681
1957-03-01,0.3458,0.0369,0.6785,0.1693,0.1665,0.0969,0.1195,0.1490,0.1490
1957-04-01,0.3294,0.0302,0.5997,0.3274,0.2165,0.2169,0.2455,0.2496,0.2455
1957-05-01,0.3186,0.0238,0.5946,0.4015,0.3065,0.2669,0.3645,0.3226,0.3226
1957-06-01,0.3318,0.0547,0.6715,0.4328,0.3665,0.3069,0.4215,0.3597,0.3665
1957-07-01,0.3318,0.0727,0.6264,0.3062,0.2365,0.2269,0.2465,0.2246,0.2365
1957-08-01,0.3134,0.0282,0.5614,0.4403,0.3665,0.3069,0.3635,0.2739,0.3635
1957-09-01,0.3041,0.0448,0.5947,0.4084,0.3065,0.2769,0.2845,0.2721,0.2845
1957-10-01,0.2484,-0.0717,0.5500,0.3677,0.2265,0.2569,0.3575,0.3287,0.3287
1957-11-01,0.2280,-0.0600,0.5830,0.3636,0.2965,0.2369,0.3235,0.3825,0.3235
1957-12-01,0.2573,-0.0863,0.5660,0.4202,0.3665,0.3169,0.3695,0.4698,0.3695
1958-01-01,0.2683,-0.0650,0.6220,0.6257,0.6065,0.5369,0.5485,0.6632,0.6065
1958-02-01,0.3118,-0.0090,0.7507,0.4592,0.4365,0.3769,0.4015,0.4956,0.4365
1958-03-01,0.3205,-0.0635,0.6364,0.3739,0.2965,0.3169,0.3335,0.4183,0.3335
1958-04-01,0.3266,0.0082,0.5552,0.2999,0.2265,0.2369,0.2475,0.3704,0.2475
1958-05-01,0.3238,0.0692,0.5603,0.3844,0.2765,0.2669,0.2825,0.4385,0.2825
1958-06-01,0.3252,0.1217,0.5446,0.2143,0.1265,0.1869,0.1945,0.2907,0.1945
1958-07-01,0.3144,0.0785,0.5658,0.3495,0.2665,0.2569,0.2745,0.3160,0.2745
1958-08-01,0.3264,0.0960,0.6251,0.2861,0.1665,0.1869,0.2185,0.2238,0.2185
1958-09-01,0.2928,0.0541,0.5458,0.2562,0.1865,0.1369,0.1555,0.1503,0.1555
1958-10-01,0.2508,-0.0184,0.5206,0.3510,0.2565,0.1969,0.3025,0.2265,0.2565
1958-11-01,0.2383,-0.1351,0.5011,0.3305,0.2365,0.1769,0.2715,0.2604,0.2604
1958-12-01,0.2688,0.0330,0.4970,0.2859,0.2265,0.2869,0.3025,0.3204,0.2869
1959-01-01,0.3035,-0.0069,0.6187,0.3831,0.2965,0.2969,0.2975,0.4497,0.2975
1959-02-01,0.3014,0.0287,0.6407,0.3605,0.2865,0.2869,0.2435,0.4016,0.2869
1959-03-01,0.3075,0.0334,0.6049,0.3860,0.3965,0.3969,0.3505,0.5203,0.3965
1959-04-01,0.3091,0.0628,0.5481,0.3964,0.3765,0.3369,0.3905,0.4421,0.3905
1959-05-01,0.3262,0.0491,0.5898,0.3290,0.2565,0.2769,0.2905,0.3349,0.2905
1959-06-01,0.3142,0.0993,0.6083,0.3670,0.2465,0.2669,0.3175,0.3149,0.3149
1959-07-01,0.3284,0.0983,0.6201,0.3279,0.2465,0.2269,0.3065,0.2724,0.2724
1959-08-01,0.3138,0.0822,0.6378,0.3295,0.2065,0.2269,0.2415,0.2076,0.2269
1959-09-01,0.3093,0.0190,0.5889,0.2280,0.1565,0.1869,0.1725,0.1015,0.1725
1959-10-01,0.2871,0.0645,0.5068,0.2975,0.1465,0.1869,0.2705,0.2121,0.2121
1959-11-01,0.2702,0.0407,0.5562,0.1849,0.1365,0.1469,0.1125,0.1573,0.1469
1959-12-01,0.2776,-0.0313,0.5569,0.2662,0.2165,0.2369,0.2555,0.3382,0.2555
1960-01-01,0.2986,-0.0144,0.5865,0.2551,0.2165,0.1869,0.2025,0.3895,0.2165
1960-02-01,0.3262,-0.0716,0.6957,0.3917,0.3465,0.3369,0.3385,0.4699,0.3465
1960-03-01,0.3595,0.0603,0.6978,-0.0761,-0.1335,-0.0631,-0.1035,0.0415,-0.0761
1960-04-01,0.3856,0.1319,0.6438,0.1068,0.0665,0.0569,0.0565,0.1652,0.0665
1960-05-01,0.3657,0.0792,0.7406,0.1914,0.1365,0.0769,0.1635,0.2466,0.1635
1960-06-01,0.3602,0.1309,0.6935,0.2442,0.1765,0.1469,0.2305,0.2626,0.2305
1960-07-01,0.3704,0.1038,0.6621,0.2571,0.1765,0.1969,0.2285,0.2242,0.2242
1960-08-01,0.3409,0.0575,0.6458,0.3665,0.2365,0.1869,0.2935,0.2695,0.2695
1960-09-01,0.3064,0.0202,0.6085,0.3727,0.2865,0.2269,0.2665,0.1822,0.2665
1960-10-01,0.2613,-0.0406,0.5416,0.3388,0.2765,0.1969,0.2915,0.2810,0.2810
1960-11-01,0.2510,-0.0804,0.5506,0.1543,0.1065,0.0469,0.0845,0.1751,0.1065
1960-12-01,0.2693,-0.1002,0.5461,0.4514,0.4065,0.3869,0.4225,0.4946,0.4225
1961-01-01,0.3004,-0.0120,0.6321,0.3215,0.2865,0.2769,0.2865,0.4401,0.2865
1961-02-01,0.3192,-0.0035,0.6347,0.4646,0.4065,0.3469,0.3785,0.4787,0.4065
1961-03-01,0.3392,-0.0271,0.7139,0.3127,0.3065,0.2769,0.2555,0.3895,0.3065
1961-04-01,0.3365,0.0392,0.6194,0.4343,0.3465,0.3269,0.3845,0.3922,0.3845
1961-05-01,0.3590,0.0843,0.6047,0.4415,0.3365,0.3269,0.3925,0.4367,0.3925
1961-06-01,0.3564,0.0938,0.6294,0.4598,0.3265,0.3069,0.4105,0.3684,0.3684
1961-07-01,0.3384,0.1201,0.6193,0.3352,0.2265,0.2369,0.2785,0.3092,0.2785
1961-08-01,0.3083,0.0711,0.6329,0.3594,0.2265,0.2269,0.2895,0.2524,0.2524
1961-09-01,0.2771,-0.0176,0.5570,0.3429,0.2965,0.2169,0.2525,0.2898,0.2898
1961-10-01,0.2544,-0.0574,0.5209,0.3080,0.2165,0.1869,0.2765,0.2709,0.2709
1961-11-01,0.2487,-0.0775,0.5363,0.3413,0.2465,0.2269,0.2605,0.2821,0.2605
1961-12-01,0.2697,-0.0772,0.5384,0.1203,0.0565,0.0669,0.1115,0.2087,0.1115
1962-01-01,0.2720,-0.0256,0.5143,0.3163,0.2665,0.2369,0.2725,0.3668,0.2725
1962-02-01,0.3073,-0.0111,0.5936,0.3873,0.3665,0.3469,0.3495,0.4382,0.3665
1962-03-01,0.3081,-0.0086,0.5930,0.3922,0.3165,0.3369,0.3485,0.3945,0.3485
1962-04-01,0.3304,-0.0520,0.6025,0.3508,0.2665,0.2469,0.2685,0.3190,0.2685
1962-05-01,0.3057,-0.0633,0.5709,0.1932,0.1565,0.1169,0.0995,0.2368,0.1565
1962-06-01,0.2965,0.0084,0.5575,0.3167,0.2465,0.1669,0.2135,0.1767,0.2135
1962-07-01,0.2995,-0.0064,0.6247,0.2621,0.2365,0.1669,0.2015,0.2599,0.2365
1962-08-01,0.2740,0.0004,0.5703,0.2617,0.2065,0.1469,0.2015,0.2003,0.2015
1962-09-01,0.2730,-0.0234,0.5161,0.2981,0.2165,0.1469,0.1765,0.1596,0.1765
1962-10-01,0.2379,-0.0933,0.5108,0.3322,0.2265,0.2069,0.2455,0.2426,0.2426
1962-11-01,0.2312,-0.0244,0.4980,0.3522,0.2765,0.2969,0.2605,0.2896,0.2896
1962-12-01,0.2392,-0.0196,0.5467,0.2456,0.1865,0.1869,0.2255,0.3081,0.2255
1963-01-01,0.2714,-0.0608,0.6116,0.2540,0.1865,0.1669,0.2005,0.3077,0.2005
1963-02-01,0.2593,-0.0445,0.5561,0.4124,0.3965,0.3569,0.3505,0.4301,0.3965
1963-03-01,0.2916,-0.0450,0.5748,0.0310,0.0765,0.0669,-0.0235,0.1050,0.0669
1963-04-01,0.2801,-0.0394,0.5462,0.1932,0.1465,0.1469,0.1345,0.1754,0.1469
1963-05-01,0.2709,0.0048,0.5300,0.2256,0.1565,0.1669,0.1505,0.2446,0.1669
1963-06-01,0.2400,-0.0062,0.5786,0.3053,0.2665,0.1869,0.2405,0.3121,0.2665
1963-07-01,0.2280,-0.0032,0.5421,0.4333,0.2765,0.2369,0.3825,0.3737,0.3737
1963-08-01,0.2074,-0.0006,0.5015,0.5196,0.4365,0.3269,0.5275,0.4485,0.4485
1963-09-01,0.1852,-0.0793,0.4415,0.4953,0.3865,0.3369,0.4205,0.3586,0.3865
1963-10-01,0.1305,-0.2100,0.4507,0.4376,0.3665,0.3169,0.4285,0.3459,0.3665
1963-11-01,0.1046,-0.1924,0.3532,0.4188,0.3665,0.2769,0.3905,0.3829,0.3829
1963-12-01,0.0920,-0.2165,0.4147,0.3113,0.1865,0.2269,0.3075,0.3516,0.3075
1964-01-01,0.0621,-0.2822,0.3813,0.1812,0.1265,0.1169,0.1495,0.3211,0.1495
1964-02-01,0.0730,-0.2506,0.3618,0.1482,0.1165,0.0969,0.1065,0.2775,0.1165
1964-03-01,0.1149,-0.2229,0.4363,-0.0116,0.0065,-0.0231,-0.0805,0.1092,-0.0116
1964-04-01,0.1322,-0.1715,0.3901,-0.0699,-0.1035,-0.0831,-0.1075,0.0382,-0.0831
1964-05-01,0.1164,-0.2158,0.4614,-0.0022,-0.0335,-0.0331,-0.0435,0.1575,-0.0331
1964-06-01,0.0833,-0.1903,0.3831,0.2021,0.1765,0.1269,0.2075,0.1881,0.1881
1964-07-01,0.0968,-0.1521,0.3550,0.1707,0.1765,0.0769,0.1835,0.2980,0.1765
1964-08-01,0.0986,-0.1787,0.3622,0.0718,-0.0035,0.0069,0.0515,0.1067,0.0515
1964-09-01,0.0888,-0.2125,0.3419,-0.0323,-0.0835,-0.1131,-0.0725,-0.0905,-0.0835
1964-10-01,0.0310,-0.2610,0.2486,0.0590,-0.0935,-0.0831,-0.0115,-0.1515,-0.0831
1964-11-01,0.0408,-0.2538,0.3519,0.0732,0.0065,-0.0731,-0.0165,0.0147,0.0065
1964-12-01,0.0561,-0.2461,0.4153,-0.0013,-0.0835,-0.0731,-0.0495,0.0145,-0.0495
1965-01-01,0.0997,-0.1565,0.5007,0.2086,0.1365,0.0969,0.1665,0.2197,0.1665
1965-02-01,0.1172,-0.2221,0.4401,0.1054,0.0465,0.0169,0.0725,0.1224,0.0725
1965-03-01,0.1531,-0.1828,0.5256,0.1112,0.0865,0.0469,0.0565,0.1707,0.0865
1965-04-01,0.1746,-0.2139,0.4911,0.0700,0.0265,-0.0031,0.0215,0.1065,0.0265
1965-05-01,0.1536,-0.1910,0.4794,0.1799,0.0965,0.0869,0.1375,0.2346,0.1375
1965-06-01,0.1540,-0.0997,0.4341,0.1630,0.1365,0.0869,0.1375,0.1579,0.1375
1965-07-01,0.1395,-0.1160,0.4358,0.1029,0.0865,0.0669,0.1145,0.1683,0.1029
1965-08-01,0.1431,-0.1830,0.3679,0.2087,0.1765,0.1169,0.1655,0.1290,0.1655
1965-09-01,0.1169,-0.1923,0.4248,0.1236,0.0665,0.0869,0.0565,0.0835,0.0835
1965-10-01,0.0798,-0.2114,0.3544,0.2641,0.1665,0.1869,0.2675,0.1700,0.1869
1965-11-01,0.0794,-0.1955,0.3440,0.2252,0.1565,0.1769,0.1805,0.2032,0.1805
1965-12-01,0.1033,-0.1922,0.3840,0.2241,0.1365,0.1569,0.2165,0.2700,0.2165
1966-01-01,0.1689,-0.1432,0.4203,0.0870,0.0265,0.0269,0.0795,0.2189,0.0795
1966-02-01,0.1740,-0.2059,0.4358,0.2057,0.1765,0.1369,0.1835,0.2944,0.1835
1966-03-01,0.1581,-0.0974,0.4557,0.1981,0.2465,0.1569,0.1765,0.3255,0.1981
1966-04-01,0.1929,-0.1531,0.4581,0.1988,0.0865,0.0969,0.1775,0.2132,0.1775
1966-05-01,0.1995,-0.1290,0.4794,0.1531,0.0965,0.1069,0.1255,0.2439,0.1255
1966-06-01,0.2179,-0.1407,0.5091,0.2666,0.2265,0.2069,0.2705,0.3201,0.2666
1966-07-01,0.1892,-0.1339,0.4770,0.3733,0.2965,0.2869,0.3335,0.3927,0.3335
1966-08-01,0.1826,-0.0878,0.4657,0.2714,0.1265,0.1569,0.2065,0.2218,0.2065
1966-09-01,0.1503,-0.2298,0.3472,0.2856,0.1865,0.1769,0.2275,0.2049,0.2049
1966-10-01,0.1212,-0.2988,0.3799,0.1365,0.0465,0.0169,0.1125,0.0695,0.0695
1966-11-01,0.0990,-0.3257,0.4220,0.2637,0.2065,0.1469,0.2005,0.1969,0.2005
1966-12-01,0.0843,-0.2422,0.3807,0.2302,0.1865,0.1469,0.2195,0.2722,0.2195
1967-01-01,0.1179,-0.2834,0.3931,0.1505,0.1365,0.0569,0.1355,0.2238,0.1365
1967-02-01,0.1653,-0.2277,0.5350,0.0427,0.0065,-0.0231,-0.0075,0.0587,0.0065
1967-03-01,0.1893,-0.2569,0.5821,0.2738,0.2665,0.2369,0.2125,0.3141,0.2665
1967-04-01,0.2229,-0.1569,0.5105,0.2363,0.1665,0.1669,0.1925,0.2539,0.1925
1967-05-01,0.2398,-0.1025,0.5136,0.4293,0.3365,0.3669,0.3955,0.4454,0.3955
1967-06-01,0.2310,0.0140,0.5092,0.2598,0.1365,0.1469,0.2055,0.2374,0.2055
1967-07-01,0.1858,-0.0321,0.4481,0.3011,0.2365,0.1669,0.2585,0.2735,0.2585
1967-08-01,0.2156,-0.1436,0.4250,0.2703,0.2265,0.1569,0.2365,0.2303,0.2303
1967-09-01,0.1890,-0.1513,0.4430,0.2458,0.1565,0.1869,0.1965,0.2240,0.1965
1967-10-01,0.1432,-0.2721,0.4052,0.3506,0.3065,0.2769,0.2965,0.3306,0.3065
1967-11-01,0.1346,-0.2175,0.4257,0.2491,0.1665,0.1269,0.1375,0.2245,0.1665
1967-12-01,0.1683,-0.1896,0.5337,0.2166,0.1665,0.1769,0.1905,0.3145,0.1905
1968-01-01,0.1700,-0.2127,0.4493,0.0497,-0.0435,-0.0031,0.0035,0.1168,0.0035
1968-02-01,0.2071,-0.1818,0.4871,0.1064,0.0765,0.0369,0.0525,0.1717,0.0765
1968-03-01,0.2359,-0.0616,0.5595,0.3692,0.4165,0.3469,0.3245,0.4205,0.3692
1968-04-01,0.2381,-0.0711,0.5662,0.1912,0.1565,0.1369,0.1355,0.2224,0.1565
1968-05-01,0.2555,-0.1053,0.5508,0.1461,0.0765,0.1069,0.0895,0.2202,0.1069
1968-06-01,0.2376,-0.1120,0.5458,0.2195,0.1265,0.1669,0.2085,0.1460,0.1669
1968-07-01,0.2195,-0.1516,0.5164,0.1759,0.0865,0.1069,0.0845,0.2077,0.1069
1968-08-01,0.2265,-0.1341,0.5469,0.2436,0.1365,0.1769,0.1585,0.1485,0.1585
1968-09-01,0.1932,-0.1736,0.5123,0.1467,0.0265,0.0869,0.0795,0.0634,0.0795
1968-10-01,0.1471,-0.2493,0.4206,0.3802,0.3065,0.2269,0.3285,0.2875,0.3065
1968-11-01,0.1346,-0.3021,0.3840,0.2373,0.1665,0.0669,0.1475,0.1795,0.1665
1968-12-01,0.1478,-0.3371,0.4987,0.1810,0.0765,0.0669,0.1475,0.1900,0.1475
1969-01-01,0.2127,-0.2203,0.5788,0.2096,0.1065,0.0969,0.1475,0.2562,0.1475
1969-02-01,0.1989,-0.1951,0.5178,0.1749,0.0365,0.0969,0.0975,0.1961,0.0975
1969-03-01,0.2378,-0.1730,0.6017,0.2384,0.2265,0.2269,0.1785,0.3294,0.2269
1969-04-01,0.2494,-0.1104,0.4961,0.4191,0.3865,0.3369,0.3555,0.4484,0.3865
1969-05-01,0.2442,-0.1434,0.5450,0.4346,0.3965,0.3869,0.4085,0.4988,0.4085
1969-06-01,0.2322,-0.1507,0.4879,0.3774,0.2465,0.2769,0.3375,0.3538,0.3375
1969-07-01,0.2317,-0.0626,0.5129,0.2635,0.1765,0.1869,0.2105,0.2750,0.2105
1969-08-01,0.2002,-0.1320,0.4807,0.3002,0.2565,0.2169,0.2585,0.1430,0.2565
1969-09-01,0.1747,-0.2919,0.4325,0.3592,0.2965,0.2669,0.2935,0.2278,0.2935
1969-10-01,0.1404,-0.3914,0.4481,0.3716,0.3065,0.3069,0.3575,0.2402,0.3069
1969-11-01,0.1505,-0.3601,0.4981,0.3936,0.3365,0.3269,0.3315,0.4122,0.3365
1969-12-01,0.1775,-0.2142,0.5295,0.5388,0.4565,0.4669,0.4955,0.5775,0.4955
1970-01-01,0.2061,-0.1667,0.5111,0.3827,0.2965,0.3369,0.3455,0.4591,0.3455
1970-02-01,0.2649,-0.0771,0.5972,0.4321,0.4365,0.3669,0.3725,0.4901,0.4321
1970-03-01,0.2351,-0.0773,0.5033,0.2791,0.2765,0.2669,0.2355,0.3579,0.2765
1970-04-01,0.2421,-0.1377,0.5787,0.2901,0.2665,0.2669,0.2875,0.4287,0.2875
1970-05-01,0.2572,-0.1114,0.5034,0.2273,0.1865,0.1969,0.2085,0.3186,0.2085
1970-06-01,0.2710,-0.0382,0.5865,0.2315,0.1965,0.1769,0.2135,0.3285,0.2135
1970-07-01,0.2596,-0.0343,0.5600,0.2583,0.2365,0.2169,0.2395,0.2850,0.2395
1970-08-01,0.2398,-0.0444,0.5716,0.1708,0.1165,0.1069,0.1165,0.1175,0.1165
1970-09-01,0.2392,-0.1993,0.5151,0.3388,0.3365,0.2369,0.3035,0.1928,0.3035
1970-10-01,0.2038,-0.1879,0.5669,0.3088,0.2465,0.1369,0.2705,0.2097,0.2465
1970-11-01,0.2104,-0.0432,0.5405,0.3092,0.2365,0.1969,0.1765,0.2371,0.2365
1970-12-01,0.1731,-0.1613,0.5615,0.1775,0.0965,0.0569,0.1155,0.2309,0.1155
1971-01-01,0.2541,-0.0773,0.6761,0.2266,0.1965,0.1069,0.1665,0.2951,0.1965
1971-02-01,0.2685,-0.1062,0.4989,0.0959,0.0665,0.0069,0.0175,0.1171,0.0665
1971-03-01,0.3002,-0.0137,0.5858,0.0310,0.0365,0.0569,-0.0055,0.1415,0.0365
1971-04-01,0.3101,-0.0378,0.6088,0.1361,0.1465,0.0969,0.1225,0.2005,0.1361
1971-05-01,0.3116,0.0156,0.5933,0.1720,0.1665,0.1269,0.1775,0.1733,0.1720
1971-06-01,0.3081,0.0352,0.6640,0.1099,0.0565,0.0469,0.1225,0.1088,0.1088
1971-07-01,0.3017,-0.0283,0.6066,0.1856,0.1465,0.1269,0.1155,0.0979,0.1269
1971-08-01,0.2865,-0.0133,0.6220,0.1889,0.2065,0.1269,0.1175,0.0969,0.1269
1971-09-01,0.2851,-0.1443,0.5770,0.2456,0.1665,0.2069,0.1845,0.1261,0.1845
1971-10-01,0.2704,-0.2168,0.5722,0.2141,0.1765,0.0569,0.1865,0.0582,0.1765
1971-11-01,0.2229,-0.1727,0.5352,0.2187,0.1465,0.0769,0.1485,0.1395,0.1465
1971-12-01,0.2531,-0.1008,0.5672,0.1409,0.1365,0.0969,0.1135,0.2429,0.1365
1972-01-01,0.2974,-0.0868,0.6080,-0.0074,-0.0035,0.0069,-0.0175,0.0879,-0.0035
1972-02-01,0.3223,-0.1125,0.6867,0.0917,0.0365,0.0369,0.0135,0.0468,0.0369
1972-03-01,0.3472,-0.0203,0.6828,0.2283,0.2465,0.2569,0.2215,0.2362,0.2362
1972-04-01,0.3572,-0.0575,0.7565,0.2427,0.2165,0.2069,0.2425,0.2955,0.2425
1972-05-01,0.3488,-0.0060,0.7189,0.2886,0.1865,0.1969,0.2435,0.2935,0.2435
1972-06-01,0.3427,0.0043,0.7426,0.3382,0.2565,0.2869,0.3335,0.4188,0.3335
1972-07-01,0.3498,0.0162,0.6818,0.2789,0.2265,0.2469,0.2485,0.3846,0.2485
1972-08-01,0.3145,-0.0512,0.6159,0.4346,0.3765,0.3869,0.4005,0.3447,0.3869
1972-09-01,0.2886,-0.0822,0.5832,0.3189,0.2365,0.2669,0.2945,0.2569,0.2669
1972-10-01,0.2394,-0.1907,0.5350,0.3157,0.2965,0.2769,0.3145,0.3014,0.3014
1972-11-01,0.2491,-0.0882,0.5859,0.3202,0.2365,0.2069,0.2295,0.2557,0.2365
1972-12-01,0.2791,-0.0939,0.5801,0.4817,0.3965,0.3969,0.4755,0.4905,0.4755
1973-01-01,0.3186,0.0071,0.6628,0.4716,0.5065,0.4569,0.4805,0.6030,0.4805
1973-02-01,0.3182,-0.0860,0.6654,0.5296,0.5365,0.4869,0.4955,0.6346,0.5296
1973-03-01,0.3430,0.0002,0.7024,0.4868,0.5065,0.4469,0.4245,0.5084,0.4868
1973-04-01,0.3532,-0.0046,0.7902,0.5637,0.4865,0.4869,0.4955,0.4935,0.4935
1973-05-01,0.3612,-0.0844,0.6381,0.4786,0.4465,0.4069,0.4725,0.4966,0.4725
1973-06-01,0.3393,-0.0609,0.6513,0.4745,0.4065,0.4269,0.4775,0.3757,0.4269
1973-07-01,0.3210,-0.0930,0.6540,0.3883,0.3465,0.3069,0.3725,0.3499,0.3499
1973-08-01,0.3098,-0.1892,0.6509,0.3464,0.2665,0.2469,0.3075,0.1774,0.2665
1973-09-01,0.2874,-0.1497,0.5857,0.3359,0.3065,0.2569,0.2915,0.2131,0.2915
1973-10-01,0.2641,-0.1882,0.5702,0.3827,0.3165,0.2469,0.3175,0.2071,0.3165
1973-11-01,0.2553,-0.1187,0.5977,0.3449,0.2565,0.1969,0.2665,0.2798,0.2665
1973-12-01,0.2682,-0.1845,0.6059,0.2410,0.1465,0.1769,0.2275,0.3233,0.2275
1974-01-01,0.3276,-0.1201,0.6686,0.0865,0.1165,0.0969,0.0705,0.2171,0.0969
1974-02-01,0.3355,-0.1004,0.7694,-0.0755,-0.0535,-0.0731,-0.0755,0.0120,-0.0731
1974-03-01,0.3348,-0.1033,0.6780,0.1317,0.1665,0.1169,0.0985,0.1587,0.1317
1974-04-01,0.3653,-0.0134,0.7517,0.1700,0.0965,0.1269,0.1205,0.1503,0.1269
1974-05-01,0.3444,-0.0482,0.7599,0.2402,0.1765,0.1969,0.1865,0.1306,0.1865
1974-06-01,0.3482,-0.0145,0.6735,0.2555,0.1665,0.1869,0.2345,0.1117,0.1869
1974-07-01,0.3462,-0.0753,0.7406,0.2363,0.1865,0.1869,0.1935,0.1015,0.1869
1974-08-01,0.3202,-0.0266,0.6800,0.3952,0.3165,0.2869,0.3805,0.1803,0.3165
1974-09-01,0.2985,-0.1305,0.6611,0.2807,0.1365,0.1369,0.2005,0.0119,0.1369
1974-10-01,0.2688,-0.0689,0.6497,0.2601,0.1565,0.1369,0.1845,0.0182,0.1565
1974-11-01,0.2514,-0.0558,0.6586,0.2487,0.1365,0.0869,0.1455,0.0928,0.1365
1974-12-01,0.2598,-0.1621,0.7150,0.1608,0.1365,0.0669,0.1425,0.1662,0.1425
1975-01-01,0.3205,-0.1440,0.8047,0.2775,0.3165,0.2069,0.2365,0.3165,0.2775
1975-02-01,0.3312,-0.0820,0.7289,0.3497,0.2965,0.2569,0.3115,0.3047,0.3047
1975-03-01,0.3346,-0.1151,0.7195,0.3624,0.3365,0.3169,0.3225,0.3423,0.3365
1975-04-01,0.3553,-0.0288,0.7355,0.3228,0.2565,0.2469,0.3095,0.2684,0.2684
1975-05-01,0.3362,0.0138,0.7326,0.4250,0.3765,0.2969,0.3845,0.2349,0.3765
1975-06-01,0.3139,0.0375,0.6228,0.3121,0.2065,0.2369,0.2635,0.1363,0.2369
1975-07-01,0.3276,-0.0401,0.6706,0.2677,0.2065,0.1869,0.2385,0.0725,0.2065
1975-08-01,0.3132,0.0273,0.6574,0.1397,0.0465,0.0569,0.0815,-0.0369,0.0569
1975-09-01,0.2939,-0.0788,0.6700,0.2325,0.1965,0.1769,0.1955,-0.0338,0.1955
1975-10-01,0.2622,-0.1634,0.5732,0.2203,0.1065,0.0169,0.1385,-0.0777,0.1065
1975-11-01,0.2324,-0.2789,0.6002,0.1107,0.0465,0.0069,0.0175,0.0174,0.0175
1975-12-01,0.2541,-0.1597,0.6042,0.1225,0.0465,0.0469,0.1335,0.1058,0.1058
1976-01-01,0.3031,-0.1987,0.7338,0.2032,0.1865,0.1469,0.1675,0.2269,0.1865
1976-02-01,0.2964,-0.1764,0.6434,0.1422,0.1565,0.1069,0.0905,0.0580,0.1069
1976-03-01,0.3322,-0.0964,0.7394,0.0354,-0.0035,0.0069,-0.0475,-0.0603,-0.0035
1976-04-01,0.3451,-0.0790,0.7301,0.1879,0.1465,0.1569,0.1255,0.0878,0.1465
1976-05-01,0.3676,-0.0382,0.7340,0.0129,0.0165,0.0069,-0.0055,-0.0112,0.0069
1976-06-01,0.3681,-0.0230,0.7074,0.1368,0.0965,0.1169,0.1485,0.0878,0.1169
1976-07-01,0.3680,-0.0532,0.7328,0.1995,0.1165,0.1869,0.2195,0.1446,0.1869
1976-08-01,0.3299,-0.0127,0.6670,0.1302,0.0965,0.1169,0.1475,0.0479,0.1169
1976-09-01,0.3023,-0.1082,0.6807,0.2195,0.1565,0.1869,0.2205,0.1087,0.1869
1976-10-01,0.2670,-0.1088,0.5614,0.0381,-0.0235,-0.0531,0.0435,-0.2097,-0.0235
1976-11-01,0.2313,-0.1097,0.5722,0.2363,0.1565,0.0969,0.1845,0.0731,0.1565
1976-12-01,0.2800,-0.2411,0.6682,0.3425,0.3265,0.2969,0.3735,0.2625,0.3265
1977-01-01,0.3078,-0.2641,0.6790,0.5233,0.4065,0.3869,0.4825,0.4209,0.4209
1977-02-01,0.3530,-0.1146,0.7220,0.4767,0.4465,0.3569,0.4375,0.3784,0.4375
1977-03-01,0.3608,-0.1473,0.6471,0.4476,0.4565,0.3869,0.4015,0.3758,0.4015
1977-04-01,0.3646,0.0090,0.7290,0.5035,0.4765,0.4169,0.4745,0.4006,0.4745
1977-05-01,0.3860,0.0575,0.7266,0.5959,0.5465,0.4569,0.5575,0.4501,0.5465
1977-06-01,0.3955,0.0536,0.7012,0.5782,0.4865,0.4669,0.5665,0.4429,0.4865
1977-07-01,0.3644,0.0010,0.7288,0.5109,0.4165,0.4169,0.4935,0.3615,0.4169
1977-08-01,0.3606,0.0218,0.6562,0.5005,0.3965,0.3969,0.5205,0.3345,0.3969
1977-09-01,0.3306,-0.0515,0.6555,0.3673,0.2365,0.2869,0.3495,0.1605,0.2869
1977-10-01,0.2992,-0.1348,0.6420,0.3528,0.2465,0.2569,0.3705,0.1337,0.2569
1977-11-01,0.2934,-0.0964,0.6893,0.4898,0.3765,0.3869,0.4435,0.4095,0.4095
1977-12-01,0.3500,-0.0179,0.6868,0.3289,0.2465,0.2769,0.3365,0.3874,0.3289
1978-01-01,0.4043,-0.0688,0.7889,0.4051,0.2765,0.2969,0.3175,0.4030,0.3175
1978-02-01,0.3915,-0.0382,0.7146,0.4425,0.3165,0.3269,0.3825,0.3811,0.3811
1978-03-01,0.4238,0.0473,0.7357,0.4275,0.4065,0.3869,0.3735,0.3800,0.3869
1978-04-01,0.4511,0.0499,0.8035,0.4210,0.3865,0.3169,0.3785,0.3580,0.3785
1978-05-01,0.4527,0.0808,0.7639,0.3823,0.3065,0.2869,0.3895,0.3733,0.3733
1978-06-01,0.4331,0.0541,0.7680,0.3143,0.2065,0.2169,0.2805,0.2055,0.2169
1978-07-01,0.4131,0.0962,0.6835,0.3832,0.2565,0.2969,0.3945,0.3133,0.3133
1978-08-01,0.4019,0.0355,0.7022,0.1509,0.0765,0.1169,0.1065,0.0793,0.1065
1978-09-01,0.3984,0.0470,0.6783,0.4046,0.2765,0.3269,0.3455,0.1213,0.3269
1978-10-01,0.3679,-0.0417,0.6863,0.3082,0.2465,0.2369,0.2865,0.1546,0.2465
1978-11-01,0.3454,-0.0628,0.6524,0.4616,0.3465,0.3669,0.3935,0.3657,0.3669
1978-12-01,0.3510,-0.0139,0.6871,0.3792,0.2965,0.3069,0.3675,0.4143,0.3675
1979-01-01,0.4193,0.0605,0.7779,0.4160,0.3065,0.3469,0.3625,0.5367,0.3625
1979-02-01,0.4169,-0.0306,0.7381,0.1867,0.1165,0.1369,0.1505,0.2767,0.1505
1979-03-01,0.4452,0.0838,0.7725,0.4309,0.4065,0.3469,0.3895,0.4665,0.4065
1979-04-01,0.4345,0.0772,0.7347,0.4416,0.3665,0.2469,0.3825,0.4012,0.3825
1979-05-01,0.4337,0.1103,0.6915,0.3421,0.2465,0.2969,0.3255,0.4183,0.3255
1979-06-01,0.4367,0.1786,0.7788,0.4141,0.3565,0.3569,0.3705,0.3992,0.3705
1979-07-01,0.4472,0.1515,0.7423,0.3842,0.2565,0.2769,0.3095,0.3039,0.3039
1979-08-01,0.4211,0.0937,0.6867,0.4816,0.3865,0.3669,0.4075,0.3919,0.3919
1979-09-01,0.4380,0.0714,0.7236,0.5386,0.4665,0.4469,0.4795,0.4297,0.4665
1979-10-01,0.4173,0.0969,0.7874,0.5107,0.4765,0.4369,0.5285,0.4856,0.4856
1979-11-01,0.4153,0.0984,0.8125,0.5729,0.4965,0.4569,0.5105,0.5084,0.5084
1979-12-01,0.4417,0.0318,0.8240,0.7522,0.6865,0.6769,0.7525,0.7968,0.7522
1980-01-01,0.4486,0.0680,0.7808,0.6165,0.5165,0.5169,0.6035,0.6593,0.6035
1980-02-01,0.4555,-0.0007,0.8129,0.7226,0.6065,0.6069,0.6725,0.7067,0.6725
1980-03-01,0.4941,0.1199,0.9056,0.5779,0.5065,0.5069,0.5755,0.6761,0.5755
1980-04-01,0.4995,0.1758,0.8287,0.5983,0.5165,0.4869,0.6295,0.7254,0.5983
1980-05-01,0.5112,0.1328,0.8342,0.6103,0.5665,0.5369,0.6185,0.7737,0.6103
1980-06-01,0.5004,0.0591,0.9046,0.4940,0.4165,0.4269,0.4935,0.5773,0.4935
1980-07-01,0.5068,0.1504,0.8524,0.5699,0.4365,0.4569,0.5865,0.5922,0.5699
1980-08-01,0.4868,0.2078,0.7991,0.5291,0.3965,0.4269,0.5495,0.5169,0.5169
1980-09-01,0.4738,0.0872,0.7814,0.4898,0.4165,0.3869,0.4775,0.4382,0.4382
1980-10-01,0.4439,0.0325,0.7731,0.4585,0.3465,0.3469,0.4255,0.3944,0.3944
1980-11-01,0.4329,0.0624,0.9159,0.5713,0.5165,0.4369,0.5065,0.4634,0.5065
1980-12-01,0.4599,0.0466,0.9144,0.4745,0.4265,0.4069,0.4565,0.4565,0.4565
1981-01-01,0.5026,0.0753,0.9532,0.8099,0.7465,0.6969,0.7595,0.7847,0.7595
1981-02-01,0.5130,0.1191,1.0277,0.7044,0.6365,0.5869,0.6335,0.7149,0.6365
1981-03-01,0.5226,0.0591,0.9105,0.6938,0.6965,0.6369,0.6605,0.7893,0.6938
1981-04-01,0.5529,0.1624,0.9607,0.5613,0.5365,0.4969,0.5385,0.6964,0.5385
1981-05-01,0.5508,0.2309,0.8618,0.5103,0.4665,0.4469,0.4885,0.6351,0.4885
1981-06-01,0.5436,0.1896,0.8763,0.6083,0.5065,0.4669,0.6195,0.5818,0.5818
1981-07-01,0.5024,0.1376,0.8016,0.6339,0.5465,0.4469,0.6015,0.5600,0.5600
1981-08-01,0.5021,0.1457,0.7844,0.6745,0.5665,0.5069,0.6385,0.5651,0.5665
1981-09-01,0.4939,0.1221,0.7660,0.5047,0.3665,0.3769,0.4815,0.4699,0.4699
1981-10-01,0.4448,0.0560,0.6948,0.4194,0.3365,0.3969,0.4405,0.4313,0.4194
1981-11-01,0.4559,0.1311,0.7920,0.5271,0.4465,0.4169,0.4695,0.4677,0.4677
1981-12-01,0.4790,0.1150,0.8308,0.7303,0.6265,0.6169,0.7205,0.6941,0.6941
1982-01-01,0.5083,0.1938,0.8871,0.3344,0.2665,0.2669,0.3335,0.3816,0.3335
1982-02-01,0.5022,0.1705,0.8458,0.4304,0.3665,0.3469,0.3695,0.4763,0.3695
1982-03-01,0.5243,0.0863,0.8184,0.2276,0.2465,0.2069,0.1785,0.3157,0.2276
1982-04-01,0.4936,0.2367,0.7131,0.3874,0.3665,0.3169,0.2965,0.3718,0.3665
1982-05-01,0.4776,0.1561,0.7581,0.4550,0.3965,0.3569,0.4095,0.4930,0.4095
1982-06-01,0.4671,0.1573,0.7481,0.3640,0.2765,0.2669,0.3865,0.4110,0.3640
1982-07-01,0.4627,0.1738,0.7531,0.4414,0.3565,0.3669,0.4325,0.4635,0.4325
1982-08-01,0.4250,0.1083,0.6936,0.3198,0.2465,0.2669,0.3315,0.3475,0.3198
1982-09-01,0.3902,0.0867,0.6915,0.3798,0.3565,0.3369,0.3955,0.3404,0.3565
1982-10-01,0.3241,-0.0087,0.6381,0.4066,0.3465,0.3269,0.4235,0.3301,0.3465
1982-11-01,0.3201,-0.1524,0.6998,0.3953,0.3965,0.3069,0.3515,0.3720,0.3720
1982-12-01,0.3157,-0.2209,0.6703,0.6444,0.6465,0.6069,0.6475,0.6958,0.6465
1983-01-01,0.3662,-0.1467,0.6851,0.7254,0.7465,0.6469,0.6805,0.8072,0.7254
1983-02-01,0.3762,-0.1150,0.7442,0.7005,0.6465,0.6269,0.6475,0.7712,0.6475
1983-03-01,0.3584,-0.0797,0.7082,0.6132,0.6365,0.5769,0.5835,0.7647,0.6132
1983-04-01,0.3613,-0.0705,0.7115,0.5413,0.4965,0.4269,0.5245,0.6328,0.5245
1983-05-01,0.3419,-0.0448,0.6847,0.5872,0.5565,0.5269,0.6215,0.7318,0.5872
1983-06-01,0.3082,-0.1016,0.6151,0.5310,0.4465,0.4369,0.5305,0.5652,0.5305
1983-07-01,0.3179,-0.0212,0.5643,0.4781,0.3965,0.3669,0.4475,0.4851,0.4475
1983-08-01,0.3242,-0.0625,0.6011,0.6480,0.5765,0.5169,0.5985,0.5515,0.5765
1983-09-01,0.3101,-0.0167,0.5690,0.6909,0.5865,0.5569,0.6365,0.6090,0.6090
1983-10-01,0.2598,-0.1193,0.5818,0.4794,0.3865,0.3869,0.4345,0.3748,0.3869
1983-11-01,0.2895,-0.1320,0.6046,0.6096,0.5165,0.5069,0.5335,0.5387,0.5335
1983-12-01,0.3239,-0.0572,0.7303,0.4599,0.3865,0.4069,0.4515,0.5050,0.4515
1984-01-01,0.3724,-0.0225,0.7267,0.5199,0.5265,0.4569,0.4785,0.5565,0.5199
1984-02-01,0.3831,-0.1270,0.7833,0.3915,0.3565,0.3569,0.3545,0.3976,0.3569
1984-03-01,0.4156,0.0697,0.7623,0.5122,0.4765,0.4469,0.4845,0.5602,0.4845
1984-04-01,0.4306,0.1171,0.7407,0.3773,0.2765,0.2869,0.3695,0.4406,0.3695
1984-05-01,0.4279,0.1334,0.6769,0.5803,0.5465,0.5169,0.5885,0.6502,0.5803
1984-06-01,0.4225,0.0621,0.6906,0.3286,0.2365,0.2769,0.3165,0.3252,0.3165
1984-07-01,0.4429,0.0530,0.7353,0.3891,0.4065,0.3269,0.3405,0.2698,0.3405
1984-08-01,0.4274,0.0497,0.8121,0.4590,0.4065,0.3669,0.4425,0.3629,0.4065
1984-09-01,0.3826,-0.0232,0.6923,0.4914,0.4265,0.3869,0.4645,0.3199,0.4265
1984-10-01,0.3615,-0.0679,0.8096,0.4043,0.3465,0.3069,0.3915,0.3281,0.3465
1984-11-01,0.3515,-0.0762,0.7304,0.3072,0.2765,0.2269,0.2645,0.2401,0.2645
1984-12-01,0.3765,-0.0382,0.8081,0.2059,0.1765,0.1769,0.2045,0.3256,0.2045
1985-01-01,0.4158,-0.0034,0.7338,0.4801,0.4365,0.4469,0.4915,0.5360,0.4801
1985-02-01,0.4326,0.0717,0.7510,0.2637,0.1765,0.2069,0.2095,0.2697,0.2095
1985-03-01,0.4410,0.0552,0.7662,0.4060,0.3865,0.3869,0.3655,0.4222,0.3869
1985-04-01,0.4445,0.1131,0.7021,0.3668,0.3365,0.2969,0.3525,0.4369,0.3525
1985-05-01,0.4655,0.1407,0.7402,0.4299,0.3665,0.3669,0.4055,0.4282,0.4055
1985-06-01,0.4703,0.1758,0.7482,0.4861,0.3665,0.3569,0.4165,0.3647,0.3665
1985-07-01,0.4407,0.1229,0.7101,0.3413,0.2565,0.2069,0.2755,0.2660,0.2660
1985-08-01,0.4420,0.0836,0.6968,0.5064,0.3865,0.3469,0.4335,0.4071,0.4071
1985-09-01,0.4240,0.1087,0.7902,0.4827,0.3465,0.3269,0.3575,0.2852,0.3465
1985-10-01,0.4226,-0.0008,0.7940,0.4026,0.3365,0.2969,0.3995,0.2033,0.3365
1985-11-01,0.3991,0.0662,0.7361,0.3804,0.2665,0.2569,0.3035,0.2989,0.2989
1985-12-01,0.4359,0.1107,0.8200,0.4201,0.3565,0.3569,0.4275,0.3830,0.3830
1986-01-01,0.4413,0.0403,0.7674,0.4812,0.4765,0.4269,0.4375,0.5260,0.4765
1986-02-01,0.4641,0.0261,0.8851,0.6709,0.5865,0.5669,0.6315,0.5861,0.5865
1986-03-01,0.4666,0.0645,0.8565,0.4991,0.5165,0.4969,0.4575,0.5402,0.4991
1986-04-01,0.4740,0.1562,0.8077,0.4947,0.4365,0.4269,0.6105,0.6096,0.4947
1986-05-01,0.5096,0.1557,0.7770,0.5058,0.4265,0.4269,0.7125,0.5958,0.5058
1986-06-01,0.5014,0.1709,0.7416,0.4052,0.3365,0.3569,0.3785,0.3831,0.3785
1986-07-01,0.4847,0.1636,0.7563,0.4059,0.3265,0.3469,0.3745,0.3532,0.3532
1986-08-01,0.4959,0.1410,0.8402,0.4554,0.3765,0.3669,0.4305,0.3641,0.3765
1986-09-01,0.4685,0.1785,0.7538,0.3886,0.2465,0.3069,0.3515,0.2790,0.3069
1986-10-01,0.4253,0.1271,0.7160,0.4177,0.3665,0.3369,0.4195,0.2564,0.3665
1986-11-01,0.4522,0.1096,0.7791,0.4043,0.3165,0.3169,0.3585,0.3915,0.3585
1986-12-01,0.4803,0.0557,0.9368,0.3936,0.3465,0.3669,0.4175,0.4818,0.3936
1987-01-01,0.5357,0.1819,0.9876,0.5807,0.5365,0.5069,0.5475,0.6254,0.5475
1987-02-01,0.5157,0.2391,0.8765,0.6811,0.6465,0.5569,0.6235,0.6752,0.6465
1987-03-01,0.5443,0.1447,0.9703,0.4664,0.3965,0.3769,0.3975,0.4716,0.3975
1987-04-01,0.5429,0.1684,0.9361,0.5526,0.4565,0.4469,0.4755,0.5754,0.4755
1987-05-01,0.5480,0.1741,0.8901,0.5297,0.4765,0.4769,0.4895,0.5924,0.4895
1987-06-01,0.5559,0.2891,0.8626,0.6282,0.5665,0.5169,0.6405,0.6398,0.6282
1987-07-01,0.5403,0.2049,0.8975,0.7106,0.6165,0.6269,0.7205,0.7125,0.7106
1987-08-01,0.5210,0.1823,0.8576,0.5754,0.4665,0.4669,0.5785,0.5305,0.5305
1987-09-01,0.5195,0.1432,0.8551,0.6274,0.5665,0.5569,0.6155,0.5818,0.5818
1987-10-01,0.5002,0.2098,0.8175,0.6350,0.5465,0.4969,0.5665,0.5040,0.5465
1987-11-01,0.4767,0.1621,0.8274,0.5513,0.5065,0.4169,0.4735,0.5196,0.5065
1987-12-01,0.5035,0.1564,0.8634,0.7343,0.6765,0.6069,0.7305,0.8031,0.7305
1988-01-01,0.5531,0.1002,0.9587,0.8209,0.7865,0.6869,0.7365,0.8275,0.7865
1988-02-01,0.5795,0.1199,0.9437,0.6948,0.6565,0.6269,0.6125,0.6220,0.6269
1988-03-01,0.5657,0.1833,0.9356,0.7484,0.7365,0.6769,0.6615,0.7609,0.7365
1988-04-01,0.5540,0.1765,0.8940,0.6895,0.6465,0.5969,0.6775,0.7207,0.6775
1988-05-01,0.5755,0.1331,0.8743,0.6821,0.6565,0.6169,0.6525,0.7626,0.6565
1988-06-01,0.5752,0.1963,0.9429,0.6973,0.6165,0.5969,0.6755,0.6743,0.6743
1988-07-01,0.5758,0.2317,0.9362,0.6196,0.5465,0.5169,0.5955,0.6044,0.5955
1988-08-01,0.5459,0.2923,0.8650,0.6220,0.6065,0.5669,0.6735,0.6348,0.6220
1988-09-01,0.5556,0.1256,0.8658,0.6209,0.5865,0.5269,0.6335,0.6187,0.6187
1988-10-01,0.5196,0.0856,0.8803,0.6196,0.5965,0.5069,0.6005,0.4986,0.5965
1988-11-01,0.5166,0.0870,0.8653,0.3917,0.3365,0.3169,0.3525,0.3238,0.3365
1988-12-01,0.5091,0.1428,0.8958,0.5390,0.5065,0.4569,0.5285,0.5593,0.5285
1989-01-01,0.5570,0.1329,0.9343,0.3369,0.3365,0.2669,0.2695,0.3625,0.3365
1989-02-01,0.5236,0.1964,0.9558,0.6015,0.5165,0.4869,0.5495,0.6276,0.5495
1989-03-01,0.5791,0.2997,0.9281,0.5493,0.5765,0.4869,0.4965,0.5955,0.5493
1989-04-01,0.6000,0.2608,0.9162,0.5127,0.5065,0.4369,0.5175,0.5946,0.5127
1989-05-01,0.6157,0.2869,1.0093,0.4016,0.3965,0.3569,0.3595,0.4577,0.3965
1989-06-01,0.6208,0.2860,0.9838,0.4605,0.3665,0.3669,0.4305,0.4248,0.4248
1989-07-01,0.6053,0.3023,0.9980,0.6265,0.5665,0.4569,0.5745,0.5640,0.5665
1989-08-01,0.6090,0.2693,1.0605,0.6183,0.5465,0.4769,0.5655,0.4798,0.5465
1989-09-01,0.6186,0.2928,0.9858,0.6607,0.5665,0.5269,0.5895,0.5230,0.5665
1989-10-01,0.6032,0.2197,1.0030,0.6223,0.5065,0.4769,0.5815,0.4753,0.5065
1989-11-01,0.5772,0.2102,0.9284,0.4765,0.4165,0.3269,0.4125,0.4028,0.4125
1989-12-01,0.6044,0.1170,0.9949,0.6464,0.5865,0.5769,0.6605,0.6890,0.6464
1990-01-01,0.6363,0.1448,1.1934,0.6479,0.6365,0.5369,0.6285,0.7284,0.6365
1990-02-01,0.6525,0.2571,1.1329,0.6412,0.6565,0.5569,0.6165,0.6895,0.6412
1990-03-01,0.6749,0.3023,1.0784,0.9963,1.0165,0.8769,0.9465,1.0258,0.9963
1990-04-01,0.6773,0.2820,1.0307,0.8574,0.7765,0.7369,0.8295,0.8572,0.8295
1990-05-01,0.6882,0.2667,1.1202,0.7686,0.6765,0.6469,0.7565,0.8484,0.7565
1990-06-01,0.6914,0.3736,1.0727,0.6785,0.5865,0.5369,0.6505,0.6466,0.6466
1990-07-01,0.6809,0.2977,1.0284,0.7421,0.6765,0.5669,0.7205,0.7235,0.7205
1990-08-01,0.6653,0.3104,1.0599,0.6422,0.5565,0.5069,0.6025,0.6353,0.6025
1990-09-01,0.6629,0.3497,1.0150,0.5812,0.4465,0.4869,0.5595,0.5754,0.5595
1990-10-01,0.6558,0.3024,0.9937,0.7477,0.6665,0.5669,0.7105,0.6919,0.6919
1990-11-01,0.6363,0.2565,0.9972,0.7204,0.6765,0.5569,0.6635,0.7724,0.6765
1990-12-01,0.6391,0.2804,0.9832,0.6513,0.6165,0.5769,0.6665,0.7794,0.6513
1991-01-01,0.6717,0.3841,0.9783,0.6644,0.6465,0.5769,0.6475,0.7928,0.6475
1991-02-01,0.6761,0.3171,1.0433,0.7676,0.7165,0.6569,0.7305,0.8419,0.7305
1991-03-01,0.6891,0.3341,1.0792,0.6087,0.5765,0.5369,0.5795,0.7001,0.5795
1991-04-01,0.6640,0.3197,1.0345,0.8002,0.7265,0.6869,0.7755,0.7868,0.7755
1991-05-01,0.6656,0.3746,1.0358,0.6757,0.5565,0.5969,0.6675,0.6883,0.6675
1991-06-01,0.6599,0.3485,1.0681,0.7965,0.7465,0.7069,0.8075,0.8589,0.7965
1991-07-01,0.6436,0.3460,0.9888,0.8312,0.6965,0.6469,0.7775,0.7538,0.7538
1991-08-01,0.6129,0.3236,0.9756,0.7293,0.6065,0.5769,0.7145,0.6615,0.6615
1991-09-01,0.5641,0.2653,0.9684,0.7152,0.6565,0.5969,0.6845,0.6042,0.6565
1991-10-01,0.5162,0.2157,0.8646,0.6129,0.5065,0.4969,0.6165,0.5018,0.5065
1991-11-01,0.4788,0.1649,0.7779,0.6171,0.5165,0.4569,0.5665,0.5346,0.5346
1991-12-01,0.4418,0.1038,0.8093,0.6012,0.5365,0.4569,0.6155,0.5920,0.5920
1992-01-01,0.4195,0.0320,0.7728,0.7246,0.6965,0.6269,0.7175,0.7483,0.7175
1992-02-01,0.4244,0.1073,0.7393,0.7110,0.6165,0.6069,0.6605,0.7046,0.6605
1992-03-01,0.4339,0.0713,0.7780,0.6731,0.6965,0.6469,0.6755,0.7058,0.6755
1992-04-01,0.3829,0.0628,0.7249,0.5235,0.4965,0.4469,0.5335,0.4900,0.4965
1992-05-01,0.3841,0.0751,0.7123,0.5319,0.5265,0.4969,0.5495,0.5265,0.5265
1992-06-01,0.3663,0.0148,0.6882,0.5200,0.4765,0.4469,0.5555,0.5083,0.5083
1992-07-01,0.3812,0.0912,0.6931,0.3708,0.3065,0.2969,0.4015,0.3399,0.3399
1992-08-01,0.3657,0.0332,0.7380,0.4028,0.2965,0.2969,0.3845,0.3130,0.3130
1992-09-01,0.3484,0.0255,0.7157,0.2722,0.2065,0.2069,0.2525,0.1969,0.2069
1992-10-01,0.3559,0.0442,0.6681,0.3391,0.2865,0.2469,0.3385,0.2487,0.2865
1992-11-01,0.3418,0.0410,0.7441,0.3276,0.2465,0.2369,0.2635,0.2750,0.2635
1992-12-01,0.3893,0.0194,0.7267,0.4582,0.4365,0.3669,0.4705,0.4657,0.4582
1993-01-01,0.4237,-0.0007,0.8126,0.6249,0.5665,0.5169,0.6105,0.6509,0.6105
1993-02-01,0.4378,0.1064,0.8355,0.6421,0.5865,0.5669,0.6485,0.6560,0.6421
1993-03-01,0.4411,0.0360,0.8630,0.6009,0.5765,0.5369,0.5735,0.5893,0.5765
1993-04-01,0.4695,0.0709,0.8347,0.5593,0.4965,0.4669,0.5475,0.5837,0.5475
1993-05-01,0.4830,0.1821,0.8534,0.5591,0.4965,0.4569,0.5465,0.5698,0.5465
1993-06-01,0.4833,0.2614,0.8891,0.5287,0.4465,0.4569,0.5715,0.5285,0.5285
1993-07-01,0.4896,0.1873,0.8426,0.5235,0.4665,0.4069,0.5285,0.4511,0.4665
1993-08-01,0.4692,0.1430,0.8253,0.4462,0.3265,0.3569,0.4675,0.4167,0.4167
1993-09-01,0.4640,0.1012,0.8839,0.4086,0.3265,0.3569,0.4215,0.2894,0.3569
1993-10-01,0.4382,0.0693,0.8337,0.5154,0.4565,0.4269,0.5275,0.4200,0.4565
1993-11-01,0.4062,0.0157,0.8250,0.4282,0.2565,0.2669,0.3585,0.3503,0.3503
1993-12-01,0.4273,0.1039,0.8457,0.5106,0.3965,0.3969,0.4685,0.5762,0.4685
1994-01-01,0.5116,0.0643,0.9505,0.5600,0.4765,0.4169,0.4955,0.5629,0.4955
1994-02-01,0.5006,0.1044,0.9148,0.3703,0.2365,0.2269,0.3125,0.3282,0.3125
1994-03-01,0.5110,0.1106,0.8818,0.6015,0.5065,0.4869,0.5595,0.5345,0.5345
1994-04-01,0.5383,0.1202,0.8722,0.6138,0.6265,0.5469,0.6345,0.6289,0.6265
1994-05-01,0.5499,0.1317,0.8641,0.5662,0.4965,0.5169,0.5675,0.5165,0.5169
1994-06-01,0.5474,0.1892,0.8816,0.6799,0.6465,0.5669,0.6945,0.5770,0.6465
1994-07-01,0.5402,0.1926,0.9272,0.5452,0.5165,0.4769,0.5705,0.5264,0.5264
1994-08-01,0.5535,0.1939,0.8701,0.5357,0.4365,0.4369,0.5005,0.4169,0.4369
1994-09-01,0.5256,0.1510,0.8787,0.6329,0.5265,0.5269,0.6255,0.5672,0.5672
1994-10-01,0.5010,0.0970,0.9041,0.7097,0.6465,0.5969,0.7265,0.5582,0.6465
1994-11-01,0.4800,0.0631,0.7971,0.7176,0.6665,0.5869,0.6735,0.6434,0.6665
1994-12-01,0.5089,0.0799,0.8886,0.6108,0.6065,0.5269,0.6275,0.6569,0.6108
1995-01-01,0.5152,0.0902,0.9703,0.7789,0.7465,0.6769,0.7605,0.8295,0.7605
1995-02-01,0.5254,0.0970,0.9043,1.0011,1.0065,0.9069,0.9975,1.0298,1.0011
1995-03-01,0.5414,0.1014,0.9987,0.7188,0.6865,0.6569,0.7075,0.7172,0.7075
1995-04-01,0.5592,0.1951,0.9231,0.7838,0.6865,0.6469,0.7645,0.7901,0.7645
1995-05-01,0.5947,0.1893,1.0181,0.6264,0.4865,0.5069,0.5945,0.6299,0.5945
1995-06-01,0.5786,0.1752,0.9431,0.7426,0.6465,0.6369,0.8015,0.7450,0.7426
1995-07-01,0.5917,0.1441,0.9213,0.8053,0.6765,0.6769,0.8225,0.6972,0.6972
1995-08-01,0.5951,0.1682,1.0311,0.7546,0.6665,0.6769,0.7965,0.6942,0.6942
1995-09-01,0.5970,0.2240,0.9871,0.6425,0.5465,0.5669,0.6375,0.6054,0.6054
1995-10-01,0.5743,0.2015,1.0252,0.7441,0.6765,0.5969,0.7915,0.6552,0.6765
1995-11-01,0.5821,0.0449,0.9599,0.7351,0.6665,0.6069,0.7245,0.6686,0.6686
1995-12-01,0.5970,0.1303,1.0542,0.5348,0.4765,0.4669,0.5715,0.5886,0.5348
1996-01-01,0.5903,0.1941,1.1137,0.5773,0.4565,0.4469,0.5515,0.5991,0.5515
1996-02-01,0.6335,0.1658,1.1208,0.8218,0.6765,0.6569,0.7995,0.7332,0.7332
1996-03-01,0.6450,0.2805,1.1006,0.6452,0.5465,0.5569,0.6445,0.6426,0.6426
1996-04-01,0.6459,0.2727,1.0566,0.6105,0.5465,0.5069,0.6305,0.5651,0.5651
1996-05-01,0.6688,0.2503,1.0819,0.6015,0.4865,0.5069,0.5415,0.4979,0.5069
1996-06-01,0.6756,0.2880,1.0309,0.5811,0.4765,0.4569,0.5415,0.5152,0.5152
1996-07-01,0.6743,0.3190,1.0408,0.6903,0.5865,0.5569,0.6575,0.5947,0.5947
1996-08-01,0.6705,0.2977,1.0686,0.7190,0.6965,0.6069,0.7805,0.6896,0.6965
1996-09-01,0.6821,0.2671,1.0742,0.5687,0.4765,0.4569,0.5315,0.4783,0.4783
1996-10-01,0.6928,0.2948,1.0406,0.4900,0.4365,0.3869,0.4865,0.4099,0.4365
1996-11-01,0.6434,0.2679,1.0337,0.6760,0.6365,0.5669,0.6815,0.6733,0.6733
1996-12-01,0.6492,0.2852,1.0937,0.6832,0.5865,0.5369,0.6955,0.6830,0.6830
1997-01-01,0.6996,0.3214,1.1594,0.6099,0.5365,0.4369,0.5735,0.5892,0.5735
1997-02-01,0.7006,0.1905,1.1571,0.6559,0.6265,0.5269,0.6335,0.6502,0.6335
1997-03-01,0.7105,0.2671,1.2766,0.7550,0.7365,0.6869,0.7725,0.7826,0.7550
1997-04-01,0.7415,0.3281,1.1449,0.7348,0.5565,0.5669,0.6735,0.5817,0.5817
1997-05-01,0.7650,0.3040,1.1280,0.6782,0.5665,0.5669,0.6425,0.6125,0.6125
1997-06-01,0.7623,0.3874,1.1959,0.8541,0.7665,0.7469,0.8575,0.7510,0.7665
1997-07-01,0.7588,0.4326,1.1072,0.7105,0.5565,0.5769,0.6745,0.6290,0.6290
1997-08-01,0.7313,0.3387,1.1611,0.7714,0.6265,0.6369,0.7155,0.6671,0.6671
1997-09-01,0.7343,0.4122,1.0903,0.8306,0.7365,0.7669,0.8075,0.7414,0.7669
1997-10-01,0.7385,0.3423,1.1154,0.9343,0.8265,0.7969,0.9455,0.7972,0.8265
1997-11-01,0.7326,0.3558,1.0954,0.9753,0.8665,0.7969,0.9465,0.8745,0.8745
1997-12-01,0.7310,0.3269,1.0489,0.8851,0.8065,0.7369,0.8975,0.8812,0.8812
1998-01-01,0.7359,0.3324,1.0836,0.9251,0.7965,0.7469,0.8445,0.9106,0.8445
1998-02-01,0.7543,0.4117,1.0697,1.1589,1.0965,0.9669,1.0875,1.1187,1.0965
1998-03-01,0.7746,0.4466,1.1511,0.9483,0.8465,0.7869,0.8735,0.9176,0.8735
1998-04-01,0.7747,0.4760,1.1557,1.0104,0.8565,0.8869,0.9875,1.0304,0.9875
1998-05-01,0.7926,0.4605,1.1953,0.9995,0.8965,0.8469,0.9905,1.0433,0.9905
1998-06-01,0.7898,0.4387,1.1746,1.0305,0.9865,0.8669,1.0345,1.0143,1.0143
1998-07-01,0.7725,0.4272,1.1537,1.0233,0.8765,0.8569,1.0125,0.9228,0.9228
1998-08-01,0.7573,0.4702,1.1381,1.0151,0.8665,0.8769,1.0175,0.9426,0.9426
1998-09-01,0.7575,0.3921,1.1608,0.7978,0.6365,0.6569,0.7305,0.7533,0.7305
1998-10-01,0.7615,0.4218,1.1463,0.7781,0.6365,0.5969,0.7155,0.6724,0.6724
1998-11-01,0.7533,0.3440,1.1518,0.7432,0.6465,0.5969,0.7005,0.6538,0.6538
1998-12-01,0.6863,0.3550,1.1042,0.8477,0.7665,0.7369,0.8535,0.8416,0.8416
1999-01-01,0.7439,0.3916,1.0965,0.7496,0.6965,0.5869,0.7105,0.7317,0.7105
1999-02-01,0.7573,0.3661,1.1302,0.9624,0.8565,0.8169,0.9085,0.9166,0.9085
1999-03-01,0.7939,0.4457,1.2405,0.6180,0.5465,0.5269,0.5815,0.5622,0.5622
1999-04-01,0.7740,0.4396,1.1777,0.6303,0.5365,0.5269,0.6145,0.6061,0.6061
1999-05-01,0.7990,0.4382,1.2124,0.6088,0.4765,0.4869,0.5665,0.5678,0.5665
1999-06-01,0.8091,0.3837,1.1535,0.6873,0.5765,0.5669,0.6895,0.5989,0.5989
1999-07-01,0.7969,0.5137,1.1415,0.6746,0.6065,0.5469,0.6495,0.5990,0.6065
1999-08-01,0.7825,0.4593,1.1556,0.6665,0.5265,0.5469,0.6255,0.5636,0.5636
1999-09-01,0.7824,0.4557,1.1400,0.6390,0.6065,0.6069,0.6735,0.6054,0.6069
1999-10-01,0.7977,0.3858,1.1938,0.6705,0.5565,0.5169,0.6595,0.5487,0.5565
1999-11-01,0.7907,0.4591,1.2420,0.6468,0.5865,0.5569,0.6305,0.5897,0.5897
1999-12-01,0.7985,0.4026,1.2116,0.6770,0.6165,0.6169,0.7025,0.7054,0.6770
2000-01-01,0.7950,0.3632,1.2169,0.5409,0.4665,0.4769,0.5255,0.5690,0.5255
2000-02-01,0.7966,0.3703,1.2670,0.8571,0.7765,0.7169,0.7885,0.8189,0.7885
2000-03-01,0.8050,0.3518,1.3032,0.8050,0.7665,0.6869,0.7525,0.7345,0.7525
2000-04-01,0.8140,0.4029,1.2078,0.8953,0.7765,0.7569,0.8185,0.8269,0.8185
2000-05-01,0.8345,0.4038,1.1840,0.6666,0.5665,0.5469,0.6015,0.6444,0.6015
2000-06-01,0.8401,0.3995,1.1498,0.7128,0.6165,0.5769,0.6735,0.5871,0.6165
2000-07-01,0.8465,0.5010,1.2770,0.6933,0.6065,0.5769,0.6405,0.5633,0.6065
2000-08-01,0.8461,0.4972,1.2696,0.7420,0.6365,0.6069,0.7205,0.6262,0.6365
2000-09-01,0.8557,0.5535,1.1932,0.6758,0.6065,0.6169,0.7025,0.5672,0.6169
2000-10-01,0.8449,0.4652,1.2186,0.5580,0.4865,0.4669,0.5715,0.4544,0.4865
2000-11-01,0.8393,0.4497,1.3706,0.6088,0.5165,0.4769,0.5885,0.5462,0.5462
2000-12-01,0.8670,0.4786,1.4135,0.5650,0.4965,0.4469,0.5735,0.5867,0.5650
2001-01-01,0.8740,0.4825,1.4695,0.7248,0.6665,0.6069,0.7125,0.7288,0.7125
2001-02-01,0.8592,0.4723,1.2823,0.7525,0.6565,0.6069,0.6895,0.6818,0.6818
2001-03-01,0.8712,0.4432,1.2126,0.8798,0.7665,0.7169,0.8095,0.7938,0.7938
2001-04-01,0.9220,0.5351,1.3775,0.8117,0.7165,0.6869,0.8015,0.7562,0.7562
2001-05-01,0.9217,0.6061,1.3728,0.8507,0.7865,0.7269,0.8195,0.8192,0.8192
2001-06-01,0.9079,0.5014,1.2833,0.8105,0.7465,0.7069,0.8135,0.7201,0.7465
2001-07-01,0.9242,0.5781,1.2859,0.8749,0.8065,0.7569,0.8515,0.7806,0.8065
2001-08-01,0.9203,0.5645,1.2253,0.8673,0.6965,0.6969,0.8055,0.7502,0.7502
2001-09-01,0.9216,0.5287,1.3046,0.8571,0.7365,0.7169,0.8085,0.7278,0.7365
2001-10-01,0.8904,0.4920,1.2932,0.8291,0.7165,0.6469,0.8065,0.7441,0.7441
2001-11-01,0.8912,0.4606,1.3018,1.0539,0.9365,0.8369,0.9655,0.9924,0.9655
2001-12-01,0.9100,0.4907,1.3589,0.9035,0.7665,0.7569,0.9045,0.9591,0.9035
2002-01-01,0.9621,0.6088,1.3287,1.0079,0.9865,0.8469,0.9695,1.0538,0.9865
2002-02-01,0.9284,0.5232,1.5403,1.0020,0.9965,0.8269,0.9215,0.9565,0.9565
2002-03-01,0.9166,0.4073,1.3049,1.1544,1.0965,0.9869,1.1175,1.1440,1.1175
2002-04-01,0.9124,0.4881,1.2971,0.9251,0.7965,0.6969,0.8635,0.8460,0.8460
2002-05-01,0.8975,0.5524,1.2510,0.8650,0.8565,0.7869,0.9125,0.9450,0.8650
2002-06-01,0.9172,0.5631,1.3399,0.8112,0.7465,0.7169,0.8675,0.8542,0.8112
2002-07-01,0.9277,0.5637,1.4224,0.9347,0.8265,0.7869,0.9015,0.8349,0.8349
2002-08-01,0.9199,0.6206,1.3479,0.8637,0.7465,0.7169,0.8195,0.7546,0.7546
2002-09-01,0.9138,0.5595,1.2839,0.8666,0.8565,0.7369,0.8985,0.8112,0.8565
2002-10-01,0.9279,0.6468,1.3161,0.8645,0.7565,0.7269,0.8665,0.7691,0.7691
2002-11-01,0.9240,0.5253,1.3338,0.8557,0.8065,0.7269,0.8485,0.8381,0.8381
2002-12-01,0.9274,0.6388,1.2539,0.7093,0.6565,0.6569,0.7935,0.8068,0.7093
2003-01-01,0.9560,0.5714,1.4295,1.0190,0.9665,0.8469,1.0025,1.0651,1.0025
2003-02-01,0.9394,0.5583,1.3269,0.8486,0.7965,0.7669,0.8155,0.8770,0.8155
2003-03-01,0.9013,0.4826,1.2391,0.8416,0.8165,0.7369,0.7935,0.7869,0.7935
2003-04-01,0.9234,0.5364,1.2960,0.8326,0.7665,0.7269,0.8115,0.7895,0.7895
2003-05-01,0.9160,0.5383,1.3393,0.8820,0.8165,0.7369,0.8575,0.8513,0.8513
2003-06-01,0.9138,0.5380,1.2726,0.7875,0.6965,0.6469,0.7435,0.6923,0.6965
2003-07-01,0.9188,0.5093,1.2793,0.8493,0.7965,0.7169,0.8135,0.7538,0.7965
2003-08-01,0.9026,0.5953,1.2978,0.9788,0.8565,0.7869,0.9375,0.8470,0.8565
2003-09-01,0.9349,0.5270,1.3428,0.9372,0.8365,0.8169,0.9565,0.8797,0.8797
2003-10-01,0.9149,0.5570,1.2844,1.0208,0.9365,0.8869,1.0335,0.9542,0.9542
2003-11-01,0.9231,0.5991,1.2992,0.8578,0.7465,0.7169,0.8195,0.8555,0.8195
2003-12-01,0.9156,0.4860,1.2952,1.0186,0.9665,0.8869,1.0305,1.1063,1.0186
2004-01-01,0.9269,0.4263,1.3166,0.8687,0.7965,0.7669,0.8575,0.9168,0.8575
2004-02-01,0.9434,0.5044,1.2905,0.9964,0.9365,0.8569,0.9555,0.9823,0.9555
2004-03-01,0.9415,0.6135,1.3455,0.8863,0.8465,0.8169,0.8555,0.9418,0.8555
2004-04-01,0.9392,0.6162,1.2862,0.8834,0.8265,0.7569,0.8815,0.8952,0.8815
2004-05-01,0.9243,0.5696,1.2824,0.7152,0.5865,0.5569,0.6245,0.6547,0.6245
2004-06-01,0.9291,0.4936,1.2425,0.6764,0.6565,0.5869,0.7095,0.7377,0.6764
2004-07-01,0.9381,0.5554,1.2454,0.6042,0.4765,0.5169,0.5805,0.5252,0.5252
2004-08-01,0.9372,0.5769,1.2808,0.8271,0.6665,0.6569,0.7385,0.6395,0.6665
2004-09-01,0.9386,0.6118,1.2654,0.8285,0.7165,0.7069,0.8215,0.7660,0.7660
2004-10-01,0.9486,0.6047,1.2891,0.8852,0.8265,0.7769,0.8975,0.8568,0.8568
2004-11-01,0.9546,0.5218,1.2921,1.0141,0.9465,0.8469,0.9505,0.9640,0.9505
2004-12-01,0.9795,0.5217,1.3719,0.7780,0.7265,0.6869,0.7735,0.8333,0.7735
2005-01-01,0.9811,0.4818,1.5419,1.0105,0.9665,0.9369,0.9915,1.1061,0.9915
2005-02-01,1.0097,0.5690,1.4401,0.8951,0.8165,0.7869,0.9025,0.9705,0.8951
2005-03-01,0.9868,0.5700,1.4038,1.0076,0.9565,0.8969,0.9975,1.0415,0.9975
2005-04-01,0.9846,0.6142,1.3822,0.9935,0.8865,0.8369,0.9565,0.9801,0.9565
2005-05-01,0.9818,0.7163,1.4406,0.9174,0.8465,0.7969,0.9135,0.9346,0.9135
2005-06-01,0.9805,0.6970,1.3845,0.9349,0.8665,0.8169,0.9645,0.9075,0.9075
2005-07-01,0.9695,0.6137,1.3732,0.9210,0.8265,0.7669,0.9265,0.8863,0.8863
2005-08-01,0.9863,0.6555,1.4490,0.9497,0.8165,0.7469,0.9185,0.8308,0.8308
2005-09-01,0.9706,0.6207,1.4008,0.9986,0.9365,0.8469,0.9855,0.9356,0.9365
2005-10-01,0.9707,0.5403,1.3920,1.0479,0.9765,0.8769,1.0935,1.0218,1.0218
2005-11-01,0.9795,0.5245,1.4736,1.0036,0.9565,0.9069,1.0115,1.0243,1.0036
2005-12-01,0.9553,0.5471,1.4673,0.9624,0.8965,0.8769,1.0105,1.0301,0.9624
2006-01-01,1.0115,0.5436,1.5668,0.8622,0.7765,0.7569,0.8625,0.9148,0.8622
2006-02-01,0.9948,0.4570,1.5130,1.0035,0.9565,0.9169,1.0235,1.0539,1.0035
2006-03-01,0.9768,0.4217,1.4189,0.8991,0.8465,0.8169,0.9035,0.9416,0.8991
2006-04-01,0.9664,0.5211,1.4629,0.8437,0.6865,0.7069,0.8045,0.8397,0.8045
2006-05-01,0.9871,0.6172,1.4569,0.8316,0.6965,0.7169,0.7785,0.7934,0.7785
2006-06-01,0.9966,0.6366,1.3778,0.9377,0.8865,0.7869,0.9445,0.9122,0.9122
2006-07-01,0.9781,0.5319,1.4600,0.8436,0.7565,0.7169,0.8215,0.8043,0.8043
2006-08-01,0.9814,0.5775,1.3666,0.9987,0.9265,0.8469,0.9835,0.8721,0.9265
2006-09-01,0.9770,0.5890,1.4203,0.9128,0.8765,0.8169,0.8995,0.8542,0.8765
2006-10-01,0.9921,0.6155,1.3411,0.9773,0.9265,0.8369,0.9855,0.9880,0.9773
2006-11-01,1.0177,0.6401,1.3374,1.0226,0.9465,0.8269,0.9645,0.9939,0.9645
2006-12-01,0.9983,0.5377,1.3406,1.0774,1.0065,0.9369,1.0815,1.1243,1.0774
2007-01-01,1.0065,0.6066,1.3657,1.2565,1.2265,1.0569,1.2015,1.3218,1.2265
2007-02-01,1.0025,0.5621,1.3889,0.9979,0.9165,0.8569,0.9865,1.0525,0.9865
2007-03-01,0.9978,0.5926,1.3520,0.9505,0.9265,0.8369,0.9135,0.9536,0.9265
2007-04-01,1.0011,0.5088,1.4682,1.0854,0.9865,0.9369,1.0735,1.0833,1.0735
2007-05-01,0.9893,0.4730,1.3213,0.9399,0.9065,0.7969,0.9185,0.9489,0.9185
2007-06-01,0.9669,0.5433,1.3357,0.8646,0.8265,0.7469,0.8675,0.8073,0.8265
2007-07-01,0.9472,0.5209,1.3590,0.9273,0.8165,0.7569,0.9035,0.8074,0.8165
2007-08-01,0.9804,0.6378,1.3789,0.9472,0.8165,0.7269,0.8325,0.7823,0.8165
2007-09-01,0.9585,0.5852,1.3492,0.8742,0.8165,0.7569,0.7895,0.7161,0.7895
2007-10-01,0.9710,0.5941,1.3466,0.9213,0.8065,0.7569,0.9105,0.8360,0.8360
2007-11-01,0.9767,0.5563,1.3216,0.8962,0.8065,0.7169,0.8295,0.8541,0.8295
2007-12-01,0.9521,0.6218,1.3854,0.7795,0.7165,0.6369,0.7585,0.8398,0.7585
2008-01-01,0.9872,0.6693,1.3419,0.5715,0.5165,0.4269,0.5095,0.6306,0.5165
2008-02-01,0.9901,0.5933,1.5463,0.6282,0.5965,0.4869,0.5675,0.6346,0.5965
2008-03-01,0.9826,0.6338,1.3585,0.9712,0.9665,0.8669,0.8935,0.9718,0.9665
2008-04-01,0.9799,0.6243,1.3890,0.8085,0.7565,0.6769,0.7865,0.7829,0.7829
2008-05-01,0.9791,0.6033,1.4077,0.7956,0.7165,0.6769,0.7715,0.7600,0.7600
2008-06-01,0.9779,0.5794,1.3682,0.7454,0.7165,0.6369,0.7475,0.6327,0.7165
2008-07-01,0.9783,0.5881,1.3328,0.8988,0.8165,0.7469,0.8655,0.7775,0.8165
2008-08-01,0.9912,0.5509,1.3793,0.8196,0.6665,0.6969,0.8055,0.7221,0.7221
2008-09-01,0.9784,0.5308,1.3390,0.9130,0.8165,0.7569,0.8545,0.7760,0.8165
2008-10-01,1.0007,0.4230,1.4185,0.9574,0.8865,0.8369,0.9485,0.8873,0.8873
2008-11-01,1.0095,0.5835,1.4116,0.9853,0.9065,0.8469,0.9245,0.9443,0.9245
2008-12-01,0.9869,0.5273,1.4140,0.8301,0.7565,0.7569,0.8205,0.8851,0.8205
2009-01-01,1.0229,0.6254,1.4314,0.9483,0.8665,0.8369,0.9245,1.0183,0.9245
2009-02-01,1.0246,0.5754,1.4567,0.8251,0.7465,0.7069,0.8145,0.9297,0.8145
2009-03-01,0.9907,0.4997,1.4450,0.8071,0.7465,0.6969,0.7305,0.8318,0.7465
2009-04-01,0.9976,0.6365,1.4363,0.8886,0.8265,0.7269,0.8365,0.8495,0.8365
2009-05-01,1.0129,0.5571,1.4232,0.9155,0.8665,0.7869,0.8655,0.8610,0.8655
2009-06-01,0.9996,0.6014,1.3797,0.9883,0.8465,0.8369,0.9615,0.8354,0.8465
2009-07-01,1.0105,0.5551,1.4095,1.0440,0.9565,0.8869,1.0465,0.9387,0.9565
2009-08-01,1.0230,0.6269,1.4045,0.9867,0.9065,0.8569,0.9625,0.8463,0.9065
2009-09-01,1.0255,0.6526,1.4048,1.0446,0.9365,0.9169,0.9615,0.9097,0.9365
2009-10-01,1.0394,0.6626,1.4497,0.9853,0.8665,0.8469,0.9765,0.9301,0.9301
2009-11-01,1.0688,0.6984,1.5446,1.0614,1.0165,0.9069,1.0305,1.0337,1.0305
2009-12-01,1.0275,0.6082,1.5304,0.9996,0.8865,0.8569,0.9975,0.9970,0.9970
2010-01-01,1.0715,0.7243,1.4735,1.0742,0.9665,0.9169,1.0445,1.1523,1.0445
2010-02-01,1.0678,0.5316,1.5419,1.1470,1.0565,0.9869,1.1195,1.1866,1.1195
2010-03-01,1.0712,0.6920,1.4609,1.2193,1.1365,1.0569,1.1285,1.2219,1.1365
2010-04-01,1.0566,0.7005,1.4452,1.1870,1.0665,1.0269,1.1605,1.1620,1.1605
2010-05-01,1.0462,0.6755,1.4695,1.0756,0.9665,0.9269,1.0165,1.0633,1.0165
2010-06-01,1.0613,0.7215,1.4674,1.0109,0.8965,0.8569,0.9605,0.9176,0.9176
2010-07-01,1.0456,0.6692,1.3966,0.9790,0.8465,0.8169,0.9135,0.8530,0.8530
2010-08-01,1.0555,0.6745,1.4342,0.9768,0.8865,0.7969,0.9575,0.8473,0.8865
2010-09-01,1.0659,0.6822,1.4551,0.9280,0.8465,0.8069,0.9105,0.9049,0.9049
2010-10-01,1.0697,0.7289,1.4232,1.0065,0.9265,0.8369,1.0085,0.9664,0.9664
2010-11-01,1.0684,0.6580,1.4926,1.0962,1.0265,0.9269,1.0095,1.0266,1.0265
2010-12-01,1.0716,0.7054,1.4457,0.7978,0.6665,0.6669,0.7995,0.8272,0.7978
2011-01-01,1.0997,0.7113,1.5060,0.8198,0.7365,0.7269,0.8065,0.8682,0.8065
2011-02-01,1.0548,0.7016,1.3877,0.7910,0.6865,0.6869,0.7875,0.7884,0.7875
2011-03-01,1.0654,0.7074,1.5009,0.9168,0.8665,0.8169,0.8885,0.8944,0.8885
2011-04-01,1.0742,0.7065,1.4619,0.9589,0.8565,0.8269,0.9155,0.9231,0.9155
2011-05-01,1.0551,0.6421,1.4634,0.8059,0.7465,0.7169,0.7945,0.8232,0.7945
2011-06-01,1.0765,0.7432,1.4667,0.9093,0.8365,0.7769,0.9245,0.8514,0.8514
2011-07-01,1.0682,0.7045,1.4599,1.0072,0.9265,0.8569,1.0065,0.9441,0.9441
2011-08-01,1.0543,0.6591,1.4740,1.0187,0.9565,0.8569,0.9945,0.9119,0.9565
2011-09-01,1.0612,0.7458,1.4277,0.9037,0.7765,0.7869,0.8525,0.8533,0.8525
2011-10-01,1.0787,0.6838,1.4884,0.9422,0.8665,0.8169,0.9365,0.8797,0.8797
2011-11-01,1.0520,0.6252,1.4437,0.8747,0.8165,0.7169,0.8195,0.7981,0.8165
2011-12-01,1.0634,0.5126,1.5143,0.8576,0.8165,0.7569,0.8335,0.8909,0.8335
2012-01-01,1.0989,0.6135,1.5132,0.7326,0.6865,0.6669,0.6885,0.7930,0.6885
2012-02-01,1.1073,0.5801,1.7020,0.8235,0.6965,0.6869,0.7505,0.7763,0.7505
2012-03-01,1.0983,0.5599,1.5218,0.7838,0.7865,0.6969,0.7245,0.8168,0.7838
2012-04-01,1.0786,0.6173,1.4647,0.9713,0.9465,0.8769,0.9485,0.9638,0.9485
2012-05-01,1.0803,0.6403,1.4899,1.0194,0.9965,0.9069,1.0015,1.0385,1.0015
2012-06-01,1.0692,0.6176,1.4142,0.9930,0.8665,0.8569,0.9805,0.9505,0.9505
2012-07-01,1.0669,0.6332,1.4606,0.9338,0.8065,0.7869,0.8375,0.8413,0.8375
2012-08-01,1.0929,0.6850,1.4515,1.0130,0.8765,0.8269,0.9455,0.8774,0.8774
2012-09-01,1.1032,0.6454,1.5292,1.0030,0.9365,0.8969,0.9775,0.9188,0.9365
2012-10-01,1.0766,0.7026,1.4650,1.0917,1.0165,0.9369,1.1115,1.0693,1.0693
2012-11-01,1.0889,0.7393,1.4476,1.0836,0.9965,0.9069,1.0355,1.0887,1.0355
2012-12-01,1.1023,0.6149,1.4509,0.8237,0.7465,0.6869,0.8085,0.8969,0.8085
2013-01-01,1.1195,0.6367,1.5264,0.9703,0.9265,0.8569,0.9355,1.1054,0.9355
2013-02-01,1.1673,0.8044,1.5750,0.8868,0.8365,0.7569,0.8405,0.9802,0.8405
2013-03-01,1.1449,0.7957,1.5280,0.9438,0.8865,0.8069,0.8625,0.9768,0.8865
2013-04-01,1.1346,0.6993,1.5440,0.9336,0.7465,0.7569,0.8385,0.8732,0.8385
2013-05-01,1.1156,0.7027,1.4933,0.9190,0.8165,0.8169,0.8765,0.8864,0.8765
2013-06-01,1.1198,0.7239,1.4994,1.0243,0.9165,0.8769,0.9615,0.9384,0.9384
2013-07-01,1.1271,0.6878,1.6045,0.9527,0.8165,0.7769,0.8445,0.7759,0.8165
2013-08-01,1.1174,0.7223,1.5832,1.0041,0.9165,0.8369,0.9475,0.8557,0.9165
2013-09-01,1.1331,0.6826,1.5498,1.0869,0.9865,0.9169,1.0235,0.9757,0.9865
2013-10-01,1.1403,0.7180,1.6225,1.0157,0.9065,0.8269,0.9225,0.9014,0.9065
2013-11-01,1.1539,0.7194,1.7679,1.1327,1.0465,0.9569,1.0655,1.0425,1.0465
2013-12-01,1.1829,0.8538,1.8396,0.9683,0.9165,0.8669,0.9585,1.0556,0.9585
2014-01-01,1.1883,0.8115,1.6387,1.0324,0.9765,0.9169,0.9835,1.0856,0.9835
2014-02-01,1.1713,0.7922,1.6919,0.8510,0.7665,0.7469,0.8145,0.8688,0.8145
2014-03-01,1.2018,0.7735,1.6670,1.0485,0.9965,0.9669,0.9635,1.0436,0.9965
2014-04-01,1.1978,0.7915,1.6094,1.0975,1.0265,0.9369,1.0165,1.0191,1.0191
2014-05-01,1.1704,0.8441,1.4731,1.0959,1.0865,0.9769,1.0525,1.0483,1.0525
2014-06-01,1.1538,0.8091,1.5014,0.9817,0.8865,0.8769,0.9215,0.9032,0.9032
2014-07-01,1.1485,0.8066,1.5144,0.9492,0.7965,0.7969,0.8755,0.8667,0.8667
2014-08-01,1.1524,0.7718,1.5363,1.0964,1.0465,0.9769,1.0675,0.9370,1.0465
2014-09-01,1.1764,0.8457,1.5517,1.1286,1.0965,0.9769,1.0925,0.9903,1.0925
2014-10-01,1.1705,0.7892,1.5757,1.1057,1.0165,0.9369,1.0835,1.0136,1.0165
2014-11-01,1.1742,0.7409,1.6891,0.9964,0.8865,0.8269,0.9005,0.9439,0.9005
2014-12-01,1.1984,0.7382,1.7728,1.0454,1.0065,0.9669,1.0275,1.1171,1.0275
2015-01-01,1.1741,0.7213,1.6324,1.1000,1.0765,0.9869,1.0605,1.1512,1.0765
2015-02-01,1.1485,0.6870,1.5257,1.1408,1.1265,1.0169,1.0965,1.1632,1.1265
2015-03-01,1.1427,0.7675,1.5184,1.1552,1.1765,1.0869,1.0955,1.1816,1.1552
2015-04-01,1.1392,0.7569,1.4683,1.0521,0.9665,0.9569,1.0355,0.9660,0.9665
2015-05-01,1.1335,0.7633,1.5185,1.0937,1.0165,0.9669,1.0705,1.0417,1.0417
2015-06-01,1.1382,0.7334,1.5182,1.1197,1.0365,1.0069,1.0775,1.0173,1.0365
2015-07-01,1.1737,0.7325,1.5804,1.0774,0.9465,0.9269,1.0615,0.9546,0.9546
2015-08-01,1.1585,0.7214,1.5440,1.1672,1.0165,0.9769,1.1345,1.0433,1.0433
2015-09-01,1.1635,0.7273,1.5899,1.1857,1.0565,1.0669,1.1425,1.0728,1.0728
2015-10-01,1.1654,0.7009,1.5733,1.3815,1.2965,1.2069,1.3375,1.2913,1.2965
2015-11-01,1.1908,0.6652,1.6303,1.3533,1.2765,1.1869,1.2575,1.2786,1.2765
2015-12-01,1.2016,0.8302,1.6064,1.4029,1.3865,1.2569,1.4075,1.4681,1.4029
2016-01-01,1.2124,0.8099,1.6574,1.4472,1.3965,1.3369,1.4215,1.5096,1.4215
2016-02-01,1.2117,0.7462,1.6368,1.5839,1.5865,1.4869,1.5305,1.6430,1.5839
2016-03-01,1.1970,0.7924,1.7570,1.5442,1.5665,1.4769,1.5005,1.5788,1.5442
2016-04-01,1.1952,0.8385,1.5914,1.3909,1.3065,1.2769,1.3585,1.4390,1.3585
2016-05-01,1.1724,0.7583,1.4920,1.2413,1.1765,1.1069,1.2295,1.2803,1.2295
2016-06-01,1.2094,0.8186,1.5523,1.1370,1.0265,0.9869,1.1295,1.0923,1.0923
2016-07-01,1.1911,0.8302,1.5676,1.1290,1.0565,1.0169,1.1635,1.1615,1.1290
2016-08-01,1.1865,0.7775,1.6014,1.3075,1.2265,1.1369,1.2845,1.2022,1.2265
2016-09-01,1.1983,0.7830,1.6431,1.2048,1.1165,1.1069,1.1875,1.1636,1.1636
2016-10-01,1.2059,0.7829,1.5817,1.1795,1.0865,1.0069,1.2265,1.1917,1.1795
2016-11-01,1.2105,0.8277,1.5892,1.2068,1.1265,1.0869,1.2055,1.2975,1.2055
2016-12-01,1.1982,0.8065,1.5688,1.1400,1.0765,1.0569,1.1865,1.2641,1.1400
2017-01-01,1.2410,0.8139,1.6615,1.3148,1.2365,1.2169,1.2755,1.3621,1.2755
2017-02-01,1.2125,0.8045,1.5566,1.4301,1.3465,1.2869,1.3855,1.4639,1.3855
2017-03-01,1.2198,0.7663,1.5575,1.4123,1.3765,1.2769,1.4095,1.4525,1.4095
2017-04-01,1.2043,0.8327,1.5635,1.2031,1.1565,1.1169,1.1965,1.2377,1.1965
2017-05-01,1.1983,0.8260,1.6114,1.1433,1.1265,1.0769,1.1855,1.2375,1.1433
2017-06-01,1.1936,0.7777,1.5625,1.0176,0.9265,0.9369,1.0195,1.0328,1.0176
2017-07-01,1.2107,0.7969,1.5727,1.1613,1.0365,1.0169,1.1015,1.0666,1.0666
2017-08-01,1.2129,0.7859,1.5668,1.1698,1.0865,1.0469,1.1525,1.0969,1.0969
2017-09-01,1.2274,0.7833,1.5069,1.0906,0.9565,1.0269,1.0505,1.0855,1.0505
2017-10-01,1.2142,0.7388,1.5951,1.1720,1.0965,1.0769,1.1695,1.2094,1.1695
2017-11-01,1.2530,0.8056,1.6448,1.1626,1.0865,1.0469,1.0895,1.1408,1.0895
2017-12-01,1.2251,0.8350,1.5172,1.1743,1.1465,1.1369,1.1725,1.3006,1.1725
2018-01-01,1.2326,0.7862,1.5943,1.0752,1.0365,1.0169,1.0645,1.1993,1.0645
2018-02-01,1.2540,0.7152,1.6716,1.1442,1.0665,1.0769,1.1065,1.2271,1.1065
2018-03-01,1.2462,0.8002,1.6231,1.1435,1.0965,1.0669,1.0965,1.2262,1.0965
2018-04-01,1.2158,0.7950,1.6161,1.1787,1.0965,1.0769,1.1595,1.2147,1.1595
2018-05-01,1.1868,0.8505,1.5508,1.0692,1.0265,1.0169,1.0645,1.1168,1.0645
2018-06-01,1.1885,0.7809,1.5102,1.0946,0.9865,0.9669,1.0655,1.0560,1.0560
2018-07-01,1.1855,0.7294,1.5263,1.0921,1.0565,0.9869,1.1075,1.0793,1.0793
2018-08-01,1.2162,0.7474,1.5708,1.1014,0.9965,0.9769,1.0835,1.0094,1.0094
2018-09-01,1.2049,0.8230,1.5218,1.0444,1.0165,0.9869,1.0425,1.0054,1.0165
2018-10-01,1.2178,0.7733,1.5457,1.2261,1.2365,1.1769,1.2285,1.2047,1.2261
2018-11-01,1.2172,0.7964,1.5888,1.0998,1.0465,1.0169,1.0625,1.1311,1.0625
2018-12-01,1.2319,0.8965,1.6389,1.1835,1.1465,1.1169,1.1815,1.2596,1.1815
2019-01-01,1.2277,0.8475,1.6827,1.1811,1.1465,1.1169,1.1385,1.2430,1.1465
2019-02-01,1.2227,0.7727,1.7279,1.2024,1.1765,1.0969,1.1725,1.2729,1.1765
2019-03-01,1.2397,0.8677,1.6860,1.4448,1.3865,1.3369,1.3775,1.4611,1.3865
2019-04-01,1.2358,0.9261,1.6328,1.2930,1.2265,1.2169,1.2815,1.3468,1.2815
2019-05-01,1.2166,0.8471,1.6345,1.1444,1.0765,1.0969,1.1365,1.2218,1.1365
2019-06-01,1.2141,0.8006,1.6866,1.1757,1.1165,1.0869,1.1335,1.1997,1.1335
2019-07-01,1.2147,0.7826,1.7607,1.2193,1.1565,1.0969,1.1965,1.1979,1.1965
2019-08-01,1.2513,0.8771,1.6908,1.2042,1.1665,1.1169,1.1835,1.1570,1.1665
2019-09-01,1.2435,0.8240,1.7676,1.1813,1.1465,1.1169,1.1215,1.1847,1.1465
2019-10-01,1.2603,0.8600,1.7135,1.3219,1.2165,1.2169,1.3345,1.3033,1.3033
2019-11-01,1.2634,0.8320,1.6867,1.3009,1.2065,1.1769,1.2225,1.2977,1.2225
2019-12-01,1.2519,0.8355,1.7866,1.3935,1.3365,1.3169,1.3595,1.4682,1.3595
2020-01-01,1.2694,0.8034,1.7492,1.4260,1.3965,1.3469,1.3945,1.5398,1.3965
2020-02-01,1.2528,0.9075,1.6952,1.4775,1.4565,1.3869,1.4235,1.5543,1.4565
2020-03-01,1.2315,0.8824,1.5841,1.4427,1.3965,1.3069,1.3525,1.4405,1.3965
2020-04-01,1.2467,0.9288,1.6090,1.4178,1.3365,1.3069,1.4035,1.4299,1.4035
2020-05-01,1.2475,0.8785,1.6746,1.2622,1.2065,1.1769,1.2285,1.3310,1.2285
2020-06-01,1.2433,0.8880,1.6680,1.1792,1.1265,1.1069,1.1845,1.1912,1.1792
2020-07-01,1.2498,0.8967,1.6273,1.1896,1.1065,1.0769,1.2005,1.1262,1.1262
2020-08-01,1.2452,0.9071,1.6998,1.1774,1.0765,1.0769,1.1395,1.0676,1.0769
2020-09-01,1.2624,0.9407,1.6708,1.2345,1.1765,1.1669,1.1975,1.2395,1.1975
2020-10-01,1.2932,0.9734,1.7623,1.1672,1.0865,1.0769,1.1655,1.2261,1.1655
2020-11-01,1.3041,0.8563,1.7751,1.3751,1.3065,1.2469,1.3405,1.4299,1.3405
2020-12-01,1.2935,0.8834,1.6561,1.0602,1.0165,0.9969,1.0835,1.1637,1.0602
2021-01-01,1.3207,0.8933,1.8282,1.0748,1.0365,1.0069,1.0665,1.2019,1.0665
2021-02-01,1.3219,0.8751,1.7864,0.9325,0.8565,0.8269,0.8885,1.0246,0.8885
2021-03-01,1.3247,0.9415,1.7884,1.1053,1.1065,1.0669,1.0305,1.1424,1.1053
2021-04-01,1.3241,1.0130,1.6840,1.1252,0.9765,0.9769,1.0585,1.1001,1.0585
2021-05-01,1.2893,0.9256,1.6836,1.0661,1.0065,0.9969,1.0765,1.1224,1.0661
2021-06-01,1.2692,0.9699,1.6550,1.0857,1.0665,1.0169,1.0815,1.0436,1.0665
2021-07-01,1.2773,0.9184,1.7167,1.1589,1.1365,1.0669,1.1295,1.1318,1.1318
2021-08-01,1.2779,0.9232,1.7250,1.1773,1.0265,1.0469,1.1655,1.1120,1.1120
2021-09-01,1.2874,0.8929,1.7162,1.2425,1.1365,1.1069,1.1955,1.2074,1.1955
2021-10-01,1.3232,0.9294,1.6787,1.2956,1.1965,1.1569,1.2955,1.2714,1.2714
2021-11-01,1.3112,0.9222,1.7589,1.2322,1.1465,1.1069,1.1785,1.2388,1.1785
2021-12-01,1.3138,0.9280,1.7336,1.1260,1.0965,1.0569,1.1085,1.2509,1.1085
2022-01-01,1.3463,0.9513,1.7828,1.1495,1.1265,1.0969,1.1255,1.2359,1.1265
2022-02-01,1.3215,0.9197,1.8419,1.1206,1.1065,1.0769,1.0845,1.1942,1.1065
2022-03-01,1.3008,0.8795,1.7072,1.2577,1.2665,1.2469,1.2465,1.3468,1.2577
2022-04-01,1.2705,0.8120,1.7542,1.1351,1.0465,1.0569,1.1085,1.1928,1.1085
2022-05-01,1.2828,0.8467,1.7264,1.1176,1.0565,0.9969,1.0855,1.1208,1.0855
2022-06-01,1.2894,0.8160,1.6836,1.2153,1.1465,1.0969,1.2385,1.1389,1.1465
2022-07-01,1.2899,0.8261,1.6960,1.1455,1.1565,1.0769,1.1875,1.1783,1.1565
2022-08-01,1.3206,0.9397,1.7968,1.2432,1.1565,1.0869,1.1745,1.0966,1.1565
2022-09-01,1.3167,0.9834,1.7283,1.1838,1.0965,1.0469,1.1625,1.1554,1.1554
2022-10-01,1.3248,0.9821,1.8359,1.3185,1.1865,1.1369,1.3025,1.2589,1.2589
2022-11-01,1.3501,0.9620,1.8325,1.0366,0.9465,0.9369,0.9885,1.0549,0.9885
2022-12-01,1.3502,0.8432,1.8255,1.1131,1.0165,1.0069,1.1465,1.1994,1.1131
2023-01-01,1.3646,0.9319,1.9385,1.1506,1.0965,1.0569,1.1195,1.2050,1.1195
2023-02-01,1.3766,0.9177,1.8425,1.2542,1.1865,1.1869,1.1825,1.2570,1.1869
2023-03-01,1.3374,0.8554,1.7241,1.4974,1.4465,1.3969,1.4415,1.4645,1.4465
2023-04-01,1.3042,0.8346,1.6247,1.2927,1.2065,1.1669,1.2845,1.2301,1.2301
2023-05-01,1.3111,0.8833,1.6677,1.2477,1.1565,1.1369,1.2365,1.2604,1.2365
2023-06-01,1.3213,0.8441,1.7589,1.4271,1.3065,1.2369,1.4185,1.3620,1.3620
2023-07-01,1.3274,0.8786,1.7165,1.5290,1.4065,1.3369,1.5815,1.5249,1.5249
2023-08-01,1.3351,0.9311,1.7889,1.5805,1.4065,1.4169,1.5895,1.5105,1.5105
2023-09-01,1.3519,0.9374,1.7404,1.7160,1.6965,1.5769,1.7325,1.7363,1.7160
2023-10-01,1.4004,1.0206,1.9302,1.6946,1.5665,1.5269,1.6625,1.6998,1.6625
2023-11-01,1.4002,1.0439,1.7911,1.7100,1.6165,1.5769,1.6605,1.7466,1.6605
2023-12-01,1.3860,1.0380,1.7382,1.6323,1.5765,1.5269,1.6435,1.7737,1.6323
2024-01-01,1.4148,1.0130,1.8248,1.5137,1.4665,1.4669,1.4955,1.6566,1.4955
2024-02-01,1.4217,0.9813,1.7937,1.6436,1.6565,1.5669,1.6245,1.7654,1.6436
2024-03-01,1.4055,0.9006,1.8374,1.5890,1.6165,1.4869,1.5225,1.6809,1.5890
2024-04-01,1.3847,1.0055,1.7342,1.5749,1.5365,1.4369,1.5215,1.5798,1.5365
2024-05-01,1.3570,0.9931,1.7537,1.4291,1.3765,1.3269,1.4175,1.5169,1.4175
2024-06-01,1.3628,0.8887,1.7861,1.4615,1.4465,1.3469,1.4845,1.5053,1.4615
2024-07-01,1.3895,0.9613,1.8572,1.4980,1.4165,1.3569,1.4815,1.4811,1.4811
2024-08-01,1.3792,0.9651,1.8422,1.5835,1.5165,1.4169,1.5365,1.5125,1.5165
2024-09-01,1.3860,0.9534,1.7424,1.5113,1.4265,1.3869,1.5315,1.5337,1.5113
2024-10-01,1.4234,1.0188,1.7827,1.5684,1.5665,1.4869,1.6205,1.6489,1.5684
2024-11-01,1.4483,0.9851,1.8753,1.5765,1.5165,1.4769,1.6055,1.6212,1.5765
2024-12-01,1.4488,1.0285,1.9139,1.4929,1.4865,1.4269,1.5555,1.6873,1.4929
2025-01-01,1.4442,0.9967,1.8693,1.6210,1.5965,1.4869,1.6075,1.7454,1.6075
2025-02-01,1.4296,0.9623,1.8700,1.4791,1.4765,1.3969,1.5175,1.5916,1.4791
2025-03-01,1.4233,1.0319,1.8256,1.5278,1.5865,1.4869,1.5345,1.6030,1.5345
2025-04-01,1.4272,1.0319,1.7885,1.4577,1.4665,1.3669,1.4575,1.5109,1.4577
2025-05-01,1.4136,1.0403,1.8313,1.3166,1.2965,1.2369,1.3225,1.3957,1.3166
2025-06-01,1.4074,1.0043,1.7709,1.2502,1.2865,1.1369,1.2995,1.3051,1.2865
2025-07-01,1.3835,0.9681,1.7754,1.2990,1.2365,1.1269,1.2745,1.2499,1.2499
2025-08-01,1.4010,0.9980,1.7572,1.3836,1.3965,1.2269,1.3865,1.2909,1.3836
2025-09-01,1.4215,1.1011,1.9418,1.4701,1.4665,1.3069,1.5055,1.4682,1.4682
2025-10-01,1.4468,1.1029,1.9298,1.4580,1.4065,1.3169,1.4955,1.5453,1.4580
2025-11-01,1.4408,1.0029,1.9017,1.4389,1.4265,1.2969,1.4705,1.5417,1.4389
2025-12-01,1.4297,1.0502,1.9217,1.2888,1.2765,1.1969,1.3445,1.4152,1.2888
2026-01-01,1.4499,1.0134,2.0040,1.3624,1.3065,1.2669,1.4005,1.4696,1.3624
2026-02-01,1.4712,1.0187,2.0027,1.4159,1.4665,1.3369,1.4785,1.4961,1.4665
2026-03-01,1.4186,0.9805,1.9465,1.4123,1.5365,1.3869,1.4395,1.4840,1.4395
2026-04-01,1.4099,0.9618,1.9264,1.4030,1.3865,1.3169,1.4205,1.4332,1.4030
2026-05-01,1.4347,0.9573,1.8561,1.3767,1.3465,1.2469,1.3915,1.4155,1.3767
2026-06-01,1.4264,1.0214,1.8783,1.4350,1.3965,1.2869,1.4495,1.3893,1.3965
2026-07-01,1.4529,1.0491,1.8417,1.4646,1.4665,1.3769,1.5045,1.4719,1.4665
2026-08-01,1.4468,1.0403,1.9732,,1.6165,1.4969,1.6885,1.6462,1.6314
2026-09-01,1.4779,1.0470,2.0245,,,,,,
2026-10-01,1.5110,1.0366,1.8635,,,,,,
2026-11-01,1.5228,1.0296,1.9780,,,,,,
2026-12-01,1.5172,1.0414,1.9185,,,,,,
2027-01-01,1.5267,1.0743,2.0451,,,,,,
2027-02-01,1.4842,0.9775,1.8788,,,,,,
2027-03-01,1.4929,1.0476,2.0023,,,,,,
2027-04-01,1.4672,1.0052,1.9962,,,,,,
2027-05-01,1.4524,0.9698,1.9783,,,,,,
2027-06-01,1.4331,1.0038,1.9014,,,,,,
2027-07-01,1.4443,1.0289,1.8806,,,,,,
2027-08-01,1.4618,1.0548,1.8630,,,,,,
2027-09-01,1.4629,1.0949,1.8557,,,,,,
2027-10-01,1.4848,1.0914,1.8985,,,,,,
2027-11-01,1.5020,1.1031,1.9483,,,,,,
2027-12-01,1.5018,1.1153,1.9674,,,,,,
2028-01-01,1.4982,1.1016,1.9109,,,,,,
2028-02-01,1.4942,1.0878,1.9814,,,,,,
2028-03-01,1.4679,1.0868,1.8604,,,,,,
2028-04-01,1.4701,1.0260,1.8432,,,,,,
2028-05-01,1.4616,1.0310,1.8377,,,,,,
2028-06-01,1.4494,1.0437,1.8928,,,,,,
2028-07-01,1.4536,1.0456,1.8019,,,,,,
2028-08-01,1.4669,1.0690,1.9078,,,,,,
2028-09-01,1.4948,1.0781,1.9503,,,,,,
2028-10-01,1.5096,1.0294,1.9394,,,,,,
2028-11-01,1.5223,1.0302,1.9723,,,,,,
2028-12-01,1.5355,1.0823,1.9857,,,,,,
2029-01-01,1.5283,1.0773,1.9978,,,,,,
2029-02-01,1.5248,1.1377,1.9420,,,,,,
2029-03-01,1.5186,1.0759,1.9934,,,,,,
2029-04-01,1.4939,1.0435,1.9550,,,,,,
2029-05-01,1.4699,0.9791,1.8994,,,,,,
2029-06-01,1.4878,1.0795,2.0204,,,,,,
2029-07-01,1.4859,1.0346,2.0647,,,,,,
2029-08-01,1.4965,1.1051,1.9475,,,,,,
2029-09-01,1.5056,1.1272,2.0139,,,,,,
2029-10-01,1.5447,1.1412,2.1283,,,,,,
2029-11-01,1.5597,1.1732,2.1029,,,,,,
2029-12-01,1.5616,1.1404,2.1559,,,,,,
2030-01-01,1.5466,1.1285,2.0198,,,,,,
2030-02-01,1.5307,0.9886,2.0398,,,,,,
2030-03-01,1.5029,1.1025,2.0272,,,,,,
2030-04-01,1.4670,1.0996,1.9707,,,,,,
2030-05-01,1.4828,1.0914,2.0819,,,,,,
2030-06-01,1.4810,1.0637,2.0800,,,,,,
2030-07-01,1.4914,1.0451,2.1429,,,,,,
2030-08-01,1.4956,1.0619,2.0760,,,,,,
2030-09-01,1.5170,1.1198,2.1011,,,,,,
2030-10-01,1.5726,1.1843,2.1247,,,,,,
2030-11-01,1.5549,1.1438,2.0743,,,,,,
2030-12-01,1.5679,1.1603,2.1447,,,,,,
2031-01-01,1.5691,1.1469,2.1419,,,,,,
2031-02-01,1.5566,1.0953,2.0773,,,,,,
2031-03-01,1.5749,1.0688,2.1481,,,,,,
2031-04-01,1.5286,1.0893,2.0355,,,,,,
2031-05-01,1.5078,1.0246,2.0727,,,,,,
2031-06-01,1.5100,1.0812,2.0353,,,,,,
2031-07-01,1.5283,1.1204,2.0352,,,,,,
2031-08-01,1.5207,1.1709,2.0558,,,,,,
2031-09-01,1.5620,1.2281,2.0613,,,,,,
2031-10-01,1.6038,1.1884,2.1014,,,,,,
2031-11-01,1.6201,1.2803,2.0707,,,,,,
2031-12-01,1.6133,1.1889,2.0423,,,,,,
2032-01-01,1.6064,1.1099,2.1096,,,,,,
2032-02-01,1.5841,1.1395,2.1624,,,,,,
2032-03-01,1.5932,1.2084,2.0676,,,,,,
2032-04-01,1.5725,1.1358,2.0733,,,,,,
2032-05-01,1.5420,1.1257,1.9970,,,,,,
2032-06-01,1.5554,1.1684,2.0576,,,,,,
2032-07-01,1.5677,1.2152,2.0146,,,,,,
2032-08-01,1.5511,1.0594,2.0788,,,,,,
2032-09-01,1.5893,1.1688,2.1074,,,,,,
2032-10-01,1.6227,1.1268,2.0368,,,,,,
2032-11-01,1.6453,1.1095,2.1442,,,,,,
2032-12-01,1.6397,1.1422,2.2361,,,,,,
2033-01-01,1.6404,1.1056,2.2187,,,,,,
2033-02-01,1.6383,1.0547,2.1566,,,,,,
2033-03-01,1.5716,1.0791,2.0768,,,,,,
2033-04-01,1.6027,1.1879,2.0798,,,,,,
2033-05-01,1.6021,1.1555,2.0953,,,,,,
2033-06-01,1.5836,1.0804,2.1118,,,,,,
2033-07-01,1.5767,1.0613,2.1325,,,,,,
2033-08-01,1.5738,1.1703,2.0634,,,,,,
2033-09-01,1.6052,1.0881,2.0557,,,,,,
2033-10-01,1.6339,1.0974,2.0870,,,,,,
2033-11-01,1.6586,1.1973,2.1422,,,,,,
2033-12-01,1.6536,1.1768,2.3028,,,,,,
2034-01-01,1.6775,1.2036,2.3312,,,,,,
2034-02-01,1.6254,1.0837,2.1860,,,,,,
2034-03-01,1.6026,1.1774,2.1749,,,,,,
2034-04-01,1.5978,1.1381,2.2002,,,,,,
2034-05-01,1.5850,1.1776,2.0869,,,,,,
2034-06-01,1.5743,1.0913,2.2151,,,,,,
2034-07-01,1.6003,1.1666,2.2186,,,,,,
2034-08-01,1.6235,1.1442,2.3105,,,,,,
2034-09-01,1.6434,1.1789,2.2806,,,,,,
2034-10-01,1.6882,1.1950,2.3625,,,,,,
2034-11-01,1.6720,1.1516,2.2745,,,,,,
2034-12-01,1.6731,1.0378,2.3156,,,,,,
2035-01-01,1.6919,1.1961,2.2020,,,,,,
2035-02-01,1.6274,1.1757,2.1512,,,,,,
2035-03-01,1.6166,1.1547,2.1008,,,,,,
2035-04-01,1.6126,1.1618,2.1394,,,,,,
2035-05-01,1.6115,1.1652,2.1112,,,,,,
2035-06-01,1.6119,1.1935,2.1463,,,,,,
2035-07-01,1.6216,1.2131,2.2284,,,,,,
2035-08-01,1.6186,1.1599,2.1876,,,,,,
2035-09-01,1.6382,1.1644,2.1701,,,,,,
2035-10-01,1.6794,1.2262,2.1936,,,,,,
2035-11-01,1.6749,1.1844,2.1886,,,,,,
2035-12-01,1.6739,1.1928,2.0756,,,,,,
2036-01-01,1.7227,1.2150,2.2136,,,,,,
2036-02-01,1.6828,1.1645,2.2228,,,,,,
2036-03-01,1.6362,1.1700,1.9482,,,,,,
2036-04-01,1.6481,1.1650,2.1166,,,,,,
2036-05-01,1.6376,1.1699,2.0664,,,,,,
2036-06-01,1.6090,1.1077,2.1008,,,,,,
2036-07-01,1.6307,1.0390,2.1365,,,,,,
2036-08-01,1.6528,1.1471,2.1503,,,,,,
2036-09-01,1.6671,1.2022,2.1909,,,,,,
2036-10-01,1.7237,1.2783,2.2783,,,,,,
2036-11-01,1.7637,1.2620,2.2084,,,,,,
2036-12-01,1.7675,1.2390,2.2491,,,,,,
2037-01-01,1.7807,1.2774,2.2247,,,,,,
2037-02-01,1.7555,1.2731,2.2334,,,,,,
2037-03-01,1.7177,1.1634,2.3261,,,,,,
2037-04-01,1.6984,1.1966,2.2341,,,,,,
2037-05-01,1.6887,1.1778,2.2088,,,,,,
2037-06-01,1.6691,1.1189,2.2481,,,,,,
2037-07-01,1.6811,1.1374,2.2053,,,,,,
2037-08-01,1.6957,1.2029,2.1938,,,,,,
2037-09-01,1.7227,1.2385,2.3278,,,,,,
2037-10-01,1.7453,1.2091,2.4154,,,,,,
2037-11-01,1.7964,1.2808,2.5840,,,,,,
2037-12-01,1.7730,1.1819,2.3505,,,,,,
2038-01-01,1.7797,1.3505,2.2579,,,,,,
2038-02-01,1.7668,1.2754,2.3118,,,,,,
2038-03-01,1.7453,1.2245,2.3210,,,,,,
2038-04-01,1.7035,1.2356,2.2455,,,,,,
2038-05-01,1.7072,1.1781,2.2038,,,,,,
2038-06-01,1.6904,1.1709,2.2225,,,,,,
2038-07-01,1.6998,1.1549,2.1498,,,,,,
2038-08-01,1.7240,1.2371,2.1993,,,,,,
2038-09-01,1.7409,1.2295,2.2404,,,,,,
2038-10-01,1.7464,1.2097,2.2813,,,,,,
2038-11-01,1.8060,1.3215,2.3107,,,,,,
2038-12-01,1.7980,1.2731,2.2493,,,,,,
2039-01-01,1.7456,1.2782,2.1666,,,,,,
2039-02-01,1.7145,1.1751,2.2262,,,,,,
2039-03-01,1.7138,1.1894,2.1592,,,,,,
2039-04-01,1.7044,1.2216,2.0856,,,,,,
2039-05-01,1.7008,1.2350,2.1457,,,,,,
2039-06-01,1.6910,1.2067,2.1511,,,,,,
2039-07-01,1.7210,1.2127,2.2371,,,,,,
2039-08-01,1.7375,1.2397,2.2762,,,,,,
2039-09-01,1.7609,1.2549,2.2700,,,,,,
2039-10-01,1.7851,1.3168,2.2721,,,,,,
2039-11-01,1.8442,1.3455,2.2306,,,,,,
2039-12-01,1.8231,1.3452,2.2287,,,,,,
2040-01-01,1.7910,1.2172,2.2544,,,,,,
2040-02-01,1.7934,1.2449,2.2376,,,,,,
2040-03-01,1.7663,1.3168,2.2258,,,,,,
2040-04-01,1.7462,1.3812,2.3067,,,,,,
2040-05-01,1.7452,1.1933,2.3070,,,,,,
2040-06-01,1.7296,1.1939,2.3006,,,,,,
2040-07-01,1.7314,1.2286,2.2617,,,,,,
2040-08-01,1.7497,1.2800,2.3466,,,,,,
2040-09-01,1.7938,1.2203,2.4371,,,,,,
2040-10-01,1.8350,1.3610,2.4400,,,,,,
2040-11-01,1.8507,1.2911,2.4092,,,,,,
2040-12-01,1.8384,1.2624,2.3426,,,,,,
