# Climate models vs observations — CMIP6 (SSP2-4.5), baseline 1971-2000
# Climate Dashboard (https://github.com/hausfath/climate-dashboard) — regenerated daily; this file: 2026-10-10
# Monthly means, all series referenced to 1971-2000. model_mean/p05/p95: ensemble mean and 5th-95th percentile across members.
# Observation columns: HadCRUT5, GISTEMP, NOAA, Berkeley Earth, ERA5 (C3S).
# The dashboard's 12-month view is a 12-month rolling mean of these monthly columns.
# All values in degrees Celsius unless a column says otherwise. Load with pandas.read_csv(..., comment='#').
date,model_mean_c,model_p05_c,model_p95_c,hadcrut5,gistemp,noaa,berkeley,copernicus,obs_median_c
1900-01-01,-0.3581,-0.8065,0.1610,-0.6373,-0.5945,-0.5064,-0.4649,,-0.5504
1900-02-01,-0.3522,-0.9667,0.2119,-0.3473,-0.2945,-0.1864,-0.1249,,-0.2404
1900-03-01,-0.3336,-0.7250,0.1623,-0.3548,-0.2345,-0.3064,-0.2799,,-0.2932
1900-04-01,-0.3282,-0.6934,0.0493,-0.3797,-0.3245,-0.3364,-0.3789,,-0.3577
1900-05-01,-0.2996,-0.6112,0.0585,-0.4559,-0.3245,-0.3564,-0.4049,,-0.3807
1900-06-01,-0.3221,-0.6882,0.0930,-0.3791,-0.3345,-0.2664,-0.3149,,-0.3247
1900-07-01,-0.3282,-0.6476,0.0627,-0.3654,-0.3645,-0.3364,-0.4179,,-0.3650
1900-08-01,-0.3644,-0.6292,-0.0734,-0.3658,-0.3245,-0.3364,-0.3919,,-0.3511
1900-09-01,-0.3528,-0.7039,0.0136,-0.3486,-0.2845,-0.3664,-0.3359,,-0.3423
1900-10-01,-0.3773,-0.8193,-0.0285,-0.2139,-0.1345,-0.2664,-0.1869,,-0.2004
1900-11-01,-0.3920,-0.8167,0.0083,-0.4126,-0.3045,-0.3564,-0.3839,,-0.3702
1900-12-01,-0.4238,-0.8625,0.0244,-0.3696,-0.3045,-0.2664,-0.3189,,-0.3117
1901-01-01,-0.3596,-0.7928,0.0484,-0.4202,-0.4645,-0.4164,-0.4439,,-0.4321
1901-02-01,-0.3699,-0.7709,-0.0207,-0.4144,-0.3345,-0.3764,-0.3319,,-0.3554
1901-03-01,-0.3600,-0.7257,-0.0294,-0.3358,-0.1745,-0.1964,-0.3579,,-0.2661
1901-04-01,-0.3117,-0.5868,-0.0422,-0.3210,-0.2645,-0.2364,-0.3109,,-0.2877
1901-05-01,-0.2922,-0.5976,-0.0020,-0.3902,-0.3845,-0.3464,-0.2859,,-0.3654
1901-06-01,-0.2811,-0.5754,0.0674,-0.4124,-0.3545,-0.3864,-0.3759,,-0.3812
1901-07-01,-0.2976,-0.5907,-0.0536,-0.5012,-0.3745,-0.3764,-0.4109,,-0.3937
1901-08-01,-0.3355,-0.6407,-0.0970,-0.3667,-0.4345,-0.3564,-0.4159,,-0.3913
1901-09-01,-0.3264,-0.6720,-0.0899,-0.5119,-0.4545,-0.4564,-0.4689,,-0.4627
1901-10-01,-0.3617,-0.7972,-0.0570,-0.4912,-0.5245,-0.4964,-0.5139,,-0.5052
1901-11-01,-0.3955,-0.7607,-0.1314,-0.5295,-0.4045,-0.4364,-0.5379,,-0.4829
1901-12-01,-0.4052,-0.8981,0.0415,-0.6206,-0.5045,-0.3464,-0.4519,,-0.4782
1902-01-01,-0.3957,-0.7308,-0.0988,-0.5807,-0.4045,-0.4364,-0.4669,,-0.4517
1902-02-01,-0.3794,-0.6914,0.0500,-0.3805,-0.3145,-0.3064,-0.3299,,-0.3222
1902-03-01,-0.3322,-0.6695,0.1346,-0.6110,-0.5045,-0.5464,-0.5959,,-0.5712
1902-04-01,-0.3183,-0.5571,-0.0731,-0.6001,-0.5045,-0.4764,-0.5299,,-0.5172
1902-05-01,-0.2953,-0.5688,0.0106,-0.5904,-0.5545,-0.4464,-0.5359,,-0.5452
1902-06-01,-0.2912,-0.6032,0.0259,-0.6050,-0.5545,-0.3864,-0.5409,,-0.5477
1902-07-01,-0.3259,-0.6065,0.0592,-0.5671,-0.5145,-0.3964,-0.5539,,-0.5342
1902-08-01,-0.3366,-0.6573,-0.0650,-0.5858,-0.5345,-0.4364,-0.6259,,-0.5602
1902-09-01,-0.3696,-0.6598,-0.0411,-0.5282,-0.5245,-0.4864,-0.5189,,-0.5217
1902-10-01,-0.3959,-0.7950,-0.0336,-0.6527,-0.5345,-0.5064,-0.6739,,-0.5936
1902-11-01,-0.4515,-0.7950,-0.0889,-0.7095,-0.6045,-0.5264,-0.6719,,-0.6382
1902-12-01,-0.5176,-0.9111,-0.0610,-0.7040,-0.6545,-0.5764,-0.6609,,-0.6577
1903-01-01,-0.4762,-0.9329,-0.1441,-0.5778,-0.4745,-0.4364,-0.4519,,-0.4632
1903-02-01,-0.5036,-0.8462,-0.2243,-0.3899,-0.2945,-0.4764,-0.4579,,-0.4239
1903-03-01,-0.4538,-0.7619,-0.1141,-0.5619,-0.4645,-0.4164,-0.4959,,-0.4802
1903-04-01,-0.4586,-0.7944,-0.0843,-0.7456,-0.6445,-0.6664,-0.7669,,-0.7060
1903-05-01,-0.4938,-0.8584,-0.0427,-0.6691,-0.6345,-0.5164,-0.6409,,-0.6377
1903-06-01,-0.5006,-0.8440,-0.1028,-0.7049,-0.6645,-0.5264,-0.5929,,-0.6287
1903-07-01,-0.5231,-0.8810,-0.1099,-0.6665,-0.5845,-0.5764,-0.7019,,-0.6255
1903-08-01,-0.5475,-0.8822,-0.2006,-0.7667,-0.6845,-0.6264,-0.8699,,-0.7256
1903-09-01,-0.5516,-0.8727,-0.2240,-0.7266,-0.7245,-0.6464,-0.6959,,-0.7102
1903-10-01,-0.5530,-0.9184,-0.1196,-0.8296,-0.6945,-0.7064,-0.7339,,-0.7202
1903-11-01,-0.5589,-0.9849,-0.0730,-0.7869,-0.6545,-0.5664,-0.7929,,-0.7207
1903-12-01,-0.5502,-1.0395,-0.0710,-0.8632,-0.7445,-0.7464,-0.7769,,-0.7617
1904-01-01,-0.5015,-0.9003,-0.0233,-0.9531,-0.8645,-0.8364,-0.9089,,-0.8867
1904-02-01,-0.4447,-0.8488,-0.0382,-0.9224,-0.8145,-0.7564,-0.9049,,-0.8597
1904-03-01,-0.4676,-0.8531,-0.0499,-0.8497,-0.7345,-0.5464,-0.7409,,-0.7377
1904-04-01,-0.4194,-0.8152,-0.0117,-0.8005,-0.7445,-0.7364,-0.7379,,-0.7412
1904-05-01,-0.4088,-0.7399,-0.0559,-0.7674,-0.7545,-0.6964,-0.7249,,-0.7397
1904-06-01,-0.4054,-0.7561,-0.0143,-0.7243,-0.7145,-0.6364,-0.6859,,-0.7002
1904-07-01,-0.4174,-0.7769,-0.0028,-0.7142,-0.7445,-0.6264,-0.7299,,-0.7221
1904-08-01,-0.4503,-0.7596,-0.0700,-0.6402,-0.7245,-0.6164,-0.6759,,-0.6581
1904-09-01,-0.4819,-0.8324,-0.1102,-0.7563,-0.7845,-0.6664,-0.7409,,-0.7486
1904-10-01,-0.5022,-0.8514,-0.2167,-0.7081,-0.6245,-0.5864,-0.6199,,-0.6222
1904-11-01,-0.5273,-0.9441,-0.0873,-0.5486,-0.4145,-0.4464,-0.5099,,-0.4782
1904-12-01,-0.5202,-1.0458,0.0821,-0.6501,-0.5645,-0.4564,-0.6079,,-0.5862
1905-01-01,-0.4921,-0.8955,0.0801,-0.6125,-0.5745,-0.5164,-0.6319,,-0.5935
1905-02-01,-0.5101,-0.9293,0.1514,-0.8712,-0.8245,-0.7464,-0.8899,,-0.8479
1905-03-01,-0.4666,-0.8395,0.0198,-0.6749,-0.4445,-0.4864,-0.7059,,-0.5806
1905-04-01,-0.4143,-0.8093,-0.0753,-0.7139,-0.5645,-0.5664,-0.7339,,-0.6401
1905-05-01,-0.3990,-0.7420,-0.0783,-0.5898,-0.5245,-0.4564,-0.5499,,-0.5372
1905-06-01,-0.4007,-0.7977,-0.1009,-0.5007,-0.5145,-0.3764,-0.4869,,-0.4938
1905-07-01,-0.4298,-0.7443,-0.1007,-0.5314,-0.4945,-0.3864,-0.4769,,-0.4857
1905-08-01,-0.4421,-0.8007,-0.0970,-0.4612,-0.4345,-0.4864,-0.5539,,-0.4738
1905-09-01,-0.4340,-0.7868,-0.0679,-0.5030,-0.4145,-0.5364,-0.5589,,-0.5197
1905-10-01,-0.4914,-0.8589,-0.1853,-0.4905,-0.4645,-0.5764,-0.4919,,-0.4912
1905-11-01,-0.4996,-0.8830,-0.1309,-0.3716,-0.2945,-0.4464,-0.5229,,-0.4090
1905-12-01,-0.5179,-0.9679,-0.0235,-0.4199,-0.3645,-0.5364,-0.4179,,-0.4189
1906-01-01,-0.4848,-0.9352,-0.0608,-0.4401,-0.5045,-0.5864,-0.4969,,-0.5007
1906-02-01,-0.4846,-0.9719,-0.0892,-0.5324,-0.5245,-0.4664,-0.4919,,-0.5082
1906-03-01,-0.4631,-0.9195,-0.0590,-0.4369,-0.4145,-0.4364,-0.3799,,-0.4254
1906-04-01,-0.3827,-0.7848,-0.0414,-0.2558,-0.2745,-0.2864,-0.2959,,-0.2804
1906-05-01,-0.3801,-0.6983,-0.1103,-0.5280,-0.4845,-0.4364,-0.5779,,-0.5063
1906-06-01,-0.3750,-0.7706,-0.0708,-0.3846,-0.4245,-0.3664,-0.3989,,-0.3918
1906-07-01,-0.4023,-0.8143,-0.0899,-0.5023,-0.4645,-0.3464,-0.4209,,-0.4427
1906-08-01,-0.4144,-0.7798,-0.0174,-0.4283,-0.4245,-0.4664,-0.4809,,-0.4473
1906-09-01,-0.4046,-0.7265,-0.1032,-0.5082,-0.5045,-0.4564,-0.5379,,-0.5064
1906-10-01,-0.4590,-0.7886,-0.0625,-0.4760,-0.4245,-0.4164,-0.4059,,-0.4204
1906-11-01,-0.5326,-0.8985,-0.1340,-0.6864,-0.6045,-0.4964,-0.5719,,-0.5882
1906-12-01,-0.5176,-0.8641,-0.0943,-0.4728,-0.3745,-0.2664,-0.4909,,-0.4237
1907-01-01,-0.4498,-0.7949,0.0415,-0.6718,-0.6545,-0.5764,-0.6779,,-0.6632
1907-02-01,-0.4370,-0.8580,0.0872,-0.7718,-0.7345,-0.7264,-0.7609,,-0.7477
1907-03-01,-0.3910,-0.6750,-0.0691,-0.5839,-0.5045,-0.5264,-0.5519,,-0.5392
1907-04-01,-0.3495,-0.6196,0.0300,-0.6286,-0.5945,-0.6664,-0.6019,,-0.6153
1907-05-01,-0.3715,-0.6891,0.0700,-0.7934,-0.6845,-0.6764,-0.7889,,-0.7367
1907-06-01,-0.3738,-0.6898,0.0476,-0.6950,-0.6445,-0.6164,-0.6859,,-0.6652
1907-07-01,-0.3919,-0.7394,0.0279,-0.5880,-0.5745,-0.5064,-0.6399,,-0.5813
1907-08-01,-0.4416,-0.7568,-0.1071,-0.6488,-0.5745,-0.5364,-0.6899,,-0.6117
1907-09-01,-0.4470,-0.7582,-0.0426,-0.5563,-0.5645,-0.5264,-0.6489,,-0.5604
1907-10-01,-0.4355,-0.8291,-0.0064,-0.4890,-0.4545,-0.4764,-0.4669,,-0.4717
1907-11-01,-0.5111,-0.9188,-0.1271,-0.7047,-0.6945,-0.6164,-0.7219,,-0.6996
1907-12-01,-0.4766,-0.8889,0.0070,-0.7385,-0.7045,-0.6664,-0.6669,,-0.6857
1908-01-01,-0.4539,-0.8591,-0.0575,-0.6094,-0.6745,-0.7064,-0.7089,,-0.6904
1908-02-01,-0.4175,-0.8226,-0.0085,-0.5628,-0.5545,-0.4764,-0.6209,,-0.5587
1908-03-01,-0.3803,-0.7391,0.0155,-0.8527,-0.7845,-0.7264,-0.8719,,-0.8186
1908-04-01,-0.3792,-0.7707,-0.0552,-0.7378,-0.6745,-0.7564,-0.8409,,-0.7471
1908-05-01,-0.3194,-0.6183,0.0216,-0.5946,-0.6045,-0.5964,-0.6699,,-0.6004
1908-06-01,-0.3210,-0.6654,-0.0081,-0.5657,-0.6045,-0.5564,-0.6789,,-0.5851
1908-07-01,-0.3688,-0.6682,-0.0168,-0.5522,-0.5845,-0.5264,-0.5819,,-0.5671
1908-08-01,-0.3793,-0.7303,-0.0507,-0.6376,-0.6845,-0.6564,-0.7289,,-0.6704
1908-09-01,-0.3889,-0.6648,-0.0914,-0.5397,-0.5845,-0.6064,-0.6129,,-0.5954
1908-10-01,-0.4271,-0.7402,-0.0959,-0.7241,-0.6645,-0.6764,-0.6199,,-0.6704
1908-11-01,-0.4671,-0.7788,-0.0368,-0.7942,-0.7445,-0.6564,-0.7809,,-0.7627
1908-12-01,-0.4861,-0.9062,0.0809,-0.7864,-0.7245,-0.6664,-0.7769,,-0.7507
1909-01-01,-0.4412,-0.8131,0.0524,-0.9113,-0.9645,-0.8464,-0.9249,,-0.9181
1909-02-01,-0.4556,-0.7377,0.0140,-0.6896,-0.6845,-0.6164,-0.7499,,-0.6871
1909-03-01,-0.3748,-0.7294,0.0370,-0.8083,-0.7745,-0.6964,-0.8149,,-0.7914
1909-04-01,-0.3548,-0.6473,-0.0376,-0.7880,-0.8145,-0.6964,-0.8209,,-0.8013
1909-05-01,-0.3520,-0.6713,-0.0062,-0.7461,-0.7745,-0.6264,-0.7759,,-0.7603
1909-06-01,-0.3335,-0.6858,0.0209,-0.6638,-0.7545,-0.6364,-0.6969,,-0.6804
1909-07-01,-0.3478,-0.7300,0.0395,-0.6841,-0.6845,-0.6264,-0.7539,,-0.6843
1909-08-01,-0.3726,-0.7353,0.0281,-0.4854,-0.5645,-0.5464,-0.5389,,-0.5427
1909-09-01,-0.3834,-0.6854,-0.0770,-0.5645,-0.6145,-0.5664,-0.6079,,-0.5872
1909-10-01,-0.3967,-0.6895,-0.0758,-0.6463,-0.6245,-0.5464,-0.6279,,-0.6262
1909-11-01,-0.4239,-0.8373,0.0338,-0.5410,-0.5545,-0.4964,-0.6039,,-0.5478
1909-12-01,-0.3990,-0.8417,0.0740,-0.7485,-0.7945,-0.6264,-0.7059,,-0.7272
1910-01-01,-0.3903,-0.7824,0.0103,-0.5745,-0.6645,-0.5464,-0.6169,,-0.5957
1910-02-01,-0.3860,-0.8764,-0.0211,-0.6616,-0.6545,-0.6164,-0.6409,,-0.6477
1910-03-01,-0.3765,-0.7071,-0.0598,-0.7587,-0.7345,-0.6664,-0.7589,,-0.7466
1910-04-01,-0.3518,-0.7199,0.0278,-0.6825,-0.6545,-0.6264,-0.7899,,-0.6685
1910-05-01,-0.3281,-0.6275,-0.0058,-0.6801,-0.5745,-0.5564,-0.6389,,-0.6067
1910-06-01,-0.3097,-0.6795,0.0395,-0.7093,-0.6145,-0.5364,-0.6999,,-0.6572
1910-07-01,-0.3233,-0.6781,-0.0518,-0.5991,-0.5745,-0.5464,-0.5969,,-0.5857
1910-08-01,-0.3308,-0.5721,-0.0636,-0.5476,-0.5945,-0.4964,-0.6509,,-0.5711
1910-09-01,-0.3372,-0.6751,-0.0777,-0.5744,-0.6145,-0.5664,-0.6499,,-0.5945
1910-10-01,-0.3776,-0.7368,-0.1050,-0.6345,-0.6345,-0.6064,-0.6089,,-0.6217
1910-11-01,-0.4031,-0.8252,0.0109,-0.8251,-0.8045,-0.5864,-0.8069,,-0.8057
1910-12-01,-0.4197,-0.8550,0.0335,-0.9017,-0.9045,-0.7464,-0.8439,,-0.8728
1911-01-01,-0.3747,-0.7943,0.1073,-0.8142,-0.8545,-0.7564,-0.8019,,-0.8081
1911-02-01,-0.3576,-0.8075,0.2010,-0.8644,-0.8145,-0.8264,-0.8829,,-0.8454
1911-03-01,-0.3516,-0.8710,0.1626,-0.9220,-0.8345,-0.8264,-0.8549,,-0.8447
1911-04-01,-0.3109,-0.7126,0.0129,-0.7997,-0.7745,-0.6164,-0.8389,,-0.7871
1911-05-01,-0.2777,-0.6271,0.0808,-0.7985,-0.7545,-0.6664,-0.7669,,-0.7607
1911-06-01,-0.2771,-0.6784,0.1049,-0.7174,-0.7445,-0.6464,-0.7459,,-0.7310
1911-07-01,-0.2973,-0.7065,0.0650,-0.6541,-0.6545,-0.6064,-0.7439,,-0.6543
1911-08-01,-0.3216,-0.6650,0.0053,-0.6669,-0.6645,-0.5864,-0.7229,,-0.6657
1911-09-01,-0.3142,-0.6626,0.0716,-0.6582,-0.6345,-0.5564,-0.6849,,-0.6464
1911-10-01,-0.3932,-0.7504,-0.0383,-0.5092,-0.4945,-0.4464,-0.4769,,-0.4857
1911-11-01,-0.3890,-0.8184,0.0651,-0.5011,-0.4445,-0.4264,-0.4829,,-0.4637
1911-12-01,-0.3837,-0.8034,0.1403,-0.4602,-0.4545,-0.4264,-0.3869,,-0.4404
1912-01-01,-0.3524,-0.7256,0.0138,-0.4840,-0.5045,-0.5064,-0.4879,,-0.4962
1912-02-01,-0.3680,-0.6494,-0.0558,-0.4694,-0.3945,-0.4464,-0.4129,,-0.4297
1912-03-01,-0.3610,-0.6443,0.0986,-0.7137,-0.6245,-0.6064,-0.5979,,-0.6154
1912-04-01,-0.3231,-0.6151,-0.0194,-0.4944,-0.4145,-0.4364,-0.4979,,-0.4654
1912-05-01,-0.3034,-0.6627,0.0150,-0.4922,-0.4445,-0.4464,-0.5549,,-0.4693
1912-06-01,-0.3117,-0.6631,0.0184,-0.4475,-0.4745,-0.4464,-0.4359,,-0.4469
1912-07-01,-0.4026,-0.7124,-0.0780,-0.6674,-0.6545,-0.5764,-0.5559,,-0.6154
1912-08-01,-0.4786,-0.8065,-0.0677,-0.7376,-0.7745,-0.6764,-0.7519,,-0.7448
1912-09-01,-0.5214,-0.8762,-0.0646,-0.8034,-0.8045,-0.6564,-0.7779,,-0.7907
1912-10-01,-0.5716,-0.8912,-0.1244,-0.8423,-0.8145,-0.7764,-0.7469,,-0.7954
1912-11-01,-0.5880,-0.8836,-0.1964,-0.7136,-0.6345,-0.4764,-0.6389,,-0.6367
1912-12-01,-0.5729,-0.8538,-0.1141,-0.7336,-0.6645,-0.5264,-0.6689,,-0.6667
1913-01-01,-0.5175,-0.8154,0.0353,-0.7034,-0.6345,-0.5964,-0.7359,,-0.6690
1913-02-01,-0.4588,-0.8114,-0.0564,-0.6972,-0.6845,-0.5564,-0.7399,,-0.6909
1913-03-01,-0.4594,-0.7533,-0.0857,-0.7587,-0.6545,-0.6464,-0.7279,,-0.6912
1913-04-01,-0.4339,-0.7521,-0.0369,-0.6800,-0.6245,-0.5964,-0.6109,,-0.6177
1913-05-01,-0.4150,-0.6667,-0.0827,-0.7046,-0.6745,-0.6064,-0.7009,,-0.6877
1913-06-01,-0.3934,-0.7223,-0.0136,-0.7034,-0.6845,-0.5564,-0.6539,,-0.6692
1913-07-01,-0.4336,-0.7289,-0.0792,-0.6445,-0.5945,-0.5064,-0.6279,,-0.6112
1913-08-01,-0.4307,-0.7418,-0.0927,-0.5573,-0.5645,-0.4564,-0.6039,,-0.5609
1913-09-01,-0.4495,-0.8034,-0.1110,-0.5754,-0.5745,-0.5464,-0.6819,,-0.5750
1913-10-01,-0.5074,-0.7690,-0.1589,-0.5994,-0.5445,-0.5364,-0.5439,,-0.5442
1913-11-01,-0.5279,-0.9809,-0.0423,-0.5190,-0.4345,-0.4364,-0.4549,,-0.4457
1913-12-01,-0.5300,-0.9656,0.0028,-0.3072,-0.2545,-0.2464,-0.2269,,-0.2504
1914-01-01,-0.4666,-0.8758,0.0688,-0.2286,-0.1945,-0.2964,-0.3489,,-0.2625
1914-02-01,-0.4241,-0.8865,0.1050,-0.4126,-0.3345,-0.3364,-0.4889,,-0.3745
1914-03-01,-0.4236,-0.7822,0.0218,-0.5498,-0.4745,-0.4564,-0.5939,,-0.5122
1914-04-01,-0.3633,-0.7054,0.0305,-0.5584,-0.5345,-0.4064,-0.5889,,-0.5465
1914-05-01,-0.3681,-0.7011,0.0167,-0.4658,-0.4445,-0.3764,-0.5679,,-0.4552
1914-06-01,-0.3565,-0.6612,0.0361,-0.4679,-0.4845,-0.3864,-0.4859,,-0.4762
1914-07-01,-0.3839,-0.7826,0.0025,-0.4551,-0.4645,-0.4564,-0.4239,,-0.4557
1914-08-01,-0.4087,-0.7974,0.0420,-0.4032,-0.3945,-0.4464,-0.3929,,-0.3989
1914-09-01,-0.4190,-0.7919,-0.0236,-0.4600,-0.3945,-0.4364,-0.4629,,-0.4482
1914-10-01,-0.4426,-0.8074,-0.0121,-0.2673,-0.2645,-0.2764,-0.2289,,-0.2659
1914-11-01,-0.4740,-0.8995,0.0178,-0.3396,-0.3945,-0.2264,-0.3639,,-0.3518
1914-12-01,-0.4607,-0.8894,0.0610,-0.3952,-0.2845,-0.2564,-0.3639,,-0.3242
1915-01-01,-0.4207,-0.7776,0.0633,-0.4406,-0.4445,-0.4264,-0.4949,,-0.4426
1915-02-01,-0.3955,-0.6565,0.1110,-0.3709,-0.2745,-0.3664,-0.4339,,-0.3686
1915-03-01,-0.4030,-0.7878,0.1268,-0.3526,-0.3345,-0.2564,-0.2579,,-0.2962
1915-04-01,-0.3537,-0.6701,0.0597,-0.2425,-0.1745,-0.1664,-0.2799,,-0.2085
1915-05-01,-0.3014,-0.6730,0.1150,-0.3337,-0.2845,-0.2564,-0.2909,,-0.2877
1915-06-01,-0.3036,-0.6761,0.0780,-0.3317,-0.4545,-0.3264,-0.3219,,-0.3290
1915-07-01,-0.3344,-0.7035,0.0203,-0.3343,-0.3545,-0.2364,-0.3679,,-0.3444
1915-08-01,-0.3429,-0.7443,0.1319,-0.2219,-0.4445,-0.2764,-0.3539,,-0.3152
1915-09-01,-0.3292,-0.6975,-0.0037,-0.2700,-0.4245,-0.3264,-0.4329,,-0.3754
1915-10-01,-0.3757,-0.6742,0.0326,-0.4394,-0.4745,-0.4164,-0.3599,,-0.4279
1915-11-01,-0.4373,-0.7965,0.0048,-0.3278,-0.3645,-0.2664,-0.2909,,-0.3094
1915-12-01,-0.4358,-0.9103,0.0992,-0.5099,-0.4445,-0.4764,-0.4939,,-0.4852
1916-01-01,-0.4201,-0.8506,-0.0196,-0.4936,-0.3645,-0.3964,-0.4699,,-0.4332
1916-02-01,-0.4061,-0.8711,0.1371,-0.4224,-0.3845,-0.4564,-0.3639,,-0.4035
1916-03-01,-0.3954,-0.8646,0.0202,-0.5924,-0.5145,-0.4864,-0.5709,,-0.5427
1916-04-01,-0.3683,-0.7599,0.1041,-0.5377,-0.5445,-0.4064,-0.5409,,-0.5393
1916-05-01,-0.3058,-0.6448,0.0698,-0.5842,-0.5845,-0.4464,-0.5409,,-0.5626
1916-06-01,-0.3121,-0.6449,-0.0159,-0.6556,-0.7245,-0.4764,-0.6139,,-0.6348
1916-07-01,-0.3259,-0.6551,0.0866,-0.5440,-0.6045,-0.5364,-0.5369,,-0.5405
1916-08-01,-0.3587,-0.7444,0.0492,-0.4540,-0.5145,-0.4664,-0.5419,,-0.4904
1916-09-01,-0.3566,-0.6317,-0.0370,-0.4829,-0.5945,-0.5064,-0.6089,,-0.5504
1916-10-01,-0.3769,-0.6906,-0.0352,-0.5300,-0.5645,-0.5664,-0.7009,,-0.5654
1916-11-01,-0.3710,-0.6846,0.0474,-0.6673,-0.6945,-0.7364,-0.7619,,-0.7154
1916-12-01,-0.3796,-0.6886,-0.0579,-0.9690,-1.0445,-0.8864,-0.9159,,-0.9425
1917-01-01,-0.3767,-0.6588,-0.0151,-0.8499,-0.7945,-0.7364,-0.8829,,-0.8222
1917-02-01,-0.3657,-0.6898,-0.0728,-0.8743,-0.8545,-0.8264,-0.9179,,-0.8644
1917-03-01,-0.3459,-0.6568,0.0999,-0.9379,-0.8745,-0.9064,-1.0259,,-0.9221
1917-04-01,-0.3279,-0.5861,-0.0638,-0.7014,-0.7845,-0.6564,-0.7379,,-0.7197
1917-05-01,-0.2757,-0.6305,0.0480,-0.7984,-0.7845,-0.7564,-0.8239,,-0.7915
1917-06-01,-0.2881,-0.6330,-0.0118,-0.6367,-0.6645,-0.5964,-0.6729,,-0.6506
1917-07-01,-0.3047,-0.5935,0.0478,-0.4152,-0.4845,-0.3864,-0.4749,,-0.4451
1917-08-01,-0.3301,-0.6676,-0.0408,-0.4967,-0.4545,-0.4864,-0.5179,,-0.4915
1917-09-01,-0.3459,-0.6349,-0.0297,-0.4610,-0.4545,-0.4564,-0.4419,,-0.4554
1917-10-01,-0.3770,-0.7338,-0.0800,-0.6910,-0.6745,-0.6764,-0.6339,,-0.6754
1917-11-01,-0.3987,-0.7815,-0.0085,-0.6131,-0.5745,-0.6364,-0.7069,,-0.6247
1917-12-01,-0.3852,-0.7180,-0.0545,-0.9455,-0.9045,-0.8364,-0.9619,,-0.9250
1918-01-01,-0.3602,-0.7367,0.1342,-0.6766,-0.7045,-0.7464,-0.7539,,-0.7254
1918-02-01,-0.3825,-0.7403,-0.0204,-0.8351,-0.5845,-0.7364,-0.8639,,-0.7857
1918-03-01,-0.3133,-0.6908,-0.0174,-0.7401,-0.4945,-0.5864,-0.7379,,-0.6622
1918-04-01,-0.2853,-0.5961,0.0977,-0.7843,-0.6745,-0.7164,-0.7259,,-0.7212
1918-05-01,-0.2507,-0.5373,0.0612,-0.6848,-0.6645,-0.6464,-0.7089,,-0.6747
1918-06-01,-0.2428,-0.6204,0.1129,-0.5472,-0.5945,-0.6464,-0.6129,,-0.6037
1918-07-01,-0.2521,-0.5997,0.0492,-0.5284,-0.5445,-0.4864,-0.5299,,-0.5292
1918-08-01,-0.2883,-0.6319,0.0104,-0.6019,-0.5445,-0.5864,-0.6439,,-0.5941
1918-09-01,-0.2831,-0.5915,0.0270,-0.4321,-0.4045,-0.4164,-0.4539,,-0.4242
1918-10-01,-0.3244,-0.7592,0.0677,-0.2750,-0.2845,-0.3764,-0.2789,,-0.2817
1918-11-01,-0.3482,-0.7047,0.1052,-0.3269,-0.3445,-0.4264,-0.2739,,-0.3357
1918-12-01,-0.3640,-0.7655,0.0755,-0.5749,-0.5345,-0.4864,-0.4789,,-0.5104
1919-01-01,-0.3239,-0.7041,0.1070,-0.4012,-0.4345,-0.3264,-0.4839,,-0.4179
1919-02-01,-0.3280,-0.7775,0.1228,-0.3940,-0.4645,-0.4764,-0.4349,,-0.4497
1919-03-01,-0.2995,-0.6382,0.1984,-0.5514,-0.4445,-0.5264,-0.5889,,-0.5389
1919-04-01,-0.2705,-0.6019,0.1221,-0.3674,-0.3645,-0.2464,-0.3899,,-0.3660
1919-05-01,-0.2392,-0.5183,0.1675,-0.4705,-0.5145,-0.4164,-0.4929,,-0.4817
1919-06-01,-0.2374,-0.5254,0.1572,-0.5268,-0.5945,-0.4564,-0.5309,,-0.5289
1919-07-01,-0.2595,-0.5456,0.2403,-0.4784,-0.5245,-0.4764,-0.5609,,-0.5015
1919-08-01,-0.3018,-0.6200,0.1382,-0.4156,-0.5645,-0.4964,-0.5869,,-0.5304
1919-09-01,-0.2956,-0.6674,0.1378,-0.4519,-0.4745,-0.3764,-0.5429,,-0.4632
1919-10-01,-0.3293,-0.6758,0.0620,-0.4303,-0.4245,-0.4964,-0.5089,,-0.4633
1919-11-01,-0.3462,-0.6540,0.1007,-0.7187,-0.6445,-0.5064,-0.6109,,-0.6277
1919-12-01,-0.3564,-0.7403,0.1184,-0.6763,-0.6545,-0.4964,-0.5999,,-0.6272
1920-01-01,-0.3355,-0.6790,0.2610,-0.4339,-0.4745,-0.2764,-0.4379,,-0.4359
1920-02-01,-0.3515,-0.6978,0.1077,-0.7034,-0.5045,-0.4564,-0.5539,,-0.5292
1920-03-01,-0.3291,-0.6737,0.1666,-0.3267,-0.3445,-0.2964,-0.4139,,-0.3356
1920-04-01,-0.2830,-0.6637,0.2245,-0.4996,-0.4745,-0.4964,-0.5029,,-0.4980
1920-05-01,-0.2354,-0.6015,0.2588,-0.4187,-0.4945,-0.3464,-0.4699,,-0.4443
1920-06-01,-0.2544,-0.5455,0.2147,-0.4099,-0.5845,-0.3964,-0.4109,,-0.4104
1920-07-01,-0.2733,-0.5582,0.0959,-0.4760,-0.5345,-0.4664,-0.5119,,-0.4940
1920-08-01,-0.2938,-0.5261,0.0188,-0.3912,-0.4945,-0.4464,-0.4399,,-0.4432
1920-09-01,-0.3045,-0.6483,0.0347,-0.3629,-0.4445,-0.4064,-0.3649,,-0.3857
1920-10-01,-0.3290,-0.6759,0.0025,-0.3799,-0.4945,-0.4064,-0.3909,,-0.3987
1920-11-01,-0.4027,-0.7005,-0.0539,-0.4967,-0.4945,-0.4764,-0.4269,,-0.4854
1920-12-01,-0.3642,-0.7065,0.1019,-0.6493,-0.6945,-0.6264,-0.5949,,-0.6378
1921-01-01,-0.3341,-0.6661,0.0422,-0.3875,-0.2745,-0.3364,-0.4419,,-0.3619
1921-02-01,-0.3142,-0.7464,-0.0023,-0.4529,-0.4045,-0.4864,-0.4489,,-0.4509
1921-03-01,-0.3176,-0.6506,-0.0495,-0.5056,-0.4545,-0.4764,-0.5629,,-0.4910
1921-04-01,-0.2757,-0.5840,-0.0106,-0.4515,-0.5245,-0.4664,-0.5149,,-0.4907
1921-05-01,-0.2425,-0.5745,0.0623,-0.4580,-0.5245,-0.4064,-0.5409,,-0.4913
1921-06-01,-0.2311,-0.5587,0.0969,-0.3187,-0.5045,-0.3764,-0.4199,,-0.3982
1921-07-01,-0.2552,-0.6102,0.0597,-0.3096,-0.3745,-0.3464,-0.3079,,-0.3280
1921-08-01,-0.2778,-0.5908,-0.0095,-0.4748,-0.4945,-0.4364,-0.3859,,-0.4556
1921-09-01,-0.2783,-0.6220,0.0320,-0.3546,-0.4145,-0.4264,-0.3929,,-0.4037
1921-10-01,-0.3130,-0.6522,-0.0211,-0.2872,-0.2645,-0.3464,-0.2619,,-0.2759
1921-11-01,-0.3357,-0.7165,-0.0191,-0.3517,-0.3745,-0.3364,-0.3569,,-0.3543
1921-12-01,-0.3114,-0.6211,0.0051,-0.4385,-0.4045,-0.3464,-0.3579,,-0.3812
1922-01-01,-0.2987,-0.6569,0.0437,-0.5763,-0.5745,-0.4864,-0.5529,,-0.5637
1922-02-01,-0.3377,-0.6373,0.0091,-0.5635,-0.6845,-0.6264,-0.5849,,-0.6057
1922-03-01,-0.3365,-0.6044,0.0034,-0.4885,-0.3845,-0.3964,-0.4599,,-0.4282
1922-04-01,-0.2993,-0.5922,-0.0402,-0.4526,-0.4645,-0.3964,-0.4009,,-0.4268
1922-05-01,-0.3065,-0.5936,0.0119,-0.6261,-0.5645,-0.5464,-0.5839,,-0.5742
1922-06-01,-0.2839,-0.5848,0.0412,-0.4543,-0.5345,-0.5164,-0.5479,,-0.5254
1922-07-01,-0.3012,-0.6093,-0.0198,-0.4213,-0.5045,-0.4964,-0.4309,,-0.4637
1922-08-01,-0.3246,-0.5995,-0.0111,-0.5117,-0.5645,-0.5664,-0.5379,,-0.5512
1922-09-01,-0.3233,-0.6220,-0.0076,-0.4743,-0.5845,-0.4964,-0.5349,,-0.5157
1922-10-01,-0.3260,-0.6993,0.0323,-0.5054,-0.5445,-0.5064,-0.4809,,-0.5059
1922-11-01,-0.3714,-0.6481,0.0140,-0.4120,-0.3745,-0.2964,-0.4619,,-0.3933
1922-12-01,-0.3833,-0.7279,0.0528,-0.4654,-0.4245,-0.3364,-0.4869,,-0.4450
1923-01-01,-0.3759,-0.7157,-0.0132,-0.5622,-0.5045,-0.4864,-0.5279,,-0.5162
1923-02-01,-0.3722,-0.7622,0.1223,-0.6466,-0.6245,-0.5264,-0.6289,,-0.6267
1923-03-01,-0.3469,-0.6904,0.0440,-0.6173,-0.5645,-0.6064,-0.6469,,-0.6118
1923-04-01,-0.2788,-0.5914,0.0836,-0.5655,-0.6445,-0.5164,-0.5859,,-0.5757
1923-05-01,-0.2741,-0.5289,-0.0172,-0.5585,-0.5645,-0.5064,-0.5069,,-0.5327
1923-06-01,-0.2746,-0.6058,0.0561,-0.4170,-0.5245,-0.4064,-0.3849,,-0.4117
1923-07-01,-0.2485,-0.5254,0.0256,-0.5722,-0.5445,-0.5664,-0.4929,,-0.5554
1923-08-01,-0.2766,-0.5403,0.0875,-0.4789,-0.5645,-0.5764,-0.5009,,-0.5327
1923-09-01,-0.2716,-0.5767,-0.0432,-0.4914,-0.5445,-0.5164,-0.5219,,-0.5192
1923-10-01,-0.2899,-0.6648,0.0028,-0.3263,-0.3645,-0.4064,-0.2989,,-0.3454
1923-11-01,-0.3220,-0.7339,0.0811,-0.1830,-0.2545,-0.2364,-0.2239,,-0.2302
1923-12-01,-0.3215,-0.7043,0.1317,-0.2492,-0.2645,-0.2564,-0.1809,,-0.2528
1924-01-01,-0.3325,-0.7597,0.1714,-0.4860,-0.4545,-0.4364,-0.5229,,-0.4703
1924-02-01,-0.3063,-0.6632,0.1451,-0.4675,-0.4645,-0.4264,-0.4129,,-0.4454
1924-03-01,-0.2740,-0.6289,0.0757,-0.3353,-0.3145,-0.3364,-0.3249,,-0.3301
1924-04-01,-0.2759,-0.6163,0.1355,-0.4960,-0.5345,-0.4264,-0.5599,,-0.5153
1924-05-01,-0.2584,-0.6396,0.1149,-0.3698,-0.4145,-0.3964,-0.4319,,-0.4054
1924-06-01,-0.2584,-0.7428,0.1274,-0.4275,-0.4945,-0.4364,-0.4059,,-0.4319
1924-07-01,-0.2747,-0.6295,0.1587,-0.4537,-0.5245,-0.5364,-0.4719,,-0.4982
1924-08-01,-0.2846,-0.5753,0.0380,-0.4716,-0.5945,-0.5164,-0.5769,,-0.5467
1924-09-01,-0.3043,-0.6048,0.1025,-0.4832,-0.5545,-0.5064,-0.5079,,-0.5072
1924-10-01,-0.3337,-0.6729,0.0013,-0.5170,-0.5845,-0.4964,-0.4849,,-0.5067
1924-11-01,-0.3721,-0.7453,-0.0704,-0.4411,-0.4345,-0.4364,-0.4409,,-0.4387
1924-12-01,-0.3763,-0.8218,0.0931,-0.6476,-0.6645,-0.5364,-0.6269,,-0.6373
1925-01-01,-0.2919,-0.7698,0.1445,-0.6425,-0.6045,-0.6664,-0.6579,,-0.6502
1925-02-01,-0.2975,-0.5938,0.0112,-0.6322,-0.6245,-0.5464,-0.6899,,-0.6284
1925-03-01,-0.3145,-0.6363,0.1118,-0.5317,-0.5045,-0.4764,-0.5259,,-0.5152
1925-04-01,-0.2768,-0.6504,0.0985,-0.4587,-0.4945,-0.3964,-0.5029,,-0.4766
1925-05-01,-0.2505,-0.5431,0.0644,-0.4652,-0.5245,-0.4464,-0.4419,,-0.4558
1925-06-01,-0.2529,-0.5775,0.0563,-0.4979,-0.5645,-0.4664,-0.4569,,-0.4821
1925-07-01,-0.2648,-0.4860,0.0694,-0.4952,-0.5045,-0.4464,-0.4679,,-0.4816
1925-08-01,-0.2979,-0.4988,-0.0319,-0.3235,-0.4345,-0.4264,-0.3979,,-0.4122
1925-09-01,-0.2910,-0.5225,0.0013,-0.4119,-0.4245,-0.4564,-0.4259,,-0.4252
1925-10-01,-0.3148,-0.6241,-0.0659,-0.4402,-0.4045,-0.3664,-0.3119,,-0.3854
1925-11-01,-0.3488,-0.6425,-0.0410,-0.2020,-0.1845,-0.2664,-0.2659,,-0.2340
1925-12-01,-0.3364,-0.7167,0.0776,-0.1393,-0.1645,-0.2064,-0.1749,,-0.1697
1926-01-01,-0.3154,-0.6609,0.1754,-0.0684,-0.0245,-0.0864,-0.1009,,-0.0774
1926-02-01,-0.2978,-0.6773,0.0421,-0.1819,-0.2045,-0.2464,-0.2839,,-0.2254
1926-03-01,-0.2664,-0.5307,0.1417,-0.1343,-0.1145,-0.1164,-0.2129,,-0.1253
1926-04-01,-0.2694,-0.4908,0.1579,-0.3150,-0.3645,-0.2564,-0.3669,,-0.3398
1926-05-01,-0.2612,-0.5430,-0.0056,-0.4244,-0.4645,-0.4564,-0.4299,,-0.4432
1926-06-01,-0.2328,-0.5172,-0.0323,-0.3384,-0.4945,-0.3664,-0.3619,,-0.3642
1926-07-01,-0.2586,-0.5265,-0.0122,-0.3668,-0.5045,-0.4764,-0.4599,,-0.4682
1926-08-01,-0.2774,-0.5662,-0.0289,-0.2592,-0.3645,-0.3864,-0.3809,,-0.3727
1926-09-01,-0.2897,-0.5727,-0.0037,-0.2756,-0.3745,-0.3664,-0.3369,,-0.3517
1926-10-01,-0.3204,-0.6228,-0.0406,-0.2265,-0.3445,-0.2264,-0.1709,,-0.2264
1926-11-01,-0.3390,-0.6980,-0.0672,-0.2677,-0.2945,-0.3364,-0.2759,,-0.2852
1926-12-01,-0.3301,-0.8057,0.0249,-0.4748,-0.5245,-0.4864,-0.4139,,-0.4806
1927-01-01,-0.2954,-0.6521,-0.0007,-0.4680,-0.5045,-0.4864,-0.4659,,-0.4772
1927-02-01,-0.3004,-0.6301,0.0559,-0.3643,-0.4045,-0.3664,-0.3719,,-0.3692
1927-03-01,-0.2980,-0.6913,-0.0135,-0.5663,-0.6145,-0.6064,-0.5469,,-0.5863
1927-04-01,-0.2573,-0.6303,0.0241,-0.4735,-0.5345,-0.5264,-0.5479,,-0.5304
1927-05-01,-0.2321,-0.5857,0.0647,-0.3891,-0.4845,-0.4464,-0.4149,,-0.4307
1927-06-01,-0.2424,-0.5848,0.1106,-0.4075,-0.5045,-0.3964,-0.4109,,-0.4092
1927-07-01,-0.2480,-0.5915,0.0128,-0.3688,-0.4245,-0.4064,-0.3039,,-0.3876
1927-08-01,-0.2465,-0.5658,0.0228,-0.3645,-0.4745,-0.2864,-0.3149,,-0.3397
1927-09-01,-0.2679,-0.6511,0.0303,-0.2664,-0.3545,-0.3364,-0.3529,,-0.3447
1927-10-01,-0.2983,-0.6730,-0.0201,-0.1792,-0.2345,-0.2264,-0.0939,,-0.2028
1927-11-01,-0.3194,-0.7567,-0.0046,-0.2783,-0.2845,-0.2864,-0.2309,,-0.2814
1927-12-01,-0.3158,-0.8256,0.0132,-0.4777,-0.5645,-0.5564,-0.5109,,-0.5337
1928-01-01,-0.2656,-0.7298,0.1078,-0.1828,-0.2545,-0.3164,-0.2259,,-0.2402
1928-02-01,-0.2685,-0.7171,0.0818,-0.2807,-0.3245,-0.3464,-0.3369,,-0.3307
1928-03-01,-0.2002,-0.6034,0.0127,-0.4761,-0.4845,-0.4564,-0.4759,,-0.4760
1928-04-01,-0.2068,-0.5151,0.1925,-0.3939,-0.5145,-0.4664,-0.4389,,-0.4527
1928-05-01,-0.2208,-0.6600,0.0207,-0.4600,-0.5245,-0.4464,-0.4759,,-0.4680
1928-06-01,-0.2068,-0.5168,0.1070,-0.4901,-0.6245,-0.4264,-0.4569,,-0.4735
1928-07-01,-0.2299,-0.5474,0.0617,-0.3482,-0.4245,-0.4264,-0.3859,,-0.4052
1928-08-01,-0.2299,-0.5388,0.0103,-0.3351,-0.4545,-0.4664,-0.4039,,-0.4292
1928-09-01,-0.2191,-0.5197,0.0754,-0.3642,-0.4445,-0.3564,-0.3739,,-0.3691
1928-10-01,-0.2523,-0.5496,0.0473,-0.3442,-0.4245,-0.4064,-0.3339,,-0.3753
1928-11-01,-0.2742,-0.6350,0.0281,-0.3306,-0.3245,-0.3164,-0.3809,,-0.3276
1928-12-01,-0.3038,-0.7583,0.0045,-0.3896,-0.3945,-0.3564,-0.3529,,-0.3730
1929-01-01,-0.2557,-0.6006,0.1413,-0.5923,-0.6845,-0.5964,-0.5659,,-0.5943
1929-02-01,-0.2224,-0.6154,0.0904,-0.7590,-0.8145,-0.6764,-0.6979,,-0.7285
1929-03-01,-0.2641,-0.6484,0.0209,-0.6429,-0.5645,-0.5164,-0.6199,,-0.5922
1929-04-01,-0.2298,-0.5191,0.1039,-0.5986,-0.6445,-0.6064,-0.6409,,-0.6237
1929-05-01,-0.1991,-0.5522,0.1284,-0.5928,-0.6145,-0.5764,-0.6319,,-0.6037
1929-06-01,-0.1731,-0.4753,0.1607,-0.5611,-0.6645,-0.6064,-0.4539,,-0.5837
1929-07-01,-0.2420,-0.6076,0.0553,-0.5931,-0.6045,-0.6364,-0.5749,,-0.5988
1929-08-01,-0.2698,-0.6505,-0.0296,-0.4197,-0.5545,-0.4164,-0.3929,,-0.4180
1929-09-01,-0.2630,-0.6015,0.0169,-0.4310,-0.4845,-0.4464,-0.4849,,-0.4654
1929-10-01,-0.2855,-0.5580,-0.0679,-0.3718,-0.3745,-0.3964,-0.3509,,-0.3732
1929-11-01,-0.3160,-0.7596,0.0462,-0.2950,-0.3545,-0.3764,-0.3109,,-0.3327
1929-12-01,-0.3138,-0.7664,0.0967,-0.7199,-0.7745,-0.6964,-0.6639,,-0.7081
1930-01-01,-0.3004,-0.5948,0.0301,-0.5164,-0.5345,-0.4964,-0.4779,,-0.5064
1930-02-01,-0.2757,-0.6127,0.1276,-0.4955,-0.4945,-0.4564,-0.4849,,-0.4897
1930-03-01,-0.2706,-0.6036,0.1562,-0.4020,-0.3345,-0.3864,-0.3609,,-0.3737
1930-04-01,-0.2583,-0.6048,0.0828,-0.3820,-0.4745,-0.3764,-0.4439,,-0.4130
1930-05-01,-0.2222,-0.5447,0.1471,-0.4047,-0.4745,-0.3964,-0.3539,,-0.4005
1930-06-01,-0.2473,-0.6275,0.1277,-0.3545,-0.4445,-0.3764,-0.2619,,-0.3654
1930-07-01,-0.2658,-0.6580,0.0346,-0.3374,-0.4445,-0.2964,-0.2829,,-0.3169
1930-08-01,-0.2982,-0.6140,-0.0359,-0.2479,-0.3845,-0.3764,-0.2379,,-0.3121
1930-09-01,-0.2762,-0.6096,0.0773,-0.2506,-0.3845,-0.3764,-0.3119,,-0.3442
1930-10-01,-0.2758,-0.6669,0.0643,-0.2389,-0.3445,-0.3264,-0.2029,,-0.2826
1930-11-01,-0.3313,-0.6715,0.0839,-0.0831,-0.0545,-0.0664,-0.0539,,-0.0604
1930-12-01,-0.2885,-0.6612,0.0704,-0.2134,-0.2845,-0.2564,-0.2229,,-0.2397
1931-01-01,-0.3088,-0.6708,-0.0239,-0.2886,-0.3345,-0.2664,-0.2789,,-0.2838
1931-02-01,-0.3229,-0.7034,0.1816,-0.4042,-0.4345,-0.3964,-0.4279,,-0.4161
1931-03-01,-0.3066,-0.6880,0.1376,-0.2614,-0.3345,-0.3264,-0.3569,,-0.3304
1931-04-01,-0.2837,-0.6335,0.1640,-0.3241,-0.4645,-0.3964,-0.4049,,-0.4007
1931-05-01,-0.2342,-0.5125,0.1282,-0.3516,-0.4245,-0.3864,-0.4269,,-0.4054
1931-06-01,-0.2552,-0.5194,0.0629,-0.1785,-0.3145,-0.2664,-0.2409,,-0.2537
1931-07-01,-0.2798,-0.6248,0.0174,-0.1642,-0.2645,-0.2664,-0.1929,,-0.2287
1931-08-01,-0.2564,-0.6425,-0.0214,-0.1845,-0.2645,-0.2364,-0.2379,,-0.2372
1931-09-01,-0.2585,-0.5759,0.0120,-0.2070,-0.2945,-0.2264,-0.2089,,-0.2177
1931-10-01,-0.3269,-0.7175,-0.0316,-0.1801,-0.1745,-0.2264,-0.0899,,-0.1773
1931-11-01,-0.3260,-0.6059,-0.0663,-0.2958,-0.2945,-0.2564,-0.2409,,-0.2754
1931-12-01,-0.2876,-0.5619,0.0415,-0.2589,-0.2845,-0.2664,-0.2529,,-0.2626
1932-01-01,-0.2714,-0.6579,0.1109,-0.0750,-0.0845,-0.1264,-0.1359,,-0.1054
1932-02-01,-0.2620,-0.5886,0.1519,-0.3359,-0.4045,-0.4464,-0.4789,,-0.4254
1932-03-01,-0.2201,-0.5505,0.1406,-0.3506,-0.4145,-0.3364,-0.3789,,-0.3648
1932-04-01,-0.2399,-0.5832,0.0802,-0.2201,-0.2945,-0.2864,-0.2679,,-0.2772
1932-05-01,-0.1906,-0.5839,0.1182,-0.3162,-0.4045,-0.3664,-0.3379,,-0.3522
1932-06-01,-0.2030,-0.5618,0.1228,-0.4113,-0.5245,-0.3564,-0.3729,,-0.3921
1932-07-01,-0.2163,-0.5966,0.1073,-0.2877,-0.4745,-0.3964,-0.2869,,-0.3420
1932-08-01,-0.2469,-0.5586,0.0316,-0.3451,-0.4445,-0.4964,-0.3569,,-0.4007
1932-09-01,-0.2356,-0.5331,0.0896,-0.1596,-0.3345,-0.2464,-0.2199,,-0.2332
1932-10-01,-0.2498,-0.6205,0.0646,-0.2516,-0.3245,-0.3164,-0.2789,,-0.2977
1932-11-01,-0.3184,-0.6415,-0.0023,-0.4494,-0.5045,-0.4764,-0.4409,,-0.4629
1932-12-01,-0.3258,-0.7657,0.0571,-0.4228,-0.4945,-0.3964,-0.3879,,-0.4096
1933-01-01,-0.3144,-0.7252,0.0477,-0.4110,-0.4645,-0.3764,-0.4239,,-0.4175
1933-02-01,-0.3103,-0.6881,0.0368,-0.4516,-0.5245,-0.5164,-0.4659,,-0.4912
1933-03-01,-0.2906,-0.6219,-0.0388,-0.4955,-0.5245,-0.4464,-0.5479,,-0.5100
1933-04-01,-0.2535,-0.5556,-0.0447,-0.3963,-0.4845,-0.4264,-0.4549,,-0.4407
1933-05-01,-0.2460,-0.5416,0.0420,-0.3842,-0.5245,-0.4564,-0.4409,,-0.4487
1933-06-01,-0.2217,-0.5046,0.0279,-0.4255,-0.5745,-0.4564,-0.4299,,-0.4432
1933-07-01,-0.2398,-0.5128,-0.0089,-0.3945,-0.4445,-0.5064,-0.4279,,-0.4362
1933-08-01,-0.2625,-0.4696,0.0020,-0.2644,-0.4645,-0.4464,-0.3709,,-0.4087
1933-09-01,-0.2588,-0.4836,-0.0523,-0.4391,-0.5245,-0.5864,-0.4759,,-0.5002
1933-10-01,-0.2558,-0.5342,0.1032,-0.3575,-0.4845,-0.4464,-0.3009,,-0.4019
1933-11-01,-0.3026,-0.5608,-0.0045,-0.5150,-0.5345,-0.5264,-0.5139,,-0.5207
1933-12-01,-0.2944,-0.6707,0.0375,-0.6261,-0.6745,-0.6164,-0.6459,,-0.6360
1934-01-01,-0.2425,-0.6314,0.2335,-0.4316,-0.4445,-0.4764,-0.4609,,-0.4527
1934-02-01,-0.2746,-0.5982,0.1447,-0.2506,-0.2645,-0.3164,-0.2649,,-0.2647
1934-03-01,-0.2648,-0.6201,0.0873,-0.5382,-0.5245,-0.4864,-0.5439,,-0.5314
1934-04-01,-0.2233,-0.5836,0.1314,-0.4761,-0.5445,-0.4564,-0.5299,,-0.5030
1934-05-01,-0.2000,-0.5292,0.1410,-0.2490,-0.3345,-0.3064,-0.3339,,-0.3202
1934-06-01,-0.1997,-0.4428,0.0425,-0.1985,-0.3845,-0.3464,-0.2639,,-0.3052
1934-07-01,-0.2279,-0.4943,0.0497,-0.2857,-0.3445,-0.3564,-0.2989,,-0.3217
1934-08-01,-0.2443,-0.5138,0.0652,-0.2186,-0.3545,-0.3564,-0.3439,,-0.3492
1934-09-01,-0.2316,-0.4926,0.0110,-0.2433,-0.3845,-0.3064,-0.2869,,-0.2967
1934-10-01,-0.2755,-0.5824,0.1356,-0.1884,-0.3045,-0.2664,-0.1499,,-0.2274
1934-11-01,-0.3258,-0.6237,0.0331,-0.0762,-0.2045,-0.1764,-0.0589,,-0.1263
1934-12-01,-0.3009,-0.6094,0.0990,-0.2222,-0.2645,-0.2864,-0.2669,,-0.2657
1935-01-01,-0.2715,-0.5655,-0.0100,-0.4582,-0.5745,-0.4964,-0.5179,,-0.5072
1935-02-01,-0.2420,-0.5600,0.1774,-0.0568,-0.0945,-0.0864,-0.0939,,-0.0902
1935-03-01,-0.2378,-0.5449,0.1021,-0.3261,-0.3745,-0.3864,-0.3849,,-0.3797
1935-04-01,-0.2061,-0.5765,0.1669,-0.4302,-0.6045,-0.5664,-0.4829,,-0.5247
1935-05-01,-0.1718,-0.5063,0.1097,-0.4200,-0.5245,-0.4764,-0.4779,,-0.4772
1935-06-01,-0.1810,-0.4519,0.1642,-0.3207,-0.5045,-0.4664,-0.3629,,-0.4147
1935-07-01,-0.2021,-0.5253,0.0566,-0.2534,-0.4445,-0.3364,-0.2509,,-0.2949
1935-08-01,-0.2323,-0.5736,0.0116,-0.2589,-0.4545,-0.3364,-0.2999,,-0.3182
1935-09-01,-0.2149,-0.5677,0.1208,-0.2981,-0.4445,-0.3164,-0.3249,,-0.3207
1935-10-01,-0.2225,-0.5328,0.0948,-0.1689,-0.2945,-0.2864,-0.2009,,-0.2437
1935-11-01,-0.2442,-0.5960,0.0801,-0.4321,-0.4945,-0.3964,-0.4569,,-0.4445
1935-12-01,-0.2791,-0.7377,0.1073,-0.3664,-0.4045,-0.3364,-0.3799,,-0.3732
1936-01-01,-0.2482,-0.6334,0.2790,-0.5076,-0.5145,-0.5264,-0.5079,,-0.5112
1936-02-01,-0.2606,-0.6585,0.1462,-0.4501,-0.6145,-0.4864,-0.5129,,-0.4997
1936-03-01,-0.2340,-0.5480,0.2367,-0.4388,-0.4445,-0.4264,-0.4409,,-0.4399
1936-04-01,-0.2177,-0.5579,0.2158,-0.3021,-0.4345,-0.3564,-0.3769,,-0.3667
1936-05-01,-0.1659,-0.4752,0.1859,-0.2808,-0.3945,-0.3664,-0.3579,,-0.3622
1936-06-01,-0.1826,-0.5549,0.1414,-0.2623,-0.4545,-0.3664,-0.2769,,-0.3217
1936-07-01,-0.2208,-0.5183,0.0817,-0.1816,-0.3345,-0.2564,-0.2079,,-0.2322
1936-08-01,-0.2339,-0.5727,0.0622,-0.1856,-0.3645,-0.2064,-0.2079,,-0.2072
1936-09-01,-0.2227,-0.5758,0.0624,-0.2207,-0.3245,-0.3264,-0.2429,,-0.2837
1936-10-01,-0.2599,-0.6111,0.0184,-0.1518,-0.2645,-0.2164,-0.1149,,-0.1841
1936-11-01,-0.2638,-0.6861,0.0278,-0.1630,-0.2245,-0.2764,-0.2309,,-0.2277
1936-12-01,-0.3033,-0.7518,0.0756,-0.2090,-0.2445,-0.2364,-0.1759,,-0.2227
1937-01-01,-0.2513,-0.5881,0.0265,-0.2238,-0.3045,-0.2964,-0.2809,,-0.2887
1937-02-01,-0.2985,-0.7344,0.0098,-0.0341,-0.2045,-0.1864,-0.1359,,-0.1612
1937-03-01,-0.2485,-0.5108,-0.0307,-0.3719,-0.4345,-0.4164,-0.3479,,-0.3941
1937-04-01,-0.2161,-0.5790,0.0276,-0.2309,-0.3945,-0.3864,-0.2779,,-0.3322
1937-05-01,-0.2040,-0.4853,0.0585,-0.2009,-0.2945,-0.2864,-0.2809,,-0.2837
1937-06-01,-0.2002,-0.5006,0.0788,-0.1159,-0.2845,-0.2664,-0.1719,,-0.2192
1937-07-01,-0.2347,-0.5134,0.0223,-0.0874,-0.2745,-0.2464,-0.0929,,-0.1697
1937-08-01,-0.2448,-0.5191,-0.0297,-0.0742,-0.2245,-0.1864,-0.1149,,-0.1507
1937-09-01,-0.2426,-0.4877,-0.0234,0.0307,-0.1445,-0.1264,-0.0079,,-0.0672
1937-10-01,-0.2722,-0.6031,-0.0586,0.0177,-0.1545,-0.1364,0.0431,,-0.0593
1937-11-01,-0.2827,-0.5651,-0.0498,-0.0447,-0.1545,-0.1464,-0.0819,,-0.1142
1937-12-01,-0.2793,-0.6618,-0.0154,-0.1850,-0.3145,-0.3064,-0.1979,,-0.2522
1938-01-01,-0.2168,-0.5765,0.0003,-0.0695,-0.1545,-0.2064,-0.1349,,-0.1447
1938-02-01,-0.2170,-0.5675,0.0824,-0.1270,-0.1945,-0.1864,-0.1389,,-0.1627
1938-03-01,-0.2221,-0.5749,0.0070,-0.1324,-0.1345,-0.1364,-0.1509,,-0.1354
1938-04-01,-0.2184,-0.4568,0.0248,-0.0704,-0.1745,-0.1564,-0.1999,,-0.1654
1938-05-01,-0.2062,-0.5521,0.0130,-0.2065,-0.3345,-0.3064,-0.2719,,-0.2892
1938-06-01,-0.1839,-0.4796,0.0377,-0.2022,-0.4045,-0.3964,-0.3139,,-0.3552
1938-07-01,-0.2032,-0.4673,0.0519,-0.1561,-0.3245,-0.2664,-0.2109,,-0.2387
1938-08-01,-0.2344,-0.4599,-0.0226,-0.1160,-0.2945,-0.2664,-0.2209,,-0.2437
1938-09-01,-0.2308,-0.5323,0.0041,-0.0901,-0.2245,-0.1764,-0.1169,,-0.1467
1938-10-01,-0.2525,-0.6068,0.0113,0.0471,-0.0845,-0.1364,0.0221,,-0.0312
1938-11-01,-0.2632,-0.6500,0.0942,-0.0566,-0.1645,-0.1564,-0.0979,,-0.1272
1938-12-01,-0.2564,-0.5686,0.1235,-0.3123,-0.3545,-0.3764,-0.3129,,-0.3337
1939-01-01,-0.2327,-0.5854,0.1890,-0.2327,-0.2845,-0.2764,-0.2699,,-0.2732
1939-02-01,-0.2421,-0.6404,0.1421,-0.2260,-0.2945,-0.2964,-0.3069,,-0.2954
1939-03-01,-0.2427,-0.6308,0.0892,-0.3999,-0.4145,-0.4664,-0.4429,,-0.4287
1939-04-01,-0.1931,-0.4920,0.0749,-0.2167,-0.3345,-0.3864,-0.2439,,-0.2892
1939-05-01,-0.2056,-0.4882,0.0714,-0.1402,-0.2845,-0.2764,-0.1309,,-0.2083
1939-06-01,-0.2089,-0.5068,0.0601,-0.0913,-0.3045,-0.2564,-0.1129,,-0.1847
1939-07-01,-0.2209,-0.4788,0.0279,-0.1416,-0.2945,-0.1664,-0.1899,,-0.1782
1939-08-01,-0.2142,-0.4842,0.0837,-0.1313,-0.2945,-0.1764,-0.1589,,-0.1677
1939-09-01,-0.2255,-0.4918,0.0160,-0.0995,-0.3045,-0.1764,-0.1239,,-0.1502
1939-10-01,-0.2487,-0.5358,0.0001,-0.1842,-0.2745,-0.2764,-0.2019,,-0.2382
1939-11-01,-0.2709,-0.5697,0.1614,-0.0325,-0.1645,-0.1364,-0.1339,,-0.1352
1939-12-01,-0.2392,-0.6497,0.1397,0.2838,0.1855,0.1936,0.1901,,0.1918
1940-01-01,-0.1823,-0.5370,0.2059,-0.1103,-0.2445,-0.1564,-0.1179,-0.4721,-0.1564
1940-02-01,-0.1860,-0.4911,0.2022,0.0211,-0.1545,-0.0464,-0.0309,-0.3875,-0.0464
1940-03-01,-0.2142,-0.5992,0.1232,-0.1031,-0.1445,-0.1664,-0.0509,-0.4176,-0.1445
1940-04-01,-0.1888,-0.4905,0.1012,0.0706,-0.0645,0.0136,-0.0139,-0.1806,-0.0139
1940-05-01,-0.1808,-0.5329,0.1635,-0.0433,-0.1345,-0.0564,-0.0679,-0.1364,-0.0679
1940-06-01,-0.1555,-0.4997,0.1933,-0.0329,-0.1245,-0.1964,-0.0669,-0.3224,-0.1245
1940-07-01,-0.1726,-0.5049,0.1460,0.0628,-0.1145,-0.1664,-0.0339,-0.1339,-0.1145
1940-08-01,-0.2136,-0.5257,-0.0345,0.0046,-0.1645,-0.1664,-0.1029,-0.1832,-0.1645
1940-09-01,-0.2355,-0.5655,0.1104,0.0271,-0.0845,-0.0764,-0.0549,-0.3142,-0.0764
1940-10-01,-0.2502,-0.6017,0.0421,-0.0077,-0.1245,-0.0564,-0.0559,-0.4485,-0.0564
1940-11-01,-0.2776,-0.7695,0.0981,-0.0986,-0.0745,-0.0664,-0.1639,-0.3519,-0.0986
1940-12-01,-0.2635,-0.6769,0.1117,0.1106,0.0755,0.0536,-0.0009,-0.1563,0.0536
1941-01-01,-0.1915,-0.5908,0.1193,-0.1769,-0.0645,-0.1064,-0.3469,-0.2079,-0.1769
1941-02-01,-0.1645,-0.5769,0.1046,-0.0337,0.0655,0.0336,-0.1669,-0.0641,-0.0337
1941-03-01,-0.1936,-0.5508,0.0542,-0.2717,-0.1345,-0.1364,-0.2689,-0.2462,-0.2462
1941-04-01,-0.1682,-0.4499,0.1743,-0.1257,-0.0745,0.0036,-0.2409,-0.3826,-0.1257
1941-05-01,-0.1623,-0.3660,0.2059,-0.0952,-0.0745,-0.0664,-0.1919,-0.2274,-0.0952
1941-06-01,-0.1516,-0.4055,0.1302,-0.1012,-0.1145,-0.0464,-0.1159,-0.1470,-0.1145
1941-07-01,-0.2013,-0.4637,0.1238,0.0040,-0.0145,-0.0264,-0.0139,-0.2271,-0.0145
1941-08-01,-0.2089,-0.4817,0.0361,-0.1134,-0.0945,-0.0464,-0.1709,-0.1589,-0.1134
1941-09-01,-0.1905,-0.4900,0.0433,-0.3185,-0.2145,-0.1464,-0.3459,-0.5335,-0.3185
1941-10-01,-0.2078,-0.5657,0.0950,0.0309,0.1155,0.0836,-0.0179,-0.1435,0.0309
1941-11-01,-0.2222,-0.5436,0.1091,-0.1922,-0.0145,-0.0464,-0.1889,-0.3772,-0.1889
1941-12-01,-0.2361,-0.6130,0.0916,-0.0843,-0.0245,0.0936,-0.1489,-0.2477,-0.0843
1942-01-01,-0.1726,-0.6945,0.2009,0.0634,0.0555,0.0636,-0.0149,-0.0882,0.0555
1942-02-01,-0.1906,-0.5364,0.2409,-0.1757,-0.2145,-0.2764,-0.2959,-0.3176,-0.2764
1942-03-01,-0.2036,-0.5785,0.1821,-0.2347,-0.1845,-0.1564,-0.2569,-0.2411,-0.2347
1942-04-01,-0.1507,-0.4756,0.1772,-0.1922,-0.1445,-0.1764,-0.3129,-0.3793,-0.1922
1942-05-01,-0.1377,-0.4495,0.1247,-0.0629,-0.1245,-0.1364,-0.2029,-0.2288,-0.1364
1942-06-01,-0.1532,-0.4815,0.0495,-0.1582,-0.1845,-0.1464,-0.2089,-0.3339,-0.1845
1942-07-01,-0.1767,-0.5292,0.0438,-0.2471,-0.2345,-0.2564,-0.3059,-0.4089,-0.2564
1942-08-01,-0.1887,-0.5192,0.0270,-0.2488,-0.2745,-0.2064,-0.3419,-0.4324,-0.2745
1942-09-01,-0.1972,-0.5015,0.0353,-0.2045,-0.2645,-0.1664,-0.2539,-0.4207,-0.2539
1942-10-01,-0.2238,-0.5395,0.0199,-0.2818,-0.2245,-0.2164,-0.2459,-0.3568,-0.2459
1942-11-01,-0.2261,-0.6276,0.0521,-0.2505,-0.1445,-0.1764,-0.2739,-0.4671,-0.2505
1942-12-01,-0.2455,-0.5629,0.0306,-0.2735,-0.1145,-0.1664,-0.2279,-0.3760,-0.2279
1943-01-01,-0.1888,-0.6480,0.0808,-0.3823,-0.2445,-0.3064,-0.3209,-0.3444,-0.3209
1943-02-01,-0.2229,-0.6900,0.0837,-0.2184,-0.0645,-0.1764,-0.1929,-0.2050,-0.1929
1943-03-01,-0.2095,-0.5953,0.0324,-0.3560,-0.2745,-0.2464,-0.3879,-0.4179,-0.3560
1943-04-01,-0.1777,-0.4721,0.0686,-0.1670,-0.1245,-0.0864,-0.2309,-0.3480,-0.1670
1943-05-01,-0.1839,-0.5063,0.0965,-0.1574,-0.1745,-0.1964,-0.2419,-0.2499,-0.1964
1943-06-01,-0.1826,-0.4857,0.0686,-0.2713,-0.2845,-0.3364,-0.2449,-0.4168,-0.2845
1943-07-01,-0.1788,-0.4518,0.0176,-0.1721,-0.1545,-0.1564,-0.2499,-0.4262,-0.1721
1943-08-01,-0.2169,-0.4783,-0.0029,-0.1662,-0.2245,-0.1564,-0.1949,-0.4606,-0.1949
1943-09-01,-0.2186,-0.5508,0.0417,-0.2123,-0.1845,-0.2264,-0.2119,-0.3892,-0.2123
1943-10-01,-0.2171,-0.5302,0.0411,0.0316,-0.0045,0.0236,0.0481,-0.2850,0.0236
1943-11-01,-0.2354,-0.5809,0.0782,-0.0941,-0.0345,-0.0564,-0.1159,-0.2690,-0.0941
1943-12-01,-0.2584,-0.5714,0.0411,-0.0890,-0.0045,-0.0164,-0.1109,-0.1666,-0.0890
1944-01-01,-0.2046,-0.7104,0.1782,0.1250,0.1255,0.0636,0.0161,0.0834,0.0834
1944-02-01,-0.1723,-0.6834,0.2192,-0.0762,0.0055,0.0336,-0.0829,-0.0293,-0.0293
1944-03-01,-0.1927,-0.6586,0.2516,-0.0822,0.0255,0.0236,-0.0739,0.0089,0.0089
1944-04-01,-0.1507,-0.4667,0.1372,-0.1590,-0.0445,-0.0864,-0.1789,-0.2063,-0.1590
1944-05-01,-0.1572,-0.5772,0.2012,-0.0812,-0.0545,-0.0564,-0.1039,-0.2184,-0.0812
1944-06-01,-0.1605,-0.5539,0.1532,-0.0968,-0.0845,-0.0664,-0.1979,-0.1710,-0.0968
1944-07-01,-0.1808,-0.5662,0.1028,-0.0511,-0.0645,-0.1264,-0.1269,-0.2164,-0.1264
1944-08-01,-0.2169,-0.5824,0.0189,0.0059,-0.0545,-0.1064,-0.0489,-0.1526,-0.0545
1944-09-01,-0.2307,-0.5707,0.0125,-0.0357,0.0455,0.0236,0.0061,-0.0918,0.0061
1944-10-01,-0.2253,-0.6446,0.0885,0.0080,0.0255,-0.0064,0.0311,-0.0948,0.0080
1944-11-01,-0.2597,-0.6298,0.0357,-0.1126,-0.1145,-0.1164,-0.1919,-0.2846,-0.1164
1944-12-01,-0.2474,-0.6616,0.0520,-0.1191,-0.1945,-0.0164,-0.1079,-0.3182,-0.1191
1945-01-01,-0.2164,-0.5549,0.2483,-0.1100,-0.1345,-0.0764,-0.1659,-0.2711,-0.1345
1945-02-01,-0.2432,-0.5531,0.1094,-0.1566,-0.2245,-0.1264,-0.2449,-0.4410,-0.2245
1945-03-01,-0.2204,-0.5510,0.0820,-0.1678,-0.1745,-0.1064,-0.2749,-0.3420,-0.1745
1945-04-01,-0.1829,-0.5388,0.2246,0.0067,-0.0445,0.0636,-0.1319,-0.2402,-0.0445
1945-05-01,-0.1544,-0.3963,0.1426,-0.2625,-0.1745,-0.1464,-0.2669,-0.3536,-0.2625
1945-06-01,-0.1715,-0.5119,0.1582,-0.2419,-0.2245,-0.1164,-0.2159,-0.1873,-0.2159
1945-07-01,-0.1683,-0.4364,0.1034,-0.1980,-0.1945,-0.2364,-0.2309,-0.3319,-0.2309
1945-08-01,-0.2062,-0.4578,0.1324,0.0365,0.0255,0.0636,-0.0359,-0.0193,0.0255
1945-09-01,-0.1972,-0.4938,0.1053,-0.0941,-0.0245,-0.1164,-0.1729,-0.2051,-0.1164
1945-10-01,-0.2280,-0.5092,0.0204,-0.1062,-0.0445,-0.0964,0.0041,-0.1932,-0.0964
1945-11-01,-0.2712,-0.6683,0.0243,-0.1992,-0.1645,-0.1564,-0.2019,-0.3494,-0.1992
1945-12-01,-0.2740,-0.6537,0.0286,-0.3986,-0.3045,-0.2964,-0.3719,-0.4239,-0.3719
1946-01-01,-0.2336,-0.6234,0.1182,-0.1280,-0.0845,0.0036,-0.2129,-0.1473,-0.1280
1946-02-01,-0.2395,-0.5306,0.0541,-0.2933,-0.2045,-0.2264,-0.4039,-0.2473,-0.2473
1946-03-01,-0.2006,-0.4746,0.1226,-0.2991,-0.2245,-0.2764,-0.3029,-0.1845,-0.2764
1946-04-01,-0.1706,-0.4277,0.1189,-0.1739,-0.1745,-0.1864,-0.2289,-0.1994,-0.1864
1946-05-01,-0.1729,-0.5102,0.1115,-0.2529,-0.3045,-0.2564,-0.2639,-0.1742,-0.2564
1946-06-01,-0.1680,-0.5288,0.1605,-0.4382,-0.4445,-0.3664,-0.4469,-0.2925,-0.4382
1946-07-01,-0.1783,-0.5114,0.0675,-0.2823,-0.3545,-0.2664,-0.3019,-0.2618,-0.2823
1946-08-01,-0.1991,-0.5171,0.0627,-0.3268,-0.4345,-0.3664,-0.3459,-0.3539,-0.3539
1946-09-01,-0.2242,-0.5509,0.0272,-0.2665,-0.3045,-0.1764,-0.2909,-0.3333,-0.2909
1946-10-01,-0.2264,-0.5320,0.0695,-0.2402,-0.3045,-0.2664,-0.2189,-0.4131,-0.2664
1946-11-01,-0.2495,-0.6147,0.1388,-0.2837,-0.2845,-0.2364,-0.2949,-0.3174,-0.2845
1946-12-01,-0.2340,-0.4808,0.0179,-0.5150,-0.5445,-0.4064,-0.4669,-0.3968,-0.4669
1947-01-01,-0.2208,-0.5976,0.1079,-0.3231,-0.2945,-0.2164,-0.2839,-0.1601,-0.2839
1947-02-01,-0.2399,-0.6365,0.1732,-0.3153,-0.3145,-0.2464,-0.2939,-0.2470,-0.2939
1947-03-01,-0.2096,-0.6134,0.1733,-0.2468,-0.1645,-0.2064,-0.1499,-0.1114,-0.1645
1947-04-01,-0.2033,-0.5553,0.1338,-0.2281,-0.1745,-0.1664,-0.2369,-0.0897,-0.1745
1947-05-01,-0.1823,-0.4806,0.1089,-0.2406,-0.2545,-0.2464,-0.2999,-0.1896,-0.2464
1947-06-01,-0.1871,-0.4565,0.1405,-0.2602,-0.2545,-0.2664,-0.1719,-0.1732,-0.2545
1947-07-01,-0.2017,-0.4622,0.1111,-0.2358,-0.2845,-0.2164,-0.2279,-0.2263,-0.2279
1947-08-01,-0.2248,-0.5248,0.0072,-0.2849,-0.3045,-0.3264,-0.3459,-0.3479,-0.3264
1947-09-01,-0.2164,-0.5145,0.0677,-0.3327,-0.3545,-0.3364,-0.3209,-0.3712,-0.3364
1947-10-01,-0.2287,-0.5491,0.0438,-0.1339,-0.1645,-0.2164,-0.1439,-0.2150,-0.1645
1947-11-01,-0.2576,-0.6965,0.1328,-0.1422,-0.2145,-0.2164,-0.2029,-0.2837,-0.2145
1947-12-01,-0.2165,-0.6120,0.0746,-0.4033,-0.3645,-0.3364,-0.3699,-0.3720,-0.3699
1948-01-01,-0.1993,-0.4987,0.0832,-0.1901,-0.1745,-0.2164,-0.2379,-0.1772,-0.1901
1948-02-01,-0.1796,-0.6373,0.1158,-0.4079,-0.3845,-0.3164,-0.4039,-0.3700,-0.3845
1948-03-01,-0.1628,-0.5899,0.1300,-0.4586,-0.4745,-0.3764,-0.4679,-0.4248,-0.4586
1948-04-01,-0.1427,-0.4967,0.0675,-0.2880,-0.3545,-0.2864,-0.4019,-0.3179,-0.3179
1948-05-01,-0.1382,-0.4707,0.1654,-0.1162,-0.2445,-0.1064,-0.1099,-0.1658,-0.1162
1948-06-01,-0.1105,-0.4101,0.2479,-0.1822,-0.2845,-0.3164,-0.2059,-0.2564,-0.2564
1948-07-01,-0.1601,-0.4340,0.1279,-0.3032,-0.3445,-0.2464,-0.3009,-0.2789,-0.3009
1948-08-01,-0.1891,-0.4113,0.0036,-0.2186,-0.3445,-0.2264,-0.2459,-0.2546,-0.2459
1948-09-01,-0.1782,-0.4851,0.0440,-0.3084,-0.3745,-0.3264,-0.3299,-0.3954,-0.3299
1948-10-01,-0.1835,-0.5316,0.0292,-0.2296,-0.2845,-0.2264,-0.2219,-0.2190,-0.2264
1948-11-01,-0.1945,-0.5747,0.1526,-0.3480,-0.3645,-0.2764,-0.3839,-0.2130,-0.3480
1948-12-01,-0.1965,-0.5261,0.1421,-0.5194,-0.4745,-0.4864,-0.4979,-0.4530,-0.4864
1949-01-01,-0.1583,-0.4214,0.1638,-0.1983,-0.1745,-0.1464,-0.1969,-0.0692,-0.1745
1949-02-01,-0.1620,-0.4896,0.1874,-0.4173,-0.3745,-0.3364,-0.4739,-0.2698,-0.3745
1949-03-01,-0.1448,-0.4490,0.1214,-0.2904,-0.2545,-0.2364,-0.3659,-0.2317,-0.2545
1949-04-01,-0.1189,-0.3037,0.0547,-0.3276,-0.3445,-0.2864,-0.3799,-0.3089,-0.3276
1949-05-01,-0.0832,-0.3485,0.1776,-0.2890,-0.3345,-0.2364,-0.3079,-0.2289,-0.2890
1949-06-01,-0.0982,-0.3546,0.1599,-0.4141,-0.5045,-0.3764,-0.3749,-0.3379,-0.3764
1949-07-01,-0.1296,-0.3766,0.1015,-0.3608,-0.3645,-0.3164,-0.3599,-0.2416,-0.3599
1949-08-01,-0.1574,-0.3744,0.0585,-0.2571,-0.3645,-0.2764,-0.3259,-0.3501,-0.3259
1949-09-01,-0.1565,-0.3729,0.0527,-0.3078,-0.3745,-0.3764,-0.3689,-0.3127,-0.3689
1949-10-01,-0.2157,-0.5210,0.1338,-0.2722,-0.3045,-0.2964,-0.2899,-0.3029,-0.2964
1949-11-01,-0.1907,-0.5184,0.0841,-0.3664,-0.3345,-0.3264,-0.3729,-0.2466,-0.3345
1949-12-01,-0.2151,-0.5111,0.2296,-0.3945,-0.4145,-0.2864,-0.3239,-0.2271,-0.3239
1950-01-01,-0.1696,-0.4535,0.2439,-0.4827,-0.4945,-0.4164,-0.5779,-0.4373,-0.4827
1950-02-01,-0.1687,-0.4570,0.1455,-0.5528,-0.5045,-0.4764,-0.6229,-0.4576,-0.5045
1950-03-01,-0.1212,-0.3754,0.2281,-0.4019,-0.3145,-0.2664,-0.4289,-0.3064,-0.3145
1950-04-01,-0.1201,-0.4049,0.1256,-0.4256,-0.4445,-0.4164,-0.4539,-0.4125,-0.4256
1950-05-01,-0.1268,-0.3585,0.1660,-0.3284,-0.3445,-0.2564,-0.3029,-0.3219,-0.3219
1950-06-01,-0.1396,-0.3822,0.2017,-0.2877,-0.2845,-0.3164,-0.2959,-0.2943,-0.2943
1950-07-01,-0.1717,-0.3946,0.1017,-0.2935,-0.3245,-0.2964,-0.2729,-0.3968,-0.2964
1950-08-01,-0.1753,-0.4436,0.1109,-0.3397,-0.3945,-0.3564,-0.3379,-0.5006,-0.3564
1950-09-01,-0.1902,-0.4517,0.1414,-0.4299,-0.3445,-0.3264,-0.4179,-0.3443,-0.3445
1950-10-01,-0.1838,-0.4471,0.1469,-0.3840,-0.4345,-0.4164,-0.3249,-0.2819,-0.3840
1950-11-01,-0.1903,-0.4777,0.3546,-0.5649,-0.5745,-0.5364,-0.5569,-0.4936,-0.5569
1950-12-01,-0.2068,-0.6080,0.1174,-0.4395,-0.4545,-0.4364,-0.4309,-0.2186,-0.4364
1951-01-01,-0.1703,-0.4489,0.1504,-0.5405,-0.5745,-0.5564,-0.6079,-0.4450,-0.5564
1951-02-01,-0.1670,-0.4429,0.1662,-0.6899,-0.6545,-0.6164,-0.6819,-0.5668,-0.6545
1951-03-01,-0.1682,-0.5079,0.3127,-0.4458,-0.4345,-0.3664,-0.4399,-0.3777,-0.4345
1951-04-01,-0.1466,-0.4603,0.2563,-0.3015,-0.3745,-0.3564,-0.3429,-0.2946,-0.3429
1951-05-01,-0.1215,-0.3816,0.2915,-0.1497,-0.2345,-0.2064,-0.1799,-0.0322,-0.1799
1951-06-01,-0.1268,-0.3610,0.2449,-0.1208,-0.3045,-0.2064,-0.1089,-0.1543,-0.1543
1951-07-01,-0.1612,-0.4361,0.2371,-0.1434,-0.2445,-0.2264,-0.2019,-0.3514,-0.2264
1951-08-01,-0.1940,-0.4210,0.1053,-0.0598,-0.1745,-0.1164,-0.0959,-0.1722,-0.1164
1951-09-01,-0.1893,-0.4511,0.1193,-0.0474,-0.1845,-0.1064,-0.1089,-0.1722,-0.1089
1951-10-01,-0.1851,-0.4397,0.1337,-0.0537,-0.1545,-0.0864,0.0151,-0.1172,-0.0864
1951-11-01,-0.1726,-0.5066,0.2219,-0.2507,-0.2445,-0.2464,-0.2409,-0.1725,-0.2445
1951-12-01,-0.1953,-0.5671,0.1948,-0.1050,-0.0845,-0.0564,-0.0659,-0.0208,-0.0659
1952-01-01,-0.1572,-0.5172,0.1031,-0.0791,-0.1245,-0.1064,-0.0739,-0.0366,-0.0791
1952-02-01,-0.1582,-0.5376,0.2081,-0.1056,-0.1245,-0.1064,-0.1459,-0.1213,-0.1213
1952-03-01,-0.1511,-0.4252,0.1793,-0.3364,-0.3145,-0.2764,-0.3069,-0.2754,-0.3069
1952-04-01,-0.1156,-0.3869,0.1266,-0.1296,-0.2045,-0.1464,-0.1679,-0.2818,-0.1679
1952-05-01,-0.1090,-0.3648,0.1460,-0.1503,-0.2645,-0.2264,-0.1469,-0.1845,-0.1845
1952-06-01,-0.1218,-0.3741,0.1037,-0.1524,-0.2645,-0.2464,-0.1539,-0.1982,-0.1982
1952-07-01,-0.1569,-0.3370,0.0949,-0.0830,-0.1945,-0.2064,-0.1249,-0.2251,-0.1945
1952-08-01,-0.1681,-0.3848,0.0562,-0.0745,-0.1845,-0.1964,-0.1159,-0.3709,-0.1845
1952-09-01,-0.1758,-0.3835,0.0827,-0.0816,-0.1645,-0.1764,-0.0909,-0.2920,-0.1645
1952-10-01,-0.2057,-0.4763,0.0340,-0.1936,-0.2345,-0.2164,-0.1389,-0.3272,-0.2164
1952-11-01,-0.2019,-0.5647,0.0840,-0.3009,-0.3645,-0.3064,-0.3259,-0.5040,-0.3259
1952-12-01,-0.2314,-0.6001,0.1239,-0.2128,-0.2545,-0.2164,-0.2069,-0.2584,-0.2164
1953-01-01,-0.1671,-0.4437,0.1875,-0.1794,-0.1645,-0.1364,-0.1869,-0.1790,-0.1790
1953-02-01,-0.1548,-0.5140,0.3111,-0.0749,-0.0845,-0.0464,-0.0539,-0.1285,-0.0749
1953-03-01,-0.1337,-0.4175,0.1441,-0.1568,-0.1245,-0.0864,-0.1609,-0.1848,-0.1568
1953-04-01,-0.1255,-0.3684,0.1420,0.0557,-0.0345,-0.0164,0.0421,-0.0781,-0.0164
1953-05-01,-0.1224,-0.4159,0.1628,-0.0190,-0.1145,-0.0764,0.0301,-0.0099,-0.0190
1953-06-01,-0.1114,-0.3415,0.0945,-0.0262,-0.1145,-0.1264,-0.0129,-0.1785,-0.1145
1953-07-01,-0.1446,-0.4706,0.0915,-0.1267,-0.2245,-0.2364,-0.1189,-0.1855,-0.1855
1953-08-01,-0.1470,-0.4325,0.0638,-0.0807,-0.1845,-0.2264,-0.1189,-0.2138,-0.1845
1953-09-01,-0.1536,-0.4148,0.0168,-0.0840,-0.1845,-0.2364,-0.1539,-0.3115,-0.1845
1953-10-01,-0.1841,-0.5288,0.0583,-0.0843,-0.1545,-0.1664,-0.0809,-0.2331,-0.1545
1953-11-01,-0.1976,-0.5779,0.1205,-0.1785,-0.2645,-0.2364,-0.2289,-0.2863,-0.2364
1953-12-01,-0.2063,-0.5288,0.0635,-0.1476,-0.1845,-0.1564,-0.0989,-0.1519,-0.1519
1954-01-01,-0.1959,-0.5142,0.1642,-0.4137,-0.4745,-0.3764,-0.4289,-0.4021,-0.4137
1954-02-01,-0.1944,-0.5850,0.2298,-0.2615,-0.3345,-0.2464,-0.2959,-0.3164,-0.2959
1954-03-01,-0.1263,-0.6065,0.2304,-0.3532,-0.3845,-0.3264,-0.3279,-0.2803,-0.3279
1954-04-01,-0.1280,-0.4438,0.2015,-0.2870,-0.3745,-0.3964,-0.3709,-0.3487,-0.3709
1954-05-01,-0.1125,-0.4587,0.2960,-0.3418,-0.4345,-0.3964,-0.3579,-0.2644,-0.3579
1954-06-01,-0.1104,-0.4459,0.3470,-0.3022,-0.4245,-0.3364,-0.2389,-0.3837,-0.3364
1954-07-01,-0.1542,-0.4770,0.1994,-0.3680,-0.4245,-0.3664,-0.3009,-0.4156,-0.3680
1954-08-01,-0.1555,-0.4093,0.1393,-0.2727,-0.4045,-0.3264,-0.3229,-0.4863,-0.3264
1954-09-01,-0.1788,-0.4768,0.1248,-0.2874,-0.3345,-0.3464,-0.3549,-0.5546,-0.3464
1954-10-01,-0.1883,-0.5766,0.1520,-0.1833,-0.2545,-0.2464,-0.1569,-0.4069,-0.2464
1954-11-01,-0.2191,-0.6347,0.1549,-0.0535,-0.1545,-0.1764,-0.1309,-0.2759,-0.1545
1954-12-01,-0.1927,-0.5992,0.1720,-0.3356,-0.4145,-0.3264,-0.3189,-0.3691,-0.3356
1955-01-01,-0.1766,-0.5203,0.2239,-0.0618,-0.1045,-0.0664,-0.1079,-0.1076,-0.1045
1955-02-01,-0.1673,-0.5664,0.2965,-0.3612,-0.3945,-0.4164,-0.4369,-0.4373,-0.4164
1955-03-01,-0.1909,-0.5105,0.1151,-0.5683,-0.5545,-0.4964,-0.5789,-0.5573,-0.5573
1955-04-01,-0.1453,-0.4830,0.0989,-0.4019,-0.4545,-0.4264,-0.4599,-0.4203,-0.4264
1955-05-01,-0.1408,-0.4828,0.0917,-0.4097,-0.4345,-0.4164,-0.4639,-0.3398,-0.4164
1955-06-01,-0.1333,-0.4202,0.1369,-0.3534,-0.3645,-0.3664,-0.3559,-0.3739,-0.3645
1955-07-01,-0.1461,-0.4223,0.1469,-0.3853,-0.3445,-0.3864,-0.3959,-0.4468,-0.3864
1955-08-01,-0.1725,-0.3917,0.0851,-0.2652,-0.2145,-0.1964,-0.0999,-0.2839,-0.2145
1955-09-01,-0.1731,-0.5208,0.0491,-0.3197,-0.3445,-0.3564,-0.3459,-0.3628,-0.3459
1955-10-01,-0.1975,-0.4717,0.1320,-0.2903,-0.2845,-0.3164,-0.2819,-0.3731,-0.2903
1955-11-01,-0.2161,-0.6350,0.0474,-0.4984,-0.4845,-0.5064,-0.5029,-0.5128,-0.5029
1955-12-01,-0.2212,-0.6938,0.0432,-0.5417,-0.5145,-0.5464,-0.5209,-0.5026,-0.5209
1956-01-01,-0.1831,-0.5076,0.0983,-0.4110,-0.3645,-0.3464,-0.3669,-0.2832,-0.3645
1956-02-01,-0.2101,-0.5860,0.1192,-0.4607,-0.4745,-0.3964,-0.4669,-0.4118,-0.4607
1956-03-01,-0.1641,-0.5318,0.1014,-0.5384,-0.4445,-0.3964,-0.5369,-0.3755,-0.4445
1956-04-01,-0.1442,-0.5049,0.1409,-0.4823,-0.5145,-0.4764,-0.5139,-0.4554,-0.4823
1956-05-01,-0.1485,-0.4646,0.1145,-0.5136,-0.5245,-0.4964,-0.5089,-0.4569,-0.5089
1956-06-01,-0.1395,-0.5404,0.0991,-0.4037,-0.3845,-0.4064,-0.4339,-0.4538,-0.4064
1956-07-01,-0.1700,-0.4759,0.1115,-0.3862,-0.3245,-0.3664,-0.3549,-0.4642,-0.3664
1956-08-01,-0.1813,-0.5383,0.1409,-0.4655,-0.4845,-0.5064,-0.5329,-0.5677,-0.5064
1956-09-01,-0.1994,-0.5300,0.1644,-0.4485,-0.4245,-0.4464,-0.4919,-0.6011,-0.4485
1956-10-01,-0.2211,-0.6041,0.1190,-0.4386,-0.4645,-0.4964,-0.4499,-0.6218,-0.4645
1956-11-01,-0.2546,-0.6135,0.1324,-0.3943,-0.3845,-0.3764,-0.4189,-0.4462,-0.3943
1956-12-01,-0.2298,-0.6307,0.1394,-0.3317,-0.2945,-0.2664,-0.2669,-0.3035,-0.2945
1957-01-01,-0.1355,-0.4429,0.1830,-0.3925,-0.3245,-0.2864,-0.3919,-0.3143,-0.3245
1957-02-01,-0.1816,-0.6825,0.1233,-0.3332,-0.2645,-0.3064,-0.3469,-0.3173,-0.3173
1957-03-01,-0.1701,-0.5349,0.1241,-0.3734,-0.2845,-0.3264,-0.3739,-0.3364,-0.3364
1957-04-01,-0.1221,-0.4004,0.2330,-0.2171,-0.2345,-0.2064,-0.2479,-0.2358,-0.2345
1957-05-01,-0.1370,-0.4399,0.1679,-0.1428,-0.1445,-0.1564,-0.1289,-0.1628,-0.1445
1957-06-01,-0.1116,-0.3867,0.1816,-0.1105,-0.0845,-0.1164,-0.0719,-0.1257,-0.1105
1957-07-01,-0.1468,-0.4053,0.1571,-0.2396,-0.2145,-0.1964,-0.2469,-0.2608,-0.2396
1957-08-01,-0.1705,-0.3975,0.0906,-0.1059,-0.0845,-0.1164,-0.1299,-0.2115,-0.1164
1957-09-01,-0.1720,-0.4368,0.0985,-0.1383,-0.1445,-0.1464,-0.2089,-0.2133,-0.1464
1957-10-01,-0.1902,-0.5242,0.1622,-0.1751,-0.2245,-0.1664,-0.1359,-0.1567,-0.1664
1957-11-01,-0.2434,-0.4863,0.0871,-0.1798,-0.1545,-0.1864,-0.1699,-0.1029,-0.1699
1957-12-01,-0.2160,-0.5260,0.2012,-0.1235,-0.0845,-0.1064,-0.1239,-0.0156,-0.1064
1958-01-01,-0.1621,-0.4829,0.1936,0.0814,0.1555,0.1136,0.0551,0.1778,0.1136
1958-02-01,-0.1401,-0.5121,0.1905,-0.0862,-0.0145,-0.0464,-0.0919,0.0102,-0.0464
1958-03-01,-0.1526,-0.4731,0.3028,-0.1683,-0.1445,-0.1064,-0.1599,-0.0671,-0.1445
1958-04-01,-0.1159,-0.3312,0.1990,-0.2430,-0.2145,-0.1864,-0.2459,-0.1150,-0.2145
1958-05-01,-0.1004,-0.3863,0.2363,-0.1609,-0.1745,-0.1564,-0.2109,-0.0469,-0.1609
1958-06-01,-0.1267,-0.4079,0.1550,-0.3312,-0.3245,-0.2364,-0.2989,-0.1947,-0.2989
1958-07-01,-0.1517,-0.3697,0.0942,-0.1948,-0.1845,-0.1664,-0.2189,-0.1694,-0.1845
1958-08-01,-0.1782,-0.4360,0.1146,-0.2570,-0.2845,-0.2364,-0.2749,-0.2616,-0.2616
1958-09-01,-0.1861,-0.4308,0.0692,-0.2879,-0.2645,-0.2864,-0.3379,-0.3351,-0.2879
1958-10-01,-0.1898,-0.4763,0.0654,-0.1928,-0.1945,-0.2264,-0.1909,-0.2589,-0.1945
1958-11-01,-0.1964,-0.5641,0.1246,-0.2114,-0.2145,-0.2464,-0.2219,-0.2250,-0.2219
1958-12-01,-0.2052,-0.5328,0.1204,-0.2561,-0.2245,-0.1464,-0.1909,-0.1650,-0.1909
1959-01-01,-0.1465,-0.4937,0.2484,-0.1571,-0.1545,-0.1264,-0.1959,-0.0357,-0.1545
1959-02-01,-0.1719,-0.5835,0.1902,-0.1802,-0.1645,-0.1364,-0.2499,-0.0838,-0.1645
1959-03-01,-0.1179,-0.4455,0.1582,-0.1547,-0.0545,-0.0264,-0.1429,0.0349,-0.0545
1959-04-01,-0.1305,-0.4412,0.2384,-0.1451,-0.0745,-0.0864,-0.1029,-0.0433,-0.0864
1959-05-01,-0.1217,-0.4484,0.2116,-0.2136,-0.1945,-0.1464,-0.2029,-0.1505,-0.1945
1959-06-01,-0.1134,-0.4389,0.1876,-0.1769,-0.2045,-0.1564,-0.1759,-0.1705,-0.1759
1959-07-01,-0.1315,-0.4351,0.0861,-0.2132,-0.2045,-0.1964,-0.1869,-0.2130,-0.2045
1959-08-01,-0.1375,-0.4324,0.1036,-0.2154,-0.2445,-0.1964,-0.2519,-0.2778,-0.2445
1959-09-01,-0.1399,-0.4108,0.1626,-0.3157,-0.2945,-0.2364,-0.3209,-0.3839,-0.3157
1959-10-01,-0.1526,-0.5294,0.1456,-0.2449,-0.3045,-0.2364,-0.2229,-0.2733,-0.2449
1959-11-01,-0.1806,-0.4728,0.1367,-0.3550,-0.3145,-0.2764,-0.3809,-0.3281,-0.3281
1959-12-01,-0.1719,-0.4626,0.1012,-0.2740,-0.2345,-0.1864,-0.2379,-0.1472,-0.2345
1960-01-01,-0.1165,-0.4804,0.2681,-0.2842,-0.2345,-0.2364,-0.2909,-0.0959,-0.2364
1960-02-01,-0.1157,-0.5502,0.2549,-0.1500,-0.1045,-0.0864,-0.1549,-0.0155,-0.1045
1960-03-01,-0.1053,-0.5343,0.1824,-0.6184,-0.5845,-0.4864,-0.5969,-0.4439,-0.5845
1960-04-01,-0.1229,-0.4887,0.1571,-0.4353,-0.3845,-0.3664,-0.4369,-0.3202,-0.3845
1960-05-01,-0.1017,-0.4137,0.1710,-0.3520,-0.3145,-0.3464,-0.3299,-0.2388,-0.3299
1960-06-01,-0.1011,-0.4210,0.1100,-0.2975,-0.2745,-0.2764,-0.2629,-0.2228,-0.2745
1960-07-01,-0.1281,-0.4266,0.1318,-0.2865,-0.2745,-0.2264,-0.2649,-0.2612,-0.2649
1960-08-01,-0.1466,-0.5204,0.0438,-0.1762,-0.2145,-0.2364,-0.1999,-0.2159,-0.2145
1960-09-01,-0.1564,-0.5052,0.0582,-0.1690,-0.1645,-0.1964,-0.2269,-0.3032,-0.1964
1960-10-01,-0.1764,-0.5039,0.0961,-0.2021,-0.1745,-0.2264,-0.2019,-0.2044,-0.2021
1960-11-01,-0.1789,-0.4632,0.0915,-0.3824,-0.3445,-0.3764,-0.4089,-0.3103,-0.3764
1960-12-01,-0.1672,-0.5953,0.1313,-0.0859,-0.0445,-0.0364,-0.0709,0.0092,-0.0445
1961-01-01,-0.0871,-0.5347,0.2581,-0.2114,-0.1645,-0.1464,-0.2069,-0.0453,-0.1645
1961-02-01,-0.0809,-0.4046,0.3119,-0.0694,-0.0445,-0.0764,-0.1149,-0.0067,-0.0694
1961-03-01,-0.0838,-0.4434,0.2904,-0.2234,-0.1445,-0.1464,-0.2379,-0.0959,-0.1464
1961-04-01,-0.0686,-0.4135,0.3136,-0.1012,-0.1045,-0.0964,-0.1089,-0.0932,-0.1012
1961-05-01,-0.0810,-0.5044,0.2830,-0.0925,-0.1145,-0.0964,-0.1009,-0.0487,-0.0964
1961-06-01,-0.0635,-0.4028,0.2752,-0.0742,-0.1245,-0.1164,-0.0829,-0.1170,-0.1164
1961-07-01,-0.1249,-0.4262,0.1717,-0.1995,-0.2245,-0.1864,-0.2149,-0.1762,-0.1995
1961-08-01,-0.1603,-0.4384,0.1026,-0.1768,-0.2245,-0.1964,-0.2039,-0.2330,-0.2039
1961-09-01,-0.1487,-0.3391,0.1643,-0.1931,-0.1545,-0.2064,-0.2409,-0.1956,-0.1956
1961-10-01,-0.1647,-0.3822,0.0659,-0.2289,-0.2345,-0.2364,-0.2169,-0.2145,-0.2289
1961-11-01,-0.1729,-0.4244,0.0562,-0.1934,-0.2045,-0.2064,-0.2329,-0.2033,-0.2045
1961-12-01,-0.1635,-0.5210,0.1779,-0.4156,-0.3945,-0.3564,-0.3819,-0.2767,-0.3819
1962-01-01,-0.1255,-0.5158,0.1710,-0.2168,-0.1845,-0.1864,-0.2209,-0.1186,-0.1864
1962-02-01,-0.1241,-0.5093,0.2691,-0.1457,-0.0845,-0.0764,-0.1439,-0.0472,-0.0845
1962-03-01,-0.0906,-0.3321,0.2406,-0.1408,-0.1345,-0.0964,-0.1449,-0.0909,-0.1345
1962-04-01,-0.0895,-0.3556,0.4135,-0.1826,-0.1845,-0.1764,-0.2249,-0.1664,-0.1826
1962-05-01,-0.0661,-0.3083,0.2040,-0.3393,-0.2945,-0.3064,-0.3939,-0.2486,-0.3064
1962-06-01,-0.1064,-0.3672,0.1056,-0.2158,-0.2045,-0.2564,-0.2799,-0.3087,-0.2564
1962-07-01,-0.1206,-0.4327,0.1059,-0.2735,-0.2145,-0.2564,-0.2919,-0.2255,-0.2564
1962-08-01,-0.1626,-0.4140,0.0884,-0.2736,-0.2445,-0.2764,-0.2919,-0.2851,-0.2764
1962-09-01,-0.1791,-0.4708,0.1136,-0.2361,-0.2345,-0.2764,-0.3169,-0.3258,-0.2764
1962-10-01,-0.2065,-0.4789,0.0530,-0.2038,-0.2245,-0.2164,-0.2479,-0.2428,-0.2245
1962-11-01,-0.2255,-0.5834,0.0687,-0.1839,-0.1745,-0.1264,-0.2329,-0.1958,-0.1839
1962-12-01,-0.2273,-0.5855,0.1121,-0.2905,-0.2645,-0.2364,-0.2679,-0.1773,-0.2645
1963-01-01,-0.2012,-0.5488,0.1077,-0.2800,-0.2645,-0.2564,-0.2929,-0.1777,-0.2645
1963-02-01,-0.1804,-0.5050,0.1002,-0.1209,-0.0545,-0.0664,-0.1429,-0.0553,-0.0664
1963-03-01,-0.1614,-0.4988,0.1332,-0.5038,-0.3745,-0.3564,-0.5169,-0.3804,-0.3804
1963-04-01,-0.1715,-0.4808,0.2419,-0.3405,-0.3045,-0.2864,-0.3589,-0.3100,-0.3100
1963-05-01,-0.2056,-0.4651,0.1081,-0.3072,-0.2945,-0.2564,-0.3429,-0.2408,-0.2945
1963-06-01,-0.2608,-0.5096,0.0062,-0.2252,-0.1845,-0.2364,-0.2529,-0.1733,-0.2252
1963-07-01,-0.2940,-0.5392,-0.0015,-0.0955,-0.1745,-0.1864,-0.1109,-0.1117,-0.1117
1963-08-01,-0.3093,-0.5573,-0.0301,-0.0076,-0.0145,-0.0964,0.0341,-0.0369,-0.0145
1963-09-01,-0.3252,-0.6562,-0.0772,-0.0326,-0.0645,-0.0864,-0.0729,-0.1268,-0.0729
1963-10-01,-0.3479,-0.6619,-0.0771,-0.0907,-0.0945,-0.1064,-0.0649,-0.1395,-0.0945
1963-11-01,-0.3869,-0.7430,-0.1087,-0.1081,-0.0845,-0.1464,-0.1029,-0.1025,-0.1029
1963-12-01,-0.4048,-0.8439,-0.1135,-0.2170,-0.2645,-0.1964,-0.1859,-0.1338,-0.1964
1964-01-01,-0.3632,-0.7206,-0.0274,-0.3494,-0.3245,-0.3064,-0.3439,-0.1643,-0.3245
1964-02-01,-0.3930,-0.7871,-0.0559,-0.3811,-0.3345,-0.3264,-0.3869,-0.2079,-0.3345
1964-03-01,-0.3425,-0.6041,-0.0726,-0.5413,-0.4445,-0.4464,-0.5739,-0.3762,-0.4464
1964-04-01,-0.3123,-0.6074,-0.0264,-0.5989,-0.5545,-0.5064,-0.6009,-0.4472,-0.5545
1964-05-01,-0.3067,-0.6024,-0.0498,-0.5320,-0.4845,-0.4564,-0.5369,-0.3279,-0.4845
1964-06-01,-0.3440,-0.5843,-0.0788,-0.3276,-0.2745,-0.3064,-0.2859,-0.2973,-0.2973
1964-07-01,-0.3568,-0.6144,-0.1665,-0.3619,-0.2745,-0.3464,-0.3099,-0.1874,-0.3099
1964-08-01,-0.3455,-0.5674,-0.1512,-0.4591,-0.4545,-0.4164,-0.4419,-0.3787,-0.4419
1964-09-01,-0.3886,-0.6748,-0.1768,-0.5642,-0.5345,-0.5364,-0.5659,-0.5759,-0.5642
1964-10-01,-0.3787,-0.6463,-0.1318,-0.4718,-0.5545,-0.5064,-0.5049,-0.6369,-0.5064
1964-11-01,-0.3543,-0.6513,-0.0927,-0.4559,-0.4445,-0.4964,-0.5099,-0.4707,-0.4707
1964-12-01,-0.3544,-0.5392,-0.0999,-0.5318,-0.5345,-0.4964,-0.5429,-0.4709,-0.5318
1965-01-01,-0.3034,-0.4780,0.0029,-0.3196,-0.3145,-0.3264,-0.3269,-0.2657,-0.3196
1965-02-01,-0.3231,-0.5602,0.0003,-0.4241,-0.4045,-0.4064,-0.4209,-0.3630,-0.4064
1965-03-01,-0.3016,-0.6513,-0.0240,-0.4172,-0.3645,-0.3764,-0.4369,-0.3147,-0.3764
1965-04-01,-0.3042,-0.6047,-0.0796,-0.4594,-0.4245,-0.4264,-0.4719,-0.3789,-0.4264
1965-05-01,-0.2891,-0.4796,-0.0301,-0.3510,-0.3545,-0.3364,-0.3559,-0.2508,-0.3510
1965-06-01,-0.3094,-0.5861,-0.0432,-0.3672,-0.3245,-0.3364,-0.3559,-0.3275,-0.3364
1965-07-01,-0.2911,-0.4641,-0.0710,-0.4265,-0.3745,-0.3564,-0.3789,-0.3171,-0.3745
1965-08-01,-0.3209,-0.5659,-0.1445,-0.3203,-0.2745,-0.3064,-0.3279,-0.3564,-0.3203
1965-09-01,-0.3510,-0.6134,-0.1522,-0.4049,-0.3845,-0.3364,-0.4369,-0.4019,-0.4019
1965-10-01,-0.3272,-0.6431,0.0002,-0.2631,-0.2845,-0.2364,-0.2259,-0.3154,-0.2631
1965-11-01,-0.3435,-0.5998,-0.1209,-0.3017,-0.2945,-0.2464,-0.3129,-0.2822,-0.2945
1965-12-01,-0.3071,-0.6264,-0.0204,-0.3037,-0.3145,-0.2664,-0.2769,-0.2154,-0.2769
1966-01-01,-0.2584,-0.6136,0.0493,-0.4406,-0.4245,-0.3964,-0.4139,-0.2665,-0.4139
1966-02-01,-0.2311,-0.6036,0.1423,-0.3212,-0.2745,-0.2864,-0.3099,-0.1910,-0.2864
1966-03-01,-0.2471,-0.5155,0.0713,-0.3299,-0.2045,-0.2764,-0.3169,-0.1599,-0.2764
1966-04-01,-0.2302,-0.4929,0.0665,-0.3298,-0.3645,-0.3264,-0.3159,-0.2722,-0.3264
1966-05-01,-0.2062,-0.4631,0.1553,-0.3738,-0.3545,-0.3164,-0.3679,-0.2415,-0.3545
1966-06-01,-0.2140,-0.4563,0.0783,-0.2604,-0.2245,-0.2164,-0.2229,-0.1653,-0.2229
1966-07-01,-0.2685,-0.5007,-0.0201,-0.1554,-0.1545,-0.1364,-0.1599,-0.0927,-0.1545
1966-08-01,-0.2740,-0.5262,-0.0350,-0.2574,-0.3245,-0.2664,-0.2869,-0.2636,-0.2664
1966-09-01,-0.3017,-0.5620,-0.0105,-0.2429,-0.2645,-0.2464,-0.2659,-0.2805,-0.2645
1966-10-01,-0.3561,-0.6406,-0.1360,-0.3923,-0.4045,-0.4064,-0.3809,-0.4159,-0.4045
1966-11-01,-0.3515,-0.6321,-0.1356,-0.2642,-0.2445,-0.2764,-0.2929,-0.2885,-0.2764
1966-12-01,-0.3612,-0.7118,-0.0243,-0.2980,-0.2545,-0.2764,-0.2739,-0.2132,-0.2739
1967-01-01,-0.3391,-0.7092,0.0608,-0.3790,-0.3045,-0.3664,-0.3579,-0.2616,-0.3579
1967-02-01,-0.3023,-0.7087,-0.0169,-0.4869,-0.4445,-0.4464,-0.5009,-0.4267,-0.4464
1967-03-01,-0.3017,-0.6096,0.0464,-0.2562,-0.1845,-0.1964,-0.2809,-0.1713,-0.1964
1967-04-01,-0.2743,-0.5553,-0.0535,-0.2939,-0.2845,-0.2564,-0.3009,-0.2315,-0.2845
1967-05-01,-0.2587,-0.5604,0.0266,-0.1017,-0.1145,-0.0664,-0.0979,-0.0400,-0.0979
1967-06-01,-0.2929,-0.6073,-0.0349,-0.2709,-0.3145,-0.2764,-0.2879,-0.2480,-0.2764
1967-07-01,-0.3096,-0.6064,-0.0036,-0.2283,-0.2145,-0.2564,-0.2349,-0.2119,-0.2283
1967-08-01,-0.3392,-0.5696,-0.0305,-0.2626,-0.2245,-0.2664,-0.2569,-0.2551,-0.2569
1967-09-01,-0.3643,-0.6640,-0.0652,-0.2867,-0.2945,-0.2364,-0.2969,-0.2614,-0.2867
1967-10-01,-0.3654,-0.6065,-0.1422,-0.1820,-0.1445,-0.1464,-0.1969,-0.1548,-0.1548
1967-11-01,-0.4095,-0.6492,-0.0704,-0.2834,-0.2845,-0.2964,-0.3559,-0.2609,-0.2845
1967-12-01,-0.3437,-0.6652,-0.0484,-0.3156,-0.2845,-0.2464,-0.3029,-0.1709,-0.2845
1968-01-01,-0.3246,-0.5860,-0.0388,-0.4796,-0.4945,-0.4264,-0.4899,-0.3686,-0.4796
1968-02-01,-0.2830,-0.5137,0.0727,-0.4211,-0.3745,-0.3864,-0.4409,-0.3137,-0.3864
1968-03-01,-0.2768,-0.5582,0.0018,-0.1588,-0.0345,-0.0764,-0.1689,-0.0649,-0.0764
1968-04-01,-0.2138,-0.5006,0.0502,-0.3376,-0.2945,-0.2864,-0.3579,-0.2630,-0.2945
1968-05-01,-0.2211,-0.4219,0.0127,-0.3828,-0.3745,-0.3164,-0.4039,-0.2652,-0.3745
1968-06-01,-0.1924,-0.4271,0.0909,-0.3087,-0.3245,-0.2564,-0.2849,-0.3394,-0.3087
1968-07-01,-0.2639,-0.5345,0.0020,-0.3541,-0.3645,-0.3264,-0.4089,-0.2777,-0.3541
1968-08-01,-0.2833,-0.4873,-0.0522,-0.2854,-0.3245,-0.2564,-0.3349,-0.3369,-0.3245
1968-09-01,-0.2915,-0.5392,-0.0722,-0.3814,-0.4245,-0.3364,-0.4139,-0.4220,-0.4139
1968-10-01,-0.2700,-0.5448,-0.0225,-0.1483,-0.1445,-0.1964,-0.1649,-0.1979,-0.1649
1968-11-01,-0.3195,-0.6016,-0.0783,-0.2920,-0.2845,-0.3564,-0.3459,-0.3059,-0.3059
1968-12-01,-0.3166,-0.6767,0.0165,-0.3469,-0.3745,-0.3564,-0.3459,-0.2954,-0.3469
1969-01-01,-0.2465,-0.5109,0.1328,-0.3168,-0.3445,-0.3264,-0.3459,-0.2292,-0.3264
1969-02-01,-0.2486,-0.5424,0.0468,-0.3528,-0.4145,-0.3264,-0.3959,-0.2893,-0.3528
1969-03-01,-0.2802,-0.7723,0.0575,-0.2883,-0.2245,-0.1964,-0.3149,-0.1560,-0.2245
1969-04-01,-0.2313,-0.5612,0.0159,-0.1077,-0.0645,-0.0864,-0.1379,-0.0370,-0.0864
1969-05-01,-0.2127,-0.4222,0.0359,-0.0927,-0.0545,-0.0464,-0.0849,0.0134,-0.0545
1969-06-01,-0.2306,-0.4628,-0.0343,-0.1507,-0.2045,-0.1464,-0.1559,-0.1316,-0.1507
1969-07-01,-0.2452,-0.4900,0.0469,-0.2645,-0.2745,-0.2364,-0.2829,-0.2104,-0.2645
1969-08-01,-0.2529,-0.5521,0.0255,-0.2274,-0.1945,-0.2064,-0.2349,-0.3424,-0.2274
1969-09-01,-0.2800,-0.5745,-0.0678,-0.1694,-0.1545,-0.1564,-0.1999,-0.2576,-0.1694
1969-10-01,-0.2922,-0.6562,-0.0938,-0.1562,-0.1445,-0.1164,-0.1359,-0.2452,-0.1445
1969-11-01,-0.2940,-0.6340,0.0060,-0.1350,-0.1145,-0.0964,-0.1619,-0.0732,-0.1145
1969-12-01,-0.2601,-0.5124,0.0581,0.0105,0.0055,0.0436,0.0021,0.0921,0.0105
1970-01-01,-0.2297,-0.5567,0.1224,-0.1461,-0.1545,-0.0864,-0.1479,-0.0263,-0.1461
1970-02-01,-0.2199,-0.5325,0.0302,-0.0975,-0.0145,-0.0564,-0.1209,0.0047,-0.0564
1970-03-01,-0.1925,-0.5013,0.0637,-0.2506,-0.1745,-0.1564,-0.2579,-0.1275,-0.1745
1970-04-01,-0.1792,-0.3627,0.0641,-0.2389,-0.1845,-0.1564,-0.2059,-0.0567,-0.1845
1970-05-01,-0.1748,-0.3452,0.0876,-0.3012,-0.2645,-0.2364,-0.2849,-0.1668,-0.2645
1970-06-01,-0.1714,-0.4302,0.0649,-0.2967,-0.2545,-0.2464,-0.2799,-0.1569,-0.2545
1970-07-01,-0.2036,-0.5312,0.0591,-0.2696,-0.2145,-0.2064,-0.2539,-0.2004,-0.2145
1970-08-01,-0.2349,-0.3719,0.0427,-0.3580,-0.3345,-0.3164,-0.3769,-0.3679,-0.3580
1970-09-01,-0.2191,-0.3998,-0.0164,-0.1898,-0.1145,-0.1864,-0.1899,-0.2926,-0.1898
1970-10-01,-0.2416,-0.4667,0.0125,-0.2187,-0.2045,-0.2864,-0.2229,-0.2757,-0.2229
1970-11-01,-0.2595,-0.5519,0.0199,-0.2200,-0.2145,-0.2264,-0.3169,-0.2483,-0.2264
1970-12-01,-0.2325,-0.6018,-0.0067,-0.3517,-0.3545,-0.3664,-0.3779,-0.2545,-0.3545
1971-01-01,-0.1930,-0.5772,0.1073,-0.3011,-0.2545,-0.3164,-0.3269,-0.1903,-0.3011
1971-02-01,-0.1378,-0.4674,0.1295,-0.4328,-0.3845,-0.4164,-0.4759,-0.3683,-0.4164
1971-03-01,-0.1658,-0.4672,0.0961,-0.4966,-0.4145,-0.3664,-0.4989,-0.3439,-0.4145
1971-04-01,-0.1413,-0.4315,0.0981,-0.3911,-0.3045,-0.3264,-0.3709,-0.2849,-0.3264
1971-05-01,-0.1316,-0.3630,0.0996,-0.3544,-0.2845,-0.2964,-0.3159,-0.3121,-0.3121
1971-06-01,-0.1593,-0.3625,0.0531,-0.4166,-0.3945,-0.3764,-0.3709,-0.3766,-0.3766
1971-07-01,-0.2126,-0.3594,-0.0101,-0.3410,-0.3145,-0.2964,-0.3779,-0.3875,-0.3410
1971-08-01,-0.2279,-0.4153,-0.0279,-0.3374,-0.2445,-0.2964,-0.3759,-0.3885,-0.3374
1971-09-01,-0.2618,-0.5940,-0.0348,-0.2813,-0.2845,-0.2164,-0.3089,-0.3593,-0.2845
1971-10-01,-0.2782,-0.5316,-0.0320,-0.3120,-0.2745,-0.3664,-0.3069,-0.4272,-0.3120
1971-11-01,-0.2919,-0.5176,0.0088,-0.3068,-0.3045,-0.3464,-0.3449,-0.3459,-0.3449
1971-12-01,-0.2363,-0.5321,0.0337,-0.3842,-0.3145,-0.3264,-0.3799,-0.2425,-0.3264
1972-01-01,-0.1950,-0.5940,0.1656,-0.5343,-0.4545,-0.4164,-0.5109,-0.3975,-0.4545
1972-02-01,-0.1935,-0.5217,0.0845,-0.4337,-0.4145,-0.3864,-0.4799,-0.4386,-0.4337
1972-03-01,-0.1748,-0.3816,0.1040,-0.2971,-0.2045,-0.1664,-0.2719,-0.2492,-0.2492
1972-04-01,-0.1515,-0.4237,0.0316,-0.2836,-0.2345,-0.2164,-0.2509,-0.1899,-0.2345
1972-05-01,-0.1638,-0.4014,0.0833,-0.2372,-0.2645,-0.2264,-0.2499,-0.1919,-0.2372
1972-06-01,-0.1819,-0.4130,0.0376,-0.1877,-0.1945,-0.1364,-0.1599,-0.0666,-0.1599
1972-07-01,-0.2076,-0.3802,-0.0077,-0.2472,-0.2245,-0.1764,-0.2449,-0.1008,-0.2245
1972-08-01,-0.2359,-0.4379,-0.0443,-0.0909,-0.0745,-0.0364,-0.0929,-0.1407,-0.0909
1972-09-01,-0.2658,-0.4399,-0.0830,-0.2061,-0.2145,-0.1664,-0.1989,-0.2285,-0.2061
1972-10-01,-0.2696,-0.5946,-0.0105,-0.2096,-0.1545,-0.1464,-0.1789,-0.1840,-0.1789
1972-11-01,-0.2966,-0.6524,0.0084,-0.2039,-0.2145,-0.2164,-0.2639,-0.2297,-0.2164
1972-12-01,-0.2441,-0.5533,0.1272,-0.0435,-0.0545,-0.0264,-0.0179,0.0051,-0.0264
1973-01-01,-0.2159,-0.5749,0.0868,-0.0541,0.0555,0.0336,-0.0129,0.1176,0.0336
1973-02-01,-0.1592,-0.4769,0.2253,0.0040,0.0855,0.0636,0.0021,0.1492,0.0636
1973-03-01,-0.1269,-0.4779,0.2095,-0.0404,0.0555,0.0236,-0.0689,0.0230,0.0230
1973-04-01,-0.1209,-0.3674,0.1663,0.0374,0.0355,0.0636,0.0021,0.0081,0.0355
1973-05-01,-0.1072,-0.3423,0.1190,-0.0480,-0.0045,-0.0164,-0.0209,0.0112,-0.0164
1973-06-01,-0.1227,-0.3242,0.0609,-0.0509,-0.0445,0.0036,-0.0159,-0.1097,-0.0445
1973-07-01,-0.1581,-0.3719,0.0187,-0.1348,-0.1045,-0.1164,-0.1209,-0.1355,-0.1209
1973-08-01,-0.1970,-0.4256,0.0026,-0.1784,-0.1845,-0.1764,-0.1859,-0.3080,-0.1845
1973-09-01,-0.1946,-0.3542,-0.0280,-0.1884,-0.1445,-0.1664,-0.2019,-0.2723,-0.1884
1973-10-01,-0.2129,-0.4097,-0.0232,-0.1419,-0.1345,-0.1764,-0.1759,-0.2783,-0.1759
1973-11-01,-0.2420,-0.5060,-0.0578,-0.1796,-0.1945,-0.2264,-0.2269,-0.2056,-0.2056
1973-12-01,-0.2174,-0.3982,-0.0441,-0.2839,-0.3045,-0.2464,-0.2659,-0.1621,-0.2659
1974-01-01,-0.1443,-0.3429,0.0281,-0.4357,-0.3345,-0.3364,-0.4229,-0.2683,-0.3364
1974-02-01,-0.1368,-0.3395,0.0546,-0.5985,-0.5045,-0.4964,-0.5689,-0.4734,-0.5045
1974-03-01,-0.1156,-0.3801,0.1226,-0.3911,-0.2845,-0.3064,-0.3949,-0.3267,-0.3267
1974-04-01,-0.0993,-0.2887,0.0730,-0.3537,-0.3545,-0.2964,-0.3729,-0.3351,-0.3537
1974-05-01,-0.0950,-0.2993,0.1452,-0.2819,-0.2745,-0.2264,-0.3069,-0.3548,-0.2819
1974-06-01,-0.1061,-0.3325,0.0645,-0.2689,-0.2845,-0.2464,-0.2589,-0.3737,-0.2689
1974-07-01,-0.1233,-0.3530,0.0990,-0.2872,-0.2645,-0.2364,-0.2999,-0.3839,-0.2872
1974-08-01,-0.1619,-0.3822,0.0544,-0.1280,-0.1345,-0.1364,-0.1129,-0.3051,-0.1345
1974-09-01,-0.1609,-0.4091,0.0630,-0.2420,-0.3145,-0.2864,-0.2929,-0.4735,-0.2929
1974-10-01,-0.1660,-0.3952,0.0437,-0.2629,-0.2945,-0.2864,-0.3089,-0.4672,-0.2945
1974-11-01,-0.1990,-0.4892,0.1195,-0.2744,-0.3145,-0.3464,-0.3479,-0.3926,-0.3464
1974-12-01,-0.2104,-0.4723,0.0625,-0.3626,-0.3145,-0.3564,-0.3509,-0.3192,-0.3509
1975-01-01,-0.1880,-0.4516,0.0753,-0.2462,-0.1345,-0.2164,-0.2569,-0.1689,-0.2164
1975-02-01,-0.1494,-0.4502,0.1149,-0.1722,-0.1545,-0.1664,-0.1819,-0.1807,-0.1722
1975-03-01,-0.1662,-0.4636,0.0476,-0.1613,-0.1045,-0.1164,-0.1709,-0.1431,-0.1431
1975-04-01,-0.1395,-0.3379,0.0764,-0.2001,-0.1945,-0.1764,-0.1839,-0.2170,-0.1945
1975-05-01,-0.1353,-0.3447,0.1613,-0.0964,-0.0745,-0.1264,-0.1089,-0.2505,-0.1089
1975-06-01,-0.1495,-0.4006,0.1050,-0.2099,-0.2445,-0.1864,-0.2299,-0.3491,-0.2299
1975-07-01,-0.1873,-0.4254,0.0643,-0.2541,-0.2445,-0.2364,-0.2549,-0.4129,-0.2541
1975-08-01,-0.1862,-0.4401,0.0427,-0.3818,-0.4045,-0.3664,-0.4119,-0.5223,-0.4045
1975-09-01,-0.2155,-0.4108,-0.0086,-0.2892,-0.2545,-0.2464,-0.2979,-0.5192,-0.2892
1975-10-01,-0.2305,-0.4683,-0.0322,-0.3016,-0.3445,-0.4064,-0.3549,-0.5631,-0.3549
1975-11-01,-0.2413,-0.4565,-0.0131,-0.4114,-0.4045,-0.4264,-0.4759,-0.4680,-0.4264
1975-12-01,-0.2257,-0.4487,0.0464,-0.3999,-0.4045,-0.3764,-0.3599,-0.3796,-0.3796
1976-01-01,-0.2222,-0.4839,0.0823,-0.3181,-0.2645,-0.2764,-0.3259,-0.2585,-0.2764
1976-02-01,-0.1961,-0.5007,0.0378,-0.3802,-0.2945,-0.3264,-0.4029,-0.4274,-0.3802
1976-03-01,-0.1696,-0.4105,-0.0225,-0.4848,-0.4445,-0.4164,-0.5409,-0.5457,-0.4848
1976-04-01,-0.1431,-0.3729,0.0631,-0.3328,-0.3045,-0.2664,-0.3679,-0.3976,-0.3328
1976-05-01,-0.1224,-0.2950,0.0226,-0.5094,-0.4345,-0.4164,-0.4989,-0.4966,-0.4966
1976-06-01,-0.1446,-0.3322,0.0394,-0.3850,-0.3545,-0.3064,-0.3449,-0.3976,-0.3545
1976-07-01,-0.1725,-0.3492,-0.0019,-0.3226,-0.3345,-0.2364,-0.2739,-0.3408,-0.3226
1976-08-01,-0.2130,-0.3885,-0.0428,-0.3913,-0.3545,-0.3064,-0.3459,-0.4375,-0.3545
1976-09-01,-0.1809,-0.3904,-0.0018,-0.3018,-0.2945,-0.2364,-0.2729,-0.3767,-0.2945
1976-10-01,-0.2127,-0.4535,0.0082,-0.4833,-0.4745,-0.4764,-0.4499,-0.6951,-0.4764
1976-11-01,-0.2235,-0.5908,0.0569,-0.2855,-0.2945,-0.3264,-0.3089,-0.4123,-0.3089
1976-12-01,-0.2175,-0.6090,0.0082,-0.1789,-0.1245,-0.1264,-0.1199,-0.2229,-0.1264
1977-01-01,-0.1209,-0.4361,0.1717,0.0033,-0.0545,-0.0464,-0.0109,-0.0645,-0.0464
1977-02-01,-0.1065,-0.4313,0.1842,-0.0453,-0.0045,-0.0664,-0.0559,-0.1070,-0.0559
1977-03-01,-0.0695,-0.3643,0.1717,-0.0736,0.0055,-0.0364,-0.0919,-0.1096,-0.0736
1977-04-01,-0.0832,-0.4420,0.1169,-0.0159,0.0255,-0.0064,-0.0189,-0.0848,-0.0159
1977-05-01,-0.0852,-0.3881,0.1066,0.0749,0.0955,0.0336,0.0641,-0.0353,0.0641
1977-06-01,-0.0838,-0.2739,0.0724,0.0568,0.0355,0.0436,0.0731,-0.0425,0.0436
1977-07-01,-0.1109,-0.2545,0.0424,-0.0098,-0.0345,-0.0064,0.0001,-0.1239,-0.0098
1977-08-01,-0.1419,-0.3152,0.0251,-0.0206,-0.0545,-0.0264,0.0271,-0.1509,-0.0264
1977-09-01,-0.1333,-0.2783,0.0135,-0.1536,-0.2145,-0.1364,-0.1439,-0.3249,-0.1536
1977-10-01,-0.1699,-0.3915,0.0112,-0.1683,-0.2045,-0.1664,-0.1229,-0.3517,-0.1683
1977-11-01,-0.1538,-0.4572,0.0279,-0.0313,-0.0745,-0.0364,-0.0499,-0.0759,-0.0499
1977-12-01,-0.1265,-0.4538,0.1307,-0.1915,-0.2045,-0.1464,-0.1569,-0.0980,-0.1569
1978-01-01,-0.1309,-0.4911,0.1585,-0.1163,-0.1745,-0.1264,-0.1759,-0.0824,-0.1264
1978-02-01,-0.0909,-0.3706,0.2262,-0.0786,-0.1345,-0.0964,-0.1109,-0.1043,-0.1043
1978-03-01,-0.0896,-0.3047,0.1263,-0.0927,-0.0445,-0.0364,-0.1199,-0.1054,-0.0927
1978-04-01,-0.0657,-0.2328,0.1842,-0.1001,-0.0645,-0.1064,-0.1149,-0.1274,-0.1064
1978-05-01,-0.0754,-0.2388,0.1180,-0.1386,-0.1445,-0.1364,-0.1039,-0.1121,-0.1364
1978-06-01,-0.0967,-0.2595,0.0791,-0.2069,-0.2445,-0.2064,-0.2129,-0.2799,-0.2129
1978-07-01,-0.0989,-0.2900,0.0893,-0.1383,-0.1945,-0.1264,-0.0989,-0.1721,-0.1383
1978-08-01,-0.1111,-0.2888,0.0234,-0.3703,-0.3745,-0.3064,-0.3869,-0.4061,-0.3745
1978-09-01,-0.1168,-0.2761,0.1399,-0.1158,-0.1745,-0.0964,-0.1479,-0.3641,-0.1479
1978-10-01,-0.1408,-0.3548,0.1769,-0.2129,-0.2045,-0.1964,-0.2069,-0.3308,-0.2069
1978-11-01,-0.1576,-0.3606,0.0251,-0.0597,-0.1045,-0.0564,-0.0999,-0.1197,-0.0999
1978-12-01,-0.1131,-0.3602,0.0921,-0.1416,-0.1545,-0.1264,-0.1259,-0.0711,-0.1264
1979-01-01,-0.1068,-0.3373,0.1921,-0.1034,-0.1545,-0.0864,-0.1309,0.0513,-0.1034
1979-02-01,-0.1124,-0.4825,0.2031,-0.3331,-0.3345,-0.2864,-0.3429,-0.2087,-0.3331
1979-03-01,-0.0632,-0.3936,0.2634,-0.0885,-0.0445,-0.0864,-0.1039,-0.0189,-0.0864
1979-04-01,-0.0535,-0.3194,0.1906,-0.0773,-0.0845,-0.1764,-0.1109,-0.0842,-0.0845
1979-05-01,-0.0391,-0.2111,0.2330,-0.1779,-0.1945,-0.1264,-0.1679,-0.0671,-0.1679
1979-06-01,-0.0426,-0.2579,0.1794,-0.1059,-0.0945,-0.0664,-0.1229,-0.0862,-0.0945
1979-07-01,-0.0914,-0.2939,0.1330,-0.1353,-0.1945,-0.1464,-0.1839,-0.1815,-0.1815
1979-08-01,-0.1130,-0.3690,0.1722,-0.0379,-0.0645,-0.0564,-0.0859,-0.0935,-0.0645
1979-09-01,-0.1167,-0.3489,0.1934,0.0187,0.0155,0.0136,-0.0139,-0.0557,0.0136
1979-10-01,-0.1306,-0.3441,0.0680,-0.0084,0.0255,0.0136,0.0351,0.0002,0.0136
1979-11-01,-0.1327,-0.4150,0.1664,0.0530,0.0455,0.0336,0.0171,0.0230,0.0336
1979-12-01,-0.0767,-0.3756,0.1350,0.2335,0.2355,0.2536,0.2591,0.3114,0.2536
1980-01-01,-0.0661,-0.3363,0.2323,0.0985,0.0655,0.0936,0.1101,0.1739,0.0985
1980-02-01,-0.0366,-0.2845,0.3073,0.2055,0.1555,0.1836,0.1791,0.2213,0.1836
1980-03-01,-0.0418,-0.3011,0.2568,0.0597,0.0555,0.0836,0.0821,0.1907,0.0821
1980-04-01,-0.0280,-0.2918,0.1659,0.0783,0.0655,0.0636,0.1361,0.2400,0.0783
1980-05-01,-0.0350,-0.2103,0.1762,0.0914,0.1155,0.1136,0.1251,0.2883,0.1155
1980-06-01,-0.0196,-0.1704,0.1563,-0.0254,-0.0345,0.0036,0.0001,0.0919,0.0001
1980-07-01,-0.0598,-0.2092,0.1043,0.0515,-0.0145,0.0336,0.0931,0.1068,0.0515
1980-08-01,-0.0816,-0.3066,0.1164,0.0100,-0.0545,0.0036,0.0561,0.0315,0.0100
1980-09-01,-0.0847,-0.2878,0.1012,-0.0290,-0.0345,-0.0364,-0.0159,-0.0472,-0.0345
1980-10-01,-0.0707,-0.3034,0.1507,-0.0606,-0.1045,-0.0764,-0.0679,-0.0910,-0.0764
1980-11-01,-0.0895,-0.3099,0.1619,0.0523,0.0655,0.0136,0.0131,-0.0220,0.0136
1980-12-01,-0.0539,-0.2879,0.1761,-0.0446,-0.0145,-0.0164,-0.0369,-0.0289,-0.0289
1981-01-01,-0.0121,-0.2659,0.2164,0.2909,0.2955,0.2736,0.2661,0.2993,0.2909
1981-02-01,0.0137,-0.2270,0.2703,0.1823,0.1855,0.1636,0.1401,0.2295,0.1823
1981-03-01,-0.0081,-0.2473,0.2906,0.1743,0.2455,0.2136,0.1671,0.3039,0.2136
1981-04-01,0.0326,-0.2298,0.3211,0.0423,0.0855,0.0636,0.0451,0.2110,0.0636
1981-05-01,0.0390,-0.1541,0.2028,-0.0088,0.0055,0.0236,-0.0049,0.1497,0.0055
1981-06-01,0.0186,-0.0872,0.1985,0.0891,0.0555,0.0436,0.1261,0.0964,0.0891
1981-07-01,0.0042,-0.1411,0.1291,0.1143,0.0955,0.0136,0.1081,0.0746,0.0955
1981-08-01,-0.0497,-0.2295,0.1071,0.1552,0.1155,0.0836,0.1451,0.0797,0.1155
1981-09-01,-0.0659,-0.2476,0.0748,-0.0146,-0.0845,-0.0464,-0.0119,-0.0155,-0.0155
1981-10-01,-0.0690,-0.2533,0.1271,-0.1000,-0.1145,-0.0264,-0.0529,-0.0541,-0.0541
1981-11-01,-0.0762,-0.3284,0.1205,0.0069,-0.0045,-0.0064,-0.0239,-0.0177,-0.0064
1981-12-01,-0.0547,-0.3092,0.2411,0.2103,0.1755,0.1836,0.2271,0.2087,0.2087
1982-01-01,-0.0453,-0.2916,0.1974,-0.1834,-0.1845,-0.1664,-0.1599,-0.1038,-0.1664
1982-02-01,-0.0033,-0.2372,0.1786,-0.0893,-0.0845,-0.0764,-0.1239,-0.0091,-0.0845
1982-03-01,0.0027,-0.2173,0.2161,-0.2923,-0.2045,-0.2164,-0.3149,-0.1697,-0.2164
1982-04-01,0.0160,-0.1481,0.1887,-0.1316,-0.0845,-0.1064,-0.1969,-0.1136,-0.1136
1982-05-01,-0.0035,-0.1758,0.1456,-0.0655,-0.0545,-0.0664,-0.0839,0.0076,-0.0655
1982-06-01,-0.0234,-0.2430,0.1682,-0.1566,-0.1745,-0.1564,-0.1069,-0.0744,-0.1564
1982-07-01,-0.0739,-0.3032,0.0994,-0.0791,-0.0945,-0.0564,-0.0609,-0.0219,-0.0609
1982-08-01,-0.0840,-0.2294,0.1388,-0.2005,-0.2045,-0.1564,-0.1619,-0.1379,-0.1619
1982-09-01,-0.1184,-0.3271,0.0939,-0.1403,-0.0945,-0.0864,-0.0979,-0.1450,-0.0979
1982-10-01,-0.1526,-0.4013,0.0551,-0.1134,-0.1045,-0.1064,-0.0699,-0.1553,-0.1064
1982-11-01,-0.1716,-0.3983,0.0743,-0.1258,-0.0545,-0.1164,-0.1419,-0.1134,-0.1164
1982-12-01,-0.1706,-0.4060,0.0271,0.1240,0.1955,0.1736,0.1541,0.2104,0.1736
1983-01-01,-0.1537,-0.4719,0.0731,0.2022,0.2955,0.2236,0.1871,0.3218,0.2236
1983-02-01,-0.1817,-0.4765,0.1578,0.1800,0.1955,0.2036,0.1541,0.2858,0.1955
1983-03-01,-0.1514,-0.4087,0.1445,0.0935,0.1855,0.1536,0.0901,0.2793,0.1536
1983-04-01,-0.1253,-0.4172,0.1326,0.0206,0.0455,0.0036,0.0311,0.1474,0.0311
1983-05-01,-0.1409,-0.3297,0.1441,0.0671,0.1055,0.1036,0.1281,0.2464,0.1055
1983-06-01,-0.1751,-0.4217,0.1183,0.0115,-0.0045,0.0136,0.0371,0.0798,0.0136
1983-07-01,-0.1900,-0.5157,0.0593,-0.0413,-0.0545,-0.0564,-0.0459,-0.0003,-0.0459
1983-08-01,-0.1956,-0.5029,0.0769,0.1283,0.1255,0.0836,0.1051,0.0661,0.1051
1983-09-01,-0.1722,-0.4004,0.0137,0.1712,0.1355,0.1336,0.1431,0.1236,0.1355
1983-10-01,-0.1886,-0.4395,-0.0002,-0.0401,-0.0645,-0.0364,-0.0589,-0.1106,-0.0589
1983-11-01,-0.2001,-0.4219,0.0261,0.0896,0.0655,0.0836,0.0401,0.0533,0.0655
1983-12-01,-0.1697,-0.3829,0.0785,-0.0598,-0.0645,-0.0264,-0.0419,0.0196,-0.0419
1984-01-01,-0.1144,-0.4654,0.1386,0.0008,0.0755,0.0336,-0.0149,0.0711,0.0336
1984-02-01,-0.1089,-0.3408,0.1080,-0.1338,-0.0945,-0.0664,-0.1389,-0.0878,-0.0945
1984-03-01,-0.0635,-0.3768,0.1862,-0.0065,0.0255,0.0236,-0.0089,0.0748,0.0236
1984-04-01,-0.0405,-0.3173,0.1515,-0.1430,-0.1745,-0.1364,-0.1239,-0.0448,-0.1364
1984-05-01,-0.0521,-0.2663,0.1286,0.0610,0.0955,0.0936,0.0951,0.1648,0.0951
1984-06-01,-0.0370,-0.1465,0.1353,-0.1905,-0.2145,-0.1464,-0.1769,-0.1602,-0.1769
1984-07-01,-0.0875,-0.2346,0.1077,-0.1296,-0.0445,-0.0964,-0.1529,-0.2156,-0.1296
1984-08-01,-0.1186,-0.3283,0.0598,-0.0603,-0.0445,-0.0564,-0.0509,-0.1225,-0.0564
1984-09-01,-0.1111,-0.2784,0.1069,-0.0283,-0.0245,-0.0364,-0.0289,-0.1655,-0.0289
1984-10-01,-0.1470,-0.3632,0.1125,-0.1148,-0.1045,-0.1164,-0.1019,-0.1573,-0.1148
1984-11-01,-0.1447,-0.3120,0.0869,-0.2120,-0.1745,-0.1964,-0.2289,-0.2453,-0.2120
1984-12-01,-0.1506,-0.4510,0.1503,-0.3133,-0.2745,-0.2464,-0.2889,-0.1598,-0.2745
1985-01-01,-0.1007,-0.4155,0.1769,-0.0361,-0.0145,0.0236,-0.0019,0.0506,-0.0019
1985-02-01,-0.0507,-0.3287,0.1876,-0.2537,-0.2745,-0.2164,-0.2839,-0.2157,-0.2537
1985-03-01,-0.0369,-0.2813,0.2160,-0.1113,-0.0645,-0.0364,-0.1279,-0.0632,-0.0645
1985-04-01,0.0040,-0.3590,0.2969,-0.1507,-0.1145,-0.1264,-0.1409,-0.0485,-0.1264
1985-05-01,-0.0123,-0.2171,0.2231,-0.0872,-0.0845,-0.0564,-0.0879,-0.0572,-0.0845
1985-06-01,-0.0015,-0.1936,0.1858,-0.0322,-0.0845,-0.0664,-0.0769,-0.1207,-0.0769
1985-07-01,-0.0550,-0.2172,0.1372,-0.1766,-0.1945,-0.2164,-0.2179,-0.2194,-0.2164
1985-08-01,-0.0627,-0.2493,0.1674,-0.0117,-0.0645,-0.0764,-0.0599,-0.0783,-0.0645
1985-09-01,-0.0689,-0.2864,0.1343,-0.0358,-0.1045,-0.0964,-0.1359,-0.2002,-0.1045
1985-10-01,-0.0899,-0.2903,0.1547,-0.1154,-0.1145,-0.1264,-0.0939,-0.2821,-0.1154
1985-11-01,-0.1062,-0.4059,0.1901,-0.1368,-0.1845,-0.1664,-0.1899,-0.1865,-0.1845
1985-12-01,-0.0901,-0.4557,0.2667,-0.0983,-0.0945,-0.0664,-0.0659,-0.1024,-0.0945
1986-01-01,-0.0356,-0.3418,0.4001,-0.0359,0.0255,0.0036,-0.0559,0.0406,0.0036
1986-02-01,-0.0409,-0.3398,0.2595,0.1537,0.1355,0.1436,0.1381,0.1007,0.1381
1986-03-01,-0.0130,-0.2839,0.2483,-0.0180,0.0655,0.0736,-0.0359,0.0548,0.0548
1986-04-01,-0.0040,-0.1904,0.3395,-0.0226,-0.0145,0.0036,0.1171,0.1242,0.0036
1986-05-01,0.0143,-0.2389,0.2982,-0.0121,-0.0245,0.0036,0.2191,0.1104,0.0036
1986-06-01,0.0052,-0.1737,0.1895,-0.1128,-0.1145,-0.0664,-0.1149,-0.1023,-0.1128
1986-07-01,-0.0288,-0.2089,0.1484,-0.1120,-0.1245,-0.0764,-0.1189,-0.1322,-0.1189
1986-08-01,-0.0499,-0.1612,0.1424,-0.0626,-0.0745,-0.0564,-0.0629,-0.1213,-0.0629
1986-09-01,-0.0383,-0.2100,0.1612,-0.1287,-0.2045,-0.1164,-0.1419,-0.2064,-0.1419
1986-10-01,-0.0495,-0.2748,0.1743,-0.1002,-0.0845,-0.0864,-0.0739,-0.2290,-0.0864
1986-11-01,-0.0612,-0.3002,0.2012,-0.1135,-0.1345,-0.1064,-0.1349,-0.0939,-0.1135
1986-12-01,-0.0476,-0.2877,0.1730,-0.1243,-0.1045,-0.0564,-0.0759,-0.0036,-0.0759
1987-01-01,0.0097,-0.2698,0.3705,0.0644,0.0855,0.0836,0.0541,0.1400,0.0836
1987-02-01,0.0104,-0.2945,0.2992,0.1645,0.1955,0.1336,0.1301,0.1898,0.1645
1987-03-01,0.0141,-0.2875,0.2471,-0.0502,-0.0545,-0.0464,-0.0959,-0.0138,-0.0502
1987-04-01,0.0050,-0.2178,0.3643,0.0355,0.0055,0.0236,-0.0179,0.0900,0.0236
1987-05-01,0.0365,-0.2173,0.2279,0.0114,0.0255,0.0536,-0.0039,0.1070,0.0255
1987-06-01,0.0379,-0.1590,0.2173,0.1110,0.1155,0.0936,0.1471,0.1544,0.1155
1987-07-01,0.0215,-0.1631,0.1975,0.1939,0.1655,0.2036,0.2271,0.2271,0.2036
1987-08-01,-0.0163,-0.1965,0.2102,0.0585,0.0155,0.0436,0.0851,0.0451,0.0451
1987-09-01,-0.0044,-0.1568,0.2233,0.1097,0.1155,0.1336,0.1221,0.0964,0.1155
1987-10-01,-0.0132,-0.2510,0.1965,0.1176,0.0955,0.0736,0.0731,0.0186,0.0736
1987-11-01,-0.0226,-0.2644,0.2234,0.0340,0.0555,-0.0064,-0.0199,0.0342,0.0340
1987-12-01,-0.0588,-0.4584,0.2318,0.2174,0.2255,0.1836,0.2371,0.3177,0.2255
1988-01-01,-0.0137,-0.2860,0.2816,0.3053,0.3355,0.2636,0.2431,0.3421,0.3053
1988-02-01,0.0367,-0.1746,0.3647,0.1790,0.2055,0.2036,0.1191,0.1366,0.1790
1988-03-01,0.0604,-0.2657,0.2857,0.2323,0.2755,0.2436,0.1681,0.2755,0.2436
1988-04-01,0.0774,-0.1452,0.3543,0.1733,0.1855,0.1736,0.1841,0.2353,0.1841
1988-05-01,0.0734,-0.1002,0.3095,0.1648,0.2055,0.1936,0.1591,0.2772,0.1936
1988-06-01,0.0582,-0.1341,0.2964,0.1801,0.1655,0.1736,0.1821,0.1889,0.1801
1988-07-01,0.0466,-0.1509,0.2446,0.1031,0.0955,0.0936,0.1021,0.1190,0.1021
1988-08-01,0.0298,-0.1465,0.2317,0.1051,0.1555,0.1336,0.1801,0.1494,0.1494
1988-09-01,0.0068,-0.1704,0.2149,0.1040,0.1355,0.1036,0.1401,0.1333,0.1333
1988-10-01,0.0160,-0.1725,0.2546,0.1027,0.1455,0.0736,0.1071,0.0132,0.1027
1988-11-01,0.0280,-0.1347,0.2435,-0.1248,-0.1145,-0.1164,-0.1409,-0.1616,-0.1248
1988-12-01,0.0555,-0.2357,0.3015,0.0224,0.0555,0.0236,0.0351,0.0739,0.0351
1989-01-01,0.0818,-0.1595,0.2819,-0.1783,-0.1145,-0.1564,-0.2239,-0.1229,-0.1564
1989-02-01,0.0867,-0.0950,0.3315,0.0858,0.0655,0.0636,0.0561,0.1422,0.0655
1989-03-01,0.1411,-0.0965,0.3846,0.0334,0.1255,0.0536,0.0031,0.1101,0.0536
1989-04-01,0.1381,-0.0307,0.3232,-0.0034,0.0555,0.0136,0.0241,0.1092,0.0241
1989-05-01,0.1684,-0.0246,0.5427,-0.1143,-0.0645,-0.0764,-0.1339,-0.0277,-0.0764
1989-06-01,0.1625,0.0374,0.4810,-0.0557,-0.0845,-0.0564,-0.0629,-0.0606,-0.0606
1989-07-01,0.1531,-0.0230,0.4927,0.1105,0.1155,0.0336,0.0811,0.0786,0.0811
1989-08-01,0.1083,-0.1062,0.3642,0.1022,0.0955,0.0436,0.0721,-0.0056,0.0721
1989-09-01,0.1343,-0.0113,0.3527,0.1448,0.1055,0.1036,0.0961,0.0376,0.1036
1989-10-01,0.1367,-0.0811,0.3086,0.1066,0.0555,0.0536,0.0881,-0.0101,0.0555
1989-11-01,0.1466,-0.0547,0.3539,-0.0394,-0.0345,-0.0964,-0.0809,-0.0826,-0.0809
1989-12-01,0.1371,-0.1282,0.3508,0.1301,0.1355,0.1536,0.1671,0.2036,0.1536
1990-01-01,0.2084,-0.0313,0.5085,0.1328,0.1755,0.1136,0.1351,0.2430,0.1351
1990-02-01,0.2412,-0.0173,0.5666,0.1264,0.2055,0.1336,0.1231,0.2041,0.1336
1990-03-01,0.2335,-0.0146,0.5814,0.4811,0.5655,0.4536,0.4531,0.5404,0.4811
1990-04-01,0.2454,0.0276,0.4818,0.3417,0.3255,0.3136,0.3361,0.3718,0.3361
1990-05-01,0.2499,0.0854,0.4283,0.2526,0.2255,0.2236,0.2631,0.3630,0.2526
1990-06-01,0.2587,0.0628,0.4995,0.1625,0.1355,0.1136,0.1571,0.1612,0.1571
1990-07-01,0.2276,-0.0125,0.5519,0.2263,0.2255,0.1336,0.2271,0.2381,0.2263
1990-08-01,0.2048,0.0052,0.4785,0.1266,0.1055,0.0836,0.1091,0.1499,0.1091
1990-09-01,0.2277,-0.0138,0.4584,0.0654,-0.0045,0.0636,0.0661,0.0900,0.0654
1990-10-01,0.2115,-0.0504,0.4879,0.2321,0.2155,0.1436,0.2171,0.2065,0.2155
1990-11-01,0.1685,-0.1008,0.4783,0.2046,0.2255,0.1336,0.1701,0.2870,0.2046
1990-12-01,0.2073,-0.0744,0.5849,0.1357,0.1655,0.1436,0.1731,0.2940,0.1655
1991-01-01,0.2668,-0.0015,0.5953,0.1502,0.1855,0.1536,0.1541,0.3074,0.1541
1991-02-01,0.2598,-0.1283,0.5582,0.2536,0.2655,0.2336,0.2371,0.3565,0.2536
1991-03-01,0.2447,-0.0077,0.6169,0.0944,0.1155,0.1136,0.0861,0.2147,0.1136
1991-04-01,0.2761,0.0504,0.6116,0.2860,0.2755,0.2536,0.2821,0.3014,0.2821
1991-05-01,0.2895,-0.0004,0.6171,0.1608,0.1055,0.1636,0.1741,0.2029,0.1636
1991-06-01,0.2529,0.0087,0.4664,0.2814,0.2955,0.2736,0.3141,0.3735,0.2955
1991-07-01,0.2245,0.0140,0.4685,0.3166,0.2455,0.2236,0.2841,0.2684,0.2684
1991-08-01,0.1494,-0.1173,0.2879,0.2142,0.1555,0.1436,0.2211,0.1761,0.1761
1991-09-01,0.1145,-0.0941,0.3302,0.2000,0.2055,0.1736,0.1911,0.1188,0.1911
1991-10-01,0.0394,-0.1198,0.2465,0.0982,0.0555,0.0736,0.1231,0.0164,0.0736
1991-11-01,0.0347,-0.1605,0.1806,0.1023,0.0655,0.0336,0.0731,0.0492,0.0655
1991-12-01,-0.0104,-0.2330,0.1773,0.0865,0.0855,0.0336,0.1221,0.1066,0.0865
1992-01-01,-0.0037,-0.2354,0.2233,0.2111,0.2355,0.1936,0.2241,0.2629,0.2241
1992-02-01,-0.0760,-0.3144,0.1440,0.1972,0.1655,0.1836,0.1671,0.2192,0.1836
1992-03-01,-0.0633,-0.2969,0.1495,0.1594,0.2455,0.2136,0.1821,0.2204,0.2136
1992-04-01,-0.0985,-0.2343,0.1301,0.0094,0.0355,0.0236,0.0401,0.0046,0.0236
1992-05-01,-0.1119,-0.3008,0.0588,0.0174,0.0755,0.0736,0.0561,0.0411,0.0561
1992-06-01,-0.1319,-0.3321,0.0605,0.0053,0.0255,0.0236,0.0621,0.0229,0.0236
1992-07-01,-0.1582,-0.3492,0.0096,-0.1436,-0.1445,-0.1264,-0.0919,-0.1455,-0.1436
1992-08-01,-0.1588,-0.3495,0.0261,-0.1117,-0.1545,-0.1364,-0.1089,-0.1724,-0.1364
1992-09-01,-0.1791,-0.3735,0.0376,-0.2428,-0.2445,-0.2164,-0.2409,-0.2885,-0.2428
1992-10-01,-0.2039,-0.4273,0.0224,-0.1753,-0.1645,-0.1764,-0.1549,-0.2367,-0.1753
1992-11-01,-0.1938,-0.3851,0.0599,-0.1869,-0.2045,-0.1864,-0.2299,-0.2104,-0.2045
1992-12-01,-0.1343,-0.3791,0.0973,-0.0566,-0.0145,-0.0564,-0.0229,-0.0197,-0.0229
1993-01-01,-0.0946,-0.3683,0.1274,0.1113,0.1055,0.0936,0.1171,0.1655,0.1113
1993-02-01,-0.0773,-0.3169,0.1390,0.1287,0.1355,0.1436,0.1551,0.1706,0.1436
1993-03-01,-0.0042,-0.2599,0.2274,0.0878,0.1255,0.1036,0.0801,0.1039,0.1036
1993-04-01,-0.0482,-0.2575,0.1617,0.0452,0.0455,0.0436,0.0541,0.0983,0.0455
1993-05-01,-0.0345,-0.2440,0.1597,0.0450,0.0455,0.0336,0.0531,0.0844,0.0455
1993-06-01,-0.0678,-0.2578,0.1296,0.0142,-0.0045,0.0336,0.0781,0.0431,0.0336
1993-07-01,-0.0799,-0.2538,0.1416,0.0096,0.0155,-0.0164,0.0351,-0.0343,0.0096
1993-08-01,-0.1010,-0.2890,0.0972,-0.0678,-0.1245,-0.0664,-0.0259,-0.0687,-0.0678
1993-09-01,-0.0807,-0.2591,0.1025,-0.1059,-0.1245,-0.0664,-0.0719,-0.1960,-0.1059
1993-10-01,-0.0831,-0.2948,0.1579,0.0016,-0.0045,0.0036,0.0341,-0.0654,0.0016
1993-11-01,-0.0478,-0.2778,0.2181,-0.0863,-0.2045,-0.1564,-0.1349,-0.1351,-0.1351
1993-12-01,-0.0799,-0.3334,0.1860,-0.0037,-0.0545,-0.0264,-0.0249,0.0908,-0.0249
1994-01-01,-0.0169,-0.3423,0.2714,0.0468,0.0255,-0.0064,0.0021,0.0775,0.0255
1994-02-01,0.0156,-0.2724,0.3198,-0.1428,-0.2145,-0.1964,-0.1809,-0.1572,-0.1809
1994-03-01,0.0657,-0.2467,0.3497,0.0880,0.0555,0.0636,0.0661,0.0491,0.0636
1994-04-01,0.0877,-0.1435,0.4007,0.1006,0.1755,0.1236,0.1411,0.1435,0.1411
1994-05-01,0.0989,-0.0924,0.3723,0.0522,0.0455,0.0836,0.0741,0.0311,0.0522
1994-06-01,0.0967,-0.0946,0.2726,0.1655,0.1955,0.1436,0.2011,0.0916,0.1655
1994-07-01,0.0848,-0.1178,0.3833,0.0314,0.0655,0.0536,0.0771,0.0410,0.0536
1994-08-01,0.0742,-0.0982,0.3058,0.0213,-0.0245,0.0136,0.0071,-0.0685,0.0071
1994-09-01,0.0563,-0.1542,0.2807,0.1189,0.0755,0.1036,0.1321,0.0818,0.1036
1994-10-01,0.0484,-0.1416,0.2253,0.1952,0.1855,0.1736,0.2331,0.0728,0.1855
1994-11-01,0.0491,-0.1636,0.3729,0.2027,0.2055,0.1636,0.1801,0.1580,0.1801
1994-12-01,0.0317,-0.1440,0.2248,0.0954,0.1555,0.1036,0.1341,0.1715,0.1341
1995-01-01,0.0605,-0.1494,0.3436,0.2649,0.2855,0.2536,0.2671,0.3441,0.2671
1995-02-01,0.0866,-0.1827,0.4215,0.4874,0.5555,0.4736,0.5041,0.5444,0.5041
1995-03-01,0.1161,-0.1457,0.3882,0.2050,0.2255,0.2336,0.2141,0.2318,0.2255
1995-04-01,0.1442,-0.0823,0.3725,0.2699,0.2355,0.2236,0.2711,0.3047,0.2699
1995-05-01,0.1169,-0.0711,0.3229,0.1120,0.0355,0.0836,0.1011,0.1445,0.1011
1995-06-01,0.1176,-0.0714,0.2646,0.2283,0.1955,0.2136,0.3081,0.2596,0.2283
1995-07-01,0.1064,-0.0412,0.2546,0.2915,0.2155,0.2536,0.3291,0.2118,0.2536
1995-08-01,0.1062,-0.0310,0.2879,0.2403,0.2155,0.2536,0.3031,0.2088,0.2403
1995-09-01,0.1218,-0.0645,0.2944,0.1283,0.0955,0.1436,0.1441,0.1200,0.1283
1995-10-01,0.1193,-0.0499,0.3355,0.2299,0.2255,0.1736,0.2981,0.1698,0.2255
1995-11-01,0.0723,-0.1567,0.2785,0.2209,0.2155,0.1836,0.2311,0.1832,0.2155
1995-12-01,0.1349,-0.1460,0.3664,0.0200,0.0255,0.0336,0.0781,0.1032,0.0336
1996-01-01,0.1466,-0.2459,0.4584,0.0646,0.0055,0.0236,0.0581,0.1137,0.0581
1996-02-01,0.1661,-0.1406,0.5057,0.3095,0.2255,0.2336,0.3061,0.2478,0.2478
1996-03-01,0.1919,-0.1336,0.4382,0.1352,0.0955,0.1336,0.1511,0.1572,0.1352
1996-04-01,0.2134,-0.0292,0.4636,0.0991,0.0955,0.0836,0.1371,0.0797,0.0955
1996-05-01,0.2088,-0.0079,0.4843,0.0869,0.0355,0.0836,0.0481,0.0125,0.0481
1996-06-01,0.2047,-0.0345,0.4004,0.0674,0.0255,0.0336,0.0481,0.0298,0.0336
1996-07-01,0.1984,0.0038,0.4014,0.1770,0.1255,0.1336,0.1641,0.1093,0.1336
1996-08-01,0.1854,-0.0485,0.4018,0.2051,0.2555,0.1736,0.2871,0.2042,0.2051
1996-09-01,0.2111,-0.0049,0.3923,0.0544,0.0155,0.0336,0.0381,-0.0071,0.0336
1996-10-01,0.2394,-0.0131,0.4809,-0.0240,-0.0145,-0.0364,-0.0069,-0.0755,-0.0240
1996-11-01,0.2167,-0.1234,0.4852,0.1621,0.1855,0.1336,0.1881,0.1879,0.1855
1996-12-01,0.2439,0.0174,0.5164,0.1686,0.1355,0.1036,0.2021,0.1976,0.1686
1997-01-01,0.2363,-0.0308,0.5779,0.0964,0.0855,0.0036,0.0801,0.1038,0.0855
1997-02-01,0.2776,-0.0195,0.5300,0.1448,0.1755,0.0936,0.1401,0.1648,0.1448
1997-03-01,0.2313,-0.0488,0.4270,0.2431,0.2855,0.2636,0.2791,0.2972,0.2791
1997-04-01,0.2386,0.0289,0.4525,0.2238,0.0955,0.1436,0.1801,0.0963,0.1436
1997-05-01,0.2725,0.0356,0.4636,0.1651,0.1055,0.1436,0.1491,0.1271,0.1436
1997-06-01,0.2800,0.0986,0.5203,0.3405,0.3155,0.3236,0.3641,0.2656,0.3236
1997-07-01,0.2717,0.0872,0.5135,0.1968,0.1055,0.1536,0.1811,0.1436,0.1536
1997-08-01,0.2723,0.0624,0.4845,0.2572,0.1755,0.2136,0.2221,0.1817,0.2136
1997-09-01,0.2680,0.0644,0.5483,0.3160,0.2855,0.3436,0.3141,0.2560,0.3141
1997-10-01,0.2428,0.0957,0.4864,0.4202,0.3755,0.3736,0.4521,0.3118,0.3755
1997-11-01,0.2147,-0.0089,0.4533,0.4618,0.4055,0.3636,0.4531,0.3891,0.4055
1997-12-01,0.2100,-0.0613,0.4844,0.3706,0.3555,0.3136,0.4041,0.3958,0.3706
1998-01-01,0.2625,0.0278,0.5081,0.4129,0.3455,0.3236,0.3511,0.4252,0.3511
1998-02-01,0.2093,-0.1744,0.6224,0.6487,0.6455,0.5436,0.5941,0.6333,0.6333
1998-03-01,0.2635,-0.0548,0.4889,0.4377,0.3955,0.3636,0.3801,0.4322,0.3955
1998-04-01,0.2897,-0.0015,0.5662,0.4991,0.3955,0.4536,0.4941,0.5450,0.4941
1998-05-01,0.2734,-0.0856,0.6388,0.4867,0.4455,0.4236,0.4971,0.5579,0.4867
1998-06-01,0.2912,-0.0036,0.6110,0.5171,0.5355,0.4436,0.5411,0.5289,0.5289
1998-07-01,0.2819,0.0013,0.6188,0.5099,0.4255,0.4336,0.5191,0.4374,0.4374
1998-08-01,0.2704,-0.0656,0.5290,0.5003,0.4155,0.4536,0.5241,0.4572,0.4572
1998-09-01,0.2716,-0.0131,0.5178,0.2831,0.1855,0.2336,0.2371,0.2679,0.2371
1998-10-01,0.2495,-0.0505,0.4996,0.2632,0.1855,0.1736,0.2221,0.1870,0.1870
1998-11-01,0.2342,-0.1016,0.5533,0.2290,0.1955,0.1736,0.2071,0.1684,0.1955
1998-12-01,0.2432,-0.1068,0.5608,0.3331,0.3155,0.3136,0.3601,0.3562,0.3331
1999-01-01,0.2750,-0.0227,0.5582,0.2364,0.2455,0.1636,0.2171,0.2463,0.2364
1999-02-01,0.2359,-0.1285,0.4732,0.4522,0.4055,0.3936,0.4151,0.4312,0.4151
1999-03-01,0.2857,-0.1504,0.5679,0.1067,0.0955,0.1036,0.0881,0.0768,0.0955
1999-04-01,0.2940,-0.1330,0.5606,0.1196,0.0855,0.1036,0.1211,0.1207,0.1196
1999-05-01,0.2970,-0.1360,0.5509,0.0946,0.0255,0.0636,0.0731,0.0824,0.0731
1999-06-01,0.3211,-0.0202,0.5616,0.1740,0.1255,0.1436,0.1961,0.1135,0.1436
1999-07-01,0.3150,-0.0410,0.5931,0.1607,0.1455,0.1236,0.1561,0.1136,0.1455
1999-08-01,0.3285,-0.0297,0.6105,0.1520,0.0755,0.1236,0.1321,0.0782,0.1236
1999-09-01,0.3058,0.0284,0.5322,0.1242,0.1555,0.1836,0.1801,0.1200,0.1555
1999-10-01,0.3140,-0.0236,0.5905,0.1557,0.1055,0.0936,0.1661,0.0633,0.1055
1999-11-01,0.3093,0.0304,0.5317,0.1325,0.1355,0.1336,0.1371,0.1043,0.1336
1999-12-01,0.2926,0.0177,0.5704,0.1622,0.1755,0.1936,0.2091,0.2200,0.1936
2000-01-01,0.3080,-0.0551,0.5976,0.0277,0.0155,0.0536,0.0321,0.0836,0.0321
2000-02-01,0.3577,-0.0156,0.6548,0.3462,0.3255,0.2836,0.2951,0.3335,0.3255
2000-03-01,0.3466,-0.0065,0.5752,0.2940,0.3155,0.2636,0.2591,0.2491,0.2636
2000-04-01,0.3492,-0.0008,0.5660,0.3841,0.3255,0.3336,0.3251,0.3415,0.3336
2000-05-01,0.3563,-0.0088,0.6110,0.1535,0.1155,0.1136,0.1081,0.1590,0.1155
2000-06-01,0.3537,0.0140,0.6530,0.1986,0.1655,0.1536,0.1801,0.1017,0.1655
2000-07-01,0.3478,0.0588,0.6097,0.1800,0.1555,0.1536,0.1471,0.0779,0.1536
2000-08-01,0.3588,0.1195,0.5910,0.2279,0.1855,0.1836,0.2271,0.1408,0.1855
2000-09-01,0.3685,0.0231,0.6189,0.1612,0.1555,0.1936,0.2091,0.0818,0.1612
2000-10-01,0.3443,-0.0051,0.6316,0.0433,0.0355,0.0436,0.0781,-0.0310,0.0433
2000-11-01,0.3620,0.0692,0.6923,0.0944,0.0655,0.0536,0.0951,0.0608,0.0655
2000-12-01,0.3504,0.0018,0.7359,0.0502,0.0455,0.0236,0.0801,0.1013,0.0502
2001-01-01,0.3745,0.0261,0.6869,0.2133,0.2155,0.1836,0.2191,0.2434,0.2155
2001-02-01,0.4273,0.1350,0.7942,0.2398,0.2055,0.1736,0.1961,0.1964,0.1964
2001-03-01,0.4370,0.1396,0.7922,0.3684,0.3255,0.2936,0.3161,0.3084,0.3161
2001-04-01,0.3990,-0.0389,0.7123,0.2994,0.2655,0.2536,0.3081,0.2708,0.2708
2001-05-01,0.4187,0.0344,0.6913,0.3389,0.3355,0.3036,0.3261,0.3338,0.3338
2001-06-01,0.4107,0.0385,0.6820,0.2963,0.2855,0.2736,0.3201,0.2347,0.2855
2001-07-01,0.4291,0.2136,0.7776,0.3617,0.3555,0.3236,0.3581,0.2952,0.3555
2001-08-01,0.4215,0.1978,0.7119,0.3527,0.2355,0.2736,0.3121,0.2648,0.2736
2001-09-01,0.4039,0.1609,0.7343,0.3422,0.2855,0.2936,0.3151,0.2424,0.2936
2001-10-01,0.4147,0.1056,0.7114,0.3148,0.2655,0.2236,0.3131,0.2587,0.2655
2001-11-01,0.4429,0.1696,0.7633,0.5392,0.4855,0.4136,0.4721,0.5070,0.4855
2001-12-01,0.4377,0.0966,0.8544,0.3882,0.3255,0.3336,0.4111,0.4737,0.3882
2002-01-01,0.4696,0.1344,0.7690,0.4949,0.5355,0.4236,0.4761,0.5684,0.4949
2002-02-01,0.4672,0.1366,0.9076,0.4895,0.5555,0.4036,0.4281,0.4711,0.4711
2002-03-01,0.4679,0.1595,0.8750,0.6425,0.6455,0.5636,0.6241,0.6586,0.6425
2002-04-01,0.4749,0.1601,0.8757,0.4127,0.3455,0.2736,0.3701,0.3606,0.3606
2002-05-01,0.4508,0.1684,0.7984,0.3519,0.4055,0.3636,0.4191,0.4596,0.4055
2002-06-01,0.4298,0.1477,0.7927,0.2971,0.2955,0.2936,0.3741,0.3688,0.2971
2002-07-01,0.4350,0.1618,0.7622,0.4209,0.3755,0.3636,0.4081,0.3495,0.3755
2002-08-01,0.4132,0.1386,0.7283,0.3492,0.2955,0.2936,0.3261,0.2692,0.2955
2002-09-01,0.4124,0.1471,0.6988,0.3515,0.4055,0.3136,0.4051,0.3258,0.3515
2002-10-01,0.4113,0.1583,0.7567,0.3496,0.3055,0.3036,0.3731,0.2837,0.3055
2002-11-01,0.4088,0.1325,0.7011,0.3409,0.3555,0.3036,0.3551,0.3527,0.3527
2002-12-01,0.4612,0.2365,0.8756,0.1941,0.2055,0.2336,0.3001,0.3214,0.2336
2003-01-01,0.5003,0.2637,0.7850,0.5049,0.5155,0.4236,0.5091,0.5797,0.5091
2003-02-01,0.4930,0.2931,0.7161,0.3379,0.3455,0.3436,0.3221,0.3916,0.3436
2003-03-01,0.4507,0.2141,0.6365,0.3317,0.3655,0.3136,0.3001,0.3015,0.3136
2003-04-01,0.4688,0.2283,0.7221,0.3214,0.3155,0.3036,0.3181,0.3041,0.3155
2003-05-01,0.4630,0.2549,0.7261,0.3701,0.3655,0.3136,0.3641,0.3659,0.3655
2003-06-01,0.4646,0.2047,0.7966,0.2738,0.2455,0.2236,0.2501,0.2069,0.2455
2003-07-01,0.4808,0.2298,0.7350,0.3356,0.3455,0.2936,0.3201,0.2684,0.3201
2003-08-01,0.4770,0.2954,0.6656,0.4645,0.3955,0.3636,0.4441,0.3616,0.3955
2003-09-01,0.4800,0.2601,0.7300,0.4224,0.3855,0.3936,0.4631,0.3943,0.3943
2003-10-01,0.4798,0.2703,0.7462,0.5059,0.4855,0.4636,0.5401,0.4688,0.4855
2003-11-01,0.4902,0.1824,0.6687,0.3434,0.2955,0.2936,0.3261,0.3701,0.3261
2003-12-01,0.4813,0.2523,0.8072,0.5036,0.5155,0.4636,0.5371,0.6209,0.5155
2004-01-01,0.4950,0.1757,0.7738,0.3554,0.3455,0.3436,0.3641,0.4314,0.3554
2004-02-01,0.5164,0.2289,0.7341,0.4840,0.4955,0.4236,0.4621,0.4969,0.4840
2004-03-01,0.4755,0.1699,0.7180,0.3759,0.3955,0.3936,0.3621,0.4564,0.3936
2004-04-01,0.5055,0.2154,0.6927,0.3719,0.3755,0.3336,0.3881,0.4098,0.3755
2004-05-01,0.5260,0.2477,0.7759,0.2019,0.1355,0.1336,0.1311,0.1693,0.1355
2004-06-01,0.5306,0.3468,0.7481,0.1625,0.2055,0.1636,0.2161,0.2523,0.2055
2004-07-01,0.5180,0.2459,0.7692,0.0917,0.0255,0.0936,0.0871,0.0398,0.0871
2004-08-01,0.4969,0.2188,0.8099,0.3123,0.2055,0.2236,0.2451,0.1541,0.2236
2004-09-01,0.4950,0.2988,0.6960,0.3133,0.2655,0.2836,0.3281,0.2806,0.2836
2004-10-01,0.4991,0.3397,0.7174,0.3706,0.3755,0.3536,0.4041,0.3714,0.3714
2004-11-01,0.5000,0.2011,0.7437,0.4989,0.4955,0.4236,0.4571,0.4786,0.4786
2004-12-01,0.4711,0.2001,0.7827,0.2625,0.2755,0.2636,0.2801,0.3479,0.2755
2005-01-01,0.5237,0.2334,0.8401,0.4968,0.5155,0.5136,0.4981,0.6207,0.5136
2005-02-01,0.5305,0.1535,0.8399,0.3813,0.3655,0.3636,0.4091,0.4851,0.3813
2005-03-01,0.5427,0.1863,0.8733,0.4938,0.5055,0.4736,0.5041,0.5561,0.5041
2005-04-01,0.5171,0.2619,0.8666,0.4787,0.4355,0.4136,0.4631,0.4947,0.4631
2005-05-01,0.5026,0.2780,0.7928,0.4022,0.3955,0.3736,0.4201,0.4492,0.4022
2005-06-01,0.5077,0.2613,0.7474,0.4199,0.4155,0.3936,0.4711,0.4221,0.4199
2005-07-01,0.4832,0.2232,0.7407,0.4074,0.3755,0.3436,0.4331,0.4009,0.4009
2005-08-01,0.4959,0.3047,0.7738,0.4362,0.3555,0.3236,0.4251,0.3454,0.3555
2005-09-01,0.4804,0.2794,0.6918,0.4837,0.4855,0.4236,0.4921,0.4502,0.4837
2005-10-01,0.4828,0.2691,0.7371,0.5332,0.5255,0.4536,0.6001,0.5364,0.5332
2005-11-01,0.4820,0.2540,0.7155,0.4898,0.5055,0.4836,0.5181,0.5389,0.5055
2005-12-01,0.4985,0.2049,0.7895,0.4477,0.4455,0.4536,0.5171,0.5447,0.4536
2006-01-01,0.5095,0.2272,0.8138,0.3500,0.3255,0.3336,0.3691,0.4294,0.3500
2006-02-01,0.5303,0.1574,0.9773,0.4912,0.5055,0.4936,0.5301,0.5685,0.5055
2006-03-01,0.5048,0.1586,0.8012,0.3878,0.3955,0.3936,0.4101,0.4562,0.3955
2006-04-01,0.4860,0.2802,0.7132,0.3323,0.2355,0.2836,0.3111,0.3543,0.3111
2006-05-01,0.4978,0.2652,0.7443,0.3204,0.2455,0.2836,0.2851,0.3080,0.2851
2006-06-01,0.4744,0.2221,0.6892,0.4246,0.4355,0.3636,0.4511,0.4268,0.4268
2006-07-01,0.4487,0.1832,0.6950,0.3301,0.3055,0.2936,0.3281,0.3189,0.3189
2006-08-01,0.4673,0.2209,0.7082,0.4846,0.4855,0.4236,0.4901,0.3867,0.4846
2006-09-01,0.4693,0.2227,0.7512,0.3982,0.4255,0.3936,0.4061,0.3688,0.3982
2006-10-01,0.4718,0.1438,0.8123,0.4631,0.4755,0.4136,0.4921,0.5026,0.4755
2006-11-01,0.4758,0.1636,0.7871,0.5091,0.5055,0.4036,0.4711,0.5085,0.5055
2006-12-01,0.4604,0.0638,0.7633,0.5628,0.5555,0.5136,0.5881,0.6389,0.5628
2007-01-01,0.4818,0.0350,0.9385,0.7444,0.7755,0.6336,0.7081,0.8364,0.7444
2007-02-01,0.5010,0.1661,0.8457,0.4859,0.4655,0.4336,0.4931,0.5671,0.4859
2007-03-01,0.4847,0.1421,0.7767,0.4394,0.4855,0.4136,0.4201,0.4682,0.4394
2007-04-01,0.4820,0.1975,0.7816,0.5749,0.5355,0.5136,0.5801,0.5979,0.5749
2007-05-01,0.5090,0.2297,0.7856,0.4272,0.4555,0.3736,0.4251,0.4635,0.4272
2007-06-01,0.4911,0.1778,0.7807,0.3509,0.3755,0.3136,0.3741,0.3219,0.3509
2007-07-01,0.5016,0.1862,0.7754,0.4143,0.3655,0.3336,0.4101,0.3220,0.3655
2007-08-01,0.5139,0.1933,0.7605,0.4329,0.3655,0.3036,0.3391,0.2969,0.3391
2007-09-01,0.4991,0.2214,0.7152,0.3595,0.3655,0.3336,0.2961,0.2307,0.3336
2007-10-01,0.5150,0.2260,0.7878,0.4070,0.3555,0.3336,0.4171,0.3506,0.3555
2007-11-01,0.5623,0.2233,0.8714,0.3829,0.3555,0.2936,0.3361,0.3687,0.3555
2007-12-01,0.5672,0.2180,0.8615,0.2650,0.2655,0.2136,0.2651,0.3544,0.2651
2008-01-01,0.5959,0.2489,0.9036,0.0597,0.0655,0.0036,0.0161,0.1452,0.0597
2008-02-01,0.5715,0.2811,0.9531,0.1168,0.1455,0.0636,0.0741,0.1492,0.1168
2008-03-01,0.5574,0.2276,0.8893,0.4604,0.5155,0.4436,0.4001,0.4864,0.4604
2008-04-01,0.5703,0.2122,0.8641,0.2974,0.3055,0.2436,0.2931,0.2975,0.2974
2008-05-01,0.5329,0.1242,0.9208,0.2825,0.2655,0.2536,0.2781,0.2746,0.2746
2008-06-01,0.5416,0.1312,0.8942,0.2320,0.2655,0.2136,0.2541,0.1473,0.2320
2008-07-01,0.5461,0.2124,0.9130,0.3860,0.3655,0.3236,0.3721,0.2921,0.3655
2008-08-01,0.5408,0.1284,0.8791,0.3059,0.2055,0.2736,0.3121,0.2367,0.2736
2008-09-01,0.5699,0.2734,0.8495,0.3986,0.3655,0.3336,0.3611,0.2906,0.3611
2008-10-01,0.5482,0.2994,0.7999,0.4433,0.4355,0.4136,0.4551,0.4019,0.4355
2008-11-01,0.5419,0.2632,0.8628,0.4724,0.4555,0.4236,0.4311,0.4589,0.4555
2008-12-01,0.5446,0.2786,0.8451,0.3157,0.3055,0.3336,0.3271,0.3997,0.3271
2009-01-01,0.5705,0.2415,0.8299,0.4363,0.4155,0.4136,0.4311,0.5329,0.4311
2009-02-01,0.5463,0.2487,0.8868,0.3147,0.2955,0.2836,0.3211,0.4443,0.3147
2009-03-01,0.5354,0.1320,0.9974,0.2939,0.3055,0.2736,0.2371,0.3464,0.2939
2009-04-01,0.5488,0.2523,0.8524,0.3751,0.3755,0.3036,0.3431,0.3641,0.3641
2009-05-01,0.5596,0.3344,0.8949,0.4012,0.4155,0.3536,0.3721,0.3756,0.3756
2009-06-01,0.5682,0.3385,0.8565,0.4751,0.4055,0.4136,0.4681,0.3500,0.4136
2009-07-01,0.5585,0.2843,0.8594,0.5314,0.5055,0.4636,0.5531,0.4533,0.5055
2009-08-01,0.5664,0.3151,0.8296,0.4729,0.4455,0.4336,0.4691,0.3609,0.4455
2009-09-01,0.5588,0.3675,0.8605,0.5303,0.4855,0.4936,0.4681,0.4243,0.4855
2009-10-01,0.5602,0.2638,0.8862,0.4711,0.4155,0.4236,0.4831,0.4447,0.4447
2009-11-01,0.5517,0.2634,0.9318,0.5481,0.5655,0.4836,0.5371,0.5483,0.5481
2009-12-01,0.5507,0.2769,0.9674,0.4852,0.4355,0.4336,0.5041,0.5116,0.4852
2010-01-01,0.5706,0.2715,1.0282,0.5619,0.5155,0.4836,0.5511,0.6669,0.5511
2010-02-01,0.5630,0.1030,1.0124,0.6355,0.6055,0.5636,0.6261,0.7012,0.6261
2010-03-01,0.5934,0.3269,1.0326,0.7094,0.6855,0.6336,0.6351,0.7365,0.6855
2010-04-01,0.6040,0.3331,0.9936,0.6785,0.6155,0.6036,0.6671,0.6766,0.6671
2010-05-01,0.5923,0.3443,0.9940,0.5633,0.5155,0.5036,0.5231,0.5779,0.5231
2010-06-01,0.5820,0.3114,0.9224,0.4979,0.4355,0.4236,0.4671,0.4322,0.4355
2010-07-01,0.5757,0.2452,0.8946,0.4665,0.3955,0.3936,0.4201,0.3676,0.3955
2010-08-01,0.5990,0.2955,0.9624,0.4632,0.4255,0.3736,0.4641,0.3619,0.4255
2010-09-01,0.5980,0.3871,0.9609,0.4139,0.3955,0.3836,0.4171,0.4195,0.4139
2010-10-01,0.5801,0.3229,1.0145,0.4924,0.4755,0.4136,0.5151,0.4810,0.4810
2010-11-01,0.5907,0.3181,0.9831,0.5823,0.5755,0.5036,0.5161,0.5412,0.5412
2010-12-01,0.5761,0.2923,1.0177,0.2835,0.2155,0.2436,0.3061,0.3418,0.2835
2011-01-01,0.6035,0.3115,1.1760,0.3072,0.2855,0.2936,0.3131,0.3828,0.3072
2011-02-01,0.6036,0.2399,1.0029,0.2782,0.2455,0.2636,0.2941,0.3030,0.2782
2011-03-01,0.5743,0.2641,0.9161,0.4037,0.4255,0.3936,0.3951,0.4090,0.4037
2011-04-01,0.5883,0.3581,0.9622,0.4453,0.4055,0.4036,0.4221,0.4377,0.4221
2011-05-01,0.5682,0.2544,0.9077,0.2920,0.2955,0.2836,0.3011,0.3378,0.2955
2011-06-01,0.5972,0.1906,1.0245,0.3953,0.3855,0.3536,0.4311,0.3660,0.3855
2011-07-01,0.6111,0.2770,1.0061,0.4944,0.4655,0.4336,0.5131,0.4587,0.4655
2011-08-01,0.6133,0.3613,1.0074,0.5051,0.5055,0.4236,0.5011,0.4265,0.5011
2011-09-01,0.6354,0.2957,0.9701,0.3898,0.3255,0.3636,0.3591,0.3679,0.3636
2011-10-01,0.6604,0.3097,1.0380,0.4280,0.4155,0.3936,0.4431,0.3943,0.4155
2011-11-01,0.6427,0.2879,1.0680,0.3612,0.3555,0.2936,0.3261,0.3127,0.3261
2011-12-01,0.6240,0.3439,0.9689,0.3433,0.3655,0.3236,0.3401,0.4055,0.3433
2012-01-01,0.6537,0.2784,1.0216,0.2208,0.2355,0.2436,0.1951,0.3076,0.2355
2012-02-01,0.6588,0.2923,0.9969,0.3122,0.2555,0.2536,0.2571,0.2909,0.2571
2012-03-01,0.6894,0.3714,1.0522,0.2730,0.3355,0.2736,0.2311,0.3314,0.2736
2012-04-01,0.6753,0.3325,1.1408,0.4600,0.4955,0.4536,0.4551,0.4784,0.4600
2012-05-01,0.6555,0.3769,0.9105,0.5063,0.5455,0.4836,0.5081,0.5531,0.5081
2012-06-01,0.6704,0.3569,1.0130,0.4802,0.4155,0.4336,0.4871,0.4651,0.4651
2012-07-01,0.6615,0.3576,1.0142,0.4212,0.3555,0.3636,0.3441,0.3559,0.3559
2012-08-01,0.6761,0.3666,1.0457,0.4989,0.4155,0.3936,0.4521,0.3920,0.4155
2012-09-01,0.6757,0.4129,1.0115,0.4890,0.4855,0.4736,0.4841,0.4334,0.4841
2012-10-01,0.6908,0.4385,1.0489,0.5778,0.5655,0.5036,0.6181,0.5839,0.5778
2012-11-01,0.6802,0.3980,0.9491,0.5690,0.5455,0.4836,0.5421,0.6033,0.5455
2012-12-01,0.7003,0.4303,1.0130,0.3093,0.2855,0.2536,0.3151,0.4115,0.3093
2013-01-01,0.6904,0.3672,1.0521,0.4579,0.4655,0.4236,0.4421,0.6200,0.4579
2013-02-01,0.6890,0.3316,1.0749,0.3751,0.3755,0.3336,0.3471,0.4948,0.3751
2013-03-01,0.6748,0.3411,0.9910,0.4322,0.4355,0.3836,0.3691,0.4914,0.4322
2013-04-01,0.6804,0.4350,0.9519,0.4219,0.2955,0.3336,0.3451,0.3878,0.3451
2013-05-01,0.6817,0.4336,1.0164,0.4064,0.3655,0.3936,0.3831,0.4010,0.3936
2013-06-01,0.6715,0.4022,0.9915,0.5117,0.4655,0.4436,0.4681,0.4530,0.4655
2013-07-01,0.6825,0.4464,1.0258,0.4401,0.3655,0.3536,0.3511,0.2905,0.3536
2013-08-01,0.6850,0.4316,1.0772,0.4903,0.4655,0.4136,0.4541,0.3703,0.4541
2013-09-01,0.6974,0.4608,0.9752,0.5727,0.5255,0.4936,0.5301,0.4903,0.5255
2013-10-01,0.7237,0.4482,1.0671,0.5017,0.4555,0.4036,0.4291,0.4160,0.4291
2013-11-01,0.7097,0.3967,1.1786,0.6194,0.5955,0.5336,0.5721,0.5571,0.5721
2013-12-01,0.6832,0.3194,0.9732,0.4539,0.4655,0.4436,0.4651,0.5702,0.4651
2014-01-01,0.7140,0.4070,1.0971,0.5205,0.5255,0.4936,0.4901,0.6002,0.5205
2014-02-01,0.7076,0.2892,1.0275,0.3393,0.3155,0.3236,0.3211,0.3834,0.3236
2014-03-01,0.7011,0.3272,1.0863,0.5386,0.5455,0.5436,0.4701,0.5582,0.5436
2014-04-01,0.6850,0.3681,0.9704,0.5869,0.5755,0.5136,0.5231,0.5337,0.5337
2014-05-01,0.6820,0.4101,1.0142,0.5836,0.6255,0.5536,0.5591,0.5629,0.5629
2014-06-01,0.6817,0.3895,1.0040,0.4678,0.4355,0.4536,0.4281,0.4178,0.4355
2014-07-01,0.7093,0.3754,1.1461,0.4358,0.3455,0.3736,0.3821,0.3813,0.3813
2014-08-01,0.7344,0.4095,1.1544,0.5827,0.5955,0.5436,0.5741,0.4516,0.5741
2014-09-01,0.7146,0.4265,1.1052,0.6143,0.6355,0.5536,0.5991,0.5049,0.5991
2014-10-01,0.7345,0.4174,1.0761,0.5917,0.5655,0.5136,0.5901,0.5282,0.5655
2014-11-01,0.7245,0.3931,1.1108,0.4827,0.4355,0.4036,0.4071,0.4585,0.4355
2014-12-01,0.7125,0.3124,1.2455,0.5310,0.5455,0.5436,0.5341,0.6317,0.5436
2015-01-01,0.7512,0.2977,1.2284,0.5875,0.6255,0.5536,0.5671,0.6658,0.5875
2015-02-01,0.7484,0.2774,1.2144,0.6301,0.6755,0.5936,0.6031,0.6778,0.6301
2015-03-01,0.7078,0.3380,1.0164,0.6455,0.7155,0.6636,0.6021,0.6962,0.6636
2015-04-01,0.7030,0.3187,1.0571,0.5411,0.5155,0.5336,0.5421,0.4806,0.5336
2015-05-01,0.7203,0.2869,1.0618,0.5811,0.5655,0.5436,0.5771,0.5563,0.5655
2015-06-01,0.7362,0.3748,1.0584,0.6058,0.5755,0.5736,0.5841,0.5319,0.5755
2015-07-01,0.7528,0.4419,1.0626,0.5639,0.4955,0.5036,0.5681,0.4692,0.5036
2015-08-01,0.7654,0.4583,1.1337,0.6541,0.5655,0.5536,0.6411,0.5579,0.5655
2015-09-01,0.7773,0.4230,1.2296,0.6722,0.5955,0.6436,0.6491,0.5874,0.6436
2015-10-01,0.7805,0.4326,1.1777,0.8680,0.8355,0.7736,0.8441,0.8059,0.8355
2015-11-01,0.7975,0.3685,1.1675,0.8409,0.8255,0.7636,0.7641,0.7932,0.7932
2015-12-01,0.7791,0.4637,1.1849,0.8889,0.9355,0.8336,0.9141,0.9827,0.9141
2016-01-01,0.7913,0.3767,1.2542,0.9354,0.9355,0.9036,0.9281,1.0242,0.9354
2016-02-01,0.7621,0.4057,1.2440,1.0721,1.1255,1.0536,1.0371,1.1576,1.0721
2016-03-01,0.7787,0.3802,1.2374,1.0340,1.1155,1.0536,1.0071,1.0934,1.0536
2016-04-01,0.7498,0.4514,1.1935,0.8800,0.8555,0.8436,0.8651,0.9536,0.8651
2016-05-01,0.7613,0.4723,1.2322,0.7284,0.7255,0.6736,0.7361,0.7949,0.7284
2016-06-01,0.7603,0.4899,1.1800,0.6245,0.5655,0.5636,0.6361,0.6069,0.6069
2016-07-01,0.7904,0.4110,1.1545,0.6168,0.6055,0.5936,0.6701,0.6761,0.6168
2016-08-01,0.7976,0.4590,1.2191,0.7946,0.7755,0.7136,0.7911,0.7168,0.7755
2016-09-01,0.7895,0.5094,1.2127,0.6911,0.6655,0.6736,0.6941,0.6782,0.6782
2016-10-01,0.8162,0.4990,1.2199,0.6658,0.6355,0.5836,0.7331,0.7063,0.6658
2016-11-01,0.8198,0.3786,1.2943,0.6946,0.6755,0.6536,0.7121,0.8121,0.6946
2016-12-01,0.8281,0.2855,1.3329,0.6259,0.6255,0.6336,0.6931,0.7787,0.6336
2017-01-01,0.8532,0.3817,1.2672,0.8024,0.7855,0.7836,0.7821,0.8767,0.7855
2017-02-01,0.8201,0.3923,1.1870,0.9210,0.8855,0.8536,0.8921,0.9785,0.8921
2017-03-01,0.7949,0.4004,1.2296,0.9041,0.9155,0.8536,0.9161,0.9671,0.9155
2017-04-01,0.7912,0.3932,1.1748,0.6942,0.6955,0.6836,0.7031,0.7523,0.6955
2017-05-01,0.8053,0.4262,1.1603,0.6319,0.6755,0.6436,0.6921,0.7521,0.6755
2017-06-01,0.8022,0.4197,1.1250,0.5057,0.4755,0.5136,0.5261,0.5474,0.5136
2017-07-01,0.8224,0.3980,1.2045,0.6492,0.5855,0.5936,0.6081,0.5812,0.5936
2017-08-01,0.8295,0.4736,1.1760,0.6568,0.6355,0.6136,0.6591,0.6115,0.6355
2017-09-01,0.8316,0.4848,1.1634,0.5768,0.5055,0.6036,0.5571,0.6001,0.5768
2017-10-01,0.8467,0.4651,1.2310,0.6583,0.6455,0.6436,0.6761,0.7240,0.6583
2017-11-01,0.8416,0.4776,1.2354,0.6494,0.6355,0.6236,0.5961,0.6554,0.6355
2017-12-01,0.8658,0.4248,1.2301,0.6604,0.6955,0.7136,0.6791,0.8152,0.6955
2018-01-01,0.8617,0.5405,1.2547,0.5642,0.5855,0.5936,0.5711,0.7139,0.5855
2018-02-01,0.8553,0.4683,1.2192,0.6335,0.6055,0.6536,0.6131,0.7417,0.6335
2018-03-01,0.8117,0.3836,1.1626,0.6327,0.6455,0.6336,0.6031,0.7408,0.6336
2018-04-01,0.8030,0.4219,1.1848,0.6686,0.6455,0.6536,0.6661,0.7293,0.6661
2018-05-01,0.8148,0.3699,1.0959,0.5553,0.5755,0.5936,0.5711,0.6314,0.5755
2018-06-01,0.8271,0.4259,1.1382,0.5825,0.5355,0.5436,0.5721,0.5706,0.5706
2018-07-01,0.8375,0.4177,1.2262,0.5812,0.5955,0.5636,0.6141,0.5939,0.5939
2018-08-01,0.8378,0.4586,1.2918,0.5887,0.5455,0.5536,0.5901,0.5240,0.5536
2018-09-01,0.8534,0.4523,1.2449,0.5306,0.5655,0.5536,0.5491,0.5200,0.5491
2018-10-01,0.8506,0.4736,1.2349,0.7124,0.7855,0.7436,0.7351,0.7193,0.7351
2018-11-01,0.8825,0.4400,1.3137,0.5877,0.5955,0.5836,0.5691,0.6457,0.5877
2018-12-01,0.8980,0.4201,1.4198,0.6694,0.6855,0.6936,0.6881,0.7742,0.6881
2019-01-01,0.8751,0.4467,1.4854,0.6694,0.6955,0.6936,0.6451,0.7576,0.6936
2019-02-01,0.8694,0.3928,1.4480,0.6921,0.7155,0.6736,0.6791,0.7875,0.6921
2019-03-01,0.8677,0.4193,1.3995,0.9353,0.9355,0.9136,0.8841,0.9757,0.9353
2019-04-01,0.8517,0.3609,1.2840,0.7836,0.7655,0.7936,0.7881,0.8614,0.7881
2019-05-01,0.8371,0.3861,1.2828,0.6344,0.6255,0.6636,0.6431,0.7364,0.6431
2019-06-01,0.8538,0.3796,1.3842,0.6640,0.6655,0.6636,0.6401,0.7143,0.6640
2019-07-01,0.8717,0.4205,1.3488,0.7080,0.7055,0.6736,0.7031,0.7125,0.7055
2019-08-01,0.8997,0.3704,1.3999,0.6911,0.7155,0.6936,0.6901,0.6716,0.6911
2019-09-01,0.8889,0.3850,1.4124,0.6675,0.6955,0.6936,0.6281,0.6993,0.6936
2019-10-01,0.9002,0.3895,1.4160,0.8082,0.7655,0.7936,0.8411,0.8179,0.8082
2019-11-01,0.9107,0.3668,1.4965,0.7878,0.7555,0.7436,0.7291,0.8123,0.7555
2019-12-01,0.8711,0.3713,1.3695,0.8791,0.8755,0.8936,0.8661,0.9828,0.8791
2020-01-01,0.8754,0.3805,1.4200,0.9174,0.9455,0.9236,0.9011,1.0544,0.9236
2020-02-01,0.8856,0.3827,1.4739,0.9649,0.9955,0.9636,0.9301,1.0689,0.9649
2020-03-01,0.8737,0.3778,1.3743,0.9295,0.9455,0.8836,0.8591,0.9551,0.9295
2020-04-01,0.8713,0.4304,1.3592,0.9043,0.8755,0.8736,0.9101,0.9445,0.9043
2020-05-01,0.8558,0.3781,1.2798,0.7525,0.7555,0.7536,0.7351,0.8456,0.7536
2020-06-01,0.8821,0.4799,1.2762,0.6669,0.6755,0.6836,0.6911,0.7058,0.6836
2020-07-01,0.8932,0.5360,1.2931,0.6785,0.6555,0.6536,0.7071,0.6408,0.6555
2020-08-01,0.8856,0.5858,1.2481,0.6646,0.6255,0.6436,0.6461,0.5822,0.6436
2020-09-01,0.9133,0.5411,1.3178,0.7204,0.7255,0.7336,0.7041,0.7541,0.7255
2020-10-01,0.9248,0.5730,1.4393,0.6531,0.6355,0.6536,0.6721,0.7407,0.6536
2020-11-01,0.8948,0.4579,1.4360,0.8623,0.8455,0.8236,0.8471,0.9445,0.8471
2020-12-01,0.9083,0.5052,1.3985,0.5461,0.5655,0.5736,0.5901,0.6783,0.5736
2021-01-01,0.9312,0.5773,1.5167,0.5627,0.5755,0.5736,0.5731,0.7165,0.5736
2021-02-01,0.9105,0.4587,1.4419,0.4217,0.4055,0.4036,0.3951,0.5392,0.4055
2021-03-01,0.9211,0.5273,1.4032,0.5925,0.6555,0.6336,0.5371,0.6570,0.6336
2021-04-01,0.9219,0.5210,1.3913,0.6120,0.5255,0.5536,0.5651,0.6147,0.5651
2021-05-01,0.9257,0.6290,1.4175,0.5554,0.5555,0.5736,0.5831,0.6370,0.5736
2021-06-01,0.9241,0.6725,1.4776,0.5727,0.6155,0.5836,0.5881,0.5582,0.5836
2021-07-01,0.9353,0.6330,1.4566,0.6467,0.6855,0.6436,0.6361,0.6464,0.6464
2021-08-01,0.9525,0.6181,1.4674,0.6636,0.5755,0.6236,0.6721,0.6266,0.6266
2021-09-01,0.9532,0.6880,1.5450,0.7286,0.6855,0.6836,0.7021,0.7220,0.7021
2021-10-01,0.9701,0.6375,1.5997,0.7815,0.7455,0.7236,0.8021,0.7860,0.7815
2021-11-01,1.0154,0.6184,1.6991,0.7191,0.6855,0.6736,0.6851,0.7534,0.6855
2021-12-01,0.9931,0.6762,1.5194,0.6115,0.6455,0.6336,0.6151,0.7655,0.6336
2022-01-01,0.9750,0.5386,1.5290,0.6370,0.6755,0.6736,0.6321,0.7505,0.6736
2022-02-01,1.0469,0.6910,1.4411,0.6106,0.6555,0.6436,0.5911,0.7088,0.6436
2022-03-01,0.9949,0.6796,1.3056,0.7431,0.8055,0.8236,0.7531,0.8614,0.8055
2022-04-01,0.9762,0.6604,1.2676,0.6245,0.5955,0.6336,0.6151,0.7074,0.6245
2022-05-01,0.9750,0.6726,1.3168,0.6067,0.6055,0.5736,0.5921,0.6354,0.6055
2022-06-01,0.9698,0.6680,1.4161,0.7022,0.6855,0.6736,0.7451,0.6535,0.6855
2022-07-01,0.9797,0.6816,1.4531,0.6337,0.7055,0.6436,0.6941,0.6929,0.6929
2022-08-01,0.9733,0.6341,1.4615,0.7286,0.7055,0.6636,0.6811,0.6112,0.6811
2022-09-01,0.9948,0.6443,1.5256,0.6689,0.6455,0.6236,0.6691,0.6700,0.6689
2022-10-01,1.0321,0.7383,1.5760,0.8037,0.7355,0.7136,0.8091,0.7735,0.7735
2022-11-01,1.0424,0.6309,1.6429,0.5237,0.4955,0.5036,0.4951,0.5695,0.5036
2022-12-01,1.0278,0.6056,1.7681,0.5957,0.5555,0.5736,0.6531,0.7140,0.5957
2023-01-01,1.0267,0.6365,1.5555,0.6392,0.6355,0.6336,0.6261,0.7196,0.6355
2023-02-01,0.9928,0.5433,1.4877,0.7404,0.7255,0.7536,0.6891,0.7716,0.7404
2023-03-01,0.9668,0.4978,1.5836,0.9840,0.9955,0.9736,0.9481,0.9791,0.9791
2023-04-01,0.9702,0.5322,1.4891,0.7756,0.7455,0.7436,0.7911,0.7447,0.7455
2023-05-01,0.9833,0.6275,1.5003,0.7325,0.7055,0.7136,0.7431,0.7750,0.7325
2023-06-01,0.9792,0.6464,1.4297,0.9146,0.8455,0.8136,0.9251,0.8766,0.8766
2023-07-01,0.9892,0.5927,1.4626,1.0160,0.9555,0.9136,1.0881,1.0395,1.0160
2023-08-01,0.9953,0.6368,1.4965,1.0663,0.9555,0.9936,1.0961,1.0251,1.0251
2023-09-01,1.0389,0.6457,1.5046,1.2045,1.2455,1.1536,1.2391,1.2509,1.2391
2023-10-01,1.0719,0.6891,1.6983,1.1798,1.1055,1.0936,1.1691,1.2144,1.1691
2023-11-01,1.0996,0.6687,1.6054,1.1977,1.1655,1.1436,1.1671,1.2612,1.1671
2023-12-01,1.0511,0.6053,1.5611,1.1169,1.1155,1.1036,1.1501,1.2883,1.1169
2024-01-01,1.0520,0.4650,1.5185,1.0079,1.0155,1.0436,1.0021,1.1712,1.0155
2024-02-01,1.0153,0.5171,1.4485,1.1461,1.1955,1.1436,1.1311,1.2800,1.1461
2024-03-01,0.9980,0.5794,1.4517,1.0909,1.1555,1.0536,1.0291,1.1955,1.0909
2024-04-01,1.0120,0.5264,1.4450,1.0717,1.0855,1.0136,1.0281,1.0944,1.0717
2024-05-01,0.9950,0.5363,1.4557,0.9183,0.9255,0.9036,0.9241,1.0315,0.9241
2024-06-01,1.0123,0.5494,1.5183,0.9518,0.9955,0.9236,0.9911,1.0199,0.9911
2024-07-01,1.0262,0.5792,1.5170,0.9945,0.9655,0.9236,0.9881,0.9957,0.9881
2024-08-01,1.0296,0.5972,1.4805,1.0756,1.0655,0.9836,1.0431,1.0271,1.0431
2024-09-01,1.0485,0.6161,1.5936,1.0093,0.9755,0.9636,1.0381,1.0483,1.0093
2024-10-01,1.0625,0.4819,1.6140,1.0667,1.1055,1.0636,1.1271,1.1635,1.1055
2024-11-01,1.0741,0.5320,1.5375,1.0746,1.0555,1.0436,1.1121,1.1358,1.0746
2024-12-01,1.0683,0.4673,1.6461,0.9759,1.0255,1.0036,1.0621,1.2019,1.0255
2025-01-01,1.0904,0.5629,1.6203,1.1119,1.1355,1.0536,1.1141,1.2600,1.1141
2025-02-01,1.0923,0.5409,1.6624,0.9735,1.0155,0.9736,1.0241,1.1062,1.0155
2025-03-01,1.0411,0.4838,1.6920,1.0482,1.1255,1.0636,1.0411,1.1176,1.0636
2025-04-01,1.0315,0.4853,1.6452,0.9594,1.0055,0.9336,0.9641,1.0255,0.9641
2025-05-01,1.0552,0.6191,1.6759,0.8131,0.8355,0.8036,0.8291,0.9103,0.8291
2025-06-01,1.0563,0.5699,1.6806,0.7400,0.8255,0.7036,0.8061,0.8197,0.8061
2025-07-01,1.0527,0.5479,1.7000,0.8022,0.7855,0.6936,0.7811,0.7645,0.7811
2025-08-01,1.0943,0.6397,1.7467,0.8738,0.9355,0.8036,0.8931,0.8055,0.8738
2025-09-01,1.1028,0.6194,1.7524,0.9697,1.0055,0.8736,1.0121,0.9828,0.9828
2025-10-01,1.1239,0.5110,1.7716,0.9525,0.9455,0.8836,1.0021,1.0599,0.9525
2025-11-01,1.1325,0.4723,1.7880,0.9509,0.9755,0.8736,0.9771,1.0563,0.9755
2025-12-01,1.1369,0.4587,1.7504,0.8172,0.8155,0.7736,0.8511,0.9298,0.8172
2026-01-01,1.1165,0.4639,1.8027,0.8722,0.8455,0.8236,0.9071,0.9842,0.8722
2026-02-01,1.0825,0.5507,1.8435,0.9350,0.9955,0.9036,0.9851,1.0107,0.9851
2026-03-01,1.1046,0.5117,1.9379,0.9728,1.0655,0.9536,0.9461,0.9986,0.9728
2026-04-01,1.0953,0.5202,1.7024,0.9276,0.9255,0.8836,0.9271,0.9478,0.9271
2026-05-01,1.0807,0.5659,1.6047,0.8763,0.8955,0.8136,0.8981,0.9301,0.8955
2026-06-01,1.0805,0.5509,1.6206,0.9276,0.9355,0.8536,0.9561,0.9039,0.9276
2026-07-01,1.0782,0.5236,1.6337,0.9530,1.0055,0.9436,1.0111,0.9865,0.9865
2026-08-01,1.0852,0.5785,1.6537,1.1428,1.1855,1.0636,1.1951,1.1608,1.1608
2026-09-01,1.1009,0.6031,1.7096,,1.1455,1.0836,,1.1437,1.1437
2026-10-01,1.1429,0.6781,1.7387,,,,,,
2026-11-01,1.1459,0.6221,1.8835,,,,,,
2026-12-01,1.1467,0.6119,1.8378,,,,,,
2027-01-01,1.1600,0.6860,1.8655,,,,,,
2027-02-01,1.1563,0.6239,1.7739,,,,,,
2027-03-01,1.0938,0.4977,1.7902,,,,,,
2027-04-01,1.0571,0.4467,1.7233,,,,,,
2027-05-01,1.0487,0.6276,1.5889,,,,,,
2027-06-01,1.0718,0.6386,1.6400,,,,,,
2027-07-01,1.0847,0.6975,1.6508,,,,,,
2027-08-01,1.1154,0.6972,1.7356,,,,,,
2027-09-01,1.1313,0.6981,1.7311,,,,,,
2027-10-01,1.1759,0.7104,1.7885,,,,,,
2027-11-01,1.1797,0.6602,1.7664,,,,,,
2027-12-01,1.1753,0.6938,1.8839,,,,,,
2028-01-01,1.1756,0.6168,1.7973,,,,,,
2028-02-01,1.1526,0.7546,1.8892,,,,,,
2028-03-01,1.1715,0.6921,1.8622,,,,,,
2028-04-01,1.1167,0.6714,1.6486,,,,,,
2028-05-01,1.1031,0.6648,1.6816,,,,,,
2028-06-01,1.1110,0.7404,1.6462,,,,,,
2028-07-01,1.1412,0.7187,1.7155,,,,,,
2028-08-01,1.1572,0.7725,1.6719,,,,,,
2028-09-01,1.1748,0.7820,1.7599,,,,,,
2028-10-01,1.2294,0.7833,1.8472,,,,,,
2028-11-01,1.2408,0.7152,1.8052,,,,,,
2028-12-01,1.2427,0.6806,1.9598,,,,,,
2029-01-01,1.2636,0.7727,1.8564,,,,,,
2029-02-01,1.2005,0.6463,1.7747,,,,,,
2029-03-01,1.1965,0.6591,1.7968,,,,,,
2029-04-01,1.1860,0.7950,1.7725,,,,,,
2029-05-01,1.1782,0.7741,1.7331,,,,,,
2029-06-01,1.2128,0.7947,1.7649,,,,,,
2029-07-01,1.2325,0.9033,1.7864,,,,,,
2029-08-01,1.2142,0.8737,1.8098,,,,,,
2029-09-01,1.2301,0.8557,1.8778,,,,,,
2029-10-01,1.2422,0.8079,1.8858,,,,,,
2029-11-01,1.2662,0.8457,2.0727,,,,,,
2029-12-01,1.2305,0.8427,1.9629,,,,,,
2030-01-01,1.2355,0.8552,1.9771,,,,,,
2030-02-01,1.1872,0.6411,1.9336,,,,,,
2030-03-01,1.1286,0.7868,1.9252,,,,,,
2030-04-01,1.1237,0.7349,1.7763,,,,,,
2030-05-01,1.1273,0.8007,1.6398,,,,,,
2030-06-01,1.1569,0.7617,1.6484,,,,,,
2030-07-01,1.1819,0.7441,1.7298,,,,,,
2030-08-01,1.1773,0.7317,1.8024,,,,,,
2030-09-01,1.2143,0.7987,1.7680,,,,,,
2030-10-01,1.2511,0.7746,1.9055,,,,,,
2030-11-01,1.2611,0.7514,2.0079,,,,,,
2030-12-01,1.2742,0.6933,1.8171,,,,,,
2031-01-01,1.2809,0.7522,1.8471,,,,,,
2031-02-01,1.2242,0.5903,1.8263,,,,,,
2031-03-01,1.2099,0.7973,1.7531,,,,,,
2031-04-01,1.1978,0.7632,1.6736,,,,,,
2031-05-01,1.1652,0.7466,1.6883,,,,,,
2031-06-01,1.1848,0.7620,1.6947,,,,,,
2031-07-01,1.1984,0.7625,1.7221,,,,,,
2031-08-01,1.2220,0.7588,1.8105,,,,,,
2031-09-01,1.2293,0.7845,1.7720,,,,,,
2031-10-01,1.2788,0.8071,1.9579,,,,,,
2031-11-01,1.2883,0.8589,1.9271,,,,,,
2031-12-01,1.2492,0.6732,1.9793,,,,,,
2032-01-01,1.3112,0.9738,2.0256,,,,,,
2032-02-01,1.2549,0.8145,1.9012,,,,,,
2032-03-01,1.2471,0.8348,1.8744,,,,,,
2032-04-01,1.2288,0.8629,1.8270,,,,,,
2032-05-01,1.1920,0.7865,1.7354,,,,,,
2032-06-01,1.2064,0.6911,1.8304,,,,,,
2032-07-01,1.2314,0.7849,1.8469,,,,,,
2032-08-01,1.2525,0.7687,1.7879,,,,,,
2032-09-01,1.2611,0.7994,1.9572,,,,,,
2032-10-01,1.3021,0.8526,1.9485,,,,,,
2032-11-01,1.3192,0.8148,2.0028,,,,,,
2032-12-01,1.3370,0.8603,1.9560,,,,,,
2033-01-01,1.3444,0.8537,1.9116,,,,,,
2033-02-01,1.2986,0.7436,1.8751,,,,,,
2033-03-01,1.2724,0.7548,1.8602,,,,,,
2033-04-01,1.2509,0.6862,1.7509,,,,,,
2033-05-01,1.2542,0.7750,1.7908,,,,,,
2033-06-01,1.2616,0.7964,1.7740,,,,,,
2033-07-01,1.3071,0.8483,1.8777,,,,,,
2033-08-01,1.3055,0.8207,1.9124,,,,,,
2033-09-01,1.3185,0.8000,1.9651,,,,,,
2033-10-01,1.3343,0.8257,1.9938,,,,,,
2033-11-01,1.3703,0.8737,2.1635,,,,,,
2033-12-01,1.3673,0.8471,2.0758,,,,,,
2034-01-01,1.3402,0.9325,1.9124,,,,,,
2034-02-01,1.3109,0.8709,2.0558,,,,,,
2034-03-01,1.2848,0.7586,2.0417,,,,,,
2034-04-01,1.2855,0.9317,1.8514,,,,,,
2034-05-01,1.2580,0.9074,1.8449,,,,,,
2034-06-01,1.2931,0.9309,1.8993,,,,,,
2034-07-01,1.2996,0.8534,1.8671,,,,,,
2034-08-01,1.3158,0.7313,1.9264,,,,,,
2034-09-01,1.3305,0.7872,1.9306,,,,,,
2034-10-01,1.3824,0.7078,2.0797,,,,,,
2034-11-01,1.4252,0.7057,2.2208,,,,,,
2034-12-01,1.3906,0.6619,2.0716,,,,,,
2035-01-01,1.3736,0.8138,2.0777,,,,,,
2035-02-01,1.3476,0.7266,1.9462,,,,,,
2035-03-01,1.2831,0.7161,1.8729,,,,,,
2035-04-01,1.2725,0.8210,1.8306,,,,,,
2035-05-01,1.2630,0.7053,1.7744,,,,,,
2035-06-01,1.2885,0.6299,1.8498,,,,,,
2035-07-01,1.2925,0.5467,1.8507,,,,,,
2035-08-01,1.3255,0.7262,1.9045,,,,,,
2035-09-01,1.3626,0.7924,2.0317,,,,,,
2035-10-01,1.3852,0.7910,2.1032,,,,,,
2035-11-01,1.3827,0.7871,2.0383,,,,,,
2035-12-01,1.3981,0.8385,2.1439,,,,,,
2036-01-01,1.4097,0.8092,2.0464,,,,,,
2036-02-01,1.3249,0.8868,1.9156,,,,,,
2036-03-01,1.3259,0.7985,2.1117,,,,,,
2036-04-01,1.3318,0.7446,2.0323,,,,,,
2036-05-01,1.2961,0.8378,1.8879,,,,,,
2036-06-01,1.2938,0.8372,1.9407,,,,,,
2036-07-01,1.3459,0.8138,1.9678,,,,,,
2036-08-01,1.3499,0.8697,2.0399,,,,,,
2036-09-01,1.3813,0.8820,2.0657,,,,,,
2036-10-01,1.4178,0.9291,2.0511,,,,,,
2036-11-01,1.4457,0.9503,2.1030,,,,,,
2036-12-01,1.4593,0.9723,2.2373,,,,,,
2037-01-01,1.4811,1.0202,2.3084,,,,,,
2037-02-01,1.4124,0.9141,2.0663,,,,,,
2037-03-01,1.3735,0.9983,2.0503,,,,,,
2037-04-01,1.3411,0.9507,1.9499,,,,,,
2037-05-01,1.3578,0.9140,1.8899,,,,,,
2037-06-01,1.3617,0.9541,2.0566,,,,,,
2037-07-01,1.3911,0.9677,1.9432,,,,,,
2037-08-01,1.4246,1.0076,2.0127,,,,,,
2037-09-01,1.4327,0.9927,2.0750,,,,,,
2037-10-01,1.4684,0.9640,2.2257,,,,,,
2037-11-01,1.5119,1.0137,2.1177,,,,,,
2037-12-01,1.5214,0.9826,2.1723,,,,,,
2038-01-01,1.4983,1.0077,2.2115,,,,,,
2038-02-01,1.5006,0.9406,2.0757,,,,,,
2038-03-01,1.4504,0.9968,2.0363,,,,,,
2038-04-01,1.4226,0.9207,1.9727,,,,,,
2038-05-01,1.3827,1.0114,1.8681,,,,,,
2038-06-01,1.4107,0.9720,1.9551,,,,,,
2038-07-01,1.4351,0.9421,1.9982,,,,,,
2038-08-01,1.4497,0.9520,1.9323,,,,,,
2038-09-01,1.4840,1.0507,2.1005,,,,,,
2038-10-01,1.5076,0.9170,2.2544,,,,,,
2038-11-01,1.5797,1.0127,2.3902,,,,,,
2038-12-01,1.5756,0.9826,2.3839,,,,,,
2039-01-01,1.5721,0.9592,2.2255,,,,,,
2039-02-01,1.4889,0.8575,2.1248,,,,,,
2039-03-01,1.4687,0.8796,2.1630,,,,,,
2039-04-01,1.4173,0.8058,2.0452,,,,,,
2039-05-01,1.4070,0.9790,2.0110,,,,,,
2039-06-01,1.4220,0.9092,2.0346,,,,,,
2039-07-01,1.4611,0.9635,2.0579,,,,,,
2039-08-01,1.4880,0.9419,2.1369,,,,,,
2039-09-01,1.5272,0.9523,2.2492,,,,,,
2039-10-01,1.5731,0.9659,2.3221,,,,,,
2039-11-01,1.5888,0.9236,2.4076,,,,,,
2039-12-01,1.5755,0.8074,2.2363,,,,,,
2040-01-01,1.5689,0.9250,2.2945,,,,,,
2040-02-01,1.5391,1.0312,2.2518,,,,,,
2040-03-01,1.5043,0.9024,2.2703,,,,,,
2040-04-01,1.4765,0.9704,2.1478,,,,,,
2040-05-01,1.4510,0.8625,2.0491,,,,,,
2040-06-01,1.4611,0.9123,2.1575,,,,,,
2040-07-01,1.4907,0.9533,2.1535,,,,,,
2040-08-01,1.5042,0.9121,2.2013,,,,,,
2040-09-01,1.5110,0.9909,2.2552,,,,,,
2040-10-01,1.5284,1.0139,2.3515,,,,,,
2040-11-01,1.5642,0.9346,2.4140,,,,,,
2040-12-01,1.5623,1.0027,2.2959,,,,,,
