# Climate models vs observations — CMIP3 (SRES A1B), baseline 1961-1990
# Climate Dashboard (https://github.com/hausfath/climate-dashboard) — regenerated daily; this file: 2026-10-10
# Monthly means, all series referenced to 1961-1990. model_mean/p05/p95: ensemble mean and 5th-95th percentile across members.
# Observation columns: HadCRUT5, GISTEMP, NOAA, Berkeley Earth, ERA5 (C3S).
# The dashboard's 12-month view is a 12-month rolling mean of these monthly columns.
# All values in degrees Celsius unless a column says otherwise. Load with pandas.read_csv(..., comment='#').
date,model_mean_c,model_p05_c,model_p95_c,hadcrut5,gistemp,noaa,berkeley,copernicus,obs_median_c
1900-01-01,-0.4516,-0.9605,-0.0874,-0.4898,-0.4595,-0.3746,-0.3122,,-0.4170
1900-02-01,-0.3987,-0.7464,-0.0874,-0.1998,-0.1595,-0.0546,0.0278,,-0.1070
1900-03-01,-0.3858,-0.6553,-0.1169,-0.2073,-0.0995,-0.1746,-0.1272,,-0.1509
1900-04-01,-0.3313,-0.6024,-0.0162,-0.2322,-0.1895,-0.2046,-0.2262,,-0.2154
1900-05-01,-0.3175,-0.5846,0.0031,-0.3084,-0.1895,-0.2246,-0.2522,,-0.2384
1900-06-01,-0.3189,-0.6202,-0.0475,-0.2316,-0.1995,-0.1346,-0.1622,,-0.1809
1900-07-01,-0.3408,-0.6136,-0.0640,-0.2179,-0.2295,-0.2046,-0.2652,,-0.2237
1900-08-01,-0.3495,-0.6609,-0.0457,-0.2183,-0.1895,-0.2046,-0.2392,,-0.2114
1900-09-01,-0.3577,-0.6261,-0.0456,-0.2011,-0.1495,-0.2346,-0.1832,,-0.1922
1900-10-01,-0.3960,-0.7035,-0.1181,-0.0664,0.0005,-0.1346,-0.0342,,-0.0503
1900-11-01,-0.4404,-0.7261,-0.1646,-0.2651,-0.1695,-0.2246,-0.2312,,-0.2279
1900-12-01,-0.4321,-0.7673,-0.1675,-0.2221,-0.1695,-0.1346,-0.1662,,-0.1679
1901-01-01,-0.4122,-0.7517,-0.1344,-0.2727,-0.3295,-0.2846,-0.2912,,-0.2879
1901-02-01,-0.3630,-0.7066,-0.0541,-0.2669,-0.1995,-0.2446,-0.1792,,-0.2220
1901-03-01,-0.3876,-0.6537,-0.0125,-0.1883,-0.0395,-0.0646,-0.2052,,-0.1264
1901-04-01,-0.3470,-0.5960,-0.0949,-0.1735,-0.1295,-0.1046,-0.1582,,-0.1439
1901-05-01,-0.3272,-0.6053,0.1020,-0.2427,-0.2495,-0.2146,-0.1332,,-0.2286
1901-06-01,-0.3256,-0.6171,-0.0687,-0.2649,-0.2195,-0.2546,-0.2232,,-0.2389
1901-07-01,-0.3132,-0.5890,-0.0640,-0.3537,-0.2395,-0.2446,-0.2582,,-0.2514
1901-08-01,-0.3486,-0.6462,-0.0656,-0.2192,-0.2995,-0.2246,-0.2632,,-0.2439
1901-09-01,-0.3754,-0.7253,-0.1209,-0.3644,-0.3195,-0.3246,-0.3162,,-0.3220
1901-10-01,-0.4159,-0.7977,-0.1373,-0.3437,-0.3895,-0.3646,-0.3612,,-0.3629
1901-11-01,-0.4644,-0.7768,-0.1873,-0.3820,-0.2695,-0.3046,-0.3852,,-0.3433
1901-12-01,-0.4728,-0.7513,-0.1952,-0.4731,-0.3695,-0.2146,-0.2992,,-0.3344
1902-01-01,-0.4642,-0.8353,-0.0987,-0.4332,-0.2695,-0.3046,-0.3142,,-0.3094
1902-02-01,-0.3955,-0.7892,-0.0344,-0.2330,-0.1795,-0.1746,-0.1772,,-0.1784
1902-03-01,-0.3830,-0.8225,0.0114,-0.4635,-0.3695,-0.4146,-0.4432,,-0.4289
1902-04-01,-0.3400,-0.7026,-0.1388,-0.4526,-0.3695,-0.3446,-0.3772,,-0.3734
1902-05-01,-0.3377,-0.6860,-0.1568,-0.4429,-0.4195,-0.3146,-0.3832,,-0.4014
1902-06-01,-0.3063,-0.6557,-0.0570,-0.4575,-0.4195,-0.2546,-0.3882,,-0.4039
1902-07-01,-0.3108,-0.7167,0.0361,-0.4196,-0.3795,-0.2646,-0.4012,,-0.3904
1902-08-01,-0.3279,-0.6821,-0.0561,-0.4383,-0.3995,-0.3046,-0.4732,,-0.4189
1902-09-01,-0.3562,-0.7093,-0.0006,-0.3807,-0.3895,-0.3546,-0.3662,,-0.3735
1902-10-01,-0.4088,-0.7282,-0.1271,-0.5052,-0.3995,-0.3746,-0.5212,,-0.4523
1902-11-01,-0.4609,-0.7520,-0.0369,-0.5620,-0.4695,-0.3946,-0.5192,,-0.4944
1902-12-01,-0.4768,-0.8111,-0.2215,-0.5565,-0.5195,-0.4446,-0.5082,,-0.5139
1903-01-01,-0.4432,-0.7753,-0.0318,-0.4303,-0.3395,-0.3046,-0.2992,,-0.3220
1903-02-01,-0.4305,-0.8733,-0.0171,-0.2424,-0.1595,-0.3446,-0.3052,,-0.2738
1903-03-01,-0.4327,-0.7465,-0.0043,-0.4144,-0.3295,-0.2846,-0.3432,,-0.3364
1903-04-01,-0.4189,-0.7545,0.0004,-0.5981,-0.5095,-0.5346,-0.6142,,-0.5663
1903-05-01,-0.3832,-0.6988,0.0640,-0.5216,-0.4995,-0.3846,-0.4882,,-0.4939
1903-06-01,-0.3829,-0.7048,0.0396,-0.5574,-0.5295,-0.3946,-0.4402,,-0.4849
1903-07-01,-0.4044,-0.7148,-0.0219,-0.5190,-0.4495,-0.4446,-0.5492,,-0.4842
1903-08-01,-0.4185,-0.7519,-0.0378,-0.6192,-0.5495,-0.4946,-0.7172,,-0.5843
1903-09-01,-0.4350,-0.7473,-0.0475,-0.5791,-0.5895,-0.5146,-0.5432,,-0.5612
1903-10-01,-0.4767,-0.8715,-0.0724,-0.6821,-0.5595,-0.5746,-0.5812,,-0.5779
1903-11-01,-0.5150,-0.9284,-0.0979,-0.6394,-0.5195,-0.4346,-0.6402,,-0.5794
1903-12-01,-0.5392,-0.9202,-0.1573,-0.7157,-0.6095,-0.6146,-0.6242,,-0.6194
1904-01-01,-0.5046,-0.9675,-0.1305,-0.8056,-0.7295,-0.7046,-0.7562,,-0.7429
1904-02-01,-0.4699,-0.7678,-0.1446,-0.7749,-0.6795,-0.6246,-0.7522,,-0.7159
1904-03-01,-0.4151,-0.8193,0.0115,-0.7022,-0.5995,-0.4146,-0.5882,,-0.5939
1904-04-01,-0.4132,-0.7308,0.0381,-0.6530,-0.6095,-0.6046,-0.5852,,-0.6070
1904-05-01,-0.3717,-0.6744,0.0878,-0.6199,-0.6195,-0.5646,-0.5722,,-0.5959
1904-06-01,-0.3734,-0.7194,0.0448,-0.5768,-0.5795,-0.5046,-0.5332,,-0.5550
1904-07-01,-0.3917,-0.6840,0.0403,-0.5667,-0.6095,-0.4946,-0.5772,,-0.5720
1904-08-01,-0.4049,-0.7633,0.0486,-0.4927,-0.5895,-0.4846,-0.5232,,-0.5080
1904-09-01,-0.4380,-0.9141,-0.0026,-0.6088,-0.6495,-0.5346,-0.5882,,-0.5985
1904-10-01,-0.4689,-0.9182,0.0538,-0.5606,-0.4895,-0.4546,-0.4672,,-0.4784
1904-11-01,-0.5320,-0.8590,-0.0119,-0.4011,-0.2795,-0.3146,-0.3572,,-0.3359
1904-12-01,-0.5335,-0.9153,0.0285,-0.5026,-0.4295,-0.3246,-0.4552,,-0.4424
1905-01-01,-0.4700,-0.7635,0.0326,-0.4650,-0.4395,-0.3846,-0.4792,,-0.4522
1905-02-01,-0.4588,-0.7584,0.0753,-0.7237,-0.6895,-0.6146,-0.7372,,-0.7066
1905-03-01,-0.3986,-0.6727,-0.0227,-0.5274,-0.3095,-0.3546,-0.5532,,-0.4410
1905-04-01,-0.3729,-0.6544,-0.0416,-0.5664,-0.4295,-0.4346,-0.5812,,-0.5005
1905-05-01,-0.3632,-0.5964,-0.0287,-0.4423,-0.3895,-0.3246,-0.3972,,-0.3934
1905-06-01,-0.3676,-0.5860,-0.0218,-0.3532,-0.3795,-0.2446,-0.3342,,-0.3437
1905-07-01,-0.3584,-0.6133,0.0623,-0.3839,-0.3595,-0.2546,-0.3242,,-0.3419
1905-08-01,-0.3700,-0.6318,-0.0381,-0.3137,-0.2995,-0.3546,-0.4012,,-0.3341
1905-09-01,-0.3905,-0.6656,-0.0506,-0.3555,-0.2795,-0.4046,-0.4062,,-0.3800
1905-10-01,-0.4427,-0.6798,-0.1339,-0.3430,-0.3295,-0.4446,-0.3392,,-0.3411
1905-11-01,-0.4671,-0.6966,-0.2452,-0.2241,-0.1595,-0.3146,-0.3702,,-0.2693
1905-12-01,-0.4482,-0.6573,-0.2100,-0.2724,-0.2295,-0.4046,-0.2652,,-0.2688
1906-01-01,-0.3968,-0.6522,-0.1720,-0.2926,-0.3695,-0.4546,-0.3442,,-0.3569
1906-02-01,-0.3674,-0.6178,-0.1613,-0.3849,-0.3895,-0.3346,-0.3392,,-0.3621
1906-03-01,-0.3703,-0.5818,-0.2266,-0.2894,-0.2795,-0.3046,-0.2272,,-0.2844
1906-04-01,-0.3721,-0.5291,-0.0784,-0.1083,-0.1395,-0.1546,-0.1432,,-0.1414
1906-05-01,-0.3483,-0.5058,-0.0832,-0.3805,-0.3495,-0.3046,-0.4252,,-0.3650
1906-06-01,-0.3453,-0.5689,-0.0603,-0.2371,-0.2895,-0.2346,-0.2462,,-0.2417
1906-07-01,-0.3573,-0.5482,-0.1105,-0.3548,-0.3295,-0.2146,-0.2682,,-0.2989
1906-08-01,-0.3784,-0.6317,-0.1502,-0.2808,-0.2895,-0.3346,-0.3282,,-0.3089
1906-09-01,-0.3971,-0.6877,-0.1805,-0.3607,-0.3695,-0.3246,-0.3852,,-0.3651
1906-10-01,-0.4229,-0.7122,-0.1476,-0.3285,-0.2895,-0.2846,-0.2532,,-0.2870
1906-11-01,-0.4495,-0.7983,-0.1584,-0.5389,-0.4695,-0.3646,-0.4192,,-0.4444
1906-12-01,-0.4730,-0.8559,-0.0956,-0.3253,-0.2395,-0.1346,-0.3382,,-0.2824
1907-01-01,-0.4948,-0.9057,-0.1153,-0.5243,-0.5195,-0.4446,-0.5252,,-0.5219
1907-02-01,-0.4508,-0.7768,-0.0861,-0.6243,-0.5995,-0.5946,-0.6082,,-0.6039
1907-03-01,-0.4096,-0.6612,-0.1292,-0.4364,-0.3695,-0.3946,-0.3992,,-0.3969
1907-04-01,-0.3846,-0.7567,-0.1182,-0.4811,-0.4595,-0.5346,-0.4492,,-0.4703
1907-05-01,-0.3512,-0.6244,-0.0433,-0.6459,-0.5495,-0.5446,-0.6362,,-0.5929
1907-06-01,-0.3647,-0.6248,-0.0504,-0.5475,-0.5095,-0.4846,-0.5332,,-0.5214
1907-07-01,-0.3462,-0.6116,-0.0691,-0.4405,-0.4395,-0.3746,-0.4872,,-0.4400
1907-08-01,-0.3656,-0.6402,-0.0531,-0.5013,-0.4395,-0.4046,-0.5372,,-0.4704
1907-09-01,-0.3992,-0.6916,-0.1094,-0.4088,-0.4295,-0.3946,-0.4962,,-0.4191
1907-10-01,-0.4072,-0.6682,-0.0939,-0.3415,-0.3195,-0.3446,-0.3142,,-0.3305
1907-11-01,-0.4460,-0.7647,-0.1066,-0.5572,-0.5595,-0.4846,-0.5692,,-0.5583
1907-12-01,-0.4521,-0.7697,-0.0895,-0.5910,-0.5695,-0.5346,-0.5142,,-0.5520
1908-01-01,-0.4507,-0.7531,0.0385,-0.4619,-0.5395,-0.5746,-0.5562,,-0.5479
1908-02-01,-0.4435,-0.8315,-0.0512,-0.4153,-0.4195,-0.3446,-0.4682,,-0.4174
1908-03-01,-0.4260,-0.7852,-0.0715,-0.7052,-0.6495,-0.5946,-0.7192,,-0.6773
1908-04-01,-0.3607,-0.6251,-0.0724,-0.5903,-0.5395,-0.6246,-0.6882,,-0.6074
1908-05-01,-0.3168,-0.6310,0.0494,-0.4471,-0.4695,-0.4646,-0.5172,,-0.4670
1908-06-01,-0.3230,-0.6670,-0.0188,-0.4182,-0.4695,-0.4246,-0.5262,,-0.4470
1908-07-01,-0.3295,-0.5955,0.0130,-0.4047,-0.4495,-0.3946,-0.4292,,-0.4170
1908-08-01,-0.3335,-0.6935,-0.0174,-0.4901,-0.5495,-0.5246,-0.5762,,-0.5370
1908-09-01,-0.3515,-0.7438,-0.0136,-0.3922,-0.4495,-0.4746,-0.4602,,-0.4549
1908-10-01,-0.3620,-0.7389,-0.0063,-0.5766,-0.5295,-0.5446,-0.4672,,-0.5370
1908-11-01,-0.4154,-0.7236,-0.0734,-0.6467,-0.6095,-0.5246,-0.6282,,-0.6189
1908-12-01,-0.4149,-0.8992,0.0245,-0.6389,-0.5895,-0.5346,-0.6242,,-0.6069
1909-01-01,-0.3922,-0.9765,0.0260,-0.7638,-0.8295,-0.7146,-0.7722,,-0.7680
1909-02-01,-0.4144,-1.0865,-0.0167,-0.5421,-0.5495,-0.4846,-0.5972,,-0.5458
1909-03-01,-0.3444,-0.8350,-0.0418,-0.6608,-0.6395,-0.5646,-0.6622,,-0.6501
1909-04-01,-0.3469,-0.6957,-0.0785,-0.6405,-0.6795,-0.5646,-0.6682,,-0.6544
1909-05-01,-0.3233,-0.7303,-0.0034,-0.5986,-0.6395,-0.4946,-0.6232,,-0.6109
1909-06-01,-0.3274,-0.6507,-0.0163,-0.5163,-0.6195,-0.5046,-0.5442,,-0.5303
1909-07-01,-0.3525,-0.7057,-0.0045,-0.5366,-0.5495,-0.4946,-0.6012,,-0.5430
1909-08-01,-0.3504,-0.7332,-0.0268,-0.3379,-0.4295,-0.4146,-0.3862,,-0.4004
1909-09-01,-0.3617,-0.6568,-0.0498,-0.4170,-0.4795,-0.4346,-0.4552,,-0.4449
1909-10-01,-0.4116,-0.7107,-0.0613,-0.4988,-0.4895,-0.4146,-0.4752,,-0.4824
1909-11-01,-0.4398,-0.7147,-0.2118,-0.3935,-0.4195,-0.3646,-0.4512,,-0.4065
1909-12-01,-0.4360,-0.7338,-0.0950,-0.6010,-0.6595,-0.4946,-0.5532,,-0.5771
1910-01-01,-0.4394,-0.8153,-0.1815,-0.4270,-0.5295,-0.4146,-0.4642,,-0.4456
1910-02-01,-0.3877,-0.7373,-0.1114,-0.5141,-0.5195,-0.4846,-0.4882,,-0.5012
1910-03-01,-0.3282,-0.5475,-0.1174,-0.6112,-0.5995,-0.5346,-0.6062,,-0.6029
1910-04-01,-0.3216,-0.5966,-0.0510,-0.5350,-0.5195,-0.4946,-0.6372,,-0.5272
1910-05-01,-0.2781,-0.5382,-0.0370,-0.5326,-0.4395,-0.4246,-0.4862,,-0.4629
1910-06-01,-0.2979,-0.5502,0.0027,-0.5618,-0.4795,-0.4046,-0.5472,,-0.5134
1910-07-01,-0.3065,-0.5676,-0.0660,-0.4516,-0.4395,-0.4146,-0.4442,,-0.4419
1910-08-01,-0.3158,-0.6134,0.0160,-0.4001,-0.4595,-0.3646,-0.4982,,-0.4298
1910-09-01,-0.3104,-0.6425,0.0495,-0.4269,-0.4795,-0.4346,-0.4972,,-0.4570
1910-10-01,-0.3624,-0.6688,-0.0467,-0.4870,-0.4995,-0.4746,-0.4562,,-0.4808
1910-11-01,-0.4095,-0.8549,-0.1016,-0.6776,-0.6695,-0.4546,-0.6542,,-0.6619
1910-12-01,-0.4400,-0.8984,-0.1228,-0.7542,-0.7695,-0.6146,-0.6912,,-0.7227
1911-01-01,-0.3580,-0.7421,0.0015,-0.6667,-0.7195,-0.6246,-0.6492,,-0.6580
1911-02-01,-0.3580,-0.6318,-0.0326,-0.7169,-0.6795,-0.6946,-0.7302,,-0.7057
1911-03-01,-0.3281,-0.6469,0.0328,-0.7745,-0.6995,-0.6946,-0.7022,,-0.7009
1911-04-01,-0.3151,-0.6678,0.0918,-0.6522,-0.6395,-0.4846,-0.6862,,-0.6458
1911-05-01,-0.3034,-0.5881,0.0608,-0.6510,-0.6195,-0.5346,-0.6142,,-0.6169
1911-06-01,-0.2906,-0.5466,0.0364,-0.5699,-0.6095,-0.5146,-0.5932,,-0.5816
1911-07-01,-0.3215,-0.6199,-0.0134,-0.5066,-0.5195,-0.4746,-0.5912,,-0.5130
1911-08-01,-0.3191,-0.6060,-0.0138,-0.5194,-0.5295,-0.4546,-0.5702,,-0.5244
1911-09-01,-0.3413,-0.6701,-0.0303,-0.5107,-0.4995,-0.4246,-0.5322,,-0.5051
1911-10-01,-0.3961,-0.7015,-0.0541,-0.3617,-0.3595,-0.3146,-0.3242,,-0.3419
1911-11-01,-0.4543,-0.8064,-0.1187,-0.3536,-0.3095,-0.2946,-0.3302,,-0.3199
1911-12-01,-0.4857,-0.8037,-0.1709,-0.3127,-0.3195,-0.2946,-0.2342,,-0.3036
1912-01-01,-0.4483,-0.8095,-0.0610,-0.3365,-0.3695,-0.3746,-0.3352,,-0.3530
1912-02-01,-0.4280,-0.8296,-0.1164,-0.3219,-0.2595,-0.3146,-0.2602,,-0.2874
1912-03-01,-0.3403,-0.5689,-0.0710,-0.5662,-0.4895,-0.4746,-0.4452,,-0.4820
1912-04-01,-0.3371,-0.5931,-0.0695,-0.3469,-0.2795,-0.3046,-0.3452,,-0.3249
1912-05-01,-0.3021,-0.4990,-0.0359,-0.3447,-0.3095,-0.3146,-0.4022,,-0.3296
1912-06-01,-0.3086,-0.5608,-0.0642,-0.3000,-0.3395,-0.3146,-0.2832,,-0.3073
1912-07-01,-0.3385,-0.5978,-0.0680,-0.5199,-0.5195,-0.4446,-0.4032,,-0.4820
1912-08-01,-0.3649,-0.7742,-0.0021,-0.5901,-0.6395,-0.5446,-0.5992,,-0.5947
1912-09-01,-0.3875,-0.6504,-0.0764,-0.6559,-0.6695,-0.5246,-0.6252,,-0.6406
1912-10-01,-0.4394,-0.6783,-0.2037,-0.6948,-0.6795,-0.6446,-0.5942,,-0.6620
1912-11-01,-0.4786,-0.8032,-0.2345,-0.5661,-0.4995,-0.3446,-0.4862,,-0.4929
1912-12-01,-0.4787,-0.7013,-0.1651,-0.5861,-0.5295,-0.3946,-0.5162,,-0.5229
1913-01-01,-0.4219,-0.6888,-0.0680,-0.5559,-0.4995,-0.4646,-0.5832,,-0.5277
1913-02-01,-0.3953,-0.6082,-0.0828,-0.5497,-0.5495,-0.4246,-0.5872,,-0.5496
1913-03-01,-0.3807,-0.6368,-0.0519,-0.6112,-0.5195,-0.5146,-0.5752,,-0.5474
1913-04-01,-0.3505,-0.6209,0.0373,-0.5325,-0.4895,-0.4646,-0.4582,,-0.4770
1913-05-01,-0.3230,-0.5581,-0.0309,-0.5571,-0.5395,-0.4746,-0.5482,,-0.5439
1913-06-01,-0.3068,-0.4901,-0.0577,-0.5559,-0.5495,-0.4246,-0.5012,,-0.5254
1913-07-01,-0.3515,-0.6129,-0.0487,-0.4970,-0.4595,-0.3746,-0.4752,,-0.4674
1913-08-01,-0.3741,-0.6105,-0.1100,-0.4098,-0.4295,-0.3246,-0.4512,,-0.4196
1913-09-01,-0.4066,-0.6140,-0.1824,-0.4279,-0.4395,-0.4146,-0.5292,,-0.4337
1913-10-01,-0.4594,-0.7542,-0.1901,-0.4519,-0.4095,-0.4046,-0.3912,,-0.4070
1913-11-01,-0.4844,-0.7349,-0.2912,-0.3715,-0.2995,-0.3046,-0.3022,,-0.3034
1913-12-01,-0.5107,-0.8227,-0.2480,-0.1597,-0.1195,-0.1146,-0.0742,,-0.1170
1914-01-01,-0.4929,-0.7743,-0.2707,-0.0811,-0.0595,-0.1646,-0.1962,,-0.1228
1914-02-01,-0.4492,-0.7739,-0.1763,-0.2651,-0.1995,-0.2046,-0.3362,,-0.2348
1914-03-01,-0.4052,-0.6947,-0.1389,-0.4023,-0.3395,-0.3246,-0.4412,,-0.3709
1914-04-01,-0.3539,-0.6078,-0.0481,-0.4109,-0.3995,-0.2746,-0.4362,,-0.4052
1914-05-01,-0.3332,-0.5738,-0.0054,-0.3183,-0.3095,-0.2446,-0.4152,,-0.3139
1914-06-01,-0.3369,-0.6064,-0.0645,-0.3204,-0.3495,-0.2546,-0.3332,,-0.3268
1914-07-01,-0.3391,-0.6408,-0.1159,-0.3076,-0.3295,-0.3246,-0.2712,,-0.3161
1914-08-01,-0.3531,-0.6841,-0.0625,-0.2557,-0.2595,-0.3146,-0.2402,,-0.2576
1914-09-01,-0.3693,-0.6439,-0.1385,-0.3125,-0.2595,-0.3046,-0.3102,,-0.3074
1914-10-01,-0.4057,-0.6770,-0.1100,-0.1198,-0.1295,-0.1446,-0.0762,,-0.1246
1914-11-01,-0.4455,-0.6506,-0.2457,-0.1921,-0.2595,-0.0946,-0.2112,,-0.2017
1914-12-01,-0.4489,-0.7279,-0.2154,-0.2477,-0.1495,-0.1246,-0.2112,,-0.1804
1915-01-01,-0.4221,-0.6939,-0.1909,-0.2931,-0.3095,-0.2946,-0.3422,,-0.3020
1915-02-01,-0.3829,-0.6643,-0.1229,-0.2234,-0.1395,-0.2346,-0.2812,,-0.2290
1915-03-01,-0.4043,-0.6137,-0.1511,-0.2051,-0.1995,-0.1246,-0.1052,,-0.1620
1915-04-01,-0.3468,-0.6386,-0.0661,-0.0950,-0.0395,-0.0346,-0.1272,,-0.0672
1915-05-01,-0.2941,-0.5618,-0.0605,-0.1862,-0.1495,-0.1246,-0.1382,,-0.1439
1915-06-01,-0.2801,-0.5429,-0.0454,-0.1842,-0.3195,-0.1946,-0.1692,,-0.1894
1915-07-01,-0.2866,-0.6027,-0.0869,-0.1868,-0.2195,-0.1046,-0.2152,,-0.2010
1915-08-01,-0.2927,-0.5475,-0.0692,-0.0744,-0.3095,-0.1446,-0.2012,,-0.1729
1915-09-01,-0.3324,-0.6211,-0.1310,-0.1225,-0.2895,-0.1946,-0.2802,,-0.2374
1915-10-01,-0.3824,-0.6635,-0.1509,-0.2919,-0.3395,-0.2846,-0.2072,,-0.2882
1915-11-01,-0.3707,-0.6016,-0.1322,-0.1803,-0.2295,-0.1346,-0.1382,,-0.1593
1915-12-01,-0.3784,-0.6198,-0.1039,-0.3624,-0.3095,-0.3446,-0.3412,,-0.3429
1916-01-01,-0.3584,-0.6614,-0.0779,-0.3461,-0.2295,-0.2646,-0.3172,,-0.2909
1916-02-01,-0.3235,-0.6362,-0.0167,-0.2749,-0.2495,-0.3246,-0.2112,,-0.2622
1916-03-01,-0.3094,-0.6609,0.0208,-0.4449,-0.3795,-0.3546,-0.4182,,-0.3989
1916-04-01,-0.2746,-0.5453,0.0648,-0.3902,-0.4095,-0.2746,-0.3882,,-0.3892
1916-05-01,-0.2390,-0.5012,0.0506,-0.4367,-0.4495,-0.3146,-0.3882,,-0.4125
1916-06-01,-0.2085,-0.4872,0.0960,-0.5081,-0.5895,-0.3446,-0.4612,,-0.4847
1916-07-01,-0.2407,-0.5314,0.0111,-0.3965,-0.4695,-0.4046,-0.3842,,-0.4005
1916-08-01,-0.2705,-0.5909,-0.0376,-0.3065,-0.3795,-0.3346,-0.3892,,-0.3570
1916-09-01,-0.3084,-0.5934,-0.0603,-0.3354,-0.4595,-0.3746,-0.4562,,-0.4154
1916-10-01,-0.3303,-0.6292,-0.1090,-0.3825,-0.4295,-0.4346,-0.5482,,-0.4320
1916-11-01,-0.3615,-0.6826,-0.1457,-0.5198,-0.5595,-0.6046,-0.6092,,-0.5820
1916-12-01,-0.3872,-0.6608,-0.1369,-0.8215,-0.9095,-0.7546,-0.7632,,-0.7924
1917-01-01,-0.3842,-0.6936,-0.0766,-0.7024,-0.6595,-0.6046,-0.7302,,-0.6809
1917-02-01,-0.3540,-0.6803,-0.0904,-0.7268,-0.7195,-0.6946,-0.7652,,-0.7231
1917-03-01,-0.2922,-0.6211,-0.0680,-0.7904,-0.7395,-0.7746,-0.8732,,-0.7825
1917-04-01,-0.2478,-0.5147,-0.0244,-0.5539,-0.6495,-0.5246,-0.5852,,-0.5696
1917-05-01,-0.2581,-0.5474,0.0002,-0.6509,-0.6495,-0.6246,-0.6712,,-0.6502
1917-06-01,-0.2855,-0.6054,-0.0572,-0.4892,-0.5295,-0.4646,-0.5202,,-0.5047
1917-07-01,-0.2964,-0.7436,-0.0543,-0.2677,-0.3495,-0.2546,-0.3222,,-0.2950
1917-08-01,-0.3057,-0.8071,-0.0413,-0.3492,-0.3195,-0.3546,-0.3652,,-0.3519
1917-09-01,-0.3040,-0.6373,-0.0532,-0.3135,-0.3195,-0.3246,-0.2892,,-0.3165
1917-10-01,-0.3651,-0.8279,-0.0807,-0.5435,-0.5395,-0.5446,-0.4812,,-0.5415
1917-11-01,-0.4073,-0.7219,-0.0749,-0.4656,-0.4395,-0.5046,-0.5542,,-0.4851
1917-12-01,-0.4155,-0.7149,-0.1542,-0.7980,-0.7695,-0.7046,-0.8092,,-0.7837
1918-01-01,-0.4095,-0.7291,-0.0745,-0.5291,-0.5695,-0.6146,-0.6012,,-0.5854
1918-02-01,-0.3302,-0.6683,-0.0374,-0.6876,-0.4495,-0.6046,-0.7112,,-0.6461
1918-03-01,-0.3275,-0.6111,-0.0668,-0.5926,-0.3595,-0.4546,-0.5852,,-0.5199
1918-04-01,-0.2669,-0.5615,-0.0468,-0.6368,-0.5395,-0.5846,-0.5732,,-0.5789
1918-05-01,-0.2466,-0.5320,-0.0252,-0.5373,-0.5295,-0.5146,-0.5562,,-0.5334
1918-06-01,-0.2460,-0.5191,0.0017,-0.3997,-0.4595,-0.5146,-0.4602,,-0.4599
1918-07-01,-0.2623,-0.5516,0.0031,-0.3809,-0.4095,-0.3546,-0.3772,,-0.3791
1918-08-01,-0.2873,-0.5973,-0.0142,-0.4544,-0.4095,-0.4546,-0.4912,,-0.4545
1918-09-01,-0.2904,-0.5784,0.0390,-0.2846,-0.2695,-0.2846,-0.3012,,-0.2846
1918-10-01,-0.3147,-0.5259,-0.0186,-0.1275,-0.1495,-0.2446,-0.1262,,-0.1385
1918-11-01,-0.3823,-0.7135,-0.0622,-0.1794,-0.2095,-0.2946,-0.1212,,-0.1944
1918-12-01,-0.3940,-0.7382,-0.0037,-0.4274,-0.3995,-0.3546,-0.3262,,-0.3770
1919-01-01,-0.3407,-0.6858,0.0364,-0.2537,-0.2995,-0.1946,-0.3312,,-0.2766
1919-02-01,-0.2984,-0.5555,0.1643,-0.2465,-0.3295,-0.3446,-0.2822,,-0.3059
1919-03-01,-0.2579,-0.5036,0.0470,-0.4039,-0.3095,-0.3946,-0.4362,,-0.3992
1919-04-01,-0.2732,-0.4519,0.0175,-0.2199,-0.2295,-0.1146,-0.2372,,-0.2247
1919-05-01,-0.2256,-0.4597,0.1226,-0.3230,-0.3795,-0.2846,-0.3402,,-0.3316
1919-06-01,-0.2288,-0.4934,0.0891,-0.3793,-0.4595,-0.3246,-0.3782,,-0.3788
1919-07-01,-0.2518,-0.5514,0.0217,-0.3309,-0.3895,-0.3446,-0.4082,,-0.3670
1919-08-01,-0.2710,-0.5539,-0.0851,-0.2681,-0.4295,-0.3646,-0.4342,,-0.3970
1919-09-01,-0.2980,-0.5860,-0.0873,-0.3044,-0.3395,-0.2446,-0.3902,,-0.3219
1919-10-01,-0.3066,-0.6014,-0.1035,-0.2828,-0.2895,-0.3646,-0.3562,,-0.3229
1919-11-01,-0.3513,-0.5614,-0.1637,-0.5712,-0.5095,-0.3746,-0.4582,,-0.4839
1919-12-01,-0.3528,-0.5628,-0.0064,-0.5288,-0.5195,-0.3646,-0.4472,,-0.4834
1920-01-01,-0.3430,-0.6591,-0.1407,-0.2864,-0.3395,-0.1446,-0.2852,,-0.2858
1920-02-01,-0.2863,-0.7173,0.1304,-0.5559,-0.3695,-0.3246,-0.4012,,-0.3854
1920-03-01,-0.2552,-0.5468,0.0312,-0.1792,-0.2095,-0.1646,-0.2612,,-0.1943
1920-04-01,-0.2409,-0.5243,0.0860,-0.3521,-0.3395,-0.3646,-0.3502,,-0.3512
1920-05-01,-0.2271,-0.5205,0.1301,-0.2712,-0.3595,-0.2146,-0.3172,,-0.2942
1920-06-01,-0.2172,-0.5281,0.0546,-0.2624,-0.4495,-0.2646,-0.2582,,-0.2635
1920-07-01,-0.2454,-0.6039,0.0914,-0.3285,-0.3995,-0.3346,-0.3592,,-0.3469
1920-08-01,-0.2626,-0.5471,0.0591,-0.2437,-0.3595,-0.3146,-0.2872,,-0.3009
1920-09-01,-0.2942,-0.6229,0.0272,-0.2154,-0.3095,-0.2746,-0.2122,,-0.2450
1920-10-01,-0.3154,-0.6034,0.0121,-0.2324,-0.3595,-0.2746,-0.2382,,-0.2564
1920-11-01,-0.3846,-0.6621,-0.0589,-0.3492,-0.3595,-0.3446,-0.2742,,-0.3469
1920-12-01,-0.4032,-0.8010,-0.1271,-0.5018,-0.5595,-0.4946,-0.4422,,-0.4982
1921-01-01,-0.3632,-0.8384,0.0270,-0.2400,-0.1395,-0.2046,-0.2892,,-0.2223
1921-02-01,-0.3273,-0.6649,0.0177,-0.3054,-0.2695,-0.3546,-0.2962,,-0.3008
1921-03-01,-0.3097,-0.5826,-0.0218,-0.3581,-0.3195,-0.3446,-0.4102,,-0.3513
1921-04-01,-0.2837,-0.5744,-0.0296,-0.3040,-0.3895,-0.3346,-0.3622,,-0.3484
1921-05-01,-0.2689,-0.6085,-0.0100,-0.3105,-0.3895,-0.2746,-0.3882,,-0.3494
1921-06-01,-0.2434,-0.5217,0.0168,-0.1712,-0.3695,-0.2446,-0.2672,,-0.2559
1921-07-01,-0.2928,-0.6633,-0.0599,-0.1621,-0.2395,-0.2146,-0.1552,,-0.1883
1921-08-01,-0.2753,-0.5760,-0.0069,-0.3273,-0.3595,-0.3046,-0.2332,,-0.3159
1921-09-01,-0.3017,-0.6856,-0.0470,-0.2071,-0.2795,-0.2946,-0.2402,,-0.2599
1921-10-01,-0.3634,-0.7092,-0.0929,-0.1397,-0.1295,-0.2146,-0.1092,,-0.1346
1921-11-01,-0.3742,-0.6358,-0.1239,-0.2042,-0.2395,-0.2046,-0.2042,,-0.2044
1921-12-01,-0.4039,-0.6558,-0.1526,-0.2910,-0.2695,-0.2146,-0.2052,,-0.2420
1922-01-01,-0.3665,-0.7566,-0.1162,-0.4288,-0.4395,-0.3546,-0.4002,,-0.4145
1922-02-01,-0.3195,-0.6599,0.0350,-0.4160,-0.5495,-0.4946,-0.4322,,-0.4634
1922-03-01,-0.2883,-0.5717,-0.0140,-0.3410,-0.2495,-0.2646,-0.3072,,-0.2859
1922-04-01,-0.2909,-0.5450,-0.0728,-0.3051,-0.3295,-0.2646,-0.2482,,-0.2848
1922-05-01,-0.2652,-0.5294,0.0464,-0.4786,-0.4295,-0.4146,-0.4312,,-0.4304
1922-06-01,-0.2376,-0.5100,0.0767,-0.3068,-0.3995,-0.3846,-0.3952,,-0.3899
1922-07-01,-0.2297,-0.4761,-0.0209,-0.2738,-0.3695,-0.3646,-0.2782,,-0.3214
1922-08-01,-0.2190,-0.5618,0.0272,-0.3642,-0.4295,-0.4346,-0.3852,,-0.4074
1922-09-01,-0.2392,-0.5550,-0.0200,-0.3268,-0.4495,-0.3646,-0.3822,,-0.3734
1922-10-01,-0.2904,-0.6743,-0.1007,-0.3579,-0.4095,-0.3746,-0.3282,,-0.3662
1922-11-01,-0.3143,-0.6693,-0.0945,-0.2645,-0.2395,-0.1646,-0.3092,,-0.2520
1922-12-01,-0.2894,-0.6735,-0.0515,-0.3179,-0.2895,-0.2046,-0.3342,,-0.3037
1923-01-01,-0.3171,-0.6506,-0.0492,-0.4147,-0.3695,-0.3546,-0.3752,,-0.3724
1923-02-01,-0.2533,-0.7380,0.0855,-0.4991,-0.4895,-0.3946,-0.4762,,-0.4829
1923-03-01,-0.2255,-0.5400,0.0058,-0.4698,-0.4295,-0.4746,-0.4942,,-0.4722
1923-04-01,-0.1933,-0.5419,0.0057,-0.4180,-0.5095,-0.3846,-0.4332,,-0.4256
1923-05-01,-0.1595,-0.4479,0.0652,-0.4110,-0.4295,-0.3746,-0.3542,,-0.3928
1923-06-01,-0.1900,-0.4459,0.0221,-0.2695,-0.3895,-0.2746,-0.2322,,-0.2720
1923-07-01,-0.2267,-0.4603,-0.0193,-0.4247,-0.4095,-0.4346,-0.3402,,-0.4171
1923-08-01,-0.2402,-0.5299,0.0065,-0.3314,-0.4295,-0.4446,-0.3482,,-0.3889
1923-09-01,-0.2554,-0.4614,-0.0155,-0.3439,-0.4095,-0.3846,-0.3692,,-0.3769
1923-10-01,-0.3197,-0.5600,-0.0733,-0.1788,-0.2295,-0.2746,-0.1462,,-0.2041
1923-11-01,-0.3403,-0.6342,-0.0550,-0.0355,-0.1195,-0.1046,-0.0712,,-0.0879
1923-12-01,-0.3701,-0.7390,-0.0744,-0.1017,-0.1295,-0.1246,-0.0282,,-0.1131
1924-01-01,-0.3031,-0.5629,-0.0040,-0.3385,-0.3195,-0.3046,-0.3702,,-0.3290
1924-02-01,-0.2864,-0.6206,0.0553,-0.3200,-0.3295,-0.2946,-0.2602,,-0.3073
1924-03-01,-0.2655,-0.5185,0.0844,-0.1878,-0.1795,-0.2046,-0.1722,,-0.1836
1924-04-01,-0.2573,-0.4987,0.0355,-0.3485,-0.3995,-0.2946,-0.4072,,-0.3740
1924-05-01,-0.2482,-0.4625,0.0297,-0.2223,-0.2795,-0.2646,-0.2792,,-0.2719
1924-06-01,-0.2435,-0.5509,0.0263,-0.2800,-0.3595,-0.3046,-0.2532,,-0.2923
1924-07-01,-0.2312,-0.4981,0.0378,-0.3062,-0.3895,-0.4046,-0.3192,,-0.3544
1924-08-01,-0.2659,-0.6105,-0.0501,-0.3241,-0.4595,-0.3846,-0.4242,,-0.4044
1924-09-01,-0.2784,-0.5520,-0.0288,-0.3357,-0.4195,-0.3746,-0.3552,,-0.3649
1924-10-01,-0.3194,-0.6325,0.0045,-0.3695,-0.4495,-0.3646,-0.3322,,-0.3670
1924-11-01,-0.3407,-0.6581,-0.0734,-0.2936,-0.2995,-0.3046,-0.2882,,-0.2965
1924-12-01,-0.3566,-0.6525,-0.0591,-0.5001,-0.5295,-0.4046,-0.4742,,-0.4872
1925-01-01,-0.3245,-0.7309,0.0712,-0.4950,-0.4695,-0.5346,-0.5052,,-0.5001
1925-02-01,-0.3225,-0.7152,0.0481,-0.4847,-0.4895,-0.4146,-0.5372,,-0.4871
1925-03-01,-0.2838,-0.6057,-0.0005,-0.3842,-0.3695,-0.3446,-0.3732,,-0.3714
1925-04-01,-0.2586,-0.5139,-0.0258,-0.3112,-0.3595,-0.2646,-0.3502,,-0.3307
1925-05-01,-0.2073,-0.4490,-0.0142,-0.3177,-0.3895,-0.3146,-0.2892,,-0.3161
1925-06-01,-0.2098,-0.4472,-0.0124,-0.3504,-0.4295,-0.3346,-0.3042,,-0.3425
1925-07-01,-0.2434,-0.5002,-0.0004,-0.3477,-0.3695,-0.3146,-0.3152,,-0.3315
1925-08-01,-0.2310,-0.5023,-0.0130,-0.1760,-0.2995,-0.2946,-0.2452,,-0.2699
1925-09-01,-0.2606,-0.5071,0.0116,-0.2644,-0.2895,-0.3246,-0.2732,,-0.2814
1925-10-01,-0.2651,-0.5123,0.0064,-0.2927,-0.2695,-0.2346,-0.1592,,-0.2520
1925-11-01,-0.3261,-0.5972,-0.0158,-0.0545,-0.0495,-0.1346,-0.1132,,-0.0839
1925-12-01,-0.3363,-0.6296,-0.0648,0.0082,-0.0295,-0.0746,-0.0222,,-0.0259
1926-01-01,-0.2803,-0.6183,-0.0387,0.0791,0.1105,0.0454,0.0518,,0.0654
1926-02-01,-0.2948,-0.5555,0.0467,-0.0344,-0.0695,-0.1146,-0.1312,,-0.0920
1926-03-01,-0.2600,-0.5537,0.0212,0.0132,0.0205,0.0154,-0.0602,,0.0143
1926-04-01,-0.2364,-0.4620,-0.0500,-0.1675,-0.2295,-0.1246,-0.2142,,-0.1909
1926-05-01,-0.2318,-0.5360,0.0095,-0.2769,-0.3295,-0.3246,-0.2772,,-0.3009
1926-06-01,-0.2271,-0.5035,-0.0250,-0.1909,-0.3595,-0.2346,-0.2092,,-0.2219
1926-07-01,-0.2391,-0.4698,0.0271,-0.2193,-0.3695,-0.3446,-0.3072,,-0.3259
1926-08-01,-0.2329,-0.5469,0.0335,-0.1117,-0.2295,-0.2546,-0.2282,,-0.2289
1926-09-01,-0.2598,-0.5603,-0.0134,-0.1281,-0.2395,-0.2346,-0.1842,,-0.2094
1926-10-01,-0.3076,-0.5654,-0.1035,-0.0790,-0.2095,-0.0946,-0.0182,,-0.0868
1926-11-01,-0.2970,-0.6388,0.0981,-0.1202,-0.1595,-0.2046,-0.1232,,-0.1414
1926-12-01,-0.3437,-0.7561,0.0002,-0.3273,-0.3895,-0.3546,-0.2612,,-0.3409
1927-01-01,-0.3196,-0.6165,0.0862,-0.3205,-0.3695,-0.3546,-0.3132,,-0.3375
1927-02-01,-0.2381,-0.6262,0.1730,-0.2168,-0.2695,-0.2346,-0.2192,,-0.2269
1927-03-01,-0.2226,-0.5615,0.0315,-0.4188,-0.4795,-0.4746,-0.3942,,-0.4467
1927-04-01,-0.1994,-0.5710,0.0523,-0.3260,-0.3995,-0.3946,-0.3952,,-0.3949
1927-05-01,-0.1649,-0.4513,0.0750,-0.2416,-0.3495,-0.3146,-0.2622,,-0.2884
1927-06-01,-0.1697,-0.5759,0.1183,-0.2600,-0.3695,-0.2646,-0.2582,,-0.2623
1927-07-01,-0.1961,-0.6520,0.0724,-0.2213,-0.2895,-0.2746,-0.1512,,-0.2479
1927-08-01,-0.1950,-0.6770,0.1144,-0.2170,-0.3395,-0.1546,-0.1622,,-0.1896
1927-09-01,-0.2354,-0.5662,0.0777,-0.1189,-0.2195,-0.2046,-0.2002,,-0.2024
1927-10-01,-0.2394,-0.5688,0.1535,-0.0317,-0.0995,-0.0946,0.0588,,-0.0631
1927-11-01,-0.2764,-0.5157,0.0092,-0.1308,-0.1495,-0.1546,-0.0782,,-0.1401
1927-12-01,-0.2742,-0.6131,0.0435,-0.3302,-0.4295,-0.4246,-0.3582,,-0.3914
1928-01-01,-0.2514,-0.5542,0.1952,-0.0353,-0.1195,-0.1846,-0.0732,,-0.0964
1928-02-01,-0.2591,-0.6122,0.1558,-0.1332,-0.1895,-0.2146,-0.1842,,-0.1869
1928-03-01,-0.2009,-0.5480,0.1766,-0.3286,-0.3495,-0.3246,-0.3232,,-0.3266
1928-04-01,-0.1787,-0.4623,0.1320,-0.2464,-0.3795,-0.3346,-0.2862,,-0.3104
1928-05-01,-0.1602,-0.3776,0.1499,-0.3125,-0.3895,-0.3146,-0.3232,,-0.3189
1928-06-01,-0.1538,-0.3826,0.1424,-0.3426,-0.4895,-0.2946,-0.3042,,-0.3234
1928-07-01,-0.1863,-0.4455,0.0316,-0.2007,-0.2895,-0.2946,-0.2332,,-0.2614
1928-08-01,-0.2249,-0.4619,-0.0006,-0.1876,-0.3195,-0.3346,-0.2512,,-0.2854
1928-09-01,-0.2396,-0.4664,-0.0266,-0.2167,-0.3095,-0.2246,-0.2212,,-0.2229
1928-10-01,-0.2722,-0.4674,0.0140,-0.1967,-0.2895,-0.2746,-0.1812,,-0.2356
1928-11-01,-0.3262,-0.5687,-0.0284,-0.1831,-0.1895,-0.1846,-0.2282,,-0.1870
1928-12-01,-0.3018,-0.6074,-0.0063,-0.2421,-0.2595,-0.2246,-0.2002,,-0.2333
1929-01-01,-0.3050,-0.6349,-0.0456,-0.4448,-0.5495,-0.4646,-0.4132,,-0.4547
1929-02-01,-0.2905,-0.6384,0.0072,-0.6115,-0.6795,-0.5446,-0.5452,,-0.5784
1929-03-01,-0.2576,-0.5765,0.1041,-0.4954,-0.4295,-0.3846,-0.4672,,-0.4484
1929-04-01,-0.2460,-0.5415,0.0448,-0.4511,-0.5095,-0.4746,-0.4882,,-0.4814
1929-05-01,-0.2345,-0.4500,0.0228,-0.4453,-0.4795,-0.4446,-0.4792,,-0.4623
1929-06-01,-0.2085,-0.4919,0.1249,-0.4136,-0.5295,-0.4746,-0.3012,,-0.4441
1929-07-01,-0.2151,-0.5138,0.1178,-0.4456,-0.4695,-0.5046,-0.4222,,-0.4575
1929-08-01,-0.2381,-0.5507,0.1042,-0.2722,-0.4195,-0.2846,-0.2402,,-0.2784
1929-09-01,-0.2468,-0.5394,0.0950,-0.2835,-0.3495,-0.3146,-0.3322,,-0.3234
1929-10-01,-0.2867,-0.5273,0.0340,-0.2243,-0.2395,-0.2646,-0.1982,,-0.2319
1929-11-01,-0.3301,-0.6357,0.0019,-0.1475,-0.2195,-0.2446,-0.1582,,-0.1889
1929-12-01,-0.3067,-0.5745,-0.0314,-0.5724,-0.6395,-0.5646,-0.5112,,-0.5685
1930-01-01,-0.3335,-0.6484,-0.0967,-0.3689,-0.3995,-0.3646,-0.3252,,-0.3667
1930-02-01,-0.2775,-0.5722,0.0324,-0.3480,-0.3595,-0.3246,-0.3322,,-0.3401
1930-03-01,-0.2889,-0.6407,-0.0267,-0.2545,-0.1995,-0.2546,-0.2082,,-0.2314
1930-04-01,-0.2483,-0.5551,-0.0346,-0.2345,-0.3395,-0.2446,-0.2912,,-0.2679
1930-05-01,-0.2216,-0.5085,-0.0819,-0.2572,-0.3395,-0.2646,-0.2012,,-0.2609
1930-06-01,-0.2298,-0.6518,-0.0184,-0.2070,-0.3095,-0.2446,-0.1092,,-0.2258
1930-07-01,-0.2478,-0.6617,-0.0393,-0.1899,-0.3095,-0.1646,-0.1302,,-0.1772
1930-08-01,-0.2581,-0.7205,-0.0388,-0.1004,-0.2495,-0.2446,-0.0852,,-0.1725
1930-09-01,-0.2801,-0.6850,-0.0106,-0.1031,-0.2495,-0.2446,-0.1592,,-0.2019
1930-10-01,-0.3488,-0.6577,-0.0871,-0.0914,-0.2095,-0.1946,-0.0502,,-0.1430
1930-11-01,-0.3735,-0.7338,-0.0013,0.0644,0.0805,0.0654,0.0988,,0.0730
1930-12-01,-0.3463,-0.6622,-0.0159,-0.0659,-0.1495,-0.1246,-0.0702,,-0.0974
1931-01-01,-0.3477,-0.6356,-0.0699,-0.1411,-0.1995,-0.1346,-0.1262,,-0.1378
1931-02-01,-0.3155,-0.6289,-0.0033,-0.2567,-0.2995,-0.2646,-0.2752,,-0.2699
1931-03-01,-0.2886,-0.6230,-0.0101,-0.1139,-0.1995,-0.1946,-0.2042,,-0.1970
1931-04-01,-0.2647,-0.4729,-0.0344,-0.1766,-0.3295,-0.2646,-0.2522,,-0.2584
1931-05-01,-0.2306,-0.5296,-0.0128,-0.2041,-0.2895,-0.2546,-0.2742,,-0.2644
1931-06-01,-0.2166,-0.4274,0.0011,-0.0310,-0.1795,-0.1346,-0.0882,,-0.1114
1931-07-01,-0.2260,-0.4870,0.0289,-0.0167,-0.1295,-0.1346,-0.0402,,-0.0849
1931-08-01,-0.2304,-0.4137,-0.0111,-0.0370,-0.1295,-0.1046,-0.0852,,-0.0949
1931-09-01,-0.2462,-0.5040,-0.0192,-0.0595,-0.1595,-0.0946,-0.0562,,-0.0770
1931-10-01,-0.2802,-0.6195,-0.0210,-0.0326,-0.0395,-0.0946,0.0628,,-0.0360
1931-11-01,-0.3394,-0.6248,-0.0784,-0.1483,-0.1595,-0.1246,-0.0882,,-0.1364
1931-12-01,-0.3470,-0.7300,-0.0587,-0.1114,-0.1495,-0.1346,-0.1002,,-0.1230
1932-01-01,-0.2992,-0.6714,-0.0684,0.0725,0.0505,0.0054,0.0168,,0.0336
1932-02-01,-0.3125,-0.6047,-0.0940,-0.1884,-0.2695,-0.3146,-0.3262,,-0.2920
1932-03-01,-0.2385,-0.4864,0.0039,-0.2031,-0.2795,-0.2046,-0.2262,,-0.2154
1932-04-01,-0.2226,-0.5637,0.0267,-0.0726,-0.1595,-0.1546,-0.1152,,-0.1349
1932-05-01,-0.1945,-0.4951,0.0777,-0.1687,-0.2695,-0.2346,-0.1852,,-0.2099
1932-06-01,-0.2029,-0.5266,0.0628,-0.2638,-0.3895,-0.2246,-0.2202,,-0.2442
1932-07-01,-0.2342,-0.5537,0.0409,-0.1402,-0.3395,-0.2646,-0.1342,,-0.2024
1932-08-01,-0.2436,-0.4933,0.0177,-0.1976,-0.3095,-0.3646,-0.2042,,-0.2569
1932-09-01,-0.2990,-0.5697,-0.0077,-0.0121,-0.1995,-0.1146,-0.0672,,-0.0909
1932-10-01,-0.3069,-0.5444,-0.0394,-0.1041,-0.1895,-0.1846,-0.1262,,-0.1554
1932-11-01,-0.3720,-0.6323,-0.0355,-0.3019,-0.3695,-0.3446,-0.2882,,-0.3232
1932-12-01,-0.3618,-0.6105,-0.0944,-0.2753,-0.3595,-0.2646,-0.2352,,-0.2699
1933-01-01,-0.3558,-0.6985,-0.0978,-0.2635,-0.3295,-0.2446,-0.2712,,-0.2674
1933-02-01,-0.3145,-0.5732,-0.0306,-0.3041,-0.3895,-0.3846,-0.3132,,-0.3489
1933-03-01,-0.2820,-0.4918,-0.0452,-0.3480,-0.3895,-0.3146,-0.3952,,-0.3687
1933-04-01,-0.2686,-0.4708,-0.0601,-0.2488,-0.3495,-0.2946,-0.3022,,-0.2984
1933-05-01,-0.2545,-0.4486,-0.0162,-0.2367,-0.3895,-0.3246,-0.2882,,-0.3064
1933-06-01,-0.2359,-0.5237,-0.0256,-0.2780,-0.4395,-0.3246,-0.2772,,-0.3013
1933-07-01,-0.2464,-0.5059,-0.0069,-0.2470,-0.3095,-0.3746,-0.2752,,-0.2924
1933-08-01,-0.2655,-0.5618,0.0568,-0.1169,-0.3295,-0.3146,-0.2182,,-0.2664
1933-09-01,-0.2786,-0.5923,-0.0072,-0.2916,-0.3895,-0.4546,-0.3232,,-0.3564
1933-10-01,-0.3079,-0.5926,-0.0634,-0.2100,-0.3495,-0.3146,-0.1482,,-0.2623
1933-11-01,-0.3245,-0.5571,-0.0499,-0.3675,-0.3995,-0.3946,-0.3612,,-0.3810
1933-12-01,-0.3059,-0.6060,-0.0471,-0.4786,-0.5395,-0.4846,-0.4932,,-0.4889
1934-01-01,-0.3014,-0.6514,-0.0302,-0.2841,-0.3095,-0.3446,-0.3082,,-0.3089
1934-02-01,-0.2964,-0.6586,0.0202,-0.1031,-0.1295,-0.1846,-0.1122,,-0.1209
1934-03-01,-0.2773,-0.7100,0.0678,-0.3907,-0.3895,-0.3546,-0.3912,,-0.3901
1934-04-01,-0.2734,-0.5595,-0.0114,-0.3286,-0.4095,-0.3246,-0.3772,,-0.3529
1934-05-01,-0.2435,-0.5459,-0.0179,-0.1015,-0.1995,-0.1746,-0.1812,,-0.1779
1934-06-01,-0.2130,-0.5028,-0.0024,-0.0510,-0.2495,-0.2146,-0.1112,,-0.1629
1934-07-01,-0.2140,-0.5406,0.0185,-0.1382,-0.2095,-0.2246,-0.1462,,-0.1779
1934-08-01,-0.2168,-0.5410,0.0349,-0.0711,-0.2195,-0.2246,-0.1912,,-0.2054
1934-09-01,-0.2487,-0.5822,0.0034,-0.0958,-0.2495,-0.1746,-0.1342,,-0.1544
1934-10-01,-0.2953,-0.6881,-0.0157,-0.0409,-0.1695,-0.1346,0.0028,,-0.0877
1934-11-01,-0.3224,-0.8071,-0.0718,0.0713,-0.0695,-0.0446,0.0938,,0.0134
1934-12-01,-0.3409,-0.7778,-0.0814,-0.0747,-0.1295,-0.1546,-0.1142,,-0.1219
1935-01-01,-0.3067,-0.4864,-0.1052,-0.3107,-0.4395,-0.3646,-0.3652,,-0.3649
1935-02-01,-0.2896,-0.5621,-0.0261,0.0907,0.0405,0.0454,0.0588,,0.0521
1935-03-01,-0.2723,-0.6451,-0.0156,-0.1786,-0.2395,-0.2546,-0.2322,,-0.2359
1935-04-01,-0.2610,-0.5058,-0.0832,-0.2827,-0.4695,-0.4346,-0.3302,,-0.3824
1935-05-01,-0.2165,-0.3950,-0.0480,-0.2725,-0.3895,-0.3446,-0.3252,,-0.3349
1935-06-01,-0.2059,-0.4806,-0.0368,-0.1732,-0.3695,-0.3346,-0.2102,,-0.2724
1935-07-01,-0.2057,-0.4845,0.0150,-0.1059,-0.3095,-0.2046,-0.0982,,-0.1552
1935-08-01,-0.2032,-0.4469,-0.0122,-0.1114,-0.3195,-0.2046,-0.1472,,-0.1759
1935-09-01,-0.2286,-0.5565,-0.0085,-0.1506,-0.3095,-0.1846,-0.1722,,-0.1784
1935-10-01,-0.2640,-0.6914,-0.0457,-0.0214,-0.1595,-0.1546,-0.0482,,-0.1014
1935-11-01,-0.2608,-0.5435,-0.0212,-0.2846,-0.3595,-0.2646,-0.3042,,-0.2944
1935-12-01,-0.2663,-0.6036,-0.0365,-0.2189,-0.2695,-0.2046,-0.2272,,-0.2231
1936-01-01,-0.2263,-0.6204,-0.0013,-0.3601,-0.3795,-0.3946,-0.3552,,-0.3698
1936-02-01,-0.2224,-0.5682,0.0398,-0.3026,-0.4795,-0.3546,-0.3602,,-0.3574
1936-03-01,-0.1948,-0.4981,0.0823,-0.2913,-0.3095,-0.2946,-0.2882,,-0.2929
1936-04-01,-0.1837,-0.4506,0.0831,-0.1546,-0.2995,-0.2246,-0.2242,,-0.2244
1936-05-01,-0.1671,-0.4444,0.0670,-0.1333,-0.2595,-0.2346,-0.2052,,-0.2199
1936-06-01,-0.1512,-0.4537,0.0518,-0.1148,-0.3195,-0.2346,-0.1242,,-0.1794
1936-07-01,-0.1642,-0.4573,0.0161,-0.0341,-0.1995,-0.1246,-0.0552,,-0.0899
1936-08-01,-0.1866,-0.4508,0.0041,-0.0381,-0.2295,-0.0746,-0.0552,,-0.0649
1936-09-01,-0.2029,-0.5260,0.0746,-0.0732,-0.1895,-0.1946,-0.0902,,-0.1399
1936-10-01,-0.2373,-0.4995,-0.0105,-0.0043,-0.1295,-0.0846,0.0378,,-0.0444
1936-11-01,-0.2849,-0.5913,-0.0524,-0.0155,-0.0895,-0.1446,-0.0782,,-0.0839
1936-12-01,-0.2982,-0.6094,-0.0617,-0.0615,-0.1095,-0.1046,-0.0232,,-0.0830
1937-01-01,-0.2756,-0.5842,0.1193,-0.0763,-0.1695,-0.1646,-0.1282,,-0.1464
1937-02-01,-0.2227,-0.5407,0.0614,0.1134,-0.0695,-0.0546,0.0168,,-0.0189
1937-03-01,-0.2001,-0.4443,0.0127,-0.2244,-0.2995,-0.2846,-0.1952,,-0.2545
1937-04-01,-0.1856,-0.4578,0.0668,-0.0834,-0.2595,-0.2546,-0.1252,,-0.1899
1937-05-01,-0.1932,-0.3951,0.0390,-0.0534,-0.1595,-0.1546,-0.1282,,-0.1414
1937-06-01,-0.1915,-0.4849,0.0296,0.0316,-0.1495,-0.1346,-0.0192,,-0.0769
1937-07-01,-0.2132,-0.5124,-0.0206,0.0601,-0.1395,-0.1146,0.0598,,-0.0274
1937-08-01,-0.2354,-0.5199,-0.0096,0.0733,-0.0895,-0.0546,0.0378,,-0.0084
1937-09-01,-0.2492,-0.6086,0.0133,0.1782,-0.0095,0.0054,0.1448,,0.0751
1937-10-01,-0.2887,-0.6530,-0.0372,0.1652,-0.0195,-0.0046,0.1958,,0.0803
1937-11-01,-0.3359,-0.7266,-0.0601,0.1028,-0.0195,-0.0146,0.0708,,0.0281
1937-12-01,-0.3320,-0.6730,-0.0486,-0.0375,-0.1795,-0.1746,-0.0452,,-0.1099
1938-01-01,-0.3149,-0.7519,-0.0448,0.0780,-0.0195,-0.0746,0.0178,,-0.0009
1938-02-01,-0.2497,-0.6488,-0.0176,0.0205,-0.0595,-0.0546,0.0138,,-0.0204
1938-03-01,-0.2321,-0.5836,0.0175,0.0151,0.0005,-0.0046,0.0018,,0.0011
1938-04-01,-0.2175,-0.4724,0.0154,0.0771,-0.0395,-0.0246,-0.0472,,-0.0320
1938-05-01,-0.1998,-0.5171,0.0567,-0.0590,-0.1995,-0.1746,-0.1192,,-0.1469
1938-06-01,-0.2112,-0.5756,0.0166,-0.0547,-0.2695,-0.2646,-0.1612,,-0.2129
1938-07-01,-0.2084,-0.5898,0.0703,-0.0086,-0.1895,-0.1346,-0.0582,,-0.0964
1938-08-01,-0.2171,-0.6603,0.0090,0.0315,-0.1595,-0.1346,-0.0682,,-0.1014
1938-09-01,-0.2113,-0.5603,0.0305,0.0574,-0.0895,-0.0446,0.0358,,-0.0044
1938-10-01,-0.2604,-0.5520,-0.0256,0.1946,0.0505,-0.0046,0.1748,,0.1126
1938-11-01,-0.2989,-0.6967,-0.0107,0.0909,-0.0295,-0.0246,0.0548,,0.0151
1938-12-01,-0.2678,-0.5168,0.0099,-0.1648,-0.2195,-0.2446,-0.1602,,-0.1921
1939-01-01,-0.2485,-0.4949,0.0148,-0.0852,-0.1495,-0.1446,-0.1172,,-0.1309
1939-02-01,-0.2148,-0.5964,0.0258,-0.0785,-0.1595,-0.1646,-0.1542,,-0.1569
1939-03-01,-0.1947,-0.5838,0.1268,-0.2524,-0.2795,-0.3346,-0.2902,,-0.2849
1939-04-01,-0.1757,-0.4563,0.0232,-0.0692,-0.1995,-0.2546,-0.0912,,-0.1454
1939-05-01,-0.1502,-0.4405,0.0958,0.0073,-0.1495,-0.1446,0.0218,,-0.0686
1939-06-01,-0.1472,-0.4060,0.0940,0.0562,-0.1695,-0.1246,0.0398,,-0.0424
1939-07-01,-0.1647,-0.4758,0.0884,0.0059,-0.1595,-0.0346,-0.0372,,-0.0359
1939-08-01,-0.1750,-0.4900,0.1029,0.0162,-0.1595,-0.0446,-0.0062,,-0.0254
1939-09-01,-0.1847,-0.5545,0.0671,0.0480,-0.1695,-0.0446,0.0288,,-0.0079
1939-10-01,-0.2330,-0.5173,0.0246,-0.0367,-0.1395,-0.1446,-0.0492,,-0.0944
1939-11-01,-0.2578,-0.5219,-0.0316,0.1150,-0.0295,-0.0046,0.0188,,0.0071
1939-12-01,-0.2654,-0.6052,-0.0212,0.4313,0.3205,0.3254,0.3428,,0.3341
1940-01-01,-0.2752,-0.6183,-0.0316,0.0372,-0.1095,-0.0246,0.0348,-0.3446,-0.0246
1940-02-01,-0.2563,-0.6237,0.0043,0.1686,-0.0195,0.0854,0.1218,-0.2600,0.0854
1940-03-01,-0.2241,-0.5432,0.0256,0.0444,-0.0095,-0.0346,0.1018,-0.2901,-0.0095
1940-04-01,-0.1923,-0.5038,0.0335,0.2181,0.0705,0.1454,0.1388,-0.0531,0.1388
1940-05-01,-0.1685,-0.4095,0.0424,0.1042,0.0005,0.0754,0.0848,-0.0089,0.0754
1940-06-01,-0.1608,-0.4959,0.0195,0.1146,0.0105,-0.0646,0.0858,-0.1949,0.0105
1940-07-01,-0.1627,-0.4809,0.0412,0.2103,0.0205,-0.0346,0.1188,-0.0064,0.0205
1940-08-01,-0.1631,-0.4617,0.0294,0.1521,-0.0295,-0.0346,0.0498,-0.0557,-0.0295
1940-09-01,-0.1923,-0.4520,-0.0028,0.1746,0.0505,0.0554,0.0978,-0.1867,0.0554
1940-10-01,-0.2205,-0.5242,-0.0238,0.1398,0.0105,0.0754,0.0968,-0.3210,0.0754
1940-11-01,-0.2472,-0.5483,-0.0095,0.0489,0.0605,0.0654,-0.0112,-0.2244,0.0489
1940-12-01,-0.2495,-0.6109,0.0465,0.2581,0.2105,0.1854,0.1518,-0.0288,0.1854
1941-01-01,-0.2282,-0.5832,0.0463,-0.0294,0.0705,0.0254,-0.1942,-0.0804,-0.0294
1941-02-01,-0.2176,-0.6014,0.0516,0.1138,0.2005,0.1654,-0.0142,0.0634,0.1138
1941-03-01,-0.1866,-0.5307,0.0495,-0.1242,0.0005,-0.0046,-0.1162,-0.1187,-0.1162
1941-04-01,-0.1562,-0.4800,0.1595,0.0218,0.0605,0.1354,-0.0882,-0.2551,0.0218
1941-05-01,-0.1182,-0.4161,0.0978,0.0523,0.0605,0.0654,-0.0392,-0.0999,0.0523
1941-06-01,-0.1233,-0.3994,0.0977,0.0463,0.0205,0.0854,0.0368,-0.0195,0.0368
1941-07-01,-0.1361,-0.4062,0.1707,0.1515,0.1205,0.1054,0.1388,-0.0996,0.1205
1941-08-01,-0.1405,-0.4442,0.0525,0.0341,0.0405,0.0854,-0.0182,-0.0314,0.0341
1941-09-01,-0.1850,-0.4737,0.0006,-0.1710,-0.0795,-0.0146,-0.1932,-0.4060,-0.1710
1941-10-01,-0.2190,-0.5220,0.0426,0.1784,0.2505,0.2154,0.1348,-0.0160,0.1784
1941-11-01,-0.2484,-0.5481,0.0059,-0.0447,0.1205,0.0854,-0.0362,-0.2497,-0.0362
1941-12-01,-0.2520,-0.5859,0.0870,0.0632,0.1105,0.2254,0.0038,-0.1202,0.0632
1942-01-01,-0.2280,-0.5801,0.1399,0.2109,0.1905,0.1954,0.1378,0.0393,0.1905
1942-02-01,-0.2376,-0.4993,0.0711,-0.0282,-0.0795,-0.1446,-0.1432,-0.1901,-0.1432
1942-03-01,-0.1740,-0.5379,0.0922,-0.0872,-0.0495,-0.0246,-0.1042,-0.1136,-0.0872
1942-04-01,-0.1791,-0.4592,0.0609,-0.0447,-0.0095,-0.0446,-0.1602,-0.2518,-0.0447
1942-05-01,-0.1657,-0.4469,0.0859,0.0846,0.0105,-0.0046,-0.0502,-0.1013,-0.0046
1942-06-01,-0.1643,-0.5443,0.1187,-0.0107,-0.0495,-0.0146,-0.0562,-0.2064,-0.0495
1942-07-01,-0.1685,-0.5515,0.1302,-0.0996,-0.0995,-0.1246,-0.1532,-0.2814,-0.1246
1942-08-01,-0.1986,-0.5144,0.0297,-0.1013,-0.1395,-0.0746,-0.1892,-0.3049,-0.1395
1942-09-01,-0.2025,-0.4865,-0.0275,-0.0570,-0.1295,-0.0346,-0.1012,-0.2932,-0.1012
1942-10-01,-0.2126,-0.3899,-0.0509,-0.1343,-0.0895,-0.0846,-0.0932,-0.2293,-0.0932
1942-11-01,-0.2708,-0.4792,-0.0464,-0.1030,-0.0095,-0.0446,-0.1212,-0.3396,-0.1030
1942-12-01,-0.2764,-0.4571,-0.0582,-0.1260,0.0205,-0.0346,-0.0752,-0.2485,-0.0752
1943-01-01,-0.2749,-0.5928,-0.0769,-0.2348,-0.1095,-0.1746,-0.1682,-0.2169,-0.1746
1943-02-01,-0.2703,-0.5851,-0.0090,-0.0709,0.0705,-0.0446,-0.0402,-0.0775,-0.0446
1943-03-01,-0.2171,-0.5131,0.0477,-0.2085,-0.1395,-0.1146,-0.2352,-0.2904,-0.2085
1943-04-01,-0.1788,-0.4049,0.0343,-0.0195,0.0105,0.0454,-0.0782,-0.2205,-0.0195
1943-05-01,-0.1587,-0.3997,0.0517,-0.0099,-0.0395,-0.0646,-0.0892,-0.1224,-0.0646
1943-06-01,-0.1734,-0.4651,0.1059,-0.1238,-0.1495,-0.2046,-0.0922,-0.2893,-0.1495
1943-07-01,-0.1678,-0.4641,0.0779,-0.0246,-0.0195,-0.0246,-0.0972,-0.2987,-0.0246
1943-08-01,-0.2018,-0.4797,0.0401,-0.0187,-0.0895,-0.0246,-0.0422,-0.3331,-0.0422
1943-09-01,-0.1924,-0.5074,0.1146,-0.0648,-0.0495,-0.0946,-0.0592,-0.2617,-0.0648
1943-10-01,-0.2254,-0.4550,0.0044,0.1791,0.1305,0.1554,0.2008,-0.1575,0.1554
1943-11-01,-0.2654,-0.5206,0.0605,0.0534,0.1005,0.0754,0.0368,-0.1415,0.0534
1943-12-01,-0.2790,-0.5500,0.0535,0.0585,0.1305,0.1154,0.0418,-0.0391,0.0585
1944-01-01,-0.2514,-0.5670,0.1252,0.2725,0.2605,0.1954,0.1688,0.2109,0.2109
1944-02-01,-0.2582,-0.4759,-0.0039,0.0713,0.1405,0.1654,0.0698,0.0982,0.0982
1944-03-01,-0.1848,-0.4211,0.0766,0.0653,0.1605,0.1554,0.0788,0.1364,0.1364
1944-04-01,-0.1699,-0.4432,0.0040,-0.0115,0.0905,0.0454,-0.0262,-0.0788,-0.0115
1944-05-01,-0.1463,-0.4034,0.0400,0.0663,0.0805,0.0754,0.0488,-0.0909,0.0663
1944-06-01,-0.1568,-0.4683,0.0333,0.0507,0.0505,0.0654,-0.0452,-0.0435,0.0505
1944-07-01,-0.1839,-0.5536,0.0214,0.0964,0.0705,0.0054,0.0258,-0.0889,0.0258
1944-08-01,-0.2116,-0.5425,0.0539,0.1534,0.0805,0.0254,0.1038,-0.0251,0.0805
1944-09-01,-0.2056,-0.5657,0.0421,0.1118,0.1805,0.1554,0.1588,0.0357,0.1554
1944-10-01,-0.2457,-0.5675,-0.0527,0.1555,0.1605,0.1254,0.1838,0.0327,0.1555
1944-11-01,-0.2370,-0.4436,-0.0518,0.0349,0.0205,0.0154,-0.0392,-0.1571,0.0154
1944-12-01,-0.2909,-0.5342,-0.0602,0.0284,-0.0595,0.1154,0.0448,-0.1907,0.0284
1945-01-01,-0.2324,-0.5434,0.0524,0.0375,0.0005,0.0554,-0.0132,-0.1436,0.0005
1945-02-01,-0.1797,-0.4338,0.0064,-0.0091,-0.0895,0.0054,-0.0922,-0.3135,-0.0895
1945-03-01,-0.1785,-0.3599,-0.0232,-0.0203,-0.0395,0.0254,-0.1222,-0.2145,-0.0395
1945-04-01,-0.1288,-0.3484,0.1125,0.1542,0.0905,0.1954,0.0208,-0.1127,0.0905
1945-05-01,-0.1153,-0.3151,0.0851,-0.1150,-0.0395,-0.0146,-0.1142,-0.2261,-0.1142
1945-06-01,-0.1048,-0.3475,0.0207,-0.0944,-0.0895,0.0154,-0.0632,-0.0598,-0.0632
1945-07-01,-0.1346,-0.3482,0.0251,-0.0505,-0.0595,-0.1046,-0.0782,-0.2044,-0.0782
1945-08-01,-0.1285,-0.3920,0.0677,0.1840,0.1605,0.1954,0.1168,0.1082,0.1605
1945-09-01,-0.1636,-0.3892,0.0772,0.0534,0.1105,0.0154,-0.0202,-0.0776,0.0154
1945-10-01,-0.1815,-0.4236,0.0506,0.0413,0.0905,0.0354,0.1568,-0.0657,0.0413
1945-11-01,-0.2309,-0.5163,0.0322,-0.0517,-0.0295,-0.0246,-0.0492,-0.2219,-0.0492
1945-12-01,-0.2387,-0.5218,-0.0628,-0.2511,-0.1695,-0.1646,-0.2192,-0.2964,-0.2192
1946-01-01,-0.2223,-0.4655,0.0713,0.0195,0.0505,0.1354,-0.0602,-0.0198,0.0195
1946-02-01,-0.1901,-0.5204,0.0647,-0.1458,-0.0695,-0.0946,-0.2512,-0.1198,-0.1198
1946-03-01,-0.1683,-0.3857,0.2454,-0.1516,-0.0895,-0.1446,-0.1502,-0.0570,-0.1446
1946-04-01,-0.1050,-0.3596,0.1300,-0.0264,-0.0395,-0.0546,-0.0762,-0.0719,-0.0546
1946-05-01,-0.1201,-0.3532,0.0990,-0.1054,-0.1695,-0.1246,-0.1112,-0.0467,-0.1112
1946-06-01,-0.1244,-0.3757,0.1041,-0.2907,-0.3095,-0.2346,-0.2942,-0.1650,-0.2907
1946-07-01,-0.1567,-0.4112,0.0921,-0.1348,-0.2195,-0.1346,-0.1492,-0.1343,-0.1348
1946-08-01,-0.2066,-0.5482,0.0425,-0.1793,-0.2995,-0.2346,-0.1932,-0.2264,-0.2264
1946-09-01,-0.2135,-0.4472,0.0161,-0.1190,-0.1695,-0.0446,-0.1382,-0.2058,-0.1382
1946-10-01,-0.2542,-0.4649,-0.0031,-0.0927,-0.1695,-0.1346,-0.0662,-0.2856,-0.1346
1946-11-01,-0.3244,-0.5551,-0.0256,-0.1362,-0.1495,-0.1046,-0.1422,-0.1899,-0.1422
1946-12-01,-0.3198,-0.5692,0.0314,-0.3675,-0.4095,-0.2746,-0.3142,-0.2693,-0.3142
1947-01-01,-0.2950,-0.5373,-0.0170,-0.1756,-0.1595,-0.0846,-0.1312,-0.0326,-0.1312
1947-02-01,-0.2873,-0.5594,0.0294,-0.1678,-0.1795,-0.1146,-0.1412,-0.1195,-0.1412
1947-03-01,-0.2310,-0.4865,0.0020,-0.0993,-0.0295,-0.0746,0.0028,0.0161,-0.0295
1947-04-01,-0.2299,-0.4930,-0.0121,-0.0806,-0.0395,-0.0346,-0.0842,0.0378,-0.0395
1947-05-01,-0.1811,-0.3899,0.0288,-0.0931,-0.1195,-0.1146,-0.1472,-0.0621,-0.1146
1947-06-01,-0.1666,-0.4059,0.0236,-0.1127,-0.1195,-0.1346,-0.0192,-0.0457,-0.1127
1947-07-01,-0.1618,-0.4074,0.0206,-0.0883,-0.1495,-0.0846,-0.0752,-0.0988,-0.0883
1947-08-01,-0.1820,-0.4166,0.0411,-0.1374,-0.1695,-0.1946,-0.1932,-0.2204,-0.1932
1947-09-01,-0.2236,-0.5092,-0.0054,-0.1852,-0.2195,-0.2046,-0.1682,-0.2437,-0.2046
1947-10-01,-0.2550,-0.5641,-0.0549,0.0136,-0.0295,-0.0846,0.0088,-0.0875,-0.0295
1947-11-01,-0.2838,-0.6027,-0.0489,0.0053,-0.0795,-0.0846,-0.0502,-0.1562,-0.0795
1947-12-01,-0.2647,-0.5944,-0.0039,-0.2558,-0.2295,-0.2046,-0.2172,-0.2445,-0.2295
1948-01-01,-0.2762,-0.6642,-0.0133,-0.0426,-0.0395,-0.0846,-0.0852,-0.0497,-0.0497
1948-02-01,-0.2241,-0.6293,0.0611,-0.2604,-0.2495,-0.1846,-0.2512,-0.2425,-0.2495
1948-03-01,-0.1700,-0.5351,0.1313,-0.3111,-0.3395,-0.2446,-0.3152,-0.2973,-0.3111
1948-04-01,-0.1514,-0.4863,0.0989,-0.1405,-0.2195,-0.1546,-0.2492,-0.1904,-0.1904
1948-05-01,-0.1163,-0.4154,0.0823,0.0313,-0.1095,0.0254,0.0428,-0.0383,0.0254
1948-06-01,-0.1004,-0.3782,0.1274,-0.0347,-0.1495,-0.1846,-0.0532,-0.1289,-0.1289
1948-07-01,-0.1295,-0.4320,0.1009,-0.1557,-0.2095,-0.1146,-0.1482,-0.1514,-0.1514
1948-08-01,-0.1502,-0.4386,0.0963,-0.0711,-0.2095,-0.0946,-0.0932,-0.1271,-0.0946
1948-09-01,-0.1561,-0.4645,0.0657,-0.1609,-0.2395,-0.1946,-0.1772,-0.2679,-0.1946
1948-10-01,-0.1918,-0.4799,0.1055,-0.0821,-0.1495,-0.0946,-0.0692,-0.0915,-0.0915
1948-11-01,-0.2250,-0.4863,0.0312,-0.2005,-0.2295,-0.1446,-0.2312,-0.0855,-0.2005
1948-12-01,-0.2501,-0.5522,0.0363,-0.3719,-0.3395,-0.3546,-0.3452,-0.3255,-0.3452
1949-01-01,-0.2250,-0.5597,0.0462,-0.0508,-0.0395,-0.0146,-0.0442,0.0583,-0.0395
1949-02-01,-0.2270,-0.5133,-0.0215,-0.2698,-0.2395,-0.2046,-0.3212,-0.1423,-0.2395
1949-03-01,-0.1831,-0.6347,0.0775,-0.1429,-0.1195,-0.1046,-0.2132,-0.1042,-0.1195
1949-04-01,-0.1445,-0.4080,0.0896,-0.1801,-0.2095,-0.1546,-0.2272,-0.1814,-0.1814
1949-05-01,-0.1300,-0.4156,0.0806,-0.1415,-0.1995,-0.1046,-0.1552,-0.1014,-0.1415
1949-06-01,-0.1455,-0.4560,0.0336,-0.2666,-0.3695,-0.2446,-0.2222,-0.2104,-0.2446
1949-07-01,-0.1814,-0.5315,0.0708,-0.2133,-0.2295,-0.1846,-0.2072,-0.1141,-0.2072
1949-08-01,-0.1998,-0.5517,0.0561,-0.1096,-0.2295,-0.1446,-0.1732,-0.2226,-0.1732
1949-09-01,-0.1998,-0.5838,0.0339,-0.1603,-0.2395,-0.2446,-0.2162,-0.1852,-0.2162
1949-10-01,-0.2250,-0.6180,0.0619,-0.1247,-0.1695,-0.1646,-0.1372,-0.1754,-0.1646
1949-11-01,-0.2744,-0.5931,-0.0301,-0.2189,-0.1995,-0.1946,-0.2202,-0.1191,-0.1995
1949-12-01,-0.2434,-0.6362,0.0028,-0.2470,-0.2795,-0.1546,-0.1712,-0.0996,-0.1712
1950-01-01,-0.2234,-0.6576,0.0267,-0.3352,-0.3595,-0.2846,-0.4252,-0.3098,-0.3352
1950-02-01,-0.2146,-0.6346,0.1020,-0.4053,-0.3695,-0.3446,-0.4702,-0.3301,-0.3695
1950-03-01,-0.1217,-0.4219,0.2008,-0.2544,-0.1795,-0.1346,-0.2762,-0.1789,-0.1795
1950-04-01,-0.1357,-0.3971,0.1257,-0.2781,-0.3095,-0.2846,-0.3012,-0.2850,-0.2850
1950-05-01,-0.1356,-0.4265,0.0547,-0.1809,-0.2095,-0.1246,-0.1502,-0.1944,-0.1809
1950-06-01,-0.1244,-0.3960,0.1340,-0.1402,-0.1495,-0.1846,-0.1432,-0.1668,-0.1495
1950-07-01,-0.1110,-0.4130,0.1299,-0.1460,-0.1895,-0.1646,-0.1202,-0.2693,-0.1646
1950-08-01,-0.1321,-0.3765,0.1073,-0.1922,-0.2595,-0.2246,-0.1852,-0.3731,-0.2246
1950-09-01,-0.1408,-0.4583,0.0558,-0.2824,-0.2095,-0.1946,-0.2652,-0.2168,-0.2168
1950-10-01,-0.1826,-0.4032,0.0145,-0.2365,-0.2995,-0.2846,-0.1722,-0.1544,-0.2365
1950-11-01,-0.1579,-0.3840,0.1154,-0.4174,-0.4395,-0.4046,-0.4042,-0.3661,-0.4046
1950-12-01,-0.1899,-0.5613,0.0543,-0.2920,-0.3195,-0.3046,-0.2782,-0.0911,-0.2920
1951-01-01,-0.1565,-0.4372,0.0210,-0.3930,-0.4395,-0.4246,-0.4552,-0.3175,-0.4246
1951-02-01,-0.1402,-0.3219,0.0778,-0.5424,-0.5195,-0.4846,-0.5292,-0.4393,-0.5195
1951-03-01,-0.0905,-0.3039,0.1183,-0.2983,-0.2995,-0.2346,-0.2872,-0.2502,-0.2872
1951-04-01,-0.0861,-0.2612,0.0402,-0.1540,-0.2395,-0.2246,-0.1902,-0.1671,-0.1902
1951-05-01,-0.0576,-0.2575,0.1007,-0.0022,-0.0995,-0.0746,-0.0272,0.0953,-0.0272
1951-06-01,-0.1002,-0.3380,0.0905,0.0267,-0.1695,-0.0746,0.0438,-0.0268,-0.0268
1951-07-01,-0.0957,-0.3219,0.0516,0.0041,-0.1095,-0.0946,-0.0492,-0.2239,-0.0946
1951-08-01,-0.1271,-0.3264,0.0036,0.0877,-0.0395,0.0154,0.0568,-0.0447,0.0154
1951-09-01,-0.1778,-0.4340,0.0112,0.1001,-0.0495,0.0254,0.0438,-0.0447,0.0254
1951-10-01,-0.1936,-0.4631,0.0028,0.0938,-0.0195,0.0454,0.1678,0.0103,0.0454
1951-11-01,-0.2305,-0.5252,0.0019,-0.1032,-0.1095,-0.1146,-0.0882,-0.0450,-0.1032
1951-12-01,-0.2375,-0.6339,0.0471,0.0425,0.0505,0.0754,0.0868,0.1067,0.0754
1952-01-01,-0.2047,-0.4851,0.0317,0.0684,0.0105,0.0254,0.0788,0.0909,0.0684
1952-02-01,-0.1963,-0.5441,0.1096,0.0419,0.0105,0.0254,0.0068,0.0062,0.0105
1952-03-01,-0.1844,-0.4309,0.0738,-0.1889,-0.1795,-0.1446,-0.1542,-0.1479,-0.1542
1952-04-01,-0.1350,-0.4378,0.1011,0.0179,-0.0695,-0.0146,-0.0152,-0.1543,-0.0152
1952-05-01,-0.1167,-0.4417,0.0750,-0.0028,-0.1295,-0.0946,0.0058,-0.0570,-0.0570
1952-06-01,-0.1000,-0.4272,0.1465,-0.0049,-0.1295,-0.1146,-0.0012,-0.0707,-0.0707
1952-07-01,-0.1346,-0.4401,0.0982,0.0645,-0.0595,-0.0746,0.0278,-0.0976,-0.0595
1952-08-01,-0.1454,-0.4949,0.1128,0.0730,-0.0495,-0.0646,0.0368,-0.2434,-0.0495
1952-09-01,-0.1624,-0.4295,0.0589,0.0659,-0.0295,-0.0446,0.0618,-0.1645,-0.0295
1952-10-01,-0.1869,-0.4265,0.0515,-0.0461,-0.0995,-0.0846,0.0138,-0.1997,-0.0846
1952-11-01,-0.2547,-0.5721,-0.0453,-0.1534,-0.2295,-0.1746,-0.1732,-0.3765,-0.1746
1952-12-01,-0.2501,-0.5951,-0.0090,-0.0653,-0.1195,-0.0846,-0.0542,-0.1309,-0.0846
1953-01-01,-0.1540,-0.3888,0.1264,-0.0319,-0.0295,-0.0046,-0.0342,-0.0515,-0.0319
1953-02-01,-0.1581,-0.3973,0.0602,0.0726,0.0505,0.0854,0.0988,-0.0010,0.0726
1953-03-01,-0.1581,-0.4586,0.0436,-0.0093,0.0105,0.0454,-0.0082,-0.0573,-0.0082
1953-04-01,-0.1027,-0.5327,0.1464,0.2032,0.1005,0.1154,0.1948,0.0494,0.1154
1953-05-01,-0.0938,-0.3257,0.1209,0.1285,0.0205,0.0554,0.1828,0.1176,0.1176
1953-06-01,-0.0978,-0.2906,0.0535,0.1213,0.0205,0.0054,0.1398,-0.0510,0.0205
1953-07-01,-0.1254,-0.3736,0.0478,0.0208,-0.0895,-0.1046,0.0338,-0.0580,-0.0580
1953-08-01,-0.1299,-0.3368,0.0025,0.0668,-0.0495,-0.0946,0.0338,-0.0863,-0.0495
1953-09-01,-0.1292,-0.3072,0.0405,0.0635,-0.0495,-0.1046,-0.0012,-0.1840,-0.0495
1953-10-01,-0.1547,-0.3639,0.1027,0.0632,-0.0195,-0.0346,0.0718,-0.1056,-0.0195
1953-11-01,-0.1894,-0.4690,0.0827,-0.0310,-0.1295,-0.1046,-0.0762,-0.1588,-0.1046
1953-12-01,-0.1723,-0.4169,0.0911,-0.0001,-0.0495,-0.0246,0.0538,-0.0244,-0.0244
1954-01-01,-0.1491,-0.6228,0.3495,-0.2662,-0.3395,-0.2446,-0.2762,-0.2746,-0.2746
1954-02-01,-0.1203,-0.3987,0.3390,-0.1140,-0.1995,-0.1146,-0.1432,-0.1889,-0.1432
1954-03-01,-0.1328,-0.4134,0.1635,-0.2057,-0.2495,-0.1946,-0.1752,-0.1528,-0.1946
1954-04-01,-0.1353,-0.3216,0.0487,-0.1395,-0.2395,-0.2646,-0.2182,-0.2212,-0.2212
1954-05-01,-0.0987,-0.3108,0.0922,-0.1943,-0.2995,-0.2646,-0.2052,-0.1369,-0.2052
1954-06-01,-0.0599,-0.3048,0.1503,-0.1547,-0.2895,-0.2046,-0.0862,-0.2562,-0.2046
1954-07-01,-0.0605,-0.2609,0.2036,-0.2205,-0.2895,-0.2346,-0.1482,-0.2881,-0.2346
1954-08-01,-0.0753,-0.3000,0.0991,-0.1252,-0.2695,-0.1946,-0.1702,-0.3588,-0.1946
1954-09-01,-0.1170,-0.3797,0.0705,-0.1399,-0.1995,-0.2146,-0.2022,-0.4271,-0.2022
1954-10-01,-0.1686,-0.3959,0.0302,-0.0358,-0.1195,-0.1146,-0.0042,-0.2794,-0.1146
1954-11-01,-0.1916,-0.3635,0.0228,0.0940,-0.0195,-0.0446,0.0218,-0.1484,-0.0195
1954-12-01,-0.2108,-0.4536,0.0184,-0.1881,-0.2795,-0.1946,-0.1662,-0.2416,-0.1946
1955-01-01,-0.1632,-0.4280,0.0967,0.0857,0.0305,0.0654,0.0448,0.0199,0.0448
1955-02-01,-0.1173,-0.4897,0.1701,-0.2137,-0.2595,-0.2846,-0.2842,-0.3098,-0.2842
1955-03-01,-0.1020,-0.4770,0.2136,-0.4208,-0.4195,-0.3646,-0.4262,-0.4298,-0.4208
1955-04-01,-0.0864,-0.3111,0.1634,-0.2544,-0.3195,-0.2946,-0.3072,-0.2928,-0.2946
1955-05-01,-0.0601,-0.3787,0.1945,-0.2622,-0.2995,-0.2846,-0.3112,-0.2123,-0.2846
1955-06-01,-0.0712,-0.3478,0.1824,-0.2059,-0.2295,-0.2346,-0.2032,-0.2464,-0.2295
1955-07-01,-0.0736,-0.3908,0.1215,-0.2378,-0.2095,-0.2546,-0.2432,-0.3193,-0.2432
1955-08-01,-0.0813,-0.3837,0.0987,-0.1177,-0.0795,-0.0646,0.0528,-0.1564,-0.0795
1955-09-01,-0.1060,-0.4211,0.2024,-0.1722,-0.2095,-0.2246,-0.1932,-0.2353,-0.2095
1955-10-01,-0.1441,-0.5166,0.1023,-0.1428,-0.1495,-0.1846,-0.1292,-0.2456,-0.1495
1955-11-01,-0.1531,-0.5280,0.0512,-0.3509,-0.3495,-0.3746,-0.3502,-0.3853,-0.3509
1955-12-01,-0.1623,-0.4292,0.0420,-0.3942,-0.3795,-0.4146,-0.3682,-0.3751,-0.3795
1956-01-01,-0.1191,-0.3988,0.0864,-0.2635,-0.2295,-0.2146,-0.2142,-0.1557,-0.2146
1956-02-01,-0.1305,-0.5163,0.1072,-0.3132,-0.3395,-0.2646,-0.3142,-0.2843,-0.3132
1956-03-01,-0.0570,-0.2876,0.1738,-0.3909,-0.3095,-0.2646,-0.3842,-0.2480,-0.3095
1956-04-01,-0.0140,-0.2888,0.2546,-0.3348,-0.3795,-0.3446,-0.3612,-0.3279,-0.3446
1956-05-01,-0.0200,-0.2299,0.1880,-0.3661,-0.3895,-0.3646,-0.3562,-0.3294,-0.3646
1956-06-01,0.0027,-0.2655,0.2184,-0.2562,-0.2495,-0.2746,-0.2812,-0.3263,-0.2746
1956-07-01,-0.0406,-0.3554,0.2316,-0.2387,-0.1895,-0.2346,-0.2022,-0.3367,-0.2346
1956-08-01,-0.0594,-0.3303,0.1992,-0.3180,-0.3495,-0.3746,-0.3802,-0.4402,-0.3746
1956-09-01,-0.0641,-0.3530,0.1859,-0.3010,-0.2895,-0.3146,-0.3392,-0.4736,-0.3146
1956-10-01,-0.1195,-0.3747,0.1558,-0.2911,-0.3295,-0.3646,-0.2972,-0.4943,-0.3295
1956-11-01,-0.1747,-0.4485,-0.0106,-0.2468,-0.2495,-0.2446,-0.2662,-0.3187,-0.2495
1956-12-01,-0.1777,-0.5146,0.0030,-0.1842,-0.1595,-0.1346,-0.1142,-0.1760,-0.1595
1957-01-01,-0.1564,-0.4634,0.0715,-0.2450,-0.1895,-0.1546,-0.2392,-0.1868,-0.1895
1957-02-01,-0.1288,-0.3993,0.1293,-0.1857,-0.1295,-0.1746,-0.1942,-0.1898,-0.1857
1957-03-01,-0.1316,-0.3816,0.0252,-0.2259,-0.1495,-0.1946,-0.2212,-0.2089,-0.2089
1957-04-01,-0.0674,-0.3282,0.1258,-0.0696,-0.0995,-0.0746,-0.0952,-0.1083,-0.0952
1957-05-01,-0.0652,-0.2706,0.1444,0.0047,-0.0095,-0.0246,0.0238,-0.0353,-0.0095
1957-06-01,-0.0651,-0.3521,0.0888,0.0370,0.0505,0.0154,0.0808,0.0018,0.0370
1957-07-01,-0.0792,-0.3456,0.1025,-0.0921,-0.0795,-0.0646,-0.0942,-0.1333,-0.0921
1957-08-01,-0.0986,-0.3500,0.0925,0.0416,0.0505,0.0154,0.0228,-0.0840,0.0228
1957-09-01,-0.1179,-0.4196,0.1070,0.0092,-0.0095,-0.0146,-0.0562,-0.0858,-0.0146
1957-10-01,-0.1687,-0.4393,0.0872,-0.0276,-0.0895,-0.0346,0.0168,-0.0292,-0.0292
1957-11-01,-0.1893,-0.4002,0.0275,-0.0323,-0.0195,-0.0546,-0.0172,0.0246,-0.0195
1957-12-01,-0.1869,-0.5457,0.0603,0.0240,0.0505,0.0254,0.0288,0.1119,0.0288
1958-01-01,-0.1405,-0.4911,0.0804,0.2289,0.2905,0.2454,0.2078,0.3053,0.2454
1958-02-01,-0.1353,-0.3990,0.1519,0.0613,0.1205,0.0854,0.0608,0.1377,0.0854
1958-03-01,-0.1371,-0.3585,0.0253,-0.0208,-0.0095,0.0254,-0.0072,0.0604,-0.0072
1958-04-01,-0.1297,-0.4033,0.0788,-0.0955,-0.0795,-0.0546,-0.0932,0.0125,-0.0795
1958-05-01,-0.0975,-0.3469,0.1276,-0.0134,-0.0395,-0.0246,-0.0582,0.0806,-0.0246
1958-06-01,-0.0753,-0.3430,0.1151,-0.1837,-0.1895,-0.1046,-0.1462,-0.0672,-0.1462
1958-07-01,-0.0896,-0.3046,0.1427,-0.0473,-0.0495,-0.0346,-0.0662,-0.0419,-0.0473
1958-08-01,-0.0899,-0.3874,0.1435,-0.1095,-0.1495,-0.1046,-0.1222,-0.1341,-0.1222
1958-09-01,-0.0741,-0.2516,0.1355,-0.1404,-0.1295,-0.1546,-0.1852,-0.2076,-0.1546
1958-10-01,-0.1287,-0.3484,0.0796,-0.0453,-0.0595,-0.0946,-0.0382,-0.1314,-0.0595
1958-11-01,-0.1631,-0.4473,0.0568,-0.0639,-0.0795,-0.1146,-0.0692,-0.0975,-0.0795
1958-12-01,-0.1420,-0.4288,0.1928,-0.1086,-0.0895,-0.0146,-0.0382,-0.0375,-0.0382
1959-01-01,-0.1086,-0.3507,0.2323,-0.0096,-0.0195,0.0054,-0.0432,0.0918,-0.0096
1959-02-01,-0.0816,-0.3853,0.1708,-0.0327,-0.0295,-0.0046,-0.0972,0.0437,-0.0295
1959-03-01,-0.0862,-0.3154,0.1545,-0.0072,0.0805,0.1054,0.0098,0.1624,0.0805
1959-04-01,-0.0910,-0.2816,0.1622,0.0024,0.0605,0.0454,0.0498,0.0842,0.0498
1959-05-01,-0.0530,-0.3272,0.2170,-0.0661,-0.0595,-0.0146,-0.0502,-0.0230,-0.0502
1959-06-01,-0.0441,-0.3060,0.2197,-0.0294,-0.0695,-0.0246,-0.0232,-0.0430,-0.0294
1959-07-01,-0.0363,-0.2890,0.2145,-0.0657,-0.0695,-0.0646,-0.0342,-0.0855,-0.0657
1959-08-01,-0.0610,-0.3351,0.1914,-0.0679,-0.1095,-0.0646,-0.0992,-0.1503,-0.0992
1959-09-01,-0.0796,-0.3289,0.1087,-0.1682,-0.1595,-0.1046,-0.1682,-0.2564,-0.1682
1959-10-01,-0.0694,-0.3234,0.1484,-0.0974,-0.1695,-0.1046,-0.0702,-0.1458,-0.1046
1959-11-01,-0.1069,-0.3726,0.1136,-0.2075,-0.1795,-0.1446,-0.2282,-0.2006,-0.2006
1959-12-01,-0.1763,-0.5229,0.0493,-0.1265,-0.0995,-0.0546,-0.0852,-0.0197,-0.0852
1960-01-01,-0.1595,-0.4480,0.1551,-0.1367,-0.0995,-0.1046,-0.1382,0.0316,-0.1046
1960-02-01,-0.1311,-0.4465,0.1605,-0.0025,0.0305,0.0454,-0.0022,0.1120,0.0305
1960-03-01,-0.0761,-0.3764,0.1780,-0.4709,-0.4495,-0.3546,-0.4442,-0.3164,-0.4442
1960-04-01,-0.0335,-0.3275,0.3536,-0.2878,-0.2495,-0.2346,-0.2842,-0.1927,-0.2495
1960-05-01,-0.0424,-0.3285,0.2110,-0.2045,-0.1795,-0.2146,-0.1772,-0.1113,-0.1795
1960-06-01,-0.0268,-0.3652,0.3007,-0.1500,-0.1395,-0.1446,-0.1102,-0.0953,-0.1395
1960-07-01,-0.0548,-0.3295,0.1499,-0.1390,-0.1395,-0.0946,-0.1122,-0.1337,-0.1337
1960-08-01,-0.0758,-0.3555,0.1918,-0.0287,-0.0795,-0.1046,-0.0472,-0.0884,-0.0795
1960-09-01,-0.0958,-0.3051,0.1295,-0.0215,-0.0295,-0.0646,-0.0742,-0.1757,-0.0646
1960-10-01,-0.1124,-0.3854,0.0924,-0.0546,-0.0395,-0.0946,-0.0492,-0.0769,-0.0546
1960-11-01,-0.1518,-0.3716,0.0960,-0.2349,-0.2095,-0.2446,-0.2562,-0.1828,-0.2349
1960-12-01,-0.2057,-0.4466,0.0419,0.0616,0.0905,0.0954,0.0818,0.1367,0.0905
1961-01-01,-0.1658,-0.4235,0.0569,-0.0639,-0.0295,-0.0146,-0.0542,0.0822,-0.0295
1961-02-01,-0.0987,-0.4523,0.2477,0.0781,0.0905,0.0554,0.0378,0.1208,0.0781
1961-03-01,-0.1104,-0.3715,0.1209,-0.0759,-0.0095,-0.0146,-0.0852,0.0316,-0.0146
1961-04-01,-0.0916,-0.2841,0.2177,0.0463,0.0305,0.0354,0.0438,0.0343,0.0354
1961-05-01,-0.0751,-0.2541,0.1595,0.0550,0.0205,0.0354,0.0518,0.0788,0.0518
1961-06-01,-0.0600,-0.2452,0.1687,0.0733,0.0105,0.0154,0.0698,0.0105,0.0154
1961-07-01,-0.0617,-0.2611,0.1423,-0.0520,-0.0895,-0.0546,-0.0622,-0.0487,-0.0546
1961-08-01,-0.0852,-0.3584,0.1064,-0.0293,-0.0895,-0.0646,-0.0512,-0.1055,-0.0646
1961-09-01,-0.1098,-0.3052,0.0920,-0.0456,-0.0195,-0.0746,-0.0882,-0.0681,-0.0681
1961-10-01,-0.1757,-0.4417,0.0071,-0.0814,-0.0995,-0.1046,-0.0642,-0.0870,-0.0870
1961-11-01,-0.1990,-0.4068,0.0416,-0.0459,-0.0695,-0.0746,-0.0802,-0.0758,-0.0746
1961-12-01,-0.1967,-0.3390,-0.0314,-0.2681,-0.2595,-0.2246,-0.2292,-0.1492,-0.2292
1962-01-01,-0.1536,-0.3655,0.1363,-0.0693,-0.0495,-0.0546,-0.0682,0.0089,-0.0546
1962-02-01,-0.1368,-0.4188,0.0777,0.0018,0.0505,0.0554,0.0088,0.0803,0.0505
1962-03-01,-0.1381,-0.3479,0.0260,0.0067,0.0005,0.0354,0.0078,0.0366,0.0078
1962-04-01,-0.1077,-0.3675,0.0448,-0.0351,-0.0495,-0.0446,-0.0722,-0.0389,-0.0446
1962-05-01,-0.0988,-0.2752,0.0712,-0.1918,-0.1595,-0.1746,-0.2412,-0.1211,-0.1746
1962-06-01,-0.1060,-0.3000,0.0440,-0.0683,-0.0695,-0.1246,-0.1272,-0.1812,-0.1246
1962-07-01,-0.1068,-0.3477,0.1118,-0.1260,-0.0795,-0.1246,-0.1392,-0.0980,-0.1246
1962-08-01,-0.1364,-0.4310,0.0359,-0.1261,-0.1095,-0.1446,-0.1392,-0.1576,-0.1392
1962-09-01,-0.1417,-0.3275,0.0279,-0.0886,-0.0995,-0.1446,-0.1642,-0.1983,-0.1446
1962-10-01,-0.1738,-0.5218,0.0493,-0.0563,-0.0895,-0.0846,-0.0952,-0.1153,-0.0895
1962-11-01,-0.2229,-0.5643,-0.0179,-0.0364,-0.0395,0.0054,-0.0802,-0.0683,-0.0395
1962-12-01,-0.2427,-0.5278,0.0118,-0.1430,-0.1295,-0.1046,-0.1152,-0.0498,-0.1152
1963-01-01,-0.2007,-0.4671,0.0808,-0.1325,-0.1295,-0.1246,-0.1402,-0.0502,-0.1295
1963-02-01,-0.1607,-0.5066,0.0965,0.0266,0.0805,0.0654,0.0098,0.0722,0.0654
1963-03-01,-0.1479,-0.3471,0.0560,-0.3563,-0.2395,-0.2246,-0.3642,-0.2529,-0.2529
1963-04-01,-0.0969,-0.3647,0.1360,-0.1930,-0.1695,-0.1546,-0.2062,-0.1825,-0.1825
1963-05-01,-0.0858,-0.3094,0.1390,-0.1597,-0.1595,-0.1246,-0.1902,-0.1133,-0.1595
1963-06-01,-0.0783,-0.2718,0.1123,-0.0777,-0.0495,-0.1046,-0.1002,-0.0458,-0.0777
1963-07-01,-0.0896,-0.3783,0.1604,0.0520,-0.0395,-0.0546,0.0418,0.0158,0.0158
1963-08-01,-0.1132,-0.3718,0.0961,0.1399,0.1205,0.0354,0.1868,0.0906,0.1205
1963-09-01,-0.1442,-0.3141,0.1138,0.1149,0.0705,0.0454,0.0798,0.0007,0.0705
1963-10-01,-0.1756,-0.3672,0.0376,0.0568,0.0405,0.0254,0.0878,-0.0120,0.0405
1963-11-01,-0.2133,-0.4514,0.0176,0.0394,0.0505,-0.0146,0.0498,0.0250,0.0394
1963-12-01,-0.2508,-0.4718,-0.0340,-0.0695,-0.1295,-0.0646,-0.0332,-0.0063,-0.0646
1964-01-01,-0.2004,-0.3896,0.0451,-0.2019,-0.1895,-0.1746,-0.1912,-0.0368,-0.1895
1964-02-01,-0.1589,-0.3761,0.1165,-0.2336,-0.1995,-0.1946,-0.2342,-0.0804,-0.1995
1964-03-01,-0.1660,-0.3627,0.1197,-0.3938,-0.3095,-0.3146,-0.4212,-0.2487,-0.3146
1964-04-01,-0.1283,-0.3016,0.1104,-0.4514,-0.4195,-0.3746,-0.4482,-0.3197,-0.4195
1964-05-01,-0.1078,-0.2884,0.1039,-0.3845,-0.3495,-0.3246,-0.3842,-0.2004,-0.3495
1964-06-01,-0.1068,-0.2587,0.0719,-0.1801,-0.1395,-0.1746,-0.1332,-0.1698,-0.1698
1964-07-01,-0.1085,-0.2475,0.0849,-0.2144,-0.1395,-0.2146,-0.1572,-0.0599,-0.1572
1964-08-01,-0.1300,-0.2607,0.0908,-0.3116,-0.3195,-0.2846,-0.2892,-0.2512,-0.2892
1964-09-01,-0.1945,-0.3522,0.0401,-0.4167,-0.3995,-0.4046,-0.4132,-0.4484,-0.4132
1964-10-01,-0.2215,-0.3986,-0.0055,-0.3243,-0.4195,-0.3746,-0.3522,-0.5094,-0.3746
1964-11-01,-0.2470,-0.3874,0.0278,-0.3084,-0.3095,-0.3646,-0.3572,-0.3432,-0.3432
1964-12-01,-0.2183,-0.4061,0.1106,-0.3843,-0.3995,-0.3646,-0.3902,-0.3434,-0.3843
1965-01-01,-0.2066,-0.4162,0.1391,-0.1721,-0.1795,-0.1946,-0.1742,-0.1382,-0.1742
1965-02-01,-0.1667,-0.4371,0.1528,-0.2766,-0.2695,-0.2746,-0.2682,-0.2355,-0.2695
1965-03-01,-0.1363,-0.3534,0.2611,-0.2697,-0.2295,-0.2446,-0.2842,-0.1872,-0.2446
1965-04-01,-0.1006,-0.3249,0.2375,-0.3119,-0.2895,-0.2946,-0.3192,-0.2514,-0.2946
1965-05-01,-0.0966,-0.2980,0.1843,-0.2035,-0.2195,-0.2046,-0.2032,-0.1233,-0.2035
1965-06-01,-0.1213,-0.2791,0.0493,-0.2197,-0.1895,-0.2046,-0.2032,-0.2000,-0.2032
1965-07-01,-0.1499,-0.3125,0.1057,-0.2790,-0.2395,-0.2246,-0.2262,-0.1896,-0.2262
1965-08-01,-0.1967,-0.3253,-0.0474,-0.1728,-0.1395,-0.1746,-0.1752,-0.2289,-0.1746
1965-09-01,-0.2159,-0.3457,-0.0482,-0.2574,-0.2495,-0.2046,-0.2842,-0.2744,-0.2574
1965-10-01,-0.2414,-0.4548,-0.0922,-0.1156,-0.1495,-0.1046,-0.0732,-0.1879,-0.1156
1965-11-01,-0.2602,-0.4104,-0.0953,-0.1542,-0.1595,-0.1146,-0.1602,-0.1547,-0.1547
1965-12-01,-0.2684,-0.5284,-0.0436,-0.1562,-0.1795,-0.1346,-0.1242,-0.0879,-0.1346
1966-01-01,-0.2655,-0.5405,0.0296,-0.2931,-0.2895,-0.2646,-0.2612,-0.1390,-0.2646
1966-02-01,-0.2183,-0.5281,0.0319,-0.1737,-0.1395,-0.1546,-0.1572,-0.0635,-0.1546
1966-03-01,-0.1645,-0.4185,0.0627,-0.1824,-0.0695,-0.1446,-0.1642,-0.0324,-0.1446
1966-04-01,-0.1623,-0.3476,0.0909,-0.1823,-0.2295,-0.1946,-0.1632,-0.1447,-0.1823
1966-05-01,-0.1515,-0.3702,0.0652,-0.2263,-0.2195,-0.1846,-0.2152,-0.1140,-0.2152
1966-06-01,-0.1309,-0.2964,0.0320,-0.1129,-0.0895,-0.0846,-0.0702,-0.0378,-0.0846
1966-07-01,-0.1326,-0.2962,0.0650,-0.0079,-0.0195,-0.0046,-0.0072,0.0348,-0.0072
1966-08-01,-0.1624,-0.4982,0.1233,-0.1099,-0.1895,-0.1346,-0.1342,-0.1361,-0.1346
1966-09-01,-0.1838,-0.5149,-0.0113,-0.0954,-0.1295,-0.1146,-0.1132,-0.1530,-0.1146
1966-10-01,-0.1846,-0.3751,-0.0120,-0.2448,-0.2695,-0.2746,-0.2282,-0.2884,-0.2695
1966-11-01,-0.2062,-0.3938,-0.0099,-0.1167,-0.1095,-0.1446,-0.1402,-0.1610,-0.1402
1966-12-01,-0.2024,-0.4132,-0.0331,-0.1505,-0.1195,-0.1446,-0.1212,-0.0857,-0.1212
1967-01-01,-0.1397,-0.4953,0.0327,-0.2315,-0.1695,-0.2346,-0.2052,-0.1341,-0.2052
1967-02-01,-0.1312,-0.4350,0.1635,-0.3394,-0.3095,-0.3146,-0.3482,-0.2992,-0.3146
1967-03-01,-0.1168,-0.3912,0.1614,-0.1087,-0.0495,-0.0646,-0.1282,-0.0438,-0.0646
1967-04-01,-0.0913,-0.3703,0.1010,-0.1464,-0.1495,-0.1246,-0.1482,-0.1040,-0.1464
1967-05-01,-0.0709,-0.3532,0.1655,0.0458,0.0205,0.0654,0.0548,0.0875,0.0548
1967-06-01,-0.0848,-0.3232,0.0943,-0.1234,-0.1795,-0.1446,-0.1352,-0.1205,-0.1352
1967-07-01,-0.0657,-0.2072,0.1272,-0.0808,-0.0795,-0.1246,-0.0822,-0.0844,-0.0822
1967-08-01,-0.0719,-0.2259,0.1400,-0.1151,-0.0895,-0.1346,-0.1042,-0.1276,-0.1151
1967-09-01,-0.0957,-0.2089,0.1171,-0.1392,-0.1595,-0.1046,-0.1442,-0.1339,-0.1392
1967-10-01,-0.1295,-0.3013,0.1257,-0.0345,-0.0095,-0.0146,-0.0442,-0.0273,-0.0273
1967-11-01,-0.1822,-0.3122,-0.0064,-0.1359,-0.1495,-0.1646,-0.2032,-0.1334,-0.1495
1967-12-01,-0.1464,-0.4490,0.1373,-0.1681,-0.1495,-0.1146,-0.1502,-0.0434,-0.1495
1968-01-01,-0.1257,-0.3794,0.1217,-0.3321,-0.3595,-0.2946,-0.3372,-0.2411,-0.3321
1968-02-01,-0.1108,-0.2776,0.2221,-0.2736,-0.2395,-0.2546,-0.2882,-0.1862,-0.2546
1968-03-01,-0.1020,-0.3861,0.2246,-0.0113,0.1005,0.0554,-0.0162,0.0626,0.0554
1968-04-01,-0.0781,-0.2627,0.0916,-0.1901,-0.1595,-0.1546,-0.2052,-0.1355,-0.1595
1968-05-01,-0.0246,-0.1312,0.2015,-0.2353,-0.2395,-0.1846,-0.2512,-0.1377,-0.2353
1968-06-01,-0.0589,-0.2725,0.1503,-0.1612,-0.1895,-0.1246,-0.1322,-0.2119,-0.1612
1968-07-01,-0.0461,-0.2030,0.1367,-0.2066,-0.2295,-0.1946,-0.2562,-0.1502,-0.2066
1968-08-01,-0.0673,-0.2226,0.0659,-0.1379,-0.1895,-0.1246,-0.1822,-0.2094,-0.1822
1968-09-01,-0.0689,-0.2720,0.1023,-0.2339,-0.2895,-0.2046,-0.2612,-0.2945,-0.2612
1968-10-01,-0.1170,-0.3483,0.1427,-0.0008,-0.0095,-0.0646,-0.0122,-0.0704,-0.0122
1968-11-01,-0.1357,-0.3328,0.0718,-0.1445,-0.1495,-0.2246,-0.1932,-0.1784,-0.1784
1968-12-01,-0.1237,-0.4453,0.0641,-0.1994,-0.2395,-0.2246,-0.1932,-0.1679,-0.1994
1969-01-01,-0.1443,-0.4820,0.0490,-0.1693,-0.2095,-0.1946,-0.1932,-0.1017,-0.1932
1969-02-01,-0.0917,-0.4363,0.2338,-0.2053,-0.2795,-0.1946,-0.2432,-0.1618,-0.2053
1969-03-01,-0.0840,-0.2951,0.1562,-0.1408,-0.0895,-0.0646,-0.1622,-0.0285,-0.0895
1969-04-01,-0.0369,-0.2561,0.2102,0.0398,0.0705,0.0454,0.0148,0.0905,0.0454
1969-05-01,-0.0352,-0.2280,0.2225,0.0548,0.0805,0.0854,0.0678,0.1409,0.0805
1969-06-01,-0.0523,-0.3203,0.2201,-0.0032,-0.0695,-0.0146,-0.0032,-0.0041,-0.0041
1969-07-01,-0.0507,-0.2630,0.1627,-0.1170,-0.1395,-0.1046,-0.1302,-0.0829,-0.1170
1969-08-01,-0.0784,-0.3280,0.0823,-0.0799,-0.0595,-0.0746,-0.0822,-0.2149,-0.0799
1969-09-01,-0.1219,-0.3579,0.0808,-0.0219,-0.0195,-0.0246,-0.0472,-0.1301,-0.0246
1969-10-01,-0.1521,-0.4183,0.0525,-0.0087,-0.0095,0.0154,0.0168,-0.1177,-0.0087
1969-11-01,-0.1743,-0.4277,0.0504,0.0125,0.0205,0.0354,-0.0092,0.0543,0.0205
1969-12-01,-0.1583,-0.3908,0.1820,0.1580,0.1405,0.1754,0.1548,0.2196,0.1580
1970-01-01,-0.1150,-0.2645,0.0980,0.0014,-0.0195,0.0454,0.0048,0.1012,0.0048
1970-02-01,-0.1256,-0.3927,0.0426,0.0500,0.1205,0.0754,0.0318,0.1322,0.0754
1970-03-01,-0.0867,-0.2706,0.1448,-0.1031,-0.0395,-0.0246,-0.1052,0.0000,-0.0395
1970-04-01,-0.0551,-0.1595,0.1281,-0.0914,-0.0495,-0.0246,-0.0532,0.0708,-0.0495
1970-05-01,-0.0430,-0.1939,0.0813,-0.1537,-0.1295,-0.1046,-0.1322,-0.0393,-0.1295
1970-06-01,-0.0459,-0.1728,0.1468,-0.1492,-0.1195,-0.1146,-0.1272,-0.0294,-0.1195
1970-07-01,-0.0589,-0.1663,0.0645,-0.1221,-0.0795,-0.0746,-0.1012,-0.0729,-0.0795
1970-08-01,-0.0622,-0.1451,0.0544,-0.2105,-0.1995,-0.1846,-0.2242,-0.2404,-0.2105
1970-09-01,-0.0778,-0.1920,0.1208,-0.0423,0.0205,-0.0546,-0.0372,-0.1651,-0.0423
1970-10-01,-0.1112,-0.2399,0.0971,-0.0712,-0.0695,-0.1546,-0.0702,-0.1482,-0.0712
1970-11-01,-0.1594,-0.3041,-0.0043,-0.0725,-0.0795,-0.0946,-0.1642,-0.1208,-0.0946
1970-12-01,-0.1615,-0.4315,0.1591,-0.2042,-0.2195,-0.2346,-0.2252,-0.1270,-0.2195
1971-01-01,-0.1305,-0.5831,0.0925,-0.1536,-0.1195,-0.1846,-0.1742,-0.0628,-0.1536
1971-02-01,-0.1176,-0.3826,0.0945,-0.2853,-0.2495,-0.2846,-0.3232,-0.2408,-0.2846
1971-03-01,-0.1145,-0.2581,0.1007,-0.3491,-0.2795,-0.2346,-0.3462,-0.2164,-0.2795
1971-04-01,-0.0708,-0.2354,0.0868,-0.2436,-0.1695,-0.1946,-0.2182,-0.1574,-0.1946
1971-05-01,-0.0737,-0.2429,0.1151,-0.2069,-0.1495,-0.1646,-0.1632,-0.1846,-0.1646
1971-06-01,-0.0509,-0.2214,0.1273,-0.2691,-0.2595,-0.2446,-0.2182,-0.2491,-0.2491
1971-07-01,-0.0640,-0.2969,0.0420,-0.1935,-0.1795,-0.1646,-0.2252,-0.2600,-0.1935
1971-08-01,-0.0973,-0.2980,0.0922,-0.1899,-0.1095,-0.1646,-0.2232,-0.2610,-0.1899
1971-09-01,-0.0750,-0.2067,0.0605,-0.1338,-0.1495,-0.0846,-0.1562,-0.2318,-0.1495
1971-10-01,-0.1371,-0.2717,0.0096,-0.1645,-0.1395,-0.2346,-0.1542,-0.2997,-0.1645
1971-11-01,-0.1363,-0.2497,0.0325,-0.1593,-0.1695,-0.2146,-0.1922,-0.2184,-0.1922
1971-12-01,-0.1510,-0.3303,0.0075,-0.2367,-0.1795,-0.1946,-0.2272,-0.1150,-0.1946
1972-01-01,-0.1009,-0.2793,0.0715,-0.3868,-0.3195,-0.2846,-0.3582,-0.2700,-0.3195
1972-02-01,-0.0684,-0.2532,0.0581,-0.2862,-0.2795,-0.2546,-0.3272,-0.3111,-0.2862
1972-03-01,-0.0627,-0.2427,0.0864,-0.1496,-0.0695,-0.0346,-0.1192,-0.1217,-0.1192
1972-04-01,-0.0184,-0.1938,0.1694,-0.1361,-0.0995,-0.0846,-0.0982,-0.0624,-0.0982
1972-05-01,-0.0055,-0.1339,0.1215,-0.0897,-0.1295,-0.0946,-0.0972,-0.0644,-0.0946
1972-06-01,0.0110,-0.1502,0.1215,-0.0402,-0.0595,-0.0046,-0.0072,0.0609,-0.0072
1972-07-01,-0.0187,-0.1864,0.0887,-0.0997,-0.0895,-0.0446,-0.0922,0.0267,-0.0895
1972-08-01,-0.0222,-0.1262,0.0851,0.0566,0.0605,0.0954,0.0598,-0.0132,0.0598
1972-09-01,-0.0155,-0.1563,0.1718,-0.0586,-0.0795,-0.0346,-0.0462,-0.1010,-0.0586
1972-10-01,-0.0700,-0.2071,0.0419,-0.0621,-0.0195,-0.0146,-0.0262,-0.0565,-0.0262
1972-11-01,-0.1015,-0.3264,0.0377,-0.0564,-0.0795,-0.0846,-0.1112,-0.1022,-0.0846
1972-12-01,-0.1385,-0.4288,0.0395,0.1040,0.0805,0.1054,0.1348,0.1326,0.1054
1973-01-01,-0.0897,-0.4587,0.1908,0.0934,0.1905,0.1654,0.1398,0.2451,0.1654
1973-02-01,-0.0574,-0.3063,0.1900,0.1515,0.2205,0.1954,0.1548,0.2767,0.1954
1973-03-01,-0.0330,-0.2211,0.2293,0.1071,0.1905,0.1554,0.0838,0.1505,0.1505
1973-04-01,-0.0316,-0.1954,0.1291,0.1849,0.1705,0.1954,0.1548,0.1356,0.1705
1973-05-01,0.0136,-0.1611,0.1893,0.0995,0.1305,0.1154,0.1318,0.1387,0.1305
1973-06-01,0.0141,-0.1871,0.1283,0.0966,0.0905,0.1354,0.1368,0.0178,0.0966
1973-07-01,-0.0141,-0.2053,0.1444,0.0127,0.0305,0.0154,0.0318,-0.0080,0.0154
1973-08-01,-0.0576,-0.2400,0.1327,-0.0309,-0.0495,-0.0446,-0.0332,-0.1805,-0.0446
1973-09-01,-0.0658,-0.3131,0.1164,-0.0409,-0.0095,-0.0346,-0.0492,-0.1448,-0.0409
1973-10-01,-0.0878,-0.3382,0.0434,0.0056,0.0005,-0.0446,-0.0232,-0.1508,-0.0232
1973-11-01,-0.1167,-0.3318,0.0303,-0.0321,-0.0595,-0.0946,-0.0742,-0.0781,-0.0742
1973-12-01,-0.1474,-0.3502,0.0003,-0.1364,-0.1695,-0.1146,-0.1132,-0.0346,-0.1146
1974-01-01,-0.0616,-0.3006,0.2016,-0.2882,-0.1995,-0.2046,-0.2702,-0.1408,-0.2046
1974-02-01,-0.1169,-0.3996,0.0529,-0.4510,-0.3695,-0.3646,-0.4162,-0.3459,-0.3695
1974-03-01,-0.0684,-0.3104,0.1288,-0.2436,-0.1495,-0.1746,-0.2422,-0.1992,-0.1992
1974-04-01,-0.0519,-0.2634,0.1399,-0.2062,-0.2195,-0.1646,-0.2202,-0.2076,-0.2076
1974-05-01,-0.0127,-0.2553,0.1637,-0.1344,-0.1395,-0.0946,-0.1542,-0.2273,-0.1395
1974-06-01,-0.0074,-0.2385,0.1214,-0.1214,-0.1495,-0.1146,-0.1062,-0.2462,-0.1214
1974-07-01,-0.0400,-0.2704,0.0954,-0.1397,-0.1295,-0.1046,-0.1472,-0.2564,-0.1397
1974-08-01,-0.0489,-0.2507,0.0955,0.0195,0.0005,-0.0046,0.0398,-0.1776,0.0005
1974-09-01,-0.0715,-0.2774,0.0861,-0.0945,-0.1795,-0.1546,-0.1402,-0.3460,-0.1546
1974-10-01,-0.0892,-0.2709,0.1130,-0.1154,-0.1595,-0.1546,-0.1562,-0.3397,-0.1562
1974-11-01,-0.1190,-0.3125,0.0729,-0.1269,-0.1795,-0.2146,-0.1952,-0.2651,-0.1952
1974-12-01,-0.1291,-0.3081,0.0592,-0.2151,-0.1795,-0.2246,-0.1982,-0.1917,-0.1982
1975-01-01,-0.0570,-0.2110,0.1097,-0.0987,0.0005,-0.0846,-0.1042,-0.0414,-0.0846
1975-02-01,-0.0371,-0.2512,0.1336,-0.0247,-0.0195,-0.0346,-0.0292,-0.0532,-0.0292
1975-03-01,-0.0413,-0.1768,0.1236,-0.0138,0.0305,0.0154,-0.0182,-0.0156,-0.0138
1975-04-01,0.0073,-0.1286,0.1687,-0.0526,-0.0595,-0.0446,-0.0312,-0.0895,-0.0526
1975-05-01,0.0072,-0.0978,0.1002,0.0511,0.0605,0.0054,0.0438,-0.1230,0.0438
1975-06-01,-0.0206,-0.1697,0.2224,-0.0624,-0.1095,-0.0546,-0.0772,-0.2216,-0.0772
1975-07-01,-0.0306,-0.1470,0.1419,-0.1066,-0.1095,-0.1046,-0.1022,-0.2854,-0.1066
1975-08-01,-0.0499,-0.2544,0.0963,-0.2343,-0.2695,-0.2346,-0.2592,-0.3948,-0.2592
1975-09-01,-0.0560,-0.1958,0.1046,-0.1417,-0.1195,-0.1146,-0.1452,-0.3917,-0.1417
1975-10-01,-0.0768,-0.2280,0.1021,-0.1541,-0.2095,-0.2746,-0.2022,-0.4356,-0.2095
1975-11-01,-0.1030,-0.2631,0.0650,-0.2639,-0.2695,-0.2946,-0.3232,-0.3405,-0.2946
1975-12-01,-0.1358,-0.3210,0.0427,-0.2524,-0.2695,-0.2446,-0.2072,-0.2521,-0.2521
1976-01-01,-0.0838,-0.2507,0.1047,-0.1706,-0.1295,-0.1446,-0.1732,-0.1310,-0.1446
1976-02-01,-0.0670,-0.2664,0.1785,-0.2327,-0.1595,-0.1946,-0.2502,-0.2999,-0.2327
1976-03-01,-0.0136,-0.2328,0.3312,-0.3373,-0.3095,-0.2846,-0.3882,-0.4182,-0.3373
1976-04-01,-0.0200,-0.2756,0.3111,-0.1853,-0.1695,-0.1346,-0.2152,-0.2701,-0.1853
1976-05-01,-0.0284,-0.3272,0.1670,-0.3619,-0.2995,-0.2846,-0.3462,-0.3691,-0.3462
1976-06-01,0.0170,-0.1391,0.1999,-0.2375,-0.2195,-0.1746,-0.1922,-0.2701,-0.2195
1976-07-01,0.0054,-0.2359,0.2099,-0.1751,-0.1995,-0.1046,-0.1212,-0.2133,-0.1751
1976-08-01,0.0147,-0.1814,0.1676,-0.2438,-0.2195,-0.1746,-0.1932,-0.3100,-0.2195
1976-09-01,-0.0558,-0.2533,0.1779,-0.1543,-0.1595,-0.1046,-0.1202,-0.2492,-0.1543
1976-10-01,-0.0579,-0.1745,0.1554,-0.3358,-0.3395,-0.3446,-0.2972,-0.5676,-0.3395
1976-11-01,-0.0549,-0.2006,0.1467,-0.1380,-0.1595,-0.1946,-0.1562,-0.2848,-0.1595
1976-12-01,-0.0620,-0.2930,0.1418,-0.0314,0.0105,0.0054,0.0328,-0.0954,0.0054
1977-01-01,-0.0377,-0.2230,0.2723,0.1508,0.0805,0.0854,0.1418,0.0630,0.0854
1977-02-01,-0.0169,-0.2118,0.1406,0.1022,0.1305,0.0654,0.0968,0.0205,0.0968
1977-03-01,0.0006,-0.2057,0.2054,0.0739,0.1405,0.0954,0.0608,0.0179,0.0739
1977-04-01,0.0159,-0.1621,0.1606,0.1316,0.1605,0.1254,0.1338,0.0427,0.1316
1977-05-01,0.0539,-0.0995,0.1747,0.2224,0.2305,0.1654,0.2168,0.0922,0.2168
1977-06-01,0.0719,-0.0382,0.2317,0.2043,0.1705,0.1754,0.2258,0.0850,0.1754
1977-07-01,0.0652,-0.0549,0.2298,0.1377,0.1005,0.1254,0.1528,0.0036,0.1254
1977-08-01,0.0526,-0.0768,0.1933,0.1269,0.0805,0.1054,0.1798,-0.0234,0.1054
1977-09-01,0.0309,-0.1040,0.2466,-0.0061,-0.0795,-0.0046,0.0088,-0.1974,-0.0061
1977-10-01,0.0179,-0.1286,0.1846,-0.0208,-0.0695,-0.0346,0.0298,-0.2242,-0.0346
1977-11-01,0.0060,-0.1653,0.2594,0.1162,0.0605,0.0954,0.1028,0.0516,0.0954
1977-12-01,0.0113,-0.1690,0.2028,-0.0440,-0.0695,-0.0146,-0.0042,0.0295,-0.0146
1978-01-01,0.0538,-0.1299,0.2500,0.0312,-0.0395,0.0054,-0.0232,0.0451,0.0054
1978-02-01,0.0303,-0.1179,0.1722,0.0689,0.0005,0.0354,0.0418,0.0232,0.0354
1978-03-01,0.0548,-0.1379,0.2146,0.0548,0.0905,0.0954,0.0328,0.0221,0.0548
1978-04-01,0.0855,-0.0178,0.2266,0.0474,0.0705,0.0254,0.0378,0.0001,0.0378
1978-05-01,0.1004,-0.0492,0.2195,0.0089,-0.0095,-0.0046,0.0488,0.0154,0.0089
1978-06-01,0.1030,-0.0446,0.2159,-0.0594,-0.1095,-0.0746,-0.0602,-0.1524,-0.0746
1978-07-01,0.0780,-0.0513,0.1788,0.0092,-0.0595,0.0054,0.0538,-0.0446,0.0054
1978-08-01,0.0613,-0.0547,0.2025,-0.2228,-0.2395,-0.1746,-0.2342,-0.2786,-0.2342
1978-09-01,0.0277,-0.0594,0.1548,0.0317,-0.0395,0.0354,0.0048,-0.2366,0.0048
1978-10-01,0.0113,-0.1356,0.1285,-0.0654,-0.0695,-0.0646,-0.0542,-0.2033,-0.0654
1978-11-01,-0.0146,-0.2182,0.1200,0.0878,0.0305,0.0754,0.0528,0.0078,0.0528
1978-12-01,-0.0418,-0.2446,0.1404,0.0059,-0.0195,0.0054,0.0268,0.0564,0.0059
1979-01-01,-0.0240,-0.2695,0.1482,0.0441,-0.0195,0.0454,0.0218,0.1788,0.0441
1979-02-01,-0.0068,-0.1930,0.1542,-0.1856,-0.1995,-0.1546,-0.1902,-0.0812,-0.1856
1979-03-01,0.0415,-0.1942,0.3057,0.0590,0.0905,0.0454,0.0488,0.1086,0.0590
1979-04-01,0.0650,-0.0998,0.2614,0.0702,0.0505,-0.0446,0.0418,0.0433,0.0433
1979-05-01,0.0796,-0.0815,0.2577,-0.0304,-0.0595,0.0054,-0.0152,0.0604,-0.0152
1979-06-01,0.0902,0.0127,0.2693,0.0416,0.0405,0.0654,0.0298,0.0413,0.0413
1979-07-01,0.0683,-0.0373,0.1789,0.0122,-0.0595,-0.0146,-0.0312,-0.0540,-0.0312
1979-08-01,0.0468,-0.0915,0.2042,0.1096,0.0705,0.0754,0.0668,0.0340,0.0705
1979-09-01,0.0616,-0.1027,0.2113,0.1662,0.1505,0.1454,0.1388,0.0718,0.1454
1979-10-01,0.0250,-0.1662,0.1946,0.1391,0.1605,0.1454,0.1878,0.1277,0.1454
1979-11-01,-0.0093,-0.1666,0.1564,0.2005,0.1805,0.1654,0.1698,0.1505,0.1698
1979-12-01,-0.0177,-0.2338,0.1872,0.3810,0.3705,0.3854,0.4118,0.4389,0.3854
1980-01-01,0.0043,-0.4263,0.2210,0.2460,0.2005,0.2254,0.2628,0.3014,0.2460
1980-02-01,0.0052,-0.2806,0.1923,0.3530,0.2905,0.3154,0.3318,0.3488,0.3318
1980-03-01,0.0668,-0.1467,0.2765,0.2072,0.1905,0.2154,0.2348,0.3182,0.2154
1980-04-01,0.0954,-0.1207,0.3553,0.2258,0.2005,0.1954,0.2888,0.3675,0.2258
1980-05-01,0.1437,-0.0305,0.4551,0.2389,0.2505,0.2454,0.2778,0.4158,0.2505
1980-06-01,0.1560,-0.0271,0.4311,0.1221,0.1005,0.1354,0.1528,0.2194,0.1354
1980-07-01,0.1265,-0.1617,0.3502,0.1990,0.1205,0.1654,0.2458,0.2343,0.1990
1980-08-01,0.1242,-0.0455,0.3195,0.1575,0.0805,0.1354,0.2088,0.1590,0.1575
1980-09-01,0.0963,-0.0494,0.2362,0.1185,0.1005,0.0954,0.1368,0.0803,0.1005
1980-10-01,0.0582,-0.0494,0.2000,0.0869,0.0305,0.0554,0.0848,0.0365,0.0554
1980-11-01,0.0608,-0.0750,0.2246,0.1998,0.2005,0.1454,0.1658,0.1055,0.1658
1980-12-01,0.0738,-0.1005,0.3378,0.1029,0.1205,0.1154,0.1158,0.0986,0.1154
1981-01-01,0.1124,-0.0838,0.4025,0.4384,0.4305,0.4054,0.4188,0.4268,0.4268
1981-02-01,0.1543,-0.0680,0.3962,0.3298,0.3205,0.2954,0.2928,0.3570,0.3205
1981-03-01,0.1514,-0.0258,0.3272,0.3218,0.3805,0.3454,0.3198,0.4314,0.3454
1981-04-01,0.1472,-0.0378,0.3146,0.1898,0.2205,0.1954,0.1978,0.3385,0.1978
1981-05-01,0.1762,0.0582,0.3314,0.1387,0.1405,0.1554,0.1478,0.2772,0.1478
1981-06-01,0.1706,0.0791,0.2973,0.2366,0.1905,0.1754,0.2788,0.2239,0.2239
1981-07-01,0.1365,-0.0187,0.2865,0.2618,0.2305,0.1454,0.2608,0.2021,0.2305
1981-08-01,0.1164,0.0055,0.2789,0.3027,0.2505,0.2154,0.2978,0.2072,0.2505
1981-09-01,0.0813,-0.0674,0.1795,0.1329,0.0505,0.0854,0.1408,0.1120,0.1120
1981-10-01,0.0997,-0.0261,0.2486,0.0475,0.0205,0.1054,0.0998,0.0734,0.0734
1981-11-01,0.0372,-0.1667,0.2176,0.1544,0.1305,0.1254,0.1288,0.1098,0.1288
1981-12-01,0.0341,-0.2369,0.2283,0.3578,0.3105,0.3154,0.3798,0.3362,0.3362
1982-01-01,0.1031,-0.0701,0.3029,-0.0359,-0.0495,-0.0346,-0.0072,0.0237,-0.0346
1982-02-01,0.0755,-0.1052,0.2041,0.0582,0.0505,0.0554,0.0288,0.1184,0.0554
1982-03-01,0.0893,-0.0441,0.2434,-0.1448,-0.0695,-0.0846,-0.1622,-0.0422,-0.0846
1982-04-01,0.1193,-0.1052,0.2889,0.0159,0.0505,0.0254,-0.0442,0.0139,0.0159
1982-05-01,0.1138,-0.0468,0.2698,0.0820,0.0805,0.0654,0.0688,0.1351,0.0805
1982-06-01,0.1247,-0.0312,0.2859,-0.0091,-0.0395,-0.0246,0.0458,0.0531,-0.0091
1982-07-01,0.1207,-0.0160,0.2649,0.0684,0.0405,0.0754,0.0918,0.1056,0.0754
1982-08-01,0.0764,-0.0529,0.1973,-0.0530,-0.0695,-0.0246,-0.0092,-0.0104,-0.0246
1982-09-01,0.0747,-0.1024,0.2956,0.0072,0.0405,0.0454,0.0548,-0.0175,0.0405
1982-10-01,0.0253,-0.2465,0.2492,0.0341,0.0305,0.0254,0.0828,-0.0278,0.0305
1982-11-01,0.0109,-0.2625,0.2771,0.0217,0.0805,0.0154,0.0108,0.0141,0.0154
1982-12-01,-0.0278,-0.3012,0.2618,0.2715,0.3305,0.3054,0.3068,0.3379,0.3068
1983-01-01,0.0605,-0.2667,0.3551,0.3497,0.4305,0.3554,0.3398,0.4493,0.3554
1983-02-01,0.0609,-0.3022,0.3301,0.3275,0.3305,0.3354,0.3068,0.4133,0.3305
1983-03-01,0.1018,-0.1918,0.3991,0.2410,0.3205,0.2854,0.2428,0.4068,0.2854
1983-04-01,0.0524,-0.2155,0.2788,0.1681,0.1805,0.1354,0.1838,0.2749,0.1805
1983-05-01,0.0910,-0.2293,0.2906,0.2146,0.2405,0.2354,0.2808,0.3739,0.2405
1983-06-01,0.0492,-0.2426,0.2782,0.1590,0.1305,0.1454,0.1898,0.2073,0.1590
1983-07-01,0.0200,-0.2278,0.2122,0.1062,0.0805,0.0754,0.1068,0.1272,0.1062
1983-08-01,0.0203,-0.2179,0.1961,0.2758,0.2605,0.2154,0.2578,0.1936,0.2578
1983-09-01,0.0048,-0.2141,0.1493,0.3187,0.2705,0.2654,0.2958,0.2511,0.2705
1983-10-01,-0.0211,-0.2979,0.1576,0.1074,0.0705,0.0954,0.0938,0.0169,0.0938
1983-11-01,0.0155,-0.3115,0.3170,0.2371,0.2005,0.2154,0.1928,0.1808,0.2005
1983-12-01,-0.0226,-0.3067,0.1961,0.0877,0.0705,0.1054,0.1108,0.1471,0.1054
1984-01-01,0.0338,-0.1989,0.1962,0.1483,0.2105,0.1654,0.1378,0.1986,0.1654
1984-02-01,0.0779,-0.2078,0.3418,0.0137,0.0405,0.0654,0.0138,0.0397,0.0397
1984-03-01,0.0855,-0.1902,0.3297,0.1410,0.1605,0.1554,0.1438,0.2023,0.1554
1984-04-01,0.0936,-0.1526,0.2717,0.0045,-0.0395,-0.0046,0.0288,0.0827,0.0045
1984-05-01,0.1225,-0.1085,0.4122,0.2085,0.2305,0.2254,0.2478,0.2923,0.2305
1984-06-01,0.1108,-0.0968,0.3869,-0.0430,-0.0795,-0.0146,-0.0242,-0.0327,-0.0327
1984-07-01,0.0683,-0.1181,0.3376,0.0179,0.0905,0.0354,-0.0002,-0.0881,0.0179
1984-08-01,0.0684,-0.1413,0.2676,0.0872,0.0905,0.0754,0.1018,0.0050,0.0872
1984-09-01,0.0843,-0.1119,0.2395,0.1192,0.1105,0.0954,0.1238,-0.0380,0.1105
1984-10-01,0.0322,-0.2391,0.2587,0.0327,0.0305,0.0154,0.0508,-0.0298,0.0305
1984-11-01,0.0153,-0.2758,0.2211,-0.0645,-0.0395,-0.0646,-0.0762,-0.1178,-0.0646
1984-12-01,0.0178,-0.3241,0.1509,-0.1658,-0.1395,-0.1146,-0.1362,-0.0323,-0.1362
1985-01-01,0.0408,-0.2547,0.3013,0.1114,0.1205,0.1554,0.1508,0.1781,0.1508
1985-02-01,0.0786,-0.2356,0.3403,-0.1062,-0.1395,-0.0846,-0.1312,-0.0882,-0.1062
1985-03-01,0.1401,-0.1287,0.3557,0.0362,0.0705,0.0954,0.0248,0.0643,0.0643
1985-04-01,0.1401,-0.0838,0.3311,-0.0032,0.0205,0.0054,0.0118,0.0790,0.0118
1985-05-01,0.1415,0.0430,0.2834,0.0603,0.0505,0.0754,0.0648,0.0703,0.0648
1985-06-01,0.1650,0.0567,0.3067,0.1153,0.0505,0.0654,0.0758,0.0068,0.0654
1985-07-01,0.1129,-0.0325,0.2781,-0.0291,-0.0595,-0.0846,-0.0652,-0.0919,-0.0652
1985-08-01,0.1159,-0.0060,0.3128,0.1358,0.0705,0.0554,0.0928,0.0492,0.0705
1985-09-01,0.0965,-0.0884,0.2912,0.1117,0.0305,0.0354,0.0168,-0.0727,0.0305
1985-10-01,0.0777,-0.0774,0.2254,0.0321,0.0205,0.0054,0.0588,-0.1546,0.0205
1985-11-01,0.0640,-0.0877,0.2185,0.0107,-0.0495,-0.0346,-0.0372,-0.0590,-0.0372
1985-12-01,0.0614,-0.0676,0.1863,0.0492,0.0405,0.0654,0.0868,0.0251,0.0492
1986-01-01,0.1207,-0.1301,0.2990,0.1116,0.1605,0.1354,0.0968,0.1681,0.1354
1986-02-01,0.1193,-0.1006,0.2438,0.3012,0.2705,0.2754,0.2908,0.2282,0.2754
1986-03-01,0.1602,-0.0590,0.3161,0.1295,0.2005,0.2054,0.1168,0.1823,0.1823
1986-04-01,0.1953,0.0895,0.3491,0.1249,0.1205,0.1354,0.2698,0.2517,0.1354
1986-05-01,0.2007,0.1162,0.3398,0.1354,0.1105,0.1354,0.3718,0.2379,0.1354
1986-06-01,0.1874,0.0829,0.3031,0.0347,0.0205,0.0654,0.0378,0.0252,0.0347
1986-07-01,0.1736,0.0395,0.3548,0.0355,0.0105,0.0554,0.0338,-0.0047,0.0338
1986-08-01,0.1561,-0.0498,0.3117,0.0849,0.0605,0.0754,0.0898,0.0062,0.0754
1986-09-01,0.1651,-0.0146,0.3304,0.0188,-0.0695,0.0154,0.0108,-0.0789,0.0108
1986-10-01,0.1380,-0.0491,0.3058,0.0473,0.0505,0.0454,0.0788,-0.1015,0.0473
1986-11-01,0.1318,-0.0708,0.3124,0.0340,0.0005,0.0254,0.0178,0.0336,0.0254
1986-12-01,0.1517,-0.0777,0.3047,0.0232,0.0305,0.0754,0.0768,0.1239,0.0754
1987-01-01,0.1756,-0.0642,0.4300,0.2119,0.2205,0.2154,0.2068,0.2675,0.2154
1987-02-01,0.2343,0.0109,0.4199,0.3120,0.3305,0.2654,0.2828,0.3173,0.3120
1987-03-01,0.1994,0.0359,0.3604,0.0973,0.0805,0.0854,0.0568,0.1137,0.0854
1987-04-01,0.2536,0.0409,0.5454,0.1830,0.1405,0.1554,0.1348,0.2175,0.1554
1987-05-01,0.2634,0.1165,0.5240,0.1589,0.1605,0.1854,0.1488,0.2345,0.1605
1987-06-01,0.2762,0.1040,0.4907,0.2585,0.2505,0.2254,0.2998,0.2819,0.2585
1987-07-01,0.2247,0.0078,0.4082,0.3414,0.3005,0.3354,0.3798,0.3546,0.3414
1987-08-01,0.1988,0.0273,0.3656,0.2060,0.1505,0.1754,0.2378,0.1726,0.1754
1987-09-01,0.1741,-0.0542,0.3869,0.2572,0.2505,0.2654,0.2748,0.2239,0.2572
1987-10-01,0.1498,-0.0580,0.3403,0.2651,0.2305,0.2054,0.2258,0.1461,0.2258
1987-11-01,0.1465,-0.0326,0.3661,0.1815,0.1905,0.1254,0.1328,0.1617,0.1617
1987-12-01,0.1401,-0.0367,0.3210,0.3649,0.3605,0.3154,0.3898,0.4452,0.3649
1988-01-01,0.1471,-0.0095,0.3196,0.4528,0.4705,0.3954,0.3958,0.4696,0.4528
1988-02-01,0.1670,-0.0029,0.3326,0.3265,0.3405,0.3354,0.2718,0.2641,0.3265
1988-03-01,0.2027,-0.0282,0.3723,0.3798,0.4105,0.3754,0.3208,0.4030,0.3798
1988-04-01,0.2348,0.0388,0.3935,0.3208,0.3205,0.3054,0.3368,0.3628,0.3208
1988-05-01,0.2482,0.0459,0.3748,0.3123,0.3405,0.3254,0.3118,0.4047,0.3254
1988-06-01,0.2396,0.0797,0.3657,0.3276,0.3005,0.3054,0.3348,0.3164,0.3164
1988-07-01,0.2200,0.0856,0.3367,0.2506,0.2305,0.2254,0.2548,0.2465,0.2465
1988-08-01,0.2279,0.0863,0.3778,0.2526,0.2905,0.2654,0.3328,0.2769,0.2769
1988-09-01,0.2106,0.0010,0.3418,0.2515,0.2705,0.2354,0.2928,0.2608,0.2608
1988-10-01,0.1785,-0.0640,0.2939,0.2502,0.2805,0.2054,0.2598,0.1407,0.2502
1988-11-01,0.2008,-0.0043,0.4103,0.0227,0.0205,0.0154,0.0118,-0.0341,0.0154
1988-12-01,0.2105,0.0273,0.4463,0.1699,0.1905,0.1554,0.1878,0.2014,0.1878
1989-01-01,0.2125,0.0156,0.3916,-0.0308,0.0205,-0.0246,-0.0712,0.0046,-0.0246
1989-02-01,0.2462,0.0779,0.4047,0.2333,0.2005,0.1954,0.2088,0.2697,0.2088
1989-03-01,0.2400,0.0742,0.4047,0.1809,0.2605,0.1854,0.1558,0.2376,0.1854
1989-04-01,0.2594,0.0847,0.4003,0.1441,0.1905,0.1454,0.1768,0.2367,0.1768
1989-05-01,0.2692,0.0600,0.4298,0.0332,0.0705,0.0554,0.0188,0.0998,0.0554
1989-06-01,0.2676,0.0455,0.3938,0.0918,0.0505,0.0754,0.0898,0.0669,0.0754
1989-07-01,0.2715,0.1209,0.4148,0.2580,0.2505,0.1654,0.2338,0.2061,0.2338
1989-08-01,0.2337,0.0761,0.4148,0.2497,0.2305,0.1754,0.2248,0.1219,0.2248
1989-09-01,0.2479,0.1025,0.3548,0.2923,0.2405,0.2354,0.2488,0.1651,0.2405
1989-10-01,0.2203,-0.0370,0.3508,0.2541,0.1905,0.1854,0.2408,0.1174,0.1905
1989-11-01,0.2057,0.0253,0.3373,0.1081,0.1005,0.0354,0.0718,0.0449,0.0718
1989-12-01,0.2157,0.0363,0.4167,0.2776,0.2705,0.2854,0.3198,0.3311,0.2854
1990-01-01,0.2432,0.0752,0.4910,0.2803,0.3105,0.2454,0.2878,0.3705,0.2878
1990-02-01,0.2662,-0.0060,0.5098,0.2739,0.3405,0.2654,0.2758,0.3316,0.2758
1990-03-01,0.3005,-0.0155,0.6927,0.6286,0.7005,0.5854,0.6058,0.6679,0.6286
1990-04-01,0.3373,0.1090,0.5004,0.4892,0.4605,0.4454,0.4888,0.4993,0.4888
1990-05-01,0.3154,0.0896,0.5170,0.4001,0.3605,0.3554,0.4158,0.4905,0.4001
1990-06-01,0.3051,0.0772,0.4816,0.3100,0.2705,0.2454,0.3098,0.2887,0.2887
1990-07-01,0.3125,0.0920,0.5327,0.3738,0.3605,0.2654,0.3798,0.3656,0.3656
1990-08-01,0.2893,0.1036,0.5135,0.2741,0.2405,0.2154,0.2618,0.2774,0.2618
1990-09-01,0.2985,0.0247,0.5385,0.2129,0.1305,0.1954,0.2188,0.2175,0.2129
1990-10-01,0.2737,0.0033,0.4792,0.3796,0.3505,0.2754,0.3698,0.3340,0.3505
1990-11-01,0.2603,0.0873,0.4673,0.3521,0.3605,0.2654,0.3228,0.4145,0.3521
1990-12-01,0.2836,0.0093,0.5138,0.2832,0.3005,0.2754,0.3258,0.4215,0.3005
1991-01-01,0.2888,-0.0073,0.4950,0.2977,0.3205,0.2854,0.3068,0.4349,0.3068
1991-02-01,0.3141,0.0435,0.4945,0.4011,0.4005,0.3654,0.3898,0.4840,0.4005
1991-03-01,0.3107,0.0239,0.6025,0.2419,0.2505,0.2454,0.2388,0.3422,0.2454
1991-04-01,0.3366,0.0230,0.5625,0.4335,0.4105,0.3854,0.4348,0.4289,0.4289
1991-05-01,0.3486,0.0970,0.5793,0.3083,0.2405,0.2954,0.3268,0.3304,0.3083
1991-06-01,0.3294,0.0902,0.5238,0.4289,0.4305,0.4054,0.4668,0.5010,0.4305
1991-07-01,0.2733,0.0049,0.4121,0.4641,0.3805,0.3554,0.4368,0.3959,0.3959
1991-08-01,0.2589,0.0577,0.5032,0.3617,0.2905,0.2754,0.3738,0.3036,0.3036
1991-09-01,0.2322,0.0281,0.4518,0.3475,0.3405,0.3054,0.3438,0.2463,0.3405
1991-10-01,0.1942,-0.0116,0.4247,0.2457,0.1905,0.2054,0.2758,0.1439,0.2054
1991-11-01,0.1430,-0.1345,0.3527,0.2498,0.2005,0.1654,0.2258,0.1767,0.2005
1991-12-01,0.1256,-0.0962,0.3941,0.2340,0.2205,0.1654,0.2748,0.2341,0.2340
1992-01-01,0.1200,-0.1056,0.2840,0.3586,0.3705,0.3254,0.3768,0.3904,0.3705
1992-02-01,0.0946,-0.1493,0.3205,0.3447,0.3005,0.3154,0.3198,0.3467,0.3198
1992-03-01,0.0952,-0.2453,0.3906,0.3069,0.3805,0.3454,0.3348,0.3479,0.3454
1992-04-01,0.1263,-0.1913,0.4398,0.1569,0.1705,0.1554,0.1928,0.1321,0.1569
1992-05-01,0.0987,-0.2920,0.3852,0.1649,0.2105,0.2054,0.2088,0.1686,0.2054
1992-06-01,0.1075,-0.2229,0.4081,0.1528,0.1605,0.1554,0.2148,0.1504,0.1554
1992-07-01,0.0932,-0.1545,0.3704,0.0039,-0.0095,0.0054,0.0608,-0.0180,0.0039
1992-08-01,0.0625,-0.1677,0.3682,0.0358,-0.0195,-0.0046,0.0438,-0.0449,-0.0046
1992-09-01,0.0668,-0.1255,0.3672,-0.0953,-0.1095,-0.0846,-0.0882,-0.1610,-0.0953
1992-10-01,0.0577,-0.2324,0.4061,-0.0278,-0.0295,-0.0446,-0.0022,-0.1092,-0.0295
1992-11-01,0.0402,-0.2527,0.3856,-0.0394,-0.0695,-0.0546,-0.0772,-0.0829,-0.0695
1992-12-01,0.0275,-0.3381,0.4246,0.0909,0.1205,0.0754,0.1298,0.1078,0.1078
1993-01-01,0.0929,-0.1404,0.4557,0.2588,0.2405,0.2254,0.2698,0.2930,0.2588
1993-02-01,0.0901,-0.1908,0.4688,0.2762,0.2705,0.2754,0.3078,0.2981,0.2762
1993-03-01,0.1401,-0.0812,0.4080,0.2353,0.2605,0.2354,0.2328,0.2314,0.2353
1993-04-01,0.1633,-0.1525,0.4546,0.1927,0.1805,0.1754,0.2068,0.2258,0.1927
1993-05-01,0.1665,-0.0756,0.4286,0.1925,0.1805,0.1654,0.2058,0.2119,0.1925
1993-06-01,0.2113,-0.0470,0.4756,0.1617,0.1305,0.1654,0.2308,0.1706,0.1654
1993-07-01,0.1929,-0.0762,0.4682,0.1571,0.1505,0.1154,0.1878,0.0932,0.1505
1993-08-01,0.2201,0.0075,0.5029,0.0797,0.0105,0.0654,0.1268,0.0588,0.0654
1993-09-01,0.2167,-0.0656,0.6003,0.0416,0.0105,0.0654,0.0808,-0.0685,0.0416
1993-10-01,0.1962,-0.0634,0.4870,0.1491,0.1305,0.1354,0.1868,0.0621,0.1354
1993-11-01,0.1983,-0.0748,0.5486,0.0612,-0.0695,-0.0246,0.0178,-0.0076,-0.0076
1993-12-01,0.1821,-0.0432,0.5438,0.1438,0.0805,0.1054,0.1278,0.2183,0.1278
1994-01-01,0.1932,-0.1121,0.4000,0.1943,0.1605,0.1254,0.1548,0.2050,0.1605
1994-02-01,0.2372,-0.0268,0.4588,0.0047,-0.0795,-0.0646,-0.0282,-0.0297,-0.0297
1994-03-01,0.2356,-0.0272,0.4798,0.2355,0.1905,0.1954,0.2188,0.1766,0.1954
1994-04-01,0.2471,0.0498,0.6168,0.2481,0.3105,0.2554,0.2938,0.2710,0.2710
1994-05-01,0.2555,-0.0242,0.6608,0.1997,0.1805,0.2154,0.2268,0.1586,0.1997
1994-06-01,0.2996,0.0884,0.6153,0.3130,0.3305,0.2754,0.3538,0.2191,0.3130
1994-07-01,0.2927,0.0649,0.6045,0.1789,0.2005,0.1854,0.2298,0.1685,0.1854
1994-08-01,0.3019,0.0890,0.5650,0.1688,0.1105,0.1454,0.1598,0.0590,0.1454
1994-09-01,0.2802,0.0345,0.5050,0.2664,0.2105,0.2354,0.2848,0.2093,0.2354
1994-10-01,0.2842,0.0402,0.5461,0.3427,0.3205,0.3054,0.3858,0.2003,0.3205
1994-11-01,0.2365,0.0235,0.5451,0.3502,0.3405,0.2954,0.3328,0.2855,0.3328
1994-12-01,0.2506,0.0701,0.5548,0.2429,0.2905,0.2354,0.2868,0.2990,0.2868
1995-01-01,0.2668,0.0601,0.6236,0.4124,0.4205,0.3854,0.4198,0.4716,0.4198
1995-02-01,0.2791,0.1224,0.7056,0.6349,0.6905,0.6054,0.6568,0.6719,0.6568
1995-03-01,0.2952,0.0683,0.5939,0.3525,0.3605,0.3654,0.3668,0.3593,0.3605
1995-04-01,0.3296,0.1704,0.6191,0.4174,0.3705,0.3554,0.4238,0.4322,0.4174
1995-05-01,0.3378,0.1821,0.5571,0.2595,0.1705,0.2154,0.2538,0.2720,0.2538
1995-06-01,0.3308,0.1934,0.5772,0.3758,0.3305,0.3454,0.4608,0.3871,0.3758
1995-07-01,0.3221,0.1579,0.6512,0.4390,0.3505,0.3854,0.4818,0.3393,0.3854
1995-08-01,0.3076,0.1065,0.5253,0.3878,0.3505,0.3854,0.4558,0.3363,0.3854
1995-09-01,0.3062,0.0916,0.5531,0.2758,0.2305,0.2754,0.2968,0.2475,0.2754
1995-10-01,0.2734,0.0518,0.6375,0.3774,0.3605,0.3054,0.4508,0.2973,0.3605
1995-11-01,0.2497,-0.0353,0.4889,0.3684,0.3505,0.3154,0.3838,0.3107,0.3505
1995-12-01,0.2484,0.0391,0.4671,0.1675,0.1605,0.1654,0.2308,0.2307,0.1675
1996-01-01,0.2737,0.0619,0.5538,0.2121,0.1405,0.1554,0.2108,0.2412,0.2108
1996-02-01,0.2686,0.0441,0.4815,0.4570,0.3605,0.3654,0.4588,0.3753,0.3753
1996-03-01,0.3228,0.0620,0.5426,0.2827,0.2305,0.2654,0.3038,0.2847,0.2827
1996-04-01,0.3497,0.1675,0.5301,0.2466,0.2305,0.2154,0.2898,0.2072,0.2305
1996-05-01,0.3381,0.1901,0.5361,0.2344,0.1705,0.2154,0.2008,0.1400,0.2008
1996-06-01,0.3423,0.1676,0.5319,0.2149,0.1605,0.1654,0.2008,0.1573,0.1654
1996-07-01,0.3203,0.0917,0.4535,0.3245,0.2605,0.2654,0.3168,0.2368,0.2654
1996-08-01,0.3461,0.1726,0.5355,0.3526,0.3905,0.3054,0.4398,0.3317,0.3526
1996-09-01,0.3194,0.1136,0.5275,0.2019,0.1505,0.1654,0.1908,0.1204,0.1654
1996-10-01,0.3177,0.1548,0.5518,0.1235,0.1205,0.0954,0.1458,0.0520,0.1205
1996-11-01,0.3110,0.0355,0.5100,0.3096,0.3205,0.2654,0.3408,0.3154,0.3154
1996-12-01,0.3014,0.1325,0.4965,0.3161,0.2705,0.2354,0.3548,0.3251,0.3161
1997-01-01,0.3363,0.1491,0.6048,0.2439,0.2205,0.1354,0.2328,0.2313,0.2313
1997-02-01,0.3300,0.1393,0.6371,0.2923,0.3105,0.2254,0.2928,0.2923,0.2923
1997-03-01,0.3594,0.2128,0.5530,0.3906,0.4205,0.3954,0.4318,0.4247,0.4205
1997-04-01,0.3837,0.1628,0.5601,0.3713,0.2305,0.2754,0.3328,0.2238,0.2754
1997-05-01,0.3848,0.2227,0.5320,0.3126,0.2405,0.2754,0.3018,0.2546,0.2754
1997-06-01,0.4050,0.2007,0.6093,0.4880,0.4505,0.4554,0.5168,0.3931,0.4554
1997-07-01,0.3998,0.2018,0.5836,0.3443,0.2405,0.2854,0.3338,0.2711,0.2854
1997-08-01,0.3889,0.2419,0.5314,0.4047,0.3105,0.3454,0.3748,0.3092,0.3454
1997-09-01,0.3713,0.1016,0.5553,0.4635,0.4205,0.4754,0.4668,0.3835,0.4635
1997-10-01,0.3736,0.1961,0.6958,0.5677,0.5105,0.5054,0.6048,0.4393,0.5105
1997-11-01,0.3544,0.1668,0.6318,0.6093,0.5405,0.4954,0.6058,0.5166,0.5405
1997-12-01,0.3677,0.0685,0.7835,0.5181,0.4905,0.4454,0.5568,0.5233,0.5181
1998-01-01,0.3838,0.0626,0.6656,0.5604,0.4805,0.4554,0.5038,0.5527,0.5038
1998-02-01,0.3756,0.1273,0.8084,0.7962,0.7805,0.6754,0.7468,0.7608,0.7608
1998-03-01,0.3793,0.1582,0.6539,0.5852,0.5305,0.4954,0.5328,0.5597,0.5328
1998-04-01,0.3992,0.2073,0.6318,0.6466,0.5305,0.5854,0.6468,0.6725,0.6466
1998-05-01,0.3866,0.1500,0.6121,0.6342,0.5805,0.5554,0.6498,0.6854,0.6342
1998-06-01,0.4112,0.2145,0.6226,0.6646,0.6705,0.5754,0.6938,0.6564,0.6646
1998-07-01,0.3862,0.1805,0.5768,0.6574,0.5605,0.5654,0.6718,0.5649,0.5654
1998-08-01,0.3868,0.2129,0.5565,0.6478,0.5505,0.5854,0.6768,0.5847,0.5854
1998-09-01,0.3491,0.1667,0.4829,0.4306,0.3205,0.3654,0.3898,0.3954,0.3898
1998-10-01,0.3752,0.1989,0.6395,0.4107,0.3205,0.3054,0.3748,0.3145,0.3205
1998-11-01,0.3418,0.0963,0.5318,0.3765,0.3305,0.3054,0.3598,0.2959,0.3305
1998-12-01,0.3828,0.1341,0.6167,0.4806,0.4505,0.4454,0.5128,0.4837,0.4806
1999-01-01,0.3867,0.1953,0.5717,0.3839,0.3805,0.2954,0.3698,0.3738,0.3738
1999-02-01,0.4019,0.2771,0.6129,0.5997,0.5405,0.5254,0.5678,0.5587,0.5587
1999-03-01,0.4195,0.1239,0.5837,0.2542,0.2305,0.2354,0.2408,0.2043,0.2354
1999-04-01,0.4148,0.2612,0.6136,0.2671,0.2205,0.2354,0.2738,0.2482,0.2482
1999-05-01,0.4295,0.1967,0.6488,0.2421,0.1605,0.1954,0.2258,0.2099,0.2099
1999-06-01,0.4262,0.1975,0.6588,0.3215,0.2605,0.2754,0.3488,0.2410,0.2754
1999-07-01,0.4294,0.2200,0.6802,0.3082,0.2805,0.2554,0.3088,0.2411,0.2805
1999-08-01,0.4176,0.1699,0.6474,0.2995,0.2105,0.2554,0.2848,0.2057,0.2554
1999-09-01,0.4403,0.1804,0.7690,0.2717,0.2905,0.3154,0.3328,0.2475,0.2905
1999-10-01,0.4496,0.1923,0.6699,0.3032,0.2405,0.2254,0.3188,0.1908,0.2405
1999-11-01,0.4547,0.2280,0.7328,0.2800,0.2705,0.2654,0.2898,0.2318,0.2705
1999-12-01,0.4579,0.1932,0.6976,0.3097,0.3105,0.3254,0.3618,0.3475,0.3254
2000-01-01,0.4333,0.1287,0.7737,0.1752,0.1505,0.1854,0.1848,0.2111,0.1848
2000-02-01,0.4376,0.1883,0.7082,0.4937,0.4605,0.4154,0.4478,0.4610,0.4605
2000-03-01,0.4437,0.2242,0.7188,0.4415,0.4505,0.3954,0.4118,0.3766,0.4118
2000-04-01,0.4805,0.2717,0.7675,0.5316,0.4605,0.4654,0.4778,0.4690,0.4690
2000-05-01,0.4746,0.3073,0.7421,0.3010,0.2505,0.2454,0.2608,0.2865,0.2608
2000-06-01,0.4836,0.2570,0.6942,0.3461,0.3005,0.2854,0.3328,0.2292,0.3005
2000-07-01,0.4850,0.2483,0.6712,0.3275,0.2905,0.2854,0.2998,0.2054,0.2905
2000-08-01,0.4666,0.2524,0.6365,0.3754,0.3205,0.3154,0.3798,0.2683,0.3205
2000-09-01,0.4490,0.2164,0.6112,0.3087,0.2905,0.3254,0.3618,0.2093,0.3087
2000-10-01,0.4479,0.1856,0.7054,0.1908,0.1705,0.1754,0.2308,0.0965,0.1754
2000-11-01,0.4314,0.1415,0.7036,0.2419,0.2005,0.1854,0.2478,0.1883,0.2005
2000-12-01,0.4343,0.1988,0.7628,0.1977,0.1805,0.1554,0.2328,0.2288,0.1977
2001-01-01,0.4362,0.2236,0.7333,0.3608,0.3505,0.3154,0.3718,0.3709,0.3608
2001-02-01,0.3999,0.1683,0.5648,0.3873,0.3405,0.3054,0.3488,0.3239,0.3405
2001-03-01,0.4380,0.2052,0.7168,0.5159,0.4605,0.4254,0.4688,0.4359,0.4605
2001-04-01,0.4553,0.2480,0.6306,0.4469,0.4005,0.3854,0.4608,0.3983,0.4005
2001-05-01,0.4913,0.2920,0.7396,0.4864,0.4705,0.4354,0.4788,0.4613,0.4705
2001-06-01,0.4851,0.3128,0.6742,0.4438,0.4205,0.4054,0.4728,0.3622,0.4205
2001-07-01,0.4892,0.2693,0.7138,0.5092,0.4905,0.4554,0.5108,0.4227,0.4905
2001-08-01,0.4696,0.2431,0.6927,0.5002,0.3705,0.4054,0.4648,0.3923,0.4054
2001-09-01,0.4850,0.2604,0.7305,0.4897,0.4205,0.4254,0.4678,0.3699,0.4254
2001-10-01,0.4743,0.2374,0.7081,0.4623,0.4005,0.3554,0.4658,0.3862,0.4005
2001-11-01,0.4636,0.1846,0.7694,0.6867,0.6205,0.5454,0.6248,0.6345,0.6248
2001-12-01,0.4362,0.1310,0.7366,0.5357,0.4605,0.4654,0.5638,0.6012,0.5357
2002-01-01,0.4644,0.2008,0.7328,0.6424,0.6705,0.5554,0.6288,0.6959,0.6424
2002-02-01,0.4920,0.1679,0.8081,0.6370,0.6905,0.5354,0.5808,0.5986,0.5986
2002-03-01,0.5146,0.2387,0.7758,0.7900,0.7805,0.6954,0.7768,0.7861,0.7805
2002-04-01,0.4942,0.2250,0.7848,0.5602,0.4805,0.4054,0.5228,0.4881,0.4881
2002-05-01,0.5034,0.3476,0.7547,0.4994,0.5405,0.4954,0.5718,0.5871,0.5405
2002-06-01,0.5125,0.3587,0.7859,0.4446,0.4305,0.4254,0.5268,0.4963,0.4446
2002-07-01,0.4829,0.3205,0.7023,0.5684,0.5105,0.4954,0.5608,0.4770,0.5105
2002-08-01,0.4652,0.2786,0.7295,0.4967,0.4305,0.4254,0.4788,0.3967,0.4305
2002-09-01,0.4783,0.2577,0.7114,0.4990,0.5405,0.4454,0.5578,0.4533,0.4990
2002-10-01,0.4817,0.2279,0.7227,0.4971,0.4405,0.4354,0.5258,0.4112,0.4405
2002-11-01,0.4626,0.1716,0.7927,0.4884,0.4905,0.4354,0.5078,0.4802,0.4884
2002-12-01,0.4575,0.1504,0.8511,0.3416,0.3405,0.3654,0.4528,0.4489,0.3654
2003-01-01,0.4584,0.1513,0.6726,0.6524,0.6505,0.5554,0.6618,0.7072,0.6524
2003-02-01,0.5307,0.2492,0.9475,0.4854,0.4805,0.4754,0.4748,0.5191,0.4805
2003-03-01,0.5614,0.2441,0.9751,0.4792,0.5005,0.4454,0.4528,0.4290,0.4528
2003-04-01,0.5540,0.2915,0.8967,0.4689,0.4505,0.4354,0.4708,0.4316,0.4505
2003-05-01,0.5413,0.2830,0.8593,0.5176,0.5005,0.4454,0.5168,0.4934,0.5005
2003-06-01,0.5623,0.3064,0.8141,0.4213,0.3805,0.3554,0.4028,0.3344,0.3805
2003-07-01,0.5523,0.2842,0.8375,0.4831,0.4805,0.4254,0.4728,0.3959,0.4728
2003-08-01,0.5303,0.2871,0.7951,0.6120,0.5305,0.4954,0.5968,0.4891,0.5305
2003-09-01,0.5116,0.2647,0.8396,0.5699,0.5205,0.5254,0.6158,0.5218,0.5254
2003-10-01,0.5209,0.2707,0.8041,0.6534,0.6205,0.5954,0.6928,0.5963,0.6205
2003-11-01,0.5441,0.3116,0.8675,0.4909,0.4305,0.4254,0.4788,0.4976,0.4788
2003-12-01,0.5045,0.2823,0.8503,0.6511,0.6505,0.5954,0.6898,0.7484,0.6511
2004-01-01,0.5479,0.2687,0.8496,0.5029,0.4805,0.4754,0.5168,0.5589,0.5029
2004-02-01,0.5474,0.3030,0.9057,0.6315,0.6305,0.5554,0.6148,0.6244,0.6244
2004-03-01,0.5630,0.3237,0.8987,0.5234,0.5305,0.5254,0.5148,0.5839,0.5254
2004-04-01,0.5680,0.3226,0.9115,0.5194,0.5105,0.4654,0.5408,0.5373,0.5194
2004-05-01,0.5519,0.2882,0.9446,0.3494,0.2705,0.2654,0.2838,0.2968,0.2838
2004-06-01,0.5578,0.2921,0.8792,0.3100,0.3405,0.2954,0.3688,0.3798,0.3405
2004-07-01,0.5317,0.3297,0.8174,0.2392,0.1605,0.2254,0.2398,0.1673,0.2254
2004-08-01,0.5383,0.3059,0.8828,0.4598,0.3405,0.3554,0.3978,0.2816,0.3554
2004-09-01,0.5350,0.3101,0.8610,0.4608,0.4005,0.4154,0.4808,0.4081,0.4154
2004-10-01,0.5122,0.2764,0.9135,0.5181,0.5105,0.4854,0.5568,0.4989,0.5105
2004-11-01,0.5087,0.1784,0.9038,0.6464,0.6305,0.5554,0.6098,0.6061,0.6098
2004-12-01,0.5006,0.2496,0.7132,0.4100,0.4105,0.3954,0.4328,0.4754,0.4105
2005-01-01,0.4983,0.1217,0.9112,0.6443,0.6505,0.6454,0.6508,0.7482,0.6505
2005-02-01,0.4691,0.1377,0.8423,0.5288,0.5005,0.4954,0.5618,0.6126,0.5288
2005-03-01,0.4958,0.1638,0.7770,0.6413,0.6405,0.6054,0.6568,0.6836,0.6413
2005-04-01,0.5074,0.1896,0.7244,0.6262,0.5705,0.5454,0.6158,0.6222,0.6158
2005-05-01,0.5540,0.3200,0.8762,0.5497,0.5305,0.5054,0.5728,0.5767,0.5497
2005-06-01,0.5597,0.3173,0.8431,0.5674,0.5505,0.5254,0.6238,0.5496,0.5505
2005-07-01,0.5253,0.2430,0.8041,0.5549,0.5105,0.4754,0.5858,0.5284,0.5284
2005-08-01,0.5549,0.2983,0.9394,0.5837,0.4905,0.4554,0.5778,0.4729,0.4905
2005-09-01,0.5685,0.2162,0.9984,0.6312,0.6205,0.5554,0.6448,0.5777,0.6205
2005-10-01,0.5590,0.2915,1.0285,0.6807,0.6605,0.5854,0.7528,0.6639,0.6639
2005-11-01,0.5392,0.2250,0.9069,0.6373,0.6405,0.6154,0.6708,0.6664,0.6405
2005-12-01,0.5511,0.2536,1.0167,0.5952,0.5805,0.5854,0.6698,0.6722,0.5952
2006-01-01,0.6080,0.3354,1.0048,0.4975,0.4605,0.4654,0.5218,0.5569,0.4975
2006-02-01,0.5770,0.3412,0.8043,0.6387,0.6405,0.6254,0.6828,0.6960,0.6405
2006-03-01,0.5916,0.3321,0.8763,0.5353,0.5305,0.5254,0.5628,0.5837,0.5353
2006-04-01,0.5992,0.3399,1.0176,0.4798,0.3705,0.4154,0.4638,0.4818,0.4638
2006-05-01,0.5949,0.3369,0.9946,0.4679,0.3805,0.4154,0.4378,0.4355,0.4355
2006-06-01,0.5853,0.2960,0.9693,0.5721,0.5705,0.4954,0.6038,0.5543,0.5705
2006-07-01,0.5606,0.3288,0.9035,0.4776,0.4405,0.4254,0.4808,0.4464,0.4464
2006-08-01,0.5660,0.3180,0.9035,0.6321,0.6205,0.5554,0.6428,0.5142,0.6205
2006-09-01,0.5626,0.3144,0.8730,0.5457,0.5605,0.5254,0.5588,0.4963,0.5457
2006-10-01,0.5608,0.2694,0.9370,0.6106,0.6105,0.5454,0.6448,0.6301,0.6106
2006-11-01,0.5764,0.2520,0.9771,0.6566,0.6405,0.5354,0.6238,0.6360,0.6360
2006-12-01,0.5695,0.3083,0.9485,0.7103,0.6905,0.6454,0.7408,0.7664,0.7103
2007-01-01,0.5867,0.3442,1.0055,0.8919,0.9105,0.7654,0.8608,0.9639,0.8919
2007-02-01,0.5588,0.2132,0.9886,0.6334,0.6005,0.5654,0.6458,0.6946,0.6334
2007-03-01,0.5845,0.3025,0.9851,0.5869,0.6205,0.5454,0.5728,0.5957,0.5869
2007-04-01,0.6084,0.2450,0.9337,0.7224,0.6705,0.6454,0.7328,0.7254,0.7224
2007-05-01,0.6062,0.2945,0.8959,0.5747,0.5905,0.5054,0.5778,0.5910,0.5778
2007-06-01,0.6213,0.3162,0.9147,0.4984,0.5105,0.4454,0.5268,0.4494,0.4984
2007-07-01,0.6159,0.3164,0.9488,0.5618,0.5005,0.4654,0.5628,0.4495,0.5005
2007-08-01,0.6148,0.2973,0.9504,0.5804,0.5005,0.4354,0.4918,0.4244,0.4918
2007-09-01,0.6308,0.3401,0.9728,0.5070,0.5005,0.4654,0.4488,0.3582,0.4654
2007-10-01,0.6781,0.3563,1.0389,0.5545,0.4905,0.4654,0.5698,0.4781,0.4905
2007-11-01,0.6716,0.3473,1.0950,0.5304,0.4905,0.4254,0.4888,0.4962,0.4905
2007-12-01,0.6556,0.3012,1.0689,0.4125,0.4005,0.3454,0.4178,0.4819,0.4125
2008-01-01,0.6691,0.3381,1.1015,0.2072,0.2005,0.1354,0.1688,0.2727,0.2005
2008-02-01,0.6534,0.2921,1.0192,0.2643,0.2805,0.1954,0.2268,0.2767,0.2643
2008-03-01,0.6702,0.3852,1.0956,0.6079,0.6505,0.5754,0.5528,0.6139,0.6079
2008-04-01,0.6868,0.4390,1.0716,0.4449,0.4405,0.3754,0.4458,0.4250,0.4405
2008-05-01,0.7071,0.4943,1.0470,0.4300,0.4005,0.3854,0.4308,0.4021,0.4021
2008-06-01,0.6744,0.4699,1.0347,0.3795,0.4005,0.3454,0.4068,0.2748,0.3795
2008-07-01,0.6714,0.4988,0.9869,0.5335,0.5005,0.4554,0.5248,0.4196,0.5005
2008-08-01,0.6394,0.4346,1.0114,0.4534,0.3405,0.4054,0.4648,0.3642,0.4054
2008-09-01,0.6456,0.3950,0.9779,0.5461,0.5005,0.4654,0.5138,0.4181,0.5005
2008-10-01,0.6247,0.3402,0.8709,0.5908,0.5705,0.5454,0.6078,0.5294,0.5705
2008-11-01,0.6531,0.4182,0.8731,0.6199,0.5905,0.5554,0.5838,0.5864,0.5864
2008-12-01,0.5761,0.3422,0.8741,0.4632,0.4405,0.4654,0.4798,0.5272,0.4654
2009-01-01,0.5922,0.3032,0.9613,0.5838,0.5505,0.5454,0.5838,0.6604,0.5838
2009-02-01,0.6339,0.3651,1.0923,0.4622,0.4305,0.4154,0.4738,0.5718,0.4622
2009-03-01,0.5965,0.3712,0.8979,0.4414,0.4405,0.4054,0.3898,0.4739,0.4405
2009-04-01,0.6045,0.4053,1.0009,0.5226,0.5105,0.4354,0.4958,0.4916,0.4958
2009-05-01,0.6376,0.4809,0.9798,0.5487,0.5505,0.4854,0.5248,0.5031,0.5248
2009-06-01,0.6444,0.4268,0.9144,0.6226,0.5405,0.5454,0.6208,0.4775,0.5454
2009-07-01,0.6382,0.3742,1.0001,0.6789,0.6405,0.5954,0.7058,0.5808,0.6405
2009-08-01,0.6351,0.3989,0.9812,0.6204,0.5805,0.5654,0.6218,0.4884,0.5805
2009-09-01,0.6457,0.4414,1.0276,0.6778,0.6205,0.6254,0.6208,0.5518,0.6208
2009-10-01,0.6253,0.3740,0.9832,0.6186,0.5505,0.5554,0.6358,0.5722,0.5722
2009-11-01,0.6249,0.3881,0.9494,0.6956,0.7005,0.6154,0.6898,0.6758,0.6898
2009-12-01,0.6080,0.2895,0.9183,0.6327,0.5705,0.5654,0.6568,0.6391,0.6327
2010-01-01,0.6114,0.2972,0.8833,0.7094,0.6505,0.6154,0.7038,0.7944,0.7038
2010-02-01,0.6320,0.3778,0.9973,0.7830,0.7405,0.6954,0.7788,0.8287,0.7788
2010-03-01,0.6150,0.2482,1.0170,0.8569,0.8205,0.7654,0.7878,0.8640,0.8205
2010-04-01,0.6312,0.3413,1.0001,0.8260,0.7505,0.7354,0.8198,0.8041,0.8041
2010-05-01,0.6386,0.3990,0.9472,0.7108,0.6505,0.6354,0.6758,0.7054,0.6758
2010-06-01,0.6329,0.3479,0.9124,0.6454,0.5705,0.5554,0.6198,0.5597,0.5705
2010-07-01,0.6236,0.3091,0.8826,0.6140,0.5305,0.5254,0.5728,0.4951,0.5305
2010-08-01,0.6255,0.3516,0.9144,0.6107,0.5605,0.5054,0.6168,0.4894,0.5605
2010-09-01,0.6373,0.3299,1.0453,0.5614,0.5305,0.5154,0.5698,0.5470,0.5470
2010-10-01,0.6249,0.3444,1.0115,0.6399,0.6105,0.5454,0.6678,0.6085,0.6105
2010-11-01,0.5938,0.1901,0.9181,0.7298,0.7105,0.6354,0.6688,0.6687,0.6688
2010-12-01,0.6123,0.1621,0.9373,0.4310,0.3505,0.3754,0.4588,0.4693,0.4310
2011-01-01,0.6598,0.3100,1.0255,0.4547,0.4205,0.4254,0.4658,0.5103,0.4547
2011-02-01,0.6491,0.2744,1.0577,0.4257,0.3805,0.3954,0.4468,0.4305,0.4257
2011-03-01,0.6439,0.3703,0.9642,0.5512,0.5605,0.5254,0.5478,0.5365,0.5478
2011-04-01,0.6625,0.3507,1.0449,0.5928,0.5405,0.5354,0.5748,0.5652,0.5652
2011-05-01,0.6478,0.3590,1.0720,0.4395,0.4305,0.4154,0.4538,0.4653,0.4395
2011-06-01,0.6390,0.3735,0.9210,0.5428,0.5205,0.4854,0.5838,0.4935,0.5205
2011-07-01,0.6334,0.3632,0.8826,0.6419,0.6005,0.5654,0.6658,0.5862,0.6005
2011-08-01,0.6687,0.3708,1.0260,0.6526,0.6405,0.5554,0.6538,0.5540,0.6405
2011-09-01,0.6852,0.4793,1.0487,0.5373,0.4605,0.4954,0.5118,0.4954,0.4954
2011-10-01,0.6861,0.4179,0.8998,0.5755,0.5505,0.5254,0.5958,0.5218,0.5505
2011-11-01,0.6720,0.3826,1.0642,0.5087,0.4905,0.4254,0.4788,0.4402,0.4788
2011-12-01,0.6523,0.3308,1.0944,0.4908,0.5005,0.4554,0.4928,0.5330,0.4928
2012-01-01,0.6795,0.3706,0.9537,0.3683,0.3705,0.3754,0.3478,0.4351,0.3705
2012-02-01,0.7180,0.4843,0.9816,0.4597,0.3905,0.3854,0.4098,0.4184,0.4098
2012-03-01,0.7218,0.4240,1.0953,0.4205,0.4705,0.4054,0.3838,0.4589,0.4205
2012-04-01,0.7121,0.4280,1.0171,0.6075,0.6305,0.5854,0.6078,0.6059,0.6075
2012-05-01,0.7422,0.5085,1.1330,0.6538,0.6805,0.6154,0.6608,0.6806,0.6608
2012-06-01,0.7274,0.4783,1.0603,0.6277,0.5505,0.5654,0.6398,0.5926,0.5926
2012-07-01,0.7069,0.3960,1.0878,0.5687,0.4905,0.4954,0.4968,0.4834,0.4954
2012-08-01,0.7035,0.4101,0.9872,0.6464,0.5505,0.5254,0.6048,0.5195,0.5505
2012-09-01,0.7096,0.3950,1.0799,0.6365,0.6205,0.6054,0.6368,0.5609,0.6205
2012-10-01,0.7213,0.4252,1.1212,0.7253,0.7005,0.6354,0.7708,0.7114,0.7114
2012-11-01,0.7164,0.3837,1.0540,0.7165,0.6805,0.6154,0.6948,0.7308,0.6948
2012-12-01,0.7591,0.4373,1.1555,0.4568,0.4205,0.3854,0.4678,0.5390,0.4568
2013-01-01,0.7403,0.4663,1.1255,0.6054,0.6005,0.5554,0.5948,0.7475,0.6005
2013-02-01,0.7119,0.4634,0.9519,0.5226,0.5105,0.4654,0.4998,0.6223,0.5105
2013-03-01,0.7447,0.4378,1.1356,0.5797,0.5705,0.5154,0.5218,0.6189,0.5705
2013-04-01,0.7410,0.4781,1.0087,0.5694,0.4305,0.4654,0.4978,0.5153,0.4978
2013-05-01,0.7114,0.4406,0.9882,0.5539,0.5005,0.5254,0.5358,0.5285,0.5285
2013-06-01,0.7233,0.4933,1.1161,0.6592,0.6005,0.5754,0.6208,0.5805,0.6005
2013-07-01,0.6976,0.4756,0.9797,0.5876,0.5005,0.4854,0.5038,0.4180,0.5005
2013-08-01,0.7096,0.4626,0.9991,0.6378,0.6005,0.5454,0.6068,0.4978,0.6005
2013-09-01,0.7151,0.4587,0.9698,0.7202,0.6605,0.6254,0.6828,0.6178,0.6605
2013-10-01,0.7268,0.4170,0.9713,0.6492,0.5905,0.5354,0.5818,0.5435,0.5818
2013-11-01,0.6957,0.4309,0.9683,0.7669,0.7305,0.6654,0.7248,0.6846,0.7248
2013-12-01,0.6938,0.3783,0.9925,0.6014,0.6005,0.5754,0.6178,0.6977,0.6014
2014-01-01,0.7086,0.4858,1.0190,0.6680,0.6605,0.6254,0.6428,0.7277,0.6605
2014-02-01,0.7068,0.4765,0.9825,0.4868,0.4505,0.4554,0.4738,0.5109,0.4738
2014-03-01,0.6781,0.4169,0.9797,0.6861,0.6805,0.6754,0.6228,0.6857,0.6805
2014-04-01,0.7301,0.4305,1.0069,0.7344,0.7105,0.6454,0.6758,0.6612,0.6758
2014-05-01,0.7483,0.4408,1.0225,0.7311,0.7605,0.6854,0.7118,0.6904,0.7118
2014-06-01,0.7503,0.5115,1.0530,0.6153,0.5705,0.5854,0.5808,0.5453,0.5808
2014-07-01,0.7267,0.5389,0.9631,0.5833,0.4805,0.5054,0.5348,0.5088,0.5088
2014-08-01,0.7111,0.5333,0.9418,0.7302,0.7305,0.6754,0.7268,0.5791,0.7268
2014-09-01,0.7461,0.4828,1.0394,0.7618,0.7705,0.6854,0.7518,0.6324,0.7518
2014-10-01,0.7344,0.4416,1.0226,0.7392,0.7005,0.6454,0.7428,0.6557,0.7005
2014-11-01,0.7171,0.3979,1.0563,0.6302,0.5705,0.5354,0.5598,0.5860,0.5705
2014-12-01,0.7380,0.4509,1.0367,0.6785,0.6805,0.6754,0.6868,0.7592,0.6805
2015-01-01,0.7526,0.5152,1.1115,0.7350,0.7605,0.6854,0.7198,0.7933,0.7350
2015-02-01,0.7054,0.5110,1.0117,0.7776,0.8105,0.7254,0.7558,0.8053,0.7776
2015-03-01,0.7115,0.3524,1.0222,0.7930,0.8505,0.7954,0.7548,0.8237,0.7954
2015-04-01,0.7594,0.5109,1.0412,0.6886,0.6505,0.6654,0.6948,0.6081,0.6654
2015-05-01,0.7644,0.5439,1.0860,0.7286,0.7005,0.6754,0.7298,0.6838,0.7005
2015-06-01,0.7652,0.5483,1.0306,0.7533,0.7105,0.7054,0.7368,0.6594,0.7105
2015-07-01,0.7643,0.5663,1.0780,0.7114,0.6305,0.6354,0.7208,0.5967,0.6354
2015-08-01,0.7691,0.5208,1.0623,0.8016,0.7005,0.6854,0.7938,0.6854,0.7005
2015-09-01,0.7571,0.5275,1.0431,0.8197,0.7305,0.7754,0.8018,0.7149,0.7754
2015-10-01,0.7685,0.4854,1.0618,1.0155,0.9705,0.9054,0.9968,0.9334,0.9705
2015-11-01,0.7573,0.4864,1.0498,0.9884,0.9605,0.8954,0.9168,0.9207,0.9207
2015-12-01,0.7486,0.5508,1.0471,1.0364,1.0705,0.9654,1.0668,1.1102,1.0668
2016-01-01,0.7768,0.5228,1.1039,1.0829,1.0705,1.0354,1.0808,1.1517,1.0808
2016-02-01,0.7616,0.5164,1.0702,1.2196,1.2605,1.1854,1.1898,1.2851,1.2196
2016-03-01,0.7928,0.4052,1.1413,1.1815,1.2505,1.1854,1.1598,1.2209,1.1854
2016-04-01,0.8146,0.4933,1.2788,1.0275,0.9905,0.9754,1.0178,1.0811,1.0178
2016-05-01,0.8079,0.5974,1.1608,0.8759,0.8605,0.8054,0.8888,0.9224,0.8759
2016-06-01,0.7895,0.5203,1.2075,0.7720,0.7005,0.6954,0.7888,0.7344,0.7344
2016-07-01,0.7830,0.5074,1.1901,0.7643,0.7405,0.7254,0.8228,0.8036,0.7643
2016-08-01,0.7785,0.5584,1.1196,0.9421,0.9105,0.8454,0.9438,0.8443,0.9105
2016-09-01,0.7738,0.5159,1.1526,0.8386,0.8005,0.8054,0.8468,0.8057,0.8057
2016-10-01,0.7866,0.5370,1.1466,0.8133,0.7705,0.7154,0.8858,0.8338,0.8133
2016-11-01,0.7426,0.5083,1.1423,0.8421,0.8105,0.7854,0.8648,0.9396,0.8421
2016-12-01,0.7851,0.5968,1.1249,0.7734,0.7605,0.7654,0.8458,0.9062,0.7734
2017-01-01,0.7688,0.4585,1.2352,0.9499,0.9205,0.9154,0.9348,1.0042,0.9348
2017-02-01,0.7893,0.4885,1.1474,1.0685,1.0205,0.9854,1.0448,1.1060,1.0448
2017-03-01,0.7905,0.4697,1.1658,1.0516,1.0505,0.9854,1.0688,1.0946,1.0516
2017-04-01,0.8024,0.5525,1.2715,0.8417,0.8305,0.8154,0.8558,0.8798,0.8417
2017-05-01,0.8157,0.5770,1.2822,0.7794,0.8105,0.7754,0.8448,0.8796,0.8105
2017-06-01,0.8155,0.5501,1.1781,0.6532,0.6105,0.6454,0.6788,0.6749,0.6532
2017-07-01,0.8356,0.5887,1.2858,0.7967,0.7205,0.7254,0.7608,0.7087,0.7254
2017-08-01,0.8016,0.5441,1.1886,0.8043,0.7705,0.7454,0.8118,0.7390,0.7705
2017-09-01,0.7852,0.5410,1.2350,0.7243,0.6405,0.7354,0.7098,0.7276,0.7243
2017-10-01,0.7828,0.5101,1.1857,0.8058,0.7805,0.7754,0.8288,0.8515,0.8058
2017-11-01,0.7816,0.4939,1.1467,0.7969,0.7705,0.7554,0.7488,0.7829,0.7705
2017-12-01,0.7666,0.4708,1.2157,0.8079,0.8305,0.8454,0.8318,0.9427,0.8318
2018-01-01,0.8211,0.3284,1.4003,0.7117,0.7205,0.7254,0.7238,0.8414,0.7238
2018-02-01,0.8363,0.5418,1.2884,0.7810,0.7405,0.7854,0.7658,0.8692,0.7810
2018-03-01,0.7896,0.5102,1.1870,0.7802,0.7805,0.7654,0.7558,0.8683,0.7802
2018-04-01,0.7970,0.4912,1.2144,0.8161,0.7805,0.7854,0.8188,0.8568,0.8161
2018-05-01,0.7871,0.4556,1.2209,0.7028,0.7105,0.7254,0.7238,0.7589,0.7238
2018-06-01,0.8068,0.4891,1.2483,0.7300,0.6705,0.6754,0.7248,0.6981,0.6981
2018-07-01,0.7963,0.4700,1.3540,0.7287,0.7305,0.6954,0.7668,0.7214,0.7287
2018-08-01,0.7846,0.4736,1.1936,0.7362,0.6805,0.6854,0.7428,0.6515,0.6854
2018-09-01,0.7672,0.5306,1.1776,0.6781,0.7005,0.6854,0.7018,0.6475,0.6854
2018-10-01,0.7711,0.5694,1.1748,0.8599,0.9205,0.8754,0.8878,0.8468,0.8754
2018-11-01,0.7704,0.4590,1.2511,0.7352,0.7305,0.7154,0.7218,0.7732,0.7305
2018-12-01,0.7796,0.5111,1.2060,0.8169,0.8205,0.8254,0.8408,0.9017,0.8254
2019-01-01,0.8002,0.5345,1.1738,0.8169,0.8305,0.8254,0.7978,0.8851,0.8254
2019-02-01,0.8150,0.5681,1.2455,0.8396,0.8505,0.8054,0.8318,0.9150,0.8396
2019-03-01,0.8156,0.5743,1.2735,1.0828,1.0705,1.0454,1.0368,1.1032,1.0705
2019-04-01,0.8177,0.5671,1.1963,0.9311,0.9005,0.9254,0.9408,0.9889,0.9311
2019-05-01,0.8024,0.5857,1.2020,0.7819,0.7605,0.7954,0.7958,0.8639,0.7954
2019-06-01,0.8261,0.6129,1.1478,0.8115,0.8005,0.7954,0.7928,0.8418,0.8005
2019-07-01,0.8371,0.6388,1.2531,0.8555,0.8405,0.8054,0.8558,0.8400,0.8405
2019-08-01,0.8421,0.6685,1.1270,0.8386,0.8505,0.8254,0.8428,0.7991,0.8386
2019-09-01,0.8476,0.6126,1.2153,0.8150,0.8305,0.8254,0.7808,0.8268,0.8254
2019-10-01,0.8579,0.5646,1.2397,0.9557,0.9005,0.9254,0.9938,0.9454,0.9454
2019-11-01,0.8306,0.4632,1.3171,0.9353,0.8905,0.8754,0.8818,0.9398,0.8905
2019-12-01,0.8490,0.4575,1.3138,1.0266,1.0105,1.0254,1.0188,1.1103,1.0254
2020-01-01,0.8624,0.5568,1.3276,1.0649,1.0805,1.0554,1.0538,1.1819,1.0649
2020-02-01,0.9040,0.6058,1.4782,1.1124,1.1305,1.0954,1.0828,1.1964,1.1124
2020-03-01,0.9089,0.6122,1.3032,1.0770,1.0805,1.0154,1.0118,1.0826,1.0770
2020-04-01,0.9079,0.6370,1.3260,1.0518,1.0105,1.0054,1.0628,1.0720,1.0518
2020-05-01,0.9127,0.6762,1.3489,0.9000,0.8905,0.8854,0.8878,0.9731,0.8905
2020-06-01,0.9226,0.6223,1.3650,0.8144,0.8105,0.8154,0.8438,0.8333,0.8154
2020-07-01,0.9034,0.6403,1.2531,0.8260,0.7905,0.7854,0.8598,0.7683,0.7905
2020-08-01,0.8906,0.6085,1.2593,0.8121,0.7605,0.7754,0.7988,0.7097,0.7754
2020-09-01,0.8821,0.5938,1.2835,0.8679,0.8605,0.8654,0.8568,0.8816,0.8654
2020-10-01,0.8838,0.5307,1.2540,0.8006,0.7705,0.7854,0.8248,0.8682,0.8006
2020-11-01,0.8694,0.5435,1.2759,1.0098,0.9805,0.9554,0.9998,1.0720,0.9998
2020-12-01,0.8824,0.5408,1.3753,0.6936,0.7005,0.7054,0.7428,0.8058,0.7054
2021-01-01,0.8766,0.5109,1.2165,0.7102,0.7105,0.7054,0.7258,0.8440,0.7105
2021-02-01,0.8743,0.5150,1.1662,0.5692,0.5405,0.5354,0.5478,0.6667,0.5478
2021-03-01,0.8891,0.5270,1.3144,0.7400,0.7905,0.7654,0.6898,0.7845,0.7654
2021-04-01,0.8902,0.5291,1.1901,0.7595,0.6605,0.6854,0.7178,0.7422,0.7178
2021-05-01,0.9031,0.5611,1.2978,0.7029,0.6905,0.7054,0.7358,0.7645,0.7054
2021-06-01,0.8929,0.5653,1.2372,0.7202,0.7505,0.7154,0.7408,0.6857,0.7202
2021-07-01,0.8843,0.5462,1.1776,0.7942,0.8205,0.7754,0.7888,0.7739,0.7888
2021-08-01,0.8898,0.5424,1.3034,0.8111,0.7105,0.7554,0.8248,0.7541,0.7554
2021-09-01,0.8870,0.5256,1.3679,0.8761,0.8205,0.8154,0.8548,0.8495,0.8495
2021-10-01,0.8930,0.5534,1.2347,0.9290,0.8805,0.8554,0.9548,0.9135,0.9135
2021-11-01,0.8940,0.5054,1.3196,0.8666,0.8205,0.8054,0.8378,0.8809,0.8378
2021-12-01,0.9138,0.5140,1.2613,0.7590,0.7805,0.7654,0.7678,0.8930,0.7678
2022-01-01,0.9057,0.6356,1.2943,0.7845,0.8105,0.8054,0.7848,0.8780,0.8054
2022-02-01,0.9138,0.4500,1.3176,0.7581,0.7905,0.7754,0.7438,0.8363,0.7754
2022-03-01,0.9220,0.4428,1.4202,0.8906,0.9405,0.9554,0.9058,0.9889,0.9405
2022-04-01,0.9321,0.4949,1.4263,0.7720,0.7305,0.7654,0.7678,0.8349,0.7678
2022-05-01,0.9349,0.4880,1.3957,0.7542,0.7405,0.7054,0.7448,0.7629,0.7448
2022-06-01,0.9269,0.5097,1.3535,0.8497,0.8205,0.8054,0.8978,0.7810,0.8205
2022-07-01,0.9135,0.4665,1.3084,0.7812,0.8405,0.7754,0.8468,0.8204,0.8204
2022-08-01,0.9068,0.4469,1.2668,0.8761,0.8405,0.7954,0.8338,0.7387,0.8338
2022-09-01,0.9286,0.4912,1.2913,0.8164,0.7805,0.7554,0.8218,0.7975,0.7975
2022-10-01,0.9582,0.6288,1.3463,0.9512,0.8705,0.8454,0.9618,0.9010,0.9010
2022-11-01,0.9312,0.4550,1.3379,0.6712,0.6305,0.6354,0.6478,0.6970,0.6478
2022-12-01,0.9039,0.6084,1.2535,0.7432,0.6905,0.7054,0.8058,0.8415,0.7432
2023-01-01,0.9475,0.5833,1.4412,0.7867,0.7705,0.7654,0.7788,0.8471,0.7788
2023-02-01,0.8934,0.5651,1.3262,0.8879,0.8605,0.8854,0.8418,0.8991,0.8854
2023-03-01,0.9066,0.6347,1.2684,1.1315,1.1305,1.1054,1.1008,1.1066,1.1066
2023-04-01,0.9178,0.6652,1.2285,0.9231,0.8805,0.8754,0.9438,0.8722,0.8805
2023-05-01,0.9508,0.6842,1.2484,0.8800,0.8405,0.8454,0.8958,0.9025,0.8800
2023-06-01,0.9560,0.6949,1.2743,1.0621,0.9805,0.9454,1.0778,1.0041,1.0041
2023-07-01,0.9510,0.6923,1.2279,1.1635,1.0905,1.0454,1.2408,1.1670,1.1635
2023-08-01,0.9132,0.6757,1.1451,1.2138,1.0905,1.1254,1.2488,1.1526,1.1526
2023-09-01,0.9217,0.6804,1.3465,1.3520,1.3805,1.2854,1.3918,1.3784,1.3784
2023-10-01,0.9448,0.6668,1.2275,1.3273,1.2405,1.2254,1.3218,1.3419,1.3218
2023-11-01,0.9456,0.5552,1.2458,1.3452,1.3005,1.2754,1.3198,1.3887,1.3198
2023-12-01,0.9356,0.5825,1.3522,1.2644,1.2505,1.2354,1.3028,1.4158,1.2644
2024-01-01,0.9796,0.6102,1.3608,1.1554,1.1505,1.1754,1.1548,1.2987,1.1554
2024-02-01,0.9824,0.6880,1.2844,1.2936,1.3305,1.2754,1.2838,1.4075,1.2936
2024-03-01,0.9852,0.7649,1.3093,1.2384,1.2905,1.1854,1.1818,1.3230,1.2384
2024-04-01,0.9650,0.7331,1.3198,1.2192,1.2205,1.1454,1.1808,1.2219,1.2192
2024-05-01,1.0076,0.7677,1.3437,1.0658,1.0605,1.0354,1.0768,1.1590,1.0658
2024-06-01,0.9549,0.7055,1.2947,1.0993,1.1305,1.0554,1.1438,1.1474,1.1305
2024-07-01,0.9680,0.6854,1.2189,1.1420,1.1005,1.0554,1.1408,1.1232,1.1232
2024-08-01,0.9644,0.6735,1.3930,1.2231,1.2005,1.1154,1.1958,1.1546,1.1958
2024-09-01,0.9426,0.6092,1.2028,1.1568,1.1105,1.0954,1.1908,1.1758,1.1568
2024-10-01,0.9583,0.5993,1.2394,1.2142,1.2405,1.1954,1.2798,1.2910,1.2405
2024-11-01,0.9416,0.6374,1.2233,1.2221,1.1905,1.1754,1.2648,1.2633,1.2221
2024-12-01,0.9883,0.6803,1.3210,1.1234,1.1605,1.1354,1.2148,1.3294,1.1605
2025-01-01,1.0088,0.6132,1.3665,1.2594,1.2705,1.1854,1.2668,1.3875,1.2668
2025-02-01,0.9834,0.5520,1.2995,1.1210,1.1505,1.1054,1.1768,1.2337,1.1505
2025-03-01,0.9941,0.6117,1.4025,1.1957,1.2605,1.1954,1.1938,1.2451,1.1957
2025-04-01,1.0115,0.6664,1.3765,1.1069,1.1405,1.0654,1.1168,1.1530,1.1168
2025-05-01,1.0052,0.6666,1.3379,0.9606,0.9705,0.9354,0.9818,1.0378,0.9705
2025-06-01,0.9987,0.6866,1.2640,0.8875,0.9605,0.8354,0.9588,0.9472,0.9472
2025-07-01,0.9925,0.7522,1.2869,0.9497,0.9205,0.8254,0.9338,0.8920,0.9205
2025-08-01,1.0199,0.7612,1.3819,1.0213,1.0705,0.9354,1.0458,0.9330,1.0213
2025-09-01,1.0228,0.7786,1.4461,1.1172,1.1405,1.0054,1.1648,1.1103,1.1172
2025-10-01,1.0246,0.6764,1.4694,1.1000,1.0805,1.0154,1.1548,1.1874,1.1000
2025-11-01,0.9984,0.6183,1.4258,1.0984,1.1105,1.0054,1.1298,1.1838,1.1105
2025-12-01,1.0021,0.6704,1.4837,0.9647,0.9505,0.9054,1.0038,1.0573,0.9647
2026-01-01,1.0288,0.6558,1.4862,1.0197,0.9805,0.9554,1.0598,1.1117,1.0197
2026-02-01,1.0161,0.6985,1.4416,1.0825,1.1305,1.0354,1.1378,1.1382,1.1305
2026-03-01,1.0076,0.6628,1.4750,1.1203,1.2005,1.0854,1.0988,1.1261,1.1203
2026-04-01,1.0162,0.6427,1.4490,1.0751,1.0605,1.0154,1.0798,1.0753,1.0751
2026-05-01,1.0421,0.7062,1.5142,1.0238,1.0305,0.9454,1.0508,1.0576,1.0305
2026-06-01,1.0394,0.7403,1.4862,1.0751,1.0705,0.9854,1.1088,1.0314,1.0705
2026-07-01,1.0393,0.7122,1.4669,1.1005,1.1405,1.0754,1.1638,1.1140,1.1140
2026-08-01,1.0187,0.7245,1.4279,1.2903,1.3205,1.1954,1.3478,1.2883,1.2903
2026-09-01,1.0523,0.7427,1.5511,,1.2805,1.2154,,1.2712,1.2712
2026-10-01,1.0477,0.7716,1.5409,,,,,,
2026-11-01,1.0486,0.7852,1.4426,,,,,,
2026-12-01,1.0467,0.6868,1.5103,,,,,,
2027-01-01,1.0440,0.7751,1.4435,,,,,,
2027-02-01,1.0764,0.7691,1.4145,,,,,,
2027-03-01,1.0940,0.7210,1.4144,,,,,,
2027-04-01,1.0698,0.7962,1.3755,,,,,,
2027-05-01,1.0530,0.7683,1.4860,,,,,,
2027-06-01,1.0619,0.7986,1.4876,,,,,,
2027-07-01,1.0924,0.7547,1.4974,,,,,,
2027-08-01,1.0691,0.7513,1.5131,,,,,,
2027-09-01,1.0812,0.7469,1.5996,,,,,,
2027-10-01,1.0634,0.8295,1.4644,,,,,,
2027-11-01,1.0969,0.7837,1.5434,,,,,,
2027-12-01,1.1148,0.8469,1.6764,,,,,,
2028-01-01,1.1505,0.8329,1.6351,,,,,,
2028-02-01,1.1140,0.7602,1.6688,,,,,,
2028-03-01,1.0894,0.6564,1.4908,,,,,,
2028-04-01,1.1075,0.8156,1.6554,,,,,,
2028-05-01,1.0913,0.7834,1.6505,,,,,,
2028-06-01,1.0843,0.7732,1.5262,,,,,,
2028-07-01,1.0884,0.7739,1.6073,,,,,,
2028-08-01,1.0952,0.7881,1.7492,,,,,,
2028-09-01,1.1036,0.7509,1.5872,,,,,,
2028-10-01,1.1300,0.6497,1.6126,,,,,,
2028-11-01,1.1159,0.7203,1.6541,,,,,,
2028-12-01,1.1033,0.6792,1.5303,,,,,,
2029-01-01,1.1122,0.7256,1.6900,,,,,,
2029-02-01,1.1427,0.7862,1.7051,,,,,,
2029-03-01,1.1375,0.7588,1.5535,,,,,,
2029-04-01,1.0925,0.6140,1.6007,,,,,,
2029-05-01,1.1263,0.7454,1.5296,,,,,,
2029-06-01,1.1240,0.7729,1.5100,,,,,,
2029-07-01,1.1123,0.7166,1.4838,,,,,,
2029-08-01,1.1322,0.7267,1.4964,,,,,,
2029-09-01,1.1344,0.7415,1.5288,,,,,,
2029-10-01,1.1416,0.7417,1.5983,,,,,,
2029-11-01,1.1651,0.7414,1.4463,,,,,,
2029-12-01,1.1632,0.7087,1.5516,,,,,,
2030-01-01,1.1671,0.8705,1.5624,,,,,,
2030-02-01,1.1524,0.8447,1.4977,,,,,,
2030-03-01,1.2115,0.8926,1.7331,,,,,,
2030-04-01,1.1677,0.8854,1.7142,,,,,,
2030-05-01,1.1618,0.7921,1.6569,,,,,,
2030-06-01,1.1487,0.8326,1.6657,,,,,,
2030-07-01,1.1516,0.8111,1.5886,,,,,,
2030-08-01,1.1491,0.7890,1.6601,,,,,,
2030-09-01,1.1587,0.8528,1.6534,,,,,,
2030-10-01,1.1677,0.8447,1.6432,,,,,,
2030-11-01,1.1707,0.8595,1.7031,,,,,,
2030-12-01,1.1485,0.9221,1.5334,,,,,,
2031-01-01,1.1251,0.7489,1.5674,,,,,,
2031-02-01,1.1334,0.8055,1.5690,,,,,,
2031-03-01,1.1520,0.8313,1.6459,,,,,,
2031-04-01,1.1239,0.8606,1.5950,,,,,,
2031-05-01,1.1186,0.8009,1.5309,,,,,,
2031-06-01,1.1294,0.7551,1.5230,,,,,,
2031-07-01,1.1341,0.8144,1.5922,,,,,,
2031-08-01,1.1094,0.7706,1.5293,,,,,,
2031-09-01,1.1248,0.7926,1.5436,,,,,,
2031-10-01,1.1448,0.7841,1.5596,,,,,,
2031-11-01,1.1488,0.6656,1.5123,,,,,,
2031-12-01,1.1401,0.6436,1.5869,,,,,,
2032-01-01,1.2260,0.7578,1.7389,,,,,,
2032-02-01,1.2044,0.9106,1.6576,,,,,,
2032-03-01,1.1958,0.9540,1.6112,,,,,,
2032-04-01,1.1781,0.8752,1.4184,,,,,,
2032-05-01,1.1875,0.8450,1.5706,,,,,,
2032-06-01,1.1966,0.8331,1.5369,,,,,,
2032-07-01,1.2109,0.8631,1.5049,,,,,,
2032-08-01,1.2216,0.8829,1.6613,,,,,,
2032-09-01,1.2312,0.9643,1.5935,,,,,,
2032-10-01,1.2202,0.9160,1.6477,,,,,,
2032-11-01,1.2581,0.9499,1.6923,,,,,,
2032-12-01,1.2556,0.9456,1.6180,,,,,,
2033-01-01,1.3103,0.9582,1.9258,,,,,,
2033-02-01,1.2667,0.9728,1.7302,,,,,,
2033-03-01,1.2689,0.9499,1.7651,,,,,,
2033-04-01,1.2484,0.8816,1.5777,,,,,,
2033-05-01,1.2175,0.8636,1.5582,,,,,,
2033-06-01,1.2428,0.8480,1.7133,,,,,,
2033-07-01,1.2317,0.8427,1.6687,,,,,,
2033-08-01,1.2441,0.8631,1.6742,,,,,,
2033-09-01,1.2432,0.8264,1.6355,,,,,,
2033-10-01,1.2436,0.8268,1.6337,,,,,,
2033-11-01,1.2429,0.7714,1.6998,,,,,,
2033-12-01,1.2383,0.8173,1.6950,,,,,,
2034-01-01,1.2721,0.7360,1.8151,,,,,,
2034-02-01,1.2624,0.8424,1.7839,,,,,,
2034-03-01,1.2401,0.9045,1.8081,,,,,,
2034-04-01,1.2398,0.9274,1.6795,,,,,,
2034-05-01,1.2473,0.9384,1.7675,,,,,,
2034-06-01,1.2164,0.9075,1.7033,,,,,,
2034-07-01,1.2386,0.8939,1.7027,,,,,,
2034-08-01,1.2591,0.9379,1.7171,,,,,,
2034-09-01,1.2687,0.9199,1.7162,,,,,,
2034-10-01,1.2700,0.8797,1.7857,,,,,,
2034-11-01,1.2720,0.9745,1.6584,,,,,,
2034-12-01,1.2943,1.0025,1.7882,,,,,,
2035-01-01,1.3068,0.9890,1.7720,,,,,,
2035-02-01,1.2934,1.0385,1.7016,,,,,,
2035-03-01,1.2783,0.7955,1.6614,,,,,,
2035-04-01,1.2787,0.9575,1.7524,,,,,,
2035-05-01,1.2900,0.9314,1.6663,,,,,,
2035-06-01,1.2707,0.9588,1.5647,,,,,,
2035-07-01,1.2657,0.9599,1.5891,,,,,,
2035-08-01,1.2913,0.9827,1.7516,,,,,,
2035-09-01,1.3087,1.0143,1.7709,,,,,,
2035-10-01,1.3277,0.9681,1.9943,,,,,,
2035-11-01,1.3125,0.9673,1.6921,,,,,,
2035-12-01,1.3214,0.9722,1.7231,,,,,,
2036-01-01,1.2942,0.7621,1.8261,,,,,,
2036-02-01,1.2902,0.9024,1.7349,,,,,,
2036-03-01,1.3090,0.9131,1.7338,,,,,,
2036-04-01,1.2990,1.0185,1.6405,,,,,,
2036-05-01,1.3030,0.9289,1.6983,,,,,,
2036-06-01,1.3075,0.9821,1.7701,,,,,,
2036-07-01,1.3161,0.9059,1.8044,,,,,,
2036-08-01,1.3044,0.9017,1.7225,,,,,,
2036-09-01,1.3152,0.7733,1.8695,,,,,,
2036-10-01,1.3364,0.8986,1.7269,,,,,,
2036-11-01,1.3620,0.8833,1.7541,,,,,,
2036-12-01,1.3603,0.9495,1.7992,,,,,,
2037-01-01,1.3945,0.8746,1.7763,,,,,,
2037-02-01,1.3867,0.9146,1.7705,,,,,,
2037-03-01,1.3876,0.9291,1.8351,,,,,,
2037-04-01,1.3453,0.9300,1.6661,,,,,,
2037-05-01,1.3495,0.9172,1.7269,,,,,,
2037-06-01,1.3493,0.9032,1.7885,,,,,,
2037-07-01,1.3476,0.9017,1.7207,,,,,,
2037-08-01,1.3628,0.9307,1.8634,,,,,,
2037-09-01,1.3776,0.8807,1.7351,,,,,,
2037-10-01,1.4052,0.8195,1.8215,,,,,,
2037-11-01,1.3775,0.8772,1.7937,,,,,,
2037-12-01,1.3897,0.9972,1.7695,,,,,,
2038-01-01,1.4089,0.9383,1.8774,,,,,,
2038-02-01,1.3792,0.9243,1.7325,,,,,,
2038-03-01,1.3534,0.9442,1.8847,,,,,,
2038-04-01,1.3725,1.0474,1.7558,,,,,,
2038-05-01,1.3631,0.9671,1.8039,,,,,,
2038-06-01,1.3562,0.9419,1.7745,,,,,,
2038-07-01,1.3799,1.0158,1.7861,,,,,,
2038-08-01,1.4054,1.0289,1.9201,,,,,,
2038-09-01,1.4262,1.0340,1.7124,,,,,,
2038-10-01,1.4603,1.1264,1.8357,,,,,,
2038-11-01,1.4656,1.0706,1.8817,,,,,,
2038-12-01,1.4288,1.0043,1.8459,,,,,,
2039-01-01,1.4812,1.1379,1.9435,,,,,,
2039-02-01,1.4767,1.1697,1.8682,,,,,,
2039-03-01,1.4540,1.1384,1.8162,,,,,,
2039-04-01,1.4358,1.0518,1.8625,,,,,,
2039-05-01,1.4125,1.0773,1.8136,,,,,,
2039-06-01,1.3873,1.0196,1.8318,,,,,,
2039-07-01,1.4232,0.9946,1.8325,,,,,,
2039-08-01,1.4345,1.0019,1.8150,,,,,,
2039-09-01,1.4678,1.0154,1.9443,,,,,,
2039-10-01,1.4753,1.0028,1.8931,,,,,,
2039-11-01,1.4737,0.9572,1.8910,,,,,,
2039-12-01,1.4550,0.9664,1.9996,,,,,,
2040-01-01,1.4984,1.0599,2.0268,,,,,,
2040-02-01,1.4624,1.1445,1.8971,,,,,,
2040-03-01,1.4469,1.0795,1.8461,,,,,,
2040-04-01,1.4563,1.0322,1.8294,,,,,,
2040-05-01,1.4358,1.1046,1.7437,,,,,,
2040-06-01,1.4457,1.0675,1.8746,,,,,,
2040-07-01,1.4372,1.0880,1.6966,,,,,,
2040-08-01,1.4503,1.1281,1.8218,,,,,,
2040-09-01,1.4743,1.1495,1.9223,,,,,,
2040-10-01,1.5066,1.0988,1.9436,,,,,,
2040-11-01,1.5114,1.1413,1.9356,,,,,,
2040-12-01,1.5186,1.1122,1.9043,,,,,,
