# Climate models vs observations — CMIP5 (RCP4.5), baseline 1961-1990
# Climate Dashboard (https://github.com/hausfath/climate-dashboard) — regenerated daily; this file: 2026-09-26
# Monthly means, all series referenced to 1961-1990. model_mean/p05/p95: ensemble mean and 5th-95th percentile across members.
# Observation columns: HadCRUT5, GISTEMP, NOAA, Berkeley Earth, ERA5 (C3S).
# The dashboard's 12-month view is a 12-month rolling mean of these monthly columns.
# All values in degrees Celsius unless a column says otherwise. Load with pandas.read_csv(..., comment='#').
date,model_mean_c,model_p05_c,model_p95_c,hadcrut5,gistemp,noaa,berkeley,copernicus,obs_median_c
1900-01-01,-0.2851,-0.6632,0.0626,-0.4897,-0.4697,-0.3857,-0.3122,,-0.4277
1900-02-01,-0.2734,-0.6255,-0.0005,-0.1998,-0.1597,-0.0557,0.0278,,-0.1077
1900-03-01,-0.2389,-0.5962,0.1195,-0.2073,-0.0997,-0.1757,-0.1272,,-0.1515
1900-04-01,-0.2283,-0.5561,0.1152,-0.2322,-0.1997,-0.2157,-0.2262,,-0.2210
1900-05-01,-0.2076,-0.5377,0.0759,-0.3084,-0.1897,-0.2257,-0.2522,,-0.2390
1900-06-01,-0.2084,-0.5146,0.0842,-0.2290,-0.1997,-0.1357,-0.1622,,-0.1810
1900-07-01,-0.2262,-0.5276,0.0340,-0.2179,-0.2297,-0.2057,-0.2652,,-0.2238
1900-08-01,-0.2438,-0.5561,0.0496,-0.2183,-0.1897,-0.2057,-0.2392,,-0.2120
1900-09-01,-0.2746,-0.5141,-0.0026,-0.2018,-0.1597,-0.2357,-0.1832,,-0.1925
1900-10-01,-0.3094,-0.6186,0.0109,-0.0664,-0.0097,-0.1357,-0.0342,,-0.0503
1900-11-01,-0.3529,-0.6859,-0.0028,-0.2651,-0.1697,-0.2257,-0.2312,,-0.2285
1900-12-01,-0.3565,-0.6946,0.0332,-0.2220,-0.1697,-0.1457,-0.1662,,-0.1680
1901-01-01,-0.2945,-0.7488,0.2208,-0.2726,-0.3197,-0.2857,-0.2912,,-0.2885
1901-02-01,-0.3118,-0.6802,0.1085,-0.2669,-0.2097,-0.2457,-0.1792,,-0.2277
1901-03-01,-0.2916,-0.6396,0.1347,-0.1883,-0.0397,-0.0657,-0.2052,,-0.1270
1901-04-01,-0.2608,-0.5699,0.0480,-0.1735,-0.1297,-0.1057,-0.1582,,-0.1440
1901-05-01,-0.2555,-0.5818,0.0237,-0.2427,-0.2497,-0.2157,-0.1332,,-0.2292
1901-06-01,-0.2495,-0.5328,0.0678,-0.2648,-0.2197,-0.2557,-0.2232,,-0.2395
1901-07-01,-0.2209,-0.5691,0.0343,-0.3537,-0.2497,-0.2457,-0.2582,,-0.2540
1901-08-01,-0.2301,-0.5054,0.0019,-0.2191,-0.2997,-0.2257,-0.2632,,-0.2445
1901-09-01,-0.2703,-0.5193,0.0338,-0.3639,-0.3297,-0.3257,-0.3162,,-0.3277
1901-10-01,-0.3192,-0.5458,-0.0798,-0.3437,-0.3897,-0.3757,-0.3612,,-0.3685
1901-11-01,-0.3393,-0.6229,0.0165,-0.3819,-0.2697,-0.3057,-0.3852,,-0.3438
1901-12-01,-0.3234,-0.6309,0.0711,-0.4731,-0.3797,-0.2157,-0.2992,,-0.3395
1902-01-01,-0.2783,-0.6094,0.0644,-0.4332,-0.2697,-0.3057,-0.3142,,-0.3100
1902-02-01,-0.2654,-0.5608,0.1114,-0.2329,-0.1897,-0.1757,-0.1772,,-0.1835
1902-03-01,-0.2779,-0.4795,0.0416,-0.4634,-0.3797,-0.4157,-0.4432,,-0.4295
1902-04-01,-0.2915,-0.5647,0.0258,-0.4526,-0.3797,-0.3557,-0.3772,,-0.3785
1902-05-01,-0.2628,-0.4980,-0.0022,-0.4429,-0.4297,-0.3157,-0.3832,,-0.4065
1902-06-01,-0.2656,-0.5840,0.0450,-0.4575,-0.4197,-0.2557,-0.3882,,-0.4040
1902-07-01,-0.2481,-0.5414,0.1293,-0.4196,-0.3797,-0.2657,-0.4012,,-0.3905
1902-08-01,-0.2441,-0.5768,0.0773,-0.4383,-0.3997,-0.3057,-0.4732,,-0.4190
1902-09-01,-0.2801,-0.5571,0.0621,-0.3808,-0.3897,-0.3557,-0.3662,,-0.3735
1902-10-01,-0.3315,-0.6818,-0.0012,-0.5052,-0.3997,-0.3757,-0.5212,,-0.4525
1902-11-01,-0.3892,-0.7327,-0.0846,-0.5620,-0.4697,-0.3957,-0.5192,,-0.4945
1902-12-01,-0.4316,-0.7676,-0.0522,-0.5565,-0.5297,-0.4457,-0.5082,,-0.5190
1903-01-01,-0.4286,-0.8373,-0.0813,-0.4302,-0.3497,-0.3157,-0.2992,,-0.3327
1903-02-01,-0.4390,-0.8496,-0.0390,-0.2424,-0.1697,-0.3457,-0.3052,,-0.2738
1903-03-01,-0.4157,-0.8001,0.0157,-0.4144,-0.3397,-0.2957,-0.3432,,-0.3415
1903-04-01,-0.4241,-0.7606,-0.1236,-0.5981,-0.5197,-0.5357,-0.6142,,-0.5669
1903-05-01,-0.4177,-0.7833,-0.1415,-0.5216,-0.4997,-0.3957,-0.4882,,-0.4940
1903-06-01,-0.4332,-0.7876,-0.1121,-0.5574,-0.5297,-0.3957,-0.4402,,-0.4850
1903-07-01,-0.4552,-0.9266,-0.0802,-0.5190,-0.4497,-0.4457,-0.5492,,-0.4844
1903-08-01,-0.4791,-0.8908,-0.1251,-0.6192,-0.5497,-0.4957,-0.7172,,-0.5845
1903-09-01,-0.4862,-0.8989,-0.1783,-0.5790,-0.5897,-0.5157,-0.5432,,-0.5611
1903-10-01,-0.5374,-1.0269,-0.1272,-0.6820,-0.5697,-0.5757,-0.5812,,-0.5785
1903-11-01,-0.5641,-0.9673,-0.2109,-0.6394,-0.5197,-0.4357,-0.6402,,-0.5796
1903-12-01,-0.5691,-0.9639,-0.1210,-0.7157,-0.6197,-0.6157,-0.6242,,-0.6220
1904-01-01,-0.4887,-0.9055,-0.0251,-0.8056,-0.7397,-0.7057,-0.7562,,-0.7480
1904-02-01,-0.4518,-0.8594,0.0249,-0.7749,-0.6897,-0.6357,-0.7522,,-0.7210
1904-03-01,-0.4600,-0.8254,-0.0796,-0.7022,-0.6197,-0.4157,-0.5882,,-0.6040
1904-04-01,-0.4409,-0.7805,-0.0764,-0.6530,-0.6097,-0.6057,-0.5852,,-0.6077
1904-05-01,-0.4336,-0.7864,-0.1849,-0.6198,-0.6197,-0.5657,-0.5722,,-0.5960
1904-06-01,-0.3986,-0.7251,-0.1194,-0.5766,-0.5897,-0.5057,-0.5332,,-0.5549
1904-07-01,-0.3985,-0.7485,-0.0619,-0.5667,-0.6197,-0.5057,-0.5772,,-0.5720
1904-08-01,-0.3977,-0.7012,-0.0953,-0.4926,-0.5997,-0.4857,-0.5232,,-0.5079
1904-09-01,-0.4263,-0.7065,-0.0980,-0.6085,-0.6597,-0.5357,-0.5882,,-0.5984
1904-10-01,-0.4798,-0.8215,-0.0632,-0.5605,-0.4997,-0.4557,-0.4672,,-0.4835
1904-11-01,-0.5076,-0.7981,-0.0748,-0.4011,-0.2897,-0.3157,-0.3572,,-0.3365
1904-12-01,-0.4855,-0.8262,-0.1303,-0.5026,-0.4397,-0.3357,-0.4552,,-0.4475
1905-01-01,-0.4340,-0.8437,-0.0545,-0.4650,-0.4597,-0.3957,-0.4792,,-0.4624
1905-02-01,-0.4343,-0.8757,-0.0433,-0.7237,-0.6997,-0.6257,-0.7372,,-0.7117
1905-03-01,-0.3835,-0.7122,-0.0664,-0.5274,-0.3197,-0.3657,-0.5532,,-0.4466
1905-04-01,-0.3794,-0.7175,0.0017,-0.5664,-0.4397,-0.4357,-0.5812,,-0.5031
1905-05-01,-0.3221,-0.6320,0.0338,-0.4423,-0.3997,-0.3357,-0.3972,,-0.3985
1905-06-01,-0.3205,-0.6323,-0.0046,-0.3530,-0.3897,-0.2457,-0.3342,,-0.3436
1905-07-01,-0.3200,-0.6116,0.0233,-0.3839,-0.3697,-0.2657,-0.3242,,-0.3470
1905-08-01,-0.3399,-0.6386,-0.0014,-0.3137,-0.2997,-0.3557,-0.4012,,-0.3347
1905-09-01,-0.3582,-0.6422,-0.0035,-0.3554,-0.2897,-0.4157,-0.4062,,-0.3808
1905-10-01,-0.4247,-0.7629,-0.0143,-0.3430,-0.3497,-0.4457,-0.3392,,-0.3464
1905-11-01,-0.4506,-0.7982,-0.1034,-0.2241,-0.1797,-0.3157,-0.3702,,-0.2699
1905-12-01,-0.4349,-0.8013,-0.0590,-0.2724,-0.2397,-0.4057,-0.2652,,-0.2688
1906-01-01,-0.3934,-0.7940,0.0398,-0.2926,-0.3897,-0.4657,-0.3442,,-0.3670
1906-02-01,-0.4035,-0.7885,-0.0006,-0.3849,-0.3997,-0.3357,-0.3392,,-0.3621
1906-03-01,-0.3530,-0.7945,-0.0345,-0.2894,-0.2897,-0.3057,-0.2272,,-0.2896
1906-04-01,-0.3364,-0.8027,-0.0372,-0.1083,-0.1597,-0.1557,-0.1432,,-0.1495
1906-05-01,-0.2893,-0.7565,-0.0008,-0.3804,-0.3597,-0.3057,-0.4252,,-0.3701
1906-06-01,-0.2933,-0.7353,0.0006,-0.2370,-0.2997,-0.2357,-0.2462,,-0.2416
1906-07-01,-0.2696,-0.7104,0.0660,-0.3548,-0.3297,-0.2157,-0.2682,,-0.2990
1906-08-01,-0.3107,-0.6310,-0.0084,-0.2808,-0.2997,-0.3457,-0.3282,,-0.3140
1906-09-01,-0.2991,-0.6823,0.0183,-0.3605,-0.3797,-0.3257,-0.3852,,-0.3701
1906-10-01,-0.3536,-0.7405,0.0093,-0.3284,-0.2997,-0.2957,-0.2532,,-0.2977
1906-11-01,-0.3936,-0.7731,-0.0671,-0.5389,-0.4797,-0.3657,-0.4192,,-0.4495
1906-12-01,-0.4164,-0.7042,-0.0328,-0.3253,-0.2497,-0.1457,-0.3382,,-0.2875
1907-01-01,-0.3352,-0.6808,-0.0376,-0.5243,-0.5297,-0.4457,-0.5252,,-0.5248
1907-02-01,-0.3060,-0.6219,0.0390,-0.6242,-0.6097,-0.5957,-0.6082,,-0.6090
1907-03-01,-0.3009,-0.6659,0.0309,-0.4364,-0.3697,-0.3957,-0.3992,,-0.3975
1907-04-01,-0.3009,-0.6374,-0.0287,-0.4811,-0.4697,-0.5357,-0.4492,,-0.4754
1907-05-01,-0.2638,-0.5957,0.0097,-0.6459,-0.5597,-0.5457,-0.6362,,-0.5980
1907-06-01,-0.2962,-0.6248,-0.0668,-0.5472,-0.5197,-0.4857,-0.5332,,-0.5265
1907-07-01,-0.2920,-0.6371,0.0214,-0.4405,-0.4497,-0.3857,-0.4872,,-0.4451
1907-08-01,-0.3069,-0.6841,0.0798,-0.5013,-0.4497,-0.4057,-0.5372,,-0.4755
1907-09-01,-0.3403,-0.6274,0.0397,-0.4087,-0.4397,-0.4057,-0.4962,,-0.4242
1907-10-01,-0.3840,-0.7902,-0.0139,-0.3414,-0.3297,-0.3457,-0.3142,,-0.3356
1907-11-01,-0.4296,-0.8226,-0.0865,-0.5572,-0.5697,-0.4857,-0.5692,,-0.5632
1907-12-01,-0.4230,-0.8405,-0.0684,-0.5910,-0.5697,-0.5357,-0.5142,,-0.5527
1908-01-01,-0.3522,-0.8105,0.0394,-0.4619,-0.5497,-0.5857,-0.5562,,-0.5530
1908-02-01,-0.3178,-0.6349,0.0339,-0.4152,-0.4297,-0.3457,-0.4682,,-0.4225
1908-03-01,-0.2989,-0.5915,0.0162,-0.7052,-0.6597,-0.5957,-0.7192,,-0.6825
1908-04-01,-0.2609,-0.5538,0.1088,-0.5903,-0.5497,-0.6257,-0.6882,,-0.6080
1908-05-01,-0.2553,-0.5385,0.1115,-0.4470,-0.4797,-0.4657,-0.5172,,-0.4727
1908-06-01,-0.2558,-0.5871,0.1912,-0.4181,-0.4897,-0.4257,-0.5262,,-0.4577
1908-07-01,-0.2983,-0.6068,0.0260,-0.4046,-0.4597,-0.3957,-0.4292,,-0.4169
1908-08-01,-0.3035,-0.5582,0.0195,-0.4900,-0.5697,-0.5257,-0.5762,,-0.5477
1908-09-01,-0.3276,-0.5441,0.0019,-0.3920,-0.4597,-0.4757,-0.4602,,-0.4600
1908-10-01,-0.3730,-0.6465,-0.0098,-0.5766,-0.5397,-0.5457,-0.4672,,-0.5427
1908-11-01,-0.4227,-0.7730,-0.0995,-0.6467,-0.6197,-0.5257,-0.6282,,-0.6240
1908-12-01,-0.3693,-0.6285,-0.0779,-0.6389,-0.5997,-0.5357,-0.6242,,-0.6120
1909-01-01,-0.3354,-0.5795,0.1169,-0.7638,-0.8397,-0.7157,-0.7722,,-0.7680
1909-02-01,-0.3261,-0.6299,-0.0209,-0.5421,-0.5697,-0.4857,-0.5972,,-0.5559
1909-03-01,-0.2915,-0.6154,0.0059,-0.6607,-0.6497,-0.5757,-0.6622,,-0.6552
1909-04-01,-0.2545,-0.5609,0.0384,-0.6405,-0.6997,-0.5657,-0.6682,,-0.6544
1909-05-01,-0.2251,-0.4875,0.0707,-0.5986,-0.6497,-0.4957,-0.6232,,-0.6109
1909-06-01,-0.2249,-0.4688,0.0270,-0.5158,-0.6197,-0.5057,-0.5442,,-0.5300
1909-07-01,-0.2624,-0.5013,-0.0082,-0.5366,-0.5597,-0.4957,-0.6012,,-0.5482
1909-08-01,-0.2530,-0.4689,-0.0777,-0.3378,-0.4397,-0.4257,-0.3862,,-0.4060
1909-09-01,-0.2748,-0.5096,-0.0351,-0.4167,-0.4897,-0.4357,-0.4552,,-0.4455
1909-10-01,-0.3237,-0.5722,-0.0464,-0.4988,-0.4997,-0.4157,-0.4752,,-0.4870
1909-11-01,-0.3469,-0.6636,-0.0271,-0.3934,-0.4297,-0.3657,-0.4512,,-0.4116
1909-12-01,-0.3713,-0.6553,-0.0742,-0.6009,-0.6697,-0.4957,-0.5532,,-0.5771
1910-01-01,-0.3116,-0.6451,-0.0623,-0.4270,-0.5297,-0.4157,-0.4642,,-0.4456
1910-02-01,-0.2795,-0.6119,0.0631,-0.5140,-0.5197,-0.4857,-0.4882,,-0.5011
1910-03-01,-0.2745,-0.5490,0.0677,-0.6112,-0.6097,-0.5357,-0.6062,,-0.6080
1910-04-01,-0.2312,-0.4602,0.0438,-0.5350,-0.5297,-0.4957,-0.6372,,-0.5324
1910-05-01,-0.2238,-0.4974,-0.0329,-0.5326,-0.4497,-0.4257,-0.4862,,-0.4680
1910-06-01,-0.2034,-0.4871,0.0242,-0.5616,-0.4997,-0.4157,-0.5472,,-0.5235
1910-07-01,-0.2090,-0.4241,0.0169,-0.4515,-0.4497,-0.4157,-0.4442,,-0.4470
1910-08-01,-0.2144,-0.4673,0.0441,-0.4001,-0.4697,-0.3657,-0.4982,,-0.4349
1910-09-01,-0.2490,-0.5776,0.0325,-0.4265,-0.4897,-0.4357,-0.4972,,-0.4627
1910-10-01,-0.3080,-0.5665,-0.0023,-0.4869,-0.5097,-0.4857,-0.4562,,-0.4863
1910-11-01,-0.3311,-0.6966,0.0059,-0.6776,-0.6797,-0.4557,-0.6542,,-0.6659
1910-12-01,-0.3297,-0.7073,0.0146,-0.7541,-0.7797,-0.6157,-0.6912,,-0.7227
1911-01-01,-0.2985,-0.6534,0.0194,-0.6667,-0.7297,-0.6357,-0.6492,,-0.6580
1911-02-01,-0.2611,-0.6359,0.1790,-0.7169,-0.6897,-0.6957,-0.7302,,-0.7063
1911-03-01,-0.2722,-0.6073,0.0831,-0.7745,-0.7097,-0.6957,-0.7022,,-0.7060
1911-04-01,-0.2414,-0.5534,0.0448,-0.6522,-0.6497,-0.4857,-0.6862,,-0.6510
1911-05-01,-0.2259,-0.5269,-0.0164,-0.6510,-0.6197,-0.5457,-0.6142,,-0.6170
1911-06-01,-0.2165,-0.5284,0.1432,-0.5696,-0.6097,-0.5157,-0.5932,,-0.5814
1911-07-01,-0.2324,-0.5143,0.0686,-0.5066,-0.5297,-0.4757,-0.5912,,-0.5182
1911-08-01,-0.2338,-0.5784,0.1173,-0.5194,-0.5397,-0.4657,-0.5702,,-0.5296
1911-09-01,-0.2578,-0.5607,0.0707,-0.5104,-0.5097,-0.4257,-0.5322,,-0.5101
1911-10-01,-0.3187,-0.6872,-0.0181,-0.3616,-0.3697,-0.3157,-0.3242,,-0.3429
1911-11-01,-0.3278,-0.6621,0.0369,-0.3536,-0.3197,-0.2957,-0.3302,,-0.3250
1911-12-01,-0.3177,-0.6452,0.0136,-0.3127,-0.3297,-0.2957,-0.2342,,-0.3042
1912-01-01,-0.2770,-0.6611,0.1270,-0.3365,-0.3797,-0.3857,-0.3352,,-0.3581
1912-02-01,-0.2884,-0.5991,0.0995,-0.3219,-0.2697,-0.3157,-0.2602,,-0.2927
1912-03-01,-0.2248,-0.5212,0.1115,-0.5662,-0.4997,-0.4857,-0.4452,,-0.4927
1912-04-01,-0.2195,-0.4522,0.0059,-0.3469,-0.2897,-0.3057,-0.3452,,-0.3255
1912-05-01,-0.2023,-0.4979,0.0851,-0.3447,-0.3197,-0.3157,-0.4022,,-0.3322
1912-06-01,-0.2140,-0.4987,0.0675,-0.2999,-0.3497,-0.3157,-0.2832,,-0.3078
1912-07-01,-0.2415,-0.5102,0.0186,-0.5199,-0.5297,-0.4457,-0.4032,,-0.4828
1912-08-01,-0.2905,-0.5674,-0.0127,-0.5901,-0.6497,-0.5457,-0.5992,,-0.5947
1912-09-01,-0.3297,-0.6639,-0.0485,-0.6557,-0.6797,-0.5357,-0.6252,,-0.6405
1912-10-01,-0.3813,-0.7607,-0.0815,-0.6947,-0.6897,-0.6457,-0.5942,,-0.6677
1912-11-01,-0.3859,-0.7477,-0.0475,-0.5661,-0.4997,-0.3557,-0.4862,,-0.4930
1912-12-01,-0.3730,-0.7659,0.0196,-0.5861,-0.5397,-0.3957,-0.5162,,-0.5280
1913-01-01,-0.3682,-0.7567,-0.0113,-0.5558,-0.5197,-0.4657,-0.5832,,-0.5378
1913-02-01,-0.3184,-0.5880,-0.0028,-0.5497,-0.5697,-0.4257,-0.5872,,-0.5597
1913-03-01,-0.3305,-0.6217,-0.0713,-0.6112,-0.5397,-0.5157,-0.5752,,-0.5575
1913-04-01,-0.2836,-0.5442,-0.0348,-0.5325,-0.5097,-0.4757,-0.4582,,-0.4927
1913-05-01,-0.2996,-0.5879,-0.0242,-0.5571,-0.5497,-0.4757,-0.5482,,-0.5490
1913-06-01,-0.3120,-0.5846,-0.0048,-0.5561,-0.5597,-0.4357,-0.5012,,-0.5287
1913-07-01,-0.2989,-0.5573,0.0104,-0.4969,-0.4697,-0.3757,-0.4752,,-0.4725
1913-08-01,-0.3130,-0.6017,-0.0479,-0.4098,-0.4397,-0.3357,-0.4512,,-0.4248
1913-09-01,-0.3450,-0.5909,-0.0455,-0.4277,-0.4497,-0.4157,-0.5292,,-0.4387
1913-10-01,-0.4157,-0.7692,-0.1694,-0.4519,-0.4297,-0.4057,-0.3912,,-0.4177
1913-11-01,-0.4320,-0.7532,-0.1454,-0.3714,-0.3097,-0.3157,-0.3022,,-0.3127
1913-12-01,-0.4019,-0.6748,-0.0723,-0.1597,-0.1397,-0.1157,-0.0742,,-0.1277
1914-01-01,-0.3597,-0.5798,-0.0676,-0.0811,-0.0797,-0.1657,-0.1962,,-0.1234
1914-02-01,-0.3248,-0.5487,-0.0540,-0.2651,-0.2097,-0.2057,-0.3362,,-0.2374
1914-03-01,-0.3060,-0.5212,0.0323,-0.4023,-0.3597,-0.3357,-0.4412,,-0.3810
1914-04-01,-0.2639,-0.5534,0.0201,-0.4108,-0.4097,-0.2757,-0.4362,,-0.4103
1914-05-01,-0.2394,-0.4782,-0.0106,-0.3182,-0.3197,-0.2557,-0.4152,,-0.3190
1914-06-01,-0.2608,-0.4681,-0.0348,-0.3203,-0.3597,-0.2557,-0.3332,,-0.3268
1914-07-01,-0.2600,-0.5196,0.0064,-0.3076,-0.3497,-0.3357,-0.2712,,-0.3217
1914-08-01,-0.2412,-0.4500,0.0372,-0.2556,-0.2697,-0.3157,-0.2402,,-0.2627
1914-09-01,-0.2915,-0.5017,-0.0840,-0.3124,-0.2797,-0.3057,-0.3102,,-0.3080
1914-10-01,-0.3469,-0.5979,-0.0982,-0.1197,-0.1397,-0.1457,-0.0762,,-0.1297
1914-11-01,-0.3747,-0.6224,-0.0694,-0.1920,-0.2697,-0.0957,-0.2112,,-0.2016
1914-12-01,-0.3404,-0.6433,0.0631,-0.2477,-0.1497,-0.1257,-0.2112,,-0.1805
1915-01-01,-0.3025,-0.5866,0.0100,-0.2931,-0.3197,-0.2957,-0.3422,,-0.3077
1915-02-01,-0.2918,-0.5372,0.1166,-0.2233,-0.1397,-0.2357,-0.2812,,-0.2295
1915-03-01,-0.2525,-0.5505,0.0084,-0.2051,-0.2097,-0.1257,-0.1052,,-0.1654
1915-04-01,-0.2150,-0.4896,0.0740,-0.0950,-0.0397,-0.0357,-0.1272,,-0.0674
1915-05-01,-0.1943,-0.4514,0.0808,-0.1862,-0.1597,-0.1257,-0.1382,,-0.1490
1915-06-01,-0.1906,-0.4475,0.0518,-0.1840,-0.3297,-0.1957,-0.1692,,-0.1899
1915-07-01,-0.1742,-0.4200,0.1031,-0.1868,-0.2297,-0.1057,-0.2152,,-0.2010
1915-08-01,-0.2010,-0.4880,0.0630,-0.0744,-0.3297,-0.1457,-0.2012,,-0.1735
1915-09-01,-0.2548,-0.5762,0.0479,-0.1224,-0.3097,-0.1957,-0.2802,,-0.2380
1915-10-01,-0.3265,-0.5677,-0.0324,-0.2918,-0.3497,-0.2857,-0.2072,,-0.2888
1915-11-01,-0.3274,-0.6252,-0.0317,-0.1803,-0.2397,-0.1357,-0.1382,,-0.1593
1915-12-01,-0.3273,-0.6545,0.0737,-0.3624,-0.3197,-0.3457,-0.3412,,-0.3435
1916-01-01,-0.3098,-0.6232,0.0200,-0.3461,-0.2397,-0.2657,-0.3172,,-0.2915
1916-02-01,-0.2679,-0.6592,0.0652,-0.2749,-0.2497,-0.3257,-0.2112,,-0.2623
1916-03-01,-0.2160,-0.5094,0.1285,-0.4449,-0.3897,-0.3657,-0.4182,,-0.4040
1916-04-01,-0.2042,-0.5223,0.0620,-0.3902,-0.4097,-0.2757,-0.3882,,-0.3892
1916-05-01,-0.1684,-0.3945,0.0182,-0.4367,-0.4597,-0.3157,-0.3882,,-0.4125
1916-06-01,-0.1771,-0.4366,0.0933,-0.5079,-0.5997,-0.3457,-0.4612,,-0.4846
1916-07-01,-0.1950,-0.5068,0.0561,-0.3965,-0.4697,-0.4157,-0.3842,,-0.4061
1916-08-01,-0.1963,-0.4648,0.1165,-0.3065,-0.3797,-0.3457,-0.3892,,-0.3627
1916-09-01,-0.2340,-0.5389,0.0541,-0.3351,-0.4597,-0.3757,-0.4562,,-0.4160
1916-10-01,-0.2924,-0.5789,0.0086,-0.3825,-0.4297,-0.4357,-0.5482,,-0.4327
1916-11-01,-0.2921,-0.6211,0.0469,-0.5198,-0.5697,-0.6057,-0.6092,,-0.5877
1916-12-01,-0.2897,-0.5835,0.1291,-0.8215,-0.9197,-0.7557,-0.7632,,-0.7924
1917-01-01,-0.2770,-0.6108,0.0122,-0.7023,-0.6697,-0.6057,-0.7302,,-0.6860
1917-02-01,-0.2794,-0.5811,0.0926,-0.7267,-0.7297,-0.7057,-0.7652,,-0.7282
1917-03-01,-0.2221,-0.4664,0.0637,-0.7904,-0.7297,-0.7757,-0.8732,,-0.7831
1917-04-01,-0.2011,-0.5359,0.1097,-0.5539,-0.6497,-0.5257,-0.5852,,-0.5696
1917-05-01,-0.1603,-0.4429,0.1059,-0.6509,-0.6597,-0.6257,-0.6712,,-0.6553
1917-06-01,-0.1584,-0.4259,0.0464,-0.4887,-0.5397,-0.4657,-0.5202,,-0.5045
1917-07-01,-0.1841,-0.4851,0.1283,-0.2677,-0.3597,-0.2557,-0.3222,,-0.2950
1917-08-01,-0.1897,-0.4472,0.1441,-0.3492,-0.3297,-0.3657,-0.3652,,-0.3572
1917-09-01,-0.2247,-0.4768,0.0830,-0.3133,-0.3297,-0.3357,-0.2892,,-0.3215
1917-10-01,-0.2628,-0.5696,0.0436,-0.5434,-0.5497,-0.5457,-0.4812,,-0.5446
1917-11-01,-0.3085,-0.5859,-0.0011,-0.4656,-0.4397,-0.5057,-0.5542,,-0.4857
1917-12-01,-0.2801,-0.5416,0.0565,-0.7979,-0.7797,-0.7157,-0.8092,,-0.7888
1918-01-01,-0.2910,-0.5735,0.0444,-0.5291,-0.5797,-0.6157,-0.6012,,-0.5905
1918-02-01,-0.2433,-0.4718,0.0647,-0.6876,-0.4497,-0.6057,-0.7112,,-0.6467
1918-03-01,-0.2428,-0.5252,0.1045,-0.5925,-0.3597,-0.4557,-0.5852,,-0.5205
1918-04-01,-0.1908,-0.5369,0.0533,-0.6368,-0.5497,-0.5957,-0.5732,,-0.5845
1918-05-01,-0.1909,-0.4546,0.0378,-0.5373,-0.5297,-0.5157,-0.5562,,-0.5335
1918-06-01,-0.1709,-0.4404,0.0845,-0.3996,-0.4697,-0.5157,-0.4602,,-0.4650
1918-07-01,-0.1541,-0.3531,0.1409,-0.3809,-0.4197,-0.3557,-0.3772,,-0.3791
1918-08-01,-0.1321,-0.3600,0.2153,-0.4544,-0.4197,-0.4557,-0.4912,,-0.4551
1918-09-01,-0.1703,-0.4230,0.1454,-0.2845,-0.2697,-0.2957,-0.3012,,-0.2901
1918-10-01,-0.2326,-0.5106,0.0745,-0.1275,-0.1597,-0.2457,-0.1262,,-0.1436
1918-11-01,-0.2636,-0.5649,0.0588,-0.1793,-0.2197,-0.2957,-0.1212,,-0.1995
1918-12-01,-0.2663,-0.5583,0.0966,-0.4273,-0.3997,-0.3557,-0.3262,,-0.3777
1919-01-01,-0.2539,-0.6072,0.0663,-0.2537,-0.2997,-0.1957,-0.3312,,-0.2767
1919-02-01,-0.2578,-0.6217,0.1471,-0.2464,-0.3397,-0.3557,-0.2822,,-0.3110
1919-03-01,-0.2351,-0.5694,0.1313,-0.4039,-0.3097,-0.4057,-0.4362,,-0.4048
1919-04-01,-0.1922,-0.4520,0.1523,-0.2199,-0.2297,-0.1257,-0.2372,,-0.2248
1919-05-01,-0.1851,-0.3766,0.0886,-0.3230,-0.3797,-0.2857,-0.3402,,-0.3316
1919-06-01,-0.1549,-0.3684,0.0996,-0.3792,-0.4597,-0.3257,-0.3782,,-0.3787
1919-07-01,-0.1574,-0.3643,0.0915,-0.3308,-0.3897,-0.3457,-0.4082,,-0.3677
1919-08-01,-0.1559,-0.3640,0.1327,-0.2681,-0.4297,-0.3757,-0.4342,,-0.4027
1919-09-01,-0.1834,-0.3723,0.0864,-0.3044,-0.3497,-0.2457,-0.3902,,-0.3271
1919-10-01,-0.2172,-0.4933,0.1002,-0.2828,-0.2997,-0.3657,-0.3562,,-0.3280
1919-11-01,-0.2488,-0.4771,0.0240,-0.5712,-0.5197,-0.3757,-0.4582,,-0.4890
1919-12-01,-0.2435,-0.4739,0.0686,-0.5288,-0.5297,-0.3757,-0.4472,,-0.4880
1920-01-01,-0.2115,-0.4424,0.1129,-0.2863,-0.3597,-0.1557,-0.2852,,-0.2858
1920-02-01,-0.2004,-0.4183,0.1312,-0.5558,-0.3697,-0.3257,-0.4012,,-0.3855
1920-03-01,-0.1867,-0.4758,0.0666,-0.1792,-0.2197,-0.1657,-0.2612,,-0.1995
1920-04-01,-0.1603,-0.3680,0.0407,-0.3520,-0.3497,-0.3757,-0.3502,,-0.3511
1920-05-01,-0.1507,-0.3795,0.1336,-0.2712,-0.3697,-0.2257,-0.3172,,-0.2942
1920-06-01,-0.1308,-0.3607,0.1415,-0.2623,-0.4597,-0.2757,-0.2582,,-0.2690
1920-07-01,-0.1351,-0.4137,0.1630,-0.3285,-0.4097,-0.3357,-0.3592,,-0.3475
1920-08-01,-0.1468,-0.3751,0.1881,-0.2437,-0.3597,-0.3257,-0.2872,,-0.3065
1920-09-01,-0.1810,-0.3670,0.1689,-0.2153,-0.3197,-0.2757,-0.2122,,-0.2455
1920-10-01,-0.2422,-0.5043,0.1310,-0.2324,-0.3697,-0.2757,-0.2382,,-0.2570
1920-11-01,-0.2426,-0.5138,0.1321,-0.3491,-0.3797,-0.3557,-0.2742,,-0.3524
1920-12-01,-0.2491,-0.5688,0.1659,-0.5018,-0.5697,-0.4957,-0.4422,,-0.4988
1921-01-01,-0.1954,-0.5045,0.1786,-0.2400,-0.1497,-0.2057,-0.2892,,-0.2229
1921-02-01,-0.1986,-0.5950,0.2508,-0.3054,-0.2797,-0.3557,-0.2962,,-0.3008
1921-03-01,-0.1468,-0.4033,0.2871,-0.3580,-0.3297,-0.3457,-0.4102,,-0.3519
1921-04-01,-0.1462,-0.4498,0.1943,-0.3040,-0.3997,-0.3357,-0.3622,,-0.3490
1921-05-01,-0.1382,-0.4076,0.1698,-0.3105,-0.3997,-0.2857,-0.3882,,-0.3494
1921-06-01,-0.1458,-0.4527,0.1379,-0.1711,-0.3697,-0.2457,-0.2672,,-0.2565
1921-07-01,-0.1420,-0.4245,0.1724,-0.1620,-0.2497,-0.2157,-0.1552,,-0.1889
1921-08-01,-0.1445,-0.4066,0.1311,-0.3273,-0.3697,-0.3057,-0.2332,,-0.3165
1921-09-01,-0.1779,-0.4722,0.1950,-0.2069,-0.2897,-0.2957,-0.2402,,-0.2650
1921-10-01,-0.2650,-0.5264,0.0586,-0.1397,-0.1297,-0.2157,-0.1092,,-0.1347
1921-11-01,-0.2776,-0.5825,0.0967,-0.2042,-0.2497,-0.2057,-0.2042,,-0.2050
1921-12-01,-0.2360,-0.5792,0.0224,-0.2910,-0.2797,-0.2157,-0.2052,,-0.2477
1922-01-01,-0.2219,-0.5061,0.1343,-0.4288,-0.4397,-0.3557,-0.4002,,-0.4145
1922-02-01,-0.1933,-0.5225,0.1253,-0.4160,-0.5497,-0.4957,-0.4322,,-0.4640
1922-03-01,-0.1683,-0.5020,0.1574,-0.3410,-0.2497,-0.2657,-0.3072,,-0.2865
1922-04-01,-0.1482,-0.3911,0.1451,-0.3051,-0.3297,-0.2657,-0.2482,,-0.2854
1922-05-01,-0.1311,-0.3390,0.1659,-0.4785,-0.4297,-0.4157,-0.4312,,-0.4305
1922-06-01,-0.1259,-0.3907,0.1948,-0.3068,-0.4097,-0.3857,-0.3952,,-0.3905
1922-07-01,-0.1195,-0.3997,0.2154,-0.2738,-0.3697,-0.3657,-0.2782,,-0.3220
1922-08-01,-0.1204,-0.3427,0.1334,-0.3642,-0.4297,-0.4357,-0.3852,,-0.4075
1922-09-01,-0.1330,-0.4558,0.1911,-0.3265,-0.4497,-0.3657,-0.3822,,-0.3740
1922-10-01,-0.1707,-0.4739,0.2216,-0.3579,-0.4097,-0.3757,-0.3282,,-0.3668
1922-11-01,-0.2563,-0.5088,0.0876,-0.2644,-0.2397,-0.1657,-0.3092,,-0.2521
1922-12-01,-0.2320,-0.5614,0.1046,-0.3178,-0.2997,-0.2057,-0.3342,,-0.3088
1923-01-01,-0.2015,-0.4648,0.1301,-0.4147,-0.3697,-0.3557,-0.3752,,-0.3725
1923-02-01,-0.1674,-0.5094,0.2399,-0.4991,-0.4897,-0.3957,-0.4762,,-0.4830
1923-03-01,-0.1551,-0.4566,0.2750,-0.4698,-0.4397,-0.4757,-0.4942,,-0.4728
1923-04-01,-0.1234,-0.4484,0.1709,-0.4179,-0.5097,-0.3957,-0.4332,,-0.4256
1923-05-01,-0.1080,-0.3408,0.2261,-0.4109,-0.4397,-0.3757,-0.3542,,-0.3933
1923-06-01,-0.1177,-0.4466,0.2441,-0.2694,-0.3897,-0.2757,-0.2322,,-0.2726
1923-07-01,-0.1007,-0.4147,0.1670,-0.4246,-0.4097,-0.4357,-0.3402,,-0.4172
1923-08-01,-0.1156,-0.3726,0.1762,-0.3313,-0.4397,-0.4457,-0.3482,,-0.3940
1923-09-01,-0.1305,-0.3793,0.1753,-0.3437,-0.4097,-0.3857,-0.3692,,-0.3775
1923-10-01,-0.1908,-0.4721,0.1158,-0.1788,-0.2297,-0.2857,-0.1462,,-0.2043
1923-11-01,-0.2412,-0.5355,0.1053,-0.0355,-0.1197,-0.1057,-0.0712,,-0.0885
1923-12-01,-0.2474,-0.5329,0.0978,-0.1017,-0.1397,-0.1257,-0.0282,,-0.1137
1924-01-01,-0.2077,-0.5404,0.1330,-0.3385,-0.3197,-0.3057,-0.3702,,-0.3291
1924-02-01,-0.1860,-0.4330,0.1655,-0.3200,-0.3297,-0.2957,-0.2602,,-0.3079
1924-03-01,-0.1603,-0.4735,0.1610,-0.1878,-0.1897,-0.2057,-0.1722,,-0.1888
1924-04-01,-0.1453,-0.4870,0.1339,-0.3484,-0.3997,-0.3057,-0.4072,,-0.3741
1924-05-01,-0.0920,-0.3401,0.2393,-0.2223,-0.2797,-0.2657,-0.2792,,-0.2725
1924-06-01,-0.0925,-0.3461,0.1923,-0.2801,-0.3597,-0.3057,-0.2532,,-0.2929
1924-07-01,-0.1154,-0.3812,0.1850,-0.3062,-0.3897,-0.4057,-0.3192,,-0.3545
1924-08-01,-0.1426,-0.3466,0.1358,-0.3240,-0.4597,-0.3957,-0.4242,,-0.4100
1924-09-01,-0.1485,-0.3706,0.0869,-0.3355,-0.4197,-0.3757,-0.3552,,-0.3655
1924-10-01,-0.2233,-0.5015,0.0465,-0.3695,-0.4497,-0.3657,-0.3322,,-0.3676
1924-11-01,-0.2315,-0.4519,0.0538,-0.2935,-0.2997,-0.3157,-0.2882,,-0.2966
1924-12-01,-0.2035,-0.4944,0.1194,-0.5000,-0.5297,-0.4157,-0.4742,,-0.4871
1925-01-01,-0.1545,-0.5001,0.2885,-0.4949,-0.4797,-0.5357,-0.5052,,-0.5001
1925-02-01,-0.1417,-0.4216,0.3366,-0.4847,-0.4897,-0.4157,-0.5372,,-0.4872
1925-03-01,-0.1355,-0.4219,0.2825,-0.3841,-0.3697,-0.3457,-0.3732,,-0.3715
1925-04-01,-0.1650,-0.4386,0.1289,-0.3111,-0.3597,-0.2657,-0.3502,,-0.3307
1925-05-01,-0.1242,-0.3989,0.1878,-0.3177,-0.3897,-0.3257,-0.2892,,-0.3217
1925-06-01,-0.1213,-0.4647,0.1434,-0.3505,-0.4297,-0.3357,-0.3042,,-0.3431
1925-07-01,-0.1111,-0.3439,0.1870,-0.3477,-0.3697,-0.3157,-0.3152,,-0.3317
1925-08-01,-0.1363,-0.3882,0.1577,-0.1760,-0.3097,-0.3057,-0.2452,,-0.2755
1925-09-01,-0.1521,-0.4150,0.1956,-0.2643,-0.2997,-0.3257,-0.2732,,-0.2865
1925-10-01,-0.1925,-0.4643,0.0330,-0.2927,-0.2697,-0.2357,-0.1592,,-0.2527
1925-11-01,-0.2222,-0.5003,0.0904,-0.0544,-0.0497,-0.1457,-0.1132,,-0.0838
1925-12-01,-0.2071,-0.5118,0.1156,0.0082,-0.0397,-0.0757,-0.0222,,-0.0310
1926-01-01,-0.1905,-0.5667,0.1378,0.0791,0.1103,0.0343,0.0518,,0.0654
1926-02-01,-0.1490,-0.4793,0.1591,-0.0344,-0.0797,-0.1157,-0.1312,,-0.0977
1926-03-01,-0.1181,-0.4507,0.2443,0.0133,0.0103,0.0143,-0.0602,,0.0118
1926-04-01,-0.1273,-0.4652,0.1312,-0.1674,-0.2297,-0.1257,-0.2142,,-0.1908
1926-05-01,-0.1138,-0.4406,0.2038,-0.2769,-0.3297,-0.3257,-0.2772,,-0.3015
1926-06-01,-0.1172,-0.4236,0.1745,-0.1909,-0.3597,-0.2357,-0.2092,,-0.2225
1926-07-01,-0.1039,-0.3633,0.2117,-0.2193,-0.3697,-0.3457,-0.3072,,-0.3265
1926-08-01,-0.1103,-0.3628,0.1467,-0.1117,-0.2297,-0.2557,-0.2282,,-0.2290
1926-09-01,-0.1231,-0.3915,0.1984,-0.1282,-0.2397,-0.2357,-0.1842,,-0.2100
1926-10-01,-0.1692,-0.4495,0.1828,-0.0790,-0.2097,-0.0957,-0.0182,,-0.0874
1926-11-01,-0.2023,-0.5570,0.1372,-0.1202,-0.1697,-0.2057,-0.1232,,-0.1465
1926-12-01,-0.1926,-0.4785,0.1509,-0.3272,-0.3997,-0.3557,-0.2612,,-0.3415
1927-01-01,-0.1624,-0.4842,0.2340,-0.3205,-0.3697,-0.3657,-0.3132,,-0.3431
1927-02-01,-0.1447,-0.4622,0.2522,-0.2168,-0.2797,-0.2357,-0.2192,,-0.2275
1927-03-01,-0.1108,-0.4526,0.2110,-0.4187,-0.4897,-0.4757,-0.3942,,-0.4472
1927-04-01,-0.0970,-0.3678,0.2490,-0.3259,-0.4097,-0.4057,-0.3952,,-0.4005
1927-05-01,-0.0920,-0.3795,0.1704,-0.2415,-0.3597,-0.3157,-0.2622,,-0.2890
1927-06-01,-0.0799,-0.4123,0.2571,-0.2601,-0.3797,-0.2757,-0.2582,,-0.2679
1927-07-01,-0.0765,-0.3248,0.2551,-0.2213,-0.2897,-0.2757,-0.1512,,-0.2485
1927-08-01,-0.0904,-0.3400,0.1948,-0.2170,-0.3397,-0.1557,-0.1622,,-0.1896
1927-09-01,-0.1112,-0.4019,0.1414,-0.1188,-0.2197,-0.2157,-0.2002,,-0.2080
1927-10-01,-0.1454,-0.3986,0.1380,-0.0317,-0.1097,-0.0957,0.0588,,-0.0637
1927-11-01,-0.1785,-0.4877,0.0909,-0.1308,-0.1597,-0.1557,-0.0782,,-0.1433
1927-12-01,-0.1980,-0.5257,0.0788,-0.3301,-0.4297,-0.4257,-0.3582,,-0.3920
1928-01-01,-0.1341,-0.4340,0.1565,-0.0353,-0.1197,-0.1857,-0.0732,,-0.0965
1928-02-01,-0.1696,-0.4442,0.1525,-0.1332,-0.1897,-0.2257,-0.1842,,-0.1870
1928-03-01,-0.1281,-0.5366,0.2447,-0.3286,-0.3497,-0.3257,-0.3232,,-0.3272
1928-04-01,-0.0808,-0.3026,0.2107,-0.2463,-0.3897,-0.3357,-0.2862,,-0.3110
1928-05-01,-0.0935,-0.3518,0.1716,-0.3125,-0.3997,-0.3157,-0.3232,,-0.3195
1928-06-01,-0.0861,-0.3441,0.2277,-0.3424,-0.4897,-0.2957,-0.3042,,-0.3233
1928-07-01,-0.0794,-0.2893,0.2580,-0.2007,-0.2997,-0.2957,-0.2332,,-0.2645
1928-08-01,-0.0978,-0.3291,0.2339,-0.1876,-0.3197,-0.3357,-0.2512,,-0.2855
1928-09-01,-0.1168,-0.2959,0.1994,-0.2166,-0.3097,-0.2257,-0.2212,,-0.2235
1928-10-01,-0.1647,-0.4213,0.2124,-0.1967,-0.2897,-0.2757,-0.1812,,-0.2362
1928-11-01,-0.1957,-0.4717,0.1808,-0.1831,-0.1997,-0.1857,-0.2282,,-0.1927
1928-12-01,-0.1801,-0.4945,0.1205,-0.2421,-0.2597,-0.2257,-0.2002,,-0.2339
1929-01-01,-0.1991,-0.4640,0.1428,-0.4447,-0.5497,-0.4657,-0.4132,,-0.4552
1929-02-01,-0.1771,-0.5383,0.2486,-0.6114,-0.6797,-0.5457,-0.5452,,-0.5786
1929-03-01,-0.1458,-0.4462,0.1939,-0.4954,-0.4297,-0.3857,-0.4672,,-0.4485
1929-04-01,-0.1280,-0.4177,0.2156,-0.4511,-0.5197,-0.4757,-0.4882,,-0.4820
1929-05-01,-0.1229,-0.4019,0.1281,-0.4452,-0.4797,-0.4457,-0.4792,,-0.4625
1929-06-01,-0.1133,-0.3660,0.1742,-0.4134,-0.5297,-0.4757,-0.3012,,-0.4446
1929-07-01,-0.0918,-0.3782,0.1665,-0.4456,-0.4697,-0.5057,-0.4222,,-0.4577
1929-08-01,-0.1147,-0.3453,0.1244,-0.2721,-0.4297,-0.2857,-0.2402,,-0.2789
1929-09-01,-0.1269,-0.4428,0.1212,-0.2834,-0.3497,-0.3157,-0.3322,,-0.3240
1929-10-01,-0.1859,-0.5175,0.0712,-0.2243,-0.2397,-0.2657,-0.1982,,-0.2320
1929-11-01,-0.2195,-0.5366,0.0497,-0.1474,-0.2197,-0.2457,-0.1582,,-0.1890
1929-12-01,-0.1948,-0.4457,0.0601,-0.5724,-0.6497,-0.5657,-0.5112,,-0.5691
1930-01-01,-0.1726,-0.5901,0.1218,-0.3688,-0.4097,-0.3657,-0.3252,,-0.3673
1930-02-01,-0.1752,-0.4536,0.1249,-0.3479,-0.3697,-0.3257,-0.3322,,-0.3401
1930-03-01,-0.1722,-0.4495,0.1339,-0.2545,-0.2097,-0.2557,-0.2082,,-0.2321
1930-04-01,-0.1515,-0.4565,0.1158,-0.2345,-0.3497,-0.2457,-0.2912,,-0.2685
1930-05-01,-0.1367,-0.3870,0.1708,-0.2572,-0.3397,-0.2657,-0.2012,,-0.2615
1930-06-01,-0.1254,-0.3438,0.1434,-0.2070,-0.3197,-0.2457,-0.1092,,-0.2264
1930-07-01,-0.1350,-0.3969,0.1529,-0.1899,-0.3097,-0.1657,-0.1302,,-0.1778
1930-08-01,-0.1190,-0.3591,0.1175,-0.1004,-0.2497,-0.2557,-0.0852,,-0.1751
1930-09-01,-0.1418,-0.4929,0.1914,-0.1031,-0.2497,-0.2457,-0.1592,,-0.2025
1930-10-01,-0.1858,-0.5962,0.0831,-0.0914,-0.2197,-0.1957,-0.0502,,-0.1436
1930-11-01,-0.2421,-0.5964,0.0937,0.0644,0.0703,0.0643,0.0988,,0.0673
1930-12-01,-0.2211,-0.4493,0.0160,-0.0659,-0.1597,-0.1257,-0.0702,,-0.0980
1931-01-01,-0.1792,-0.5197,0.1627,-0.1411,-0.2097,-0.1357,-0.1262,,-0.1384
1931-02-01,-0.1812,-0.4899,0.1195,-0.2566,-0.2997,-0.2657,-0.2752,,-0.2705
1931-03-01,-0.1518,-0.4385,0.1021,-0.1139,-0.2097,-0.1957,-0.2042,,-0.2000
1931-04-01,-0.1338,-0.3557,0.0830,-0.1765,-0.3297,-0.2657,-0.2522,,-0.2590
1931-05-01,-0.1265,-0.3505,0.1397,-0.2041,-0.2997,-0.2557,-0.2742,,-0.2650
1931-06-01,-0.1367,-0.3356,0.1411,-0.0309,-0.1797,-0.1357,-0.0882,,-0.1120
1931-07-01,-0.1282,-0.3478,0.0448,-0.0167,-0.1397,-0.1357,-0.0402,,-0.0880
1931-08-01,-0.1254,-0.3387,0.1056,-0.0370,-0.1397,-0.1057,-0.0852,,-0.0955
1931-09-01,-0.1362,-0.3939,0.1121,-0.0594,-0.1697,-0.1057,-0.0562,,-0.0826
1931-10-01,-0.1806,-0.3840,0.1428,-0.0326,-0.0397,-0.1057,0.0628,,-0.0362
1931-11-01,-0.2051,-0.3922,0.0624,-0.1483,-0.1597,-0.1257,-0.0882,,-0.1370
1931-12-01,-0.1928,-0.4605,0.0734,-0.1114,-0.1497,-0.1357,-0.1002,,-0.1236
1932-01-01,-0.1626,-0.4264,0.2401,0.0725,0.0503,0.0043,0.0168,,0.0335
1932-02-01,-0.1466,-0.4716,0.2331,-0.1882,-0.2697,-0.3157,-0.3262,,-0.2927
1932-03-01,-0.1429,-0.4762,0.1114,-0.2030,-0.2797,-0.2057,-0.2262,,-0.2160
1932-04-01,-0.1038,-0.3737,0.1943,-0.0726,-0.1597,-0.1557,-0.1152,,-0.1355
1932-05-01,-0.0918,-0.3155,0.2031,-0.1687,-0.2797,-0.2357,-0.1852,,-0.2105
1932-06-01,-0.0823,-0.3177,0.1751,-0.2638,-0.3897,-0.2357,-0.2202,,-0.2498
1932-07-01,-0.1036,-0.3481,0.1336,-0.1401,-0.3497,-0.2657,-0.1342,,-0.2029
1932-08-01,-0.1059,-0.3631,0.1703,-0.1976,-0.3197,-0.3757,-0.2042,,-0.2620
1932-09-01,-0.1265,-0.3776,0.0647,-0.0121,-0.2097,-0.1157,-0.0672,,-0.0915
1932-10-01,-0.1829,-0.4161,0.0199,-0.1040,-0.1897,-0.1857,-0.1262,,-0.1560
1932-11-01,-0.2455,-0.4813,0.0159,-0.3019,-0.3697,-0.3457,-0.2882,,-0.3238
1932-12-01,-0.2091,-0.5072,0.1148,-0.2753,-0.3697,-0.2657,-0.2352,,-0.2705
1933-01-01,-0.1778,-0.4995,0.0871,-0.2634,-0.3397,-0.2457,-0.2712,,-0.2673
1933-02-01,-0.2033,-0.4491,0.1096,-0.3040,-0.3997,-0.3857,-0.3132,,-0.3495
1933-03-01,-0.1733,-0.5510,0.0453,-0.3479,-0.3897,-0.3157,-0.3952,,-0.3688
1933-04-01,-0.1501,-0.4588,0.0669,-0.2488,-0.3397,-0.2957,-0.3022,,-0.2990
1933-05-01,-0.1385,-0.4314,0.1257,-0.2367,-0.3897,-0.3357,-0.2882,,-0.3120
1933-06-01,-0.1300,-0.4251,0.0995,-0.2780,-0.4397,-0.3257,-0.2772,,-0.3019
1933-07-01,-0.1341,-0.3929,0.1522,-0.2469,-0.3197,-0.3757,-0.2752,,-0.2975
1933-08-01,-0.1581,-0.4957,0.0877,-0.1169,-0.3397,-0.3157,-0.2182,,-0.2670
1933-09-01,-0.1648,-0.3833,0.0696,-0.2916,-0.3897,-0.4557,-0.3232,,-0.3565
1933-10-01,-0.2367,-0.5012,-0.0090,-0.2100,-0.3497,-0.3157,-0.1482,,-0.2629
1933-11-01,-0.2804,-0.6513,-0.0390,-0.3675,-0.4097,-0.3957,-0.3612,,-0.3816
1933-12-01,-0.2577,-0.4852,0.0266,-0.4786,-0.5497,-0.4957,-0.4932,,-0.4945
1934-01-01,-0.2279,-0.4947,0.0817,-0.2840,-0.3097,-0.3557,-0.3082,,-0.3090
1934-02-01,-0.2028,-0.5123,0.1303,-0.1033,-0.1297,-0.1857,-0.1122,,-0.1210
1934-03-01,-0.1718,-0.4056,0.0622,-0.3907,-0.3897,-0.3557,-0.3912,,-0.3902
1934-04-01,-0.1421,-0.3559,0.1327,-0.3286,-0.4097,-0.3257,-0.3772,,-0.3529
1934-05-01,-0.1371,-0.3684,0.0929,-0.1014,-0.1997,-0.1757,-0.1812,,-0.1785
1934-06-01,-0.1393,-0.3613,0.0999,-0.0508,-0.2497,-0.2157,-0.1112,,-0.1635
1934-07-01,-0.1455,-0.3786,0.1278,-0.1382,-0.2097,-0.2257,-0.1462,,-0.1780
1934-08-01,-0.1734,-0.4022,0.0412,-0.0710,-0.2197,-0.2257,-0.1912,,-0.2055
1934-09-01,-0.1975,-0.5049,0.1184,-0.0957,-0.2497,-0.1857,-0.1342,,-0.1600
1934-10-01,-0.1980,-0.4404,0.0977,-0.0409,-0.1697,-0.1357,0.0028,,-0.0883
1934-11-01,-0.2124,-0.5123,0.1484,0.0713,-0.0697,-0.0557,0.0938,,0.0078
1934-12-01,-0.2135,-0.4909,0.2020,-0.0742,-0.1297,-0.1557,-0.1142,,-0.1220
1935-01-01,-0.1775,-0.5952,0.2607,-0.3107,-0.4397,-0.3657,-0.3652,,-0.3655
1935-02-01,-0.1841,-0.5370,0.2309,0.0911,0.0403,0.0343,0.0588,,0.0495
1935-03-01,-0.1394,-0.4609,0.2734,-0.1786,-0.2397,-0.2557,-0.2322,,-0.2360
1935-04-01,-0.1249,-0.4425,0.2873,-0.2826,-0.4797,-0.4357,-0.3302,,-0.3830
1935-05-01,-0.0972,-0.3963,0.1669,-0.2725,-0.3897,-0.3457,-0.3252,,-0.3355
1935-06-01,-0.1001,-0.4162,0.1764,-0.1731,-0.3697,-0.3457,-0.2102,,-0.2780
1935-07-01,-0.0880,-0.3719,0.1613,-0.1059,-0.3197,-0.2057,-0.0982,,-0.1558
1935-08-01,-0.1039,-0.3694,0.1698,-0.1114,-0.3197,-0.2057,-0.1472,,-0.1765
1935-09-01,-0.1069,-0.3887,0.1853,-0.1506,-0.3097,-0.1857,-0.1722,,-0.1790
1935-10-01,-0.1607,-0.4745,0.1526,-0.0214,-0.1597,-0.1557,-0.0482,,-0.1020
1935-11-01,-0.1803,-0.5228,0.1652,-0.2845,-0.3597,-0.2757,-0.3042,,-0.2944
1935-12-01,-0.1591,-0.4285,0.1705,-0.2189,-0.2697,-0.2057,-0.2272,,-0.2231
1936-01-01,-0.1422,-0.4620,0.1767,-0.3601,-0.3797,-0.3957,-0.3552,,-0.3699
1936-02-01,-0.1089,-0.3828,0.1979,-0.3023,-0.4797,-0.3657,-0.3602,,-0.3630
1936-03-01,-0.0924,-0.3289,0.1988,-0.2913,-0.3097,-0.2957,-0.2882,,-0.2935
1936-04-01,-0.0755,-0.3107,0.2058,-0.1546,-0.3097,-0.2257,-0.2242,,-0.2250
1936-05-01,-0.0586,-0.3692,0.2136,-0.1333,-0.2597,-0.2457,-0.2052,,-0.2255
1936-06-01,-0.0623,-0.3325,0.2704,-0.1147,-0.3197,-0.2357,-0.1242,,-0.1800
1936-07-01,-0.0448,-0.2690,0.2390,-0.0340,-0.1997,-0.1257,-0.0552,,-0.0905
1936-08-01,-0.0610,-0.2803,0.2633,-0.0381,-0.2397,-0.0757,-0.0552,,-0.0655
1936-09-01,-0.1013,-0.4210,0.2256,-0.0732,-0.1897,-0.1957,-0.0902,,-0.1400
1936-10-01,-0.1493,-0.4251,0.1117,-0.0043,-0.1297,-0.0857,0.0378,,-0.0450
1936-11-01,-0.1943,-0.4686,0.0726,-0.0155,-0.0897,-0.1457,-0.0782,,-0.0840
1936-12-01,-0.1763,-0.5058,0.1278,-0.0615,-0.1097,-0.1157,-0.0232,,-0.0856
1937-01-01,-0.1058,-0.3547,0.1692,-0.0763,-0.1797,-0.1657,-0.1282,,-0.1470
1937-02-01,-0.0712,-0.4876,0.2790,0.1134,-0.0697,-0.0557,0.0168,,-0.0195
1937-03-01,-0.0709,-0.3765,0.2780,-0.2243,-0.3097,-0.2857,-0.1952,,-0.2550
1937-04-01,-0.0699,-0.3877,0.2398,-0.0834,-0.2597,-0.2657,-0.1252,,-0.1925
1937-05-01,-0.0553,-0.3916,0.2669,-0.0534,-0.1597,-0.1557,-0.1282,,-0.1420
1937-06-01,-0.0509,-0.3337,0.2830,0.0317,-0.1497,-0.1357,-0.0192,,-0.0775
1937-07-01,-0.0455,-0.2996,0.3335,0.0602,-0.1397,-0.1157,0.0598,,-0.0280
1937-08-01,-0.0608,-0.3348,0.3038,0.0733,-0.0897,-0.0557,0.0378,,-0.0090
1937-09-01,-0.0901,-0.4178,0.2200,0.1783,-0.0097,0.0043,0.1448,,0.0745
1937-10-01,-0.1497,-0.4494,0.1543,0.1652,-0.0197,-0.0057,0.1958,,0.0797
1937-11-01,-0.1675,-0.4867,0.1451,0.1028,-0.0297,-0.0157,0.0708,,0.0275
1937-12-01,-0.1562,-0.4894,0.1147,-0.0374,-0.1797,-0.1757,-0.0452,,-0.1105
1938-01-01,-0.1250,-0.4484,0.2863,0.0780,-0.0197,-0.0757,0.0178,,-0.0010
1938-02-01,-0.1214,-0.4187,0.1684,0.0209,-0.0697,-0.0657,0.0138,,-0.0260
1938-03-01,-0.1075,-0.4489,0.1507,0.0152,0.0003,-0.0057,0.0018,,0.0010
1938-04-01,-0.0925,-0.3856,0.2109,0.0772,-0.0397,-0.0257,-0.0472,,-0.0327
1938-05-01,-0.0541,-0.2968,0.2209,-0.0590,-0.1997,-0.1757,-0.1192,,-0.1475
1938-06-01,-0.0329,-0.3480,0.2331,-0.0547,-0.2697,-0.2657,-0.1612,,-0.2135
1938-07-01,-0.0354,-0.2870,0.1609,-0.0086,-0.1997,-0.1357,-0.0582,,-0.0970
1938-08-01,-0.0597,-0.2483,0.1807,0.0315,-0.1597,-0.1357,-0.0682,,-0.1020
1938-09-01,-0.1044,-0.3699,0.1492,0.0575,-0.0897,-0.0457,0.0358,,-0.0050
1938-10-01,-0.1536,-0.4055,0.0807,0.1947,0.0403,-0.0057,0.1748,,0.1075
1938-11-01,-0.1779,-0.5156,0.1067,0.0909,-0.0297,-0.0257,0.0548,,0.0145
1938-12-01,-0.1736,-0.5161,0.0801,-0.1647,-0.2297,-0.2457,-0.1602,,-0.1972
1939-01-01,-0.1349,-0.5194,0.1998,-0.0851,-0.1597,-0.1457,-0.1172,,-0.1315
1939-02-01,-0.1344,-0.4291,0.1326,-0.0783,-0.1697,-0.1657,-0.1542,,-0.1600
1939-03-01,-0.0905,-0.3523,0.1442,-0.2524,-0.2797,-0.3357,-0.2902,,-0.2850
1939-04-01,-0.0742,-0.2893,0.0801,-0.0691,-0.1997,-0.2557,-0.0912,,-0.1455
1939-05-01,-0.0741,-0.2911,0.1472,0.0073,-0.1497,-0.1457,0.0218,,-0.0692
1939-06-01,-0.0777,-0.3995,0.1649,0.0563,-0.1697,-0.1257,0.0398,,-0.0430
1939-07-01,-0.0659,-0.3212,0.1759,0.0059,-0.1597,-0.0357,-0.0372,,-0.0365
1939-08-01,-0.0691,-0.3508,0.1713,0.0162,-0.1697,-0.0457,-0.0062,,-0.0260
1939-09-01,-0.1040,-0.3712,0.1522,0.0481,-0.1797,-0.0457,0.0288,,-0.0085
1939-10-01,-0.1509,-0.4907,0.0740,-0.0366,-0.1397,-0.1457,-0.0492,,-0.0945
1939-11-01,-0.1685,-0.5041,0.1095,0.1151,-0.0297,-0.0057,0.0188,,0.0065
1939-12-01,-0.1551,-0.5889,0.1641,0.4317,0.3203,0.3243,0.3428,,0.3335
1940-01-01,-0.1618,-0.5733,0.1704,0.0373,-0.1097,-0.0257,0.0348,-0.3446,-0.0257
1940-02-01,-0.0977,-0.5119,0.2927,0.1690,-0.0197,0.0843,0.1218,-0.2600,0.0843
1940-03-01,-0.0997,-0.4844,0.2499,0.0444,-0.0097,-0.0357,0.1018,-0.2901,-0.0097
1940-04-01,-0.0765,-0.2729,0.1503,0.2181,0.0703,0.1443,0.1388,-0.0531,0.1388
1940-05-01,-0.0748,-0.3213,0.1933,0.1042,0.0103,0.0743,0.0848,-0.0089,0.0743
1940-06-01,-0.0728,-0.2898,0.2384,0.1147,0.0103,-0.0657,0.0858,-0.1949,0.0103
1940-07-01,-0.0716,-0.3939,0.1793,0.2103,0.0203,-0.0357,0.1188,-0.0064,0.0203
1940-08-01,-0.0697,-0.3020,0.1791,0.1521,-0.0397,-0.0357,0.0498,-0.0557,-0.0357
1940-09-01,-0.1206,-0.3411,0.1092,0.1746,0.0503,0.0543,0.0978,-0.1867,0.0543
1940-10-01,-0.1633,-0.5021,0.1699,0.1398,0.0103,0.0743,0.0968,-0.3210,0.0743
1940-11-01,-0.1672,-0.4872,0.1186,0.0489,0.0603,0.0643,-0.0112,-0.2244,0.0489
1940-12-01,-0.1683,-0.4877,0.1194,0.2588,0.2103,0.1843,0.1518,-0.0288,0.1843
1941-01-01,-0.1295,-0.4550,0.1782,-0.0294,0.0703,0.0243,-0.1942,-0.0804,-0.0294
1941-02-01,-0.1206,-0.5418,0.1938,0.1146,0.2003,0.1643,-0.0142,0.0634,0.1146
1941-03-01,-0.0586,-0.3576,0.2393,-0.1242,0.0003,-0.0057,-0.1162,-0.1187,-0.1162
1941-04-01,-0.0535,-0.2670,0.2396,0.0219,0.0603,0.1343,-0.0882,-0.2551,0.0219
1941-05-01,-0.0398,-0.2979,0.2272,0.0524,0.0603,0.0643,-0.0392,-0.0999,0.0524
1941-06-01,-0.0500,-0.2850,0.2076,0.0463,0.0203,0.0843,0.0368,-0.0195,0.0368
1941-07-01,-0.0570,-0.2898,0.2401,0.1515,0.1103,0.1043,0.1388,-0.0996,0.1103
1941-08-01,-0.0596,-0.3290,0.2035,0.0341,0.0403,0.0843,-0.0182,-0.0314,0.0341
1941-09-01,-0.0715,-0.3279,0.2786,-0.1710,-0.0797,-0.0157,-0.1932,-0.4060,-0.1710
1941-10-01,-0.1163,-0.2978,0.1885,0.1784,0.2503,0.2143,0.1348,-0.0160,0.1784
1941-11-01,-0.1210,-0.3951,0.2761,-0.0447,0.1203,0.0843,-0.0362,-0.2497,-0.0362
1941-12-01,-0.1229,-0.3925,0.1936,0.0632,0.1103,0.2243,0.0038,-0.1202,0.0632
1942-01-01,-0.0983,-0.3737,0.2299,0.2110,0.1903,0.1943,0.1378,0.0393,0.1903
1942-02-01,-0.1043,-0.4186,0.3088,-0.0276,-0.0797,-0.1457,-0.1432,-0.1901,-0.1432
1942-03-01,-0.0823,-0.3466,0.2463,-0.0871,-0.0497,-0.0257,-0.1042,-0.1136,-0.0871
1942-04-01,-0.0633,-0.3307,0.2777,-0.0447,-0.0097,-0.0457,-0.1602,-0.2518,-0.0457
1942-05-01,-0.0586,-0.3081,0.2762,0.0846,0.0103,-0.0057,-0.0502,-0.1013,-0.0057
1942-06-01,-0.0674,-0.3368,0.2399,-0.0106,-0.0597,-0.0157,-0.0562,-0.2064,-0.0562
1942-07-01,-0.0582,-0.2797,0.2313,-0.0996,-0.0997,-0.1257,-0.1532,-0.2814,-0.1257
1942-08-01,-0.0798,-0.3692,0.2020,-0.1013,-0.1397,-0.0757,-0.1892,-0.3049,-0.1397
1942-09-01,-0.0955,-0.3633,0.2025,-0.0569,-0.1297,-0.0357,-0.1012,-0.2932,-0.1012
1942-10-01,-0.1517,-0.4347,0.1868,-0.1342,-0.0897,-0.0857,-0.0932,-0.2293,-0.0932
1942-11-01,-0.1809,-0.5108,0.1605,-0.1029,-0.0097,-0.0457,-0.1212,-0.3396,-0.1029
1942-12-01,-0.1481,-0.4876,0.1970,-0.1260,0.0103,-0.0357,-0.0752,-0.2485,-0.0752
1943-01-01,-0.0942,-0.3816,0.3944,-0.2348,-0.1097,-0.1757,-0.1682,-0.2169,-0.1757
1943-02-01,-0.0921,-0.3738,0.3029,-0.0706,0.0703,-0.0457,-0.0402,-0.0775,-0.0457
1943-03-01,-0.0962,-0.3514,0.2287,-0.2085,-0.1397,-0.1157,-0.2352,-0.2904,-0.2085
1943-04-01,-0.1099,-0.3693,0.1945,-0.0195,0.0103,0.0443,-0.0782,-0.2205,-0.0195
1943-05-01,-0.0843,-0.3521,0.1801,-0.0099,-0.0397,-0.0657,-0.0892,-0.1224,-0.0657
1943-06-01,-0.0549,-0.2661,0.2452,-0.1238,-0.1497,-0.1957,-0.0922,-0.2893,-0.1497
1943-07-01,-0.0416,-0.2779,0.2260,-0.0246,-0.0197,-0.0257,-0.0972,-0.2987,-0.0257
1943-08-01,-0.0697,-0.3237,0.2481,-0.0187,-0.0997,-0.0257,-0.0422,-0.3331,-0.0422
1943-09-01,-0.0829,-0.2635,0.1550,-0.0647,-0.0497,-0.0857,-0.0592,-0.2617,-0.0647
1943-10-01,-0.1243,-0.3660,0.2374,0.1792,0.1303,0.1543,0.2008,-0.1575,0.1543
1943-11-01,-0.1674,-0.3760,0.2169,0.0535,0.1003,0.0743,0.0368,-0.1415,0.0535
1943-12-01,-0.1295,-0.4239,0.2150,0.0585,0.1303,0.1143,0.0418,-0.0391,0.0585
1944-01-01,-0.0783,-0.4364,0.2553,0.2725,0.2603,0.1943,0.1688,0.2109,0.2109
1944-02-01,-0.0859,-0.5249,0.2387,0.0718,0.1403,0.1643,0.0698,0.0982,0.0982
1944-03-01,-0.0943,-0.4023,0.1464,0.0654,0.1603,0.1543,0.0788,0.1364,0.1364
1944-04-01,-0.0960,-0.3075,0.1792,-0.0114,0.0903,0.0443,-0.0262,-0.0788,-0.0114
1944-05-01,-0.0375,-0.2422,0.2095,0.0663,0.0803,0.0743,0.0488,-0.0909,0.0663
1944-06-01,-0.0529,-0.2477,0.2271,0.0509,0.0503,0.0643,-0.0452,-0.0435,0.0503
1944-07-01,-0.0480,-0.2740,0.3232,0.0964,0.0703,0.0043,0.0258,-0.0889,0.0258
1944-08-01,-0.0539,-0.2661,0.2643,0.1534,0.0803,0.0243,0.1038,-0.0251,0.0803
1944-09-01,-0.0744,-0.2449,0.2667,0.1120,0.1803,0.1543,0.1588,0.0357,0.1543
1944-10-01,-0.1160,-0.3522,0.1483,0.1556,0.1603,0.1243,0.1838,0.0327,0.1556
1944-11-01,-0.1504,-0.4427,0.2425,0.0350,0.0103,0.0243,-0.0392,-0.1571,0.0103
1944-12-01,-0.1297,-0.3720,0.2266,0.0285,-0.0597,0.1143,0.0448,-0.1907,0.0285
1945-01-01,-0.1017,-0.4338,0.3122,0.0375,0.0003,0.0543,-0.0132,-0.1436,0.0003
1945-02-01,-0.0967,-0.4637,0.2422,-0.0085,-0.0897,0.0043,-0.0922,-0.3135,-0.0897
1945-03-01,-0.0843,-0.3510,0.2577,-0.0203,-0.0397,0.0243,-0.1222,-0.2145,-0.0397
1945-04-01,-0.0653,-0.3323,0.3621,0.1542,0.1003,0.1943,0.0208,-0.1127,0.1003
1945-05-01,-0.0518,-0.3482,0.2869,-0.1150,-0.0397,-0.0157,-0.1142,-0.2261,-0.1142
1945-06-01,-0.0302,-0.3106,0.3354,-0.0944,-0.0897,0.0143,-0.0632,-0.0598,-0.0632
1945-07-01,-0.0594,-0.2938,0.2921,-0.0505,-0.0597,-0.1057,-0.0782,-0.2044,-0.0782
1945-08-01,-0.0758,-0.3113,0.2354,0.1840,0.1603,0.1943,0.1168,0.1082,0.1603
1945-09-01,-0.0944,-0.3407,0.2040,0.0535,0.1103,0.0143,-0.0202,-0.0776,0.0143
1945-10-01,-0.1282,-0.3858,0.2659,0.0413,0.0903,0.0343,0.1568,-0.0657,0.0413
1945-11-01,-0.1249,-0.3914,0.2330,-0.0516,-0.0297,-0.0257,-0.0492,-0.2219,-0.0492
1945-12-01,-0.1340,-0.4256,0.1925,-0.2511,-0.1697,-0.1657,-0.2192,-0.2964,-0.2192
1946-01-01,-0.1228,-0.4618,0.2298,0.0195,0.0503,0.1343,-0.0602,-0.0198,0.0195
1946-02-01,-0.1140,-0.3949,0.1434,-0.1458,-0.0697,-0.0957,-0.2512,-0.1198,-0.1198
1946-03-01,-0.0623,-0.3645,0.2177,-0.1516,-0.0897,-0.1457,-0.1502,-0.0570,-0.1457
1946-04-01,-0.0691,-0.3368,0.2988,-0.0264,-0.0397,-0.0557,-0.0762,-0.0719,-0.0557
1946-05-01,-0.0360,-0.3085,0.2760,-0.1053,-0.1697,-0.1257,-0.1112,-0.0467,-0.1112
1946-06-01,-0.0514,-0.2827,0.2981,-0.2907,-0.3097,-0.2357,-0.2942,-0.1650,-0.2907
1946-07-01,-0.0466,-0.2988,0.2267,-0.1348,-0.2197,-0.1357,-0.1492,-0.1343,-0.1357
1946-08-01,-0.0566,-0.2586,0.2374,-0.1792,-0.2997,-0.2357,-0.1932,-0.2264,-0.2264
1946-09-01,-0.0971,-0.3352,0.2362,-0.1190,-0.1697,-0.0457,-0.1382,-0.2058,-0.1382
1946-10-01,-0.1317,-0.4471,0.1924,-0.0927,-0.1797,-0.1357,-0.0662,-0.2856,-0.1357
1946-11-01,-0.1596,-0.5001,0.1828,-0.1362,-0.1597,-0.0957,-0.1422,-0.1899,-0.1422
1946-12-01,-0.1583,-0.4908,0.1703,-0.3675,-0.4097,-0.2757,-0.3142,-0.2693,-0.3142
1947-01-01,-0.0984,-0.4315,0.2703,-0.1756,-0.1697,-0.0857,-0.1312,-0.0326,-0.1312
1947-02-01,-0.0800,-0.4459,0.3797,-0.1677,-0.1797,-0.1157,-0.1412,-0.1195,-0.1412
1947-03-01,-0.0613,-0.3657,0.3110,-0.0993,-0.0397,-0.0757,0.0028,0.0161,-0.0397
1947-04-01,-0.0691,-0.3197,0.2526,-0.0806,-0.0397,-0.0357,-0.0842,0.0378,-0.0397
1947-05-01,-0.0308,-0.2436,0.3279,-0.0931,-0.1197,-0.1157,-0.1472,-0.0621,-0.1157
1947-06-01,-0.0231,-0.2685,0.2871,-0.1127,-0.1197,-0.1257,-0.0192,-0.0457,-0.1127
1947-07-01,-0.0337,-0.2640,0.2842,-0.0883,-0.1397,-0.0857,-0.0752,-0.0988,-0.0883
1947-08-01,-0.0427,-0.2858,0.2296,-0.1374,-0.1697,-0.1957,-0.1932,-0.2204,-0.1932
1947-09-01,-0.0800,-0.3342,0.2865,-0.1851,-0.2197,-0.1957,-0.1682,-0.2437,-0.1957
1947-10-01,-0.1311,-0.3435,0.2723,0.0137,-0.0297,-0.0857,0.0088,-0.0875,-0.0297
1947-11-01,-0.1293,-0.3914,0.1726,0.0054,-0.0797,-0.0857,-0.0502,-0.1562,-0.0797
1947-12-01,-0.1225,-0.3937,0.2189,-0.2557,-0.2297,-0.2057,-0.2172,-0.2445,-0.2297
1948-01-01,-0.0967,-0.4028,0.2209,-0.0426,-0.0397,-0.0857,-0.0852,-0.0497,-0.0497
1948-02-01,-0.0694,-0.3068,0.2578,-0.2604,-0.2497,-0.1857,-0.2512,-0.2425,-0.2497
1948-03-01,-0.0276,-0.3576,0.3252,-0.3111,-0.3397,-0.2457,-0.3152,-0.2973,-0.3111
1948-04-01,-0.0468,-0.3169,0.2659,-0.1404,-0.2197,-0.1557,-0.2492,-0.1904,-0.1904
1948-05-01,-0.0215,-0.2777,0.2725,0.0314,-0.1097,0.0243,0.0428,-0.0383,0.0243
1948-06-01,-0.0236,-0.2908,0.2418,-0.0347,-0.1497,-0.1757,-0.0532,-0.1289,-0.1289
1948-07-01,-0.0003,-0.3071,0.2825,-0.1556,-0.2097,-0.1157,-0.1482,-0.1514,-0.1514
1948-08-01,-0.0231,-0.2896,0.2649,-0.0711,-0.2197,-0.0957,-0.0932,-0.1271,-0.0957
1948-09-01,-0.0458,-0.2676,0.1744,-0.1609,-0.2397,-0.1957,-0.1772,-0.2679,-0.1957
1948-10-01,-0.0822,-0.3344,0.1903,-0.0821,-0.1497,-0.0957,-0.0692,-0.0915,-0.0915
1948-11-01,-0.1059,-0.2850,0.1282,-0.2005,-0.2297,-0.1457,-0.2312,-0.0855,-0.2005
1948-12-01,-0.1029,-0.3173,0.1691,-0.3719,-0.3397,-0.3557,-0.3452,-0.3255,-0.3452
1949-01-01,-0.0338,-0.3020,0.2302,-0.0507,-0.0397,-0.0157,-0.0442,0.0583,-0.0397
1949-02-01,-0.0208,-0.2568,0.2064,-0.2696,-0.2397,-0.2057,-0.3212,-0.1423,-0.2397
1949-03-01,-0.0182,-0.3872,0.2722,-0.1429,-0.1197,-0.1057,-0.2132,-0.1042,-0.1197
1949-04-01,-0.0199,-0.3832,0.3216,-0.1800,-0.2097,-0.1557,-0.2272,-0.1814,-0.1814
1949-05-01,0.0130,-0.3027,0.2773,-0.1415,-0.1997,-0.1057,-0.1552,-0.1014,-0.1415
1949-06-01,0.0012,-0.3277,0.2694,-0.2666,-0.3697,-0.2457,-0.2222,-0.2104,-0.2457
1949-07-01,0.0158,-0.2446,0.3047,-0.2132,-0.2297,-0.1857,-0.2072,-0.1141,-0.2072
1949-08-01,0.0039,-0.2798,0.3418,-0.1095,-0.2297,-0.1457,-0.1732,-0.2226,-0.1732
1949-09-01,-0.0468,-0.2712,0.2295,-0.1602,-0.2397,-0.2457,-0.2162,-0.1852,-0.2162
1949-10-01,-0.0847,-0.3191,0.2878,-0.1247,-0.1697,-0.1657,-0.1372,-0.1754,-0.1657
1949-11-01,-0.1153,-0.3922,0.2240,-0.2189,-0.1997,-0.1857,-0.2202,-0.1191,-0.1997
1949-12-01,-0.1076,-0.4323,0.2635,-0.2469,-0.2797,-0.1557,-0.1712,-0.0996,-0.1712
1950-01-01,-0.0782,-0.3326,0.2466,-0.3352,-0.3597,-0.2857,-0.4252,-0.3098,-0.3352
1950-02-01,-0.0578,-0.3923,0.2526,-0.4053,-0.3697,-0.3457,-0.4702,-0.3301,-0.3697
1950-03-01,-0.0469,-0.3122,0.3027,-0.2544,-0.1797,-0.1357,-0.2762,-0.1789,-0.1797
1950-04-01,-0.0189,-0.3464,0.3007,-0.2781,-0.3097,-0.2857,-0.3012,-0.2850,-0.2857
1950-05-01,-0.0255,-0.3334,0.3391,-0.1809,-0.2097,-0.1257,-0.1502,-0.1944,-0.1809
1950-06-01,-0.0139,-0.3151,0.3038,-0.1401,-0.1497,-0.1857,-0.1432,-0.1668,-0.1497
1950-07-01,-0.0237,-0.2239,0.2670,-0.1460,-0.1897,-0.1657,-0.1202,-0.2693,-0.1657
1950-08-01,-0.0506,-0.3643,0.2767,-0.1922,-0.2597,-0.2257,-0.1852,-0.3731,-0.2257
1950-09-01,-0.0691,-0.3302,0.2453,-0.2823,-0.2097,-0.1957,-0.2652,-0.2168,-0.2168
1950-10-01,-0.0962,-0.3503,0.1851,-0.2365,-0.2997,-0.2857,-0.1722,-0.1544,-0.2365
1950-11-01,-0.1451,-0.3878,0.1656,-0.4173,-0.4397,-0.3957,-0.4042,-0.3661,-0.4042
1950-12-01,-0.1146,-0.4931,0.2116,-0.2919,-0.3197,-0.3057,-0.2782,-0.0911,-0.2919
1951-01-01,-0.0669,-0.3761,0.2911,-0.3929,-0.4397,-0.4257,-0.4552,-0.3175,-0.4257
1951-02-01,-0.0806,-0.3751,0.3063,-0.5421,-0.5097,-0.4857,-0.5292,-0.4393,-0.5097
1951-03-01,-0.0581,-0.3497,0.3304,-0.2983,-0.2997,-0.2357,-0.2872,-0.2502,-0.2872
1951-04-01,-0.0213,-0.2876,0.3259,-0.1539,-0.2397,-0.2257,-0.1902,-0.1671,-0.1902
1951-05-01,-0.0113,-0.2156,0.2176,-0.0022,-0.0997,-0.0757,-0.0272,0.0953,-0.0272
1951-06-01,-0.0332,-0.2420,0.2894,0.0267,-0.1697,-0.0757,0.0438,-0.0268,-0.0268
1951-07-01,-0.0416,-0.2903,0.2849,0.0041,-0.1097,-0.0957,-0.0492,-0.2239,-0.0957
1951-08-01,-0.0483,-0.2418,0.2485,0.0878,-0.0397,0.0243,0.0568,-0.0447,0.0243
1951-09-01,-0.0738,-0.3015,0.2774,0.1001,-0.0497,0.0243,0.0438,-0.0447,0.0243
1951-10-01,-0.1024,-0.4408,0.2885,0.0939,-0.0197,0.0443,0.1678,0.0103,0.0443
1951-11-01,-0.1173,-0.3766,0.1607,-0.1032,-0.1097,-0.1157,-0.0882,-0.0450,-0.1032
1951-12-01,-0.1053,-0.4140,0.1987,0.0425,0.0503,0.0743,0.0868,0.1067,0.0743
1952-01-01,-0.0822,-0.3841,0.2977,0.0685,0.0103,0.0243,0.0788,0.0909,0.0685
1952-02-01,-0.0845,-0.4152,0.2434,0.0419,0.0103,0.0243,0.0068,0.0062,0.0103
1952-03-01,-0.0409,-0.3421,0.2939,-0.1889,-0.1797,-0.1457,-0.1542,-0.1479,-0.1542
1952-04-01,-0.0474,-0.3603,0.2817,0.0179,-0.0697,-0.0157,-0.0152,-0.1543,-0.0157
1952-05-01,-0.0117,-0.2716,0.2542,-0.0028,-0.1297,-0.0957,0.0058,-0.0570,-0.0570
1952-06-01,-0.0285,-0.2881,0.3573,-0.0049,-0.1297,-0.1157,-0.0012,-0.0707,-0.0707
1952-07-01,-0.0488,-0.3264,0.1763,0.0645,-0.0597,-0.0757,0.0278,-0.0976,-0.0597
1952-08-01,-0.0729,-0.2883,0.1950,0.0731,-0.0497,-0.0657,0.0368,-0.2434,-0.0497
1952-09-01,-0.1053,-0.3307,0.1723,0.0659,-0.0297,-0.0457,0.0618,-0.1645,-0.0297
1952-10-01,-0.1231,-0.3788,0.1915,-0.0460,-0.0997,-0.0857,0.0138,-0.1997,-0.0857
1952-11-01,-0.1470,-0.3782,0.2106,-0.1533,-0.2297,-0.1757,-0.1732,-0.3765,-0.1757
1952-12-01,-0.0898,-0.3482,0.3943,-0.0653,-0.1197,-0.0857,-0.0542,-0.1309,-0.0857
1953-01-01,-0.0973,-0.3841,0.1873,-0.0319,-0.0297,-0.0057,-0.0342,-0.0515,-0.0319
1953-02-01,-0.0531,-0.3672,0.2315,0.0727,0.0503,0.0843,0.0988,-0.0010,0.0727
1953-03-01,-0.0790,-0.3625,0.2119,-0.0093,0.0103,0.0443,-0.0082,-0.0573,-0.0082
1953-04-01,-0.0614,-0.3268,0.2253,0.2033,0.0903,0.1143,0.1948,0.0494,0.1143
1953-05-01,-0.0432,-0.3084,0.2500,0.1285,0.0103,0.0543,0.1828,0.1176,0.1176
1953-06-01,-0.0629,-0.2978,0.2263,0.1214,0.0203,0.0143,0.1398,-0.0510,0.0203
1953-07-01,-0.0630,-0.3172,0.1845,0.0208,-0.0897,-0.1057,0.0338,-0.0580,-0.0580
1953-08-01,-0.0861,-0.3585,0.1247,0.0668,-0.0497,-0.0957,0.0338,-0.0863,-0.0497
1953-09-01,-0.1017,-0.3458,0.1742,0.0636,-0.0497,-0.1057,-0.0012,-0.1840,-0.0497
1953-10-01,-0.1188,-0.4089,0.1577,0.0632,-0.0197,-0.0357,0.0718,-0.1056,-0.0197
1953-11-01,-0.1389,-0.4088,0.0946,-0.0310,-0.1297,-0.1057,-0.0762,-0.1588,-0.1057
1953-12-01,-0.0932,-0.3703,0.1697,-0.0001,-0.0497,-0.0257,0.0538,-0.0244,-0.0244
1954-01-01,-0.0945,-0.4507,0.2812,-0.2662,-0.3397,-0.2457,-0.2762,-0.2746,-0.2746
1954-02-01,-0.0949,-0.4744,0.2729,-0.1139,-0.1997,-0.1157,-0.1432,-0.1889,-0.1432
1954-03-01,-0.0446,-0.3155,0.2452,-0.2057,-0.2497,-0.1957,-0.1752,-0.1528,-0.1957
1954-04-01,-0.0348,-0.2683,0.3304,-0.1395,-0.2397,-0.2657,-0.2182,-0.2212,-0.2212
1954-05-01,-0.0155,-0.2276,0.2184,-0.1943,-0.2997,-0.2657,-0.2052,-0.1369,-0.2052
1954-06-01,-0.0375,-0.2722,0.1846,-0.1547,-0.2797,-0.1957,-0.0862,-0.2562,-0.1957
1954-07-01,-0.0423,-0.3278,0.2163,-0.2205,-0.2897,-0.2357,-0.1482,-0.2881,-0.2357
1954-08-01,-0.0446,-0.2466,0.2185,-0.1252,-0.2697,-0.1957,-0.1702,-0.3588,-0.1957
1954-09-01,-0.0696,-0.2726,0.1853,-0.1399,-0.1997,-0.2157,-0.2022,-0.4271,-0.2022
1954-10-01,-0.1067,-0.3766,0.2674,-0.0358,-0.1197,-0.1157,-0.0042,-0.2794,-0.1157
1954-11-01,-0.1416,-0.4211,0.2064,0.0940,-0.0197,-0.0357,0.0218,-0.1484,-0.0197
1954-12-01,-0.1192,-0.3564,0.1898,-0.1881,-0.2797,-0.1957,-0.1662,-0.2416,-0.1957
1955-01-01,-0.0775,-0.2875,0.2200,0.0857,0.0303,0.0643,0.0448,0.0199,0.0448
1955-02-01,-0.0773,-0.3222,0.1959,-0.2136,-0.2597,-0.2857,-0.2842,-0.3098,-0.2842
1955-03-01,-0.0448,-0.3003,0.1951,-0.4208,-0.4197,-0.3657,-0.4262,-0.4298,-0.4208
1955-04-01,-0.0283,-0.2529,0.2628,-0.2543,-0.3197,-0.2957,-0.3072,-0.2928,-0.2957
1955-05-01,-0.0272,-0.2203,0.2128,-0.2622,-0.2997,-0.2857,-0.3112,-0.2123,-0.2857
1955-06-01,-0.0330,-0.2473,0.2810,-0.2059,-0.2297,-0.2357,-0.2032,-0.2464,-0.2297
1955-07-01,-0.0504,-0.2691,0.2482,-0.2378,-0.2097,-0.2557,-0.2432,-0.3193,-0.2432
1955-08-01,-0.0383,-0.2290,0.2089,-0.1177,-0.0797,-0.0657,0.0528,-0.1564,-0.0797
1955-09-01,-0.0643,-0.2916,0.2189,-0.1722,-0.2097,-0.2257,-0.1932,-0.2353,-0.2097
1955-10-01,-0.1251,-0.3043,0.1602,-0.1428,-0.1497,-0.1857,-0.1292,-0.2456,-0.1497
1955-11-01,-0.1313,-0.3819,0.1671,-0.3509,-0.3497,-0.3757,-0.3502,-0.3853,-0.3509
1955-12-01,-0.0996,-0.4141,0.3059,-0.3941,-0.3797,-0.4157,-0.3682,-0.3751,-0.3797
1956-01-01,-0.0624,-0.3028,0.2003,-0.2635,-0.2297,-0.2157,-0.2142,-0.1557,-0.2157
1956-02-01,-0.0591,-0.3662,0.3823,-0.3131,-0.3397,-0.2657,-0.3142,-0.2843,-0.3131
1956-03-01,-0.0634,-0.3419,0.2180,-0.3909,-0.3097,-0.2657,-0.3842,-0.2480,-0.3097
1956-04-01,-0.0353,-0.3571,0.1287,-0.3348,-0.3797,-0.3457,-0.3612,-0.3279,-0.3457
1956-05-01,-0.0235,-0.3037,0.2592,-0.3661,-0.3897,-0.3657,-0.3562,-0.3294,-0.3657
1956-06-01,-0.0330,-0.2697,0.2549,-0.2562,-0.2497,-0.2657,-0.2812,-0.3263,-0.2657
1956-07-01,-0.0261,-0.2938,0.3342,-0.2387,-0.1897,-0.2357,-0.2022,-0.3367,-0.2357
1956-08-01,-0.0345,-0.2660,0.2441,-0.3180,-0.3497,-0.3657,-0.3802,-0.4402,-0.3657
1956-09-01,-0.0480,-0.2754,0.2141,-0.3010,-0.2897,-0.3157,-0.3392,-0.4736,-0.3157
1956-10-01,-0.0914,-0.4000,0.2424,-0.2911,-0.3297,-0.3657,-0.2972,-0.4943,-0.3297
1956-11-01,-0.1230,-0.3707,0.1964,-0.2468,-0.2497,-0.2457,-0.2662,-0.3187,-0.2497
1956-12-01,-0.0912,-0.3337,0.2091,-0.1841,-0.1597,-0.1357,-0.1142,-0.1760,-0.1597
1957-01-01,-0.0673,-0.3682,0.2402,-0.2450,-0.1897,-0.1557,-0.2392,-0.1868,-0.1897
1957-02-01,-0.0372,-0.3280,0.2890,-0.1855,-0.1297,-0.1757,-0.1942,-0.1898,-0.1855
1957-03-01,-0.0010,-0.2945,0.3512,-0.2259,-0.1497,-0.1957,-0.2212,-0.2089,-0.2089
1957-04-01,-0.0175,-0.2034,0.2572,-0.0696,-0.0997,-0.0757,-0.0952,-0.1083,-0.0952
1957-05-01,-0.0283,-0.3089,0.2158,0.0047,-0.0097,-0.0257,0.0238,-0.0353,-0.0097
1957-06-01,-0.0150,-0.2362,0.3186,0.0370,0.0503,0.0143,0.0808,0.0018,0.0370
1957-07-01,-0.0150,-0.2651,0.2589,-0.0921,-0.0797,-0.0657,-0.0942,-0.1333,-0.0921
1957-08-01,-0.0334,-0.2818,0.2578,0.0416,0.0503,0.0143,0.0228,-0.0840,0.0228
1957-09-01,-0.0427,-0.3125,0.2687,0.0093,-0.0097,-0.0157,-0.0562,-0.0858,-0.0157
1957-10-01,-0.0984,-0.3320,0.2150,-0.0276,-0.0897,-0.0357,0.0168,-0.0292,-0.0292
1957-11-01,-0.1188,-0.3252,0.1769,-0.0323,-0.0197,-0.0557,-0.0172,0.0246,-0.0197
1957-12-01,-0.0895,-0.3389,0.1904,0.0240,0.0503,0.0243,0.0288,0.1119,0.0288
1958-01-01,-0.0785,-0.3676,0.2627,0.2290,0.2903,0.2443,0.2078,0.3053,0.2443
1958-02-01,-0.0351,-0.3331,0.2989,0.0615,0.1203,0.0843,0.0608,0.1377,0.0843
1958-03-01,-0.0264,-0.2835,0.2110,-0.0207,-0.0197,0.0243,-0.0072,0.0604,-0.0072
1958-04-01,-0.0202,-0.2348,0.2897,-0.0955,-0.0897,-0.0557,-0.0932,0.0125,-0.0897
1958-05-01,-0.0231,-0.2382,0.2306,-0.0134,-0.0397,-0.0257,-0.0582,0.0806,-0.0257
1958-06-01,-0.0217,-0.2001,0.2424,-0.1837,-0.1897,-0.1057,-0.1462,-0.0672,-0.1462
1958-07-01,-0.0324,-0.2604,0.1793,-0.0472,-0.0497,-0.0357,-0.0662,-0.0419,-0.0472
1958-08-01,-0.0205,-0.2857,0.2837,-0.1094,-0.1497,-0.1057,-0.1222,-0.1341,-0.1222
1958-09-01,-0.0541,-0.3037,0.1806,-0.1404,-0.1297,-0.1557,-0.1852,-0.2076,-0.1557
1958-10-01,-0.0960,-0.3339,0.1840,-0.0453,-0.0597,-0.0957,-0.0382,-0.1314,-0.0597
1958-11-01,-0.1086,-0.4163,0.1648,-0.0638,-0.0797,-0.1157,-0.0692,-0.0975,-0.0797
1958-12-01,-0.0780,-0.2883,0.2644,-0.1084,-0.0897,-0.0057,-0.0382,-0.0375,-0.0382
1959-01-01,-0.0433,-0.2828,0.2430,-0.0095,-0.0197,0.0043,-0.0432,0.0918,-0.0095
1959-02-01,-0.0455,-0.2677,0.1812,-0.0326,-0.0297,-0.0057,-0.0972,0.0437,-0.0297
1959-03-01,-0.0393,-0.3300,0.1570,-0.0072,0.0803,0.1043,0.0098,0.1624,0.0803
1959-04-01,-0.0377,-0.2194,0.1840,0.0024,0.0603,0.0443,0.0498,0.0842,0.0498
1959-05-01,-0.0207,-0.2468,0.2708,-0.0661,-0.0597,-0.0157,-0.0502,-0.0230,-0.0502
1959-06-01,-0.0327,-0.2486,0.2407,-0.0294,-0.0697,-0.0257,-0.0232,-0.0430,-0.0294
1959-07-01,-0.0184,-0.2168,0.1996,-0.0656,-0.0697,-0.0657,-0.0342,-0.0855,-0.0657
1959-08-01,-0.0331,-0.2390,0.2233,-0.0679,-0.1097,-0.0657,-0.0992,-0.1503,-0.0992
1959-09-01,-0.0375,-0.2918,0.2472,-0.1682,-0.1597,-0.1057,-0.1682,-0.2564,-0.1682
1959-10-01,-0.0597,-0.2796,0.1870,-0.0974,-0.1697,-0.1057,-0.0702,-0.1458,-0.1057
1959-11-01,-0.0766,-0.4906,0.1730,-0.2075,-0.1797,-0.1457,-0.2282,-0.2006,-0.2006
1959-12-01,-0.0693,-0.3397,0.2739,-0.1264,-0.0997,-0.0557,-0.0852,-0.0197,-0.0852
1960-01-01,-0.0482,-0.3203,0.3325,-0.1366,-0.0997,-0.1057,-0.1382,0.0316,-0.1057
1960-02-01,-0.0206,-0.3885,0.3007,-0.0023,0.0303,0.0443,-0.0022,0.1120,0.0303
1960-03-01,0.0126,-0.3005,0.3530,-0.4709,-0.4497,-0.3557,-0.4442,-0.3164,-0.4442
1960-04-01,0.0387,-0.3226,0.3691,-0.2877,-0.2497,-0.2357,-0.2842,-0.1927,-0.2497
1960-05-01,0.0188,-0.3271,0.3226,-0.2046,-0.1797,-0.2157,-0.1772,-0.1113,-0.1797
1960-06-01,0.0134,-0.2621,0.2980,-0.1500,-0.1397,-0.1457,-0.1102,-0.0953,-0.1397
1960-07-01,0.0235,-0.2544,0.2771,-0.1390,-0.1397,-0.0957,-0.1122,-0.1337,-0.1337
1960-08-01,-0.0060,-0.2787,0.2167,-0.0286,-0.0797,-0.1057,-0.0472,-0.0884,-0.0797
1960-09-01,-0.0405,-0.3087,0.2456,-0.0215,-0.0297,-0.0657,-0.0742,-0.1757,-0.0657
1960-10-01,-0.0856,-0.3556,0.1617,-0.0546,-0.0397,-0.0957,-0.0492,-0.0769,-0.0546
1960-11-01,-0.0959,-0.4626,0.2259,-0.2349,-0.2097,-0.2457,-0.2562,-0.1828,-0.2349
1960-12-01,-0.0776,-0.3427,0.3940,0.0616,0.0903,0.0943,0.0818,0.1367,0.0903
1961-01-01,-0.0464,-0.3862,0.2703,-0.0639,-0.0297,-0.0157,-0.0542,0.0822,-0.0297
1961-02-01,-0.0277,-0.3093,0.3164,0.0781,0.0903,0.0543,0.0378,0.1208,0.0781
1961-03-01,-0.0077,-0.3428,0.4075,-0.0759,-0.0097,-0.0157,-0.0852,0.0316,-0.0157
1961-04-01,-0.0103,-0.2691,0.1974,0.0463,0.0303,0.0343,0.0438,0.0343,0.0343
1961-05-01,0.0121,-0.1683,0.3338,0.0549,0.0203,0.0343,0.0518,0.0788,0.0518
1961-06-01,0.0096,-0.2041,0.2778,0.0733,0.0103,0.0143,0.0698,0.0105,0.0143
1961-07-01,-0.0084,-0.2477,0.2669,-0.0520,-0.0897,-0.0557,-0.0622,-0.0487,-0.0557
1961-08-01,-0.0385,-0.2313,0.2053,-0.0292,-0.0897,-0.0657,-0.0512,-0.1055,-0.0657
1961-09-01,-0.0697,-0.2734,0.1374,-0.0456,-0.0197,-0.0757,-0.0882,-0.0681,-0.0681
1961-10-01,-0.0925,-0.3115,0.0884,-0.0814,-0.0997,-0.1057,-0.0642,-0.0870,-0.0870
1961-11-01,-0.0981,-0.3076,0.0821,-0.0458,-0.0697,-0.0657,-0.0802,-0.0758,-0.0697
1961-12-01,-0.0771,-0.3232,0.1756,-0.2680,-0.2597,-0.2257,-0.2292,-0.1492,-0.2292
1962-01-01,-0.0748,-0.3520,0.1573,-0.0693,-0.0497,-0.0557,-0.0682,0.0089,-0.0557
1962-02-01,-0.0395,-0.3396,0.1670,0.0019,0.0503,0.0543,0.0088,0.0803,0.0503
1962-03-01,-0.0387,-0.3309,0.2109,0.0067,0.0003,0.0443,0.0078,0.0366,0.0078
1962-04-01,-0.0165,-0.2436,0.2012,-0.0350,-0.0497,-0.0457,-0.0722,-0.0389,-0.0457
1962-05-01,-0.0411,-0.2889,0.1249,-0.1919,-0.1597,-0.1757,-0.2412,-0.1211,-0.1757
1962-06-01,-0.0504,-0.2627,0.1619,-0.0682,-0.0697,-0.1257,-0.1272,-0.1812,-0.1257
1962-07-01,-0.0473,-0.3283,0.1751,-0.1259,-0.0797,-0.1257,-0.1392,-0.0980,-0.1257
1962-08-01,-0.0728,-0.2689,0.1258,-0.1261,-0.1097,-0.1457,-0.1392,-0.1576,-0.1392
1962-09-01,-0.0739,-0.2893,0.1035,-0.0885,-0.0997,-0.1457,-0.1642,-0.1983,-0.1457
1962-10-01,-0.1089,-0.3016,0.0564,-0.0562,-0.0897,-0.0857,-0.0952,-0.1153,-0.0897
1962-11-01,-0.1156,-0.3025,0.1008,-0.0364,-0.0397,0.0043,-0.0802,-0.0683,-0.0397
1962-12-01,-0.1077,-0.3275,0.1343,-0.1430,-0.1297,-0.1057,-0.1152,-0.0498,-0.1152
1963-01-01,-0.0754,-0.2941,0.1642,-0.1325,-0.1297,-0.1257,-0.1402,-0.0502,-0.1297
1963-02-01,-0.0875,-0.3350,0.1859,0.0267,0.0803,0.0643,0.0098,0.0722,0.0643
1963-03-01,-0.0552,-0.3391,0.2410,-0.3563,-0.2397,-0.2257,-0.3642,-0.2529,-0.2529
1963-04-01,-0.0667,-0.3657,0.1509,-0.1930,-0.1697,-0.1457,-0.2062,-0.1825,-0.1825
1963-05-01,-0.0759,-0.2853,0.1150,-0.1597,-0.1597,-0.1257,-0.1902,-0.1133,-0.1597
1963-06-01,-0.1069,-0.4052,0.1502,-0.0777,-0.0497,-0.1057,-0.1002,-0.0458,-0.0777
1963-07-01,-0.1189,-0.4453,0.1279,0.0520,-0.0397,-0.0557,0.0418,0.0158,0.0158
1963-08-01,-0.1394,-0.4585,0.1101,0.1399,0.1203,0.0343,0.1868,0.0906,0.1203
1963-09-01,-0.1617,-0.4337,0.0516,0.1149,0.0703,0.0443,0.0798,0.0007,0.0703
1963-10-01,-0.2163,-0.4813,-0.0099,0.0568,0.0503,0.0243,0.0878,-0.0120,0.0503
1963-11-01,-0.2423,-0.5119,0.1031,0.0394,0.0503,-0.0157,0.0498,0.0250,0.0394
1963-12-01,-0.2549,-0.6269,0.0484,-0.0695,-0.1297,-0.0657,-0.0332,-0.0063,-0.0657
1964-01-01,-0.2847,-0.5854,-0.0175,-0.2019,-0.1897,-0.1757,-0.1912,-0.0368,-0.1897
1964-02-01,-0.2739,-0.6238,-0.0331,-0.2336,-0.1997,-0.1957,-0.2342,-0.0804,-0.1997
1964-03-01,-0.2319,-0.5019,0.0101,-0.3937,-0.3097,-0.3157,-0.4212,-0.2487,-0.3157
1964-04-01,-0.2146,-0.4374,-0.0037,-0.4514,-0.4197,-0.3757,-0.4482,-0.3197,-0.4197
1964-05-01,-0.2304,-0.4371,0.0397,-0.3845,-0.3497,-0.3257,-0.3842,-0.2004,-0.3497
1964-06-01,-0.2636,-0.4885,-0.0023,-0.1801,-0.1397,-0.1657,-0.1332,-0.1698,-0.1657
1964-07-01,-0.2500,-0.4431,-0.0936,-0.2144,-0.1397,-0.2157,-0.1572,-0.0599,-0.1572
1964-08-01,-0.2483,-0.4420,-0.1206,-0.3115,-0.3197,-0.2857,-0.2892,-0.2512,-0.2892
1964-09-01,-0.2581,-0.4345,-0.1105,-0.4167,-0.3997,-0.4057,-0.4132,-0.4484,-0.4132
1964-10-01,-0.3158,-0.4979,-0.1222,-0.3242,-0.4097,-0.3757,-0.3522,-0.5094,-0.3757
1964-11-01,-0.3061,-0.5647,-0.0259,-0.3083,-0.3097,-0.3657,-0.3572,-0.3432,-0.3432
1964-12-01,-0.2908,-0.5641,0.0362,-0.3842,-0.3997,-0.3657,-0.3902,-0.3434,-0.3842
1965-01-01,-0.2472,-0.5237,0.0646,-0.1721,-0.1797,-0.1957,-0.1742,-0.1382,-0.1742
1965-02-01,-0.2297,-0.5148,0.0767,-0.2765,-0.2697,-0.2757,-0.2682,-0.2355,-0.2697
1965-03-01,-0.1937,-0.4824,0.1194,-0.2697,-0.2297,-0.2457,-0.2842,-0.1872,-0.2457
1965-04-01,-0.1722,-0.4025,0.0365,-0.3118,-0.2897,-0.2957,-0.3192,-0.2514,-0.2957
1965-05-01,-0.1932,-0.4087,0.0289,-0.2035,-0.2197,-0.2057,-0.2032,-0.1233,-0.2035
1965-06-01,-0.1929,-0.4031,0.0536,-0.2197,-0.1797,-0.2057,-0.2032,-0.2000,-0.2032
1965-07-01,-0.2074,-0.4347,0.0446,-0.2790,-0.2297,-0.2257,-0.2262,-0.1896,-0.2262
1965-08-01,-0.2037,-0.4712,-0.0091,-0.1728,-0.1397,-0.1757,-0.1752,-0.2289,-0.1752
1965-09-01,-0.2300,-0.4405,-0.0563,-0.2574,-0.2497,-0.2057,-0.2842,-0.2744,-0.2574
1965-10-01,-0.2670,-0.5273,-0.0263,-0.1156,-0.1497,-0.1057,-0.0732,-0.1879,-0.1156
1965-11-01,-0.2675,-0.5029,-0.0434,-0.1541,-0.1597,-0.1157,-0.1602,-0.1547,-0.1547
1965-12-01,-0.2435,-0.5469,0.0379,-0.1561,-0.1797,-0.1357,-0.1242,-0.0879,-0.1357
1966-01-01,-0.1779,-0.4662,0.0680,-0.2931,-0.2897,-0.2657,-0.2612,-0.1390,-0.2657
1966-02-01,-0.1729,-0.5074,0.0747,-0.1735,-0.1397,-0.1557,-0.1572,-0.0635,-0.1557
1966-03-01,-0.1887,-0.4566,0.0775,-0.1824,-0.0697,-0.1357,-0.1642,-0.0324,-0.1357
1966-04-01,-0.1539,-0.4106,0.1115,-0.1823,-0.2297,-0.1957,-0.1632,-0.1447,-0.1823
1966-05-01,-0.1473,-0.3951,0.0732,-0.2263,-0.2197,-0.1857,-0.2152,-0.1140,-0.2152
1966-06-01,-0.1289,-0.3349,0.0672,-0.1129,-0.0897,-0.0857,-0.0702,-0.0378,-0.0857
1966-07-01,-0.1576,-0.3613,0.0356,-0.0079,-0.0197,-0.0057,-0.0072,0.0348,-0.0072
1966-08-01,-0.1643,-0.3987,0.0158,-0.1099,-0.1897,-0.1357,-0.1342,-0.1361,-0.1357
1966-09-01,-0.1965,-0.3644,-0.0448,-0.0954,-0.1297,-0.1157,-0.1132,-0.1530,-0.1157
1966-10-01,-0.2257,-0.4081,0.0104,-0.2448,-0.2697,-0.2757,-0.2282,-0.2884,-0.2697
1966-11-01,-0.2479,-0.4303,-0.0241,-0.1167,-0.1097,-0.1457,-0.1402,-0.1610,-0.1402
1966-12-01,-0.2625,-0.4267,-0.0118,-0.1505,-0.1297,-0.1457,-0.1212,-0.0857,-0.1297
1967-01-01,-0.2290,-0.4517,0.0410,-0.2314,-0.1797,-0.2357,-0.2052,-0.1341,-0.2052
1967-02-01,-0.1815,-0.3971,0.0758,-0.3394,-0.3097,-0.3157,-0.3482,-0.2992,-0.3157
1967-03-01,-0.1575,-0.3725,0.1140,-0.1086,-0.0497,-0.0557,-0.1282,-0.0438,-0.0557
1967-04-01,-0.1240,-0.4038,0.1000,-0.1464,-0.1497,-0.1257,-0.1482,-0.1040,-0.1464
1967-05-01,-0.1070,-0.3197,0.0974,0.0458,0.0203,0.0743,0.0548,0.0875,0.0548
1967-06-01,-0.1158,-0.3024,0.0540,-0.1234,-0.1797,-0.1457,-0.1352,-0.1205,-0.1352
1967-07-01,-0.1611,-0.3800,0.0146,-0.0808,-0.0797,-0.1257,-0.0822,-0.0844,-0.0822
1967-08-01,-0.1312,-0.3210,0.0491,-0.1151,-0.0897,-0.1357,-0.1042,-0.1276,-0.1151
1967-09-01,-0.1579,-0.3136,0.0257,-0.1392,-0.1597,-0.1057,-0.1442,-0.1339,-0.1392
1967-10-01,-0.2036,-0.4012,-0.0115,-0.0344,-0.0097,-0.0157,-0.0442,-0.0273,-0.0273
1967-11-01,-0.2122,-0.4199,0.0185,-0.1359,-0.1497,-0.1657,-0.2032,-0.1334,-0.1497
1967-12-01,-0.1785,-0.4099,0.0392,-0.1681,-0.1497,-0.1157,-0.1502,-0.0434,-0.1497
1968-01-01,-0.1769,-0.4188,0.0669,-0.3321,-0.3597,-0.2957,-0.3372,-0.2411,-0.3321
1968-02-01,-0.1397,-0.3382,0.0800,-0.2736,-0.2397,-0.2557,-0.2882,-0.1862,-0.2557
1968-03-01,-0.1110,-0.3454,0.0952,-0.0112,0.1003,0.0543,-0.0162,0.0626,0.0543
1968-04-01,-0.1087,-0.2884,0.0790,-0.1901,-0.1597,-0.1557,-0.2052,-0.1355,-0.1597
1968-05-01,-0.0913,-0.2792,0.0872,-0.2354,-0.2397,-0.1857,-0.2512,-0.1377,-0.2354
1968-06-01,-0.1093,-0.2641,0.0933,-0.1612,-0.1897,-0.1257,-0.1322,-0.2119,-0.1612
1968-07-01,-0.1273,-0.3535,0.0408,-0.2066,-0.2297,-0.1857,-0.2562,-0.1502,-0.2066
1968-08-01,-0.1203,-0.3407,0.0983,-0.1379,-0.1797,-0.1157,-0.1822,-0.2094,-0.1797
1968-09-01,-0.1537,-0.3161,0.0309,-0.2339,-0.2897,-0.2057,-0.2612,-0.2945,-0.2612
1968-10-01,-0.1997,-0.3829,-0.0488,-0.0007,-0.0097,-0.0657,-0.0122,-0.0704,-0.0122
1968-11-01,-0.2122,-0.3826,0.0110,-0.1445,-0.1497,-0.2257,-0.1932,-0.1784,-0.1784
1968-12-01,-0.1991,-0.4266,0.0243,-0.1993,-0.2397,-0.2257,-0.1932,-0.1679,-0.1993
1969-01-01,-0.1341,-0.3612,0.1081,-0.1693,-0.2097,-0.1957,-0.1932,-0.1017,-0.1932
1969-02-01,-0.1479,-0.3978,0.1216,-0.2053,-0.2797,-0.1957,-0.2432,-0.1618,-0.2053
1969-03-01,-0.1090,-0.3763,0.1554,-0.1407,-0.0897,-0.0657,-0.1622,-0.0285,-0.0897
1969-04-01,-0.0974,-0.3086,0.1694,0.0398,0.0703,0.0443,0.0148,0.0905,0.0443
1969-05-01,-0.1026,-0.2997,0.1088,0.0548,0.0803,0.0943,0.0678,0.1409,0.0803
1969-06-01,-0.1146,-0.3471,0.1076,-0.0034,-0.0697,-0.0157,-0.0032,-0.0041,-0.0041
1969-07-01,-0.1151,-0.2834,0.1269,-0.1170,-0.1397,-0.1057,-0.1302,-0.0829,-0.1170
1969-08-01,-0.1466,-0.3642,0.0265,-0.0799,-0.0597,-0.0757,-0.0822,-0.2149,-0.0799
1969-09-01,-0.1721,-0.3447,-0.0015,-0.0217,-0.0197,-0.0257,-0.0472,-0.1301,-0.0257
1969-10-01,-0.2064,-0.4610,0.0051,-0.0087,-0.0097,0.0143,0.0168,-0.1177,-0.0087
1969-11-01,-0.1964,-0.4294,0.0259,0.0125,0.0203,0.0343,-0.0092,0.0543,0.0203
1969-12-01,-0.1694,-0.3528,0.0844,0.1580,0.1403,0.1743,0.1548,0.2196,0.1580
1970-01-01,-0.1407,-0.4215,0.1220,0.0015,-0.0197,0.0443,0.0048,0.1012,0.0048
1970-02-01,-0.0820,-0.3210,0.1986,0.0500,0.1203,0.0743,0.0318,0.1322,0.0743
1970-03-01,-0.1118,-0.4043,0.1312,-0.1031,-0.0397,-0.0257,-0.1052,0.0000,-0.0397
1970-04-01,-0.1048,-0.4029,0.1971,-0.0914,-0.0497,-0.0257,-0.0532,0.0708,-0.0497
1970-05-01,-0.0896,-0.3433,0.2018,-0.1537,-0.1297,-0.0957,-0.1322,-0.0393,-0.1297
1970-06-01,-0.0758,-0.3698,0.0909,-0.1492,-0.1197,-0.1157,-0.1272,-0.0294,-0.1197
1970-07-01,-0.0872,-0.3517,0.1116,-0.1220,-0.0797,-0.0757,-0.1012,-0.0729,-0.0797
1970-08-01,-0.1071,-0.3483,0.0770,-0.2105,-0.1997,-0.1857,-0.2242,-0.2404,-0.2105
1970-09-01,-0.1077,-0.2746,0.1294,-0.0422,0.0203,-0.0557,-0.0372,-0.1651,-0.0422
1970-10-01,-0.1430,-0.3586,0.0569,-0.0712,-0.0697,-0.1557,-0.0702,-0.1482,-0.0712
1970-11-01,-0.1364,-0.3287,0.0728,-0.0725,-0.0797,-0.0957,-0.1642,-0.1208,-0.0957
1970-12-01,-0.1737,-0.4394,0.0700,-0.2042,-0.2197,-0.2357,-0.2252,-0.1270,-0.2197
1971-01-01,-0.0927,-0.3748,0.1495,-0.1536,-0.1197,-0.1857,-0.1742,-0.0628,-0.1536
1971-02-01,-0.0783,-0.3419,0.2209,-0.2853,-0.2497,-0.2857,-0.3232,-0.2408,-0.2853
1971-03-01,-0.0467,-0.2834,0.1268,-0.3491,-0.2797,-0.2357,-0.3462,-0.2164,-0.2797
1971-04-01,-0.0367,-0.2033,0.2374,-0.2436,-0.1697,-0.1957,-0.2182,-0.1574,-0.1957
1971-05-01,-0.0352,-0.2418,0.1339,-0.2069,-0.1497,-0.1657,-0.1632,-0.1846,-0.1657
1971-06-01,-0.0387,-0.2971,0.1672,-0.2691,-0.2597,-0.2457,-0.2182,-0.2491,-0.2491
1971-07-01,-0.0451,-0.2820,0.1165,-0.1934,-0.1697,-0.1657,-0.2252,-0.2600,-0.1934
1971-08-01,-0.0603,-0.2572,0.1140,-0.1898,-0.1097,-0.1657,-0.2232,-0.2610,-0.1898
1971-09-01,-0.0618,-0.2160,0.1339,-0.1338,-0.1497,-0.0857,-0.1562,-0.2318,-0.1497
1971-10-01,-0.0765,-0.2733,0.1038,-0.1645,-0.1397,-0.2357,-0.1542,-0.2997,-0.1645
1971-11-01,-0.1239,-0.3419,0.0591,-0.1592,-0.1697,-0.2157,-0.1922,-0.2184,-0.1922
1971-12-01,-0.0937,-0.4088,0.1143,-0.2367,-0.1797,-0.1957,-0.2272,-0.1150,-0.1957
1972-01-01,-0.0495,-0.2601,0.1876,-0.3868,-0.3197,-0.2857,-0.3582,-0.2700,-0.3197
1972-02-01,-0.0246,-0.3434,0.1622,-0.2862,-0.2797,-0.2557,-0.3272,-0.3111,-0.2862
1972-03-01,0.0004,-0.2166,0.1638,-0.1495,-0.0697,-0.0357,-0.1192,-0.1217,-0.1192
1972-04-01,0.0103,-0.1989,0.2880,-0.1360,-0.0997,-0.0857,-0.0982,-0.0624,-0.0982
1972-05-01,0.0020,-0.1851,0.1843,-0.0896,-0.1297,-0.0957,-0.0972,-0.0644,-0.0957
1972-06-01,-0.0042,-0.2028,0.1801,-0.0410,-0.0597,-0.0057,-0.0072,0.0609,-0.0072
1972-07-01,0.0029,-0.2009,0.1779,-0.0997,-0.0897,-0.0457,-0.0922,0.0267,-0.0897
1972-08-01,-0.0323,-0.2039,0.1001,0.0566,0.0603,0.0943,0.0598,-0.0132,0.0598
1972-09-01,-0.0582,-0.2109,0.0877,-0.0584,-0.0797,-0.0257,-0.0462,-0.1010,-0.0584
1972-10-01,-0.1074,-0.2543,0.0632,-0.0621,-0.0197,-0.0157,-0.0262,-0.0565,-0.0262
1972-11-01,-0.0977,-0.2711,0.0820,-0.0564,-0.0797,-0.0857,-0.1112,-0.1022,-0.0857
1972-12-01,-0.0678,-0.2959,0.1044,0.1040,0.0803,0.1043,0.1348,0.1326,0.1043
1973-01-01,-0.0282,-0.2595,0.1711,0.0934,0.1903,0.1643,0.1398,0.2451,0.1643
1973-02-01,-0.0286,-0.3154,0.2119,0.1515,0.2203,0.1943,0.1548,0.2767,0.1943
1973-03-01,-0.0038,-0.2763,0.2928,0.1071,0.1903,0.1543,0.0838,0.1505,0.1505
1973-04-01,0.0064,-0.1776,0.2225,0.1849,0.1703,0.1943,0.1548,0.1356,0.1703
1973-05-01,0.0144,-0.2265,0.1716,0.0995,0.1303,0.1143,0.1318,0.1387,0.1303
1973-06-01,-0.0075,-0.1368,0.1504,0.0967,0.0903,0.1343,0.1368,0.0178,0.0967
1973-07-01,-0.0258,-0.2011,0.1239,0.0127,0.0303,0.0143,0.0318,-0.0080,0.0143
1973-08-01,-0.0370,-0.2472,0.1551,-0.0309,-0.0497,-0.0457,-0.0332,-0.1805,-0.0457
1973-09-01,-0.0595,-0.2611,0.1067,-0.0406,-0.0097,-0.0357,-0.0492,-0.1448,-0.0406
1973-10-01,-0.0828,-0.2530,0.0815,0.0056,0.0003,-0.0457,-0.0232,-0.1508,-0.0232
1973-11-01,-0.0915,-0.2680,0.1318,-0.0320,-0.0597,-0.0957,-0.0742,-0.0781,-0.0742
1973-12-01,-0.0786,-0.3095,0.1456,-0.1363,-0.1697,-0.1157,-0.1132,-0.0346,-0.1157
1974-01-01,-0.0193,-0.2718,0.3486,-0.2882,-0.1997,-0.1957,-0.2702,-0.1408,-0.1997
1974-02-01,-0.0113,-0.2588,0.2720,-0.4510,-0.3697,-0.3657,-0.4162,-0.3459,-0.3697
1974-03-01,-0.0121,-0.1888,0.3103,-0.2436,-0.1497,-0.1757,-0.2422,-0.1992,-0.1992
1974-04-01,0.0185,-0.1948,0.2905,-0.2062,-0.2197,-0.1657,-0.2202,-0.2076,-0.2076
1974-05-01,-0.0025,-0.1759,0.2235,-0.1344,-0.1397,-0.0957,-0.1542,-0.2273,-0.1397
1974-06-01,0.0014,-0.1684,0.1747,-0.1211,-0.1497,-0.1057,-0.1062,-0.2462,-0.1211
1974-07-01,-0.0006,-0.1485,0.1462,-0.1397,-0.1297,-0.1057,-0.1472,-0.2564,-0.1397
1974-08-01,-0.0266,-0.2254,0.1364,0.0195,0.0003,-0.0057,0.0398,-0.1776,0.0003
1974-09-01,-0.0483,-0.2167,0.1326,-0.0942,-0.1797,-0.1557,-0.1402,-0.3460,-0.1557
1974-10-01,-0.0781,-0.2605,0.0782,-0.1153,-0.1597,-0.1557,-0.1562,-0.3397,-0.1562
1974-11-01,-0.0955,-0.2603,0.1341,-0.1269,-0.1797,-0.2057,-0.1952,-0.2651,-0.1952
1974-12-01,-0.0870,-0.3599,0.2041,-0.2150,-0.1797,-0.2257,-0.1982,-0.1917,-0.1982
1975-01-01,-0.0263,-0.3236,0.2897,-0.0986,0.0003,-0.0857,-0.1042,-0.0414,-0.0857
1975-02-01,-0.0156,-0.2743,0.2621,-0.0247,-0.0197,-0.0357,-0.0292,-0.0532,-0.0292
1975-03-01,-0.0123,-0.2477,0.2526,-0.0138,0.0203,0.0243,-0.0182,-0.0156,-0.0138
1975-04-01,0.0085,-0.2056,0.2436,-0.0526,-0.0597,-0.0457,-0.0312,-0.0895,-0.0526
1975-05-01,-0.0107,-0.1973,0.2035,0.0511,0.0603,0.0043,0.0438,-0.1230,0.0438
1975-06-01,-0.0329,-0.2040,0.1725,-0.0623,-0.1097,-0.0557,-0.0772,-0.2216,-0.0772
1975-07-01,-0.0192,-0.1840,0.1983,-0.1066,-0.1097,-0.1057,-0.1022,-0.2854,-0.1066
1975-08-01,-0.0336,-0.1711,0.1902,-0.2343,-0.2697,-0.2357,-0.2592,-0.3948,-0.2592
1975-09-01,-0.0530,-0.2346,0.1970,-0.1417,-0.1197,-0.1157,-0.1452,-0.3917,-0.1417
1975-10-01,-0.0846,-0.3153,0.1028,-0.1541,-0.2097,-0.2757,-0.2022,-0.4356,-0.2097
1975-11-01,-0.1145,-0.3304,0.2158,-0.2638,-0.2697,-0.2857,-0.3232,-0.3405,-0.2857
1975-12-01,-0.0928,-0.3179,0.2265,-0.2524,-0.2697,-0.2457,-0.2072,-0.2521,-0.2521
1976-01-01,-0.0438,-0.4025,0.3107,-0.1706,-0.1297,-0.1457,-0.1732,-0.1310,-0.1457
1976-02-01,-0.0505,-0.3427,0.2777,-0.2327,-0.1597,-0.1857,-0.2502,-0.2999,-0.2327
1976-03-01,-0.0146,-0.3281,0.2631,-0.3373,-0.3197,-0.2857,-0.3882,-0.4182,-0.3373
1976-04-01,-0.0017,-0.2700,0.2899,-0.1852,-0.1697,-0.1357,-0.2152,-0.2701,-0.1852
1976-05-01,0.0207,-0.2036,0.3588,-0.3618,-0.2997,-0.2857,-0.3462,-0.3691,-0.3462
1976-06-01,0.0213,-0.2851,0.2822,-0.2374,-0.2197,-0.1757,-0.1922,-0.2701,-0.2197
1976-07-01,0.0212,-0.1969,0.2829,-0.1751,-0.1997,-0.1057,-0.1212,-0.2133,-0.1751
1976-08-01,-0.0169,-0.2264,0.2131,-0.2438,-0.2197,-0.1757,-0.1932,-0.3100,-0.2197
1976-09-01,-0.0446,-0.2484,0.1797,-0.1543,-0.1597,-0.1057,-0.1202,-0.2492,-0.1543
1976-10-01,-0.0798,-0.2640,0.1043,-0.3358,-0.3397,-0.3457,-0.2972,-0.5676,-0.3397
1976-11-01,-0.1156,-0.2939,0.1051,-0.1380,-0.1597,-0.1957,-0.1562,-0.2848,-0.1597
1976-12-01,-0.0668,-0.2982,0.1808,-0.0314,0.0103,0.0043,0.0328,-0.0954,0.0043
1977-01-01,-0.0390,-0.2970,0.1782,0.1509,0.0903,0.0943,0.1418,0.0630,0.0943
1977-02-01,0.0062,-0.2267,0.2783,0.1022,0.1303,0.0643,0.0968,0.0205,0.0968
1977-03-01,0.0140,-0.2705,0.2274,0.0740,0.1403,0.0943,0.0608,0.0179,0.0740
1977-04-01,0.0178,-0.1824,0.2369,0.1316,0.1603,0.1243,0.1338,0.0427,0.1316
1977-05-01,0.0392,-0.1585,0.2542,0.2224,0.2303,0.1643,0.2168,0.0922,0.2168
1977-06-01,0.0487,-0.1082,0.2167,0.2045,0.1703,0.1743,0.2258,0.0850,0.1743
1977-07-01,0.0175,-0.1563,0.1894,0.1377,0.1003,0.1243,0.1528,0.0036,0.1243
1977-08-01,0.0137,-0.2237,0.1890,0.1269,0.0803,0.1043,0.1798,-0.0234,0.1043
1977-09-01,-0.0162,-0.1673,0.1494,-0.0062,-0.0797,-0.0057,0.0088,-0.1974,-0.0062
1977-10-01,-0.0477,-0.2453,0.1058,-0.0208,-0.0697,-0.0357,0.0298,-0.2242,-0.0357
1977-11-01,-0.0534,-0.3307,0.1584,0.1163,0.0603,0.0943,0.1028,0.0516,0.0943
1977-12-01,0.0032,-0.1766,0.2608,-0.0440,-0.0697,-0.0157,-0.0042,0.0295,-0.0157
1978-01-01,0.0574,-0.1988,0.3046,0.0312,-0.0397,0.0043,-0.0232,0.0451,0.0043
1978-02-01,0.0446,-0.2263,0.2312,0.0689,0.0003,0.0343,0.0418,0.0232,0.0343
1978-03-01,0.0769,-0.1512,0.2936,0.0549,0.0903,0.0943,0.0328,0.0221,0.0549
1978-04-01,0.1043,-0.1508,0.2755,0.0474,0.0703,0.0243,0.0378,0.0001,0.0378
1978-05-01,0.1059,-0.0781,0.3032,0.0089,-0.0097,-0.0057,0.0488,0.0154,0.0089
1978-06-01,0.0863,-0.0764,0.2509,-0.0593,-0.1097,-0.0757,-0.0602,-0.1524,-0.0757
1978-07-01,0.0663,-0.0962,0.1908,0.0092,-0.0597,0.0043,0.0538,-0.0446,0.0043
1978-08-01,0.0550,-0.1034,0.1982,-0.2228,-0.2397,-0.1757,-0.2342,-0.2786,-0.2342
1978-09-01,0.0516,-0.0669,0.1933,0.0319,-0.0397,0.0343,0.0048,-0.2366,0.0048
1978-10-01,0.0210,-0.1541,0.2089,-0.0653,-0.0697,-0.0557,-0.0542,-0.2033,-0.0653
1978-11-01,-0.0014,-0.2165,0.2004,0.0878,0.0303,0.0743,0.0528,0.0078,0.0528
1978-12-01,0.0041,-0.2085,0.2167,0.0059,-0.0197,0.0143,0.0268,0.0564,0.0143
1979-01-01,0.0725,-0.1406,0.3103,0.0442,-0.0097,0.0543,0.0218,0.1788,0.0442
1979-02-01,0.0700,-0.2259,0.3354,-0.1855,-0.1997,-0.1557,-0.1902,-0.0812,-0.1855
1979-03-01,0.0983,-0.1698,0.3488,0.0591,0.0903,0.0543,0.0488,0.1086,0.0591
1979-04-01,0.0877,-0.0720,0.2634,0.0702,0.0503,-0.0457,0.0418,0.0433,0.0433
1979-05-01,0.0869,-0.0882,0.2366,-0.0304,-0.0697,0.0043,-0.0152,0.0604,-0.0152
1979-06-01,0.0898,-0.1038,0.3188,0.0420,0.0403,0.0643,0.0298,0.0413,0.0413
1979-07-01,0.1003,-0.0455,0.2601,0.0122,-0.0597,-0.0157,-0.0312,-0.0540,-0.0312
1979-08-01,0.0743,-0.0856,0.2172,0.1097,0.0703,0.0743,0.0668,0.0340,0.0703
1979-09-01,0.0911,-0.1024,0.3193,0.1668,0.1503,0.1543,0.1388,0.0718,0.1503
1979-10-01,0.0705,-0.0823,0.2509,0.1392,0.1603,0.1443,0.1878,0.1277,0.1443
1979-11-01,0.0685,-0.1168,0.2743,0.2006,0.1803,0.1643,0.1698,0.1505,0.1698
1979-12-01,0.0949,-0.1170,0.4309,0.3811,0.3703,0.3843,0.4118,0.4389,0.3843
1980-01-01,0.1018,-0.0864,0.3379,0.2461,0.2003,0.2243,0.2628,0.3014,0.2461
1980-02-01,0.1087,-0.1936,0.3048,0.3530,0.2903,0.3143,0.3318,0.3488,0.3318
1980-03-01,0.1473,-0.0903,0.3866,0.2072,0.1903,0.2143,0.2348,0.3182,0.2143
1980-04-01,0.1527,-0.0318,0.3666,0.2258,0.2003,0.1943,0.2888,0.3675,0.2258
1980-05-01,0.1644,-0.0550,0.3603,0.2390,0.2503,0.2443,0.2778,0.4158,0.2503
1980-06-01,0.1536,-0.0311,0.3599,0.1228,0.1003,0.1343,0.1528,0.2194,0.1343
1980-07-01,0.1600,-0.0408,0.3124,0.1990,0.1203,0.1643,0.2458,0.2343,0.1990
1980-08-01,0.1400,-0.0399,0.2585,0.1576,0.0803,0.1343,0.2088,0.1590,0.1576
1980-09-01,0.1270,-0.1155,0.3028,0.1186,0.1003,0.0943,0.1368,0.0803,0.1003
1980-10-01,0.0971,-0.1161,0.2972,0.0870,0.0303,0.0543,0.0848,0.0365,0.0543
1980-11-01,0.0860,-0.1084,0.3158,0.1999,0.2003,0.1443,0.1658,0.1055,0.1658
1980-12-01,0.1131,-0.1960,0.3738,0.1030,0.1103,0.1143,0.1158,0.0986,0.1103
1981-01-01,0.1558,-0.1597,0.4256,0.4385,0.4303,0.4043,0.4188,0.4268,0.4268
1981-02-01,0.1662,-0.0939,0.4641,0.3298,0.3203,0.2943,0.2928,0.3570,0.3203
1981-03-01,0.1758,-0.0751,0.3647,0.3219,0.3803,0.3443,0.3198,0.4314,0.3443
1981-04-01,0.2061,0.0168,0.4205,0.1898,0.2203,0.2043,0.1978,0.3385,0.2043
1981-05-01,0.2039,0.0594,0.3724,0.1388,0.1503,0.1543,0.1478,0.2772,0.1503
1981-06-01,0.1967,0.0178,0.3582,0.2369,0.1903,0.1743,0.2788,0.2239,0.2239
1981-07-01,0.1556,0.0000,0.2822,0.2618,0.2303,0.1543,0.2608,0.2021,0.2303
1981-08-01,0.1552,-0.0244,0.3543,0.3028,0.2503,0.2143,0.2978,0.2072,0.2503
1981-09-01,0.1471,0.0123,0.3121,0.1333,0.0503,0.0843,0.1408,0.1120,0.1120
1981-10-01,0.0979,-0.0720,0.3531,0.0475,0.0203,0.1043,0.0998,0.0734,0.0734
1981-11-01,0.1091,-0.0679,0.2983,0.1545,0.1303,0.1243,0.1288,0.1098,0.1288
1981-12-01,0.1321,-0.0729,0.4022,0.3579,0.3103,0.3243,0.3798,0.3362,0.3362
1982-01-01,0.1614,-0.1464,0.5144,-0.0359,-0.0497,-0.0257,-0.0072,0.0237,-0.0257
1982-02-01,0.1553,-0.0907,0.4435,0.0583,0.0503,0.0543,0.0288,0.1184,0.0543
1982-03-01,0.1774,-0.0363,0.4293,-0.1448,-0.0697,-0.0857,-0.1622,-0.0422,-0.0857
1982-04-01,0.1467,-0.0556,0.3321,0.0160,0.0503,0.0243,-0.0442,0.0139,0.0160
1982-05-01,0.1308,-0.1136,0.3602,0.0820,0.0803,0.0643,0.0688,0.1351,0.0803
1982-06-01,0.1203,-0.0662,0.3080,-0.0091,-0.0397,-0.0257,0.0458,0.0531,-0.0091
1982-07-01,0.1159,-0.0618,0.2420,0.0685,0.0403,0.0743,0.0918,0.1056,0.0743
1982-08-01,0.0781,-0.0631,0.2474,-0.0529,-0.0697,-0.0257,-0.0092,-0.0104,-0.0257
1982-09-01,0.0434,-0.1045,0.2136,0.0072,0.0403,0.0443,0.0548,-0.0175,0.0403
1982-10-01,-0.0227,-0.1966,0.1441,0.0342,0.0303,0.0343,0.0828,-0.0278,0.0342
1982-11-01,-0.0267,-0.1852,0.1890,0.0218,0.0803,0.0143,0.0108,0.0141,0.0143
1982-12-01,-0.0312,-0.3084,0.1546,0.2716,0.3303,0.3143,0.3068,0.3379,0.3143
1983-01-01,0.0194,-0.2703,0.2634,0.3498,0.4303,0.3543,0.3398,0.4493,0.3543
1983-02-01,0.0294,-0.2433,0.2651,0.3276,0.3303,0.3343,0.3068,0.4133,0.3303
1983-03-01,0.0116,-0.1653,0.1812,0.2411,0.3203,0.2843,0.2428,0.4068,0.2843
1983-04-01,0.0144,-0.1674,0.2282,0.1682,0.1803,0.1343,0.1838,0.2749,0.1803
1983-05-01,-0.0050,-0.1570,0.2188,0.2147,0.2403,0.2343,0.2808,0.3739,0.2403
1983-06-01,-0.0386,-0.2020,0.1714,0.1591,0.1303,0.1443,0.1898,0.2073,0.1591
1983-07-01,-0.0289,-0.2096,0.1826,0.1063,0.0803,0.0743,0.1068,0.1272,0.1063
1983-08-01,-0.0226,-0.1896,0.1728,0.2759,0.2603,0.2243,0.2578,0.1936,0.2578
1983-09-01,-0.0367,-0.2352,0.1508,0.3187,0.2703,0.2643,0.2958,0.2511,0.2703
1983-10-01,-0.0870,-0.3160,0.1553,0.1075,0.0703,0.0943,0.0938,0.0169,0.0938
1983-11-01,-0.0573,-0.3407,0.1976,0.2372,0.2003,0.2143,0.1928,0.1808,0.2003
1983-12-01,-0.0229,-0.3076,0.2264,0.0878,0.0703,0.1143,0.1108,0.1471,0.1108
1984-01-01,0.0255,-0.2053,0.2657,0.1483,0.2103,0.1643,0.1378,0.1986,0.1643
1984-02-01,0.0363,-0.2476,0.3288,0.0137,0.0403,0.0643,0.0138,0.0397,0.0397
1984-03-01,0.0687,-0.1528,0.2794,0.1411,0.1603,0.1543,0.1438,0.2023,0.1543
1984-04-01,0.0838,-0.0884,0.2674,0.0045,-0.0397,-0.0057,0.0288,0.0827,0.0045
1984-05-01,0.0810,-0.0897,0.2519,0.2085,0.2303,0.2243,0.2478,0.2923,0.2303
1984-06-01,0.0757,-0.0891,0.2849,-0.0429,-0.0797,-0.0157,-0.0242,-0.0327,-0.0327
1984-07-01,0.0961,-0.0827,0.3043,0.0180,0.0903,0.0343,-0.0002,-0.0881,0.0180
1984-08-01,0.0805,-0.1162,0.2670,0.0873,0.0903,0.0743,0.1018,0.0050,0.0873
1984-09-01,0.0358,-0.1286,0.2017,0.1192,0.1103,0.0943,0.1238,-0.0380,0.1103
1984-10-01,0.0146,-0.2082,0.2516,0.0328,0.0303,0.0143,0.0508,-0.0298,0.0303
1984-11-01,0.0047,-0.2303,0.2579,-0.0644,-0.0397,-0.0657,-0.0762,-0.1178,-0.0657
1984-12-01,0.0297,-0.2067,0.2566,-0.1658,-0.1397,-0.1157,-0.1362,-0.0323,-0.1362
1985-01-01,0.0690,-0.2519,0.3751,0.1115,0.1203,0.1543,0.1508,0.1781,0.1508
1985-02-01,0.0858,-0.1286,0.4162,-0.1062,-0.1397,-0.0857,-0.1312,-0.0882,-0.1062
1985-03-01,0.0941,-0.0845,0.3708,0.0362,0.0703,0.0943,0.0248,0.0643,0.0643
1985-04-01,0.0977,-0.0459,0.3024,-0.0032,0.0203,0.0043,0.0118,0.0790,0.0118
1985-05-01,0.1186,-0.0913,0.3172,0.0603,0.0503,0.0743,0.0648,0.0703,0.0648
1985-06-01,0.1234,-0.0547,0.3247,0.1154,0.0503,0.0643,0.0758,0.0068,0.0643
1985-07-01,0.0939,-0.0894,0.3012,-0.0290,-0.0597,-0.0857,-0.0652,-0.0919,-0.0652
1985-08-01,0.0951,-0.1015,0.2660,0.1357,0.0703,0.0543,0.0928,0.0492,0.0703
1985-09-01,0.0771,-0.1044,0.2581,0.1113,0.0303,0.0343,0.0168,-0.0727,0.0303
1985-10-01,0.0757,-0.1237,0.3274,0.0321,0.0203,0.0043,0.0588,-0.1546,0.0203
1985-11-01,0.0522,-0.1725,0.3356,0.0108,-0.0497,-0.0357,-0.0372,-0.0590,-0.0372
1985-12-01,0.0891,-0.1295,0.3688,0.0493,0.0403,0.0643,0.0868,0.0251,0.0493
1986-01-01,0.0944,-0.1884,0.3631,0.1117,0.1603,0.1343,0.0968,0.1681,0.1343
1986-02-01,0.1173,-0.1523,0.4171,0.3013,0.2703,0.2743,0.2908,0.2282,0.2743
1986-03-01,0.1197,-0.1126,0.2824,0.1295,0.2003,0.2043,0.1168,0.1823,0.1823
1986-04-01,0.1272,-0.0648,0.3637,0.1249,0.1203,0.1343,0.2698,0.2517,0.1343
1986-05-01,0.1628,-0.0743,0.3450,0.1355,0.1103,0.1343,0.3718,0.2379,0.1355
1986-06-01,0.1546,-0.0174,0.3419,0.0348,0.0203,0.0643,0.0378,0.0252,0.0348
1986-07-01,0.1378,-0.0588,0.3152,0.0356,0.0103,0.0543,0.0338,-0.0047,0.0338
1986-08-01,0.1491,-0.0550,0.3425,0.0850,0.0603,0.0743,0.0898,0.0062,0.0743
1986-09-01,0.1216,-0.0251,0.2823,0.0195,-0.0697,0.0143,0.0108,-0.0789,0.0108
1986-10-01,0.0784,-0.0863,0.2445,0.0474,0.0503,0.0443,0.0788,-0.1015,0.0474
1986-11-01,0.1054,-0.0546,0.2784,0.0341,0.0003,0.0243,0.0178,0.0336,0.0243
1986-12-01,0.1335,-0.1573,0.4453,0.0233,0.0303,0.0743,0.0768,0.1239,0.0743
1987-01-01,0.1889,-0.0606,0.4622,0.2120,0.2203,0.2143,0.2068,0.2675,0.2143
1987-02-01,0.1689,-0.0491,0.3921,0.3120,0.3303,0.2643,0.2828,0.3173,0.3120
1987-03-01,0.1975,0.0164,0.4171,0.0973,0.0803,0.0843,0.0568,0.1137,0.0843
1987-04-01,0.1960,-0.0518,0.4236,0.1829,0.1403,0.1543,0.1348,0.2175,0.1543
1987-05-01,0.2012,0.0272,0.3821,0.1589,0.1603,0.1843,0.1488,0.2345,0.1603
1987-06-01,0.2090,0.0576,0.3881,0.2588,0.2503,0.2243,0.2998,0.2819,0.2588
1987-07-01,0.1934,0.0114,0.3509,0.3414,0.3003,0.3343,0.3798,0.3546,0.3414
1987-08-01,0.1742,-0.0007,0.3383,0.2060,0.1503,0.1743,0.2378,0.1726,0.1743
1987-09-01,0.1727,-0.0128,0.3380,0.2578,0.2503,0.2643,0.2748,0.2239,0.2578
1987-10-01,0.1534,-0.0157,0.3989,0.2651,0.2303,0.2043,0.2258,0.1461,0.2258
1987-11-01,0.1298,-0.1195,0.3546,0.1816,0.1903,0.1243,0.1328,0.1617,0.1617
1987-12-01,0.1567,-0.1222,0.3820,0.3649,0.3603,0.3143,0.3898,0.4452,0.3649
1988-01-01,0.2063,-0.0770,0.5443,0.4529,0.4703,0.3943,0.3958,0.4696,0.4529
1988-02-01,0.2326,-0.0508,0.5496,0.3265,0.3403,0.3343,0.2718,0.2641,0.3265
1988-03-01,0.2188,-0.0277,0.4656,0.3799,0.4203,0.3843,0.3208,0.4030,0.3843
1988-04-01,0.2072,-0.0148,0.4448,0.3209,0.3303,0.3043,0.3368,0.3628,0.3303
1988-05-01,0.2287,0.0494,0.4465,0.3124,0.3403,0.3243,0.3118,0.4047,0.3243
1988-06-01,0.2283,0.0539,0.5119,0.3275,0.3003,0.3043,0.3348,0.3164,0.3164
1988-07-01,0.2290,0.0379,0.5095,0.2507,0.2303,0.2243,0.2548,0.2465,0.2465
1988-08-01,0.1990,0.0316,0.3909,0.2527,0.2903,0.2743,0.3328,0.2769,0.2769
1988-09-01,0.2087,0.0191,0.4858,0.2515,0.2703,0.2343,0.2928,0.2608,0.2608
1988-10-01,0.1728,0.0017,0.3605,0.2503,0.2803,0.2143,0.2598,0.1407,0.2503
1988-11-01,0.1697,-0.0687,0.4073,0.0228,0.0203,0.0243,0.0118,-0.0341,0.0203
1988-12-01,0.1623,-0.0619,0.4248,0.1701,0.1903,0.1643,0.1878,0.2014,0.1878
1989-01-01,0.2101,-0.0843,0.4346,-0.0308,0.0203,-0.0257,-0.0712,0.0046,-0.0257
1989-02-01,0.1768,-0.0259,0.4690,0.2334,0.2003,0.1943,0.2088,0.2697,0.2088
1989-03-01,0.2323,0.0544,0.4164,0.1810,0.2603,0.1943,0.1558,0.2376,0.1943
1989-04-01,0.2532,0.0303,0.4293,0.1442,0.1903,0.1443,0.1768,0.2367,0.1768
1989-05-01,0.2689,0.0765,0.4623,0.0333,0.0803,0.0643,0.0188,0.0998,0.0643
1989-06-01,0.2740,0.0589,0.4719,0.0918,0.0503,0.0743,0.0898,0.0669,0.0743
1989-07-01,0.2585,0.0477,0.4414,0.2580,0.2503,0.1643,0.2338,0.2061,0.2338
1989-08-01,0.2622,0.1088,0.4628,0.2498,0.2303,0.1843,0.2248,0.1219,0.2248
1989-09-01,0.2718,0.0704,0.5301,0.2923,0.2503,0.2343,0.2488,0.1651,0.2488
1989-10-01,0.2564,0.0106,0.4746,0.2540,0.1903,0.1843,0.2408,0.1174,0.1903
1989-11-01,0.2304,0.0436,0.5305,0.1081,0.1003,0.0343,0.0718,0.0449,0.0718
1989-12-01,0.2576,-0.0371,0.5444,0.2776,0.2703,0.2843,0.3198,0.3311,0.2843
1990-01-01,0.2894,-0.1130,0.6580,0.2804,0.3203,0.2443,0.2878,0.3705,0.2878
1990-02-01,0.3056,0.0157,0.6453,0.2740,0.3403,0.2643,0.2758,0.3316,0.2758
1990-03-01,0.3280,0.1125,0.6217,0.6286,0.7003,0.5843,0.6058,0.6679,0.6286
1990-04-01,0.3304,0.1108,0.6141,0.4893,0.4603,0.4443,0.4888,0.4993,0.4888
1990-05-01,0.3414,0.0859,0.5701,0.4001,0.3603,0.3543,0.4158,0.4905,0.4001
1990-06-01,0.3446,0.0770,0.5552,0.3100,0.2703,0.2443,0.3098,0.2887,0.2887
1990-07-01,0.3340,0.0242,0.5663,0.3738,0.3603,0.2743,0.3798,0.3656,0.3656
1990-08-01,0.3185,0.0899,0.5319,0.2742,0.2403,0.2143,0.2618,0.2774,0.2618
1990-09-01,0.3161,0.1063,0.5196,0.2132,0.1303,0.1943,0.2188,0.2175,0.2132
1990-10-01,0.3090,0.1189,0.5148,0.3798,0.3503,0.2743,0.3698,0.3340,0.3503
1990-11-01,0.2895,0.0080,0.5222,0.3522,0.3603,0.2643,0.3228,0.4145,0.3522
1990-12-01,0.2923,0.0761,0.5433,0.2834,0.3003,0.2843,0.3258,0.4215,0.3003
1991-01-01,0.3249,0.0890,0.5424,0.2978,0.3303,0.2843,0.3068,0.4349,0.3068
1991-02-01,0.3292,0.0501,0.5699,0.4012,0.4003,0.3643,0.3898,0.4840,0.4003
1991-03-01,0.3422,0.0903,0.5818,0.2419,0.2603,0.2443,0.2388,0.3422,0.2443
1991-04-01,0.3172,0.0690,0.5463,0.4336,0.4103,0.3943,0.4348,0.4289,0.4289
1991-05-01,0.3188,0.1299,0.5156,0.3084,0.2403,0.3043,0.3268,0.3304,0.3084
1991-06-01,0.3131,0.1160,0.4790,0.4297,0.4303,0.4143,0.4668,0.5010,0.4303
1991-07-01,0.2968,0.1602,0.4595,0.4641,0.3803,0.3543,0.4368,0.3959,0.3959
1991-08-01,0.2660,0.0835,0.4775,0.3618,0.2903,0.2843,0.3738,0.3036,0.3036
1991-09-01,0.2172,0.0234,0.4285,0.3478,0.3403,0.3043,0.3438,0.2463,0.3403
1991-10-01,0.1693,-0.0465,0.3829,0.2458,0.1903,0.2043,0.2758,0.1439,0.2043
1991-11-01,0.1319,-0.1351,0.3754,0.2499,0.2003,0.1643,0.2258,0.1767,0.2003
1991-12-01,0.0949,-0.1830,0.3608,0.2340,0.2203,0.1643,0.2748,0.2341,0.2340
1992-01-01,0.0726,-0.2757,0.3212,0.3586,0.3803,0.3343,0.3768,0.3904,0.3768
1992-02-01,0.0775,-0.2020,0.3586,0.3447,0.3003,0.3143,0.3198,0.3467,0.3198
1992-03-01,0.0871,-0.2377,0.3546,0.3069,0.3803,0.3543,0.3348,0.3479,0.3479
1992-04-01,0.0360,-0.2357,0.3824,0.1570,0.1803,0.1543,0.1928,0.1321,0.1570
1992-05-01,0.0373,-0.1936,0.2851,0.1649,0.2103,0.2043,0.2088,0.1686,0.2043
1992-06-01,0.0195,-0.2426,0.3049,0.1528,0.1603,0.1543,0.2148,0.1504,0.1543
1992-07-01,0.0344,-0.1899,0.2774,0.0040,-0.0097,0.0043,0.0608,-0.0180,0.0040
1992-08-01,0.0188,-0.1849,0.2790,0.0359,-0.0197,0.0043,0.0438,-0.0449,0.0043
1992-09-01,0.0016,-0.2656,0.2204,-0.0953,-0.1097,-0.0857,-0.0882,-0.1610,-0.0953
1992-10-01,0.0091,-0.2823,0.2716,-0.0278,-0.0297,-0.0457,-0.0022,-0.1092,-0.0297
1992-11-01,-0.0051,-0.2972,0.3633,-0.0393,-0.0697,-0.0557,-0.0772,-0.0829,-0.0697
1992-12-01,0.0425,-0.2479,0.3828,0.0908,0.1203,0.0743,0.1298,0.1078,0.1078
1993-01-01,0.0768,-0.2766,0.3854,0.2589,0.2503,0.2243,0.2698,0.2930,0.2589
1993-02-01,0.0910,-0.2285,0.5132,0.2763,0.2703,0.2743,0.3078,0.2981,0.2763
1993-03-01,0.0942,-0.2383,0.4374,0.2354,0.2603,0.2443,0.2328,0.2314,0.2354
1993-04-01,0.1226,-0.2018,0.4126,0.1928,0.1803,0.1743,0.2068,0.2258,0.1928
1993-05-01,0.1362,-0.1014,0.4081,0.1926,0.1803,0.1643,0.2058,0.2119,0.1926
1993-06-01,0.1364,-0.0707,0.4371,0.1625,0.1303,0.1643,0.2308,0.1706,0.1643
1993-07-01,0.1427,-0.1426,0.5341,0.1572,0.1503,0.1143,0.1878,0.0932,0.1503
1993-08-01,0.1224,-0.1213,0.4829,0.0798,0.0103,0.0643,0.1268,0.0588,0.0643
1993-09-01,0.1172,-0.1606,0.4296,0.0417,0.0103,0.0643,0.0808,-0.0685,0.0417
1993-10-01,0.0914,-0.1956,0.4427,0.1491,0.1403,0.1343,0.1868,0.0621,0.1403
1993-11-01,0.0593,-0.2136,0.3694,0.0612,-0.0597,-0.0257,0.0178,-0.0076,-0.0076
1993-12-01,0.0804,-0.1447,0.4510,0.1438,0.0803,0.1043,0.1278,0.2183,0.1278
1994-01-01,0.1648,-0.0686,0.5326,0.1943,0.1603,0.1243,0.1548,0.2050,0.1603
1994-02-01,0.1538,-0.1342,0.5298,0.0047,-0.0797,-0.0657,-0.0282,-0.0297,-0.0297
1994-03-01,0.1642,-0.1329,0.5043,0.2355,0.1903,0.1943,0.2188,0.1766,0.1943
1994-04-01,0.1914,-0.1578,0.4904,0.2481,0.3103,0.2543,0.2938,0.2710,0.2710
1994-05-01,0.2030,-0.0532,0.4453,0.1997,0.1803,0.2243,0.2268,0.1586,0.1997
1994-06-01,0.2005,-0.0799,0.4794,0.3131,0.3303,0.2743,0.3538,0.2191,0.3131
1994-07-01,0.1934,-0.0480,0.4075,0.1789,0.2003,0.1843,0.2298,0.1685,0.1843
1994-08-01,0.2067,-0.0133,0.4224,0.1688,0.1203,0.1443,0.1598,0.0590,0.1443
1994-09-01,0.1788,-0.0178,0.4161,0.2664,0.2103,0.2343,0.2848,0.2093,0.2343
1994-10-01,0.1542,-0.0859,0.4682,0.3427,0.3303,0.3043,0.3858,0.2003,0.3303
1994-11-01,0.1332,-0.1596,0.3713,0.3501,0.3503,0.2943,0.3328,0.2855,0.3328
1994-12-01,0.1621,-0.0555,0.4017,0.2428,0.2903,0.2343,0.2868,0.2990,0.2868
1995-01-01,0.1683,-0.1608,0.4391,0.4125,0.4303,0.3843,0.4198,0.4716,0.4198
1995-02-01,0.1785,-0.1334,0.4264,0.6351,0.6903,0.6143,0.6568,0.6719,0.6568
1995-03-01,0.1945,-0.0864,0.4390,0.3526,0.3703,0.3643,0.3668,0.3593,0.3643
1995-04-01,0.2123,-0.0377,0.4184,0.4174,0.3703,0.3543,0.4238,0.4322,0.4174
1995-05-01,0.2478,0.0742,0.4814,0.2594,0.1703,0.2143,0.2538,0.2720,0.2538
1995-06-01,0.2317,0.0461,0.4857,0.3758,0.3303,0.3443,0.4608,0.3871,0.3758
1995-07-01,0.2448,0.0419,0.4662,0.4390,0.3603,0.3843,0.4818,0.3393,0.3843
1995-08-01,0.2483,0.0556,0.5029,0.3879,0.3503,0.3843,0.4558,0.3363,0.3843
1995-09-01,0.2502,0.0541,0.4544,0.2758,0.2303,0.2743,0.2968,0.2475,0.2743
1995-10-01,0.2275,0.0219,0.4469,0.3774,0.3603,0.3043,0.4508,0.2973,0.3603
1995-11-01,0.2353,-0.0127,0.4992,0.3685,0.3503,0.3143,0.3838,0.3107,0.3503
1995-12-01,0.2502,0.0069,0.5147,0.1675,0.1603,0.1743,0.2308,0.2307,0.1743
1996-01-01,0.2434,-0.0734,0.6514,0.2121,0.1403,0.1543,0.2108,0.2412,0.2108
1996-02-01,0.2866,-0.0499,0.7862,0.4571,0.3603,0.3643,0.4588,0.3753,0.3753
1996-03-01,0.2981,-0.0610,0.6468,0.2827,0.2303,0.2643,0.3038,0.2847,0.2827
1996-04-01,0.2990,-0.0006,0.5917,0.2465,0.2303,0.2143,0.2898,0.2072,0.2303
1996-05-01,0.3220,0.0958,0.6312,0.2344,0.1703,0.2143,0.2008,0.1400,0.2008
1996-06-01,0.3288,0.1225,0.5596,0.2150,0.1603,0.1643,0.2008,0.1573,0.1643
1996-07-01,0.3275,0.1142,0.5951,0.3246,0.2703,0.2643,0.3168,0.2368,0.2703
1996-08-01,0.3236,0.0788,0.5720,0.3527,0.3803,0.3143,0.4398,0.3317,0.3527
1996-09-01,0.3353,0.1387,0.6189,0.2020,0.1603,0.1643,0.1908,0.1204,0.1643
1996-10-01,0.3460,0.0996,0.5560,0.1236,0.1203,0.0943,0.1458,0.0520,0.1203
1996-11-01,0.2965,-0.0069,0.6853,0.3098,0.3203,0.2743,0.3408,0.3154,0.3154
1996-12-01,0.3023,0.0795,0.6265,0.3162,0.2703,0.2443,0.3548,0.3251,0.3162
1997-01-01,0.3527,0.0779,0.6712,0.2439,0.2203,0.1443,0.2328,0.2313,0.2313
1997-02-01,0.3538,0.0030,0.6809,0.2924,0.3103,0.2343,0.2928,0.2923,0.2924
1997-03-01,0.3637,0.0258,0.7101,0.3906,0.4203,0.3943,0.4318,0.4247,0.4203
1997-04-01,0.3947,0.0650,0.7750,0.3713,0.2403,0.2743,0.3328,0.2238,0.2743
1997-05-01,0.4182,0.1094,0.6627,0.3127,0.2503,0.2743,0.3018,0.2546,0.2743
1997-06-01,0.4154,0.1893,0.6925,0.4882,0.4503,0.4543,0.5168,0.3931,0.4543
1997-07-01,0.4119,0.1675,0.6834,0.3444,0.2403,0.2843,0.3338,0.2711,0.2843
1997-08-01,0.3845,0.1189,0.6991,0.4048,0.3103,0.3443,0.3748,0.3092,0.3443
1997-09-01,0.3874,0.1355,0.6387,0.4636,0.4203,0.4743,0.4668,0.3835,0.4636
1997-10-01,0.3916,0.0971,0.6305,0.5678,0.5103,0.5043,0.6048,0.4393,0.5103
1997-11-01,0.3858,0.0852,0.6502,0.6093,0.5503,0.5043,0.6058,0.5166,0.5503
1997-12-01,0.3841,0.1398,0.6298,0.5182,0.4903,0.4443,0.5568,0.5233,0.5182
1998-01-01,0.3891,0.1505,0.6988,0.5606,0.4803,0.4543,0.5038,0.5527,0.5038
1998-02-01,0.4075,0.1894,0.7411,0.7967,0.7803,0.6743,0.7468,0.7608,0.7608
1998-03-01,0.4278,0.1982,0.7802,0.5852,0.5303,0.4943,0.5328,0.5597,0.5328
1998-04-01,0.4279,0.2171,0.6870,0.6467,0.5403,0.5943,0.6468,0.6725,0.6467
1998-05-01,0.4457,0.2651,0.6758,0.6343,0.5803,0.5543,0.6498,0.6854,0.6343
1998-06-01,0.4429,0.1718,0.6693,0.6647,0.6703,0.5743,0.6938,0.6564,0.6647
1998-07-01,0.4257,0.2012,0.6937,0.6576,0.5603,0.5643,0.6718,0.5649,0.5649
1998-08-01,0.4105,0.2126,0.6413,0.6479,0.5503,0.5843,0.6768,0.5847,0.5847
1998-09-01,0.4107,0.1150,0.6308,0.4307,0.3203,0.3643,0.3898,0.3954,0.3898
1998-10-01,0.4147,0.1357,0.6554,0.4108,0.3203,0.3043,0.3748,0.3145,0.3203
1998-11-01,0.4065,0.1095,0.6340,0.3766,0.3303,0.3043,0.3598,0.2959,0.3303
1998-12-01,0.3395,-0.0051,0.5780,0.4808,0.4503,0.4443,0.5128,0.4837,0.4808
1999-01-01,0.3970,0.1237,0.7085,0.3839,0.3803,0.2943,0.3698,0.3738,0.3738
1999-02-01,0.4105,0.0440,0.6445,0.5996,0.5403,0.5243,0.5678,0.5587,0.5587
1999-03-01,0.4471,0.1560,0.7681,0.2544,0.2303,0.2343,0.2408,0.2043,0.2343
1999-04-01,0.4271,0.1514,0.7063,0.2672,0.2203,0.2343,0.2738,0.2482,0.2482
1999-05-01,0.4522,0.1982,0.7419,0.2422,0.1603,0.1943,0.2258,0.2099,0.2099
1999-06-01,0.4622,0.2300,0.7075,0.3216,0.2603,0.2743,0.3488,0.2410,0.2743
1999-07-01,0.4501,0.2618,0.6668,0.3083,0.2903,0.2543,0.3088,0.2411,0.2903
1999-08-01,0.4356,0.2442,0.6267,0.2996,0.2103,0.2543,0.2848,0.2057,0.2543
1999-09-01,0.4355,0.2095,0.6529,0.2718,0.2903,0.3143,0.3328,0.2475,0.2903
1999-10-01,0.4509,0.2563,0.7115,0.3033,0.2403,0.2243,0.3188,0.1908,0.2403
1999-11-01,0.4438,0.2056,0.8393,0.2800,0.2703,0.2643,0.2898,0.2318,0.2703
1999-12-01,0.4516,0.2325,0.7712,0.3097,0.3003,0.3243,0.3618,0.3475,0.3243
2000-01-01,0.4482,0.1323,0.6885,0.1752,0.1503,0.1843,0.1848,0.2111,0.1843
2000-02-01,0.4497,0.1002,0.8309,0.4936,0.4603,0.4243,0.4478,0.4610,0.4603
2000-03-01,0.4582,0.1181,0.8142,0.4415,0.4503,0.3943,0.4118,0.3766,0.4118
2000-04-01,0.4672,0.2513,0.7156,0.5316,0.4603,0.4643,0.4778,0.4690,0.4690
2000-05-01,0.4876,0.2274,0.7301,0.3011,0.2503,0.2543,0.2608,0.2865,0.2608
2000-06-01,0.4933,0.2474,0.7293,0.3463,0.3003,0.2843,0.3328,0.2292,0.3003
2000-07-01,0.4996,0.2740,0.7501,0.3276,0.2903,0.2843,0.2998,0.2054,0.2903
2000-08-01,0.4992,0.3253,0.7845,0.3755,0.3203,0.3143,0.3798,0.2683,0.3203
2000-09-01,0.5088,0.2347,0.8105,0.3087,0.2903,0.3243,0.3618,0.2093,0.3087
2000-10-01,0.4980,0.2260,0.7458,0.1908,0.1703,0.1743,0.2308,0.0965,0.1743
2000-11-01,0.4925,0.1613,0.7793,0.2420,0.2003,0.1843,0.2478,0.1883,0.2003
2000-12-01,0.5201,0.2199,0.8352,0.1979,0.1803,0.1543,0.2328,0.2288,0.1979
2001-01-01,0.5271,0.2617,0.8820,0.3610,0.3503,0.3143,0.3718,0.3709,0.3610
2001-02-01,0.5123,0.2825,0.8333,0.3873,0.3403,0.3143,0.3488,0.3239,0.3403
2001-03-01,0.5244,0.2862,0.7596,0.5160,0.4503,0.4243,0.4688,0.4359,0.4503
2001-04-01,0.5752,0.3385,0.8546,0.4470,0.4003,0.3943,0.4608,0.3983,0.4003
2001-05-01,0.5748,0.3534,0.8499,0.4865,0.4703,0.4343,0.4788,0.4613,0.4703
2001-06-01,0.5610,0.3629,0.7808,0.4444,0.4303,0.4143,0.4728,0.3622,0.4303
2001-07-01,0.5774,0.3531,0.7635,0.5092,0.4903,0.4643,0.5108,0.4227,0.4903
2001-08-01,0.5734,0.3539,0.8336,0.5003,0.3803,0.4043,0.4648,0.3923,0.4043
2001-09-01,0.5747,0.3521,0.7880,0.4900,0.4203,0.4243,0.4678,0.3699,0.4243
2001-10-01,0.5435,0.3002,0.8160,0.4623,0.4003,0.3543,0.4658,0.3862,0.4003
2001-11-01,0.5443,0.2590,0.8324,0.6869,0.6203,0.5443,0.6248,0.6345,0.6248
2001-12-01,0.5632,0.3147,0.8980,0.5358,0.4503,0.4643,0.5638,0.6012,0.5358
2002-01-01,0.6152,0.3128,0.9291,0.6424,0.6703,0.5543,0.6288,0.6959,0.6424
2002-02-01,0.5816,0.2540,1.0869,0.6370,0.6803,0.5343,0.5808,0.5986,0.5986
2002-03-01,0.5697,0.1719,0.8892,0.7900,0.7803,0.6943,0.7768,0.7861,0.7803
2002-04-01,0.5655,0.2922,0.8698,0.5602,0.4803,0.4043,0.5228,0.4881,0.4881
2002-05-01,0.5507,0.2727,0.7963,0.4995,0.5403,0.4943,0.5718,0.5871,0.5403
2002-06-01,0.5704,0.2395,0.8501,0.4449,0.4303,0.4243,0.5268,0.4963,0.4449
2002-07-01,0.5808,0.3168,0.9045,0.5685,0.5103,0.4943,0.5608,0.4770,0.5103
2002-08-01,0.5730,0.3277,0.8630,0.4969,0.4303,0.4243,0.4788,0.3967,0.4303
2002-09-01,0.5670,0.4206,0.8925,0.4993,0.5403,0.4443,0.5578,0.4533,0.4993
2002-10-01,0.5811,0.3139,0.8196,0.4973,0.4403,0.4343,0.5258,0.4112,0.4403
2002-11-01,0.5772,0.3287,0.8359,0.4886,0.4903,0.4343,0.5078,0.4802,0.4886
2002-12-01,0.5805,0.2926,0.8213,0.3417,0.3403,0.3643,0.4528,0.4489,0.3643
2003-01-01,0.6091,0.2846,0.9724,0.6526,0.6503,0.5543,0.6618,0.7072,0.6526
2003-02-01,0.5926,0.3679,0.9119,0.4854,0.4803,0.4743,0.4748,0.5191,0.4803
2003-03-01,0.5545,0.2843,0.8134,0.4791,0.5003,0.4443,0.4528,0.4290,0.4528
2003-04-01,0.5765,0.3039,0.8540,0.4690,0.4503,0.4343,0.4708,0.4316,0.4503
2003-05-01,0.5692,0.2860,0.8752,0.5176,0.5003,0.4443,0.5168,0.4934,0.5003
2003-06-01,0.5669,0.3112,0.8494,0.4217,0.3803,0.3543,0.4028,0.3344,0.3803
2003-07-01,0.5720,0.3719,0.8072,0.4832,0.4803,0.4243,0.4728,0.3959,0.4728
2003-08-01,0.5557,0.2715,0.8232,0.6121,0.5403,0.4943,0.5968,0.4891,0.5403
2003-09-01,0.5880,0.2748,0.8817,0.5703,0.5203,0.5243,0.6158,0.5218,0.5243
2003-10-01,0.5681,0.3472,0.8204,0.6535,0.6203,0.5943,0.6928,0.5963,0.6203
2003-11-01,0.5763,0.3120,0.8637,0.4910,0.4303,0.4243,0.4788,0.4976,0.4788
2003-12-01,0.5688,0.2600,0.8932,0.6512,0.6503,0.5943,0.6898,0.7484,0.6512
2004-01-01,0.5801,0.2621,0.8957,0.5031,0.4803,0.4743,0.5168,0.5589,0.5031
2004-02-01,0.5965,0.2275,0.8263,0.6314,0.6203,0.5643,0.6148,0.6244,0.6203
2004-03-01,0.5947,0.3377,0.8901,0.5235,0.5303,0.5243,0.5148,0.5839,0.5243
2004-04-01,0.5924,0.3314,0.8311,0.5195,0.5103,0.4643,0.5408,0.5373,0.5195
2004-05-01,0.5774,0.2754,0.8569,0.3495,0.2703,0.2643,0.2838,0.2968,0.2838
2004-06-01,0.5823,0.3082,0.8957,0.3101,0.3403,0.2943,0.3688,0.3798,0.3403
2004-07-01,0.5912,0.3615,0.8840,0.2393,0.1603,0.2243,0.2398,0.1673,0.2243
2004-08-01,0.5904,0.3673,0.8503,0.4599,0.3503,0.3643,0.3978,0.2816,0.3643
2004-09-01,0.5918,0.3595,0.8495,0.4612,0.4003,0.4143,0.4808,0.4081,0.4143
2004-10-01,0.6018,0.3317,0.8450,0.5183,0.5103,0.4843,0.5568,0.4989,0.5103
2004-11-01,0.6077,0.3354,0.8939,0.6465,0.6303,0.5543,0.6098,0.6061,0.6098
2004-12-01,0.6326,0.3030,0.9378,0.4101,0.4103,0.3943,0.4328,0.4754,0.4103
2005-01-01,0.6343,0.3189,1.1045,0.6444,0.6503,0.6443,0.6508,0.7482,0.6503
2005-02-01,0.6629,0.4124,0.9816,0.5289,0.5003,0.4943,0.5618,0.6126,0.5289
2005-03-01,0.6400,0.3792,0.9770,0.6414,0.6403,0.6043,0.6568,0.6836,0.6414
2005-04-01,0.6378,0.3553,1.1430,0.6263,0.5703,0.5443,0.6158,0.6222,0.6158
2005-05-01,0.6350,0.3789,0.9755,0.5500,0.5303,0.5043,0.5728,0.5767,0.5500
2005-06-01,0.6337,0.3888,0.9275,0.5679,0.5503,0.5243,0.6238,0.5496,0.5503
2005-07-01,0.6227,0.3422,0.9398,0.5551,0.5103,0.4743,0.5858,0.5284,0.5284
2005-08-01,0.6395,0.3914,1.0474,0.5837,0.5003,0.4543,0.5778,0.4729,0.5003
2005-09-01,0.6238,0.3531,0.9313,0.6315,0.6203,0.5543,0.6448,0.5777,0.6203
2005-10-01,0.6239,0.3525,0.9202,0.6808,0.6603,0.5843,0.7528,0.6639,0.6639
2005-11-01,0.6327,0.2926,1.1186,0.6374,0.6403,0.6143,0.6708,0.6664,0.6403
2005-12-01,0.6085,0.2850,0.9796,0.5954,0.5803,0.5843,0.6698,0.6722,0.5954
2006-01-01,0.6647,0.3247,1.1095,0.4977,0.4603,0.4643,0.5218,0.5569,0.4977
2006-02-01,0.6480,0.1544,1.1181,0.6388,0.6403,0.6243,0.6828,0.6960,0.6403
2006-03-01,0.6300,0.2269,1.1156,0.5355,0.5303,0.5243,0.5628,0.5837,0.5355
2006-04-01,0.6196,0.2810,1.0417,0.4799,0.3703,0.4143,0.4638,0.4818,0.4638
2006-05-01,0.6403,0.3798,1.0090,0.4680,0.3803,0.4243,0.4378,0.4355,0.4355
2006-06-01,0.6498,0.3549,1.0629,0.5730,0.5703,0.4943,0.6038,0.5543,0.5703
2006-07-01,0.6313,0.3485,1.0272,0.4776,0.4403,0.4243,0.4808,0.4464,0.4464
2006-08-01,0.6346,0.2911,0.9684,0.6322,0.6103,0.5543,0.6428,0.5142,0.6103
2006-09-01,0.6301,0.3475,0.9934,0.5463,0.5603,0.5243,0.5588,0.4963,0.5463
2006-10-01,0.6453,0.3868,1.0336,0.6106,0.6103,0.5443,0.6448,0.6301,0.6106
2006-11-01,0.6709,0.4138,1.0244,0.6566,0.6303,0.5343,0.6238,0.6360,0.6303
2006-12-01,0.6514,0.3509,1.0609,0.7102,0.6903,0.6443,0.7408,0.7664,0.7102
2007-01-01,0.6597,0.2742,1.0354,0.8919,0.9103,0.7643,0.8608,0.9639,0.8919
2007-02-01,0.6557,0.3301,0.9334,0.6334,0.6003,0.5643,0.6458,0.6946,0.6334
2007-03-01,0.6510,0.4005,0.9892,0.5870,0.6103,0.5443,0.5728,0.5957,0.5870
2007-04-01,0.6542,0.3434,0.9987,0.7224,0.6703,0.6443,0.7328,0.7254,0.7224
2007-05-01,0.6424,0.3032,0.9742,0.5749,0.5903,0.5043,0.5778,0.5910,0.5778
2007-06-01,0.6201,0.3381,0.8805,0.4986,0.5103,0.4543,0.5268,0.4494,0.4986
2007-07-01,0.6004,0.3731,0.8144,0.5618,0.5003,0.4643,0.5628,0.4495,0.5003
2007-08-01,0.6336,0.4210,0.8822,0.5805,0.5003,0.4343,0.4918,0.4244,0.4918
2007-09-01,0.6116,0.3579,0.8521,0.5075,0.5003,0.4643,0.4488,0.3582,0.4643
2007-10-01,0.6241,0.4178,0.9425,0.5546,0.4903,0.4643,0.5698,0.4781,0.4903
2007-11-01,0.6298,0.3784,0.8977,0.5305,0.4903,0.4243,0.4888,0.4962,0.4903
2007-12-01,0.6053,0.3813,0.9821,0.4126,0.4003,0.3443,0.4178,0.4819,0.4126
2008-01-01,0.6403,0.4224,0.8442,0.2072,0.2003,0.1343,0.1688,0.2727,0.2003
2008-02-01,0.6433,0.3057,1.0513,0.2642,0.2803,0.1943,0.2268,0.2767,0.2642
2008-03-01,0.6358,0.3931,0.9019,0.6081,0.6503,0.5743,0.5528,0.6139,0.6081
2008-04-01,0.6331,0.3566,0.8893,0.4450,0.4403,0.3843,0.4458,0.4250,0.4403
2008-05-01,0.6323,0.4146,0.9356,0.4301,0.4003,0.3843,0.4308,0.4021,0.4021
2008-06-01,0.6311,0.3889,0.8993,0.3805,0.4003,0.3443,0.4068,0.2748,0.3805
2008-07-01,0.6314,0.3738,0.9186,0.5336,0.5003,0.4543,0.5248,0.4196,0.5003
2008-08-01,0.6444,0.4078,0.9735,0.4536,0.3503,0.4043,0.4648,0.3642,0.4043
2008-09-01,0.6316,0.3667,0.9350,0.5467,0.5003,0.4643,0.5138,0.4181,0.5003
2008-10-01,0.6539,0.2706,1.0124,0.5908,0.5703,0.5443,0.6078,0.5294,0.5703
2008-11-01,0.6626,0.3538,0.9446,0.6201,0.5903,0.5543,0.5838,0.5864,0.5864
2008-12-01,0.6401,0.3000,0.9725,0.4634,0.4403,0.4643,0.4798,0.5272,0.4643
2009-01-01,0.6760,0.3732,0.9775,0.5839,0.5503,0.5443,0.5838,0.6604,0.5838
2009-02-01,0.6778,0.3424,1.0282,0.4622,0.4303,0.4143,0.4738,0.5718,0.4622
2009-03-01,0.6438,0.3488,0.9754,0.4414,0.4303,0.4043,0.3898,0.4739,0.4303
2009-04-01,0.6507,0.3278,0.9418,0.5227,0.5103,0.4343,0.4958,0.4916,0.4958
2009-05-01,0.6661,0.3243,0.9351,0.5488,0.5503,0.4943,0.5248,0.5031,0.5248
2009-06-01,0.6528,0.3700,0.9730,0.6229,0.5303,0.5443,0.6208,0.4775,0.5443
2009-07-01,0.6636,0.3684,1.0205,0.6790,0.6403,0.5943,0.7058,0.5808,0.6403
2009-08-01,0.6762,0.3557,0.9759,0.6205,0.5903,0.5643,0.6218,0.4884,0.5903
2009-09-01,0.6786,0.3596,1.0125,0.6779,0.6203,0.6243,0.6208,0.5518,0.6208
2009-10-01,0.6926,0.4077,0.9853,0.6188,0.5503,0.5543,0.6358,0.5722,0.5722
2009-11-01,0.7220,0.4244,0.9819,0.6957,0.7003,0.6143,0.6898,0.6758,0.6898
2009-12-01,0.6807,0.3228,1.0043,0.6330,0.5703,0.5643,0.6568,0.6391,0.6330
2010-01-01,0.7247,0.3508,1.0466,0.7096,0.6503,0.6243,0.7038,0.7944,0.7038
2010-02-01,0.7210,0.3782,1.0879,0.7830,0.7403,0.6943,0.7788,0.8287,0.7788
2010-03-01,0.7243,0.4462,1.0095,0.8569,0.8203,0.7643,0.7878,0.8640,0.8203
2010-04-01,0.7097,0.4352,1.0334,0.8261,0.7503,0.7343,0.8198,0.8041,0.8041
2010-05-01,0.6994,0.3363,0.9738,0.7109,0.6503,0.6343,0.6758,0.7054,0.6758
2010-06-01,0.7145,0.4204,0.9617,0.6456,0.5803,0.5643,0.6198,0.5597,0.5803
2010-07-01,0.6988,0.4124,0.9756,0.6141,0.5303,0.5243,0.5728,0.4951,0.5303
2010-08-01,0.7087,0.3979,0.9771,0.6108,0.5703,0.5043,0.6168,0.4894,0.5703
2010-09-01,0.7190,0.4011,1.0340,0.5618,0.5303,0.5143,0.5698,0.5470,0.5470
2010-10-01,0.7229,0.4377,1.0837,0.6400,0.6103,0.5443,0.6678,0.6085,0.6103
2010-11-01,0.7215,0.4081,1.0898,0.7299,0.7103,0.6343,0.6688,0.6687,0.6688
2010-12-01,0.7248,0.4083,1.0496,0.4310,0.3503,0.3743,0.4588,0.4693,0.4310
2011-01-01,0.7529,0.3968,1.0930,0.4548,0.4203,0.4343,0.4658,0.5103,0.4548
2011-02-01,0.7080,0.4445,1.0692,0.4260,0.3703,0.3943,0.4468,0.4305,0.4260
2011-03-01,0.7186,0.4307,1.0941,0.5512,0.5503,0.5243,0.5478,0.5365,0.5478
2011-04-01,0.7273,0.5004,1.0532,0.5930,0.5403,0.5343,0.5748,0.5652,0.5652
2011-05-01,0.7082,0.4523,0.9948,0.4397,0.4303,0.4243,0.4538,0.4653,0.4397
2011-06-01,0.7296,0.4249,1.0112,0.5434,0.5203,0.4843,0.5838,0.4935,0.5203
2011-07-01,0.7214,0.3777,1.0150,0.6421,0.6103,0.5643,0.6658,0.5862,0.6103
2011-08-01,0.7074,0.3754,1.0042,0.6527,0.6403,0.5643,0.6538,0.5540,0.6403
2011-09-01,0.7144,0.4358,0.9742,0.5377,0.4603,0.4943,0.5118,0.4954,0.4954
2011-10-01,0.7319,0.4592,1.0396,0.5756,0.5503,0.5243,0.5958,0.5218,0.5503
2011-11-01,0.7051,0.3509,0.9575,0.5088,0.5003,0.4243,0.4788,0.4402,0.4788
2011-12-01,0.7166,0.3189,1.0977,0.4909,0.5003,0.4643,0.4928,0.5330,0.4928
2012-01-01,0.7521,0.3817,1.1420,0.3684,0.3703,0.3743,0.3478,0.4351,0.3703
2012-02-01,0.7604,0.4033,1.1702,0.4598,0.3803,0.3943,0.4098,0.4184,0.4098
2012-03-01,0.7515,0.2912,1.1212,0.4205,0.4703,0.4043,0.3838,0.4589,0.4205
2012-04-01,0.7318,0.4425,1.0612,0.6076,0.6303,0.5843,0.6078,0.6059,0.6076
2012-05-01,0.7334,0.5077,1.0185,0.6539,0.6803,0.6143,0.6608,0.6806,0.6608
2012-06-01,0.7224,0.4779,1.0046,0.6281,0.5503,0.5643,0.6398,0.5926,0.5926
2012-07-01,0.7201,0.4727,1.0044,0.5688,0.4903,0.4943,0.4968,0.4834,0.4943
2012-08-01,0.7461,0.4763,1.0972,0.6466,0.5603,0.5343,0.6048,0.5195,0.5603
2012-09-01,0.7563,0.4856,1.0282,0.6369,0.6203,0.6043,0.6368,0.5609,0.6203
2012-10-01,0.7297,0.4267,1.0092,0.7255,0.7003,0.6443,0.7708,0.7114,0.7114
2012-11-01,0.7420,0.4424,1.0186,0.7166,0.6803,0.6143,0.6948,0.7308,0.6948
2012-12-01,0.7554,0.4533,1.1450,0.4569,0.4303,0.3943,0.4678,0.5390,0.4569
2013-01-01,0.7726,0.4090,1.1454,0.6054,0.6103,0.5643,0.5948,0.7475,0.6054
2013-02-01,0.8205,0.5548,1.1417,0.5227,0.5203,0.4643,0.4998,0.6223,0.5203
2013-03-01,0.7981,0.4858,1.1659,0.5797,0.5703,0.5143,0.5218,0.6189,0.5703
2013-04-01,0.7878,0.5187,1.1197,0.5694,0.4303,0.4643,0.4978,0.5153,0.4978
2013-05-01,0.7688,0.5102,1.2070,0.5540,0.5003,0.5243,0.5358,0.5285,0.5285
2013-06-01,0.7730,0.4466,1.2109,0.6594,0.6003,0.5843,0.6208,0.5805,0.6003
2013-07-01,0.7803,0.5178,1.1924,0.5877,0.5003,0.4843,0.5038,0.4180,0.5003
2013-08-01,0.7706,0.4923,1.1926,0.6379,0.6003,0.5443,0.6068,0.4978,0.6003
2013-09-01,0.7862,0.5208,1.1543,0.7202,0.6703,0.6243,0.6828,0.6178,0.6703
2013-10-01,0.7934,0.5410,1.2819,0.6493,0.5903,0.5343,0.5818,0.5435,0.5818
2013-11-01,0.8071,0.5696,1.2621,0.7669,0.7303,0.6643,0.7248,0.6846,0.7248
2013-12-01,0.8360,0.5129,1.3626,0.6014,0.6003,0.5743,0.6178,0.6977,0.6014
2014-01-01,0.8415,0.5676,1.3031,0.6686,0.6603,0.6243,0.6428,0.7277,0.6603
2014-02-01,0.8245,0.4699,1.3801,0.4869,0.4503,0.4543,0.4738,0.5109,0.4738
2014-03-01,0.8550,0.5616,1.2321,0.6862,0.6803,0.6743,0.6228,0.6857,0.6803
2014-04-01,0.8510,0.5683,1.2873,0.7345,0.7103,0.6443,0.6758,0.6612,0.6758
2014-05-01,0.8236,0.5208,1.2361,0.7312,0.7703,0.6843,0.7118,0.6904,0.7118
2014-06-01,0.8070,0.5398,1.0949,0.6157,0.5703,0.5843,0.5808,0.5453,0.5808
2014-07-01,0.8016,0.5348,1.0972,0.5833,0.4803,0.5043,0.5348,0.5088,0.5088
2014-08-01,0.8056,0.4329,1.1472,0.7303,0.7303,0.6843,0.7268,0.5791,0.7268
2014-09-01,0.8296,0.5782,1.1274,0.7621,0.7803,0.6843,0.7518,0.6324,0.7518
2014-10-01,0.8237,0.5055,1.1185,0.7393,0.7003,0.6443,0.7428,0.6557,0.7003
2014-11-01,0.8273,0.3942,1.2122,0.6303,0.5703,0.5343,0.5598,0.5860,0.5703
2014-12-01,0.8515,0.5051,1.3241,0.6794,0.6903,0.6743,0.6868,0.7592,0.6868
2015-01-01,0.8273,0.4035,1.1541,0.7350,0.7603,0.6943,0.7198,0.7933,0.7350
2015-02-01,0.8017,0.4742,1.1156,0.7775,0.8103,0.7243,0.7558,0.8053,0.7775
2015-03-01,0.7959,0.4041,1.1544,0.7930,0.8603,0.7943,0.7548,0.8237,0.7943
2015-04-01,0.7923,0.4631,1.0948,0.6888,0.6503,0.6643,0.6948,0.6081,0.6643
2015-05-01,0.7866,0.4569,1.1386,0.7287,0.7003,0.6743,0.7298,0.6838,0.7003
2015-06-01,0.7914,0.5049,1.1516,0.7534,0.7203,0.7143,0.7368,0.6594,0.7203
2015-07-01,0.8268,0.5012,1.1259,0.7117,0.6303,0.6343,0.7208,0.5967,0.6343
2015-08-01,0.8116,0.4905,1.0861,0.8018,0.7003,0.6843,0.7938,0.6854,0.7003
2015-09-01,0.8166,0.4478,1.0653,0.8201,0.7403,0.7743,0.8018,0.7149,0.7743
2015-10-01,0.8186,0.4954,1.1638,1.0156,0.9803,0.9143,0.9968,0.9334,0.9803
2015-11-01,0.8439,0.4348,1.2006,0.9885,0.9603,0.8943,0.9168,0.9207,0.9207
2015-12-01,0.8547,0.5484,1.2615,1.0364,1.0703,0.9643,1.0668,1.1102,1.0668
2016-01-01,0.8655,0.4850,1.2902,1.0829,1.0803,1.0443,1.0808,1.1517,1.0808
2016-02-01,0.8649,0.4524,1.3110,1.2196,1.2703,1.1943,1.1898,1.2851,1.2196
2016-03-01,0.8501,0.4022,1.2449,1.1815,1.2503,1.1843,1.1598,1.2209,1.1843
2016-04-01,0.8484,0.5003,1.1792,1.0276,0.9903,0.9843,1.0178,1.0811,1.0178
2016-05-01,0.8255,0.4159,1.1567,0.8761,0.8603,0.8143,0.8888,0.9224,0.8761
2016-06-01,0.8625,0.5343,1.1571,0.7723,0.7103,0.6943,0.7888,0.7344,0.7344
2016-07-01,0.8442,0.4936,1.1027,0.7645,0.7403,0.7243,0.8228,0.8036,0.7645
2016-08-01,0.8397,0.5065,1.0986,0.9423,0.9103,0.8443,0.9438,0.8443,0.9103
2016-09-01,0.8514,0.4560,1.1278,0.8387,0.8003,0.8143,0.8468,0.8057,0.8143
2016-10-01,0.8591,0.6336,1.1180,0.8133,0.7703,0.7143,0.8858,0.8338,0.8133
2016-11-01,0.8637,0.5500,1.1437,0.8421,0.8103,0.7943,0.8648,0.9396,0.8421
2016-12-01,0.8514,0.6154,1.2100,0.7735,0.7603,0.7643,0.8458,0.9062,0.7735
2017-01-01,0.8941,0.5069,1.1745,0.9499,0.9203,0.9243,0.9348,1.0042,0.9348
2017-02-01,0.8657,0.5221,1.1423,1.0685,1.0303,0.9943,1.0448,1.1060,1.0448
2017-03-01,0.8730,0.5793,1.1629,1.0517,1.0603,0.9843,1.0688,1.0946,1.0603
2017-04-01,0.8575,0.5455,1.0894,0.8418,0.8403,0.8243,0.8558,0.8798,0.8418
2017-05-01,0.8515,0.5189,1.1190,0.7797,0.8103,0.7843,0.8448,0.8796,0.8103
2017-06-01,0.8467,0.4705,1.0787,0.6533,0.6103,0.6443,0.6788,0.6749,0.6533
2017-07-01,0.8639,0.5415,1.0956,0.7967,0.7203,0.7243,0.7608,0.7087,0.7243
2017-08-01,0.8661,0.5468,1.1408,0.8045,0.7703,0.7543,0.8118,0.7390,0.7703
2017-09-01,0.8805,0.5681,1.2457,0.7243,0.6403,0.7343,0.7098,0.7276,0.7243
2017-10-01,0.8674,0.5355,1.1945,0.8059,0.7803,0.7843,0.8288,0.8515,0.8059
2017-11-01,0.9061,0.4931,1.1840,0.7969,0.7703,0.7543,0.7488,0.7829,0.7703
2017-12-01,0.8783,0.6168,1.1642,0.8079,0.8303,0.8443,0.8318,0.9427,0.8318
2018-01-01,0.8857,0.6006,1.2079,0.7117,0.7203,0.7243,0.7238,0.8414,0.7238
2018-02-01,0.9071,0.4224,1.2375,0.7809,0.7503,0.7843,0.7658,0.8692,0.7809
2018-03-01,0.8994,0.5623,1.2656,0.7802,0.7803,0.7743,0.7558,0.8683,0.7802
2018-04-01,0.8690,0.4549,1.2079,0.8162,0.7803,0.7843,0.8188,0.8568,0.8162
2018-05-01,0.8399,0.5363,1.1622,0.7032,0.7103,0.7243,0.7238,0.7589,0.7238
2018-06-01,0.8416,0.5545,1.1652,0.7300,0.6703,0.6743,0.7248,0.6981,0.6981
2018-07-01,0.8387,0.5623,1.1835,0.7289,0.7403,0.6943,0.7668,0.7214,0.7289
2018-08-01,0.8694,0.6048,1.1858,0.7363,0.6803,0.6843,0.7428,0.6515,0.6843
2018-09-01,0.8580,0.5937,1.1922,0.6782,0.7003,0.6943,0.7018,0.6475,0.6943
2018-10-01,0.8710,0.4603,1.2231,0.8599,0.9203,0.8843,0.8878,0.8468,0.8843
2018-11-01,0.8704,0.5014,1.2134,0.7353,0.7303,0.7243,0.7218,0.7732,0.7303
2018-12-01,0.8850,0.5780,1.3557,0.8169,0.8303,0.8243,0.8408,0.9017,0.8303
2019-01-01,0.8809,0.4978,1.2830,0.8168,0.8303,0.8243,0.7978,0.8851,0.8243
2019-02-01,0.8759,0.5103,1.2858,0.8397,0.8603,0.8043,0.8318,0.9150,0.8397
2019-03-01,0.8928,0.5767,1.2090,1.0828,1.0703,1.0443,1.0368,1.1032,1.0703
2019-04-01,0.8890,0.5672,1.2369,0.9312,0.9103,0.9243,0.9408,0.9889,0.9312
2019-05-01,0.8697,0.4948,1.2298,0.7823,0.7603,0.8043,0.7958,0.8639,0.7958
2019-06-01,0.8673,0.4858,1.2291,0.8119,0.8003,0.7943,0.7928,0.8418,0.8003
2019-07-01,0.8679,0.4406,1.2848,0.8556,0.8403,0.8043,0.8558,0.8400,0.8403
2019-08-01,0.9044,0.5311,1.2496,0.8388,0.8503,0.8243,0.8428,0.7991,0.8388
2019-09-01,0.8966,0.4678,1.3024,0.8151,0.8303,0.8243,0.7808,0.8268,0.8243
2019-10-01,0.9135,0.5689,1.3983,0.9559,0.9003,0.9243,0.9938,0.9454,0.9454
2019-11-01,0.9165,0.4538,1.3821,0.9355,0.8903,0.8843,0.8818,0.9398,0.8903
2019-12-01,0.9051,0.5471,1.3527,1.0267,1.0203,1.0243,1.0188,1.1103,1.0243
2020-01-01,0.9226,0.5576,1.4257,1.0649,1.0803,1.0543,1.0538,1.1819,1.0649
2020-02-01,0.9059,0.5662,1.3128,1.1123,1.1403,1.0943,1.0828,1.1964,1.1123
2020-03-01,0.8847,0.4897,1.2224,1.0769,1.0803,1.0143,1.0118,1.0826,1.0769
2020-04-01,0.8999,0.4908,1.2887,1.0521,1.0203,1.0143,1.0628,1.0720,1.0521
2020-05-01,0.9006,0.5355,1.3503,0.9007,0.8903,0.8843,0.8878,0.9731,0.8903
2020-06-01,0.8964,0.6243,1.2763,0.8152,0.8103,0.8143,0.8438,0.8333,0.8152
2020-07-01,0.9030,0.5765,1.3037,0.8263,0.7903,0.7843,0.8598,0.7683,0.7903
2020-08-01,0.8983,0.6031,1.2863,0.8129,0.7603,0.7843,0.7988,0.7097,0.7843
2020-09-01,0.9156,0.6276,1.2307,0.8677,0.8603,0.8743,0.8568,0.8816,0.8677
2020-10-01,0.9463,0.6129,1.3179,0.8011,0.7703,0.7843,0.8248,0.8682,0.8011
2020-11-01,0.9573,0.4801,1.3166,1.0101,0.9903,0.9543,0.9998,1.0720,0.9998
2020-12-01,0.9467,0.5428,1.3738,0.6936,0.7003,0.7043,0.7428,0.8058,0.7043
2021-01-01,0.9739,0.6100,1.4100,0.7102,0.7203,0.7143,0.7258,0.8440,0.7203
2021-02-01,0.9750,0.5786,1.4715,0.5692,0.5403,0.5343,0.5478,0.6667,0.5478
2021-03-01,0.9779,0.6075,1.3831,0.7400,0.7903,0.7743,0.6898,0.7845,0.7743
2021-04-01,0.9773,0.6730,1.3112,0.7596,0.6603,0.6843,0.7178,0.7422,0.7178
2021-05-01,0.9424,0.6196,1.2654,0.7031,0.6903,0.7043,0.7358,0.7645,0.7043
2021-06-01,0.9223,0.6280,1.2812,0.7213,0.7503,0.7243,0.7408,0.6857,0.7243
2021-07-01,0.9305,0.6407,1.3495,0.7943,0.8203,0.7743,0.7888,0.7739,0.7888
2021-08-01,0.9311,0.5813,1.3408,0.8113,0.7103,0.7543,0.8248,0.7541,0.7543
2021-09-01,0.9405,0.6070,1.3041,0.8764,0.8203,0.8143,0.8548,0.8495,0.8495
2021-10-01,0.9763,0.6484,1.3216,0.9291,0.8803,0.8643,0.9548,0.9135,0.9135
2021-11-01,0.9644,0.6713,1.3404,0.8666,0.8303,0.8143,0.8378,0.8809,0.8378
2021-12-01,0.9669,0.6209,1.4164,0.7590,0.7803,0.7643,0.7678,0.8930,0.7678
2022-01-01,0.9994,0.6464,1.4489,0.7845,0.8103,0.8043,0.7848,0.8780,0.8043
2022-02-01,0.9746,0.5716,1.3640,0.7581,0.7903,0.7843,0.7438,0.8363,0.7843
2022-03-01,0.9539,0.5886,1.3762,0.8906,0.9503,0.9543,0.9058,0.9889,0.9503
2022-04-01,0.9237,0.5346,1.3557,0.7722,0.7303,0.7643,0.7678,0.8349,0.7678
2022-05-01,0.9360,0.5334,1.3500,0.7544,0.7403,0.7043,0.7448,0.7629,0.7448
2022-06-01,0.9425,0.6160,1.3469,0.8500,0.8303,0.8043,0.8978,0.7810,0.8303
2022-07-01,0.9430,0.6106,1.3733,0.7815,0.8403,0.7843,0.8468,0.8204,0.8204
2022-08-01,0.9737,0.6932,1.3683,0.8763,0.8403,0.7943,0.8338,0.7387,0.8338
2022-09-01,0.9699,0.7099,1.4540,0.8165,0.7803,0.7543,0.8218,0.7975,0.7975
2022-10-01,0.9779,0.6859,1.4150,0.9514,0.8703,0.8443,0.9618,0.9010,0.9010
2022-11-01,1.0032,0.6838,1.5271,0.6714,0.6303,0.6443,0.6478,0.6970,0.6478
2022-12-01,1.0033,0.6305,1.5062,0.7434,0.7003,0.7143,0.8058,0.8415,0.7434
2023-01-01,1.0178,0.6491,1.6419,0.7867,0.7803,0.7643,0.7788,0.8471,0.7803
2023-02-01,1.0298,0.6523,1.4880,0.8880,0.8703,0.8943,0.8418,0.8991,0.8880
2023-03-01,0.9906,0.5822,1.3618,1.1315,1.1303,1.1043,1.1008,1.1066,1.1066
2023-04-01,0.9574,0.6012,1.3057,0.9231,0.8903,0.8743,0.9438,0.8722,0.8903
2023-05-01,0.9643,0.6829,1.2603,0.8800,0.8403,0.8443,0.8958,0.9025,0.8800
2023-06-01,0.9745,0.6360,1.3736,1.0621,0.9903,0.9443,1.0778,1.0041,1.0041
2023-07-01,0.9806,0.6663,1.3080,1.1635,1.0903,1.0443,1.2408,1.1670,1.1635
2023-08-01,0.9883,0.7244,1.3632,1.2139,1.0903,1.1243,1.2488,1.1526,1.1526
2023-09-01,1.0050,0.6862,1.3578,1.3520,1.3803,1.2843,1.3918,1.3784,1.3784
2023-10-01,1.0536,0.7309,1.4383,1.3273,1.2503,1.2343,1.3218,1.3419,1.3218
2023-11-01,1.0533,0.7478,1.4064,1.3453,1.3003,1.2843,1.3198,1.3887,1.3198
2023-12-01,1.0391,0.6934,1.3734,1.2643,1.2603,1.2343,1.3028,1.4158,1.2643
2024-01-01,1.0680,0.7056,1.5117,1.1555,1.1503,1.1743,1.1548,1.2987,1.1555
2024-02-01,1.0748,0.7428,1.5185,1.2939,1.3403,1.2743,1.2838,1.4075,1.2939
2024-03-01,1.0586,0.6086,1.4501,1.2386,1.3003,1.1943,1.1818,1.3230,1.2386
2024-04-01,1.0378,0.6672,1.4148,1.2194,1.2203,1.1443,1.1808,1.2219,1.2194
2024-05-01,1.0102,0.6993,1.3558,1.0660,1.0603,1.0343,1.0768,1.1590,1.0660
2024-06-01,1.0160,0.6514,1.5095,1.0988,1.1303,1.0543,1.1438,1.1474,1.1303
2024-07-01,1.0426,0.6244,1.4136,1.1418,1.1003,1.0643,1.1408,1.1232,1.1232
2024-08-01,1.0324,0.6278,1.3595,1.2229,1.2003,1.1243,1.1958,1.1546,1.1958
2024-09-01,1.0391,0.5851,1.3727,1.1563,1.1103,1.0943,1.1908,1.1758,1.1563
2024-10-01,1.0766,0.7190,1.3793,1.2145,1.2503,1.1943,1.2798,1.2910,1.2503
2024-11-01,1.1015,0.7256,1.4604,1.2221,1.2003,1.1843,1.2648,1.2633,1.2221
2024-12-01,1.1019,0.7368,1.5683,1.1230,1.1703,1.1343,1.2148,1.3294,1.1703
2025-01-01,1.0973,0.7809,1.4260,1.2594,1.2803,1.1943,1.2668,1.3875,1.2668
2025-02-01,1.0828,0.7534,1.4419,1.1214,1.1603,1.1043,1.1768,1.2337,1.1603
2025-03-01,1.0764,0.6693,1.3950,1.1958,1.2703,1.1943,1.1938,1.2451,1.1958
2025-04-01,1.0804,0.7222,1.3205,1.1069,1.1503,1.0743,1.1168,1.1530,1.1168
2025-05-01,1.0668,0.6876,1.3621,0.9610,0.9803,0.9443,0.9818,1.0378,0.9803
2025-06-01,1.0606,0.7620,1.4476,0.8876,0.9703,0.8443,0.9588,0.9472,0.9472
2025-07-01,1.0366,0.7448,1.4474,0.9496,0.9203,0.8343,0.9338,0.8920,0.9203
2025-08-01,1.0541,0.6565,1.3485,1.0214,1.0803,0.9343,1.0458,0.9330,1.0214
2025-09-01,1.0746,0.8160,1.4180,1.1174,1.1503,1.0143,1.1648,1.1103,1.1174
2025-10-01,1.1000,0.8271,1.4356,1.1005,1.0903,1.0243,1.1548,1.1874,1.1005
2025-11-01,1.0940,0.6636,1.5055,1.0985,1.1103,1.0043,1.1298,1.1838,1.1103
2025-12-01,1.0829,0.7432,1.4715,0.9643,0.9603,0.9043,1.0038,1.0573,0.9643
2026-01-01,1.1030,0.6723,1.6786,1.0195,0.9903,0.9743,1.0598,1.1117,1.0195
2026-02-01,1.1244,0.7047,1.6089,1.0824,1.1503,1.0443,1.1378,1.1382,1.1378
2026-03-01,1.0718,0.7589,1.4937,1.1200,1.2203,1.0943,1.0988,1.1261,1.1200
2026-04-01,1.0631,0.6408,1.5305,1.0750,1.0703,1.0243,1.0798,1.0753,1.0750
2026-05-01,1.0879,0.7192,1.5331,1.0239,1.0303,0.9543,1.0508,1.0576,1.0303
2026-06-01,1.0795,0.7721,1.5159,1.0753,1.0803,0.9943,1.1088,1.0314,1.0753
2026-07-01,1.1061,0.8130,1.5190,1.1007,1.1503,1.0843,1.1638,1.1140,1.1140
2026-08-01,1.0999,0.7107,1.5744,,1.3003,1.2043,1.3478,1.2883,1.2943
2026-09-01,1.1311,0.7688,1.5631,,,,,,
2026-10-01,1.1642,0.7329,1.5425,,,,,,
2026-11-01,1.1759,0.7420,1.6518,,,,,,
2026-12-01,1.1703,0.7368,1.5843,,,,,,
2027-01-01,1.1799,0.7459,1.7247,,,,,,
2027-02-01,1.1373,0.5932,1.6515,,,,,,
2027-03-01,1.1460,0.7054,1.7216,,,,,,
2027-04-01,1.1204,0.6494,1.6730,,,,,,
2027-05-01,1.1055,0.6706,1.6088,,,,,,
2027-06-01,1.0862,0.6754,1.5846,,,,,,
2027-07-01,1.0975,0.7189,1.7221,,,,,,
2027-08-01,1.1149,0.7452,1.5968,,,,,,
2027-09-01,1.1161,0.7157,1.5219,,,,,,
2027-10-01,1.1380,0.7473,1.5258,,,,,,
2027-11-01,1.1552,0.8038,1.6124,,,,,,
2027-12-01,1.1550,0.7619,1.6206,,,,,,
2028-01-01,1.1514,0.7988,1.5463,,,,,,
2028-02-01,1.1473,0.8000,1.5030,,,,,,
2028-03-01,1.1211,0.7726,1.4517,,,,,,
2028-04-01,1.1233,0.7933,1.3923,,,,,,
2028-05-01,1.1148,0.7668,1.4340,,,,,,
2028-06-01,1.1025,0.7219,1.4244,,,,,,
2028-07-01,1.1067,0.8370,1.3953,,,,,,
2028-08-01,1.1200,0.8305,1.5931,,,,,,
2028-09-01,1.1480,0.8590,1.6314,,,,,,
2028-10-01,1.1627,0.8151,1.6182,,,,,,
2028-11-01,1.1755,0.8085,1.6826,,,,,,
2028-12-01,1.1887,0.8153,1.5843,,,,,,
2029-01-01,1.1815,0.7530,1.6493,,,,,,
2029-02-01,1.1780,0.8269,1.5723,,,,,,
2029-03-01,1.1718,0.8263,1.6341,,,,,,
2029-04-01,1.1471,0.8170,1.5648,,,,,,
2029-05-01,1.1231,0.7448,1.4981,,,,,,
2029-06-01,1.1409,0.8157,1.5312,,,,,,
2029-07-01,1.1391,0.7956,1.5423,,,,,,
2029-08-01,1.1497,0.8399,1.5039,,,,,,
2029-09-01,1.1587,0.7843,1.5432,,,,,,
2029-10-01,1.1978,0.8739,1.6835,,,,,,
2029-11-01,1.2129,0.8484,1.6507,,,,,,
2029-12-01,1.2148,0.8209,1.7028,,,,,,
2030-01-01,1.1997,0.8620,1.5698,,,,,,
2030-02-01,1.1839,0.7073,1.6321,,,,,,
2030-03-01,1.1561,0.7734,1.5687,,,,,,
2030-04-01,1.1201,0.7232,1.5360,,,,,,
2030-05-01,1.1360,0.7481,1.5170,,,,,,
2030-06-01,1.1342,0.7243,1.5865,,,,,,
2030-07-01,1.1446,0.8231,1.5984,,,,,,
2030-08-01,1.1488,0.7627,1.6489,,,,,,
2030-09-01,1.1701,0.7102,1.6897,,,,,,
2030-10-01,1.2257,0.8361,1.6948,,,,,,
2030-11-01,1.2080,0.8622,1.6591,,,,,,
2030-12-01,1.2211,0.8521,1.6778,,,,,,
2031-01-01,1.2223,0.8736,1.6123,,,,,,
2031-02-01,1.2097,0.7544,1.7122,,,,,,
2031-03-01,1.2281,0.8513,1.7689,,,,,,
2031-04-01,1.1818,0.8226,1.7162,,,,,,
2031-05-01,1.1609,0.7870,1.6677,,,,,,
2031-06-01,1.1632,0.7661,1.6281,,,,,,
2031-07-01,1.1814,0.8552,1.6557,,,,,,
2031-08-01,1.1739,0.9070,1.6016,,,,,,
2031-09-01,1.2151,0.9883,1.6607,,,,,,
2031-10-01,1.2569,0.9272,1.6480,,,,,,
2031-11-01,1.2733,1.0002,1.6020,,,,,,
2031-12-01,1.2665,0.9827,1.6799,,,,,,
2032-01-01,1.2596,0.7725,1.5860,,,,,,
2032-02-01,1.2372,0.8444,1.6476,,,,,,
2032-03-01,1.2464,0.8612,1.6282,,,,,,
2032-04-01,1.2257,0.8549,1.6121,,,,,,
2032-05-01,1.1951,0.8133,1.5468,,,,,,
2032-06-01,1.2086,0.9037,1.6117,,,,,,
2032-07-01,1.2208,0.9375,1.5932,,,,,,
2032-08-01,1.2043,0.8081,1.5910,,,,,,
2032-09-01,1.2424,0.9054,1.6402,,,,,,
2032-10-01,1.2759,0.8314,1.7145,,,,,,
2032-11-01,1.2985,0.8124,1.7634,,,,,,
2032-12-01,1.2929,0.8449,1.8001,,,,,,
2033-01-01,1.2936,0.7641,1.7509,,,,,,
2033-02-01,1.2914,0.6651,1.8242,,,,,,
2033-03-01,1.2247,0.7371,1.6735,,,,,,
2033-04-01,1.2559,0.8915,1.7204,,,,,,
2033-05-01,1.2553,0.8615,1.6841,,,,,,
2033-06-01,1.2367,0.7818,1.7126,,,,,,
2033-07-01,1.2298,0.7158,1.7434,,,,,,
2033-08-01,1.2270,0.8286,1.6947,,,,,,
2033-09-01,1.2584,0.7433,1.7133,,,,,,
2033-10-01,1.2871,0.7729,1.7056,,,,,,
2033-11-01,1.3117,0.8541,1.8253,,,,,,
2033-12-01,1.3067,0.8319,1.8409,,,,,,
2034-01-01,1.3307,0.8767,1.8589,,,,,,
2034-02-01,1.2785,0.7368,1.7866,,,,,,
2034-03-01,1.2558,0.8573,1.8289,,,,,,
2034-04-01,1.2510,0.8343,1.8005,,,,,,
2034-05-01,1.2382,0.8953,1.6233,,,,,,
2034-06-01,1.2275,0.8140,1.7988,,,,,,
2034-07-01,1.2534,0.8738,1.8250,,,,,,
2034-08-01,1.2767,0.8182,1.8208,,,,,,
2034-09-01,1.2965,0.8714,1.7557,,,,,,
2034-10-01,1.3414,0.9139,1.8518,,,,,,
2034-11-01,1.3251,0.8731,1.8162,,,,,,
2034-12-01,1.3262,0.8713,1.8165,,,,,,
2035-01-01,1.3451,0.9693,1.8063,,,,,,
2035-02-01,1.2805,0.9277,1.7677,,,,,,
2035-03-01,1.2697,0.9446,1.7007,,,,,,
2035-04-01,1.2657,0.9024,1.6943,,,,,,
2035-05-01,1.2646,0.9315,1.6721,,,,,,
2035-06-01,1.2651,0.8767,1.7112,,,,,,
2035-07-01,1.2748,0.8683,1.8381,,,,,,
2035-08-01,1.2717,0.8203,1.8221,,,,,,
2035-09-01,1.2914,0.8434,1.7969,,,,,,
2035-10-01,1.3326,0.8557,1.7824,,,,,,
2035-11-01,1.3281,0.8312,1.7968,,,,,,
2035-12-01,1.3271,0.8189,1.8689,,,,,,
2036-01-01,1.3759,0.9187,1.9151,,,,,,
2036-02-01,1.3360,0.8420,1.8686,,,,,,
2036-03-01,1.2894,0.8336,1.7182,,,,,,
2036-04-01,1.3013,0.8409,1.8114,,,,,,
2036-05-01,1.2908,0.8149,1.8137,,,,,,
2036-06-01,1.2621,0.8120,1.8010,,,,,,
2036-07-01,1.2839,0.8101,1.7380,,,,,,
2036-08-01,1.3060,0.8940,1.7138,,,,,,
2036-09-01,1.3203,0.9034,1.7769,,,,,,
2036-10-01,1.3769,0.9422,1.9337,,,,,,
2036-11-01,1.4169,0.9372,1.8633,,,,,,
2036-12-01,1.4207,0.9455,2.0497,,,,,,
2037-01-01,1.4338,1.0037,1.9342,,,,,,
2037-02-01,1.4087,0.9457,1.8351,,,,,,
2037-03-01,1.3709,0.9428,1.8562,,,,,,
2037-04-01,1.3516,0.9347,1.7278,,,,,,
2037-05-01,1.3419,0.8830,1.7522,,,,,,
2037-06-01,1.3222,0.7691,1.7805,,,,,,
2037-07-01,1.3342,0.8404,1.8403,,,,,,
2037-08-01,1.3489,0.8425,1.8824,,,,,,
2037-09-01,1.3759,0.9749,1.8713,,,,,,
2037-10-01,1.3985,0.9745,2.0424,,,,,,
2037-11-01,1.4496,1.0160,2.0570,,,,,,
2037-12-01,1.4261,0.8712,1.8291,,,,,,
2038-01-01,1.4329,1.0552,1.9416,,,,,,
2038-02-01,1.4200,1.0250,1.8833,,,,,,
2038-03-01,1.3984,0.8658,1.9823,,,,,,
2038-04-01,1.3567,0.9378,1.8479,,,,,,
2038-05-01,1.3603,0.8796,1.8104,,,,,,
2038-06-01,1.3436,0.8559,1.9044,,,,,,
2038-07-01,1.3530,0.8533,1.9404,,,,,,
2038-08-01,1.3772,0.8927,1.8589,,,,,,
2038-09-01,1.3941,0.9286,1.7519,,,,,,
2038-10-01,1.3996,0.8940,1.7703,,,,,,
2038-11-01,1.4592,0.9764,1.8246,,,,,,
2038-12-01,1.4512,0.9449,1.8837,,,,,,
2039-01-01,1.3988,0.9823,1.8080,,,,,,
2039-02-01,1.3676,0.8581,1.8166,,,,,,
2039-03-01,1.3670,0.8481,1.8940,,,,,,
2039-04-01,1.3575,0.9660,1.8229,,,,,,
2039-05-01,1.3540,0.9414,1.8354,,,,,,
2039-06-01,1.3441,0.8902,1.7399,,,,,,
2039-07-01,1.3741,0.8702,1.7947,,,,,,
2039-08-01,1.3907,1.0151,1.8730,,,,,,
2039-09-01,1.4141,0.9613,1.8841,,,,,,
2039-10-01,1.4383,1.0362,1.9135,,,,,,
2039-11-01,1.4974,1.0522,2.0618,,,,,,
2039-12-01,1.4762,1.0517,1.9612,,,,,,
2040-01-01,1.4442,0.9944,1.9282,,,,,,
2040-02-01,1.4466,0.9527,1.8692,,,,,,
2040-03-01,1.4195,1.0177,2.0400,,,,,,
2040-04-01,1.3994,1.0568,1.8696,,,,,,
2040-05-01,1.3983,0.9682,1.9083,,,,,,
2040-06-01,1.3828,0.9113,1.8334,,,,,,
2040-07-01,1.3846,0.9363,1.9058,,,,,,
2040-08-01,1.4028,0.9721,1.9475,,,,,,
2040-09-01,1.4470,1.0284,2.0123,,,,,,
2040-10-01,1.4881,1.0046,2.0426,,,,,,
2040-11-01,1.5039,1.0460,2.0137,,,,,,
2040-12-01,1.4916,1.0602,2.1071,,,,,,
