# Climate models vs observations — CMIP5 (RCP4.5), baseline 1971-2000
# Climate Dashboard (https://github.com/hausfath/climate-dashboard) — regenerated daily; this file: 2026-08-13
# Monthly means, all series referenced to 1971-2000. model_mean/p05/p95: ensemble mean and 5th-95th percentile across members.
# Observation columns: HadCRUT5, GISTEMP, NOAA, Berkeley Earth, ERA5 (C3S).
# The dashboard's 12-month view is a 12-month rolling mean of these monthly columns.
# All values in degrees Celsius unless a column says otherwise. Load with pandas.read_csv(..., comment='#').
date,model_mean_c,model_p05_c,model_p95_c,hadcrut5,gistemp,noaa,berkeley,copernicus,obs_median_c
1900-01-01,-0.4287,-0.8405,-0.0508,-0.6314,-0.5936,-0.5194,-0.4551,,-0.5565
1900-02-01,-0.4169,-0.7527,-0.0800,-0.3422,-0.2936,-0.1894,-0.1321,,-0.2415
1900-03-01,-0.3825,-0.7876,-0.0281,-0.3492,-0.2336,-0.3094,-0.3151,,-0.3123
1900-04-01,-0.3719,-0.7232,-0.0429,-0.3755,-0.3236,-0.3494,-0.3791,,-0.3625
1900-05-01,-0.3511,-0.7476,-0.0534,-0.4508,-0.3236,-0.3594,-0.4061,,-0.3828
1900-06-01,-0.3519,-0.6693,-0.0546,-0.3735,-0.3336,-0.2694,-0.3161,,-0.3249
1900-07-01,-0.3698,-0.7213,-0.0764,-0.3600,-0.3636,-0.3494,-0.4201,,-0.3618
1900-08-01,-0.3873,-0.7520,-0.0756,-0.3602,-0.3236,-0.3394,-0.4091,,-0.3498
1900-09-01,-0.4181,-0.6961,-0.1466,-0.3431,-0.2836,-0.3794,-0.3731,,-0.3581
1900-10-01,-0.4529,-0.7755,-0.1191,-0.2080,-0.1436,-0.2694,-0.2111,,-0.2096
1900-11-01,-0.4965,-0.8498,-0.1020,-0.4074,-0.3036,-0.3594,-0.3681,,-0.3638
1900-12-01,-0.5001,-0.8671,-0.0469,-0.3634,-0.3036,-0.2794,-0.2961,,-0.2999
1901-01-01,-0.4380,-0.9138,0.0786,-0.4143,-0.4536,-0.4294,-0.4501,,-0.4398
1901-02-01,-0.4554,-0.8395,-0.0220,-0.4086,-0.3436,-0.3894,-0.3601,,-0.3748
1901-03-01,-0.4352,-0.8149,0.0556,-0.3300,-0.1736,-0.1994,-0.3691,,-0.2647
1901-04-01,-0.4044,-0.7276,-0.0514,-0.3151,-0.2536,-0.2494,-0.3191,,-0.2843
1901-05-01,-0.3990,-0.7212,-0.0896,-0.3847,-0.3836,-0.3494,-0.2851,,-0.3665
1901-06-01,-0.3930,-0.7074,-0.0558,-0.4063,-0.3536,-0.3894,-0.3881,,-0.3888
1901-07-01,-0.3644,-0.7452,-0.1005,-0.4960,-0.3736,-0.3794,-0.4221,,-0.4008
1901-08-01,-0.3736,-0.7017,-0.0779,-0.3616,-0.4336,-0.3594,-0.4291,,-0.3954
1901-09-01,-0.4139,-0.7352,-0.0681,-0.5064,-0.4536,-0.4594,-0.5061,,-0.4828
1901-10-01,-0.4627,-0.7152,-0.1780,-0.4858,-0.5236,-0.5094,-0.5311,,-0.5165
1901-11-01,-0.4829,-0.7887,-0.1091,-0.5239,-0.4036,-0.4394,-0.5441,,-0.4817
1901-12-01,-0.4669,-0.7958,-0.0553,-0.6159,-0.5036,-0.3494,-0.4481,,-0.4759
1902-01-01,-0.4219,-0.7713,-0.0315,-0.5754,-0.3936,-0.4494,-0.4891,,-0.4693
1902-02-01,-0.4089,-0.7341,-0.0253,-0.3744,-0.3236,-0.3094,-0.3361,,-0.3299
1902-03-01,-0.4214,-0.6544,-0.0902,-0.6060,-0.5036,-0.5494,-0.5951,,-0.5723
1902-04-01,-0.4350,-0.7450,-0.0716,-0.5946,-0.5136,-0.4894,-0.5611,,-0.5374
1902-05-01,-0.4063,-0.6908,-0.1100,-0.5849,-0.5536,-0.4594,-0.5561,,-0.5549
1902-06-01,-0.4091,-0.7593,-0.0592,-0.6003,-0.5436,-0.3994,-0.5641,,-0.5539
1902-07-01,-0.3916,-0.7065,-0.0474,-0.5612,-0.5136,-0.3994,-0.5671,,-0.5374
1902-08-01,-0.3876,-0.7567,-0.1017,-0.5807,-0.5336,-0.4394,-0.6211,,-0.5571
1902-09-01,-0.4236,-0.7343,-0.0643,-0.5233,-0.5236,-0.4894,-0.5681,,-0.5234
1902-10-01,-0.4751,-0.8661,-0.1332,-0.6475,-0.5336,-0.5194,-0.7041,,-0.5905
1902-11-01,-0.5327,-0.8892,-0.2162,-0.7042,-0.6036,-0.5394,-0.6701,,-0.6369
1902-12-01,-0.5751,-0.9598,-0.1837,-0.6993,-0.6536,-0.5794,-0.6591,,-0.6564
1903-01-01,-0.5722,-1.0151,-0.2084,-0.5728,-0.4836,-0.4494,-0.4561,,-0.4699
1903-02-01,-0.5825,-1.0061,-0.1634,-0.3849,-0.2936,-0.4894,-0.4791,,-0.4320
1903-03-01,-0.5592,-0.9952,-0.1267,-0.5564,-0.4636,-0.4294,-0.4871,,-0.4754
1903-04-01,-0.5676,-0.9339,-0.2559,-0.7401,-0.6436,-0.6794,-0.7781,,-0.7098
1903-05-01,-0.5613,-1.0022,-0.2874,-0.6640,-0.6336,-0.5294,-0.6501,,-0.6419
1903-06-01,-0.5768,-1.0314,-0.2349,-0.6997,-0.6636,-0.5394,-0.6111,,-0.6374
1903-07-01,-0.5987,-1.1263,-0.2048,-0.6614,-0.5836,-0.5894,-0.6991,,-0.6254
1903-08-01,-0.6226,-1.1118,-0.2572,-0.7609,-0.6836,-0.6394,-0.8881,,-0.7222
1903-09-01,-0.6298,-1.0853,-0.2990,-0.7214,-0.7236,-0.6494,-0.7311,,-0.7225
1903-10-01,-0.6810,-1.2155,-0.2345,-0.8241,-0.6936,-0.7094,-0.7691,,-0.7393
1903-11-01,-0.7076,-1.1812,-0.3772,-0.7813,-0.6536,-0.5694,-0.7911,,-0.7174
1903-12-01,-0.7126,-1.1164,-0.2757,-0.8584,-0.7436,-0.7494,-0.7831,,-0.7663
1904-01-01,-0.6322,-0.9773,-0.1986,-0.9473,-0.8736,-0.8494,-0.9091,,-0.8914
1904-02-01,-0.5953,-1.0555,-0.0888,-0.9171,-0.8236,-0.7694,-0.8971,,-0.8604
1904-03-01,-0.6035,-1.0426,-0.2037,-0.8441,-0.7436,-0.5594,-0.7391,,-0.7414
1904-04-01,-0.5844,-0.9817,-0.2044,-0.7952,-0.7436,-0.7394,-0.7501,,-0.7469
1904-05-01,-0.5772,-0.9814,-0.3309,-0.7617,-0.7536,-0.6994,-0.7581,,-0.7559
1904-06-01,-0.5421,-0.9017,-0.2748,-0.7190,-0.7136,-0.6394,-0.7011,,-0.7074
1904-07-01,-0.5420,-0.9238,-0.1940,-0.7092,-0.7436,-0.6394,-0.7241,,-0.7167
1904-08-01,-0.5412,-0.9433,-0.2296,-0.6343,-0.7236,-0.6294,-0.7031,,-0.6687
1904-09-01,-0.5699,-0.9496,-0.2601,-0.7506,-0.7936,-0.6694,-0.7931,,-0.7719
1904-10-01,-0.6233,-1.0425,-0.1738,-0.7028,-0.6236,-0.5894,-0.6881,,-0.6559
1904-11-01,-0.6512,-1.0097,-0.2697,-0.5423,-0.4136,-0.4494,-0.5321,,-0.4908
1904-12-01,-0.6290,-1.0128,-0.2538,-0.6440,-0.5736,-0.4694,-0.6101,,-0.5919
1905-01-01,-0.5775,-1.0452,-0.2150,-0.6069,-0.5836,-0.5294,-0.6781,,-0.5952
1905-02-01,-0.5778,-1.0675,-0.2010,-0.8657,-0.8236,-0.7594,-0.8851,,-0.8446
1905-03-01,-0.5270,-0.8606,-0.1794,-0.6691,-0.4536,-0.4994,-0.7051,,-0.5843
1905-04-01,-0.5230,-0.9096,-0.1316,-0.7086,-0.5736,-0.5694,-0.7481,,-0.6411
1905-05-01,-0.4657,-0.8147,-0.1091,-0.5845,-0.5336,-0.4694,-0.5641,,-0.5489
1905-06-01,-0.4641,-0.8293,-0.1441,-0.4951,-0.5136,-0.3894,-0.4961,,-0.4956
1905-07-01,-0.4635,-0.8220,-0.1496,-0.5263,-0.4936,-0.3994,-0.4551,,-0.4744
1905-08-01,-0.4834,-0.8330,-0.1719,-0.4561,-0.4336,-0.4894,-0.5581,,-0.4728
1905-09-01,-0.5018,-0.8209,-0.1484,-0.4971,-0.4236,-0.5494,-0.5971,,-0.5233
1905-10-01,-0.5682,-0.9573,-0.2143,-0.4846,-0.4836,-0.5794,-0.5131,,-0.4989
1905-11-01,-0.5941,-0.9803,-0.2509,-0.3656,-0.3036,-0.4594,-0.5191,,-0.4125
1905-12-01,-0.5784,-0.9929,-0.2001,-0.4146,-0.3636,-0.5394,-0.4091,,-0.4119
1906-01-01,-0.5370,-0.9855,-0.0937,-0.4348,-0.5136,-0.5994,-0.4921,,-0.5029
1906-02-01,-0.5470,-0.9593,-0.1403,-0.5271,-0.5236,-0.4794,-0.5121,,-0.5179
1906-03-01,-0.4965,-0.9889,-0.1652,-0.4318,-0.4236,-0.4494,-0.3851,,-0.4277
1906-04-01,-0.4799,-0.9944,-0.1334,-0.2505,-0.2836,-0.2894,-0.2981,,-0.2865
1906-05-01,-0.4328,-0.9499,-0.1324,-0.5225,-0.4936,-0.4394,-0.5881,,-0.5080
1906-06-01,-0.4368,-0.9306,-0.1062,-0.3794,-0.4336,-0.3794,-0.4011,,-0.3903
1906-07-01,-0.4131,-0.9080,-0.0722,-0.4967,-0.4636,-0.3594,-0.4311,,-0.4474
1906-08-01,-0.4542,-0.8288,-0.1693,-0.4226,-0.4336,-0.4794,-0.5111,,-0.4565
1906-09-01,-0.4427,-0.8816,-0.0989,-0.5025,-0.5136,-0.4694,-0.5661,,-0.5080
1906-10-01,-0.4971,-0.9401,-0.1558,-0.4705,-0.4336,-0.4294,-0.4451,,-0.4394
1906-11-01,-0.5372,-0.9484,-0.1774,-0.6811,-0.6136,-0.5094,-0.5901,,-0.6019
1906-12-01,-0.5599,-0.9493,-0.1376,-0.4676,-0.3836,-0.2794,-0.4781,,-0.4256
1907-01-01,-0.4787,-0.8618,-0.1699,-0.6665,-0.6636,-0.5894,-0.6801,,-0.6650
1907-02-01,-0.4495,-0.7788,-0.0717,-0.7656,-0.7436,-0.7294,-0.7551,,-0.7494
1907-03-01,-0.4444,-0.8620,-0.1141,-0.5773,-0.5036,-0.5294,-0.5461,,-0.5378
1907-04-01,-0.4444,-0.8329,-0.1844,-0.6220,-0.6036,-0.6694,-0.6571,,-0.6396
1907-05-01,-0.4073,-0.7691,-0.0966,-0.7877,-0.6936,-0.6794,-0.7931,,-0.7406
1907-06-01,-0.4397,-0.7920,-0.1528,-0.6889,-0.6536,-0.6194,-0.6961,,-0.6712
1907-07-01,-0.4355,-0.8323,-0.1031,-0.5814,-0.5836,-0.5194,-0.6331,,-0.5825
1907-08-01,-0.4504,-0.8793,-0.0489,-0.6429,-0.5736,-0.5394,-0.6901,,-0.6082
1907-09-01,-0.4838,-0.8030,-0.1262,-0.5503,-0.5736,-0.5394,-0.6691,,-0.5619
1907-10-01,-0.5275,-0.9545,-0.2127,-0.4825,-0.4636,-0.4794,-0.4871,,-0.4810
1907-11-01,-0.5731,-0.9914,-0.1863,-0.6986,-0.7036,-0.6194,-0.7231,,-0.7011
1907-12-01,-0.5665,-1.0040,-0.1927,-0.7329,-0.7036,-0.6694,-0.6661,,-0.6865
1908-01-01,-0.4957,-1.0086,-0.0960,-0.6022,-0.6836,-0.7194,-0.7181,,-0.7009
1908-02-01,-0.4614,-0.8414,-0.1292,-0.5561,-0.5536,-0.4894,-0.6171,,-0.5548
1908-03-01,-0.4424,-0.7874,-0.0834,-0.8469,-0.7836,-0.7294,-0.8611,,-0.8152
1908-04-01,-0.4044,-0.7716,-0.0165,-0.7317,-0.6736,-0.7594,-0.8351,,-0.7456
1908-05-01,-0.3988,-0.7316,0.0299,-0.5881,-0.6036,-0.5994,-0.6781,,-0.6015
1908-06-01,-0.3993,-0.7770,0.0650,-0.5594,-0.6136,-0.5594,-0.6791,,-0.5865
1908-07-01,-0.4419,-0.8140,-0.1087,-0.5461,-0.5836,-0.5394,-0.5731,,-0.5596
1908-08-01,-0.4470,-0.7043,-0.1201,-0.6312,-0.6936,-0.6594,-0.7441,,-0.6765
1908-09-01,-0.4712,-0.7164,-0.1355,-0.5335,-0.5936,-0.6094,-0.6361,,-0.6015
1908-10-01,-0.5165,-0.8585,-0.1310,-0.7179,-0.6736,-0.6894,-0.6491,,-0.6815
1908-11-01,-0.5662,-0.9874,-0.2598,-0.7881,-0.7536,-0.6594,-0.7951,,-0.7708
1908-12-01,-0.5128,-0.7928,-0.2156,-0.7803,-0.7336,-0.6694,-0.7791,,-0.7564
1909-01-01,-0.4790,-0.7534,-0.0590,-0.9050,-0.9636,-0.8594,-0.9371,,-0.9211
1909-02-01,-0.4696,-0.7852,-0.1525,-0.6832,-0.6936,-0.6194,-0.7291,,-0.6884
1909-03-01,-0.4350,-0.7701,-0.1381,-0.8016,-0.7836,-0.7094,-0.8141,,-0.7926
1909-04-01,-0.3980,-0.7022,-0.1147,-0.7807,-0.8236,-0.6994,-0.8331,,-0.8021
1909-05-01,-0.3686,-0.6360,-0.0392,-0.7391,-0.7836,-0.6294,-0.7701,,-0.7546
1909-06-01,-0.3685,-0.6343,-0.0993,-0.6571,-0.7536,-0.6394,-0.7121,,-0.6846
1909-07-01,-0.4060,-0.6644,-0.1370,-0.6782,-0.6936,-0.6294,-0.7651,,-0.6859
1909-08-01,-0.3965,-0.6328,-0.1799,-0.4787,-0.5736,-0.5594,-0.5601,,-0.5598
1909-09-01,-0.4183,-0.7272,-0.1442,-0.5577,-0.6236,-0.5794,-0.6371,,-0.6015
1909-10-01,-0.4672,-0.7562,-0.1732,-0.6398,-0.6336,-0.5594,-0.6451,,-0.6367
1909-11-01,-0.4904,-0.8542,-0.1932,-0.5346,-0.5536,-0.5094,-0.6061,,-0.5441
1909-12-01,-0.5148,-0.8521,-0.2288,-0.7421,-0.7936,-0.6394,-0.6821,,-0.7121
1910-01-01,-0.4551,-0.8018,-0.2125,-0.5677,-0.6636,-0.5494,-0.6231,,-0.5954
1910-02-01,-0.4230,-0.7851,-0.0791,-0.6551,-0.6536,-0.6194,-0.6901,,-0.6543
1910-03-01,-0.4180,-0.7654,-0.0698,-0.7520,-0.7436,-0.6694,-0.7571,,-0.7478
1910-04-01,-0.3747,-0.6512,-0.0233,-0.6752,-0.6636,-0.6394,-0.7891,,-0.6694
1910-05-01,-0.3673,-0.7004,-0.1547,-0.6734,-0.5836,-0.5694,-0.6411,,-0.6124
1910-06-01,-0.3469,-0.6840,-0.1070,-0.7026,-0.6236,-0.5494,-0.7221,,-0.6631
1910-07-01,-0.3525,-0.6384,-0.1032,-0.5923,-0.5836,-0.5494,-0.5941,,-0.5879
1910-08-01,-0.3579,-0.7094,-0.0856,-0.5411,-0.6036,-0.5094,-0.6731,,-0.5723
1910-09-01,-0.3925,-0.7857,-0.1077,-0.5678,-0.6236,-0.5694,-0.6841,,-0.5965
1910-10-01,-0.4515,-0.7874,-0.1558,-0.6276,-0.6436,-0.6194,-0.6251,,-0.6264
1910-11-01,-0.4746,-0.8931,-0.1510,-0.8182,-0.8036,-0.5894,-0.8031,,-0.8034
1910-12-01,-0.4732,-0.8301,-0.1489,-0.8949,-0.9136,-0.7594,-0.8481,,-0.8715
1911-01-01,-0.4420,-0.8485,-0.0859,-0.8065,-0.8636,-0.7694,-0.7931,,-0.7998
1911-02-01,-0.4047,-0.8305,0.0017,-0.8567,-0.8136,-0.8294,-0.8961,,-0.8431
1911-03-01,-0.4157,-0.7982,-0.0832,-0.9149,-0.8436,-0.8294,-0.8411,,-0.8424
1911-04-01,-0.3849,-0.7096,-0.1055,-0.7922,-0.7736,-0.6194,-0.8161,,-0.7829
1911-05-01,-0.3694,-0.7548,-0.1280,-0.7917,-0.7536,-0.6794,-0.7481,,-0.7509
1911-06-01,-0.3600,-0.7519,0.0325,-0.7105,-0.7436,-0.6494,-0.7691,,-0.7270
1911-07-01,-0.3759,-0.6859,-0.0794,-0.6472,-0.6636,-0.6094,-0.7581,,-0.6554
1911-08-01,-0.3773,-0.6977,-0.0446,-0.6602,-0.6736,-0.5994,-0.7151,,-0.6669
1911-09-01,-0.4013,-0.7542,-0.0852,-0.6512,-0.6436,-0.5694,-0.7051,,-0.6474
1911-10-01,-0.4622,-0.8846,-0.1647,-0.5024,-0.5036,-0.4594,-0.4991,,-0.5008
1911-11-01,-0.4713,-0.8820,-0.1426,-0.4937,-0.4536,-0.4294,-0.4991,,-0.4736
1911-12-01,-0.4612,-0.8290,-0.1422,-0.4532,-0.4536,-0.4294,-0.3901,,-0.4413
1912-01-01,-0.4205,-0.8034,-0.0434,-0.4763,-0.5036,-0.5194,-0.4701,,-0.4899
1912-02-01,-0.4319,-0.7657,-0.0710,-0.4625,-0.3936,-0.4494,-0.4151,,-0.4323
1912-03-01,-0.3683,-0.7141,-0.0655,-0.7070,-0.6236,-0.6194,-0.6031,,-0.6215
1912-04-01,-0.3631,-0.6204,-0.1208,-0.4879,-0.4236,-0.4394,-0.5191,,-0.4637
1912-05-01,-0.3458,-0.7235,-0.0808,-0.4855,-0.4536,-0.4594,-0.5371,,-0.4725
1912-06-01,-0.3575,-0.6744,-0.0718,-0.4405,-0.4836,-0.4494,-0.4541,,-0.4518
1912-07-01,-0.3851,-0.7009,-0.1038,-0.6605,-0.6636,-0.5794,-0.5771,,-0.6200
1912-08-01,-0.4340,-0.7456,-0.1126,-0.7305,-0.7836,-0.6794,-0.7741,,-0.7523
1912-09-01,-0.4732,-0.8391,-0.1312,-0.7967,-0.8036,-0.6694,-0.7981,,-0.7974
1912-10-01,-0.5249,-0.9680,-0.2030,-0.8353,-0.8136,-0.7894,-0.7681,,-0.8015
1912-11-01,-0.5295,-0.9783,-0.1773,-0.7067,-0.6336,-0.4894,-0.6271,,-0.6304
1912-12-01,-0.5165,-0.9789,-0.1285,-0.7271,-0.6736,-0.5294,-0.6661,,-0.6699
1913-01-01,-0.5117,-0.9511,-0.1722,-0.6966,-0.6436,-0.5994,-0.7131,,-0.6701
1913-02-01,-0.4619,-0.8088,-0.1709,-0.6898,-0.6936,-0.5694,-0.7421,,-0.6917
1913-03-01,-0.4740,-0.8408,-0.2182,-0.7513,-0.6636,-0.6594,-0.7201,,-0.6919
1913-04-01,-0.4271,-0.7307,-0.1303,-0.6729,-0.6436,-0.6094,-0.5941,,-0.6265
1913-05-01,-0.4431,-0.7351,-0.1662,-0.6978,-0.6736,-0.6094,-0.7011,,-0.6857
1913-06-01,-0.4555,-0.8297,-0.1515,-0.6962,-0.6936,-0.5694,-0.6591,,-0.6764
1913-07-01,-0.4424,-0.7575,-0.1394,-0.6375,-0.6036,-0.5194,-0.6461,,-0.6205
1913-08-01,-0.4565,-0.7950,-0.1780,-0.5499,-0.5636,-0.4694,-0.6071,,-0.5567
1913-09-01,-0.4885,-0.7866,-0.2204,-0.5685,-0.5836,-0.5594,-0.6911,,-0.5760
1913-10-01,-0.5592,-0.9620,-0.2662,-0.5925,-0.5636,-0.5394,-0.5641,,-0.5639
1913-11-01,-0.5755,-0.8745,-0.2681,-0.5117,-0.4436,-0.4494,-0.4321,,-0.4465
1913-12-01,-0.5454,-0.8680,-0.1997,-0.3004,-0.2736,-0.2494,-0.2121,,-0.2615
1914-01-01,-0.5032,-0.7357,-0.2120,-0.2210,-0.2036,-0.3094,-0.3311,,-0.2652
1914-02-01,-0.4683,-0.7514,-0.1420,-0.4057,-0.3436,-0.3494,-0.4791,,-0.3776
1914-03-01,-0.4495,-0.6930,-0.0978,-0.5421,-0.4836,-0.4694,-0.6081,,-0.5128
1914-04-01,-0.4074,-0.7268,-0.0946,-0.5512,-0.5336,-0.4194,-0.5911,,-0.5424
1914-05-01,-0.3829,-0.6769,-0.1148,-0.4587,-0.4536,-0.3894,-0.5701,,-0.4561
1914-06-01,-0.4044,-0.6888,-0.1315,-0.4611,-0.4936,-0.3894,-0.5091,,-0.4773
1914-07-01,-0.4035,-0.7370,-0.1134,-0.4482,-0.4836,-0.4694,-0.4181,,-0.4588
1914-08-01,-0.3847,-0.6587,-0.0758,-0.3956,-0.4036,-0.4494,-0.4031,,-0.4034
1914-09-01,-0.4350,-0.7261,-0.2099,-0.4527,-0.4036,-0.4494,-0.5031,,-0.4511
1914-10-01,-0.4904,-0.7826,-0.1966,-0.2602,-0.2736,-0.2794,-0.2471,,-0.2669
1914-11-01,-0.5182,-0.7761,-0.2152,-0.3317,-0.3936,-0.2294,-0.3681,,-0.3499
1914-12-01,-0.4839,-0.7472,-0.1116,-0.3881,-0.2836,-0.2694,-0.3611,,-0.3224
1915-01-01,-0.4460,-0.7535,-0.1320,-0.4338,-0.4536,-0.4294,-0.4711,,-0.4437
1915-02-01,-0.4353,-0.7107,-0.0575,-0.3637,-0.2736,-0.3794,-0.4191,,-0.3716
1915-03-01,-0.3960,-0.7113,-0.0941,-0.3455,-0.3436,-0.2694,-0.2691,,-0.3065
1915-04-01,-0.3585,-0.6568,-0.0588,-0.2358,-0.1736,-0.1694,-0.3361,,-0.2047
1915-05-01,-0.3378,-0.6431,-0.0700,-0.3271,-0.2936,-0.2694,-0.2981,,-0.2959
1915-06-01,-0.3341,-0.6171,-0.0809,-0.3247,-0.4636,-0.3294,-0.3391,,-0.3343
1915-07-01,-0.3178,-0.5801,-0.0289,-0.3270,-0.3636,-0.2394,-0.3681,,-0.3453
1915-08-01,-0.3446,-0.6657,-0.0510,-0.2144,-0.4636,-0.2794,-0.3561,,-0.3178
1915-09-01,-0.3983,-0.7154,-0.1209,-0.2625,-0.4436,-0.3294,-0.4711,,-0.3865
1915-10-01,-0.4700,-0.7596,-0.1831,-0.4326,-0.4736,-0.4294,-0.3931,,-0.4310
1915-11-01,-0.4709,-0.7820,-0.1820,-0.3202,-0.3736,-0.2794,-0.3141,,-0.3172
1915-12-01,-0.4709,-0.8187,-0.1021,-0.5027,-0.4436,-0.4794,-0.4881,,-0.4838
1916-01-01,-0.4533,-0.7976,-0.1076,-0.4864,-0.3636,-0.3994,-0.4521,,-0.4258
1916-02-01,-0.4114,-0.8518,-0.1055,-0.4152,-0.3836,-0.4594,-0.3661,,-0.3994
1916-03-01,-0.3595,-0.6816,-0.0357,-0.5853,-0.5236,-0.4994,-0.5781,,-0.5509
1916-04-01,-0.3477,-0.6835,-0.1042,-0.5309,-0.5436,-0.4194,-0.5441,,-0.5372
1916-05-01,-0.3119,-0.5785,-0.0926,-0.5769,-0.5936,-0.4494,-0.5561,,-0.5665
1916-06-01,-0.3206,-0.6384,-0.0657,-0.6481,-0.7336,-0.4894,-0.6271,,-0.6376
1916-07-01,-0.3385,-0.7292,-0.0445,-0.5365,-0.6036,-0.5494,-0.5361,,-0.5430
1916-08-01,-0.3398,-0.6569,-0.0317,-0.4468,-0.5136,-0.4794,-0.5461,,-0.4965
1916-09-01,-0.3775,-0.7546,-0.0851,-0.4755,-0.5936,-0.5094,-0.6441,,-0.5515
1916-10-01,-0.4359,-0.8202,-0.1401,-0.5226,-0.5636,-0.5694,-0.7111,,-0.5665
1916-11-01,-0.4356,-0.8014,-0.1326,-0.6596,-0.7036,-0.7494,-0.7821,,-0.7265
1916-12-01,-0.4332,-0.7601,-0.0815,-0.9619,-1.0536,-0.8894,-0.9101,,-0.9360
1917-01-01,-0.4205,-0.8171,-0.0667,-0.8419,-0.8036,-0.7394,-0.8671,,-0.8227
1917-02-01,-0.4229,-0.7145,-0.0559,-0.8665,-0.8636,-0.8394,-0.9331,,-0.8650
1917-03-01,-0.3656,-0.6857,-0.0423,-0.9307,-0.8636,-0.9194,-1.0561,,-0.9251
1917-04-01,-0.3446,-0.6734,-0.0436,-0.6938,-0.7836,-0.6694,-0.7471,,-0.7205
1917-05-01,-0.3039,-0.6020,-0.0509,-0.7909,-0.7836,-0.7594,-0.8311,,-0.7872
1917-06-01,-0.3019,-0.6155,-0.0728,-0.6286,-0.6736,-0.5994,-0.6681,,-0.6484
1917-07-01,-0.3276,-0.7074,0.0010,-0.4077,-0.4936,-0.3894,-0.4681,,-0.4379
1917-08-01,-0.3332,-0.6402,0.0567,-0.4891,-0.4636,-0.4994,-0.5071,,-0.4943
1917-09-01,-0.3683,-0.7053,-0.0004,-0.4537,-0.4636,-0.4694,-0.4741,,-0.4665
1917-10-01,-0.4063,-0.7367,-0.1273,-0.6836,-0.6736,-0.6794,-0.6501,,-0.6765
1917-11-01,-0.4520,-0.7496,-0.1170,-0.6052,-0.5736,-0.6394,-0.7211,,-0.6223
1917-12-01,-0.4236,-0.6842,-0.0454,-0.9377,-0.9136,-0.8494,-0.9681,,-0.9256
1918-01-01,-0.4346,-0.7654,-0.0472,-0.6690,-0.7136,-0.7494,-0.7511,,-0.7315
1918-02-01,-0.3868,-0.6841,-0.0119,-0.8268,-0.5836,-0.7494,-0.8511,,-0.7881
1918-03-01,-0.3863,-0.7151,0.0067,-0.7324,-0.4936,-0.5894,-0.7411,,-0.6609
1918-04-01,-0.3344,-0.6838,-0.0644,-0.7769,-0.6736,-0.7294,-0.7191,,-0.7243
1918-05-01,-0.3344,-0.6301,-0.0609,-0.6775,-0.6636,-0.6494,-0.7141,,-0.6705
1918-06-01,-0.3144,-0.6300,-0.0426,-0.5394,-0.5936,-0.6494,-0.6331,,-0.6134
1918-07-01,-0.2976,-0.5606,-0.0287,-0.5209,-0.5536,-0.4894,-0.5381,,-0.5295
1918-08-01,-0.2756,-0.5054,0.0345,-0.5944,-0.5536,-0.5894,-0.6531,,-0.5919
1918-09-01,-0.3138,-0.5772,-0.0292,-0.4245,-0.4036,-0.4294,-0.4841,,-0.4270
1918-10-01,-0.3761,-0.6873,-0.0955,-0.2674,-0.2936,-0.3794,-0.3091,,-0.3014
1918-11-01,-0.4071,-0.7423,-0.1197,-0.3189,-0.3536,-0.4394,-0.3471,,-0.3504
1918-12-01,-0.4098,-0.6881,-0.0840,-0.5672,-0.5336,-0.4894,-0.4921,,-0.5129
1919-01-01,-0.3974,-0.7927,-0.0347,-0.3931,-0.4336,-0.3394,-0.4791,,-0.4133
1919-02-01,-0.4014,-0.8083,0.0204,-0.3861,-0.4636,-0.4894,-0.4301,,-0.4469
1919-03-01,-0.3786,-0.7445,-0.0007,-0.5438,-0.4436,-0.5394,-0.6171,,-0.5416
1919-04-01,-0.3357,-0.6957,-0.0539,-0.3595,-0.3636,-0.2594,-0.4201,,-0.3615
1919-05-01,-0.3286,-0.5978,-0.0487,-0.4627,-0.5136,-0.4194,-0.5101,,-0.4864
1919-06-01,-0.2984,-0.5271,-0.0384,-0.5197,-0.5936,-0.4694,-0.5531,,-0.5364
1919-07-01,-0.3009,-0.5821,-0.0357,-0.4709,-0.5236,-0.4794,-0.5791,,-0.5015
1919-08-01,-0.2995,-0.5118,-0.0217,-0.4081,-0.5636,-0.5094,-0.5891,,-0.5365
1919-09-01,-0.3269,-0.5461,-0.0564,-0.4445,-0.4836,-0.3894,-0.5761,,-0.4640
1919-10-01,-0.3607,-0.6580,0.0037,-0.4227,-0.4336,-0.5094,-0.5301,,-0.4715
1919-11-01,-0.3924,-0.6727,-0.0776,-0.7112,-0.6536,-0.5194,-0.6251,,-0.6394
1919-12-01,-0.3871,-0.6920,-0.0733,-0.6692,-0.6636,-0.5094,-0.6211,,-0.6424
1920-01-01,-0.3551,-0.6271,0.0329,-0.4257,-0.4836,-0.2894,-0.4491,,-0.4374
1920-02-01,-0.3439,-0.6175,-0.0310,-0.6949,-0.5036,-0.4594,-0.5491,,-0.5264
1920-03-01,-0.3302,-0.6956,-0.0123,-0.3188,-0.3536,-0.2994,-0.4131,,-0.3362
1920-04-01,-0.3039,-0.5118,-0.0908,-0.4921,-0.4736,-0.5094,-0.5031,,-0.4976
1920-05-01,-0.2942,-0.5735,0.0020,-0.4101,-0.5036,-0.3594,-0.4721,,-0.4411
1920-06-01,-0.2743,-0.5782,0.0264,-0.4029,-0.5936,-0.4094,-0.4351,,-0.4223
1920-07-01,-0.2786,-0.6155,0.0256,-0.4686,-0.5336,-0.4694,-0.5331,,-0.5013
1920-08-01,-0.2904,-0.5772,0.0727,-0.3839,-0.4936,-0.4594,-0.4571,,-0.4583
1920-09-01,-0.3245,-0.5608,0.0353,-0.3555,-0.4536,-0.4194,-0.3891,,-0.4043
1920-10-01,-0.3857,-0.6794,0.0039,-0.3724,-0.4936,-0.4194,-0.4181,,-0.4188
1920-11-01,-0.3861,-0.7067,0.0310,-0.4889,-0.5036,-0.4894,-0.4331,,-0.4892
1920-12-01,-0.3926,-0.7301,0.0584,-0.6419,-0.7036,-0.6294,-0.6111,,-0.6357
1921-01-01,-0.3389,-0.6968,0.0803,-0.3803,-0.2836,-0.3394,-0.4481,,-0.3599
1921-02-01,-0.3421,-0.7098,0.1075,-0.4455,-0.4136,-0.4894,-0.4441,,-0.4448
1921-03-01,-0.2904,-0.6017,0.1099,-0.4984,-0.4636,-0.4794,-0.5711,,-0.4889
1921-04-01,-0.2897,-0.5584,0.0187,-0.4443,-0.5336,-0.4694,-0.5191,,-0.4943
1921-05-01,-0.2817,-0.5690,0.0438,-0.4506,-0.5336,-0.4194,-0.5511,,-0.4921
1921-06-01,-0.2893,-0.6467,-0.0276,-0.3096,-0.5036,-0.3794,-0.4541,,-0.4168
1921-07-01,-0.2855,-0.6152,0.0412,-0.3023,-0.3836,-0.3594,-0.3291,,-0.3443
1921-08-01,-0.2880,-0.5892,0.0327,-0.4671,-0.4936,-0.4394,-0.4121,,-0.4533
1921-09-01,-0.3214,-0.6465,0.0273,-0.3473,-0.4236,-0.4294,-0.4341,,-0.4265
1921-10-01,-0.4085,-0.7485,-0.0682,-0.2796,-0.2636,-0.3594,-0.3081,,-0.2939
1921-11-01,-0.4212,-0.7230,-0.0317,-0.3438,-0.3836,-0.3394,-0.3731,,-0.3585
1921-12-01,-0.3795,-0.7220,-0.0844,-0.4306,-0.4136,-0.3594,-0.3661,,-0.3899
1922-01-01,-0.3654,-0.6837,0.0394,-0.5686,-0.5736,-0.4994,-0.5401,,-0.5544
1922-02-01,-0.3368,-0.6934,0.0376,-0.5559,-0.6836,-0.6294,-0.5731,,-0.6013
1922-03-01,-0.3118,-0.6869,0.0322,-0.4807,-0.3836,-0.4094,-0.4601,,-0.4348
1922-04-01,-0.2917,-0.5204,0.0080,-0.4451,-0.4636,-0.3994,-0.3951,,-0.4223
1922-05-01,-0.2747,-0.5509,0.0393,-0.6180,-0.5636,-0.5594,-0.5831,,-0.5734
1922-06-01,-0.2694,-0.5214,0.0683,-0.4469,-0.5436,-0.5294,-0.5741,,-0.5365
1922-07-01,-0.2631,-0.5874,0.0986,-0.4141,-0.5036,-0.5094,-0.4351,,-0.4694
1922-08-01,-0.2639,-0.5314,0.0461,-0.5042,-0.5636,-0.5694,-0.5671,,-0.5654
1922-09-01,-0.2766,-0.5484,0.0905,-0.4670,-0.5836,-0.5094,-0.5641,,-0.5368
1922-10-01,-0.3142,-0.6398,0.0957,-0.4975,-0.5436,-0.5094,-0.5221,,-0.5158
1922-11-01,-0.3998,-0.6941,-0.0379,-0.4046,-0.3736,-0.2994,-0.4741,,-0.3891
1922-12-01,-0.3755,-0.7240,0.0237,-0.4578,-0.4336,-0.3394,-0.5101,,-0.4457
1923-01-01,-0.3450,-0.6210,0.0200,-0.5538,-0.5036,-0.4894,-0.5101,,-0.5069
1923-02-01,-0.3109,-0.6645,0.0909,-0.6386,-0.6236,-0.5294,-0.6241,,-0.6239
1923-03-01,-0.2986,-0.6119,0.1094,-0.6099,-0.5736,-0.6094,-0.6411,,-0.6097
1923-04-01,-0.2669,-0.6198,0.0697,-0.5578,-0.6436,-0.5294,-0.5861,,-0.5720
1923-05-01,-0.2515,-0.5224,0.0808,-0.5511,-0.5636,-0.5094,-0.5141,,-0.5326
1923-06-01,-0.2612,-0.5798,0.1182,-0.4102,-0.5236,-0.4094,-0.4141,,-0.4122
1923-07-01,-0.2442,-0.5287,0.0354,-0.5646,-0.5436,-0.5694,-0.5181,,-0.5541
1923-08-01,-0.2591,-0.5464,0.0478,-0.4715,-0.5636,-0.5794,-0.5221,,-0.5429
1923-09-01,-0.2740,-0.5093,0.0657,-0.4839,-0.5436,-0.5294,-0.5481,,-0.5365
1923-10-01,-0.3343,-0.6849,-0.0232,-0.3187,-0.3636,-0.4194,-0.3141,,-0.3411
1923-11-01,-0.3847,-0.7372,-0.0612,-0.1753,-0.2536,-0.2394,-0.2201,,-0.2298
1923-12-01,-0.3909,-0.6989,-0.0328,-0.2422,-0.2636,-0.2694,-0.1891,,-0.2529
1924-01-01,-0.3512,-0.6996,0.0498,-0.4783,-0.4536,-0.4494,-0.4981,,-0.4659
1924-02-01,-0.3295,-0.6241,0.0452,-0.4599,-0.4636,-0.4394,-0.3991,,-0.4497
1924-03-01,-0.3039,-0.6412,0.0478,-0.3277,-0.3136,-0.3394,-0.3051,,-0.3206
1924-04-01,-0.2889,-0.6396,-0.0132,-0.4882,-0.5336,-0.4394,-0.5391,,-0.5109
1924-05-01,-0.2356,-0.5018,0.0649,-0.3620,-0.4136,-0.4094,-0.4101,,-0.4098
1924-06-01,-0.2360,-0.5510,0.0401,-0.4200,-0.4936,-0.4394,-0.4161,,-0.4297
1924-07-01,-0.2589,-0.5756,0.0626,-0.4465,-0.5236,-0.5394,-0.4911,,-0.5074
1924-08-01,-0.2861,-0.5405,0.0349,-0.4639,-0.5936,-0.5294,-0.6061,,-0.5615
1924-09-01,-0.2920,-0.5273,-0.0016,-0.4757,-0.5536,-0.5194,-0.5361,,-0.5278
1924-10-01,-0.3668,-0.6708,-0.0489,-0.5093,-0.5836,-0.4994,-0.5021,,-0.5057
1924-11-01,-0.3750,-0.6227,-0.0532,-0.4331,-0.4336,-0.4494,-0.4501,,-0.4415
1924-12-01,-0.3470,-0.6910,0.0176,-0.6403,-0.6636,-0.5494,-0.6121,,-0.6262
1925-01-01,-0.2980,-0.6793,0.1918,-0.6347,-0.6136,-0.6694,-0.6611,,-0.6479
1925-02-01,-0.2852,-0.6011,0.2410,-0.6244,-0.6236,-0.5494,-0.6861,,-0.6240
1925-03-01,-0.2790,-0.5865,0.1865,-0.5242,-0.5036,-0.4794,-0.5351,,-0.5139
1925-04-01,-0.3085,-0.6431,-0.0174,-0.4510,-0.4936,-0.4094,-0.4911,,-0.4711
1925-05-01,-0.2677,-0.5952,0.0548,-0.4576,-0.5236,-0.4594,-0.4341,,-0.4585
1925-06-01,-0.2649,-0.6754,0.0457,-0.4904,-0.5636,-0.4694,-0.4961,,-0.4933
1925-07-01,-0.2547,-0.5377,0.0552,-0.4875,-0.5036,-0.4494,-0.4851,,-0.4863
1925-08-01,-0.2798,-0.5773,0.0768,-0.3163,-0.4436,-0.4394,-0.4271,,-0.4333
1925-09-01,-0.2956,-0.5903,0.0511,-0.4045,-0.4336,-0.4594,-0.4381,,-0.4359
1925-10-01,-0.3360,-0.6306,-0.0835,-0.4330,-0.4036,-0.3794,-0.3211,,-0.3915
1925-11-01,-0.3657,-0.7423,-0.0359,-0.2025,-0.1836,-0.2794,-0.2721,,-0.2373
1925-12-01,-0.3506,-0.6807,0.0256,-0.1316,-0.1736,-0.2094,-0.1791,,-0.1764
1926-01-01,-0.3341,-0.7402,0.0543,-0.0685,-0.0236,-0.0994,-0.0971,,-0.0828
1926-02-01,-0.2925,-0.6382,0.0608,-0.1870,-0.2136,-0.2494,-0.2781,,-0.2315
1926-03-01,-0.2616,-0.6674,0.1302,-0.1291,-0.1236,-0.1194,-0.2091,,-0.1263
1926-04-01,-0.2708,-0.6568,-0.0013,-0.3103,-0.3636,-0.2694,-0.3581,,-0.3342
1926-05-01,-0.2573,-0.6229,0.0782,-0.4168,-0.4636,-0.4594,-0.4431,,-0.4513
1926-06-01,-0.2608,-0.5792,0.0926,-0.3310,-0.4936,-0.3694,-0.3881,,-0.3788
1926-07-01,-0.2475,-0.5276,0.0835,-0.3594,-0.5036,-0.4894,-0.4821,,-0.4858
1926-08-01,-0.2539,-0.5192,0.0157,-0.2517,-0.3636,-0.3894,-0.4051,,-0.3765
1926-09-01,-0.2667,-0.5557,0.0411,-0.2682,-0.3736,-0.3694,-0.3441,,-0.3568
1926-10-01,-0.3127,-0.6550,0.0171,-0.2193,-0.3436,-0.2294,-0.2111,,-0.2244
1926-11-01,-0.3458,-0.7289,-0.0014,-0.2600,-0.3036,-0.3394,-0.2891,,-0.2964
1926-12-01,-0.3361,-0.6340,-0.0076,-0.4671,-0.5336,-0.4894,-0.4491,,-0.4783
1927-01-01,-0.3059,-0.6169,0.1516,-0.4601,-0.5036,-0.4994,-0.4901,,-0.4948
1927-02-01,-0.2882,-0.6277,0.1087,-0.3567,-0.4136,-0.3694,-0.3731,,-0.3713
1927-03-01,-0.2543,-0.5859,0.0711,-0.5586,-0.6236,-0.6094,-0.5521,,-0.5840
1927-04-01,-0.2405,-0.4952,0.1168,-0.4658,-0.5336,-0.5394,-0.5331,,-0.5334
1927-05-01,-0.2355,-0.5303,0.0760,-0.3817,-0.4936,-0.4494,-0.4121,,-0.4308
1927-06-01,-0.2235,-0.5475,0.1350,-0.4001,-0.5136,-0.4094,-0.4601,,-0.4348
1927-07-01,-0.2201,-0.5218,0.1284,-0.3611,-0.4236,-0.4094,-0.3301,,-0.3853
1927-08-01,-0.2339,-0.5151,0.0345,-0.3573,-0.4736,-0.2894,-0.3371,,-0.3472
1927-09-01,-0.2547,-0.5777,0.0036,-0.2592,-0.3536,-0.3494,-0.3701,,-0.3515
1927-10-01,-0.2889,-0.6180,0.0074,-0.1716,-0.2436,-0.2294,-0.1161,,-0.2005
1927-11-01,-0.3220,-0.6780,-0.0364,-0.2707,-0.2836,-0.2894,-0.2651,,-0.2771
1927-12-01,-0.3416,-0.6900,-0.0611,-0.4700,-0.5636,-0.5694,-0.5211,,-0.5424
1928-01-01,-0.2776,-0.6188,-0.0021,-0.1750,-0.2536,-0.3294,-0.2371,,-0.2454
1928-02-01,-0.3131,-0.6591,-0.0193,-0.2729,-0.3236,-0.3594,-0.3501,,-0.3369
1928-03-01,-0.2717,-0.7035,0.0955,-0.4684,-0.4836,-0.4594,-0.4891,,-0.4760
1928-04-01,-0.2243,-0.4966,0.0856,-0.3862,-0.5136,-0.4794,-0.4341,,-0.4568
1928-05-01,-0.2370,-0.5215,0.0705,-0.4524,-0.5336,-0.4494,-0.4601,,-0.4563
1928-06-01,-0.2296,-0.5279,0.1114,-0.4826,-0.6236,-0.4294,-0.4951,,-0.4889
1928-07-01,-0.2229,-0.4551,0.0822,-0.3406,-0.4336,-0.4294,-0.4221,,-0.4258
1928-08-01,-0.2413,-0.4854,0.0892,-0.3276,-0.4536,-0.4694,-0.4371,,-0.4454
1928-09-01,-0.2603,-0.4496,0.0224,-0.3569,-0.4436,-0.3594,-0.4021,,-0.3808
1928-10-01,-0.3083,-0.5937,0.0325,-0.3368,-0.4236,-0.4094,-0.3561,,-0.3828
1928-11-01,-0.3392,-0.6443,0.0431,-0.3226,-0.3336,-0.3194,-0.4071,,-0.3281
1928-12-01,-0.3236,-0.6746,-0.0233,-0.3818,-0.3936,-0.3594,-0.3471,,-0.3706
1929-01-01,-0.3426,-0.6258,-0.0207,-0.5843,-0.6836,-0.5994,-0.5711,,-0.5919
1929-02-01,-0.3206,-0.6542,0.0761,-0.7514,-0.8136,-0.6794,-0.7021,,-0.7268
1929-03-01,-0.2893,-0.6116,0.0461,-0.6353,-0.5636,-0.5194,-0.6391,,-0.5994
1929-04-01,-0.2715,-0.6125,0.0784,-0.5910,-0.6536,-0.6094,-0.6621,,-0.6315
1929-05-01,-0.2665,-0.5470,-0.0117,-0.5851,-0.6136,-0.5794,-0.6341,,-0.5993
1929-06-01,-0.2568,-0.5300,0.0157,-0.5542,-0.6636,-0.6094,-0.4851,,-0.5818
1929-07-01,-0.2353,-0.5608,0.0359,-0.5858,-0.6036,-0.6394,-0.6101,,-0.6069
1929-08-01,-0.2583,-0.5386,0.0033,-0.4123,-0.5636,-0.4194,-0.4371,,-0.4283
1929-09-01,-0.2704,-0.5721,-0.0401,-0.4237,-0.4836,-0.4494,-0.5201,,-0.4665
1929-10-01,-0.3294,-0.7113,-0.1004,-0.3644,-0.3836,-0.4094,-0.3801,,-0.3819
1929-11-01,-0.3630,-0.7204,-0.1072,-0.2873,-0.3536,-0.3794,-0.3301,,-0.3419
1929-12-01,-0.3383,-0.5869,-0.0465,-0.7119,-0.7836,-0.6994,-0.6671,,-0.7057
1930-01-01,-0.3161,-0.7644,0.0051,-0.5084,-0.5436,-0.4994,-0.4931,,-0.5039
1930-02-01,-0.3188,-0.6735,0.0012,-0.4882,-0.5036,-0.4594,-0.5101,,-0.4959
1930-03-01,-0.3157,-0.6251,0.0024,-0.3945,-0.3436,-0.3894,-0.3751,,-0.3823
1930-04-01,-0.2951,-0.6499,0.0147,-0.3745,-0.4836,-0.3794,-0.4401,,-0.4098
1930-05-01,-0.2802,-0.5689,0.0577,-0.3972,-0.4736,-0.4094,-0.3641,,-0.4033
1930-06-01,-0.2689,-0.5175,-0.0046,-0.3471,-0.4536,-0.3894,-0.2841,,-0.3683
1930-07-01,-0.2785,-0.5885,-0.0142,-0.3301,-0.4436,-0.3094,-0.3051,,-0.3198
1930-08-01,-0.2625,-0.5542,-0.0008,-0.2404,-0.3836,-0.3894,-0.2741,,-0.3289
1930-09-01,-0.2854,-0.6925,0.0644,-0.2430,-0.3836,-0.3794,-0.3511,,-0.3653
1930-10-01,-0.3293,-0.7928,-0.0412,-0.2314,-0.3536,-0.3294,-0.2271,,-0.2804
1930-11-01,-0.3856,-0.7891,-0.0412,-0.0812,-0.0636,-0.0694,-0.0711,,-0.0703
1930-12-01,-0.3647,-0.6417,-0.1235,-0.2055,-0.2936,-0.2594,-0.2261,,-0.2428
1931-01-01,-0.3227,-0.6858,0.0245,-0.2775,-0.3436,-0.2694,-0.2951,,-0.2863
1931-02-01,-0.3247,-0.6763,-0.0355,-0.4040,-0.4336,-0.3994,-0.4511,,-0.4188
1931-03-01,-0.2953,-0.6176,-0.0428,-0.2643,-0.3336,-0.3294,-0.3751,,-0.3315
1931-04-01,-0.2773,-0.5073,-0.0473,-0.3315,-0.4636,-0.3994,-0.4261,,-0.4128
1931-05-01,-0.2701,-0.5328,-0.0620,-0.3516,-0.4236,-0.3894,-0.4261,,-0.4065
1931-06-01,-0.2802,-0.5057,-0.0012,-0.1735,-0.3136,-0.2694,-0.2701,,-0.2698
1931-07-01,-0.2717,-0.4997,-0.0539,-0.1606,-0.2636,-0.2694,-0.2201,,-0.2419
1931-08-01,-0.2690,-0.5036,-0.0379,-0.1859,-0.2736,-0.2394,-0.2721,,-0.2558
1931-09-01,-0.2797,-0.5681,-0.0646,-0.2004,-0.2936,-0.2394,-0.2481,,-0.2438
1931-10-01,-0.3242,-0.5553,-0.0140,-0.1727,-0.1736,-0.2394,-0.1361,,-0.1731
1931-11-01,-0.3486,-0.6131,-0.0181,-0.2995,-0.2936,-0.2594,-0.2561,,-0.2765
1931-12-01,-0.3363,-0.6023,0.0153,-0.2512,-0.2836,-0.2694,-0.2731,,-0.2713
1932-01-01,-0.3061,-0.6170,0.1350,-0.0800,-0.0836,-0.1294,-0.1451,,-0.1065
1932-02-01,-0.2902,-0.6278,0.1347,-0.3384,-0.4036,-0.4494,-0.4921,,-0.4265
1932-03-01,-0.2864,-0.6728,0.0209,-0.3514,-0.4136,-0.3394,-0.4061,,-0.3788
1932-04-01,-0.2474,-0.5775,0.0605,-0.2271,-0.2936,-0.2894,-0.2721,,-0.2808
1932-05-01,-0.2353,-0.5216,0.0661,-0.3174,-0.4136,-0.3694,-0.3491,,-0.3593
1932-06-01,-0.2258,-0.5047,0.0681,-0.4066,-0.5236,-0.3694,-0.3961,,-0.4014
1932-07-01,-0.2472,-0.4410,0.0015,-0.2839,-0.4736,-0.3994,-0.3361,,-0.3678
1932-08-01,-0.2494,-0.5287,0.0700,-0.3378,-0.4536,-0.5094,-0.3971,,-0.4254
1932-09-01,-0.2701,-0.5784,-0.0144,-0.1529,-0.3336,-0.2494,-0.2391,,-0.2443
1932-10-01,-0.3264,-0.6268,-0.1012,-0.2443,-0.3236,-0.3194,-0.3071,,-0.3133
1932-11-01,-0.3890,-0.6553,-0.1055,-0.4461,-0.5036,-0.4894,-0.4661,,-0.4778
1932-12-01,-0.3527,-0.6680,-0.0357,-0.4166,-0.5036,-0.4094,-0.3941,,-0.4130
1933-01-01,-0.3214,-0.6880,-0.0506,-0.4744,-0.4636,-0.3794,-0.4431,,-0.4534
1933-02-01,-0.3469,-0.6632,-0.0429,-0.4990,-0.5236,-0.5194,-0.4831,,-0.5092
1933-03-01,-0.3168,-0.7200,-0.0970,-0.5509,-0.5236,-0.4494,-0.5641,,-0.5372
1933-04-01,-0.2936,-0.6822,-0.0362,-0.4528,-0.4736,-0.4294,-0.4741,,-0.4632
1933-05-01,-0.2820,-0.6513,-0.0000,-0.4411,-0.5236,-0.4694,-0.4401,,-0.4553
1933-06-01,-0.2735,-0.6204,-0.0342,-0.4772,-0.5736,-0.4594,-0.4671,,-0.4722
1933-07-01,-0.2777,-0.5626,0.0074,-0.4442,-0.4436,-0.5094,-0.4771,,-0.4607
1933-08-01,-0.3016,-0.6898,-0.0063,-0.3042,-0.4736,-0.4494,-0.4041,,-0.4268
1933-09-01,-0.3083,-0.5844,-0.0575,-0.4785,-0.5236,-0.5894,-0.5211,,-0.5224
1933-10-01,-0.3802,-0.6718,-0.0895,-0.3990,-0.4836,-0.4494,-0.3401,,-0.4242
1933-11-01,-0.4239,-0.8160,-0.1706,-0.5563,-0.5436,-0.5294,-0.5331,,-0.5384
1933-12-01,-0.4012,-0.6953,-0.0990,-0.6650,-0.6836,-0.6294,-0.6591,,-0.6621
1934-01-01,-0.3714,-0.6500,-0.0222,-0.4805,-0.4436,-0.4894,-0.4691,,-0.4748
1934-02-01,-0.3463,-0.6728,-0.0446,-0.2984,-0.2636,-0.3194,-0.2881,,-0.2933
1934-03-01,-0.3154,-0.5610,-0.0639,-0.5796,-0.5236,-0.4894,-0.5601,,-0.5419
1934-04-01,-0.2856,-0.5304,0.0123,-0.5351,-0.5436,-0.4594,-0.5431,,-0.5391
1934-05-01,-0.2807,-0.5368,-0.0147,-0.2999,-0.3236,-0.3094,-0.3461,,-0.3165
1934-06-01,-0.2829,-0.5301,0.0119,-0.2408,-0.3836,-0.3494,-0.2901,,-0.3198
1934-07-01,-0.2890,-0.5547,0.0024,-0.3302,-0.3436,-0.3694,-0.3351,,-0.3394
1934-08-01,-0.3170,-0.5790,-0.0681,-0.2667,-0.3536,-0.3594,-0.3771,,-0.3565
1934-09-01,-0.3410,-0.6686,-0.0053,-0.2894,-0.3836,-0.3194,-0.3151,,-0.3173
1934-10-01,-0.3415,-0.6450,-0.0255,-0.2334,-0.3036,-0.2694,-0.1891,,-0.2514
1934-11-01,-0.3559,-0.7114,0.0233,-0.1146,-0.2036,-0.1894,-0.0781,,-0.1520
1934-12-01,-0.3570,-0.6388,0.1209,-0.2588,-0.2636,-0.2894,-0.2761,,-0.2699
1935-01-01,-0.3210,-0.7898,0.1660,-0.5076,-0.5736,-0.5094,-0.5471,,-0.5283
1935-02-01,-0.3276,-0.6914,0.1255,-0.1096,-0.0936,-0.0994,-0.1221,,-0.1045
1935-03-01,-0.2829,-0.6783,0.2166,-0.3832,-0.3736,-0.3894,-0.4081,,-0.3863
1935-04-01,-0.2684,-0.6649,0.1637,-0.4817,-0.6036,-0.5694,-0.4861,,-0.5278
1935-05-01,-0.2408,-0.5536,0.1128,-0.4798,-0.5236,-0.4794,-0.4901,,-0.4850
1935-06-01,-0.2436,-0.6116,0.0771,-0.3680,-0.5036,-0.4794,-0.3921,,-0.4358
1935-07-01,-0.2316,-0.5785,0.0251,-0.3003,-0.4536,-0.3394,-0.2951,,-0.3199
1935-08-01,-0.2474,-0.5657,0.0241,-0.2998,-0.4536,-0.3494,-0.3421,,-0.3458
1935-09-01,-0.2505,-0.5843,0.0533,-0.3439,-0.4436,-0.3194,-0.3361,,-0.3400
1935-10-01,-0.3042,-0.6629,0.0082,-0.2040,-0.2936,-0.2894,-0.2221,,-0.2558
1935-11-01,-0.3238,-0.7241,0.0454,-0.4766,-0.4936,-0.4094,-0.4791,,-0.4779
1935-12-01,-0.3026,-0.6236,0.0639,-0.4028,-0.4036,-0.3394,-0.3971,,-0.4000
1936-01-01,-0.2858,-0.6736,0.0801,-0.5436,-0.5136,-0.5294,-0.5191,,-0.5243
1936-02-01,-0.2524,-0.5770,0.0608,-0.4895,-0.6136,-0.4994,-0.5341,,-0.5168
1936-03-01,-0.2359,-0.5182,0.0994,-0.4847,-0.4436,-0.4294,-0.4541,,-0.4489
1936-04-01,-0.2190,-0.4869,0.0624,-0.3465,-0.4336,-0.3594,-0.3861,,-0.3728
1936-05-01,-0.2022,-0.5584,0.1317,-0.3287,-0.3936,-0.3794,-0.3591,,-0.3693
1936-06-01,-0.2058,-0.5057,0.1498,-0.3000,-0.4536,-0.3794,-0.2951,,-0.3397
1936-07-01,-0.1883,-0.4386,0.1339,-0.2293,-0.3336,-0.2594,-0.2381,,-0.2488
1936-08-01,-0.2045,-0.4785,0.1020,-0.2209,-0.3736,-0.2094,-0.2321,,-0.2265
1936-09-01,-0.2449,-0.5977,0.0609,-0.2590,-0.3236,-0.3294,-0.2611,,-0.2924
1936-10-01,-0.2928,-0.5951,-0.0318,-0.1902,-0.2636,-0.2194,-0.1401,,-0.2048
1936-11-01,-0.3379,-0.6595,-0.0788,-0.2134,-0.2236,-0.2794,-0.2461,,-0.2349
1936-12-01,-0.3198,-0.6358,-0.0040,-0.2486,-0.2436,-0.2494,-0.1801,,-0.2461
1937-01-01,-0.2493,-0.5481,0.0286,-0.2748,-0.3136,-0.2994,-0.2971,,-0.2983
1937-02-01,-0.2147,-0.6638,0.2000,-0.0782,-0.2036,-0.1894,-0.1541,,-0.1718
1937-03-01,-0.2145,-0.5419,0.1319,-0.4118,-0.4436,-0.4194,-0.3631,,-0.4156
1937-04-01,-0.2135,-0.5837,0.1136,-0.2684,-0.3936,-0.3994,-0.2731,,-0.3334
1937-05-01,-0.1988,-0.5757,0.1679,-0.2398,-0.2936,-0.2894,-0.2681,,-0.2788
1937-06-01,-0.1944,-0.5003,0.1913,-0.1568,-0.2836,-0.2794,-0.1821,,-0.2308
1937-07-01,-0.1890,-0.4962,0.2362,-0.1257,-0.2736,-0.2494,-0.1181,,-0.1876
1937-08-01,-0.2044,-0.5122,0.1645,-0.1093,-0.2236,-0.1894,-0.1381,,-0.1638
1937-09-01,-0.2336,-0.5827,0.0915,-0.0027,-0.1436,-0.1294,-0.0301,,-0.0798
1937-10-01,-0.2933,-0.6436,0.0106,-0.0191,-0.1536,-0.1394,0.0109,,-0.0793
1937-11-01,-0.3110,-0.6854,-0.0071,-0.0846,-0.1636,-0.1494,-0.1021,,-0.1258
1937-12-01,-0.2997,-0.6751,-0.0082,-0.2243,-0.3136,-0.3094,-0.2081,,-0.2669
1938-01-01,-0.2685,-0.6172,0.1635,-0.1053,-0.1536,-0.2094,-0.1401,,-0.1469
1938-02-01,-0.2649,-0.6033,0.0768,-0.1644,-0.1936,-0.1994,-0.1531,,-0.1790
1938-03-01,-0.2510,-0.6217,0.0674,-0.1756,-0.1336,-0.1394,-0.1641,,-0.1518
1938-04-01,-0.2361,-0.5445,0.1126,-0.1166,-0.1736,-0.1694,-0.1951,,-0.1715
1938-05-01,-0.1976,-0.5153,0.1113,-0.2537,-0.3336,-0.3094,-0.2801,,-0.2948
1938-06-01,-0.1764,-0.5187,0.1032,-0.2423,-0.4036,-0.3994,-0.3391,,-0.3693
1938-07-01,-0.1789,-0.4811,0.0524,-0.1947,-0.3236,-0.2694,-0.2191,,-0.2443
1938-08-01,-0.2032,-0.4645,0.0491,-0.1486,-0.2936,-0.2794,-0.2421,,-0.2608
1938-09-01,-0.2479,-0.5451,0.0254,-0.1256,-0.2236,-0.1794,-0.1311,,-0.1553
1938-10-01,-0.2971,-0.5758,-0.0324,0.0156,-0.0936,-0.1394,-0.0101,,-0.0519
1938-11-01,-0.3214,-0.7014,-0.0310,-0.0978,-0.1636,-0.1594,-0.1081,,-0.1338
1938-12-01,-0.3171,-0.6567,-0.0238,-0.3486,-0.3636,-0.3894,-0.3221,,-0.3561
1939-01-01,-0.2785,-0.6831,0.0635,-0.2649,-0.2936,-0.2794,-0.2851,,-0.2823
1939-02-01,-0.2779,-0.5949,0.0192,-0.2710,-0.3036,-0.2994,-0.3101,,-0.3015
1939-03-01,-0.2340,-0.5454,0.0178,-0.4451,-0.4136,-0.4694,-0.4411,,-0.4431
1939-04-01,-0.2177,-0.4675,0.0009,-0.2667,-0.3336,-0.3894,-0.2521,,-0.3001
1939-05-01,-0.2177,-0.4704,0.0258,-0.1901,-0.2736,-0.2794,-0.1311,,-0.2318
1939-06-01,-0.2213,-0.5671,0.0390,-0.1348,-0.3036,-0.2594,-0.1441,,-0.2018
1939-07-01,-0.2094,-0.5122,0.0644,-0.1863,-0.2936,-0.1694,-0.2081,,-0.1972
1939-08-01,-0.2126,-0.5513,0.0870,-0.1864,-0.2936,-0.1794,-0.1631,,-0.1829
1939-09-01,-0.2475,-0.5926,0.0046,-0.1655,-0.3036,-0.1794,-0.1241,,-0.1725
1939-10-01,-0.2944,-0.6613,-0.0504,-0.2511,-0.2736,-0.2794,-0.2111,,-0.2623
1939-11-01,-0.3120,-0.7040,0.0004,-0.1295,-0.1636,-0.1394,-0.1461,,-0.1428
1939-12-01,-0.2986,-0.7192,0.0549,0.1870,0.1864,0.1906,0.1779,,0.1867
1940-01-01,-0.3053,-0.7257,0.0405,-0.1970,-0.2436,-0.1594,-0.1291,-0.4721,-0.1970
1940-02-01,-0.2412,-0.6788,0.1793,-0.0700,-0.1536,-0.0494,-0.0491,-0.3875,-0.0700
1940-03-01,-0.2432,-0.7054,0.0915,-0.1932,-0.1436,-0.1694,-0.0621,-0.4176,-0.1694
1940-04-01,-0.2200,-0.4839,0.0248,-0.0074,-0.0636,0.0106,-0.0171,-0.1806,-0.0171
1940-05-01,-0.2183,-0.5416,0.0674,-0.1148,-0.1336,-0.0594,-0.0891,-0.1364,-0.1148
1940-06-01,-0.2164,-0.5084,0.1079,-0.1068,-0.1236,-0.1994,-0.0961,-0.3224,-0.1236
1940-07-01,-0.2152,-0.5717,0.0973,-0.0023,-0.1136,-0.1694,-0.0691,-0.1339,-0.1136
1940-08-01,-0.2132,-0.4702,0.0494,-0.0485,-0.1736,-0.1694,-0.1071,-0.1832,-0.1694
1940-09-01,-0.2641,-0.5154,-0.0374,-0.0216,-0.0836,-0.0794,-0.0721,-0.3142,-0.0794
1940-10-01,-0.3068,-0.6718,0.0156,-0.0526,-0.1236,-0.0594,-0.0561,-0.4485,-0.0594
1940-11-01,-0.3108,-0.6611,-0.0101,-0.1524,-0.0736,-0.0694,-0.1751,-0.3519,-0.1524
1940-12-01,-0.3119,-0.6525,0.0400,0.0498,0.0764,0.0506,-0.0101,-0.1563,0.0498
1941-01-01,-0.2731,-0.6447,0.0726,-0.1938,-0.0636,-0.1094,-0.3581,-0.2079,-0.1938
1941-02-01,-0.2641,-0.6518,0.0463,-0.0383,0.0664,0.0306,-0.1711,-0.0641,-0.0383
1941-03-01,-0.2022,-0.5240,0.0712,-0.2733,-0.1336,-0.1394,-0.2781,-0.2462,-0.2462
1941-04-01,-0.1970,-0.4471,0.1199,-0.1172,-0.0736,-0.0094,-0.2411,-0.3826,-0.1172
1941-05-01,-0.1833,-0.4670,0.0686,-0.0922,-0.0736,-0.0694,-0.2061,-0.2274,-0.0922
1941-06-01,-0.1935,-0.4559,0.1249,-0.0954,-0.1136,-0.0494,-0.1391,-0.1470,-0.1136
1941-07-01,-0.2005,-0.4187,0.0756,0.0061,-0.0236,-0.0294,-0.0371,-0.2271,-0.0294
1941-08-01,-0.2031,-0.4982,0.0427,-0.1142,-0.0936,-0.0494,-0.1731,-0.1589,-0.1142
1941-09-01,-0.2150,-0.4966,0.1066,-0.2970,-0.2136,-0.1594,-0.3641,-0.5335,-0.2970
1941-10-01,-0.2598,-0.4795,0.0374,0.0602,0.1164,0.0806,-0.0401,-0.1435,0.0602
1941-11-01,-0.2645,-0.5839,0.1015,-0.1629,-0.0136,-0.0494,-0.2121,-0.3772,-0.1629
1941-12-01,-0.2664,-0.5534,0.0595,-0.0726,-0.0236,0.0806,-0.1601,-0.2477,-0.0726
1942-01-01,-0.2419,-0.5570,0.1322,0.0995,0.0464,0.0506,-0.0221,-0.0882,0.0464
1942-02-01,-0.2478,-0.6123,0.1796,-0.1347,-0.2136,-0.2794,-0.3121,-0.3176,-0.2794
1942-03-01,-0.2259,-0.5131,0.1183,-0.1955,-0.1836,-0.1594,-0.2681,-0.2411,-0.1955
1942-04-01,-0.2069,-0.5016,0.1599,-0.1592,-0.1436,-0.1794,-0.3281,-0.3793,-0.1794
1942-05-01,-0.2021,-0.4380,0.1414,-0.0279,-0.1236,-0.1394,-0.2141,-0.2288,-0.1394
1942-06-01,-0.2109,-0.4627,0.1106,-0.1230,-0.1936,-0.1494,-0.2261,-0.3339,-0.1936
1942-07-01,-0.2017,-0.4581,0.1280,-0.2127,-0.2336,-0.2594,-0.3211,-0.4089,-0.2594
1942-08-01,-0.2234,-0.5167,0.0913,-0.2114,-0.2736,-0.2094,-0.3361,-0.4324,-0.2736
1942-09-01,-0.2391,-0.5206,0.1063,-0.1646,-0.2636,-0.1694,-0.2621,-0.4207,-0.2621
1942-10-01,-0.2952,-0.6044,0.0878,-0.2428,-0.2236,-0.2194,-0.2501,-0.3568,-0.2428
1942-11-01,-0.3245,-0.6418,0.0236,-0.2060,-0.1436,-0.1794,-0.2981,-0.4671,-0.2060
1942-12-01,-0.2916,-0.6740,0.0979,-0.2307,-0.1136,-0.1694,-0.2411,-0.3760,-0.2307
1943-01-01,-0.2377,-0.5360,0.2703,-0.3412,-0.2436,-0.3094,-0.3371,-0.3444,-0.3371
1943-02-01,-0.2356,-0.5744,0.1456,-0.1773,-0.0636,-0.1794,-0.2131,-0.2050,-0.1794
1943-03-01,-0.2398,-0.5313,0.0753,-0.3140,-0.2736,-0.2494,-0.3941,-0.4179,-0.3140
1943-04-01,-0.2534,-0.5544,0.0584,-0.1279,-0.1236,-0.0894,-0.2421,-0.3480,-0.1279
1943-05-01,-0.2278,-0.5743,0.0957,-0.1174,-0.1736,-0.1994,-0.2581,-0.2499,-0.1994
1943-06-01,-0.1984,-0.4273,0.0728,-0.2282,-0.2836,-0.3394,-0.2661,-0.4168,-0.2836
1943-07-01,-0.1851,-0.4408,0.1278,-0.1295,-0.1536,-0.1594,-0.2581,-0.4262,-0.1594
1943-08-01,-0.2132,-0.5009,0.1194,-0.1193,-0.2336,-0.1594,-0.2051,-0.4606,-0.2051
1943-09-01,-0.2264,-0.4589,0.0307,-0.1649,-0.1836,-0.2294,-0.2251,-0.3892,-0.2251
1943-10-01,-0.2679,-0.5242,0.0652,0.0800,-0.0036,0.0206,0.0419,-0.2850,0.0206
1943-11-01,-0.3109,-0.5666,0.0456,-0.0466,-0.0436,-0.0594,-0.1321,-0.2690,-0.0594
1943-12-01,-0.2731,-0.5928,0.0569,-0.0404,-0.0036,-0.0194,-0.1351,-0.1666,-0.0404
1944-01-01,-0.2219,-0.5709,0.1309,0.1742,0.1264,0.0606,-0.0071,0.0834,0.0834
1944-02-01,-0.2294,-0.6334,0.1558,-0.0258,0.0064,0.0306,-0.1011,-0.0293,-0.0258
1944-03-01,-0.2378,-0.4881,0.0461,-0.0344,0.0264,0.0206,-0.0831,0.0089,0.0089
1944-04-01,-0.2396,-0.4773,0.0467,-0.1063,-0.0436,-0.0894,-0.1891,-0.2063,-0.1063
1944-05-01,-0.1810,-0.4532,0.1264,-0.0318,-0.0536,-0.0594,-0.1221,-0.2184,-0.0594
1944-06-01,-0.1965,-0.4557,0.1010,-0.0446,-0.0836,-0.0694,-0.2301,-0.1710,-0.0836
1944-07-01,-0.1915,-0.4443,0.1994,-0.0023,-0.0636,-0.1294,-0.1421,-0.2164,-0.1294
1944-08-01,-0.1974,-0.4715,0.1329,0.0566,-0.0536,-0.1094,-0.0671,-0.1526,-0.0671
1944-09-01,-0.2179,-0.4412,0.1813,0.0144,0.0464,0.0206,-0.0121,-0.0918,0.0144
1944-10-01,-0.2596,-0.5306,0.0500,0.0599,0.0264,-0.0094,0.0099,-0.0948,0.0099
1944-11-01,-0.2939,-0.6378,0.1462,-0.0601,-0.1236,-0.1194,-0.2171,-0.2846,-0.1236
1944-12-01,-0.2732,-0.5261,0.1457,-0.0671,-0.1936,-0.0194,-0.1321,-0.3182,-0.1321
1945-01-01,-0.2453,-0.6092,0.2300,-0.0572,-0.1336,-0.0794,-0.1821,-0.2711,-0.1336
1945-02-01,-0.2402,-0.5885,0.1576,-0.1050,-0.2236,-0.1294,-0.2501,-0.4410,-0.2236
1945-03-01,-0.2278,-0.5173,0.1732,-0.1153,-0.1736,-0.1094,-0.2881,-0.3420,-0.1736
1945-04-01,-0.2089,-0.5257,0.2791,0.0590,-0.0336,0.0606,-0.1541,-0.2402,-0.0336
1945-05-01,-0.1954,-0.5441,0.2032,-0.2115,-0.1736,-0.1494,-0.2761,-0.3536,-0.2115
1945-06-01,-0.1737,-0.4798,0.1998,-0.1903,-0.2236,-0.1194,-0.2281,-0.1873,-0.1903
1945-07-01,-0.2029,-0.4953,0.1170,-0.1476,-0.1936,-0.2394,-0.2341,-0.3319,-0.2341
1945-08-01,-0.2194,-0.4824,0.1350,0.0877,0.0264,0.0606,-0.0311,-0.0193,0.0264
1945-09-01,-0.2380,-0.5156,0.0878,-0.0461,-0.0236,-0.1194,-0.1761,-0.2051,-0.1194
1945-10-01,-0.2717,-0.5385,0.1672,-0.0569,-0.0436,-0.0994,-0.0091,-0.1932,-0.0569
1945-11-01,-0.2684,-0.5703,0.1099,-0.1532,-0.1636,-0.1594,-0.2201,-0.3494,-0.1636
1945-12-01,-0.2775,-0.6226,0.1117,-0.3516,-0.3036,-0.2994,-0.3891,-0.4239,-0.3516
1946-01-01,-0.2663,-0.6325,0.1493,-0.1096,-0.0836,0.0006,-0.2281,-0.1473,-0.1096
1946-02-01,-0.2575,-0.5689,0.0641,-0.2739,-0.2036,-0.2294,-0.4191,-0.2473,-0.2473
1946-03-01,-0.2058,-0.5240,0.0994,-0.2810,-0.2236,-0.2794,-0.3141,-0.1845,-0.2794
1946-04-01,-0.2126,-0.5146,0.1507,-0.1556,-0.1736,-0.1894,-0.2531,-0.1994,-0.1894
1946-05-01,-0.1795,-0.4931,0.1011,-0.2339,-0.3036,-0.2594,-0.2691,-0.1742,-0.2594
1946-06-01,-0.1949,-0.4910,0.1347,-0.4201,-0.4436,-0.3694,-0.4621,-0.2925,-0.4201
1946-07-01,-0.1901,-0.5008,0.1356,-0.2628,-0.3536,-0.2694,-0.3191,-0.2618,-0.2694
1946-08-01,-0.2001,-0.4681,0.1042,-0.3076,-0.4336,-0.3694,-0.3481,-0.3539,-0.3539
1946-09-01,-0.2406,-0.5324,0.1542,-0.2481,-0.3136,-0.1794,-0.3031,-0.3333,-0.3031
1946-10-01,-0.2753,-0.6276,0.1098,-0.2213,-0.3136,-0.2694,-0.2391,-0.4131,-0.2694
1946-11-01,-0.3031,-0.6940,0.1032,-0.2646,-0.2836,-0.2294,-0.3161,-0.3174,-0.2836
1946-12-01,-0.3018,-0.6175,0.0269,-0.4970,-0.5436,-0.4094,-0.4871,-0.3968,-0.4871
1947-01-01,-0.2419,-0.6122,0.1921,-0.3069,-0.3036,-0.2194,-0.2941,-0.1601,-0.2941
1947-02-01,-0.2236,-0.6173,0.2807,-0.2962,-0.3136,-0.2494,-0.3031,-0.2470,-0.2962
1947-03-01,-0.2048,-0.4981,0.1936,-0.2299,-0.1636,-0.2094,-0.1751,-0.1114,-0.1751
1947-04-01,-0.2126,-0.4606,0.1692,-0.2123,-0.1736,-0.1694,-0.2501,-0.0897,-0.1736
1947-05-01,-0.1743,-0.4252,0.2480,-0.2270,-0.2536,-0.2494,-0.2961,-0.1896,-0.2494
1947-06-01,-0.1666,-0.4307,0.1626,-0.2438,-0.2536,-0.2594,-0.1841,-0.1732,-0.2438
1947-07-01,-0.1772,-0.4292,0.1704,-0.2213,-0.2736,-0.2194,-0.2471,-0.2263,-0.2263
1947-08-01,-0.1862,-0.4151,0.1054,-0.2692,-0.3036,-0.3294,-0.3561,-0.3479,-0.3294
1947-09-01,-0.2235,-0.4683,0.1116,-0.3173,-0.3536,-0.3294,-0.3331,-0.3712,-0.3331
1947-10-01,-0.2746,-0.5435,0.1085,-0.1185,-0.1636,-0.2194,-0.1571,-0.2150,-0.1636
1947-11-01,-0.2728,-0.5597,0.0761,-0.1259,-0.2136,-0.2194,-0.2181,-0.2837,-0.2181
1947-12-01,-0.2660,-0.5322,0.0110,-0.3865,-0.3636,-0.3394,-0.3791,-0.3720,-0.3720
1948-01-01,-0.2403,-0.5439,0.0712,-0.1729,-0.1736,-0.2194,-0.2491,-0.1772,-0.1772
1948-02-01,-0.2130,-0.4739,0.1091,-0.3905,-0.3836,-0.3194,-0.4181,-0.3700,-0.3836
1948-03-01,-0.1711,-0.5160,0.2435,-0.4411,-0.4736,-0.3794,-0.4801,-0.4248,-0.4411
1948-04-01,-0.1903,-0.5127,0.1286,-0.2699,-0.3536,-0.2894,-0.4071,-0.3179,-0.3179
1948-05-01,-0.1650,-0.4342,0.1790,-0.0986,-0.2436,-0.1094,-0.1141,-0.1658,-0.1141
1948-06-01,-0.1671,-0.4793,0.1414,-0.1645,-0.2836,-0.3094,-0.2151,-0.2564,-0.2564
1948-07-01,-0.1438,-0.4362,0.1963,-0.2852,-0.3436,-0.2494,-0.3131,-0.2789,-0.2852
1948-08-01,-0.1666,-0.4355,0.1435,-0.1995,-0.3536,-0.2294,-0.2441,-0.2546,-0.2441
1948-09-01,-0.1893,-0.4233,0.0949,-0.2901,-0.3736,-0.3294,-0.3471,-0.3954,-0.3471
1948-10-01,-0.2257,-0.4737,0.0531,-0.2111,-0.2836,-0.2294,-0.2341,-0.2190,-0.2294
1948-11-01,-0.2494,-0.4376,-0.0283,-0.3289,-0.3536,-0.2794,-0.4001,-0.2130,-0.3289
1948-12-01,-0.2464,-0.4722,-0.0026,-0.5005,-0.4636,-0.4894,-0.5091,-0.4530,-0.4894
1949-01-01,-0.1773,-0.4664,0.1042,-0.1788,-0.1736,-0.1494,-0.2101,-0.0692,-0.1736
1949-02-01,-0.1643,-0.4503,0.0780,-0.3981,-0.3736,-0.3394,-0.4911,-0.2698,-0.3736
1949-03-01,-0.1617,-0.5787,0.1331,-0.2707,-0.2536,-0.2394,-0.3841,-0.2317,-0.2536
1949-04-01,-0.1634,-0.5198,0.1822,-0.3069,-0.3436,-0.2894,-0.3951,-0.3089,-0.3089
1949-05-01,-0.1306,-0.4185,0.1564,-0.2690,-0.3336,-0.2394,-0.3281,-0.2289,-0.2690
1949-06-01,-0.1423,-0.4362,0.1356,-0.3930,-0.5036,-0.3794,-0.3691,-0.3379,-0.3794
1949-07-01,-0.1277,-0.3526,0.1807,-0.3408,-0.3636,-0.3194,-0.3721,-0.2416,-0.3408
1949-08-01,-0.1396,-0.4750,0.2078,-0.2364,-0.3636,-0.2794,-0.3271,-0.3501,-0.3271
1949-09-01,-0.1903,-0.4197,0.1469,-0.2872,-0.3736,-0.3794,-0.3861,-0.3127,-0.3736
1949-10-01,-0.2282,-0.5337,0.1477,-0.2508,-0.2936,-0.2894,-0.3011,-0.3029,-0.2936
1949-11-01,-0.2588,-0.6352,0.1275,-0.3446,-0.3336,-0.3194,-0.3761,-0.2466,-0.3336
1949-12-01,-0.2511,-0.6485,0.1254,-0.3732,-0.4136,-0.2894,-0.3271,-0.2271,-0.3271
1950-01-01,-0.2218,-0.5265,0.1625,-0.4623,-0.5036,-0.4194,-0.5831,-0.4373,-0.4623
1950-02-01,-0.2013,-0.5698,0.1222,-0.5320,-0.5036,-0.4794,-0.6331,-0.4576,-0.5036
1950-03-01,-0.1904,-0.4973,0.1766,-0.3804,-0.3136,-0.2694,-0.4331,-0.3064,-0.3136
1950-04-01,-0.1625,-0.4617,0.2187,-0.4038,-0.4436,-0.4194,-0.4671,-0.4125,-0.4194
1950-05-01,-0.1690,-0.5048,0.1951,-0.3062,-0.3436,-0.2594,-0.2941,-0.3219,-0.3062
1950-06-01,-0.1575,-0.5088,0.1667,-0.2665,-0.2836,-0.3094,-0.2991,-0.2943,-0.2943
1950-07-01,-0.1672,-0.3756,0.1423,-0.2716,-0.3236,-0.2994,-0.2811,-0.3968,-0.2994
1950-08-01,-0.1942,-0.5601,0.1623,-0.3178,-0.3936,-0.3594,-0.3451,-0.5006,-0.3594
1950-09-01,-0.2126,-0.5426,0.1081,-0.4078,-0.3436,-0.3194,-0.4241,-0.3443,-0.3443
1950-10-01,-0.2397,-0.5702,0.0666,-0.3646,-0.4336,-0.4194,-0.3401,-0.2819,-0.3646
1950-11-01,-0.2887,-0.5212,-0.0034,-0.5456,-0.5736,-0.5294,-0.5691,-0.4936,-0.5456
1950-12-01,-0.2581,-0.6305,0.0655,-0.4201,-0.4536,-0.4294,-0.4401,-0.2186,-0.4294
1951-01-01,-0.2104,-0.5483,0.1621,-0.5233,-0.5736,-0.5594,-0.6181,-0.4450,-0.5594
1951-02-01,-0.2241,-0.5286,0.1732,-0.6713,-0.6436,-0.6194,-0.6911,-0.5668,-0.6436
1951-03-01,-0.2017,-0.5059,0.1591,-0.4261,-0.4336,-0.3694,-0.4541,-0.3777,-0.4261
1951-04-01,-0.1648,-0.4430,0.1835,-0.2707,-0.3736,-0.3594,-0.3521,-0.2946,-0.3521
1951-05-01,-0.1548,-0.3956,0.1320,-0.1307,-0.2336,-0.2094,-0.1851,-0.0322,-0.1851
1951-06-01,-0.1768,-0.3936,0.1631,-0.1006,-0.3036,-0.2094,-0.1131,-0.1543,-0.1543
1951-07-01,-0.1852,-0.4874,0.1454,-0.1234,-0.2436,-0.2294,-0.2121,-0.3514,-0.2294
1951-08-01,-0.1918,-0.4071,0.1109,-0.0395,-0.1736,-0.1094,-0.1041,-0.1722,-0.1094
1951-09-01,-0.2174,-0.4727,0.1500,-0.0290,-0.1836,-0.1094,-0.1211,-0.1722,-0.1211
1951-10-01,-0.2459,-0.6294,0.1484,-0.0342,-0.1536,-0.0894,0.0069,-0.1172,-0.0894
1951-11-01,-0.2608,-0.5814,0.0437,-0.2325,-0.2436,-0.2494,-0.2471,-0.1725,-0.2436
1951-12-01,-0.2488,-0.6102,0.0407,-0.0841,-0.0736,-0.0594,-0.0681,-0.0208,-0.0681
1952-01-01,-0.2257,-0.5578,0.1749,-0.0613,-0.1236,-0.1094,-0.0861,-0.0366,-0.0861
1952-02-01,-0.2281,-0.6262,0.1332,-0.0882,-0.1236,-0.1094,-0.1561,-0.1213,-0.1213
1952-03-01,-0.1845,-0.4677,0.1329,-0.3178,-0.3136,-0.2794,-0.3131,-0.2754,-0.3131
1952-04-01,-0.1909,-0.5114,0.1088,-0.1117,-0.2036,-0.1494,-0.1641,-0.2818,-0.1641
1952-05-01,-0.1552,-0.4006,0.1550,-0.1334,-0.2636,-0.2294,-0.1471,-0.1845,-0.1845
1952-06-01,-0.1721,-0.4556,0.1858,-0.1350,-0.2636,-0.2394,-0.1521,-0.1982,-0.1982
1952-07-01,-0.1923,-0.5176,0.0424,-0.0662,-0.1936,-0.2094,-0.1201,-0.2251,-0.1936
1952-08-01,-0.2164,-0.4506,0.0673,-0.0561,-0.1836,-0.1994,-0.1221,-0.3709,-0.1836
1952-09-01,-0.2488,-0.5116,0.0124,-0.0600,-0.1636,-0.1794,-0.1051,-0.2920,-0.1636
1952-10-01,-0.2666,-0.5580,0.1098,-0.1719,-0.2336,-0.2194,-0.1491,-0.3272,-0.2194
1952-11-01,-0.2905,-0.5401,0.1269,-0.2801,-0.3636,-0.3094,-0.3371,-0.5040,-0.3371
1952-12-01,-0.2333,-0.5816,0.2282,-0.1915,-0.2536,-0.2194,-0.2141,-0.2584,-0.2194
1953-01-01,-0.2409,-0.5505,0.0557,-0.1597,-0.1636,-0.1394,-0.1891,-0.1790,-0.1636
1953-02-01,-0.1966,-0.5680,0.0983,-0.0575,-0.0836,-0.0494,-0.0711,-0.1285,-0.0711
1953-03-01,-0.2226,-0.5168,0.0952,-0.1401,-0.1236,-0.0894,-0.1741,-0.1848,-0.1401
1953-04-01,-0.2050,-0.4923,0.1008,0.0743,-0.0436,-0.0194,0.0229,-0.0781,-0.0194
1953-05-01,-0.1867,-0.4742,0.1157,-0.0017,-0.1236,-0.0794,0.0199,-0.0099,-0.0099
1953-06-01,-0.2064,-0.4664,0.0950,-0.0096,-0.1136,-0.1194,-0.0251,-0.1785,-0.1136
1953-07-01,-0.2065,-0.4655,0.0662,-0.1074,-0.2236,-0.2394,-0.1351,-0.1855,-0.1855
1953-08-01,-0.2297,-0.5471,-0.0188,-0.0625,-0.1836,-0.2294,-0.1211,-0.2138,-0.1836
1953-09-01,-0.2452,-0.5677,0.0462,-0.0632,-0.1936,-0.2394,-0.1441,-0.3115,-0.1936
1953-10-01,-0.2624,-0.5050,0.0190,-0.0661,-0.1536,-0.1594,-0.1001,-0.2331,-0.1536
1953-11-01,-0.2824,-0.5450,-0.0335,-0.1567,-0.2636,-0.2394,-0.2451,-0.2863,-0.2451
1953-12-01,-0.2367,-0.5107,0.0896,-0.1290,-0.1836,-0.1594,-0.1131,-0.1519,-0.1519
1954-01-01,-0.2381,-0.6273,0.1903,-0.3941,-0.4736,-0.3794,-0.4411,-0.4021,-0.4021
1954-02-01,-0.2385,-0.6845,0.1030,-0.2407,-0.3336,-0.2494,-0.3151,-0.3164,-0.3151
1954-03-01,-0.1882,-0.5378,0.1617,-0.3329,-0.3836,-0.3294,-0.3391,-0.2803,-0.3329
1954-04-01,-0.1784,-0.4892,0.1968,-0.2665,-0.3736,-0.3994,-0.3841,-0.3487,-0.3736
1954-05-01,-0.1590,-0.4243,0.1224,-0.3212,-0.4336,-0.3994,-0.3651,-0.2644,-0.3651
1954-06-01,-0.1811,-0.4535,0.1023,-0.2821,-0.4136,-0.3294,-0.2491,-0.3837,-0.3294
1954-07-01,-0.1858,-0.5158,0.1024,-0.3477,-0.4236,-0.3594,-0.3151,-0.4156,-0.3594
1954-08-01,-0.1881,-0.4415,0.0719,-0.2520,-0.4036,-0.3294,-0.3341,-0.4863,-0.3341
1954-09-01,-0.2132,-0.4248,0.0537,-0.2648,-0.3336,-0.3494,-0.3601,-0.5546,-0.3494
1954-10-01,-0.2502,-0.5633,0.1423,-0.1627,-0.2536,-0.2494,-0.1741,-0.4069,-0.2494
1954-11-01,-0.2852,-0.6109,0.0764,-0.0332,-0.1536,-0.1694,-0.1511,-0.2759,-0.1536
1954-12-01,-0.2627,-0.5463,0.0598,-0.3153,-0.4136,-0.3294,-0.3311,-0.3691,-0.3311
1955-01-01,-0.2210,-0.4597,0.1018,-0.0428,-0.1036,-0.0694,-0.1111,-0.1076,-0.1036
1955-02-01,-0.2208,-0.5432,0.0992,-0.3434,-0.3936,-0.4194,-0.4571,-0.4373,-0.4194
1955-03-01,-0.1884,-0.5007,0.0913,-0.5489,-0.5536,-0.4994,-0.5931,-0.5573,-0.5536
1955-04-01,-0.1718,-0.4422,0.1823,-0.3810,-0.4536,-0.4294,-0.4751,-0.4203,-0.4294
1955-05-01,-0.1707,-0.3624,0.0151,-0.3884,-0.4336,-0.4194,-0.4661,-0.3398,-0.4194
1955-06-01,-0.1765,-0.4096,0.1829,-0.3294,-0.3636,-0.3694,-0.3721,-0.3739,-0.3694
1955-07-01,-0.1939,-0.4431,0.0982,-0.3598,-0.3436,-0.3894,-0.4081,-0.4468,-0.3894
1955-08-01,-0.1818,-0.4273,0.0772,-0.2398,-0.2136,-0.1994,-0.0971,-0.2839,-0.2136
1955-09-01,-0.2078,-0.4645,0.1196,-0.2941,-0.3436,-0.3594,-0.3401,-0.3628,-0.3436
1955-10-01,-0.2686,-0.5003,0.0618,-0.2661,-0.2836,-0.3194,-0.2871,-0.3731,-0.2871
1955-11-01,-0.2749,-0.5208,0.0668,-0.4754,-0.4836,-0.5094,-0.5151,-0.5128,-0.5094
1955-12-01,-0.2431,-0.5978,0.2073,-0.5180,-0.5136,-0.5394,-0.5281,-0.5026,-0.5180
1956-01-01,-0.2059,-0.4646,0.1183,-0.3890,-0.3636,-0.3494,-0.3721,-0.2832,-0.3636
1956-02-01,-0.2027,-0.5309,0.1749,-0.4380,-0.4736,-0.3994,-0.4821,-0.4118,-0.4380
1956-03-01,-0.2069,-0.5259,0.0920,-0.5123,-0.4436,-0.3994,-0.5461,-0.3755,-0.4436
1956-04-01,-0.1789,-0.5292,0.0372,-0.4590,-0.5136,-0.4794,-0.5211,-0.4554,-0.4794
1956-05-01,-0.1671,-0.4422,0.1278,-0.4860,-0.5236,-0.4994,-0.5131,-0.4569,-0.4994
1956-06-01,-0.1765,-0.4156,0.1270,-0.3793,-0.3836,-0.3994,-0.4451,-0.4538,-0.3994
1956-07-01,-0.1696,-0.4922,0.2429,-0.3604,-0.3236,-0.3694,-0.3621,-0.4642,-0.3621
1956-08-01,-0.1780,-0.4573,0.1242,-0.4411,-0.4836,-0.4994,-0.5341,-0.5677,-0.4994
1956-09-01,-0.1915,-0.4532,0.1328,-0.4244,-0.4236,-0.4494,-0.4941,-0.6011,-0.4494
1956-10-01,-0.2349,-0.5664,0.1165,-0.4146,-0.4636,-0.4894,-0.4571,-0.6218,-0.4636
1956-11-01,-0.2665,-0.5811,0.1144,-0.3700,-0.3836,-0.3794,-0.4341,-0.4462,-0.3836
1956-12-01,-0.2347,-0.5417,0.1279,-0.3083,-0.2936,-0.2694,-0.2701,-0.3035,-0.2936
1957-01-01,-0.2109,-0.5393,0.1085,-0.3689,-0.3236,-0.2894,-0.4021,-0.3143,-0.3236
1957-02-01,-0.1807,-0.5081,0.1291,-0.3094,-0.2636,-0.2994,-0.3581,-0.3173,-0.3094
1957-03-01,-0.1446,-0.4490,0.1938,-0.3488,-0.2836,-0.3194,-0.3861,-0.3364,-0.3364
1957-04-01,-0.1610,-0.3898,0.1324,-0.1907,-0.2336,-0.1994,-0.2601,-0.2358,-0.2336
1957-05-01,-0.1718,-0.4758,0.1070,-0.1166,-0.1436,-0.1594,-0.1331,-0.1628,-0.1436
1957-06-01,-0.1586,-0.4433,0.1920,-0.0853,-0.0836,-0.1194,-0.0821,-0.1257,-0.0853
1957-07-01,-0.1586,-0.4301,0.1769,-0.2119,-0.2136,-0.1894,-0.2521,-0.2608,-0.2136
1957-08-01,-0.1769,-0.4451,0.1333,-0.0778,-0.0836,-0.1094,-0.1331,-0.2115,-0.1094
1957-09-01,-0.1862,-0.4764,0.1308,-0.1097,-0.1436,-0.1394,-0.2081,-0.2133,-0.1436
1957-10-01,-0.2419,-0.5266,0.0403,-0.1504,-0.2236,-0.1594,-0.1451,-0.1567,-0.1567
1957-11-01,-0.2624,-0.4876,-0.0411,-0.1545,-0.1536,-0.1894,-0.1761,-0.1029,-0.1545
1957-12-01,-0.2331,-0.5124,0.0310,-0.0979,-0.0836,-0.1094,-0.1261,-0.0156,-0.0979
1958-01-01,-0.2220,-0.5223,0.1019,0.1076,0.1564,0.1106,0.0519,0.1778,0.1106
1958-02-01,-0.1786,-0.4972,0.1984,-0.0589,-0.0136,-0.0494,-0.1031,0.0102,-0.0494
1958-03-01,-0.1699,-0.4546,0.1040,-0.1442,-0.1536,-0.0994,-0.1741,-0.0671,-0.1442
1958-04-01,-0.1638,-0.4290,0.1652,-0.2182,-0.2236,-0.1794,-0.2571,-0.1150,-0.2182
1958-05-01,-0.1666,-0.4450,0.1020,-0.1337,-0.1736,-0.1594,-0.2181,-0.0469,-0.1594
1958-06-01,-0.1652,-0.4076,0.1165,-0.3038,-0.3236,-0.2394,-0.3001,-0.1947,-0.3001
1958-07-01,-0.1760,-0.4512,0.1121,-0.1686,-0.1836,-0.1594,-0.2231,-0.1694,-0.1694
1958-08-01,-0.1640,-0.5062,0.1492,-0.2320,-0.2836,-0.2394,-0.2761,-0.2616,-0.2616
1958-09-01,-0.1976,-0.5234,0.0822,-0.2619,-0.2636,-0.2894,-0.3341,-0.3351,-0.2894
1958-10-01,-0.2395,-0.5151,0.0404,-0.1671,-0.1936,-0.2194,-0.1951,-0.2589,-0.1951
1958-11-01,-0.2521,-0.5789,0.0208,-0.1876,-0.2136,-0.2494,-0.2251,-0.2250,-0.2250
1958-12-01,-0.2215,-0.5112,0.1034,-0.2322,-0.2236,-0.1394,-0.1881,-0.1650,-0.1881
1959-01-01,-0.1868,-0.4957,0.1556,-0.1350,-0.1536,-0.1294,-0.1981,-0.0357,-0.1350
1959-02-01,-0.1890,-0.4275,0.0978,-0.1576,-0.1636,-0.1394,-0.2651,-0.0838,-0.1576
1959-03-01,-0.1829,-0.4949,0.0703,-0.1321,-0.0536,-0.0294,-0.1581,0.0349,-0.0536
1959-04-01,-0.1812,-0.3949,0.0471,-0.1217,-0.0736,-0.0894,-0.1151,-0.0433,-0.0894
1959-05-01,-0.1642,-0.4385,0.1718,-0.1891,-0.1936,-0.1494,-0.2071,-0.1505,-0.1891
1959-06-01,-0.1762,-0.4296,0.1452,-0.1511,-0.2036,-0.1594,-0.1771,-0.1705,-0.1705
1959-07-01,-0.1620,-0.3879,0.1170,-0.1902,-0.2036,-0.1994,-0.1881,-0.2130,-0.1994
1959-08-01,-0.1766,-0.4608,0.1273,-0.1886,-0.2436,-0.1994,-0.2521,-0.2778,-0.2436
1959-09-01,-0.1811,-0.4851,0.0749,-0.2901,-0.2936,-0.2294,-0.3181,-0.3839,-0.2936
1959-10-01,-0.2032,-0.4742,0.1000,-0.2206,-0.3036,-0.2394,-0.2301,-0.2733,-0.2394
1959-11-01,-0.2201,-0.6570,0.0131,-0.3332,-0.3136,-0.2794,-0.3891,-0.3281,-0.3281
1959-12-01,-0.2128,-0.5243,0.1474,-0.2519,-0.2336,-0.1894,-0.2381,-0.1472,-0.2336
1960-01-01,-0.1917,-0.4815,0.1950,-0.2630,-0.2336,-0.2294,-0.2941,-0.0959,-0.2336
1960-02-01,-0.1641,-0.5763,0.2183,-0.1264,-0.1036,-0.0894,-0.1681,-0.0155,-0.1036
1960-03-01,-0.1309,-0.4526,0.1900,-0.5942,-0.5836,-0.4794,-0.6101,-0.4439,-0.5836
1960-04-01,-0.1048,-0.4889,0.2327,-0.4113,-0.3836,-0.3594,-0.4471,-0.3202,-0.3836
1960-05-01,-0.1247,-0.5219,0.1597,-0.3267,-0.3136,-0.3394,-0.3391,-0.2388,-0.3267
1960-06-01,-0.1302,-0.4450,0.1666,-0.2739,-0.2736,-0.2794,-0.2661,-0.2228,-0.2736
1960-07-01,-0.1200,-0.3916,0.1158,-0.2610,-0.2736,-0.2294,-0.2741,-0.2612,-0.2612
1960-08-01,-0.1495,-0.4251,0.0956,-0.1516,-0.2136,-0.2394,-0.2051,-0.2159,-0.2136
1960-09-01,-0.1840,-0.4771,0.0784,-0.1454,-0.1636,-0.1994,-0.2231,-0.3032,-0.1994
1960-10-01,-0.2291,-0.5506,0.0622,-0.1793,-0.1736,-0.2194,-0.2041,-0.2044,-0.2041
1960-11-01,-0.2394,-0.6407,0.0676,-0.3638,-0.3436,-0.3694,-0.4131,-0.3103,-0.3638
1960-12-01,-0.2211,-0.5242,0.1725,-0.0667,-0.0436,-0.0394,-0.0711,0.0092,-0.0436
1961-01-01,-0.1900,-0.5615,0.1221,-0.1966,-0.1636,-0.1494,-0.2091,-0.0453,-0.1636
1961-02-01,-0.1712,-0.4381,0.1675,-0.0535,-0.0436,-0.0794,-0.1241,-0.0067,-0.0535
1961-03-01,-0.1512,-0.5083,0.1895,-0.2054,-0.1436,-0.1394,-0.2541,-0.0959,-0.1436
1961-04-01,-0.1538,-0.4895,0.0707,-0.0838,-0.1036,-0.0994,-0.1221,-0.0932,-0.0994
1961-05-01,-0.1314,-0.3403,0.1150,-0.0766,-0.1136,-0.0994,-0.1091,-0.0487,-0.0994
1961-06-01,-0.1339,-0.3984,0.1180,-0.0583,-0.1136,-0.1094,-0.0861,-0.1170,-0.1094
1961-07-01,-0.1520,-0.3628,0.0803,-0.1829,-0.2236,-0.1894,-0.2231,-0.1762,-0.1894
1961-08-01,-0.1820,-0.4284,0.0232,-0.1587,-0.2236,-0.1994,-0.2071,-0.2330,-0.2071
1961-09-01,-0.2133,-0.4422,0.0180,-0.1752,-0.1536,-0.1994,-0.2421,-0.1956,-0.1956
1961-10-01,-0.2360,-0.4732,-0.0118,-0.2101,-0.2336,-0.2394,-0.2201,-0.2145,-0.2201
1961-11-01,-0.2417,-0.4683,-0.0113,-0.1768,-0.2036,-0.1994,-0.2311,-0.2033,-0.2033
1961-12-01,-0.2207,-0.5226,0.0483,-0.3978,-0.3936,-0.3594,-0.3811,-0.2767,-0.3811
1962-01-01,-0.2184,-0.5222,0.0201,-0.2018,-0.1836,-0.1794,-0.2241,-0.1186,-0.1836
1962-02-01,-0.1830,-0.5044,0.0608,-0.1308,-0.0836,-0.0794,-0.1531,-0.0472,-0.0836
1962-03-01,-0.1823,-0.5086,0.0836,-0.1259,-0.1336,-0.0894,-0.1581,-0.0909,-0.1259
1962-04-01,-0.1600,-0.4050,0.0710,-0.1673,-0.1836,-0.1694,-0.2331,-0.1664,-0.1694
1962-05-01,-0.1846,-0.4196,0.0036,-0.3249,-0.2936,-0.3094,-0.3971,-0.2486,-0.3094
1962-06-01,-0.1939,-0.4073,0.0004,-0.2014,-0.2036,-0.2494,-0.2861,-0.3087,-0.2494
1962-07-01,-0.1909,-0.4934,0.0197,-0.2560,-0.2136,-0.2494,-0.2941,-0.2255,-0.2494
1962-08-01,-0.2163,-0.4887,-0.0232,-0.2564,-0.2436,-0.2794,-0.2931,-0.2851,-0.2794
1962-09-01,-0.2174,-0.4193,-0.0051,-0.2200,-0.2336,-0.2794,-0.2991,-0.3258,-0.2794
1962-10-01,-0.2525,-0.4934,-0.0815,-0.1859,-0.2236,-0.2194,-0.2491,-0.2428,-0.2236
1962-11-01,-0.2592,-0.4747,0.0172,-0.1659,-0.1736,-0.1294,-0.2351,-0.1958,-0.1736
1962-12-01,-0.2512,-0.4936,-0.0252,-0.2725,-0.2636,-0.2294,-0.2661,-0.1773,-0.2636
1963-01-01,-0.2189,-0.4725,0.0320,-0.2641,-0.2636,-0.2594,-0.3011,-0.1777,-0.2636
1963-02-01,-0.2311,-0.5126,0.0543,-0.1057,-0.0536,-0.0694,-0.1561,-0.0553,-0.0694
1963-03-01,-0.1987,-0.4494,0.1159,-0.4871,-0.3736,-0.3594,-0.5241,-0.3804,-0.3804
1963-04-01,-0.2103,-0.4719,0.0088,-0.3249,-0.3036,-0.2794,-0.3651,-0.3100,-0.3100
1963-05-01,-0.2194,-0.4584,0.0301,-0.2925,-0.2936,-0.2594,-0.3461,-0.2408,-0.2925
1963-06-01,-0.2504,-0.6245,0.0625,-0.2128,-0.1836,-0.2394,-0.2521,-0.1733,-0.2128
1963-07-01,-0.2624,-0.6199,0.0553,-0.0848,-0.1736,-0.1894,-0.1191,-0.1117,-0.1191
1963-08-01,-0.2830,-0.6279,0.0077,0.0015,-0.0136,-0.0894,0.0279,-0.0369,-0.0136
1963-09-01,-0.3052,-0.6043,-0.0699,-0.0228,-0.0636,-0.0894,-0.0801,-0.1268,-0.0801
1963-10-01,-0.3598,-0.6529,-0.0690,-0.0805,-0.0936,-0.1094,-0.0731,-0.1395,-0.0936
1963-11-01,-0.3858,-0.7110,-0.0219,-0.0993,-0.0836,-0.1494,-0.1131,-0.1025,-0.1025
1963-12-01,-0.3984,-0.8113,-0.0729,-0.2068,-0.2636,-0.1894,-0.1931,-0.1338,-0.1931
1964-01-01,-0.4282,-0.7860,-0.0929,-0.3369,-0.3236,-0.3094,-0.3571,-0.1643,-0.3236
1964-02-01,-0.4174,-0.7967,-0.1163,-0.3699,-0.3336,-0.3294,-0.4081,-0.2079,-0.3336
1964-03-01,-0.3755,-0.6926,-0.0764,-0.5297,-0.4436,-0.4494,-0.5881,-0.3762,-0.4494
1964-04-01,-0.3582,-0.5637,-0.0762,-0.5880,-0.5536,-0.5094,-0.6071,-0.4472,-0.5536
1964-05-01,-0.3739,-0.6549,-0.0570,-0.5203,-0.4836,-0.4494,-0.5391,-0.3279,-0.4836
1964-06-01,-0.4071,-0.7232,-0.1281,-0.3160,-0.2736,-0.2994,-0.2881,-0.2973,-0.2973
1964-07-01,-0.3936,-0.6292,-0.2260,-0.3474,-0.2736,-0.3394,-0.3101,-0.1874,-0.3101
1964-08-01,-0.3918,-0.6849,-0.1939,-0.4463,-0.4536,-0.4194,-0.4391,-0.3787,-0.4391
1964-09-01,-0.4016,-0.6315,-0.1932,-0.5504,-0.5236,-0.5294,-0.5681,-0.5759,-0.5504
1964-10-01,-0.4593,-0.7079,-0.1789,-0.4591,-0.5436,-0.5094,-0.5141,-0.6369,-0.5141
1964-11-01,-0.4496,-0.7567,-0.1283,-0.4449,-0.4436,-0.4994,-0.5131,-0.4707,-0.4707
1964-12-01,-0.4343,-0.8010,-0.0707,-0.5194,-0.5336,-0.4994,-0.5511,-0.4709,-0.5194
1965-01-01,-0.3907,-0.7412,-0.0631,-0.3095,-0.3136,-0.3294,-0.3441,-0.2657,-0.3136
1965-02-01,-0.3732,-0.7336,-0.0493,-0.4127,-0.4036,-0.4094,-0.4421,-0.3630,-0.4094
1965-03-01,-0.3372,-0.7067,0.0410,-0.4069,-0.3636,-0.3794,-0.4511,-0.3147,-0.3794
1965-04-01,-0.3157,-0.6118,-0.0713,-0.4481,-0.4236,-0.4194,-0.4791,-0.3789,-0.4236
1965-05-01,-0.3367,-0.5842,-0.0915,-0.3382,-0.3536,-0.3394,-0.3601,-0.2508,-0.3394
1965-06-01,-0.3364,-0.5632,-0.0302,-0.3551,-0.3136,-0.3394,-0.3611,-0.3275,-0.3394
1965-07-01,-0.3509,-0.6271,-0.0815,-0.4152,-0.3636,-0.3594,-0.3731,-0.3171,-0.3636
1965-08-01,-0.3473,-0.6268,-0.0786,-0.3094,-0.2736,-0.2994,-0.3201,-0.3564,-0.3094
1965-09-01,-0.3735,-0.6035,-0.1528,-0.3945,-0.3836,-0.3394,-0.4261,-0.4019,-0.3945
1965-10-01,-0.4105,-0.7059,-0.1127,-0.2540,-0.2836,-0.2394,-0.2341,-0.3154,-0.2540
1965-11-01,-0.4110,-0.6936,-0.1769,-0.2929,-0.2936,-0.2394,-0.3171,-0.2822,-0.2929
1965-12-01,-0.3871,-0.7119,-0.0477,-0.2940,-0.3136,-0.2694,-0.2851,-0.2154,-0.2851
1966-01-01,-0.3215,-0.6231,-0.0616,-0.4311,-0.4236,-0.3994,-0.4281,-0.2665,-0.4236
1966-02-01,-0.3164,-0.6668,-0.0722,-0.3124,-0.2736,-0.2794,-0.3311,-0.1910,-0.2794
1966-03-01,-0.3322,-0.6811,-0.0099,-0.3200,-0.1936,-0.2694,-0.3321,-0.1599,-0.2694
1966-04-01,-0.2974,-0.5379,0.0162,-0.3193,-0.3636,-0.3194,-0.3201,-0.2722,-0.3194
1966-05-01,-0.2909,-0.5466,-0.0356,-0.3650,-0.3536,-0.3094,-0.3681,-0.2415,-0.3536
1966-06-01,-0.2725,-0.5228,-0.0275,-0.2515,-0.2236,-0.2194,-0.2191,-0.1653,-0.2194
1966-07-01,-0.3011,-0.5758,-0.0412,-0.1448,-0.1536,-0.1394,-0.1501,-0.0927,-0.1448
1966-08-01,-0.3078,-0.5798,-0.1158,-0.2467,-0.3236,-0.2694,-0.2781,-0.2636,-0.2694
1966-09-01,-0.3400,-0.5683,-0.1235,-0.2325,-0.2636,-0.2494,-0.2661,-0.2805,-0.2636
1966-10-01,-0.3692,-0.5728,-0.0850,-0.3816,-0.4036,-0.3994,-0.3871,-0.4159,-0.3994
1966-11-01,-0.3914,-0.5946,-0.1476,-0.2544,-0.2436,-0.2794,-0.3021,-0.2885,-0.2794
1966-12-01,-0.4060,-0.6215,-0.1060,-0.2879,-0.2536,-0.2794,-0.2821,-0.2132,-0.2794
1967-01-01,-0.3725,-0.6636,-0.0839,-0.3676,-0.3036,-0.3694,-0.3721,-0.2616,-0.3676
1967-02-01,-0.3251,-0.5515,-0.0159,-0.4754,-0.4436,-0.4494,-0.5221,-0.4267,-0.4494
1967-03-01,-0.3010,-0.4989,-0.0472,-0.2443,-0.1836,-0.1894,-0.2971,-0.1713,-0.1894
1967-04-01,-0.2675,-0.5978,0.0097,-0.2818,-0.2836,-0.2594,-0.3051,-0.2315,-0.2818
1967-05-01,-0.2505,-0.5330,-0.0163,-0.0888,-0.1136,-0.0594,-0.1011,-0.0400,-0.0888
1967-06-01,-0.2594,-0.4773,-0.0757,-0.2583,-0.3136,-0.2794,-0.2891,-0.2480,-0.2794
1967-07-01,-0.3046,-0.5473,-0.1090,-0.2170,-0.2136,-0.2594,-0.2321,-0.2119,-0.2170
1967-08-01,-0.2747,-0.5025,-0.0749,-0.2478,-0.2236,-0.2594,-0.2561,-0.2551,-0.2551
1967-09-01,-0.3014,-0.5035,-0.1123,-0.2723,-0.2936,-0.2394,-0.3001,-0.2614,-0.2723
1967-10-01,-0.3471,-0.5422,-0.1209,-0.1675,-0.1436,-0.1394,-0.2061,-0.1548,-0.1548
1967-11-01,-0.3557,-0.6184,-0.1203,-0.2690,-0.2836,-0.2894,-0.3661,-0.2609,-0.2836
1967-12-01,-0.3221,-0.5599,-0.1033,-0.3015,-0.2836,-0.2394,-0.3141,-0.1709,-0.2836
1968-01-01,-0.3204,-0.5977,-0.0278,-0.4684,-0.4936,-0.4294,-0.5081,-0.3686,-0.4684
1968-02-01,-0.2832,-0.5074,0.0246,-0.4117,-0.3736,-0.3894,-0.4611,-0.3137,-0.3894
1968-03-01,-0.2545,-0.5231,-0.0446,-0.1489,-0.0336,-0.0794,-0.1861,-0.0649,-0.0794
1968-04-01,-0.2523,-0.4926,0.0144,-0.3269,-0.2936,-0.2894,-0.3651,-0.2630,-0.2936
1968-05-01,-0.2349,-0.4431,-0.0533,-0.3720,-0.3736,-0.3194,-0.4061,-0.2652,-0.3720
1968-06-01,-0.2528,-0.4733,-0.0304,-0.2986,-0.3236,-0.2494,-0.2871,-0.3394,-0.2986
1968-07-01,-0.2708,-0.5346,-0.0806,-0.3422,-0.3636,-0.3194,-0.4031,-0.2777,-0.3422
1968-08-01,-0.2639,-0.5341,-0.0248,-0.2745,-0.3136,-0.2494,-0.3281,-0.3369,-0.3136
1968-09-01,-0.2972,-0.5243,-0.0876,-0.3714,-0.4236,-0.3394,-0.4081,-0.4220,-0.4081
1968-10-01,-0.3433,-0.5585,-0.1666,-0.1379,-0.1436,-0.1894,-0.1751,-0.1979,-0.1751
1968-11-01,-0.3557,-0.6184,-0.1025,-0.2808,-0.2836,-0.3594,-0.3521,-0.3059,-0.3059
1968-12-01,-0.3426,-0.6241,-0.0941,-0.3371,-0.3736,-0.3494,-0.3581,-0.2954,-0.3494
1969-01-01,-0.2776,-0.5264,-0.0228,-0.3085,-0.3436,-0.3294,-0.3621,-0.2292,-0.3294
1969-02-01,-0.2915,-0.5263,-0.0324,-0.3432,-0.4136,-0.3194,-0.4141,-0.2893,-0.3432
1969-03-01,-0.2525,-0.5597,0.0516,-0.2797,-0.2236,-0.1994,-0.3291,-0.1560,-0.2236
1969-04-01,-0.2409,-0.4856,0.0377,-0.0990,-0.0636,-0.0794,-0.1451,-0.0370,-0.0794
1969-05-01,-0.2461,-0.4789,-0.0109,-0.0835,-0.0536,-0.0394,-0.0871,0.0134,-0.0536
1969-06-01,-0.2581,-0.5251,0.0270,-0.1407,-0.2036,-0.1494,-0.1611,-0.1316,-0.1494
1969-07-01,-0.2586,-0.4905,0.0015,-0.2546,-0.2736,-0.2394,-0.2841,-0.2104,-0.2546
1969-08-01,-0.2902,-0.5520,-0.0557,-0.2179,-0.1936,-0.1994,-0.2401,-0.3424,-0.2179
1969-09-01,-0.3157,-0.5336,-0.1145,-0.1589,-0.1536,-0.1494,-0.2041,-0.2576,-0.1589
1969-10-01,-0.3499,-0.6429,-0.0983,-0.1465,-0.1436,-0.1194,-0.1481,-0.2452,-0.1465
1969-11-01,-0.3399,-0.6401,-0.1200,-0.1245,-0.1136,-0.0994,-0.1741,-0.0732,-0.1136
1969-12-01,-0.3129,-0.5582,-0.0463,0.0207,0.0064,0.0406,-0.0121,0.0921,0.0207
1970-01-01,-0.2842,-0.5708,0.0452,-0.1354,-0.1536,-0.0894,-0.1611,-0.0263,-0.1354
1970-02-01,-0.2255,-0.5122,0.1121,-0.0860,-0.0136,-0.0594,-0.1431,0.0047,-0.0594
1970-03-01,-0.2553,-0.5672,0.0065,-0.2390,-0.1736,-0.1594,-0.2751,-0.1275,-0.1736
1970-04-01,-0.2483,-0.5953,0.0609,-0.2280,-0.1836,-0.1494,-0.2161,-0.0567,-0.1836
1970-05-01,-0.2332,-0.5105,0.0199,-0.2908,-0.2636,-0.2294,-0.2821,-0.1668,-0.2636
1970-06-01,-0.2194,-0.5700,-0.0075,-0.2866,-0.2536,-0.2494,-0.2771,-0.1569,-0.2536
1970-07-01,-0.2307,-0.5658,0.0358,-0.2598,-0.2136,-0.2094,-0.2451,-0.2004,-0.2136
1970-08-01,-0.2506,-0.5253,-0.0494,-0.3473,-0.3336,-0.3194,-0.3791,-0.3679,-0.3473
1970-09-01,-0.2512,-0.5089,-0.0342,-0.1793,-0.1136,-0.1894,-0.1961,-0.2926,-0.1894
1970-10-01,-0.2866,-0.6007,-0.0699,-0.2093,-0.2036,-0.2894,-0.2301,-0.2757,-0.2301
1970-11-01,-0.2799,-0.5252,-0.0508,-0.2089,-0.2136,-0.2294,-0.3251,-0.2483,-0.2294
1970-12-01,-0.3172,-0.6517,-0.0534,-0.3406,-0.3536,-0.3694,-0.3851,-0.2545,-0.3536
1971-01-01,-0.2363,-0.5510,0.0042,-0.2915,-0.2536,-0.3194,-0.3371,-0.1903,-0.2915
1971-02-01,-0.2218,-0.4643,0.0975,-0.4222,-0.3836,-0.4094,-0.4901,-0.3683,-0.4094
1971-03-01,-0.1902,-0.5183,0.0162,-0.4871,-0.4136,-0.3694,-0.5131,-0.3439,-0.4136
1971-04-01,-0.1803,-0.3756,0.1120,-0.3820,-0.3036,-0.3294,-0.3731,-0.2849,-0.3294
1971-05-01,-0.1787,-0.4150,0.0420,-0.3461,-0.2836,-0.2894,-0.3171,-0.3121,-0.3121
1971-06-01,-0.1822,-0.4730,0.0880,-0.4082,-0.3936,-0.3794,-0.3741,-0.3766,-0.3794
1971-07-01,-0.1886,-0.4646,-0.0390,-0.3325,-0.3136,-0.2894,-0.3721,-0.3875,-0.3325
1971-08-01,-0.2039,-0.4527,-0.0104,-0.3292,-0.2436,-0.2994,-0.3661,-0.3885,-0.3292
1971-09-01,-0.2053,-0.4067,0.0530,-0.2725,-0.2836,-0.2194,-0.3031,-0.3593,-0.2836
1971-10-01,-0.2200,-0.4864,-0.0216,-0.3040,-0.2736,-0.3694,-0.3071,-0.4272,-0.3071
1971-11-01,-0.2674,-0.5139,-0.0694,-0.2994,-0.3036,-0.3494,-0.3441,-0.3459,-0.3441
1971-12-01,-0.2373,-0.5891,-0.0028,-0.3772,-0.3136,-0.3294,-0.3861,-0.2425,-0.3294
1972-01-01,-0.1930,-0.4012,0.0485,-0.5255,-0.4536,-0.4094,-0.5221,-0.3975,-0.4536
1972-02-01,-0.1681,-0.4703,0.0406,-0.4264,-0.4136,-0.3794,-0.5011,-0.4386,-0.4264
1972-03-01,-0.1431,-0.3785,0.0601,-0.2898,-0.2036,-0.1694,-0.2871,-0.2492,-0.2492
1972-04-01,-0.1332,-0.3507,0.1286,-0.2754,-0.2336,-0.2194,-0.2621,-0.1899,-0.2336
1972-05-01,-0.1415,-0.3349,0.0559,-0.2295,-0.2636,-0.2294,-0.2511,-0.1919,-0.2295
1972-06-01,-0.1477,-0.4069,0.0460,-0.1799,-0.1936,-0.1294,-0.1551,-0.0666,-0.1551
1972-07-01,-0.1406,-0.3778,0.0268,-0.2392,-0.2136,-0.1694,-0.2381,-0.1008,-0.2136
1972-08-01,-0.1758,-0.4200,-0.0207,-0.0835,-0.0736,-0.0394,-0.0841,-0.1407,-0.0835
1972-09-01,-0.2017,-0.3575,-0.0320,-0.1992,-0.2136,-0.1594,-0.1961,-0.2285,-0.1992
1972-10-01,-0.2510,-0.4635,-0.0607,-0.2024,-0.1536,-0.1494,-0.1801,-0.1840,-0.1801
1972-11-01,-0.2412,-0.4450,-0.0161,-0.1979,-0.2136,-0.2194,-0.2651,-0.2297,-0.2194
1972-12-01,-0.2113,-0.4503,-0.0179,-0.0364,-0.0536,-0.0194,-0.0231,0.0051,-0.0231
1973-01-01,-0.1717,-0.4343,0.0181,-0.0465,0.0564,0.0406,-0.0211,0.1176,0.0406
1973-02-01,-0.1721,-0.4507,0.1165,0.0115,0.0964,0.0606,-0.0081,0.1492,0.0606
1973-03-01,-0.1473,-0.4545,0.1367,-0.0313,0.0564,0.0206,-0.0821,0.0230,0.0206
1973-04-01,-0.1371,-0.3656,0.0717,0.0456,0.0364,0.0606,-0.0061,0.0081,0.0364
1973-05-01,-0.1291,-0.3708,0.0636,-0.0395,-0.0036,-0.0194,-0.0231,0.0112,-0.0194
1973-06-01,-0.1510,-0.3281,0.0091,-0.0436,-0.0436,0.0006,-0.0251,-0.1097,-0.0436
1973-07-01,-0.1694,-0.3885,0.0270,-0.1298,-0.1036,-0.1194,-0.1201,-0.1355,-0.1201
1973-08-01,-0.1805,-0.3580,0.0047,-0.1717,-0.1836,-0.1694,-0.1901,-0.3080,-0.1836
1973-09-01,-0.2030,-0.3787,-0.0034,-0.1822,-0.1436,-0.1694,-0.2031,-0.2723,-0.1822
1973-10-01,-0.2263,-0.3988,-0.0829,-0.1354,-0.1336,-0.1794,-0.1781,-0.2783,-0.1781
1973-11-01,-0.2350,-0.4020,0.0340,-0.1732,-0.1936,-0.2194,-0.2251,-0.2056,-0.2056
1973-12-01,-0.2221,-0.4534,-0.0430,-0.2771,-0.3036,-0.2494,-0.2651,-0.1621,-0.2651
1974-01-01,-0.1628,-0.4122,0.1374,-0.4316,-0.3336,-0.3294,-0.4321,-0.2683,-0.3336
1974-02-01,-0.1548,-0.4262,0.0992,-0.5936,-0.5036,-0.4994,-0.5771,-0.4734,-0.5036
1974-03-01,-0.1556,-0.3398,0.1434,-0.3864,-0.2836,-0.3094,-0.4031,-0.3267,-0.3267
1974-04-01,-0.1250,-0.3333,0.1542,-0.3481,-0.3436,-0.2994,-0.3811,-0.3351,-0.3436
1974-05-01,-0.1460,-0.3564,0.0793,-0.2779,-0.2736,-0.2294,-0.3141,-0.3548,-0.2779
1974-06-01,-0.1421,-0.3088,-0.0005,-0.2626,-0.2836,-0.2394,-0.2601,-0.3737,-0.2626
1974-07-01,-0.1442,-0.2793,0.0083,-0.2818,-0.2636,-0.2294,-0.3131,-0.3839,-0.2818
1974-08-01,-0.1701,-0.3461,0.0064,-0.1229,-0.1336,-0.1294,-0.1261,-0.3051,-0.1294
1974-09-01,-0.1919,-0.3662,-0.0079,-0.2374,-0.3136,-0.2894,-0.2981,-0.4735,-0.2981
1974-10-01,-0.2216,-0.4368,-0.0029,-0.2580,-0.2936,-0.2894,-0.3101,-0.4672,-0.2936
1974-11-01,-0.2390,-0.4270,-0.0385,-0.2694,-0.3136,-0.3394,-0.3541,-0.3926,-0.3394
1974-12-01,-0.2306,-0.4973,0.0497,-0.3573,-0.3136,-0.3594,-0.3541,-0.3192,-0.3541
1975-01-01,-0.1698,-0.4851,0.0806,-0.2406,-0.1336,-0.2194,-0.2531,-0.1689,-0.2194
1975-02-01,-0.1591,-0.4297,0.1014,-0.1684,-0.1536,-0.1594,-0.1831,-0.1807,-0.1684
1975-03-01,-0.1558,-0.3956,0.1390,-0.1557,-0.1036,-0.1094,-0.1751,-0.1431,-0.1431
1975-04-01,-0.1351,-0.3843,0.0955,-0.1953,-0.1936,-0.1794,-0.1901,-0.2170,-0.1936
1975-05-01,-0.1542,-0.3516,0.0615,-0.0931,-0.0736,-0.1294,-0.1121,-0.2505,-0.1121
1975-06-01,-0.1765,-0.3651,0.0731,-0.2060,-0.2436,-0.1894,-0.2331,-0.3491,-0.2331
1975-07-01,-0.1627,-0.3695,0.0158,-0.2504,-0.2436,-0.2394,-0.2571,-0.4129,-0.2504
1975-08-01,-0.1772,-0.3564,0.0434,-0.3784,-0.4036,-0.3694,-0.4181,-0.5223,-0.4036
1975-09-01,-0.1965,-0.3943,0.0392,-0.2856,-0.2536,-0.2394,-0.2971,-0.5192,-0.2856
1975-10-01,-0.2282,-0.4489,-0.0564,-0.2978,-0.3436,-0.3994,-0.3571,-0.5631,-0.3571
1975-11-01,-0.2580,-0.4914,0.0362,-0.4074,-0.4036,-0.4194,-0.4831,-0.4680,-0.4194
1975-12-01,-0.2363,-0.4902,0.0480,-0.3956,-0.4036,-0.3694,-0.3641,-0.3796,-0.3796
1976-01-01,-0.1873,-0.5564,0.1919,-0.3149,-0.2636,-0.2794,-0.3271,-0.2585,-0.2794
1976-02-01,-0.1940,-0.4774,0.1568,-0.3759,-0.2936,-0.3194,-0.4031,-0.4274,-0.3759
1976-03-01,-0.1581,-0.4512,0.1451,-0.4827,-0.4536,-0.4194,-0.5441,-0.5457,-0.4827
1976-04-01,-0.1452,-0.4100,0.1206,-0.3302,-0.3036,-0.2694,-0.3761,-0.3976,-0.3302
1976-05-01,-0.1228,-0.3717,0.1669,-0.5052,-0.4336,-0.4194,-0.5021,-0.4966,-0.4966
1976-06-01,-0.1222,-0.4604,0.1990,-0.3813,-0.3536,-0.2994,-0.3511,-0.3976,-0.3536
1976-07-01,-0.1224,-0.3496,0.1563,-0.3186,-0.3336,-0.2294,-0.2781,-0.3408,-0.3186
1976-08-01,-0.1604,-0.4444,0.1126,-0.3879,-0.3536,-0.2994,-0.3511,-0.4375,-0.3536
1976-09-01,-0.1881,-0.3930,0.0537,-0.2986,-0.2936,-0.2394,-0.2711,-0.3767,-0.2936
1976-10-01,-0.2233,-0.3969,-0.0312,-0.4800,-0.4736,-0.4794,-0.4551,-0.6951,-0.4794
1976-11-01,-0.2591,-0.4697,-0.0200,-0.2818,-0.2936,-0.3294,-0.3111,-0.4123,-0.3111
1976-12-01,-0.2103,-0.4429,0.0233,-0.1756,-0.1236,-0.1294,-0.1221,-0.2229,-0.1294
1977-01-01,-0.1826,-0.4594,0.1035,0.0052,-0.0436,-0.0394,-0.0101,-0.0645,-0.0394
1977-02-01,-0.1373,-0.4191,0.1383,-0.0414,-0.0036,-0.0694,-0.0531,-0.1070,-0.0531
1977-03-01,-0.1296,-0.4055,0.0797,-0.0705,0.0064,-0.0394,-0.0961,-0.1096,-0.0705
1977-04-01,-0.1258,-0.3651,0.0854,-0.0146,0.0264,-0.0094,-0.0231,-0.0848,-0.0146
1977-05-01,-0.1043,-0.2839,0.1084,0.0778,0.0964,0.0306,0.0589,-0.0353,0.0589
1977-06-01,-0.0948,-0.2641,0.0619,0.0601,0.0364,0.0406,0.0729,-0.0425,0.0406
1977-07-01,-0.1260,-0.3391,0.0612,-0.0072,-0.0336,-0.0094,0.0009,-0.1239,-0.0094
1977-08-01,-0.1298,-0.3490,0.0394,-0.0176,-0.0536,-0.0294,0.0249,-0.1509,-0.0294
1977-09-01,-0.1598,-0.2983,-0.0025,-0.1508,-0.2136,-0.1394,-0.1441,-0.3249,-0.1508
1977-10-01,-0.1912,-0.3901,-0.0273,-0.1653,-0.2036,-0.1594,-0.1221,-0.3517,-0.1653
1977-11-01,-0.1970,-0.4668,-0.0147,-0.0283,-0.0736,-0.0394,-0.0571,-0.0759,-0.0571
1977-12-01,-0.1403,-0.3554,0.1384,-0.1892,-0.2036,-0.1494,-0.1581,-0.0980,-0.1581
1978-01-01,-0.0861,-0.3645,0.1707,-0.1130,-0.1736,-0.1294,-0.1771,-0.0824,-0.1294
1978-02-01,-0.0989,-0.4216,0.1089,-0.0756,-0.1336,-0.0894,-0.1131,-0.1043,-0.1043
1978-03-01,-0.0666,-0.3284,0.1771,-0.0906,-0.0436,-0.0294,-0.1241,-0.1054,-0.0906
1978-04-01,-0.0392,-0.2859,0.1314,-0.0971,-0.0636,-0.1094,-0.1161,-0.1274,-0.1094
1978-05-01,-0.0377,-0.2173,0.1580,-0.1358,-0.1436,-0.1394,-0.1011,-0.1121,-0.1358
1978-06-01,-0.0573,-0.2941,0.0808,-0.2038,-0.2436,-0.1994,-0.2131,-0.2799,-0.2131
1978-07-01,-0.0772,-0.2673,0.0407,-0.1349,-0.1936,-0.1294,-0.1041,-0.1721,-0.1349
1978-08-01,-0.0885,-0.2897,0.0667,-0.3672,-0.3736,-0.3094,-0.3911,-0.4061,-0.3736
1978-09-01,-0.0920,-0.2617,0.0874,-0.1135,-0.1736,-0.0994,-0.1441,-0.3641,-0.1441
1978-10-01,-0.1225,-0.3122,0.0651,-0.2099,-0.2036,-0.1894,-0.2051,-0.3308,-0.2051
1978-11-01,-0.1450,-0.3524,0.0737,-0.0565,-0.1036,-0.0594,-0.1051,-0.1197,-0.1036
1978-12-01,-0.1394,-0.3842,0.0716,-0.1389,-0.1536,-0.1194,-0.1281,-0.0711,-0.1281
1979-01-01,-0.0710,-0.3040,0.2320,-0.1021,-0.1536,-0.0794,-0.1311,0.0513,-0.1021
1979-02-01,-0.0735,-0.3763,0.2436,-0.3314,-0.3336,-0.2894,-0.3361,-0.2087,-0.3314
1979-03-01,-0.0452,-0.3908,0.2164,-0.0872,-0.0436,-0.0794,-0.1041,-0.0189,-0.0794
1979-04-01,-0.0559,-0.2445,0.1174,-0.0765,-0.0836,-0.1794,-0.1101,-0.0842,-0.0842
1979-05-01,-0.0566,-0.3086,0.1317,-0.1760,-0.2036,-0.1294,-0.1681,-0.0671,-0.1681
1979-06-01,-0.0537,-0.3235,0.1431,-0.1040,-0.0936,-0.0694,-0.1281,-0.0862,-0.0936
1979-07-01,-0.0432,-0.2245,0.1439,-0.1339,-0.1936,-0.1494,-0.1881,-0.1815,-0.1815
1979-08-01,-0.0693,-0.2364,0.0685,-0.0365,-0.0636,-0.0594,-0.0821,-0.0935,-0.0636
1979-09-01,-0.0524,-0.2255,0.1440,0.0205,0.0164,0.0206,0.0029,-0.0557,0.0164
1979-10-01,-0.0730,-0.2506,0.1128,-0.0074,0.0264,0.0106,0.0359,0.0002,0.0106
1979-11-01,-0.0750,-0.2788,0.1730,0.0548,0.0464,0.0306,0.0119,0.0230,0.0306
1979-12-01,-0.0486,-0.2399,0.2981,0.2341,0.2364,0.2506,0.2599,0.3114,0.2506
1980-01-01,-0.0418,-0.2480,0.1767,0.0984,0.0664,0.0906,0.1089,0.1739,0.0984
1980-02-01,-0.0349,-0.4139,0.2074,0.2045,0.1564,0.1806,0.1779,0.2213,0.1806
1980-03-01,0.0037,-0.3033,0.2384,0.0598,0.0564,0.0906,0.0839,0.1907,0.0839
1980-04-01,0.0091,-0.2442,0.2406,0.0802,0.0564,0.0606,0.1489,0.2400,0.0802
1980-05-01,0.0209,-0.2142,0.2275,0.0922,0.1164,0.1206,0.1409,0.2883,0.1206
1980-06-01,0.0101,-0.1816,0.2083,-0.0241,-0.0336,0.0006,0.0119,0.0919,0.0006
1980-07-01,0.0164,-0.2534,0.1711,0.0518,-0.0136,0.0306,0.1029,0.1068,0.0518
1980-08-01,-0.0036,-0.2431,0.1507,0.0110,-0.0536,0.0006,0.0719,0.0315,0.0110
1980-09-01,-0.0165,-0.3016,0.1902,-0.0283,-0.0336,-0.0294,-0.0111,-0.0472,-0.0294
1980-10-01,-0.0465,-0.2755,0.1444,-0.0596,-0.1036,-0.0694,-0.0671,-0.0910,-0.0694
1980-11-01,-0.0575,-0.2579,0.1216,0.0532,0.0564,0.0106,0.0139,-0.0220,0.0139
1980-12-01,-0.0304,-0.3148,0.2121,-0.0436,-0.0236,-0.0094,-0.0401,-0.0289,-0.0289
1981-01-01,0.0123,-0.3121,0.3067,0.2918,0.2964,0.2706,0.2629,0.2993,0.2918
1981-02-01,0.0226,-0.2666,0.2921,0.1863,0.1864,0.1606,0.1369,0.2295,0.1863
1981-03-01,0.0323,-0.2219,0.2647,0.1757,0.2464,0.2106,0.1649,0.3039,0.2106
1981-04-01,0.0625,-0.1445,0.2436,0.0432,0.0864,0.0706,0.0439,0.2110,0.0706
1981-05-01,0.0604,-0.0843,0.2181,-0.0078,0.0064,0.0206,-0.0101,0.1497,0.0064
1981-06-01,0.0532,-0.1414,0.2202,0.0902,0.0564,0.0406,0.1199,0.0964,0.0902
1981-07-01,0.0121,-0.1522,0.2119,0.1158,0.0864,0.0206,0.1119,0.0746,0.0864
1981-08-01,0.0117,-0.1707,0.1959,0.1564,0.1164,0.0806,0.1419,0.0797,0.1164
1981-09-01,0.0036,-0.1446,0.2032,-0.0134,-0.0936,-0.0494,-0.0011,-0.0155,-0.0155
1981-10-01,-0.0456,-0.2044,0.1536,-0.0987,-0.1136,-0.0294,-0.0411,-0.0541,-0.0541
1981-11-01,-0.0345,-0.2186,0.1664,0.0090,-0.0036,0.0006,-0.0251,-0.0177,-0.0036
1981-12-01,-0.0114,-0.2603,0.2370,0.2122,0.1764,0.1906,0.2249,0.2087,0.2087
1982-01-01,0.0179,-0.3029,0.3186,-0.1837,-0.1836,-0.1594,-0.1601,-0.1038,-0.1601
1982-02-01,0.0118,-0.2259,0.2804,-0.0877,-0.0836,-0.0794,-0.1221,-0.0091,-0.0836
1982-03-01,0.0339,-0.2008,0.3033,-0.2905,-0.2036,-0.2094,-0.3091,-0.1697,-0.2094
1982-04-01,0.0032,-0.2013,0.2035,-0.1307,-0.0836,-0.1094,-0.1961,-0.1136,-0.1136
1982-05-01,-0.0128,-0.2245,0.1924,-0.0631,-0.0536,-0.0694,-0.0791,0.0076,-0.0631
1982-06-01,-0.0232,-0.1762,0.1811,-0.1541,-0.1736,-0.1594,-0.1051,-0.0744,-0.1541
1982-07-01,-0.0276,-0.1984,0.1271,-0.0767,-0.0936,-0.0494,-0.0601,-0.0219,-0.0601
1982-08-01,-0.0654,-0.2039,0.0864,-0.1983,-0.2036,-0.1594,-0.1651,-0.1379,-0.1651
1982-09-01,-0.1002,-0.2678,0.0592,-0.1383,-0.0936,-0.0894,-0.0931,-0.1450,-0.0936
1982-10-01,-0.1662,-0.3216,-0.0347,-0.1115,-0.1036,-0.0994,-0.0651,-0.1553,-0.1036
1982-11-01,-0.1702,-0.3436,0.0090,-0.1228,-0.0536,-0.1194,-0.1331,-0.1134,-0.1194
1982-12-01,-0.1747,-0.4789,0.0334,0.1263,0.1864,0.1806,0.1549,0.2104,0.1806
1983-01-01,-0.1242,-0.4125,0.1217,0.2073,0.2964,0.2206,0.1849,0.3218,0.2206
1983-02-01,-0.1141,-0.4349,0.1360,0.1824,0.1964,0.2006,0.1559,0.2858,0.1964
1983-03-01,-0.1319,-0.3067,0.0456,0.0951,0.1864,0.1506,0.0939,0.2793,0.1506
1983-04-01,-0.1291,-0.3312,0.1113,0.0232,0.0364,0.0006,0.0299,0.1474,0.0299
1983-05-01,-0.1485,-0.3184,0.0351,0.0691,0.1064,0.1006,0.1279,0.2464,0.1064
1983-06-01,-0.1822,-0.3729,0.0302,0.0129,-0.0036,0.0106,0.0339,0.0798,0.0129
1983-07-01,-0.1724,-0.3359,0.0300,-0.0400,-0.0536,-0.0594,-0.0471,-0.0003,-0.0471
1983-08-01,-0.1662,-0.3472,0.0032,0.1299,0.1264,0.0906,0.1059,0.0661,0.1059
1983-09-01,-0.1802,-0.3877,0.0124,0.1728,0.1364,0.1306,0.1479,0.1236,0.1364
1983-10-01,-0.2305,-0.4733,-0.0040,-0.0387,-0.0636,-0.0394,-0.0551,-0.1106,-0.0551
1983-11-01,-0.2008,-0.4678,0.0758,0.0915,0.0664,0.0806,0.0369,0.0533,0.0664
1983-12-01,-0.1665,-0.4343,0.1288,-0.0582,-0.0736,-0.0194,-0.0451,0.0196,-0.0451
1984-01-01,-0.1180,-0.3662,0.1650,0.0018,0.0764,0.0306,-0.0161,0.0711,0.0306
1984-02-01,-0.1072,-0.3865,0.1526,-0.1266,-0.0936,-0.0694,-0.1391,-0.0878,-0.0936
1984-03-01,-0.0748,-0.3016,0.1309,-0.0059,0.0264,0.0206,-0.0081,0.0748,0.0206
1984-04-01,-0.0598,-0.2558,0.1112,-0.1408,-0.1836,-0.1294,-0.1241,-0.0448,-0.1294
1984-05-01,-0.0625,-0.2084,0.1064,0.0622,0.0964,0.0906,0.0989,0.1648,0.0964
1984-06-01,-0.0678,-0.2499,0.1493,-0.1895,-0.2136,-0.1494,-0.1741,-0.1602,-0.1741
1984-07-01,-0.0474,-0.2016,0.1236,-0.1290,-0.0436,-0.0894,-0.1581,-0.2156,-0.1290
1984-08-01,-0.0630,-0.2699,0.1975,-0.0591,-0.0436,-0.0594,-0.0551,-0.1225,-0.0591
1984-09-01,-0.1077,-0.2708,0.0525,-0.0267,-0.0236,-0.0294,-0.0311,-0.1655,-0.0294
1984-10-01,-0.1289,-0.3511,0.0840,-0.1138,-0.1036,-0.1094,-0.1011,-0.1573,-0.1094
1984-11-01,-0.1389,-0.3814,0.1040,-0.2109,-0.1736,-0.1994,-0.2311,-0.2453,-0.2109
1984-12-01,-0.1139,-0.3295,0.0885,-0.3122,-0.2836,-0.2394,-0.2871,-0.1598,-0.2836
1985-01-01,-0.0745,-0.3797,0.2691,-0.0380,-0.0136,0.0206,-0.0001,0.0506,-0.0001
1985-02-01,-0.0578,-0.3075,0.2441,-0.2544,-0.2736,-0.2094,-0.2811,-0.2157,-0.2544
1985-03-01,-0.0494,-0.2351,0.2325,-0.1121,-0.0636,-0.0394,-0.1221,-0.0632,-0.0636
1985-04-01,-0.0458,-0.2219,0.1661,-0.1513,-0.1136,-0.1294,-0.1441,-0.0485,-0.1294
1985-05-01,-0.0249,-0.1974,0.2011,-0.0882,-0.0936,-0.0594,-0.0921,-0.0572,-0.0882
1985-06-01,-0.0201,-0.1802,0.1678,-0.0320,-0.0836,-0.0694,-0.0771,-0.1207,-0.0771
1985-07-01,-0.0496,-0.2812,0.1588,-0.1768,-0.1936,-0.2194,-0.2141,-0.2194,-0.2141
1985-08-01,-0.0484,-0.2607,0.0836,-0.0117,-0.0636,-0.0794,-0.0591,-0.0783,-0.0636
1985-09-01,-0.0664,-0.2377,0.0726,-0.0354,-0.1036,-0.0894,-0.1331,-0.2002,-0.1036
1985-10-01,-0.0678,-0.2769,0.1386,-0.1155,-0.1236,-0.1194,-0.0901,-0.2821,-0.1194
1985-11-01,-0.0913,-0.3396,0.1731,-0.1377,-0.1836,-0.1694,-0.1881,-0.1865,-0.1836
1985-12-01,-0.0545,-0.2840,0.1756,-0.0980,-0.0936,-0.0694,-0.0671,-0.1024,-0.0936
1986-01-01,-0.0491,-0.2726,0.2356,-0.0369,0.0264,0.0006,-0.0491,0.0406,0.0006
1986-02-01,-0.0263,-0.2946,0.2903,0.1528,0.1364,0.1506,0.1429,0.1007,0.1429
1986-03-01,-0.0238,-0.2458,0.1711,-0.0190,0.0664,0.0706,-0.0331,0.0548,0.0548
1986-04-01,-0.0164,-0.1974,0.1918,-0.0234,-0.0136,0.0006,0.1159,0.1242,0.0006
1986-05-01,0.0192,-0.1545,0.2363,-0.0123,-0.0236,0.0106,0.2159,0.1104,0.0106
1986-06-01,0.0110,-0.1405,0.1878,-0.1129,-0.1136,-0.0694,-0.1201,-0.1023,-0.1129
1986-07-01,-0.0057,-0.1593,0.1409,-0.1122,-0.1236,-0.0794,-0.1201,-0.1322,-0.1201
1986-08-01,0.0055,-0.1922,0.1625,-0.0627,-0.0836,-0.0594,-0.0651,-0.1213,-0.0651
1986-09-01,-0.0219,-0.1853,0.1206,-0.1295,-0.2036,-0.1194,-0.1411,-0.2064,-0.1411
1986-10-01,-0.0651,-0.2461,0.0872,-0.1004,-0.0836,-0.0894,-0.0731,-0.2290,-0.0894
1986-11-01,-0.0381,-0.1853,0.1225,-0.1138,-0.1336,-0.1094,-0.1381,-0.0939,-0.1138
1986-12-01,-0.0101,-0.2865,0.2566,-0.1245,-0.1036,-0.0594,-0.0771,-0.0036,-0.0771
1987-01-01,0.0454,-0.2318,0.2676,0.0626,0.0864,0.0906,0.0619,0.1400,0.0864
1987-02-01,0.0253,-0.1886,0.2809,0.1630,0.1964,0.1306,0.1299,0.1898,0.1630
1987-03-01,0.0540,-0.1216,0.2453,-0.0517,-0.0536,-0.0394,-0.0971,-0.0138,-0.0517
1987-04-01,0.0525,-0.2502,0.2667,0.0345,0.0064,0.0206,-0.0211,0.0900,0.0206
1987-05-01,0.0577,-0.0963,0.2140,0.0116,0.0164,0.0506,-0.0081,0.1070,0.0164
1987-06-01,0.0655,-0.0980,0.2251,0.1101,0.1164,0.0906,0.1449,0.1544,0.1164
1987-07-01,0.0499,-0.1331,0.1744,0.1925,0.1664,0.2006,0.2249,0.2271,0.2006
1987-08-01,0.0307,-0.1198,0.1755,0.0573,0.0164,0.0406,0.0819,0.0451,0.0451
1987-09-01,0.0292,-0.1387,0.1438,0.1093,0.1164,0.1306,0.1169,0.0964,0.1164
1987-10-01,0.0099,-0.1377,0.2363,0.1169,0.0964,0.0706,0.0699,0.0186,0.0706
1987-11-01,-0.0137,-0.2525,0.2143,0.0332,0.0564,-0.0094,-0.0231,0.0342,0.0332
1987-12-01,0.0131,-0.2004,0.2124,0.2162,0.2264,0.1806,0.2329,0.3177,0.2264
1988-01-01,0.0628,-0.2513,0.3871,0.3028,0.3364,0.2606,0.2489,0.3421,0.3028
1988-02-01,0.0891,-0.1768,0.3582,0.1767,0.2064,0.2006,0.1219,0.1366,0.1767
1988-03-01,0.0753,-0.1386,0.3031,0.2303,0.2764,0.2506,0.1699,0.2755,0.2506
1988-04-01,0.0637,-0.2137,0.2616,0.1714,0.1864,0.1706,0.1859,0.2353,0.1859
1988-05-01,0.0852,-0.0835,0.2703,0.1640,0.2064,0.1906,0.1569,0.2772,0.1906
1988-06-01,0.0848,-0.1115,0.3344,0.1792,0.1664,0.1706,0.1809,0.1889,0.1792
1988-07-01,0.0855,-0.0665,0.2910,0.1015,0.0964,0.0906,0.0999,0.1190,0.0999
1988-08-01,0.0555,-0.0853,0.2193,0.1039,0.1564,0.1406,0.1749,0.1494,0.1494
1988-09-01,0.0652,-0.1257,0.2606,0.1028,0.1364,0.1106,0.1389,0.1333,0.1333
1988-10-01,0.0293,-0.1368,0.2055,0.1015,0.1364,0.0806,0.1079,0.0132,0.1015
1988-11-01,0.0262,-0.2477,0.2315,-0.1264,-0.1136,-0.1094,-0.1411,-0.1616,-0.1264
1988-12-01,0.0188,-0.2029,0.2491,0.0209,0.0564,0.0306,0.0309,0.0739,0.0309
1989-01-01,0.0666,-0.2171,0.2889,-0.1812,-0.1136,-0.1594,-0.2241,-0.1229,-0.1594
1989-02-01,0.0333,-0.1769,0.2539,0.0834,0.0564,0.0606,0.0569,0.1422,0.0606
1989-03-01,0.0887,-0.0726,0.2630,0.0312,0.1264,0.0606,0.0069,0.1101,0.0606
1989-04-01,0.1096,-0.0840,0.2682,-0.0054,0.0564,0.0106,0.0279,0.1092,0.0279
1989-05-01,0.1253,-0.0160,0.2598,-0.1165,-0.0636,-0.0694,-0.1381,-0.0277,-0.0694
1989-06-01,0.1305,-0.0563,0.3071,-0.0576,-0.0836,-0.0594,-0.0691,-0.0606,-0.0606
1989-07-01,0.1150,-0.1068,0.3008,0.1084,0.1064,0.0306,0.0779,0.0786,0.0786
1989-08-01,0.1187,-0.0171,0.2772,0.1002,0.0964,0.0506,0.0669,-0.0056,0.0669
1989-09-01,0.1283,-0.0542,0.3409,0.1426,0.1064,0.1106,0.0939,0.0376,0.1064
1989-10-01,0.1129,-0.0697,0.2922,0.1042,0.0564,0.0506,0.0859,-0.0101,0.0564
1989-11-01,0.0869,-0.1272,0.3612,-0.0416,-0.0336,-0.0994,-0.0801,-0.0826,-0.0801
1989-12-01,0.1140,-0.1562,0.3940,0.1283,0.1364,0.1506,0.1689,0.2036,0.1506
1990-01-01,0.1459,-0.1962,0.5182,0.1298,0.1764,0.1206,0.1379,0.2430,0.1379
1990-02-01,0.1621,-0.1458,0.5075,0.1231,0.2064,0.1306,0.1259,0.2041,0.1306
1990-03-01,0.1845,-0.0117,0.3948,0.4782,0.5664,0.4506,0.4549,0.5404,0.4782
1990-04-01,0.1869,0.0143,0.4460,0.3393,0.3264,0.3106,0.3409,0.3718,0.3393
1990-05-01,0.1979,-0.0569,0.4266,0.2505,0.2164,0.2306,0.2649,0.3630,0.2505
1990-06-01,0.2011,-0.0377,0.3892,0.1604,0.1364,0.1106,0.1629,0.1612,0.1604
1990-07-01,0.1905,-0.0613,0.3956,0.2240,0.2264,0.1406,0.2289,0.2381,0.2264
1990-08-01,0.1750,-0.0133,0.3403,0.1241,0.1064,0.0806,0.1049,0.1499,0.1064
1990-09-01,0.1725,0.0093,0.3740,0.0631,-0.0036,0.0606,0.0599,0.0900,0.0606
1990-10-01,0.1655,0.0240,0.3328,0.2296,0.2064,0.1406,0.2179,0.2065,0.2065
1990-11-01,0.1460,-0.1143,0.3534,0.2023,0.2264,0.1306,0.1749,0.2870,0.2023
1990-12-01,0.1488,-0.0501,0.3973,0.1332,0.1664,0.1506,0.1759,0.2940,0.1664
1991-01-01,0.1814,-0.0445,0.3781,0.1463,0.1864,0.1506,0.1549,0.3074,0.1549
1991-02-01,0.1857,-0.0577,0.4448,0.2495,0.2664,0.2306,0.2469,0.3565,0.2495
1991-03-01,0.1987,-0.0051,0.3869,0.0906,0.1164,0.1106,0.0879,0.2147,0.1106
1991-04-01,0.1737,-0.0894,0.4123,0.2821,0.2764,0.2606,0.2829,0.3014,0.2821
1991-05-01,0.1752,0.0172,0.3466,0.1576,0.1064,0.1706,0.1739,0.2029,0.1706
1991-06-01,0.1695,0.0188,0.2984,0.2784,0.2964,0.2806,0.3109,0.3735,0.2964
1991-07-01,0.1532,-0.0324,0.3093,0.3131,0.2364,0.2206,0.2899,0.2684,0.2684
1991-08-01,0.1225,-0.0406,0.2912,0.2112,0.1564,0.1506,0.2229,0.1761,0.1761
1991-09-01,0.0737,-0.0743,0.2458,0.1971,0.2064,0.1706,0.1939,0.1188,0.1939
1991-10-01,0.0258,-0.1424,0.2204,0.0948,0.0564,0.0706,0.1259,0.0164,0.0706
1991-11-01,-0.0116,-0.2244,0.2158,0.0990,0.0564,0.0306,0.0699,0.0492,0.0564
1991-12-01,-0.0486,-0.2918,0.1717,0.0831,0.0864,0.0306,0.1209,0.1066,0.0864
1992-01-01,-0.0709,-0.3487,0.1909,0.2065,0.2364,0.2006,0.2269,0.2629,0.2269
1992-02-01,-0.0660,-0.3123,0.1919,0.1929,0.1664,0.1806,0.1709,0.2192,0.1806
1992-03-01,-0.0565,-0.3554,0.1941,0.1550,0.2464,0.2206,0.1879,0.2204,0.2204
1992-04-01,-0.1075,-0.3158,0.1779,0.0054,0.0364,0.0206,0.0439,0.0046,0.0206
1992-05-01,-0.1063,-0.3195,0.1211,0.0138,0.0764,0.0706,0.0619,0.0411,0.0619
1992-06-01,-0.1240,-0.3562,0.1528,0.0019,0.0264,0.0206,0.0619,0.0229,0.0229
1992-07-01,-0.1092,-0.3423,0.1095,-0.1473,-0.1436,-0.1294,-0.0891,-0.1455,-0.1436
1992-08-01,-0.1247,-0.3448,0.1429,-0.1153,-0.1536,-0.1294,-0.1001,-0.1724,-0.1294
1992-09-01,-0.1419,-0.4010,0.0343,-0.2459,-0.2436,-0.2094,-0.2321,-0.2885,-0.2436
1992-10-01,-0.1344,-0.3921,0.1447,-0.1790,-0.1636,-0.1794,-0.1521,-0.2367,-0.1790
1992-11-01,-0.1486,-0.3859,0.1717,-0.1905,-0.2036,-0.1894,-0.2311,-0.2104,-0.2036
1992-12-01,-0.1011,-0.3895,0.2565,-0.0599,-0.0236,-0.0594,-0.0281,-0.0197,-0.0281
1993-01-01,-0.0667,-0.4119,0.2520,0.1068,0.1064,0.0906,0.1219,0.1655,0.1068
1993-02-01,-0.0525,-0.3054,0.3142,0.1240,0.1364,0.1406,0.1589,0.1706,0.1406
1993-03-01,-0.0493,-0.3358,0.2735,0.0828,0.1264,0.1106,0.0859,0.1039,0.1039
1993-04-01,-0.0209,-0.3333,0.2470,0.0412,0.0464,0.0406,0.0569,0.0983,0.0464
1993-05-01,-0.0074,-0.1893,0.2525,0.0410,0.0464,0.0306,0.0579,0.0844,0.0464
1993-06-01,-0.0071,-0.2194,0.2569,0.0106,-0.0136,0.0306,0.0789,0.0431,0.0306
1993-07-01,-0.0008,-0.2470,0.3119,0.0054,0.0164,-0.0194,0.0389,-0.0343,0.0054
1993-08-01,-0.0211,-0.2394,0.3566,-0.0719,-0.1236,-0.0594,-0.0261,-0.0687,-0.0687
1993-09-01,-0.0264,-0.2311,0.2972,-0.1095,-0.1236,-0.0694,-0.0691,-0.1960,-0.1095
1993-10-01,-0.0521,-0.2926,0.2407,-0.0027,-0.0036,0.0006,0.0349,-0.0654,-0.0027
1993-11-01,-0.0842,-0.3547,0.2376,-0.0899,-0.2036,-0.1594,-0.1331,-0.1351,-0.1351
1993-12-01,-0.0631,-0.2594,0.3247,-0.0075,-0.0536,-0.0294,-0.0261,0.0908,-0.0261
1994-01-01,0.0212,-0.2203,0.3507,0.0419,0.0264,0.0006,0.0019,0.0775,0.0264
1994-02-01,0.0102,-0.2382,0.3488,-0.1478,-0.2136,-0.1994,-0.1751,-0.1572,-0.1751
1994-03-01,0.0207,-0.2560,0.3802,0.0834,0.0564,0.0606,0.0699,0.0491,0.0606
1994-04-01,0.0479,-0.2142,0.2833,0.0957,0.1764,0.1206,0.1399,0.1435,0.1399
1994-05-01,0.0595,-0.2003,0.2962,0.0481,0.0464,0.0906,0.0749,0.0311,0.0481
1994-06-01,0.0570,-0.1878,0.3388,0.1618,0.1964,0.1406,0.2009,0.0916,0.1618
1994-07-01,0.0499,-0.1169,0.2268,0.0271,0.0664,0.0606,0.0799,0.0410,0.0606
1994-08-01,0.0632,-0.1501,0.2250,0.0176,-0.0236,0.0106,0.0009,-0.0685,0.0009
1994-09-01,0.0352,-0.1140,0.2055,0.1148,0.0764,0.1006,0.1349,0.0818,0.1006
1994-10-01,0.0106,-0.1846,0.2659,0.1916,0.1864,0.1706,0.2349,0.0728,0.1864
1994-11-01,-0.0103,-0.2465,0.2247,0.1995,0.2064,0.1606,0.1799,0.1580,0.1799
1994-12-01,0.0185,-0.1341,0.2173,0.0927,0.1464,0.1006,0.1269,0.1715,0.1269
1995-01-01,0.0248,-0.2631,0.3071,0.2608,0.2864,0.2506,0.2659,0.3441,0.2659
1995-02-01,0.0350,-0.2486,0.2554,0.4830,0.5564,0.4806,0.5089,0.5444,0.5089
1995-03-01,0.0510,-0.1938,0.2660,0.2007,0.2264,0.2306,0.2199,0.2318,0.2264
1995-04-01,0.0688,-0.1467,0.2498,0.2657,0.2264,0.2206,0.2719,0.3047,0.2657
1995-05-01,0.1043,-0.0499,0.3032,0.1083,0.0364,0.0806,0.1029,0.1445,0.1029
1995-06-01,0.0882,-0.1149,0.3235,0.2245,0.1964,0.2106,0.3049,0.2596,0.2245
1995-07-01,0.1013,-0.0693,0.2652,0.2872,0.2164,0.2506,0.3289,0.2118,0.2506
1995-08-01,0.1048,-0.0847,0.3340,0.2365,0.2164,0.2506,0.3029,0.2088,0.2365
1995-09-01,0.1066,-0.0633,0.2551,0.1244,0.0964,0.1406,0.1449,0.1200,0.1244
1995-10-01,0.0840,-0.0742,0.2776,0.2260,0.2264,0.1706,0.2959,0.1698,0.2260
1995-11-01,0.0917,-0.1529,0.3118,0.2170,0.2064,0.1806,0.2269,0.1832,0.2064
1995-12-01,0.1067,-0.1408,0.3090,0.0167,0.0264,0.0406,0.0779,0.1032,0.0406
1996-01-01,0.0999,-0.1996,0.4772,0.0592,0.0064,0.0206,0.0639,0.1137,0.0592
1996-02-01,0.1431,-0.1672,0.5893,0.3037,0.2264,0.2306,0.3129,0.2478,0.2478
1996-03-01,0.1546,-0.1360,0.4451,0.1271,0.0864,0.1306,0.1569,0.1572,0.1306
1996-04-01,0.1555,-0.0631,0.3981,0.0924,0.0964,0.0806,0.1389,0.0797,0.0924
1996-05-01,0.1784,-0.0084,0.4691,0.0834,0.0364,0.0906,0.0489,0.0125,0.0489
1996-06-01,0.1853,0.0177,0.3966,0.0630,0.0264,0.0306,0.0459,0.0298,0.0306
1996-07-01,0.1840,0.0349,0.4095,0.1722,0.1264,0.1306,0.1619,0.1093,0.1306
1996-08-01,0.1801,-0.0017,0.3683,0.2009,0.2464,0.1806,0.2849,0.2042,0.2042
1996-09-01,0.1918,0.0011,0.4046,0.0506,0.0164,0.0306,0.0419,-0.0071,0.0306
1996-10-01,0.2025,0.0037,0.3766,-0.0281,-0.0136,-0.0394,-0.0071,-0.0755,-0.0281
1996-11-01,0.1530,-0.1023,0.4433,0.1579,0.1764,0.1406,0.1809,0.1879,0.1764
1996-12-01,0.1588,-0.0168,0.4327,0.1651,0.1364,0.1106,0.2019,0.1976,0.1651
1997-01-01,0.2092,-0.0339,0.4868,0.0918,0.0864,0.0106,0.0769,0.1038,0.0864
1997-02-01,0.2103,-0.1281,0.5101,0.1378,0.1664,0.1006,0.1449,0.1648,0.1449
1997-03-01,0.2201,-0.0758,0.4901,0.2369,0.2864,0.2606,0.2859,0.2972,0.2859
1997-04-01,0.2512,-0.0292,0.5635,0.2167,0.0964,0.1406,0.1819,0.0963,0.1406
1997-05-01,0.2747,0.0034,0.4829,0.1601,0.1064,0.1406,0.1549,0.1271,0.1406
1997-06-01,0.2719,0.0848,0.5135,0.3360,0.3064,0.3206,0.3659,0.2656,0.3206
1997-07-01,0.2684,0.0715,0.4897,0.1924,0.1064,0.1506,0.1779,0.1436,0.1506
1997-08-01,0.2410,-0.0132,0.4966,0.2533,0.1764,0.2106,0.2219,0.1817,0.2106
1997-09-01,0.2439,0.0386,0.3959,0.3125,0.2864,0.3406,0.3149,0.2560,0.3125
1997-10-01,0.2481,0.0348,0.4776,0.4162,0.3764,0.3806,0.4579,0.3118,0.3806
1997-11-01,0.2422,0.0001,0.4485,0.4572,0.4064,0.3706,0.4579,0.3891,0.4064
1997-12-01,0.2406,0.0549,0.4021,0.3670,0.3564,0.3106,0.4069,0.3958,0.3670
1998-01-01,0.2455,0.0106,0.5707,0.4070,0.3464,0.3206,0.3569,0.4252,0.3569
1998-02-01,0.2639,0.0805,0.5398,0.6408,0.6464,0.5406,0.6009,0.6333,0.6333
1998-03-01,0.2843,0.0866,0.5803,0.4302,0.3964,0.3606,0.3879,0.4322,0.3964
1998-04-01,0.2843,0.1355,0.4848,0.4923,0.3964,0.4606,0.5009,0.5450,0.4923
1998-05-01,0.3022,0.1515,0.4809,0.4814,0.4464,0.4206,0.4999,0.5579,0.4814
1998-06-01,0.2994,0.0992,0.4849,0.5124,0.5364,0.4406,0.5449,0.5289,0.5289
1998-07-01,0.2822,0.0764,0.4721,0.5052,0.4264,0.4306,0.5199,0.4374,0.4374
1998-08-01,0.2669,0.1140,0.4610,0.4970,0.4164,0.4606,0.5279,0.4572,0.4606
1998-09-01,0.2671,0.0304,0.4641,0.2797,0.1864,0.2406,0.2409,0.2679,0.2409
1998-10-01,0.2712,0.0760,0.4759,0.2600,0.1864,0.1706,0.2279,0.1870,0.1870
1998-11-01,0.2629,0.0514,0.4846,0.2251,0.1964,0.1706,0.2129,0.1684,0.1964
1998-12-01,0.1960,-0.0711,0.4562,0.3296,0.3064,0.3106,0.3659,0.3562,0.3296
1999-01-01,0.2535,-0.0253,0.5808,0.2315,0.2464,0.1706,0.2169,0.2463,0.2315
1999-02-01,0.2670,-0.0655,0.4679,0.4443,0.4064,0.3906,0.4229,0.4312,0.4229
1999-03-01,0.3036,0.0430,0.5917,0.0999,0.0864,0.1006,0.0949,0.0768,0.0949
1999-04-01,0.2836,0.0917,0.5317,0.1122,0.0864,0.1006,0.1199,0.1207,0.1122
1999-05-01,0.3086,0.0792,0.5474,0.0907,0.0264,0.0606,0.0709,0.0824,0.0709
1999-06-01,0.3187,0.0756,0.5306,0.1692,0.1264,0.1406,0.1929,0.1135,0.1406
1999-07-01,0.3065,0.1458,0.5080,0.1565,0.1464,0.1206,0.1539,0.1136,0.1464
1999-08-01,0.2921,0.1026,0.4424,0.1484,0.0764,0.1206,0.1339,0.0782,0.1206
1999-09-01,0.2920,0.1043,0.4828,0.1209,0.1564,0.1906,0.1869,0.1200,0.1564
1999-10-01,0.3074,0.1211,0.5157,0.1524,0.1064,0.0906,0.1759,0.0633,0.1064
1999-11-01,0.3003,0.1056,0.5943,0.1287,0.1364,0.1306,0.1409,0.1043,0.1306
1999-12-01,0.3081,0.0716,0.5649,0.1589,0.1664,0.1906,0.2119,0.2200,0.1906
2000-01-01,0.3047,0.0606,0.5718,0.0228,0.0164,0.0506,0.0329,0.0836,0.0329
2000-02-01,0.3062,-0.0169,0.6205,0.3390,0.3164,0.2906,0.2989,0.3335,0.3164
2000-03-01,0.3146,0.0139,0.6206,0.2869,0.3164,0.2606,0.2629,0.2491,0.2629
2000-04-01,0.3236,0.1286,0.5607,0.3772,0.3264,0.3306,0.3279,0.3415,0.3306
2000-05-01,0.3441,0.1262,0.5681,0.1485,0.1164,0.1206,0.1049,0.1590,0.1206
2000-06-01,0.3498,0.1419,0.5889,0.1947,0.1664,0.1506,0.1779,0.1017,0.1664
2000-07-01,0.3561,0.1272,0.5549,0.1752,0.1564,0.1506,0.1459,0.0779,0.1506
2000-08-01,0.3557,0.2107,0.5988,0.2239,0.1864,0.1806,0.2279,0.1408,0.1864
2000-09-01,0.3653,0.1788,0.5897,0.1577,0.1564,0.1906,0.2099,0.0818,0.1577
2000-10-01,0.3545,0.1435,0.5342,0.0399,0.0364,0.0406,0.0779,-0.0310,0.0399
2000-11-01,0.3489,0.0383,0.5603,0.0907,0.0664,0.0506,0.0959,0.0608,0.0664
2000-12-01,0.3766,0.1188,0.6690,0.0469,0.0464,0.0306,0.0759,0.1013,0.0469
2001-01-01,0.3836,0.1792,0.6615,0.2067,0.2164,0.1806,0.2209,0.2434,0.2164
2001-02-01,0.3688,0.1498,0.6514,0.2344,0.2064,0.1806,0.2019,0.1964,0.2019
2001-03-01,0.3809,0.1452,0.5803,0.3617,0.3164,0.2906,0.3169,0.3084,0.3164
2001-04-01,0.4317,0.2437,0.7039,0.2936,0.2664,0.2606,0.3079,0.2708,0.2708
2001-05-01,0.4313,0.2389,0.6632,0.3326,0.3364,0.3006,0.3209,0.3338,0.3326
2001-06-01,0.4175,0.2426,0.6033,0.2924,0.2864,0.2806,0.3139,0.2347,0.2864
2001-07-01,0.4338,0.2254,0.5733,0.3568,0.3564,0.3306,0.3509,0.2952,0.3509
2001-08-01,0.4299,0.2448,0.6831,0.3492,0.2464,0.2706,0.3079,0.2648,0.2706
2001-09-01,0.4312,0.2393,0.5890,0.3390,0.2764,0.2906,0.3099,0.2424,0.2906
2001-10-01,0.4000,0.2085,0.6359,0.3110,0.2664,0.2206,0.3099,0.2587,0.2664
2001-11-01,0.4008,0.1431,0.6436,0.5358,0.4864,0.4206,0.4689,0.5070,0.4864
2001-12-01,0.4197,0.1727,0.7187,0.3854,0.3164,0.3306,0.4009,0.4737,0.3854
2002-01-01,0.4717,0.1975,0.7535,0.4898,0.5364,0.4206,0.4739,0.5684,0.4898
2002-02-01,0.4381,0.1167,0.9162,0.4839,0.5464,0.4006,0.4299,0.4711,0.4711
2002-03-01,0.4262,0.0475,0.7016,0.6363,0.6464,0.5706,0.6269,0.6586,0.6363
2002-04-01,0.4220,0.1871,0.6674,0.4070,0.3464,0.2706,0.3709,0.3606,0.3606
2002-05-01,0.4072,0.1740,0.6193,0.3469,0.4064,0.3606,0.4199,0.4596,0.4064
2002-06-01,0.4269,0.1486,0.6733,0.2931,0.2964,0.3006,0.3729,0.3688,0.3006
2002-07-01,0.4373,0.2167,0.7078,0.4166,0.3764,0.3606,0.4049,0.3495,0.3764
2002-08-01,0.4295,0.2573,0.6859,0.3456,0.2964,0.2906,0.3269,0.2692,0.2964
2002-09-01,0.4234,0.2783,0.7227,0.3485,0.4064,0.3106,0.4029,0.3258,0.3485
2002-10-01,0.4376,0.2392,0.6251,0.3464,0.3064,0.3106,0.3739,0.2837,0.3106
2002-11-01,0.4337,0.1829,0.6570,0.3376,0.3564,0.3106,0.3509,0.3527,0.3509
2002-12-01,0.4370,0.2099,0.6424,0.1912,0.2064,0.2306,0.3049,0.3214,0.2306
2003-01-01,0.4656,0.1451,0.7764,0.5009,0.5064,0.4306,0.5079,0.5797,0.5064
2003-02-01,0.4490,0.2478,0.7350,0.3305,0.3464,0.3506,0.3279,0.3916,0.3464
2003-03-01,0.4109,0.1579,0.6639,0.3235,0.3664,0.3106,0.3039,0.3015,0.3106
2003-04-01,0.4330,0.1791,0.6770,0.3145,0.3164,0.3106,0.3179,0.3041,0.3145
2003-05-01,0.4257,0.2207,0.6982,0.3639,0.3664,0.3206,0.3599,0.3659,0.3639
2003-06-01,0.4234,0.2051,0.6651,0.2694,0.2464,0.2206,0.2469,0.2069,0.2464
2003-07-01,0.4285,0.2005,0.6217,0.3312,0.3464,0.2906,0.3219,0.2684,0.3219
2003-08-01,0.4122,0.1806,0.6493,0.4607,0.4064,0.3706,0.4379,0.3616,0.4064
2003-09-01,0.4445,0.1944,0.6807,0.4191,0.3864,0.4006,0.4639,0.3943,0.4006
2003-10-01,0.4246,0.2415,0.6279,0.5027,0.4864,0.4606,0.5429,0.4688,0.4864
2003-11-01,0.4328,0.2148,0.6196,0.3397,0.2964,0.3006,0.3269,0.3701,0.3269
2003-12-01,0.4253,0.1377,0.6727,0.5005,0.5164,0.4606,0.5349,0.6209,0.5164
2004-01-01,0.4366,0.1392,0.7340,0.3506,0.3464,0.3406,0.3639,0.4314,0.3506
2004-02-01,0.4530,0.1326,0.7015,0.4783,0.4864,0.4306,0.4699,0.4969,0.4783
2004-03-01,0.4512,0.2339,0.6782,0.3682,0.3964,0.3906,0.3669,0.4564,0.3906
2004-04-01,0.4489,0.1729,0.6764,0.3653,0.3764,0.3306,0.3869,0.4098,0.3764
2004-05-01,0.4339,0.1988,0.6807,0.1971,0.1364,0.1406,0.1329,0.1693,0.1406
2004-06-01,0.4388,0.1405,0.7266,0.1583,0.2064,0.1606,0.2209,0.2523,0.2064
2004-07-01,0.4477,0.2244,0.7127,0.0861,0.0264,0.1006,0.0909,0.0398,0.0861
2004-08-01,0.4469,0.2360,0.6675,0.3090,0.2164,0.2306,0.2429,0.1541,0.2306
2004-09-01,0.4482,0.2280,0.7118,0.3104,0.2664,0.2806,0.3289,0.2806,0.2806
2004-10-01,0.4583,0.2110,0.6818,0.3671,0.3764,0.3506,0.4159,0.3714,0.3714
2004-11-01,0.4642,0.1966,0.7127,0.4960,0.4964,0.4306,0.4599,0.4786,0.4786
2004-12-01,0.4891,0.1709,0.7711,0.2599,0.2664,0.2606,0.2849,0.3479,0.2664
2005-01-01,0.4908,0.1374,0.9066,0.4924,0.5164,0.5106,0.5109,0.6207,0.5109
2005-02-01,0.5194,0.2356,0.8009,0.3770,0.3664,0.3606,0.4189,0.4851,0.3770
2005-03-01,0.4965,0.2523,0.8141,0.4895,0.5064,0.4706,0.5059,0.5561,0.5059
2005-04-01,0.4943,0.2056,0.9381,0.4754,0.4364,0.4106,0.4699,0.4947,0.4699
2005-05-01,0.4914,0.2572,0.8136,0.3993,0.3964,0.3706,0.4169,0.4492,0.3993
2005-06-01,0.4902,0.2604,0.7559,0.4168,0.4164,0.3906,0.4719,0.4221,0.4168
2005-07-01,0.4791,0.2635,0.7873,0.4029,0.3764,0.3406,0.4359,0.4009,0.4009
2005-08-01,0.4959,0.2931,0.8455,0.4316,0.3664,0.3206,0.4269,0.3454,0.3664
2005-09-01,0.4803,0.2654,0.7668,0.4805,0.4864,0.4306,0.4899,0.4502,0.4805
2005-10-01,0.4804,0.2110,0.7571,0.5298,0.5264,0.4606,0.5929,0.5364,0.5298
2005-11-01,0.4891,0.1896,0.9080,0.4855,0.5064,0.4806,0.5189,0.5389,0.5064
2005-12-01,0.4649,0.1534,0.7835,0.4443,0.4464,0.4506,0.5139,0.5447,0.4506
2006-01-01,0.5211,0.1329,0.8926,0.3441,0.3264,0.3406,0.3639,0.4294,0.3441
2006-02-01,0.5045,0.0119,0.9240,0.4854,0.5064,0.4906,0.5329,0.5685,0.5064
2006-03-01,0.4865,0.0339,0.9407,0.3810,0.3964,0.3906,0.4129,0.4562,0.3964
2006-04-01,0.4761,0.1574,0.8730,0.3256,0.2364,0.2806,0.3119,0.3543,0.3119
2006-05-01,0.4967,0.2239,0.8271,0.3135,0.2464,0.2906,0.2819,0.3080,0.2906
2006-06-01,0.5062,0.2806,0.9048,0.4196,0.4364,0.3606,0.4479,0.4268,0.4268
2006-07-01,0.4877,0.2302,0.8866,0.3255,0.3064,0.2906,0.3209,0.3189,0.3189
2006-08-01,0.4911,0.2103,0.8287,0.4806,0.4764,0.4306,0.4799,0.3867,0.4764
2006-09-01,0.4866,0.2363,0.8421,0.3947,0.4264,0.3906,0.4029,0.3688,0.3947
2006-10-01,0.5017,0.3021,0.8788,0.4592,0.4764,0.4106,0.4909,0.5026,0.4764
2006-11-01,0.5273,0.2597,0.8457,0.5045,0.5064,0.4106,0.4719,0.5085,0.5045
2006-12-01,0.5079,0.2257,0.9024,0.5593,0.5564,0.5106,0.5879,0.6389,0.5593
2007-01-01,0.5162,0.1875,0.8417,0.7384,0.7764,0.6306,0.7109,0.8364,0.7384
2007-02-01,0.5122,0.2102,0.7936,0.4798,0.4664,0.4406,0.4959,0.5671,0.4798
2007-03-01,0.5075,0.2463,0.8249,0.4324,0.4864,0.4206,0.4229,0.4682,0.4324
2007-04-01,0.5107,0.2453,0.8382,0.5673,0.5364,0.5106,0.5749,0.5979,0.5673
2007-05-01,0.4989,0.2180,0.8137,0.4218,0.4564,0.3706,0.4209,0.4635,0.4218
2007-06-01,0.4765,0.2541,0.6925,0.3465,0.3764,0.3206,0.3779,0.3219,0.3465
2007-07-01,0.4569,0.2439,0.6214,0.4092,0.3664,0.3306,0.4109,0.3220,0.3664
2007-08-01,0.4901,0.3042,0.6876,0.4291,0.3664,0.3006,0.3409,0.2969,0.3409
2007-09-01,0.4681,0.2497,0.6804,0.3561,0.3764,0.3406,0.2939,0.2307,0.3406
2007-10-01,0.4806,0.2619,0.7059,0.4032,0.3564,0.3306,0.4129,0.3506,0.3564
2007-11-01,0.4863,0.2764,0.7618,0.3781,0.3564,0.3006,0.3359,0.3687,0.3564
2007-12-01,0.4618,0.2186,0.7396,0.2614,0.2664,0.2106,0.2669,0.3544,0.2664
2008-01-01,0.4968,0.3099,0.6952,0.0534,0.0664,0.0006,0.0179,0.1452,0.0534
2008-02-01,0.4998,0.1805,0.8286,0.1101,0.1464,0.0706,0.0759,0.1492,0.1101
2008-03-01,0.4923,0.2928,0.7138,0.4531,0.5164,0.4506,0.3999,0.4864,0.4531
2008-04-01,0.4896,0.2203,0.7274,0.2904,0.3064,0.2506,0.2889,0.2975,0.2904
2008-05-01,0.4888,0.2673,0.7436,0.2775,0.2664,0.2506,0.2759,0.2746,0.2746
2008-06-01,0.4875,0.2783,0.7156,0.2273,0.2664,0.2106,0.2589,0.1473,0.2273
2008-07-01,0.4879,0.2186,0.7614,0.3807,0.3664,0.3206,0.3699,0.2921,0.3664
2008-08-01,0.5009,0.3032,0.7968,0.3015,0.2164,0.2706,0.3159,0.2367,0.2706
2008-09-01,0.4881,0.2419,0.7388,0.3949,0.3764,0.3406,0.3579,0.2906,0.3579
2008-10-01,0.5103,0.1601,0.7831,0.4393,0.4364,0.4106,0.4499,0.4019,0.4364
2008-11-01,0.5191,0.2332,0.7769,0.4672,0.4664,0.4306,0.4299,0.4589,0.4589
2008-12-01,0.4965,0.2178,0.8228,0.3120,0.3064,0.3306,0.3259,0.3997,0.3259
2009-01-01,0.5325,0.2497,0.7714,0.4302,0.4164,0.4206,0.4319,0.5329,0.4302
2009-02-01,0.5343,0.2446,0.8281,0.3070,0.2964,0.2806,0.3239,0.4443,0.3070
2009-03-01,0.5003,0.2221,0.8001,0.2890,0.2964,0.2706,0.2459,0.3464,0.2890
2009-04-01,0.5072,0.2061,0.8019,0.3705,0.3764,0.3006,0.3379,0.3641,0.3641
2009-05-01,0.5225,0.2431,0.7484,0.3974,0.4164,0.3606,0.3689,0.3756,0.3756
2009-06-01,0.5093,0.2528,0.8028,0.4702,0.4064,0.4206,0.4699,0.3500,0.4206
2009-07-01,0.5201,0.2454,0.7812,0.5259,0.5064,0.4606,0.5509,0.4533,0.5064
2009-08-01,0.5326,0.2757,0.8351,0.4686,0.4564,0.4306,0.4619,0.3609,0.4564
2009-09-01,0.5351,0.3019,0.8275,0.5265,0.4864,0.4906,0.4649,0.4243,0.4864
2009-10-01,0.5490,0.3104,0.8441,0.4672,0.4164,0.4206,0.4849,0.4447,0.4447
2009-11-01,0.5785,0.3271,0.8199,0.5433,0.5664,0.4906,0.5409,0.5483,0.5433
2009-12-01,0.5371,0.2256,0.8084,0.4815,0.4364,0.4406,0.5059,0.5116,0.4815
2010-01-01,0.5811,0.2710,0.9252,0.5561,0.5164,0.4906,0.5519,0.6669,0.5519
2010-02-01,0.5775,0.2948,0.9129,0.6289,0.6064,0.5606,0.6279,0.7012,0.6279
2010-03-01,0.5808,0.3324,0.8310,0.7012,0.6864,0.6306,0.6379,0.7365,0.6864
2010-04-01,0.5662,0.3586,0.8389,0.6689,0.6164,0.6006,0.6659,0.6766,0.6659
2010-05-01,0.5559,0.2793,0.7789,0.5575,0.5164,0.5106,0.5279,0.5779,0.5279
2010-06-01,0.5710,0.3642,0.7982,0.4928,0.4464,0.4306,0.4669,0.4322,0.4464
2010-07-01,0.5552,0.3149,0.8089,0.4609,0.3964,0.3906,0.4179,0.3676,0.3964
2010-08-01,0.5652,0.3000,0.8142,0.4587,0.4364,0.3806,0.4529,0.3619,0.4364
2010-09-01,0.5755,0.3375,0.8666,0.4099,0.3964,0.3806,0.4129,0.4195,0.4099
2010-10-01,0.5794,0.3255,0.9202,0.4884,0.4764,0.4206,0.5199,0.4810,0.4810
2010-11-01,0.5780,0.2851,0.9161,0.5781,0.5864,0.5106,0.5189,0.5412,0.5412
2010-12-01,0.5813,0.3056,0.9068,0.2797,0.2164,0.2506,0.3059,0.3418,0.2797
2011-01-01,0.6094,0.2881,0.9162,0.3017,0.2864,0.3006,0.3179,0.3828,0.3017
2011-02-01,0.5644,0.2776,0.8831,0.2729,0.2364,0.2606,0.2949,0.3030,0.2729
2011-03-01,0.5750,0.3322,0.9044,0.3987,0.4164,0.3906,0.3959,0.4090,0.3987
2011-04-01,0.5838,0.3321,0.8552,0.4408,0.4064,0.4006,0.4249,0.4377,0.4249
2011-05-01,0.5647,0.3327,0.7999,0.2878,0.2964,0.2906,0.2939,0.3378,0.2939
2011-06-01,0.5861,0.2944,0.8463,0.3912,0.3864,0.3506,0.4299,0.3660,0.3864
2011-07-01,0.5779,0.3193,0.8516,0.4891,0.4764,0.4306,0.5129,0.4587,0.4764
2011-08-01,0.5639,0.2910,0.8082,0.5006,0.5164,0.4306,0.5029,0.4265,0.5006
2011-09-01,0.5709,0.3518,0.8354,0.3856,0.3264,0.3606,0.3489,0.3679,0.3606
2011-10-01,0.5884,0.3325,0.8660,0.4241,0.4164,0.3906,0.4369,0.3943,0.4164
2011-11-01,0.5616,0.2516,0.7929,0.3566,0.3564,0.2906,0.3209,0.3127,0.3209
2011-12-01,0.5730,0.2077,0.9224,0.3395,0.3664,0.3306,0.3439,0.4055,0.3439
2012-01-01,0.6086,0.2637,0.9771,0.2145,0.2364,0.2406,0.1959,0.3076,0.2364
2012-02-01,0.6169,0.2705,1.0367,0.3054,0.2464,0.2606,0.2549,0.2909,0.2606
2012-03-01,0.6080,0.1934,0.9509,0.2657,0.3364,0.2706,0.2379,0.3314,0.2706
2012-04-01,0.5883,0.3199,0.9001,0.4532,0.4964,0.4506,0.4659,0.4784,0.4659
2012-05-01,0.5899,0.3984,0.8583,0.5013,0.5464,0.4806,0.5179,0.5531,0.5179
2012-06-01,0.5788,0.3595,0.8420,0.4749,0.4164,0.4306,0.4929,0.4651,0.4651
2012-07-01,0.5765,0.3511,0.8429,0.4157,0.3564,0.3606,0.3539,0.3559,0.3564
2012-08-01,0.6025,0.3779,0.8779,0.4949,0.4264,0.4006,0.4489,0.3920,0.4264
2012-09-01,0.6128,0.3727,0.8877,0.4849,0.4864,0.4706,0.4769,0.4334,0.4769
2012-10-01,0.5862,0.2990,0.8464,0.5736,0.5664,0.5106,0.6099,0.5839,0.5736
2012-11-01,0.5985,0.3149,0.8417,0.5655,0.5464,0.4906,0.5429,0.6033,0.5464
2012-12-01,0.6119,0.2825,0.9595,0.3056,0.2964,0.2606,0.3369,0.4115,0.3056
2013-01-01,0.6291,0.2804,0.9817,0.4522,0.4764,0.4306,0.4509,0.6200,0.4522
2013-02-01,0.6769,0.4543,1.0009,0.3687,0.3864,0.3406,0.3589,0.4948,0.3687
2013-03-01,0.6545,0.3635,1.0311,0.4257,0.4364,0.3806,0.3719,0.4914,0.4257
2013-04-01,0.6443,0.4041,0.9518,0.4155,0.2964,0.3306,0.3479,0.3878,0.3479
2013-05-01,0.6253,0.3806,1.0034,0.4009,0.3664,0.4006,0.3859,0.4010,0.4006
2013-06-01,0.6295,0.3911,1.0248,0.5062,0.4664,0.4506,0.4669,0.4530,0.4664
2013-07-01,0.6368,0.3404,1.0233,0.4346,0.3664,0.3506,0.3619,0.2905,0.3619
2013-08-01,0.6270,0.3769,0.9889,0.4860,0.4764,0.4206,0.4549,0.3703,0.4549
2013-09-01,0.6427,0.4081,0.9328,0.5688,0.5364,0.4906,0.5249,0.4903,0.5249
2013-10-01,0.6499,0.4165,1.0973,0.4976,0.4564,0.4006,0.4289,0.4160,0.4289
2013-11-01,0.6636,0.3541,1.1201,0.6146,0.5964,0.5306,0.5629,0.5571,0.5629
2013-12-01,0.6925,0.4609,1.1469,0.4502,0.4664,0.4406,0.4679,0.5702,0.4664
2014-01-01,0.6979,0.4235,1.0810,0.5143,0.5264,0.5006,0.5029,0.6002,0.5143
2014-02-01,0.6809,0.4159,1.1952,0.3329,0.3164,0.3206,0.3229,0.3834,0.3229
2014-03-01,0.7115,0.4588,1.0361,0.5304,0.5464,0.5406,0.4849,0.5582,0.5406
2014-04-01,0.7075,0.4436,1.1086,0.5794,0.5764,0.5206,0.5369,0.5337,0.5369
2014-05-01,0.6801,0.4547,1.0558,0.5778,0.6264,0.5606,0.5599,0.5629,0.5629
2014-06-01,0.6634,0.4599,0.9387,0.4636,0.4364,0.4506,0.4199,0.4178,0.4364
2014-07-01,0.6581,0.4213,0.9323,0.4311,0.3464,0.3706,0.3759,0.3813,0.3759
2014-08-01,0.6620,0.3780,0.9239,0.5783,0.6064,0.5506,0.5659,0.4516,0.5659
2014-09-01,0.6861,0.5118,0.9085,0.6105,0.6464,0.5506,0.5809,0.5049,0.5809
2014-10-01,0.6801,0.4378,0.9658,0.5876,0.5664,0.5106,0.5889,0.5282,0.5664
2014-11-01,0.6838,0.3095,1.0136,0.4783,0.4364,0.4006,0.4109,0.4585,0.4364
2014-12-01,0.7080,0.3654,1.1311,0.5273,0.5564,0.5406,0.5409,0.6317,0.5409
2015-01-01,0.6837,0.3200,0.9373,0.5819,0.6264,0.5606,0.5749,0.6658,0.5819
2015-02-01,0.6582,0.3196,0.9863,0.6227,0.6764,0.6006,0.6139,0.6778,0.6227
2015-03-01,0.6523,0.2799,0.9836,0.6371,0.7264,0.6606,0.6149,0.6962,0.6606
2015-04-01,0.6488,0.3796,0.9469,0.5340,0.5164,0.5406,0.5369,0.4806,0.5340
2015-05-01,0.6431,0.3728,0.9460,0.5756,0.5664,0.5406,0.5769,0.5563,0.5664
2015-06-01,0.6479,0.3987,0.9561,0.6016,0.5764,0.5806,0.5739,0.5319,0.5764
2015-07-01,0.6833,0.3882,0.9226,0.5593,0.4964,0.5006,0.5649,0.4692,0.5006
2015-08-01,0.6681,0.3873,0.9285,0.6491,0.5664,0.5506,0.6399,0.5579,0.5664
2015-09-01,0.6731,0.3901,0.9211,0.6676,0.5964,0.6406,0.6389,0.5874,0.6389
2015-10-01,0.6750,0.3726,1.0127,0.8634,0.8464,0.7806,0.8419,0.8059,0.8419
2015-11-01,0.7004,0.3529,1.0365,0.8352,0.8264,0.7606,0.7759,0.7932,0.7932
2015-12-01,0.7112,0.4218,1.0613,0.8848,0.9364,0.8406,0.9219,0.9827,0.9219
2016-01-01,0.7220,0.2934,1.1264,0.9291,0.9464,0.9106,0.9379,1.0242,0.9379
2016-02-01,0.7214,0.3557,1.1007,1.0658,1.1264,1.0606,1.0449,1.1576,1.0658
2016-03-01,0.7066,0.3401,1.0533,1.0261,1.1164,1.0606,1.0189,1.0934,1.0606
2016-04-01,0.7048,0.4153,1.0026,0.8728,0.8564,0.8506,0.8639,0.9536,0.8639
2016-05-01,0.6820,0.3135,1.0156,0.7232,0.7264,0.6806,0.7429,0.7949,0.7264
2016-06-01,0.7190,0.4187,0.9797,0.6189,0.5664,0.5706,0.6309,0.6069,0.6069
2016-07-01,0.7007,0.3995,0.9530,0.6109,0.6064,0.5906,0.6679,0.6761,0.6109
2016-08-01,0.6962,0.4506,0.9590,0.7894,0.7864,0.7206,0.7889,0.7168,0.7864
2016-09-01,0.7079,0.4018,0.9543,0.6867,0.6664,0.6806,0.6909,0.6782,0.6806
2016-10-01,0.7155,0.4408,1.0187,0.6614,0.6364,0.5906,0.7199,0.7063,0.6614
2016-11-01,0.7202,0.3974,1.0132,0.6887,0.6764,0.6606,0.7149,0.8121,0.6887
2016-12-01,0.7078,0.4730,0.9981,0.6219,0.6264,0.6406,0.6929,0.7787,0.6406
2017-01-01,0.7506,0.4455,1.0570,0.7967,0.7864,0.7906,0.7949,0.8767,0.7949
2017-02-01,0.7221,0.4132,1.0048,0.9120,0.8964,0.8606,0.8949,0.9785,0.8964
2017-03-01,0.7295,0.4967,0.9947,0.8942,0.9264,0.8606,0.9209,0.9671,0.9209
2017-04-01,0.7139,0.4452,0.9436,0.6850,0.6964,0.6906,0.7119,0.7523,0.6964
2017-05-01,0.7080,0.4304,0.9403,0.6252,0.6764,0.6506,0.6959,0.7521,0.6764
2017-06-01,0.7032,0.3802,0.9669,0.4995,0.4764,0.5206,0.5229,0.5474,0.5206
2017-07-01,0.7204,0.4201,0.9177,0.6432,0.5864,0.5906,0.5999,0.5812,0.5906
2017-08-01,0.7226,0.4917,0.9687,0.6517,0.6364,0.6206,0.6369,0.6115,0.6364
2017-09-01,0.7370,0.4900,1.0250,0.5725,0.5064,0.6106,0.5419,0.6001,0.5725
2017-10-01,0.7238,0.3745,1.0516,0.6539,0.6464,0.6506,0.6679,0.7240,0.6539
2017-11-01,0.7626,0.3303,1.0059,0.6445,0.6364,0.6306,0.5999,0.6554,0.6364
2017-12-01,0.7347,0.4909,1.0059,0.6562,0.6964,0.7106,0.6829,0.8152,0.6964
2018-01-01,0.7422,0.4367,1.0880,0.5571,0.5864,0.6006,0.5759,0.7139,0.5864
2018-02-01,0.7636,0.3558,1.0634,0.6261,0.6164,0.6606,0.6219,0.7417,0.6261
2018-03-01,0.7559,0.4348,1.1233,0.6254,0.6464,0.6406,0.6189,0.7408,0.6406
2018-04-01,0.7254,0.3979,1.0350,0.6606,0.6464,0.6506,0.6629,0.7293,0.6606
2018-05-01,0.6964,0.4277,0.9586,0.5511,0.5764,0.6006,0.5729,0.6314,0.5764
2018-06-01,0.6981,0.4095,0.9887,0.5765,0.5364,0.5506,0.5719,0.5706,0.5706
2018-07-01,0.6951,0.4454,0.9899,0.5740,0.5964,0.5706,0.6079,0.5939,0.5939
2018-08-01,0.7259,0.4443,1.0027,0.5833,0.5464,0.5506,0.5809,0.5240,0.5506
2018-09-01,0.7145,0.4026,0.9746,0.5263,0.5664,0.5606,0.5369,0.5200,0.5369
2018-10-01,0.7275,0.3619,1.0178,0.7080,0.7864,0.7506,0.7359,0.7193,0.7359
2018-11-01,0.7269,0.3550,1.0257,0.5817,0.5964,0.5906,0.5779,0.6457,0.5906
2018-12-01,0.7415,0.4391,1.1707,0.6654,0.6864,0.7006,0.6979,0.7742,0.6979
2019-01-01,0.7374,0.3998,1.1070,0.6630,0.6964,0.6906,0.6519,0.7576,0.6906
2019-02-01,0.7324,0.3416,1.0670,0.6843,0.7164,0.6706,0.6859,0.7875,0.6859
2019-03-01,0.7493,0.4835,1.0766,0.9267,0.9364,0.9106,0.8979,0.9757,0.9267
2019-04-01,0.7455,0.4646,1.0620,0.7749,0.7664,0.7906,0.7999,0.8614,0.7906
2019-05-01,0.7262,0.4025,1.0632,0.6263,0.6264,0.6706,0.6399,0.7364,0.6399
2019-06-01,0.7238,0.3994,1.0587,0.6576,0.6664,0.6706,0.6429,0.7143,0.6664
2019-07-01,0.7243,0.3418,1.1130,0.7012,0.7064,0.6706,0.7059,0.7125,0.7059
2019-08-01,0.7609,0.3474,1.0711,0.6861,0.7164,0.6906,0.6869,0.6716,0.6869
2019-09-01,0.7531,0.3883,1.0879,0.6632,0.6964,0.7006,0.6249,0.6993,0.6964
2019-10-01,0.7699,0.4148,1.2325,0.8038,0.7664,0.8006,0.8489,0.8179,0.8038
2019-11-01,0.7730,0.3780,1.2120,0.7828,0.7564,0.7506,0.7389,0.8123,0.7564
2019-12-01,0.7616,0.3975,1.1810,0.8754,0.8764,0.8906,0.8749,0.9828,0.8764
2020-01-01,0.7791,0.4201,1.2460,0.9079,0.9464,0.9206,0.9119,1.0544,0.9206
2020-02-01,0.7624,0.4622,1.1774,0.9594,1.0064,0.9606,0.9409,1.0689,0.9606
2020-03-01,0.7411,0.3963,1.0104,0.9246,0.9464,0.8806,0.8729,0.9551,0.9246
2020-04-01,0.7563,0.4107,1.1550,0.8997,0.8864,0.8806,0.9149,0.9445,0.8997
2020-05-01,0.7571,0.4540,1.1741,0.7441,0.7564,0.7606,0.7369,0.8456,0.7564
2020-06-01,0.7529,0.4674,1.0624,0.6611,0.6764,0.6906,0.6929,0.7058,0.6906
2020-07-01,0.7595,0.4226,1.0946,0.6715,0.6564,0.6506,0.7099,0.6408,0.6564
2020-08-01,0.7548,0.4903,1.1141,0.6593,0.6264,0.6506,0.6489,0.5822,0.6489
2020-09-01,0.7721,0.4881,1.0832,0.7164,0.7264,0.7406,0.7129,0.7541,0.7264
2020-10-01,0.8028,0.5188,1.1489,0.6491,0.6364,0.6506,0.6759,0.7407,0.6506
2020-11-01,0.8138,0.4238,1.1432,0.8570,0.8464,0.8206,0.8469,0.9445,0.8469
2020-12-01,0.8031,0.4874,1.2034,0.5421,0.5664,0.5706,0.5949,0.6783,0.5706
2021-01-01,0.8303,0.5138,1.2439,0.5567,0.5764,0.5806,0.5819,0.7165,0.5806
2021-02-01,0.8315,0.4952,1.3161,0.4144,0.4064,0.4106,0.3989,0.5392,0.4106
2021-03-01,0.8343,0.4674,1.2063,0.5872,0.6564,0.6406,0.5579,0.6570,0.6406
2021-04-01,0.8337,0.5898,1.1230,0.6071,0.5264,0.5506,0.5739,0.6147,0.5739
2021-05-01,0.7989,0.4667,1.0885,0.5480,0.5564,0.5806,0.5819,0.6370,0.5806
2021-06-01,0.7788,0.5249,1.0609,0.5676,0.6164,0.5906,0.5899,0.5582,0.5899
2021-07-01,0.7869,0.5444,1.1836,0.6408,0.6864,0.6406,0.6449,0.6464,0.6449
2021-08-01,0.7875,0.5266,1.1658,0.6592,0.5764,0.6306,0.6749,0.6266,0.6306
2021-09-01,0.7970,0.5063,1.0845,0.7244,0.6864,0.6806,0.6999,0.7220,0.6999
2021-10-01,0.8328,0.5338,1.1721,0.7775,0.7464,0.7306,0.8079,0.7860,0.7775
2021-11-01,0.8209,0.5016,1.1476,0.7141,0.6864,0.6806,0.6909,0.7534,0.6909
2021-12-01,0.8234,0.4950,1.2057,0.6079,0.6464,0.6406,0.6229,0.7655,0.6406
2022-01-01,0.8559,0.4545,1.2050,0.6314,0.6764,0.6706,0.6399,0.7505,0.6706
2022-02-01,0.8311,0.4733,1.1713,0.6025,0.6564,0.6506,0.5969,0.7088,0.6506
2022-03-01,0.8104,0.5036,1.2345,0.7396,0.8064,0.8206,0.7679,0.8614,0.8064
2022-04-01,0.7802,0.3806,1.1943,0.6170,0.5964,0.6306,0.6219,0.7074,0.6219
2022-05-01,0.7925,0.3857,1.1660,0.5995,0.6064,0.5706,0.5949,0.6354,0.5995
2022-06-01,0.7990,0.4690,1.1872,0.6972,0.6864,0.6706,0.7499,0.6535,0.6864
2022-07-01,0.7995,0.4873,1.1633,0.6274,0.7064,0.6506,0.6979,0.6929,0.6929
2022-08-01,0.8302,0.5906,1.1784,0.7251,0.7064,0.6606,0.6879,0.6112,0.6879
2022-09-01,0.8263,0.5915,1.2345,0.6657,0.6464,0.6206,0.6599,0.6700,0.6599
2022-10-01,0.8344,0.6317,1.2385,0.8004,0.7364,0.7106,0.7999,0.7735,0.7735
2022-11-01,0.8597,0.5779,1.3075,0.5185,0.4964,0.5106,0.4979,0.5695,0.5106
2022-12-01,0.8598,0.5029,1.2944,0.5950,0.5664,0.5806,0.6579,0.7140,0.5950
2023-01-01,0.8742,0.5579,1.4201,0.6325,0.6364,0.6406,0.6349,0.7196,0.6364
2023-02-01,0.8863,0.5142,1.3037,0.7361,0.7264,0.7606,0.6989,0.7716,0.7361
2023-03-01,0.8470,0.4843,1.1569,0.9793,0.9964,0.9806,0.9609,0.9791,0.9793
2023-04-01,0.8138,0.4647,1.1286,0.7746,0.7464,0.7406,0.7989,0.7447,0.7464
2023-05-01,0.8208,0.5387,1.0649,0.7296,0.7064,0.7106,0.7449,0.7750,0.7296
2023-06-01,0.8309,0.4747,1.1619,0.9090,0.8464,0.8106,0.9299,0.8766,0.8766
2023-07-01,0.8371,0.5389,1.0926,1.0109,0.9564,0.9106,1.0939,1.0395,1.0109
2023-08-01,0.8448,0.5882,1.2103,1.0624,0.9564,1.0006,1.0939,1.0251,1.0251
2023-09-01,0.8615,0.6106,1.2087,1.1979,1.2464,1.1506,1.2289,1.2509,1.2289
2023-10-01,0.9101,0.6578,1.2810,1.1765,1.1064,1.1006,1.1659,1.2144,1.1659
2023-11-01,0.9098,0.6289,1.2421,1.1919,1.1664,1.1506,1.1689,1.2612,1.1689
2023-12-01,0.8956,0.5712,1.2129,1.1142,1.1164,1.1106,1.1529,1.2883,1.1164
2024-01-01,0.9244,0.5814,1.2981,0.9956,1.0164,1.0506,1.0119,1.1712,1.0164
2024-02-01,0.9313,0.6411,1.3553,1.1255,1.2064,1.1406,1.1369,1.2800,1.1406
2024-03-01,0.9151,0.5426,1.3402,1.0709,1.1564,1.0606,1.0389,1.1955,1.0709
2024-04-01,0.8943,0.5710,1.2367,1.0568,1.0764,1.0106,1.0469,1.0944,1.0568
2024-05-01,0.8667,0.5793,1.1798,0.9110,0.9264,0.9006,0.9259,1.0315,0.9259
2024-06-01,0.8724,0.5449,1.3117,0.9434,0.9964,0.9306,0.9999,1.0199,0.9964
2024-07-01,0.8991,0.5236,1.2603,0.9799,0.9664,0.9306,1.0019,0.9957,0.9799
2024-08-01,0.8888,0.5727,1.1910,1.0654,1.0664,0.9906,1.0339,1.0271,1.0339
2024-09-01,0.8956,0.5281,1.2096,0.9932,0.9764,0.9706,1.0349,1.0483,0.9932
2024-10-01,0.9330,0.6261,1.2697,1.0503,1.1164,1.0606,1.1209,1.1635,1.1164
2024-11-01,0.9580,0.6343,1.3031,1.0584,1.0664,1.0506,1.1059,1.1358,1.0664
2024-12-01,0.9584,0.6443,1.3532,0.9748,1.0364,1.0106,1.0609,1.2019,1.0364
2025-01-01,0.9538,0.6335,1.2901,1.1029,1.1464,1.0606,1.1309,1.2600,1.1309
2025-02-01,0.9392,0.5778,1.3016,0.9610,1.0264,0.9806,1.0279,1.1062,1.0264
2025-03-01,0.9329,0.5841,1.1840,1.0097,1.1364,1.0706,1.0439,1.1176,1.0706
2025-04-01,0.9369,0.6083,1.1975,0.9396,1.0064,0.9506,0.9789,1.0255,0.9789
2025-05-01,0.9233,0.5863,1.1641,0.7985,0.8464,0.8106,0.8519,0.9103,0.8464
2025-06-01,0.9171,0.5987,1.2361,0.7321,0.8364,0.7106,0.8329,0.8197,0.8197
2025-07-01,0.8931,0.5702,1.2388,0.7809,0.7864,0.7006,0.8139,0.7645,0.7809
2025-08-01,0.9106,0.6008,1.1742,0.8655,0.9464,0.8006,0.8909,0.8055,0.8655
2025-09-01,0.9311,0.6631,1.2011,0.9520,1.0164,0.8806,1.0129,0.9828,0.9828
2025-10-01,0.9565,0.6552,1.2762,0.9399,0.9564,0.8906,0.9989,1.0599,0.9564
2025-11-01,0.9505,0.6080,1.3208,0.9208,0.9764,0.8906,0.9749,1.0563,0.9749
2025-12-01,0.9394,0.6184,1.2995,0.7707,0.8264,0.7806,0.8579,0.9298,0.8264
2026-01-01,0.9595,0.6170,1.4653,0.8443,0.8464,0.8606,0.9129,0.9842,0.8606
2026-02-01,0.9809,0.5930,1.3899,0.8978,1.0064,0.9106,0.9809,1.0107,0.9809
2026-03-01,0.9283,0.5819,1.3449,0.8942,1.0864,0.9606,0.9799,0.9986,0.9799
2026-04-01,0.9195,0.5830,1.3530,0.8849,0.9364,0.8906,0.9359,0.9478,0.9359
2026-05-01,0.9443,0.6081,1.3457,0.8579,0.8964,0.8406,0.9119,0.9301,0.8964
2026-06-01,0.9360,0.6150,1.3266,,0.9464,0.8606,0.9679,0.9039,0.9252
2026-07-01,0.9626,0.6552,1.3182,,0.9964,0.9306,1.0319,0.9865,0.9915
2026-08-01,0.9564,0.6044,1.3713,,,,,,
2026-09-01,0.9875,0.6713,1.3444,,,,,,
2026-10-01,1.0206,0.6493,1.3391,,,,,,
2026-11-01,1.0324,0.6454,1.4352,,,,,,
2026-12-01,1.0268,0.6358,1.4352,,,,,,
2027-01-01,1.0364,0.5831,1.5154,,,,,,
2027-02-01,0.9938,0.5306,1.5253,,,,,,
2027-03-01,1.0025,0.5961,1.5912,,,,,,
2027-04-01,0.9768,0.5627,1.4626,,,,,,
2027-05-01,0.9620,0.5509,1.4502,,,,,,
2027-06-01,0.9427,0.5281,1.3740,,,,,,
2027-07-01,0.9540,0.5938,1.5114,,,,,,
2027-08-01,0.9714,0.6232,1.3862,,,,,,
2027-09-01,0.9726,0.6157,1.3657,,,,,,
2027-10-01,0.9945,0.6528,1.3890,,,,,,
2027-11-01,1.0117,0.6919,1.4391,,,,,,
2027-12-01,1.0114,0.6803,1.5162,,,,,,
2028-01-01,1.0078,0.6824,1.3306,,,,,,
2028-02-01,1.0038,0.7347,1.3339,,,,,,
2028-03-01,0.9776,0.6670,1.3474,,,,,,
2028-04-01,0.9798,0.6375,1.2444,,,,,,
2028-05-01,0.9713,0.6515,1.3262,,,,,,
2028-06-01,0.9590,0.6267,1.2733,,,,,,
2028-07-01,0.9632,0.7447,1.2444,,,,,,
2028-08-01,0.9765,0.7181,1.3825,,,,,,
2028-09-01,1.0044,0.7043,1.4230,,,,,,
2028-10-01,1.0192,0.6913,1.5134,,,,,,
2028-11-01,1.0319,0.7039,1.5287,,,,,,
2028-12-01,1.0452,0.6905,1.4773,,,,,,
2029-01-01,1.0379,0.6226,1.4782,,,,,,
2029-02-01,1.0344,0.6757,1.4293,,,,,,
2029-03-01,1.0283,0.7305,1.4452,,,,,,
2029-04-01,1.0036,0.7339,1.4210,,,,,,
2029-05-01,0.9796,0.6529,1.3356,,,,,,
2029-06-01,0.9974,0.6992,1.3980,,,,,,
2029-07-01,0.9955,0.7234,1.3485,,,,,,
2029-08-01,1.0061,0.6783,1.3549,,,,,,
2029-09-01,1.0152,0.6467,1.3998,,,,,,
2029-10-01,1.0543,0.7683,1.4620,,,,,,
2029-11-01,1.0694,0.7761,1.4910,,,,,,
2029-12-01,1.0713,0.6914,1.5382,,,,,,
2030-01-01,1.0562,0.6994,1.4126,,,,,,
2030-02-01,1.0404,0.5877,1.5252,,,,,,
2030-03-01,1.0125,0.6627,1.4073,,,,,,
2030-04-01,0.9766,0.5893,1.3705,,,,,,
2030-05-01,0.9925,0.6394,1.3356,,,,,,
2030-06-01,0.9906,0.6411,1.3961,,,,,,
2030-07-01,1.0011,0.7062,1.3784,,,,,,
2030-08-01,1.0053,0.6794,1.4729,,,,,,
2030-09-01,1.0266,0.6234,1.5099,,,,,,
2030-10-01,1.0822,0.7809,1.4947,,,,,,
2030-11-01,1.0645,0.7958,1.4399,,,,,,
2030-12-01,1.0776,0.7073,1.5146,,,,,,
2031-01-01,1.0788,0.7585,1.4362,,,,,,
2031-02-01,1.0662,0.6981,1.5001,,,,,,
2031-03-01,1.0845,0.6762,1.5579,,,,,,
2031-04-01,1.0383,0.7376,1.5493,,,,,,
2031-05-01,1.0174,0.6681,1.4916,,,,,,
2031-06-01,1.0196,0.6680,1.4388,,,,,,
2031-07-01,1.0379,0.7492,1.4364,,,,,,
2031-08-01,1.0304,0.7559,1.4281,,,,,,
2031-09-01,1.0716,0.8300,1.4395,,,,,,
2031-10-01,1.1134,0.7909,1.4710,,,,,,
2031-11-01,1.1297,0.8290,1.4473,,,,,,
2031-12-01,1.1230,0.8630,1.4758,,,,,,
2032-01-01,1.1161,0.7170,1.4152,,,,,,
2032-02-01,1.0937,0.7588,1.5247,,,,,,
2032-03-01,1.1028,0.7616,1.4541,,,,,,
2032-04-01,1.0822,0.7554,1.4231,,,,,,
2032-05-01,1.0516,0.7559,1.4008,,,,,,
2032-06-01,1.0651,0.7790,1.3902,,,,,,
2032-07-01,1.0773,0.7813,1.4195,,,,,,
2032-08-01,1.0608,0.6732,1.4136,,,,,,
2032-09-01,1.0989,0.7803,1.4792,,,,,,
2032-10-01,1.1324,0.7730,1.5044,,,,,,
2032-11-01,1.1549,0.7528,1.5455,,,,,,
2032-12-01,1.1494,0.7410,1.5982,,,,,,
2033-01-01,1.1500,0.7100,1.5278,,,,,,
2033-02-01,1.1479,0.6033,1.6126,,,,,,
2033-03-01,1.0812,0.6824,1.5602,,,,,,
2033-04-01,1.1124,0.7840,1.5738,,,,,,
2033-05-01,1.1117,0.7814,1.5238,,,,,,
2033-06-01,1.0932,0.6923,1.5096,,,,,,
2033-07-01,1.0863,0.6583,1.5240,,,,,,
2033-08-01,1.0835,0.7054,1.4766,,,,,,
2033-09-01,1.1148,0.6249,1.5115,,,,,,
2033-10-01,1.1436,0.6167,1.5788,,,,,,
2033-11-01,1.1682,0.7222,1.6107,,,,,,
2033-12-01,1.1632,0.7265,1.6487,,,,,,
2034-01-01,1.1871,0.7505,1.7113,,,,,,
2034-02-01,1.1350,0.5774,1.6261,,,,,,
2034-03-01,1.1122,0.6682,1.6492,,,,,,
2034-04-01,1.1075,0.7368,1.6282,,,,,,
2034-05-01,1.0947,0.7355,1.4684,,,,,,
2034-06-01,1.0839,0.7284,1.6370,,,,,,
2034-07-01,1.1099,0.7783,1.6462,,,,,,
2034-08-01,1.1332,0.7625,1.5997,,,,,,
2034-09-01,1.1530,0.8157,1.6011,,,,,,
2034-10-01,1.1979,0.8561,1.7062,,,,,,
2034-11-01,1.1816,0.7790,1.6444,,,,,,
2034-12-01,1.1827,0.7751,1.6071,,,,,,
2035-01-01,1.2015,0.8488,1.6618,,,,,,
2035-02-01,1.1370,0.8174,1.6105,,,,,,
2035-03-01,1.1262,0.8005,1.4940,,,,,,
2035-04-01,1.1222,0.7378,1.5178,,,,,,
2035-05-01,1.1211,0.8345,1.5001,,,,,,
2035-06-01,1.1216,0.7816,1.5236,,,,,,
2035-07-01,1.1312,0.7726,1.6245,,,,,,
2035-08-01,1.1282,0.7647,1.6082,,,,,,
2035-09-01,1.1479,0.7844,1.6339,,,,,,
2035-10-01,1.1890,0.7818,1.6075,,,,,,
2035-11-01,1.1846,0.7081,1.6051,,,,,,
2035-12-01,1.1836,0.7166,1.6586,,,,,,
2036-01-01,1.2324,0.7633,1.7736,,,,,,
2036-02-01,1.1924,0.6967,1.6920,,,,,,
2036-03-01,1.1459,0.6938,1.5495,,,,,,
2036-04-01,1.1577,0.7562,1.6442,,,,,,
2036-05-01,1.1473,0.7326,1.6037,,,,,,
2036-06-01,1.1186,0.6636,1.6400,,,,,,
2036-07-01,1.1404,0.6507,1.5360,,,,,,
2036-08-01,1.1624,0.6998,1.5385,,,,,,
2036-09-01,1.1767,0.7516,1.6383,,,,,,
2036-10-01,1.2334,0.8264,1.7470,,,,,,
2036-11-01,1.2733,0.8714,1.7275,,,,,,
2036-12-01,1.2772,0.8195,1.9140,,,,,,
2037-01-01,1.2903,0.8700,1.7922,,,,,,
2037-02-01,1.2651,0.8462,1.7252,,,,,,
2037-03-01,1.2273,0.7662,1.6963,,,,,,
2037-04-01,1.2081,0.7614,1.5784,,,,,,
2037-05-01,1.1983,0.8267,1.6143,,,,,,
2037-06-01,1.1787,0.7127,1.5621,,,,,,
2037-07-01,1.1907,0.7854,1.6285,,,,,,
2037-08-01,1.2053,0.7252,1.6640,,,,,,
2037-09-01,1.2323,0.8211,1.6761,,,,,,
2037-10-01,1.2550,0.8168,1.8285,,,,,,
2037-11-01,1.3060,0.8227,1.8778,,,,,,
2037-12-01,1.2826,0.8149,1.6560,,,,,,
2038-01-01,1.2893,0.8839,1.7310,,,,,,
2038-02-01,1.2764,0.9269,1.7473,,,,,,
2038-03-01,1.2549,0.8117,1.7927,,,,,,
2038-04-01,1.2131,0.8293,1.6732,,,,,,
2038-05-01,1.2168,0.8223,1.6621,,,,,,
2038-06-01,1.2000,0.7504,1.7292,,,,,,
2038-07-01,1.2094,0.7540,1.7652,,,,,,
2038-08-01,1.2337,0.7685,1.6837,,,,,,
2038-09-01,1.2506,0.7723,1.6529,,,,,,
2038-10-01,1.2560,0.7975,1.6261,,,,,,
2038-11-01,1.3156,0.8410,1.6891,,,,,,
2038-12-01,1.3076,0.8502,1.6982,,,,,,
2039-01-01,1.2553,0.8220,1.6043,,,,,,
2039-02-01,1.2241,0.7430,1.6399,,,,,,
2039-03-01,1.2235,0.7898,1.7606,,,,,,
2039-04-01,1.2140,0.8338,1.6886,,,,,,
2039-05-01,1.2105,0.8529,1.6248,,,,,,
2039-06-01,1.2006,0.7525,1.6148,,,,,,
2039-07-01,1.2306,0.8128,1.6722,,,,,,
2039-08-01,1.2472,0.8414,1.6854,,,,,,
2039-09-01,1.2705,0.8361,1.7303,,,,,,
2039-10-01,1.2947,0.8815,1.7517,,,,,,
2039-11-01,1.3538,0.9581,1.8384,,,,,,
2039-12-01,1.3327,0.8798,1.7385,,,,,,
2040-01-01,1.3007,0.8338,1.7932,,,,,,
2040-02-01,1.3030,0.8698,1.7266,,,,,,
2040-03-01,1.2760,0.8670,1.8260,,,,,,
2040-04-01,1.2559,0.9297,1.7685,,,,,,
2040-05-01,1.2548,0.8074,1.7663,,,,,,
2040-06-01,1.2392,0.7822,1.7084,,,,,,
2040-07-01,1.2410,0.7812,1.6874,,,,,,
2040-08-01,1.2593,0.8361,1.7902,,,,,,
2040-09-01,1.3035,0.8523,1.8692,,,,,,
2040-10-01,1.3446,0.9226,1.8894,,,,,,
2040-11-01,1.3603,0.9548,1.9125,,,,,,
2040-12-01,1.3481,0.8709,1.9115,,,,,,
