# Climate models vs observations — CMIP3 (SRES A1B), baseline 1981-2010
# Climate Dashboard (https://github.com/hausfath/climate-dashboard) — regenerated daily; this file: 2026-09-04
# Monthly means, all series referenced to 1981-2010. model_mean/p05/p95: ensemble mean and 5th-95th percentile across members.
# Observation columns: HadCRUT5, GISTEMP, NOAA, Berkeley Earth, ERA5 (C3S).
# The dashboard's 12-month view is a 12-month rolling mean of these monthly columns.
# All values in degrees Celsius unless a column says otherwise. Load with pandas.read_csv(..., comment='#').
date,model_mean_c,model_p05_c,model_p95_c,hadcrut5,gistemp,noaa,berkeley,copernicus,obs_median_c
1900-01-01,-0.7907,-1.3151,-0.4123,-0.8259,-0.7819,-0.6941,-0.6527,,-0.7380
1900-02-01,-0.7378,-1.1865,-0.3896,-0.5367,-0.4819,-0.3641,-0.3297,,-0.4230
1900-03-01,-0.7249,-1.0995,-0.3939,-0.5437,-0.4219,-0.4841,-0.5127,,-0.4984
1900-04-01,-0.6703,-1.0086,-0.3506,-0.5700,-0.5119,-0.5241,-0.5767,,-0.5470
1900-05-01,-0.6566,-1.0017,-0.3836,-0.6453,-0.5119,-0.5341,-0.6037,,-0.5689
1900-06-01,-0.6579,-1.0885,-0.3215,-0.5680,-0.5219,-0.4441,-0.5137,,-0.5178
1900-07-01,-0.6799,-1.1349,-0.3634,-0.5545,-0.5519,-0.5241,-0.6177,,-0.5532
1900-08-01,-0.6886,-1.1004,-0.3572,-0.5547,-0.5119,-0.5141,-0.6067,,-0.5344
1900-09-01,-0.6968,-1.0816,-0.4142,-0.5376,-0.4719,-0.5541,-0.5707,,-0.5458
1900-10-01,-0.7351,-1.1320,-0.3974,-0.4025,-0.3319,-0.4441,-0.4087,,-0.4056
1900-11-01,-0.7795,-1.2102,-0.4410,-0.6019,-0.4919,-0.5341,-0.5657,,-0.5499
1900-12-01,-0.7712,-1.1980,-0.4642,-0.5579,-0.4919,-0.4541,-0.4937,,-0.4928
1901-01-01,-0.7513,-1.2188,-0.4079,-0.6088,-0.6419,-0.6041,-0.6477,,-0.6253
1901-02-01,-0.7020,-1.1732,-0.2980,-0.6031,-0.5319,-0.5641,-0.5577,,-0.5609
1901-03-01,-0.7267,-1.1083,-0.3409,-0.5245,-0.3619,-0.3741,-0.5667,,-0.4493
1901-04-01,-0.6861,-1.0595,-0.4049,-0.5096,-0.4419,-0.4241,-0.5167,,-0.4757
1901-05-01,-0.6663,-1.0724,-0.2160,-0.5792,-0.5719,-0.5241,-0.4827,,-0.5480
1901-06-01,-0.6647,-1.0882,-0.3175,-0.6008,-0.5419,-0.5641,-0.5857,,-0.5749
1901-07-01,-0.6523,-1.0493,-0.3104,-0.6905,-0.5619,-0.5541,-0.6197,,-0.5908
1901-08-01,-0.6877,-1.1235,-0.3472,-0.5561,-0.6219,-0.5341,-0.6267,,-0.5890
1901-09-01,-0.7145,-1.1627,-0.4002,-0.7009,-0.6419,-0.6341,-0.7037,,-0.6714
1901-10-01,-0.7550,-1.2229,-0.4121,-0.6803,-0.7119,-0.6841,-0.7287,,-0.6980
1901-11-01,-0.8034,-1.2619,-0.4630,-0.7184,-0.5919,-0.6141,-0.7417,,-0.6662
1901-12-01,-0.8119,-1.1511,-0.4716,-0.8104,-0.6919,-0.5241,-0.6457,,-0.6688
1902-01-01,-0.8033,-1.2488,-0.5236,-0.7699,-0.5819,-0.6241,-0.6867,,-0.6554
1902-02-01,-0.7346,-1.1682,-0.3036,-0.5689,-0.5119,-0.4841,-0.5337,,-0.5228
1902-03-01,-0.7221,-1.1647,-0.3540,-0.8005,-0.6919,-0.7241,-0.7927,,-0.7584
1902-04-01,-0.6791,-1.0493,-0.4050,-0.7891,-0.7019,-0.6641,-0.7587,,-0.7303
1902-05-01,-0.6768,-1.0285,-0.4224,-0.7794,-0.7419,-0.6341,-0.7537,,-0.7478
1902-06-01,-0.6454,-1.0294,-0.3936,-0.7948,-0.7319,-0.5741,-0.7617,,-0.7468
1902-07-01,-0.6499,-1.0538,-0.3283,-0.7557,-0.7019,-0.5741,-0.7647,,-0.7288
1902-08-01,-0.6670,-1.0196,-0.4081,-0.7752,-0.7219,-0.6141,-0.8187,,-0.7485
1902-09-01,-0.6953,-1.0474,-0.3635,-0.7178,-0.7119,-0.6641,-0.7657,,-0.7148
1902-10-01,-0.7479,-1.1392,-0.3867,-0.8420,-0.7219,-0.6941,-0.9017,,-0.7819
1902-11-01,-0.8000,-1.1210,-0.3985,-0.8987,-0.7919,-0.7141,-0.8677,,-0.8298
1902-12-01,-0.8159,-1.2382,-0.5601,-0.8938,-0.8419,-0.7541,-0.8567,,-0.8493
1903-01-01,-0.7822,-1.2503,-0.3933,-0.7673,-0.6719,-0.6241,-0.6537,,-0.6628
1903-02-01,-0.7696,-1.2201,-0.3787,-0.5794,-0.4819,-0.6641,-0.6767,,-0.6217
1903-03-01,-0.7718,-1.1248,-0.2952,-0.7509,-0.6519,-0.6041,-0.6847,,-0.6683
1903-04-01,-0.7580,-1.1463,-0.2613,-0.9346,-0.8319,-0.8541,-0.9757,,-0.8943
1903-05-01,-0.7222,-1.0989,-0.1925,-0.8585,-0.8219,-0.7041,-0.8477,,-0.8348
1903-06-01,-0.7220,-1.0889,-0.2169,-0.8942,-0.8519,-0.7141,-0.8087,,-0.8303
1903-07-01,-0.7434,-1.0964,-0.2755,-0.8559,-0.7719,-0.7641,-0.8967,,-0.8139
1903-08-01,-0.7576,-1.1398,-0.3522,-0.9554,-0.8719,-0.8141,-1.0857,,-0.9136
1903-09-01,-0.7741,-1.1585,-0.3457,-0.9159,-0.9119,-0.8241,-0.9287,,-0.9139
1903-10-01,-0.8158,-1.2636,-0.3210,-1.0186,-0.8819,-0.8841,-0.9667,,-0.9254
1903-11-01,-0.8541,-1.3228,-0.3417,-0.9758,-0.8419,-0.7441,-0.9887,,-0.9088
1903-12-01,-0.8783,-1.3266,-0.4131,-1.0529,-0.9319,-0.9241,-0.9807,,-0.9563
1904-01-01,-0.8436,-1.4990,-0.3744,-1.1418,-1.0619,-1.0241,-1.1067,,-1.0843
1904-02-01,-0.8089,-1.2648,-0.3885,-1.1116,-1.0119,-0.9441,-1.0947,,-1.0533
1904-03-01,-0.7542,-1.2538,-0.2371,-1.0386,-0.9319,-0.7341,-0.9367,,-0.9343
1904-04-01,-0.7523,-1.1158,-0.2661,-0.9897,-0.9319,-0.9141,-0.9477,,-0.9398
1904-05-01,-0.7107,-1.0779,-0.2267,-0.9562,-0.9419,-0.8741,-0.9557,,-0.9488
1904-06-01,-0.7125,-1.1644,-0.2596,-0.9135,-0.9019,-0.8141,-0.8987,,-0.9003
1904-07-01,-0.7308,-1.1379,-0.2463,-0.9037,-0.9319,-0.8141,-0.9217,,-0.9127
1904-08-01,-0.7439,-1.1163,-0.2000,-0.8288,-0.9119,-0.8041,-0.9007,,-0.8647
1904-09-01,-0.7771,-1.2385,-0.2661,-0.9451,-0.9819,-0.8441,-0.9907,,-0.9635
1904-10-01,-0.8079,-1.2730,-0.2195,-0.8973,-0.8119,-0.7641,-0.8857,,-0.8488
1904-11-01,-0.8711,-1.3337,-0.2605,-0.7368,-0.6019,-0.6241,-0.7297,,-0.6769
1904-12-01,-0.8726,-1.2724,-0.2447,-0.8385,-0.7619,-0.6441,-0.8077,,-0.7848
1905-01-01,-0.8091,-1.1492,-0.2113,-0.8014,-0.7719,-0.7041,-0.8757,,-0.7866
1905-02-01,-0.7978,-1.1317,-0.1771,-1.0602,-1.0119,-0.9341,-1.0827,,-1.0360
1905-03-01,-0.7376,-1.0212,-0.3049,-0.8636,-0.6419,-0.6741,-0.9027,,-0.7688
1905-04-01,-0.7120,-1.0095,-0.2855,-0.9031,-0.7619,-0.7441,-0.9457,,-0.8325
1905-05-01,-0.7022,-1.0192,-0.2772,-0.7790,-0.7219,-0.6441,-0.7617,,-0.7418
1905-06-01,-0.7067,-1.0295,-0.2755,-0.6896,-0.7019,-0.5641,-0.6937,,-0.6916
1905-07-01,-0.6975,-1.0454,-0.2294,-0.7208,-0.6819,-0.5741,-0.6527,,-0.6673
1905-08-01,-0.7091,-1.0709,-0.3252,-0.6506,-0.6219,-0.6641,-0.7557,,-0.6573
1905-09-01,-0.7296,-1.0646,-0.3528,-0.6916,-0.6119,-0.7241,-0.7947,,-0.7078
1905-10-01,-0.7817,-1.0961,-0.4214,-0.6791,-0.6719,-0.7541,-0.7107,,-0.6949
1905-11-01,-0.8062,-1.1247,-0.5261,-0.5601,-0.4919,-0.6341,-0.7167,,-0.5971
1905-12-01,-0.7872,-1.1047,-0.4899,-0.6091,-0.5519,-0.7141,-0.6067,,-0.6079
1906-01-01,-0.7359,-1.1296,-0.4881,-0.6293,-0.7019,-0.7741,-0.6897,,-0.6958
1906-02-01,-0.7065,-1.0468,-0.4886,-0.7216,-0.7119,-0.6541,-0.7097,,-0.7108
1906-03-01,-0.7093,-1.0755,-0.5402,-0.6263,-0.6119,-0.6241,-0.5827,,-0.6180
1906-04-01,-0.7112,-0.9829,-0.3950,-0.4450,-0.4719,-0.4641,-0.4957,,-0.4680
1906-05-01,-0.6873,-0.9337,-0.3594,-0.7170,-0.6819,-0.6141,-0.7857,,-0.6994
1906-06-01,-0.6844,-1.0447,-0.4863,-0.5739,-0.6219,-0.5541,-0.5987,,-0.5863
1906-07-01,-0.6964,-1.0509,-0.5002,-0.6912,-0.6519,-0.5341,-0.6287,,-0.6403
1906-08-01,-0.7175,-1.0772,-0.4772,-0.6171,-0.6219,-0.6541,-0.7087,,-0.6380
1906-09-01,-0.7362,-1.1016,-0.4927,-0.6970,-0.7019,-0.6441,-0.7637,,-0.6994
1906-10-01,-0.7620,-1.1673,-0.5292,-0.6650,-0.6219,-0.6041,-0.6427,,-0.6323
1906-11-01,-0.7886,-1.2015,-0.4512,-0.8756,-0.8019,-0.6841,-0.7877,,-0.7948
1906-12-01,-0.8121,-1.3230,-0.4104,-0.6621,-0.5719,-0.4541,-0.6757,,-0.6170
1907-01-01,-0.8338,-1.4307,-0.3847,-0.8610,-0.8519,-0.7641,-0.8777,,-0.8564
1907-02-01,-0.7898,-1.2564,-0.4172,-0.9601,-0.9319,-0.9041,-0.9527,,-0.9423
1907-03-01,-0.7486,-1.1382,-0.4482,-0.7718,-0.6919,-0.7041,-0.7437,,-0.7239
1907-04-01,-0.7237,-1.1047,-0.4558,-0.8165,-0.7919,-0.8441,-0.8547,,-0.8303
1907-05-01,-0.6903,-1.0420,-0.3753,-0.9822,-0.8819,-0.8541,-0.9907,,-0.9320
1907-06-01,-0.7038,-1.0268,-0.3323,-0.8834,-0.8419,-0.7941,-0.8937,,-0.8626
1907-07-01,-0.6853,-1.0492,-0.3444,-0.7759,-0.7719,-0.6941,-0.8307,,-0.7739
1907-08-01,-0.7047,-1.1257,-0.3087,-0.8374,-0.7619,-0.7141,-0.8877,,-0.7996
1907-09-01,-0.7383,-1.1689,-0.3619,-0.7448,-0.7619,-0.7141,-0.8667,,-0.7533
1907-10-01,-0.7463,-1.0847,-0.3449,-0.6770,-0.6519,-0.6541,-0.6847,,-0.6655
1907-11-01,-0.7850,-1.1350,-0.3706,-0.8931,-0.8919,-0.7941,-0.9207,,-0.8925
1907-12-01,-0.7912,-1.1942,-0.4092,-0.9274,-0.8919,-0.8441,-0.8637,,-0.8778
1908-01-01,-0.7898,-1.2779,-0.3246,-0.7967,-0.8719,-0.8941,-0.9157,,-0.8830
1908-02-01,-0.7826,-1.2703,-0.3716,-0.7506,-0.7419,-0.6641,-0.8147,,-0.7462
1908-03-01,-0.7651,-1.2205,-0.3898,-1.0414,-0.9719,-0.9041,-1.0587,,-1.0066
1908-04-01,-0.6997,-1.0888,-0.3367,-0.9262,-0.8619,-0.9341,-1.0327,,-0.9301
1908-05-01,-0.6559,-1.1079,-0.2881,-0.7826,-0.7919,-0.7741,-0.8757,,-0.7872
1908-06-01,-0.6621,-1.1402,-0.2843,-0.7539,-0.8019,-0.7341,-0.8767,,-0.7779
1908-07-01,-0.6686,-1.0873,-0.2460,-0.7406,-0.7719,-0.7141,-0.7707,,-0.7556
1908-08-01,-0.6726,-1.1774,-0.2761,-0.8257,-0.8819,-0.8341,-0.9417,,-0.8580
1908-09-01,-0.6905,-1.2183,-0.2655,-0.7280,-0.7819,-0.7841,-0.8337,,-0.7830
1908-10-01,-0.7011,-1.2229,-0.2843,-0.9124,-0.8619,-0.8641,-0.8467,,-0.8630
1908-11-01,-0.7545,-1.2425,-0.3291,-0.9826,-0.9419,-0.8341,-0.9927,,-0.9622
1908-12-01,-0.7540,-1.3017,-0.2994,-0.9748,-0.9219,-0.8441,-0.9767,,-0.9483
1909-01-01,-0.7313,-1.4496,-0.2408,-1.0995,-1.1519,-1.0341,-1.1347,,-1.1171
1909-02-01,-0.7535,-1.4039,-0.2653,-0.8777,-0.8819,-0.7941,-0.9267,,-0.8798
1909-03-01,-0.6834,-1.2113,-0.3048,-0.9961,-0.9719,-0.8841,-1.0117,,-0.9840
1909-04-01,-0.6860,-1.1571,-0.3575,-0.9752,-1.0119,-0.8741,-1.0307,,-0.9935
1909-05-01,-0.6623,-1.1174,-0.2500,-0.9336,-0.9719,-0.8041,-0.9677,,-0.9506
1909-06-01,-0.6664,-1.0835,-0.2967,-0.8516,-0.9419,-0.8141,-0.9097,,-0.8806
1909-07-01,-0.6916,-1.1688,-0.2822,-0.8727,-0.8819,-0.8041,-0.9627,,-0.8773
1909-08-01,-0.6894,-1.0748,-0.3001,-0.6732,-0.7619,-0.7341,-0.7577,,-0.7459
1909-09-01,-0.7008,-1.0916,-0.3293,-0.7522,-0.8119,-0.7541,-0.8347,,-0.7830
1909-10-01,-0.7507,-1.1362,-0.3219,-0.8343,-0.8219,-0.7341,-0.8427,,-0.8281
1909-11-01,-0.7788,-1.0618,-0.4764,-0.7291,-0.7419,-0.6841,-0.8037,,-0.7355
1909-12-01,-0.7751,-1.2398,-0.4216,-0.9366,-0.9819,-0.8141,-0.8797,,-0.9081
1910-01-01,-0.7784,-1.2869,-0.4588,-0.7622,-0.8519,-0.7241,-0.8207,,-0.7914
1910-02-01,-0.7268,-1.2087,-0.4172,-0.8496,-0.8419,-0.7941,-0.8877,,-0.8457
1910-03-01,-0.6672,-1.0038,-0.4078,-0.9465,-0.9319,-0.8441,-0.9547,,-0.9392
1910-04-01,-0.6607,-1.0683,-0.3103,-0.8697,-0.8519,-0.8141,-0.9867,,-0.8608
1910-05-01,-0.6172,-1.0402,-0.3367,-0.8679,-0.7719,-0.7441,-0.8387,,-0.8053
1910-06-01,-0.6369,-1.0199,-0.2566,-0.8971,-0.8119,-0.7241,-0.9197,,-0.8545
1910-07-01,-0.6456,-1.0197,-0.3217,-0.7868,-0.7719,-0.7241,-0.7917,,-0.7793
1910-08-01,-0.6549,-1.0660,-0.2304,-0.7356,-0.7919,-0.6841,-0.8707,,-0.7637
1910-09-01,-0.6495,-1.0428,-0.2043,-0.7623,-0.8119,-0.7441,-0.8817,,-0.7871
1910-10-01,-0.7015,-1.1437,-0.2984,-0.8221,-0.8319,-0.7941,-0.8227,,-0.8224
1910-11-01,-0.7486,-1.1907,-0.3581,-1.0127,-0.9919,-0.7641,-1.0007,,-0.9963
1910-12-01,-0.7791,-1.2402,-0.3753,-1.0894,-1.1019,-0.9341,-1.0457,,-1.0675
1911-01-01,-0.6971,-1.1112,-0.3679,-1.0010,-1.0519,-0.9441,-0.9907,,-0.9958
1911-02-01,-0.6970,-1.1135,-0.3791,-1.0512,-1.0019,-1.0041,-1.0937,,-1.0276
1911-03-01,-0.6671,-1.0992,-0.2289,-1.1094,-1.0319,-1.0041,-1.0387,,-1.0353
1911-04-01,-0.6541,-1.0250,-0.1610,-0.9867,-0.9619,-0.7941,-1.0137,,-0.9743
1911-05-01,-0.6425,-1.0870,-0.1921,-0.9862,-0.9419,-0.8541,-0.9457,,-0.9438
1911-06-01,-0.6297,-1.0744,-0.2186,-0.9050,-0.9319,-0.8241,-0.9667,,-0.9184
1911-07-01,-0.6606,-1.0626,-0.2668,-0.8417,-0.8519,-0.7841,-0.9557,,-0.8468
1911-08-01,-0.6581,-1.1265,-0.2650,-0.8547,-0.8619,-0.7741,-0.9127,,-0.8583
1911-09-01,-0.6804,-1.0526,-0.2823,-0.8457,-0.8319,-0.7441,-0.9027,,-0.8388
1911-10-01,-0.7351,-1.1347,-0.3106,-0.6969,-0.6919,-0.6341,-0.6967,,-0.6943
1911-11-01,-0.7934,-1.1610,-0.3694,-0.6882,-0.6419,-0.6041,-0.6967,,-0.6650
1911-12-01,-0.8248,-1.2294,-0.4716,-0.6477,-0.6419,-0.6041,-0.5877,,-0.6230
1912-01-01,-0.7874,-1.2477,-0.3463,-0.6708,-0.6919,-0.6941,-0.6677,,-0.6813
1912-02-01,-0.7670,-1.2347,-0.4280,-0.6570,-0.5819,-0.6241,-0.6127,,-0.6184
1912-03-01,-0.6794,-1.0987,-0.3477,-0.9015,-0.8119,-0.7941,-0.8007,,-0.8063
1912-04-01,-0.6762,-1.0768,-0.3574,-0.6824,-0.6119,-0.6141,-0.7167,,-0.6482
1912-05-01,-0.6412,-0.9901,-0.3442,-0.6800,-0.6419,-0.6341,-0.7347,,-0.6609
1912-06-01,-0.6476,-1.0006,-0.3574,-0.6350,-0.6719,-0.6241,-0.6517,,-0.6433
1912-07-01,-0.6776,-1.0466,-0.3446,-0.8550,-0.8519,-0.7541,-0.7747,,-0.8133
1912-08-01,-0.7040,-1.0903,-0.3253,-0.9250,-0.9719,-0.8541,-0.9717,,-0.9483
1912-09-01,-0.7266,-1.0436,-0.3917,-0.9912,-0.9919,-0.8441,-0.9957,,-0.9915
1912-10-01,-0.7785,-1.0865,-0.4557,-1.0298,-1.0019,-0.9641,-0.9657,,-0.9838
1912-11-01,-0.8177,-1.1304,-0.5195,-0.9012,-0.8219,-0.6641,-0.8247,,-0.8233
1912-12-01,-0.8177,-1.1332,-0.4180,-0.9216,-0.8619,-0.7041,-0.8637,,-0.8628
1913-01-01,-0.7610,-1.1667,-0.3199,-0.8911,-0.8319,-0.7741,-0.9107,,-0.8615
1913-02-01,-0.7344,-1.0711,-0.3353,-0.8843,-0.8819,-0.7441,-0.9397,,-0.8831
1913-03-01,-0.7198,-1.0273,-0.3344,-0.9458,-0.8519,-0.8341,-0.9177,,-0.8848
1913-04-01,-0.6896,-1.0794,-0.2156,-0.8674,-0.8319,-0.7841,-0.7917,,-0.8118
1913-05-01,-0.6621,-0.9250,-0.2838,-0.8923,-0.8619,-0.7841,-0.8987,,-0.8771
1913-06-01,-0.6459,-0.9462,-0.3281,-0.8907,-0.8819,-0.7441,-0.8567,,-0.8693
1913-07-01,-0.6905,-0.9974,-0.2963,-0.8320,-0.7919,-0.6941,-0.8437,,-0.8119
1913-08-01,-0.7132,-1.0949,-0.3677,-0.7444,-0.7519,-0.6441,-0.8047,,-0.7481
1913-09-01,-0.7456,-1.0901,-0.4353,-0.7630,-0.7719,-0.7341,-0.8887,,-0.7674
1913-10-01,-0.7985,-1.1356,-0.4726,-0.7870,-0.7519,-0.7141,-0.7617,,-0.7568
1913-11-01,-0.8235,-1.1481,-0.5737,-0.7062,-0.6319,-0.6241,-0.6297,,-0.6308
1913-12-01,-0.8497,-1.2123,-0.5663,-0.4949,-0.4619,-0.4241,-0.4097,,-0.4430
1914-01-01,-0.8320,-1.1635,-0.5455,-0.4155,-0.3919,-0.4841,-0.5287,,-0.4498
1914-02-01,-0.7883,-1.0915,-0.5227,-0.6002,-0.5319,-0.5241,-0.6767,,-0.5660
1914-03-01,-0.7443,-1.0926,-0.4385,-0.7366,-0.6719,-0.6441,-0.8057,,-0.7042
1914-04-01,-0.6929,-1.0129,-0.3777,-0.7457,-0.7219,-0.5941,-0.7887,,-0.7338
1914-05-01,-0.6723,-1.0063,-0.4074,-0.6532,-0.6419,-0.5641,-0.7677,,-0.6475
1914-06-01,-0.6760,-0.9765,-0.4360,-0.6556,-0.6819,-0.5641,-0.7067,,-0.6687
1914-07-01,-0.6781,-1.0443,-0.4120,-0.6427,-0.6719,-0.6441,-0.6157,,-0.6434
1914-08-01,-0.6922,-1.0978,-0.3918,-0.5901,-0.5919,-0.6241,-0.6007,,-0.5963
1914-09-01,-0.7084,-1.0572,-0.4190,-0.6472,-0.5919,-0.6241,-0.7007,,-0.6356
1914-10-01,-0.7448,-1.1225,-0.4981,-0.4547,-0.4619,-0.4541,-0.4447,,-0.4544
1914-11-01,-0.7846,-1.1154,-0.5214,-0.5262,-0.5819,-0.4041,-0.5657,,-0.5459
1914-12-01,-0.7880,-1.1269,-0.4774,-0.5826,-0.4719,-0.4441,-0.5587,,-0.5153
1915-01-01,-0.7612,-1.1686,-0.4662,-0.6283,-0.6419,-0.6041,-0.6687,,-0.6351
1915-02-01,-0.7220,-1.1329,-0.4684,-0.5582,-0.4619,-0.5541,-0.6167,,-0.5561
1915-03-01,-0.7433,-1.0880,-0.4633,-0.5400,-0.5319,-0.4441,-0.4667,,-0.4993
1915-04-01,-0.6859,-1.0469,-0.3842,-0.4303,-0.3619,-0.3441,-0.5337,,-0.3961
1915-05-01,-0.6331,-0.9990,-0.3849,-0.5216,-0.4819,-0.4441,-0.4957,,-0.4888
1915-06-01,-0.6191,-1.0707,-0.3477,-0.5192,-0.6519,-0.5041,-0.5367,,-0.5279
1915-07-01,-0.6257,-1.0758,-0.3736,-0.5215,-0.5519,-0.4141,-0.5657,,-0.5367
1915-08-01,-0.6318,-1.0200,-0.3656,-0.4089,-0.6519,-0.4541,-0.5537,,-0.5039
1915-09-01,-0.6715,-1.0757,-0.4014,-0.4570,-0.6319,-0.5041,-0.6687,,-0.5680
1915-10-01,-0.7214,-1.0847,-0.4279,-0.6271,-0.6619,-0.6041,-0.5907,,-0.6156
1915-11-01,-0.7098,-1.0263,-0.4180,-0.5147,-0.5619,-0.4541,-0.5117,,-0.5132
1915-12-01,-0.7175,-1.0043,-0.3888,-0.6972,-0.6319,-0.6541,-0.6857,,-0.6699
1916-01-01,-0.6974,-1.0967,-0.4084,-0.6809,-0.5519,-0.5741,-0.6497,,-0.6119
1916-02-01,-0.6626,-1.1010,-0.3359,-0.6097,-0.5719,-0.6341,-0.5637,,-0.5908
1916-03-01,-0.6485,-1.0737,-0.3769,-0.7798,-0.7119,-0.6741,-0.7757,,-0.7438
1916-04-01,-0.6137,-1.0171,-0.2825,-0.7254,-0.7319,-0.5941,-0.7417,,-0.7286
1916-05-01,-0.5781,-0.9485,-0.3099,-0.7714,-0.7819,-0.6241,-0.7537,,-0.7625
1916-06-01,-0.5476,-0.9596,-0.2871,-0.8426,-0.9219,-0.6641,-0.8247,,-0.8336
1916-07-01,-0.5798,-0.9908,-0.3085,-0.7310,-0.7919,-0.7241,-0.7337,,-0.7323
1916-08-01,-0.6096,-1.0297,-0.3585,-0.6413,-0.7019,-0.6541,-0.7437,,-0.6780
1916-09-01,-0.6475,-1.0258,-0.3759,-0.6700,-0.7819,-0.6841,-0.8417,,-0.7330
1916-10-01,-0.6694,-1.0951,-0.4259,-0.7171,-0.7519,-0.7441,-0.9087,,-0.7480
1916-11-01,-0.7006,-1.0923,-0.4059,-0.8541,-0.8919,-0.9241,-0.9797,,-0.9080
1916-12-01,-0.7263,-1.0464,-0.4523,-1.1564,-1.2419,-1.0641,-1.1077,,-1.1320
1917-01-01,-0.7232,-1.0296,-0.3546,-1.0364,-0.9919,-0.9141,-1.0647,,-1.0141
1917-02-01,-0.6931,-1.1485,-0.3675,-1.0610,-1.0519,-1.0141,-1.1307,,-1.0564
1917-03-01,-0.6312,-1.1029,-0.3711,-1.1252,-1.0519,-1.0941,-1.2537,,-1.1096
1917-04-01,-0.5869,-0.9953,-0.3203,-0.8883,-0.9719,-0.8441,-0.9447,,-0.9165
1917-05-01,-0.5972,-1.0320,-0.3828,-0.9854,-0.9719,-0.9341,-1.0287,,-0.9786
1917-06-01,-0.6246,-1.1076,-0.3759,-0.8231,-0.8619,-0.7741,-0.8657,,-0.8425
1917-07-01,-0.6355,-1.1145,-0.3709,-0.6022,-0.6819,-0.5641,-0.6657,,-0.6339
1917-08-01,-0.6448,-1.2248,-0.3577,-0.6836,-0.6519,-0.6741,-0.7047,,-0.6788
1917-09-01,-0.6431,-1.1790,-0.3449,-0.6482,-0.6519,-0.6441,-0.6717,,-0.6500
1917-10-01,-0.7041,-1.2193,-0.3698,-0.8781,-0.8619,-0.8541,-0.8477,,-0.8580
1917-11-01,-0.7464,-1.0817,-0.3981,-0.7997,-0.7619,-0.8141,-0.9187,,-0.8069
1917-12-01,-0.7546,-1.1652,-0.4626,-1.1322,-1.1019,-1.0241,-1.1657,,-1.1170
1918-01-01,-0.7485,-1.2368,-0.4436,-0.8635,-0.9019,-0.9241,-0.9487,,-0.9130
1918-02-01,-0.6692,-1.1566,-0.3144,-1.0213,-0.7719,-0.9241,-1.0487,,-0.9727
1918-03-01,-0.6665,-1.0125,-0.3407,-0.9269,-0.6819,-0.7641,-0.9387,,-0.8455
1918-04-01,-0.6060,-1.0282,-0.3034,-0.9714,-0.8619,-0.9041,-0.9167,,-0.9104
1918-05-01,-0.5857,-0.9976,-0.3019,-0.8720,-0.8519,-0.8241,-0.9117,,-0.8619
1918-06-01,-0.5850,-0.9878,-0.2895,-0.7339,-0.7819,-0.8241,-0.8307,,-0.8030
1918-07-01,-0.6014,-1.0098,-0.2873,-0.7154,-0.7419,-0.6641,-0.7357,,-0.7255
1918-08-01,-0.6263,-1.1030,-0.2894,-0.7889,-0.7419,-0.7641,-0.8507,,-0.7765
1918-09-01,-0.6295,-1.0270,-0.2451,-0.6190,-0.5919,-0.6041,-0.6817,,-0.6115
1918-10-01,-0.6538,-1.0529,-0.3145,-0.4619,-0.4819,-0.5541,-0.5067,,-0.4943
1918-11-01,-0.7213,-1.0780,-0.3368,-0.5134,-0.5419,-0.6141,-0.5447,,-0.5433
1918-12-01,-0.7331,-1.1059,-0.3074,-0.7617,-0.7219,-0.6641,-0.6897,,-0.7058
1919-01-01,-0.6798,-1.0912,-0.2910,-0.5876,-0.6219,-0.5141,-0.6767,,-0.6047
1919-02-01,-0.6375,-1.0653,-0.1629,-0.5806,-0.6519,-0.6641,-0.6277,,-0.6398
1919-03-01,-0.5969,-0.9151,-0.2549,-0.7383,-0.6319,-0.7141,-0.8147,,-0.7262
1919-04-01,-0.6123,-0.9034,-0.2723,-0.5540,-0.5519,-0.4341,-0.6177,,-0.5529
1919-05-01,-0.5647,-0.9521,-0.2099,-0.6572,-0.7019,-0.5941,-0.7077,,-0.6795
1919-06-01,-0.5679,-0.9445,-0.2342,-0.7142,-0.7819,-0.6441,-0.7507,,-0.7324
1919-07-01,-0.5909,-1.0185,-0.2966,-0.6654,-0.7119,-0.6541,-0.7767,,-0.6886
1919-08-01,-0.6100,-1.0217,-0.3701,-0.6026,-0.7519,-0.6841,-0.7867,,-0.7180
1919-09-01,-0.6371,-1.0572,-0.3667,-0.6390,-0.6719,-0.5641,-0.7737,,-0.6554
1919-10-01,-0.6457,-1.0378,-0.3787,-0.6172,-0.6219,-0.6841,-0.7277,,-0.6530
1919-11-01,-0.6903,-1.0439,-0.4574,-0.9057,-0.8419,-0.6941,-0.8227,,-0.8323
1919-12-01,-0.6919,-1.0399,-0.3758,-0.8637,-0.8519,-0.6841,-0.8187,,-0.8353
1920-01-01,-0.6821,-1.1391,-0.4450,-0.6202,-0.6719,-0.4641,-0.6467,,-0.6334
1920-02-01,-0.6254,-1.1124,-0.2037,-0.8894,-0.6919,-0.6341,-0.7467,,-0.7193
1920-03-01,-0.5943,-0.9743,-0.2957,-0.5133,-0.5419,-0.4741,-0.6107,,-0.5276
1920-04-01,-0.5799,-0.9605,-0.2415,-0.6866,-0.6619,-0.6841,-0.7007,,-0.6853
1920-05-01,-0.5662,-0.9983,-0.2439,-0.6046,-0.6919,-0.5341,-0.6697,,-0.6371
1920-06-01,-0.5563,-1.0114,-0.2266,-0.5974,-0.7819,-0.5841,-0.6327,,-0.6150
1920-07-01,-0.5845,-1.0775,-0.2554,-0.6631,-0.7219,-0.6441,-0.7307,,-0.6925
1920-08-01,-0.6016,-1.0181,-0.3162,-0.5784,-0.6819,-0.6341,-0.6547,,-0.6444
1920-09-01,-0.6332,-1.1364,-0.2902,-0.5500,-0.6419,-0.5941,-0.5867,,-0.5904
1920-10-01,-0.6545,-1.0918,-0.2656,-0.5669,-0.6819,-0.5941,-0.6157,,-0.6049
1920-11-01,-0.7237,-1.1418,-0.3473,-0.6834,-0.6919,-0.6641,-0.6307,,-0.6737
1920-12-01,-0.7422,-1.1396,-0.4191,-0.8364,-0.8919,-0.8041,-0.8087,,-0.8225
1921-01-01,-0.7023,-1.1848,-0.2320,-0.5748,-0.4719,-0.5141,-0.6457,,-0.5444
1921-02-01,-0.6664,-1.1907,-0.2698,-0.6400,-0.6019,-0.6641,-0.6417,,-0.6408
1921-03-01,-0.6488,-1.0453,-0.2878,-0.6929,-0.6519,-0.6541,-0.7687,,-0.6735
1921-04-01,-0.6228,-0.9824,-0.3428,-0.6388,-0.7219,-0.6441,-0.7167,,-0.6804
1921-05-01,-0.6080,-0.9768,-0.2644,-0.6451,-0.7219,-0.5941,-0.7487,,-0.6835
1921-06-01,-0.5825,-0.9957,-0.2351,-0.5041,-0.6919,-0.5541,-0.6517,,-0.6029
1921-07-01,-0.6318,-1.0467,-0.3167,-0.4968,-0.5719,-0.5341,-0.5267,,-0.5304
1921-08-01,-0.6143,-0.9977,-0.2589,-0.6616,-0.6819,-0.6141,-0.6097,,-0.6378
1921-09-01,-0.6408,-1.0619,-0.3059,-0.5418,-0.6119,-0.6041,-0.6317,,-0.6080
1921-10-01,-0.7025,-1.1102,-0.3446,-0.4741,-0.4519,-0.5341,-0.5057,,-0.4899
1921-11-01,-0.7133,-1.0968,-0.3954,-0.5383,-0.5719,-0.5141,-0.5707,,-0.5545
1921-12-01,-0.7430,-1.1139,-0.4267,-0.6251,-0.6019,-0.5341,-0.5637,,-0.5828
1922-01-01,-0.7056,-1.1370,-0.3904,-0.7631,-0.7619,-0.6741,-0.7377,,-0.7498
1922-02-01,-0.6586,-1.0744,-0.2408,-0.7504,-0.8719,-0.8041,-0.7707,,-0.7874
1922-03-01,-0.6274,-1.0465,-0.2626,-0.6752,-0.5719,-0.5841,-0.6577,,-0.6209
1922-04-01,-0.6300,-1.0292,-0.3579,-0.6396,-0.6519,-0.5741,-0.5927,,-0.6161
1922-05-01,-0.6042,-0.9997,-0.2312,-0.8125,-0.7519,-0.7341,-0.7807,,-0.7663
1922-06-01,-0.5767,-0.9594,-0.1762,-0.6414,-0.7319,-0.7041,-0.7717,,-0.7180
1922-07-01,-0.5687,-0.9083,-0.2944,-0.6086,-0.6919,-0.6841,-0.6327,,-0.6584
1922-08-01,-0.5580,-1.0584,-0.2723,-0.6987,-0.7519,-0.7441,-0.7647,,-0.7480
1922-09-01,-0.5782,-1.0229,-0.2953,-0.6615,-0.7719,-0.6841,-0.7617,,-0.7229
1922-10-01,-0.6294,-1.1594,-0.3889,-0.6920,-0.7319,-0.6841,-0.7197,,-0.7058
1922-11-01,-0.6534,-1.1360,-0.3718,-0.5991,-0.5619,-0.4741,-0.6717,,-0.5805
1922-12-01,-0.6285,-1.1927,-0.3409,-0.6523,-0.6219,-0.5141,-0.7077,,-0.6371
1923-01-01,-0.6562,-1.1173,-0.3196,-0.7483,-0.6919,-0.6641,-0.7077,,-0.6998
1923-02-01,-0.5923,-1.0877,-0.2320,-0.8331,-0.8119,-0.7041,-0.8217,,-0.8168
1923-03-01,-0.5646,-1.0067,-0.3261,-0.8044,-0.7619,-0.7841,-0.8387,,-0.7942
1923-04-01,-0.5324,-1.0086,-0.2977,-0.7523,-0.8319,-0.7041,-0.7837,,-0.7680
1923-05-01,-0.4986,-0.9146,-0.2515,-0.7456,-0.7519,-0.6841,-0.7117,,-0.7286
1923-06-01,-0.5291,-0.9126,-0.3051,-0.6047,-0.7119,-0.5841,-0.6117,,-0.6082
1923-07-01,-0.5658,-0.9262,-0.3278,-0.7591,-0.7319,-0.7441,-0.7157,,-0.7380
1923-08-01,-0.5792,-0.9965,-0.3027,-0.6660,-0.7519,-0.7541,-0.7197,,-0.7358
1923-09-01,-0.5945,-0.9241,-0.3139,-0.6784,-0.7319,-0.7041,-0.7457,,-0.7180
1923-10-01,-0.6587,-0.9428,-0.3460,-0.5132,-0.5519,-0.5941,-0.5117,,-0.5325
1923-11-01,-0.6794,-1.0312,-0.3314,-0.3698,-0.4419,-0.4141,-0.4177,,-0.4159
1923-12-01,-0.7091,-1.1005,-0.3508,-0.4367,-0.4519,-0.4441,-0.3867,,-0.4404
1924-01-01,-0.6422,-1.0635,-0.3368,-0.6728,-0.6419,-0.6241,-0.6957,,-0.6573
1924-02-01,-0.6255,-0.9795,-0.2401,-0.6544,-0.6519,-0.6141,-0.5967,,-0.6330
1924-03-01,-0.6046,-0.9680,-0.1721,-0.5222,-0.5019,-0.5141,-0.5027,,-0.5084
1924-04-01,-0.5964,-0.9875,-0.2163,-0.6827,-0.7219,-0.6141,-0.7367,,-0.7023
1924-05-01,-0.5873,-0.9299,-0.2222,-0.5565,-0.6019,-0.5841,-0.6077,,-0.5930
1924-06-01,-0.5826,-1.0220,-0.2550,-0.6145,-0.6819,-0.6141,-0.6137,,-0.6143
1924-07-01,-0.5703,-0.9739,-0.3060,-0.6410,-0.7119,-0.7141,-0.6887,,-0.7003
1924-08-01,-0.6049,-1.0046,-0.3360,-0.6584,-0.7819,-0.7041,-0.8037,,-0.7430
1924-09-01,-0.6174,-1.0278,-0.3518,-0.6702,-0.7419,-0.6941,-0.7337,,-0.7139
1924-10-01,-0.6585,-1.0995,-0.3092,-0.7038,-0.7719,-0.6741,-0.6997,,-0.7017
1924-11-01,-0.6798,-1.1314,-0.3653,-0.6276,-0.6219,-0.6241,-0.6477,,-0.6258
1924-12-01,-0.6957,-1.1009,-0.3167,-0.8348,-0.8519,-0.7241,-0.8097,,-0.8222
1925-01-01,-0.6636,-1.1771,-0.2013,-0.8292,-0.8019,-0.8441,-0.8587,,-0.8366
1925-02-01,-0.6616,-1.1621,-0.2831,-0.8189,-0.8119,-0.7241,-0.8837,,-0.8154
1925-03-01,-0.6228,-1.0561,-0.2887,-0.7187,-0.6919,-0.6541,-0.7327,,-0.7053
1925-04-01,-0.5977,-1.0437,-0.2813,-0.6455,-0.6819,-0.5841,-0.6887,,-0.6637
1925-05-01,-0.5464,-0.9215,-0.2715,-0.6521,-0.7119,-0.6341,-0.6317,,-0.6431
1925-06-01,-0.5489,-0.9160,-0.2774,-0.6849,-0.7519,-0.6441,-0.6937,,-0.6893
1925-07-01,-0.5825,-0.9322,-0.3280,-0.6820,-0.6919,-0.6241,-0.6827,,-0.6823
1925-08-01,-0.5700,-0.9636,-0.3442,-0.5108,-0.6319,-0.6141,-0.6247,,-0.6194
1925-09-01,-0.5997,-0.9843,-0.3211,-0.5990,-0.6219,-0.6341,-0.6357,,-0.6280
1925-10-01,-0.6042,-1.0104,-0.2420,-0.6275,-0.5919,-0.5541,-0.5187,,-0.5730
1925-11-01,-0.6651,-0.9926,-0.2687,-0.3970,-0.3719,-0.4541,-0.4697,,-0.4255
1925-12-01,-0.6753,-1.0670,-0.3166,-0.3261,-0.3619,-0.3841,-0.3767,,-0.3693
1926-01-01,-0.6194,-1.0046,-0.3183,-0.2630,-0.2119,-0.2741,-0.2947,,-0.2685
1926-02-01,-0.6339,-0.8938,-0.1997,-0.3815,-0.4019,-0.4241,-0.4757,,-0.4130
1926-03-01,-0.5991,-0.9604,-0.2338,-0.3236,-0.3119,-0.2941,-0.4067,,-0.3177
1926-04-01,-0.5754,-0.9309,-0.3398,-0.5048,-0.5519,-0.4441,-0.5557,,-0.5283
1926-05-01,-0.5709,-0.8536,-0.2369,-0.6113,-0.6519,-0.6341,-0.6407,,-0.6374
1926-06-01,-0.5661,-0.9690,-0.3105,-0.5255,-0.6819,-0.5441,-0.5857,,-0.5649
1926-07-01,-0.5782,-0.9472,-0.2499,-0.5539,-0.6919,-0.6641,-0.6797,,-0.6719
1926-08-01,-0.5720,-0.9864,-0.2568,-0.4462,-0.5519,-0.5641,-0.6027,,-0.5580
1926-09-01,-0.5989,-1.0186,-0.2982,-0.4627,-0.5619,-0.5441,-0.5417,,-0.5429
1926-10-01,-0.6467,-1.0490,-0.4034,-0.4138,-0.5319,-0.4041,-0.4087,,-0.4112
1926-11-01,-0.6361,-1.0987,-0.1575,-0.4545,-0.4919,-0.5141,-0.4867,,-0.4893
1926-12-01,-0.6828,-1.1371,-0.2457,-0.6616,-0.7219,-0.6641,-0.6467,,-0.6628
1927-01-01,-0.6587,-1.0748,-0.1627,-0.6546,-0.6919,-0.6741,-0.6877,,-0.6809
1927-02-01,-0.5772,-1.0121,-0.1937,-0.5512,-0.6019,-0.5441,-0.5707,,-0.5609
1927-03-01,-0.5616,-1.0167,-0.2280,-0.7531,-0.8119,-0.7841,-0.7497,,-0.7686
1927-04-01,-0.5384,-1.0216,-0.2033,-0.6603,-0.7219,-0.7141,-0.7307,,-0.7180
1927-05-01,-0.5040,-0.9519,-0.2062,-0.5762,-0.6819,-0.6241,-0.6097,,-0.6169
1927-06-01,-0.5087,-1.0792,-0.1382,-0.5946,-0.7019,-0.5841,-0.6577,,-0.6261
1927-07-01,-0.5352,-1.0497,-0.1968,-0.5556,-0.6119,-0.5841,-0.5277,,-0.5698
1927-08-01,-0.5341,-1.0294,-0.1426,-0.5518,-0.6619,-0.4641,-0.5347,,-0.5432
1927-09-01,-0.5745,-1.0505,-0.1846,-0.4537,-0.5419,-0.5241,-0.5677,,-0.5330
1927-10-01,-0.5784,-1.0136,-0.2154,-0.3661,-0.4319,-0.4041,-0.3137,,-0.3851
1927-11-01,-0.6154,-1.0422,-0.2683,-0.4652,-0.4719,-0.4641,-0.4627,,-0.4646
1927-12-01,-0.6133,-1.0564,-0.2143,-0.6645,-0.7519,-0.7441,-0.7187,,-0.7314
1928-01-01,-0.5905,-1.0929,-0.0537,-0.3695,-0.4419,-0.5041,-0.4347,,-0.4383
1928-02-01,-0.5982,-1.1538,-0.2038,-0.4674,-0.5119,-0.5341,-0.5477,,-0.5230
1928-03-01,-0.5400,-1.0097,-0.1819,-0.6629,-0.6719,-0.6341,-0.6867,,-0.6674
1928-04-01,-0.5177,-0.9249,-0.1743,-0.5807,-0.7019,-0.6541,-0.6317,,-0.6429
1928-05-01,-0.4993,-0.8534,-0.0992,-0.6469,-0.7219,-0.6241,-0.6577,,-0.6523
1928-06-01,-0.4929,-0.8656,-0.1722,-0.6771,-0.8119,-0.6041,-0.6927,,-0.6849
1928-07-01,-0.5253,-0.8953,-0.2488,-0.5351,-0.6219,-0.6041,-0.6197,,-0.6119
1928-08-01,-0.5640,-0.8948,-0.2567,-0.5221,-0.6419,-0.6441,-0.6347,,-0.6383
1928-09-01,-0.5787,-0.9519,-0.2783,-0.5514,-0.6319,-0.5341,-0.5997,,-0.5755
1928-10-01,-0.6112,-0.9429,-0.2745,-0.5313,-0.6119,-0.5841,-0.5537,,-0.5689
1928-11-01,-0.6653,-1.0158,-0.2801,-0.5171,-0.5219,-0.4941,-0.6047,,-0.5195
1928-12-01,-0.6408,-0.9594,-0.3009,-0.5763,-0.5819,-0.5341,-0.5447,,-0.5605
1929-01-01,-0.6441,-1.0481,-0.3175,-0.7788,-0.8719,-0.7741,-0.7687,,-0.7764
1929-02-01,-0.6296,-1.0836,-0.2367,-0.9459,-1.0019,-0.8541,-0.8997,,-0.9228
1929-03-01,-0.5966,-1.0229,-0.2127,-0.8298,-0.7519,-0.6941,-0.8367,,-0.7908
1929-04-01,-0.5851,-0.9329,-0.2063,-0.7855,-0.8419,-0.7841,-0.8597,,-0.8137
1929-05-01,-0.5735,-0.8715,-0.2368,-0.7796,-0.8019,-0.7541,-0.8317,,-0.7907
1929-06-01,-0.5475,-0.9120,-0.1320,-0.7487,-0.8519,-0.7841,-0.6827,,-0.7664
1929-07-01,-0.5542,-0.9295,-0.1740,-0.7803,-0.7919,-0.8141,-0.8077,,-0.7998
1929-08-01,-0.5771,-1.0265,-0.1543,-0.6068,-0.7519,-0.5941,-0.6347,,-0.6207
1929-09-01,-0.5858,-1.0103,-0.1581,-0.6182,-0.6719,-0.6241,-0.7177,,-0.6480
1929-10-01,-0.6257,-0.9880,-0.2148,-0.5589,-0.5719,-0.5841,-0.5777,,-0.5748
1929-11-01,-0.6692,-1.0055,-0.2445,-0.4818,-0.5419,-0.5541,-0.5277,,-0.5348
1929-12-01,-0.6457,-1.0234,-0.2803,-0.9064,-0.9719,-0.8741,-0.8647,,-0.8902
1930-01-01,-0.6726,-1.0514,-0.3943,-0.7029,-0.7319,-0.6741,-0.6907,,-0.6968
1930-02-01,-0.6166,-1.0294,-0.2140,-0.6827,-0.6919,-0.6341,-0.7077,,-0.6873
1930-03-01,-0.6280,-1.0252,-0.2793,-0.5890,-0.5319,-0.5641,-0.5727,,-0.5684
1930-04-01,-0.5874,-0.9876,-0.2995,-0.5690,-0.6719,-0.5541,-0.6377,,-0.6033
1930-05-01,-0.5607,-0.9541,-0.3380,-0.5917,-0.6619,-0.5841,-0.5617,,-0.5879
1930-06-01,-0.5689,-1.0137,-0.2939,-0.5416,-0.6419,-0.5641,-0.4817,,-0.5528
1930-07-01,-0.5869,-1.1038,-0.2859,-0.5246,-0.6319,-0.4841,-0.5027,,-0.5136
1930-08-01,-0.5972,-1.1937,-0.2895,-0.4349,-0.5719,-0.5641,-0.4717,,-0.5179
1930-09-01,-0.6191,-1.2225,-0.2820,-0.4375,-0.5719,-0.5541,-0.5487,,-0.5514
1930-10-01,-0.6879,-1.1945,-0.3424,-0.4259,-0.5419,-0.5041,-0.4247,,-0.4650
1930-11-01,-0.7125,-1.2754,-0.3103,-0.2757,-0.2519,-0.2441,-0.2687,,-0.2603
1930-12-01,-0.6853,-1.1427,-0.2623,-0.4000,-0.4819,-0.4341,-0.4237,,-0.4289
1931-01-01,-0.6868,-1.1679,-0.3306,-0.4720,-0.5319,-0.4441,-0.4927,,-0.4823
1931-02-01,-0.6546,-1.0137,-0.2529,-0.5985,-0.6219,-0.5741,-0.6487,,-0.6102
1931-03-01,-0.6277,-1.0804,-0.2587,-0.4588,-0.5219,-0.5041,-0.5727,,-0.5130
1931-04-01,-0.6038,-0.9655,-0.2893,-0.5260,-0.6519,-0.5741,-0.6237,,-0.5989
1931-05-01,-0.5697,-0.9985,-0.2711,-0.5461,-0.6119,-0.5641,-0.6237,,-0.5880
1931-06-01,-0.5557,-0.9470,-0.2864,-0.3680,-0.5019,-0.4441,-0.4677,,-0.4559
1931-07-01,-0.5650,-1.0170,-0.2772,-0.3551,-0.4519,-0.4441,-0.4177,,-0.4309
1931-08-01,-0.5695,-0.8866,-0.2867,-0.3804,-0.4619,-0.4141,-0.4697,,-0.4380
1931-09-01,-0.5853,-0.9897,-0.2948,-0.3949,-0.4819,-0.4141,-0.4457,,-0.4299
1931-10-01,-0.6193,-1.0165,-0.3326,-0.3672,-0.3619,-0.4141,-0.3337,,-0.3645
1931-11-01,-0.6784,-1.1082,-0.3621,-0.4940,-0.4819,-0.4341,-0.4537,,-0.4678
1931-12-01,-0.6861,-1.1142,-0.3449,-0.4457,-0.4719,-0.4441,-0.4707,,-0.4582
1932-01-01,-0.6382,-1.0311,-0.3581,-0.2745,-0.2719,-0.3041,-0.3427,,-0.2893
1932-02-01,-0.6516,-1.0817,-0.3694,-0.5329,-0.5919,-0.6241,-0.6897,,-0.6080
1932-03-01,-0.5776,-0.9522,-0.2720,-0.5459,-0.6019,-0.5141,-0.6037,,-0.5739
1932-04-01,-0.5617,-0.9492,-0.2254,-0.4216,-0.4819,-0.4641,-0.4697,,-0.4669
1932-05-01,-0.5336,-0.9644,-0.2034,-0.5119,-0.6019,-0.5441,-0.5467,,-0.5454
1932-06-01,-0.5419,-1.0188,-0.1921,-0.6011,-0.7119,-0.5441,-0.5937,,-0.5974
1932-07-01,-0.5733,-1.0503,-0.2091,-0.4784,-0.6619,-0.5741,-0.5337,,-0.5539
1932-08-01,-0.5827,-0.9734,-0.2342,-0.5323,-0.6419,-0.6841,-0.5947,,-0.6183
1932-09-01,-0.6380,-1.0465,-0.2543,-0.3474,-0.5219,-0.4241,-0.4367,,-0.4304
1932-10-01,-0.6460,-1.0107,-0.3108,-0.4388,-0.5119,-0.4941,-0.5047,,-0.4994
1932-11-01,-0.7110,-1.0349,-0.2819,-0.6406,-0.6919,-0.6641,-0.6637,,-0.6639
1932-12-01,-0.7009,-0.9953,-0.3461,-0.6111,-0.6919,-0.5841,-0.5917,,-0.6014
1933-01-01,-0.6949,-1.0434,-0.3720,-0.6689,-0.6519,-0.5541,-0.6407,,-0.6463
1933-02-01,-0.6535,-1.0059,-0.3424,-0.6935,-0.7119,-0.6941,-0.6807,,-0.6938
1933-03-01,-0.6211,-0.9343,-0.3394,-0.7454,-0.7119,-0.6241,-0.7617,,-0.7286
1933-04-01,-0.6077,-0.9442,-0.3412,-0.6473,-0.6619,-0.6041,-0.6717,,-0.6546
1933-05-01,-0.5936,-0.9140,-0.2952,-0.6356,-0.7119,-0.6441,-0.6377,,-0.6409
1933-06-01,-0.5749,-0.8771,-0.3076,-0.6717,-0.7619,-0.6341,-0.6647,,-0.6682
1933-07-01,-0.5854,-0.9573,-0.3143,-0.6387,-0.6319,-0.6841,-0.6747,,-0.6567
1933-08-01,-0.6046,-1.0419,-0.3146,-0.4987,-0.6619,-0.6241,-0.6017,,-0.6129
1933-09-01,-0.6177,-1.0158,-0.2631,-0.6730,-0.7119,-0.7641,-0.7187,,-0.7153
1933-10-01,-0.6470,-1.0220,-0.3151,-0.5935,-0.6719,-0.6241,-0.5377,,-0.6088
1933-11-01,-0.6636,-1.0001,-0.3094,-0.7508,-0.7319,-0.7041,-0.7307,,-0.7313
1933-12-01,-0.6450,-0.9802,-0.3079,-0.8595,-0.8719,-0.8041,-0.8567,,-0.8581
1934-01-01,-0.6404,-1.0168,-0.3473,-0.6750,-0.6319,-0.6641,-0.6667,,-0.6654
1934-02-01,-0.6355,-0.9989,-0.2816,-0.4929,-0.4519,-0.4941,-0.4857,,-0.4893
1934-03-01,-0.6164,-1.0463,-0.2603,-0.7741,-0.7119,-0.6641,-0.7577,,-0.7348
1934-04-01,-0.6125,-1.0215,-0.3370,-0.7296,-0.7319,-0.6341,-0.7407,,-0.7307
1934-05-01,-0.5825,-0.8929,-0.2949,-0.4944,-0.5119,-0.4841,-0.5437,,-0.5031
1934-06-01,-0.5521,-0.9367,-0.3686,-0.4353,-0.5719,-0.5241,-0.4877,,-0.5059
1934-07-01,-0.5531,-0.9519,-0.2649,-0.5247,-0.5319,-0.5441,-0.5327,,-0.5323
1934-08-01,-0.5559,-0.9499,-0.2635,-0.4612,-0.5419,-0.5341,-0.5747,,-0.5380
1934-09-01,-0.5878,-1.0036,-0.3246,-0.4839,-0.5719,-0.4941,-0.5127,,-0.5034
1934-10-01,-0.6344,-1.0417,-0.2986,-0.4279,-0.4919,-0.4441,-0.3867,,-0.4360
1934-11-01,-0.6615,-1.1579,-0.3868,-0.3091,-0.3919,-0.3641,-0.2757,,-0.3366
1934-12-01,-0.6800,-1.1415,-0.3943,-0.4533,-0.4519,-0.4641,-0.4737,,-0.4587
1935-01-01,-0.6458,-0.9911,-0.3975,-0.7021,-0.7619,-0.6841,-0.7447,,-0.7234
1935-02-01,-0.6287,-1.0650,-0.3054,-0.3041,-0.2819,-0.2741,-0.3197,,-0.2930
1935-03-01,-0.6114,-1.0982,-0.2632,-0.5777,-0.5619,-0.5641,-0.6057,,-0.5709
1935-04-01,-0.6001,-0.9835,-0.3475,-0.6762,-0.7919,-0.7441,-0.6837,,-0.7139
1935-05-01,-0.5556,-0.8766,-0.3572,-0.6743,-0.7119,-0.6541,-0.6877,,-0.6810
1935-06-01,-0.5450,-0.9616,-0.3058,-0.5625,-0.6919,-0.6541,-0.5897,,-0.6219
1935-07-01,-0.5448,-0.9573,-0.2879,-0.4948,-0.6419,-0.5141,-0.4927,,-0.5044
1935-08-01,-0.5422,-0.9136,-0.2633,-0.4943,-0.6419,-0.5241,-0.5397,,-0.5319
1935-09-01,-0.5677,-1.0407,-0.3095,-0.5384,-0.6319,-0.4941,-0.5337,,-0.5360
1935-10-01,-0.6030,-1.0519,-0.3013,-0.3985,-0.4819,-0.4641,-0.4197,,-0.4419
1935-11-01,-0.5999,-1.0321,-0.3073,-0.6711,-0.6819,-0.5841,-0.6767,,-0.6739
1935-12-01,-0.6054,-1.0475,-0.3432,-0.5973,-0.5919,-0.5141,-0.5947,,-0.5933
1936-01-01,-0.5654,-1.0886,-0.2727,-0.7381,-0.7019,-0.7041,-0.7167,,-0.7104
1936-02-01,-0.5614,-1.0483,-0.2459,-0.6840,-0.8019,-0.6741,-0.7317,,-0.7078
1936-03-01,-0.5338,-0.9648,-0.2371,-0.6792,-0.6319,-0.6041,-0.6517,,-0.6418
1936-04-01,-0.5228,-0.9201,-0.2327,-0.5410,-0.6219,-0.5341,-0.5837,,-0.5623
1936-05-01,-0.5062,-0.9111,-0.2593,-0.5232,-0.5819,-0.5541,-0.5567,,-0.5554
1936-06-01,-0.4903,-0.9292,-0.2735,-0.4945,-0.6419,-0.5541,-0.4927,,-0.5243
1936-07-01,-0.5033,-0.9420,-0.2608,-0.4238,-0.5219,-0.4341,-0.4357,,-0.4349
1936-08-01,-0.5257,-0.9309,-0.2423,-0.4154,-0.5619,-0.3841,-0.4297,,-0.4225
1936-09-01,-0.5419,-0.9601,-0.1887,-0.4535,-0.5119,-0.5041,-0.4587,,-0.4814
1936-10-01,-0.5764,-0.9846,-0.2920,-0.3847,-0.4519,-0.3941,-0.3377,,-0.3894
1936-11-01,-0.6240,-1.0562,-0.3034,-0.4079,-0.4119,-0.4541,-0.4437,,-0.4278
1936-12-01,-0.6373,-1.0797,-0.3169,-0.4431,-0.4319,-0.4241,-0.3777,,-0.4280
1937-01-01,-0.6147,-1.0642,-0.2574,-0.4693,-0.5019,-0.4741,-0.4947,,-0.4844
1937-02-01,-0.5617,-0.9617,-0.2647,-0.2727,-0.3919,-0.3641,-0.3517,,-0.3579
1937-03-01,-0.5392,-0.8875,-0.2738,-0.6063,-0.6319,-0.5941,-0.5607,,-0.6002
1937-04-01,-0.5247,-0.8507,-0.2355,-0.4629,-0.5819,-0.5741,-0.4707,,-0.5224
1937-05-01,-0.5322,-0.8701,-0.2113,-0.4343,-0.4819,-0.4641,-0.4657,,-0.4649
1937-06-01,-0.5305,-0.9048,-0.2558,-0.3513,-0.4719,-0.4541,-0.3797,,-0.4169
1937-07-01,-0.5523,-0.9356,-0.2997,-0.3202,-0.4619,-0.4241,-0.3157,,-0.3721
1937-08-01,-0.5744,-1.0252,-0.2901,-0.3038,-0.4119,-0.3641,-0.3357,,-0.3499
1937-09-01,-0.5882,-1.0239,-0.2668,-0.1972,-0.3319,-0.3041,-0.2277,,-0.2659
1937-10-01,-0.6278,-1.0276,-0.2940,-0.2136,-0.3419,-0.3141,-0.1867,,-0.2638
1937-11-01,-0.6750,-1.1321,-0.3542,-0.2791,-0.3519,-0.3241,-0.2997,,-0.3119
1937-12-01,-0.6711,-1.0987,-0.3535,-0.4188,-0.5019,-0.4841,-0.4057,,-0.4514
1938-01-01,-0.6540,-1.1783,-0.3439,-0.2998,-0.3419,-0.3841,-0.3377,,-0.3398
1938-02-01,-0.5888,-1.1188,-0.2761,-0.3589,-0.3819,-0.3741,-0.3507,,-0.3665
1938-03-01,-0.5711,-1.0004,-0.2679,-0.3701,-0.3219,-0.3141,-0.3617,,-0.3418
1938-04-01,-0.5565,-0.9803,-0.2945,-0.3111,-0.3619,-0.3441,-0.3927,,-0.3530
1938-05-01,-0.5389,-1.0551,-0.2597,-0.4482,-0.5219,-0.4841,-0.4777,,-0.4809
1938-06-01,-0.5503,-0.9625,-0.2575,-0.4368,-0.5919,-0.5741,-0.5367,,-0.5554
1938-07-01,-0.5475,-0.9502,-0.2654,-0.3892,-0.5119,-0.4441,-0.4167,,-0.4304
1938-08-01,-0.5562,-1.0916,-0.2961,-0.3431,-0.4819,-0.4541,-0.4397,,-0.4469
1938-09-01,-0.5504,-0.9887,-0.2787,-0.3201,-0.4119,-0.3541,-0.3287,,-0.3414
1938-10-01,-0.5995,-0.9816,-0.3328,-0.1789,-0.2819,-0.3141,-0.2077,,-0.2448
1938-11-01,-0.6380,-1.0985,-0.2917,-0.2923,-0.3519,-0.3341,-0.3057,,-0.3199
1938-12-01,-0.6068,-1.0414,-0.3153,-0.5431,-0.5519,-0.5641,-0.5197,,-0.5475
1939-01-01,-0.5876,-0.9702,-0.2907,-0.4594,-0.4819,-0.4541,-0.4827,,-0.4706
1939-02-01,-0.5539,-1.0249,-0.2787,-0.4655,-0.4919,-0.4741,-0.5077,,-0.4830
1939-03-01,-0.5338,-1.0722,-0.2241,-0.6396,-0.6019,-0.6441,-0.6387,,-0.6391
1939-04-01,-0.5147,-0.8159,-0.2799,-0.4612,-0.5219,-0.5641,-0.4497,,-0.4915
1939-05-01,-0.4893,-0.8796,-0.2395,-0.3846,-0.4619,-0.4541,-0.3287,,-0.4193
1939-06-01,-0.4863,-0.9031,-0.2416,-0.3293,-0.4919,-0.4341,-0.3417,,-0.3879
1939-07-01,-0.5038,-0.9019,-0.2496,-0.3808,-0.4819,-0.3441,-0.4057,,-0.3932
1939-08-01,-0.5140,-0.9382,-0.2407,-0.3809,-0.4819,-0.3541,-0.3607,,-0.3708
1939-09-01,-0.5237,-0.9288,-0.2628,-0.3600,-0.4919,-0.3541,-0.3217,,-0.3570
1939-10-01,-0.5721,-0.9930,-0.2522,-0.4456,-0.4619,-0.4541,-0.4087,,-0.4498
1939-11-01,-0.5968,-0.9884,-0.3472,-0.3240,-0.3519,-0.3141,-0.3437,,-0.3338
1939-12-01,-0.6045,-1.1296,-0.2920,-0.0075,-0.0019,0.0159,-0.0197,,-0.0047
1940-01-01,-0.6143,-1.1010,-0.3017,-0.3915,-0.4319,-0.3341,-0.3267,-0.6738,-0.3915
1940-02-01,-0.5953,-0.9825,-0.2805,-0.2645,-0.3419,-0.2241,-0.2467,-0.5892,-0.2645
1940-03-01,-0.5631,-0.9515,-0.2589,-0.3877,-0.3319,-0.3441,-0.2597,-0.6193,-0.3441
1940-04-01,-0.5314,-0.9441,-0.2537,-0.2019,-0.2519,-0.1641,-0.2147,-0.3823,-0.2147
1940-05-01,-0.5075,-0.8010,-0.2292,-0.3093,-0.3219,-0.2341,-0.2867,-0.3381,-0.3093
1940-06-01,-0.4999,-0.8594,-0.2442,-0.3013,-0.3119,-0.3741,-0.2937,-0.5241,-0.3119
1940-07-01,-0.5018,-0.9174,-0.2459,-0.1968,-0.3019,-0.3441,-0.2667,-0.3356,-0.3019
1940-08-01,-0.5022,-0.8971,-0.2601,-0.2430,-0.3619,-0.3441,-0.3047,-0.3849,-0.3441
1940-09-01,-0.5314,-0.8293,-0.2579,-0.2161,-0.2719,-0.2541,-0.2697,-0.5159,-0.2697
1940-10-01,-0.5595,-0.9691,-0.2936,-0.2471,-0.3119,-0.2341,-0.2537,-0.6502,-0.2537
1940-11-01,-0.5862,-1.0249,-0.2853,-0.3469,-0.2619,-0.2441,-0.3727,-0.5536,-0.3469
1940-12-01,-0.5885,-1.0843,-0.2680,-0.1447,-0.1119,-0.1241,-0.2077,-0.3580,-0.1447
1941-01-01,-0.5673,-1.0193,-0.2269,-0.3883,-0.2519,-0.2841,-0.5557,-0.4096,-0.3883
1941-02-01,-0.5567,-1.0422,-0.2533,-0.2328,-0.1219,-0.1441,-0.3687,-0.2658,-0.2328
1941-03-01,-0.5257,-1.0106,-0.2840,-0.4678,-0.3219,-0.3141,-0.4757,-0.4479,-0.4479
1941-04-01,-0.4952,-0.8512,-0.2473,-0.3117,-0.2619,-0.1841,-0.4387,-0.5843,-0.3117
1941-05-01,-0.4573,-0.8123,-0.2104,-0.2867,-0.2619,-0.2441,-0.4037,-0.4291,-0.2867
1941-06-01,-0.4624,-0.8078,-0.1800,-0.2899,-0.3019,-0.2241,-0.3367,-0.3487,-0.3019
1941-07-01,-0.4752,-0.8590,-0.1867,-0.1884,-0.2119,-0.2041,-0.2347,-0.4288,-0.2119
1941-08-01,-0.4796,-0.9712,-0.1991,-0.3087,-0.2819,-0.2241,-0.3707,-0.3606,-0.3087
1941-09-01,-0.5241,-0.9386,-0.2719,-0.4915,-0.4019,-0.3341,-0.5617,-0.7352,-0.4915
1941-10-01,-0.5581,-1.0078,-0.2684,-0.1343,-0.0719,-0.0941,-0.2377,-0.3452,-0.1343
1941-11-01,-0.5874,-0.9761,-0.3096,-0.3574,-0.2019,-0.2241,-0.4097,-0.5789,-0.3574
1941-12-01,-0.5911,-0.9647,-0.2580,-0.2671,-0.2119,-0.0941,-0.3577,-0.4494,-0.2671
1942-01-01,-0.5671,-1.0255,-0.1888,-0.0950,-0.1419,-0.1241,-0.2197,-0.2899,-0.1419
1942-02-01,-0.5767,-0.9775,-0.2944,-0.3292,-0.4019,-0.4541,-0.5097,-0.5193,-0.4541
1942-03-01,-0.5131,-0.8878,-0.1608,-0.3900,-0.3719,-0.3341,-0.4657,-0.4428,-0.3900
1942-04-01,-0.5181,-0.8943,-0.1958,-0.3537,-0.3319,-0.3541,-0.5257,-0.5810,-0.3541
1942-05-01,-0.5048,-0.9839,-0.1684,-0.2224,-0.3119,-0.3141,-0.4117,-0.4305,-0.3141
1942-06-01,-0.5034,-0.9709,-0.1369,-0.3175,-0.3819,-0.3241,-0.4237,-0.5356,-0.3819
1942-07-01,-0.5076,-0.9800,-0.2049,-0.4072,-0.4219,-0.4341,-0.5187,-0.6106,-0.4341
1942-08-01,-0.5376,-1.0484,-0.2956,-0.4059,-0.4619,-0.3841,-0.5337,-0.6341,-0.4619
1942-09-01,-0.5416,-0.9150,-0.3156,-0.3591,-0.4519,-0.3441,-0.4597,-0.6224,-0.4519
1942-10-01,-0.5517,-0.8495,-0.3326,-0.4373,-0.4119,-0.3941,-0.4477,-0.5585,-0.4373
1942-11-01,-0.6098,-0.9589,-0.3333,-0.4005,-0.3319,-0.3541,-0.4957,-0.6688,-0.4005
1942-12-01,-0.6155,-0.8976,-0.3501,-0.4252,-0.3019,-0.3441,-0.4387,-0.5777,-0.4252
1943-01-01,-0.6140,-0.9911,-0.3336,-0.5357,-0.4319,-0.4841,-0.5347,-0.5461,-0.5347
1943-02-01,-0.6093,-0.9816,-0.2860,-0.3718,-0.2519,-0.3541,-0.4107,-0.4067,-0.3718
1943-03-01,-0.5562,-0.9120,-0.2489,-0.5085,-0.4619,-0.4241,-0.5917,-0.6196,-0.5085
1943-04-01,-0.5178,-0.7954,-0.2733,-0.3224,-0.3119,-0.2641,-0.4397,-0.5497,-0.3224
1943-05-01,-0.4978,-0.7858,-0.1979,-0.3119,-0.3619,-0.3741,-0.4557,-0.4516,-0.3741
1943-06-01,-0.5124,-0.9022,-0.1934,-0.4227,-0.4719,-0.5141,-0.4637,-0.6185,-0.4719
1943-07-01,-0.5069,-0.8882,-0.1717,-0.3240,-0.3419,-0.3341,-0.4557,-0.6279,-0.3419
1943-08-01,-0.5408,-0.9276,-0.2740,-0.3138,-0.4219,-0.3341,-0.4027,-0.6623,-0.4027
1943-09-01,-0.5315,-0.8608,-0.1350,-0.3594,-0.3719,-0.4041,-0.4227,-0.5909,-0.4041
1943-10-01,-0.5645,-0.8710,-0.2484,-0.1145,-0.1919,-0.1541,-0.1557,-0.4867,-0.1557
1943-11-01,-0.6045,-0.9306,-0.2294,-0.2411,-0.2319,-0.2341,-0.3297,-0.4707,-0.2411
1943-12-01,-0.6181,-0.9541,-0.2639,-0.2349,-0.1919,-0.1941,-0.3327,-0.3683,-0.2349
1944-01-01,-0.5905,-0.9768,-0.1349,-0.0203,-0.0619,-0.1141,-0.2047,-0.1183,-0.1141
1944-02-01,-0.5973,-0.9883,-0.2931,-0.2203,-0.1819,-0.1441,-0.2987,-0.2310,-0.2203
1944-03-01,-0.5239,-0.8157,-0.2462,-0.2289,-0.1619,-0.1541,-0.2807,-0.1928,-0.1928
1944-04-01,-0.5089,-0.8627,-0.2765,-0.3008,-0.2319,-0.2641,-0.3867,-0.4080,-0.3008
1944-05-01,-0.4854,-0.8758,-0.2171,-0.2263,-0.2419,-0.2341,-0.3197,-0.4201,-0.2419
1944-06-01,-0.4958,-0.8491,-0.2477,-0.2391,-0.2719,-0.2441,-0.4277,-0.3727,-0.2719
1944-07-01,-0.5230,-0.9210,-0.2600,-0.1968,-0.2519,-0.3041,-0.3397,-0.4181,-0.3041
1944-08-01,-0.5507,-0.9561,-0.2589,-0.1379,-0.2419,-0.2841,-0.2647,-0.3543,-0.2647
1944-09-01,-0.5447,-1.0040,-0.2948,-0.1801,-0.1419,-0.1541,-0.2097,-0.2935,-0.1801
1944-10-01,-0.5848,-0.9174,-0.3305,-0.1346,-0.1619,-0.1841,-0.1877,-0.2965,-0.1841
1944-11-01,-0.5761,-0.8943,-0.3850,-0.2546,-0.3119,-0.2941,-0.4147,-0.4863,-0.3119
1944-12-01,-0.6299,-0.9808,-0.4047,-0.2616,-0.3819,-0.1941,-0.3297,-0.5199,-0.3297
1945-01-01,-0.5715,-0.9461,-0.2681,-0.2517,-0.3219,-0.2541,-0.3797,-0.4728,-0.3219
1945-02-01,-0.5188,-0.8982,-0.2782,-0.2995,-0.4119,-0.3041,-0.4477,-0.6427,-0.4119
1945-03-01,-0.5176,-0.8578,-0.3015,-0.3098,-0.3619,-0.2841,-0.4857,-0.5437,-0.3619
1945-04-01,-0.4679,-0.7650,-0.1844,-0.1355,-0.2219,-0.1141,-0.3517,-0.4419,-0.2219
1945-05-01,-0.4544,-0.7850,-0.2114,-0.4060,-0.3619,-0.3241,-0.4737,-0.5553,-0.4060
1945-06-01,-0.4439,-0.8160,-0.2544,-0.3848,-0.4119,-0.2941,-0.4257,-0.3890,-0.3890
1945-07-01,-0.4736,-0.8797,-0.2515,-0.3421,-0.3819,-0.4141,-0.4317,-0.5336,-0.4141
1945-08-01,-0.4676,-0.8602,-0.2089,-0.1068,-0.1619,-0.1141,-0.2287,-0.2210,-0.1619
1945-09-01,-0.5027,-0.8346,-0.2020,-0.2406,-0.2119,-0.2941,-0.3737,-0.4068,-0.2941
1945-10-01,-0.5206,-0.8822,-0.2759,-0.2514,-0.2319,-0.2741,-0.2067,-0.3949,-0.2514
1945-11-01,-0.5699,-0.9446,-0.2478,-0.3477,-0.3519,-0.3341,-0.4177,-0.5511,-0.3519
1945-12-01,-0.5778,-0.9948,-0.3262,-0.5461,-0.4919,-0.4741,-0.5867,-0.6256,-0.5461
1946-01-01,-0.5613,-0.9312,-0.2769,-0.3041,-0.2719,-0.1741,-0.4257,-0.3490,-0.3041
1946-02-01,-0.5291,-0.8961,-0.2116,-0.4684,-0.3919,-0.4041,-0.6167,-0.4490,-0.4490
1946-03-01,-0.5074,-0.8233,-0.1717,-0.4755,-0.4119,-0.4541,-0.5117,-0.3862,-0.4541
1946-04-01,-0.4441,-0.7887,-0.1897,-0.3501,-0.3619,-0.3641,-0.4507,-0.4011,-0.3641
1946-05-01,-0.4591,-0.7638,-0.1900,-0.4284,-0.4919,-0.4341,-0.4667,-0.3759,-0.4341
1946-06-01,-0.4635,-0.7596,-0.2300,-0.6146,-0.6319,-0.5441,-0.6597,-0.4942,-0.6146
1946-07-01,-0.4958,-0.8509,-0.2428,-0.4573,-0.5419,-0.4441,-0.5167,-0.4635,-0.4635
1946-08-01,-0.5456,-0.9492,-0.2196,-0.5021,-0.6219,-0.5441,-0.5457,-0.5556,-0.5457
1946-09-01,-0.5525,-0.9683,-0.2417,-0.4426,-0.5019,-0.3541,-0.5007,-0.5350,-0.5007
1946-10-01,-0.5933,-0.9344,-0.3115,-0.4158,-0.5019,-0.4441,-0.4367,-0.6148,-0.4441
1946-11-01,-0.6634,-0.9181,-0.2848,-0.4591,-0.4719,-0.4041,-0.5137,-0.5191,-0.4719
1946-12-01,-0.6589,-0.9894,-0.2444,-0.6915,-0.7319,-0.5841,-0.6847,-0.5985,-0.6847
1947-01-01,-0.6341,-0.9889,-0.2927,-0.5014,-0.4919,-0.3941,-0.4917,-0.3618,-0.4917
1947-02-01,-0.6264,-0.9428,-0.2463,-0.4907,-0.5019,-0.4241,-0.5007,-0.4487,-0.4907
1947-03-01,-0.5701,-0.9627,-0.2959,-0.4244,-0.3519,-0.3841,-0.3727,-0.3131,-0.3727
1947-04-01,-0.5690,-0.8753,-0.2971,-0.4068,-0.3619,-0.3441,-0.4477,-0.2914,-0.3619
1947-05-01,-0.5202,-0.8611,-0.2501,-0.4215,-0.4419,-0.4241,-0.4937,-0.3913,-0.4241
1947-06-01,-0.5057,-0.9046,-0.2651,-0.4383,-0.4419,-0.4341,-0.3817,-0.3749,-0.4341
1947-07-01,-0.5008,-0.8610,-0.2775,-0.4158,-0.4619,-0.3941,-0.4447,-0.4280,-0.4280
1947-08-01,-0.5211,-0.8571,-0.2812,-0.4637,-0.4919,-0.5041,-0.5537,-0.5496,-0.5041
1947-09-01,-0.5627,-0.9036,-0.2931,-0.5118,-0.5419,-0.5041,-0.5307,-0.5729,-0.5307
1947-10-01,-0.5941,-0.9468,-0.3118,-0.3130,-0.3519,-0.3941,-0.3547,-0.4167,-0.3547
1947-11-01,-0.6229,-0.9985,-0.3317,-0.3204,-0.4019,-0.3941,-0.4157,-0.4854,-0.4019
1947-12-01,-0.6038,-1.0225,-0.2815,-0.5810,-0.5519,-0.5141,-0.5767,-0.5737,-0.5737
1948-01-01,-0.6152,-1.0514,-0.3021,-0.3674,-0.3619,-0.3941,-0.4467,-0.3789,-0.3789
1948-02-01,-0.5631,-0.9274,-0.2368,-0.5850,-0.5719,-0.4941,-0.6157,-0.5717,-0.5719
1948-03-01,-0.5090,-0.8853,-0.1697,-0.6356,-0.6619,-0.5541,-0.6777,-0.6265,-0.6356
1948-04-01,-0.4905,-0.8749,-0.1967,-0.4644,-0.5419,-0.4641,-0.6047,-0.5196,-0.5196
1948-05-01,-0.4554,-0.8271,-0.2343,-0.2931,-0.4319,-0.2841,-0.3117,-0.3675,-0.3117
1948-06-01,-0.4395,-0.8464,-0.2017,-0.3590,-0.4719,-0.4841,-0.4127,-0.4581,-0.4581
1948-07-01,-0.4686,-0.8514,-0.2274,-0.4797,-0.5319,-0.4241,-0.5107,-0.4806,-0.4806
1948-08-01,-0.4893,-0.8724,-0.1830,-0.3940,-0.5419,-0.4041,-0.4417,-0.4563,-0.4417
1948-09-01,-0.4952,-0.9304,-0.2253,-0.4846,-0.5619,-0.5041,-0.5447,-0.5971,-0.5447
1948-10-01,-0.5309,-0.9235,-0.2124,-0.4056,-0.4719,-0.4041,-0.4317,-0.4207,-0.4207
1948-11-01,-0.5641,-0.9326,-0.2671,-0.5234,-0.5419,-0.4541,-0.5977,-0.4147,-0.5234
1948-12-01,-0.5892,-0.9476,-0.2372,-0.6950,-0.6519,-0.6641,-0.7067,-0.6547,-0.6641
1949-01-01,-0.5641,-0.9351,-0.2460,-0.3733,-0.3619,-0.3241,-0.4077,-0.2709,-0.3619
1949-02-01,-0.5660,-0.8873,-0.3016,-0.5926,-0.5619,-0.5141,-0.6887,-0.4715,-0.5619
1949-03-01,-0.5222,-1.0065,-0.2471,-0.4652,-0.4419,-0.4141,-0.5817,-0.4334,-0.4419
1949-04-01,-0.4835,-0.8054,-0.1660,-0.5014,-0.5319,-0.4641,-0.5927,-0.5106,-0.5106
1949-05-01,-0.4691,-0.8394,-0.2090,-0.4635,-0.5219,-0.4141,-0.5257,-0.4306,-0.4635
1949-06-01,-0.4846,-0.8040,-0.2506,-0.5875,-0.6919,-0.5541,-0.5667,-0.5396,-0.5667
1949-07-01,-0.5205,-0.8686,-0.2719,-0.5353,-0.5519,-0.4941,-0.5697,-0.4433,-0.5353
1949-08-01,-0.5388,-0.8880,-0.2249,-0.4309,-0.5519,-0.4541,-0.5247,-0.5518,-0.5247
1949-09-01,-0.5389,-0.9176,-0.2926,-0.4817,-0.5619,-0.5541,-0.5837,-0.5144,-0.5541
1949-10-01,-0.5641,-0.9582,-0.2474,-0.4453,-0.4819,-0.4641,-0.4987,-0.5046,-0.4819
1949-11-01,-0.6135,-1.0944,-0.3168,-0.5391,-0.5219,-0.4941,-0.5737,-0.4483,-0.5219
1949-12-01,-0.5824,-1.0929,-0.2830,-0.5677,-0.6019,-0.4641,-0.5247,-0.4288,-0.5247
1950-01-01,-0.5624,-1.0677,-0.2968,-0.6568,-0.6919,-0.5941,-0.7807,-0.6390,-0.6568
1950-02-01,-0.5537,-0.9984,-0.2645,-0.7265,-0.6919,-0.6541,-0.8307,-0.6593,-0.6919
1950-03-01,-0.4608,-0.8280,-0.1646,-0.5749,-0.5019,-0.4441,-0.6307,-0.5081,-0.5081
1950-04-01,-0.4747,-0.8068,-0.1875,-0.5983,-0.6319,-0.5941,-0.6647,-0.6142,-0.6142
1950-05-01,-0.4747,-0.7956,-0.2392,-0.5007,-0.5319,-0.4341,-0.4917,-0.5236,-0.5007
1950-06-01,-0.4635,-0.8404,-0.2002,-0.4610,-0.4719,-0.4841,-0.4967,-0.4960,-0.4841
1950-07-01,-0.4501,-0.8511,-0.2085,-0.4661,-0.5119,-0.4741,-0.4787,-0.5985,-0.4787
1950-08-01,-0.4711,-0.8495,-0.2372,-0.5123,-0.5819,-0.5341,-0.5427,-0.7023,-0.5427
1950-09-01,-0.4798,-0.8389,-0.2619,-0.6023,-0.5319,-0.4941,-0.6217,-0.5460,-0.5460
1950-10-01,-0.5217,-0.8311,-0.2663,-0.5591,-0.6219,-0.5941,-0.5377,-0.4836,-0.5591
1950-11-01,-0.4970,-0.8460,-0.2253,-0.7401,-0.7619,-0.7041,-0.7667,-0.6953,-0.7401
1950-12-01,-0.5290,-0.9076,-0.2875,-0.6146,-0.6419,-0.6041,-0.6377,-0.4203,-0.6146
1951-01-01,-0.4956,-0.8063,-0.2552,-0.7178,-0.7619,-0.7341,-0.8157,-0.6467,-0.7341
1951-02-01,-0.4792,-0.7601,-0.2761,-0.8658,-0.8319,-0.7941,-0.8887,-0.7685,-0.8319
1951-03-01,-0.4296,-0.7824,-0.2261,-0.6206,-0.6219,-0.5441,-0.6517,-0.5794,-0.6206
1951-04-01,-0.4251,-0.7306,-0.2414,-0.4652,-0.5619,-0.5341,-0.5497,-0.4963,-0.5341
1951-05-01,-0.3967,-0.7306,-0.2111,-0.3252,-0.4219,-0.3841,-0.3827,-0.2339,-0.3827
1951-06-01,-0.4393,-0.7699,-0.2095,-0.2951,-0.4919,-0.3841,-0.3107,-0.3560,-0.3560
1951-07-01,-0.4348,-0.7065,-0.2282,-0.3179,-0.4319,-0.4041,-0.4097,-0.5531,-0.4097
1951-08-01,-0.4662,-0.7768,-0.3001,-0.2340,-0.3619,-0.2841,-0.3017,-0.3739,-0.3017
1951-09-01,-0.5169,-0.8502,-0.2645,-0.2235,-0.3719,-0.2841,-0.3187,-0.3739,-0.3187
1951-10-01,-0.5327,-0.9006,-0.2708,-0.2287,-0.3419,-0.2641,-0.1907,-0.3189,-0.2641
1951-11-01,-0.5695,-0.9671,-0.2792,-0.4270,-0.4319,-0.4241,-0.4447,-0.3742,-0.4270
1951-12-01,-0.5766,-1.1236,-0.2463,-0.2786,-0.2619,-0.2341,-0.2657,-0.2225,-0.2619
1952-01-01,-0.5437,-0.9941,-0.2661,-0.2558,-0.3119,-0.2841,-0.2837,-0.2383,-0.2837
1952-02-01,-0.5354,-0.8692,-0.1890,-0.2827,-0.3119,-0.2841,-0.3537,-0.3230,-0.3119
1952-03-01,-0.5234,-0.8449,-0.2369,-0.5123,-0.5019,-0.4541,-0.5107,-0.4771,-0.5019
1952-04-01,-0.4741,-0.8903,-0.1839,-0.3062,-0.3919,-0.3241,-0.3617,-0.4835,-0.3617
1952-05-01,-0.4558,-0.8798,-0.1903,-0.3279,-0.4519,-0.4041,-0.3447,-0.3862,-0.3862
1952-06-01,-0.4391,-0.7770,-0.1738,-0.3295,-0.4519,-0.4141,-0.3497,-0.3999,-0.3999
1952-07-01,-0.4737,-0.8374,-0.1778,-0.2607,-0.3819,-0.3841,-0.3177,-0.4268,-0.3819
1952-08-01,-0.4844,-0.8751,-0.1972,-0.2506,-0.3719,-0.3741,-0.3197,-0.5726,-0.3719
1952-09-01,-0.5015,-0.8677,-0.2496,-0.2545,-0.3519,-0.3541,-0.3027,-0.4937,-0.3519
1952-10-01,-0.5260,-0.8358,-0.2279,-0.3664,-0.4219,-0.3941,-0.3467,-0.5289,-0.3941
1952-11-01,-0.5938,-0.9355,-0.3210,-0.4746,-0.5519,-0.4841,-0.5347,-0.7057,-0.5347
1952-12-01,-0.5892,-1.0032,-0.3191,-0.3860,-0.4419,-0.3941,-0.4117,-0.4601,-0.4117
1953-01-01,-0.4931,-0.8303,-0.2389,-0.3542,-0.3519,-0.3141,-0.3867,-0.3807,-0.3542
1953-02-01,-0.4972,-0.7877,-0.2295,-0.2520,-0.2719,-0.2241,-0.2687,-0.3302,-0.2687
1953-03-01,-0.4971,-0.8578,-0.2134,-0.3346,-0.3119,-0.2641,-0.3717,-0.3865,-0.3346
1953-04-01,-0.4418,-0.9373,-0.1717,-0.1202,-0.2319,-0.1941,-0.1747,-0.2798,-0.1941
1953-05-01,-0.4329,-0.7928,-0.1809,-0.1962,-0.3119,-0.2541,-0.1777,-0.2116,-0.2116
1953-06-01,-0.4368,-0.7311,-0.2505,-0.2041,-0.3019,-0.2941,-0.2227,-0.3802,-0.2941
1953-07-01,-0.4645,-0.8444,-0.2381,-0.3019,-0.4119,-0.4141,-0.3327,-0.3872,-0.3872
1953-08-01,-0.4690,-0.7971,-0.2513,-0.2570,-0.3719,-0.4041,-0.3187,-0.4155,-0.3719
1953-09-01,-0.4683,-0.7674,-0.2359,-0.2577,-0.3819,-0.4141,-0.3417,-0.5132,-0.3819
1953-10-01,-0.4938,-0.8267,-0.2260,-0.2606,-0.3419,-0.3341,-0.2977,-0.4348,-0.3341
1953-11-01,-0.5285,-0.8489,-0.1880,-0.3512,-0.4519,-0.4141,-0.4427,-0.4880,-0.4427
1953-12-01,-0.5114,-0.8154,-0.1869,-0.3235,-0.3719,-0.3341,-0.3107,-0.3536,-0.3341
1954-01-01,-0.4881,-0.9569,-0.0121,-0.5886,-0.6619,-0.5541,-0.6387,-0.6038,-0.6038
1954-02-01,-0.4594,-0.8745,0.0448,-0.4352,-0.5219,-0.4241,-0.5127,-0.5181,-0.5127
1954-03-01,-0.4719,-0.8399,-0.2007,-0.5274,-0.5719,-0.5041,-0.5367,-0.4820,-0.5274
1954-04-01,-0.4743,-0.7939,-0.2297,-0.4610,-0.5619,-0.5741,-0.5817,-0.5504,-0.5619
1954-05-01,-0.4377,-0.7865,-0.1970,-0.5157,-0.6219,-0.5741,-0.5627,-0.4661,-0.5627
1954-06-01,-0.3990,-0.7806,-0.1835,-0.4766,-0.6019,-0.5041,-0.4467,-0.5854,-0.5041
1954-07-01,-0.3996,-0.7035,-0.1183,-0.5422,-0.6119,-0.5341,-0.5127,-0.6173,-0.5422
1954-08-01,-0.4144,-0.7537,-0.2253,-0.4465,-0.5919,-0.5041,-0.5317,-0.6880,-0.5317
1954-09-01,-0.4560,-0.8415,-0.2505,-0.4593,-0.5219,-0.5241,-0.5577,-0.7563,-0.5241
1954-10-01,-0.5077,-0.9062,-0.2707,-0.3572,-0.4419,-0.4241,-0.3717,-0.6086,-0.4241
1954-11-01,-0.5306,-0.8412,-0.2566,-0.2277,-0.3419,-0.3441,-0.3487,-0.4776,-0.3441
1954-12-01,-0.5498,-0.8498,-0.3508,-0.5098,-0.6019,-0.5041,-0.5287,-0.5708,-0.5287
1955-01-01,-0.5023,-0.9592,-0.2729,-0.2373,-0.2919,-0.2441,-0.3087,-0.3093,-0.2919
1955-02-01,-0.4564,-0.9182,-0.1448,-0.5379,-0.5819,-0.5941,-0.6547,-0.6390,-0.5941
1955-03-01,-0.4410,-0.9054,-0.0978,-0.7434,-0.7419,-0.6741,-0.7907,-0.7590,-0.7434
1955-04-01,-0.4255,-0.8527,-0.1437,-0.5755,-0.6419,-0.6041,-0.6727,-0.6220,-0.6220
1955-05-01,-0.3991,-0.8771,-0.1021,-0.5829,-0.6219,-0.5941,-0.6637,-0.5415,-0.5941
1955-06-01,-0.4102,-0.7801,-0.1228,-0.5239,-0.5519,-0.5441,-0.5697,-0.5756,-0.5519
1955-07-01,-0.4127,-0.7740,-0.1327,-0.5543,-0.5319,-0.5641,-0.6057,-0.6485,-0.5641
1955-08-01,-0.4203,-0.8014,-0.1896,-0.4343,-0.4019,-0.3741,-0.2947,-0.4856,-0.4019
1955-09-01,-0.4451,-0.8301,-0.0922,-0.4886,-0.5319,-0.5341,-0.5377,-0.5645,-0.5341
1955-10-01,-0.4832,-0.8054,-0.2188,-0.4606,-0.4719,-0.4941,-0.4847,-0.5748,-0.4847
1955-11-01,-0.4921,-0.8784,-0.2068,-0.6699,-0.6719,-0.6841,-0.7127,-0.7145,-0.6841
1955-12-01,-0.5014,-0.8681,-0.2033,-0.7125,-0.7019,-0.7141,-0.7257,-0.7043,-0.7125
1956-01-01,-0.4581,-0.8031,-0.1688,-0.5835,-0.5519,-0.5241,-0.5697,-0.4849,-0.5519
1956-02-01,-0.4695,-0.8518,-0.1895,-0.6325,-0.6619,-0.5741,-0.6797,-0.6135,-0.6325
1956-03-01,-0.3961,-0.7248,-0.1191,-0.7068,-0.6319,-0.5741,-0.7437,-0.5772,-0.6319
1956-04-01,-0.3531,-0.7547,-0.0667,-0.6535,-0.7019,-0.6541,-0.7187,-0.6571,-0.6571
1956-05-01,-0.3590,-0.7076,-0.1147,-0.6805,-0.7119,-0.6741,-0.7107,-0.6586,-0.6805
1956-06-01,-0.3364,-0.7326,-0.0778,-0.5738,-0.5719,-0.5741,-0.6427,-0.6555,-0.5741
1956-07-01,-0.3797,-0.7694,-0.0630,-0.5549,-0.5119,-0.5441,-0.5597,-0.6659,-0.5549
1956-08-01,-0.3985,-0.7926,-0.1277,-0.6356,-0.6719,-0.6741,-0.7317,-0.7694,-0.6741
1956-09-01,-0.4032,-0.7723,-0.1353,-0.6189,-0.6119,-0.6241,-0.6917,-0.8028,-0.6241
1956-10-01,-0.4586,-0.8408,-0.1429,-0.6091,-0.6519,-0.6641,-0.6547,-0.8235,-0.6547
1956-11-01,-0.5138,-0.8672,-0.2605,-0.5645,-0.5719,-0.5541,-0.6317,-0.6479,-0.5719
1956-12-01,-0.5168,-0.8841,-0.2545,-0.5028,-0.4819,-0.4441,-0.4677,-0.5052,-0.4819
1957-01-01,-0.4955,-0.9410,-0.2314,-0.5634,-0.5119,-0.4641,-0.5997,-0.5160,-0.5160
1957-02-01,-0.4679,-0.8283,-0.1722,-0.5039,-0.4519,-0.4741,-0.5557,-0.5190,-0.5039
1957-03-01,-0.4707,-0.8264,-0.2415,-0.5433,-0.4719,-0.4941,-0.5837,-0.5381,-0.5381
1957-04-01,-0.4065,-0.7834,-0.1484,-0.3852,-0.4219,-0.3741,-0.4577,-0.4375,-0.4219
1957-05-01,-0.4042,-0.7462,-0.1385,-0.3111,-0.3319,-0.3341,-0.3307,-0.3645,-0.3319
1957-06-01,-0.4042,-0.7415,-0.1864,-0.2798,-0.2719,-0.2941,-0.2797,-0.3274,-0.2798
1957-07-01,-0.4183,-0.8074,-0.1606,-0.4064,-0.4019,-0.3641,-0.4497,-0.4625,-0.4064
1957-08-01,-0.4377,-0.7771,-0.1840,-0.2723,-0.2719,-0.2841,-0.3307,-0.4132,-0.2841
1957-09-01,-0.4570,-0.8069,-0.1921,-0.3042,-0.3319,-0.3141,-0.4057,-0.4150,-0.3319
1957-10-01,-0.5078,-0.9313,-0.1948,-0.3449,-0.4119,-0.3341,-0.3427,-0.3584,-0.3449
1957-11-01,-0.5284,-0.8784,-0.2709,-0.3490,-0.3419,-0.3641,-0.3737,-0.3046,-0.3490
1957-12-01,-0.5259,-0.9334,-0.2485,-0.2924,-0.2719,-0.2841,-0.3237,-0.2173,-0.2841
1958-01-01,-0.4796,-0.9172,-0.2312,-0.0869,-0.0319,-0.0641,-0.1457,-0.0239,-0.0641
1958-02-01,-0.4744,-0.8994,-0.2031,-0.2534,-0.2019,-0.2241,-0.3007,-0.1915,-0.2241
1958-03-01,-0.4761,-0.8343,-0.2344,-0.3387,-0.3419,-0.2741,-0.3717,-0.2688,-0.3387
1958-04-01,-0.4688,-0.8008,-0.1951,-0.4127,-0.4119,-0.3541,-0.4547,-0.3167,-0.4119
1958-05-01,-0.4366,-0.7578,-0.1281,-0.3282,-0.3619,-0.3341,-0.4157,-0.2486,-0.3341
1958-06-01,-0.4144,-0.7853,-0.1429,-0.4983,-0.5119,-0.4141,-0.4977,-0.3964,-0.4977
1958-07-01,-0.4287,-0.7984,-0.1277,-0.3631,-0.3719,-0.3341,-0.4207,-0.3711,-0.3711
1958-08-01,-0.4290,-0.7893,-0.1144,-0.4265,-0.4719,-0.4141,-0.4737,-0.4633,-0.4633
1958-09-01,-0.4131,-0.7873,-0.1343,-0.4564,-0.4519,-0.4641,-0.5317,-0.5368,-0.4641
1958-10-01,-0.4678,-0.7584,-0.2166,-0.3616,-0.3819,-0.3941,-0.3927,-0.4606,-0.3927
1958-11-01,-0.5022,-0.8276,-0.2314,-0.3821,-0.4019,-0.4241,-0.4227,-0.4267,-0.4227
1958-12-01,-0.4811,-0.7779,-0.1200,-0.4267,-0.4119,-0.3141,-0.3857,-0.3667,-0.3857
1959-01-01,-0.4477,-0.7927,-0.1776,-0.3295,-0.3419,-0.3041,-0.3957,-0.2374,-0.3295
1959-02-01,-0.4207,-0.8537,-0.1551,-0.3521,-0.3519,-0.3141,-0.4627,-0.2855,-0.3519
1959-03-01,-0.4253,-0.7647,-0.1046,-0.3266,-0.2419,-0.2041,-0.3557,-0.1668,-0.2419
1959-04-01,-0.4301,-0.7775,-0.1096,-0.3162,-0.2619,-0.2641,-0.3127,-0.2450,-0.2641
1959-05-01,-0.3921,-0.7442,-0.0745,-0.3836,-0.3819,-0.3241,-0.4047,-0.3522,-0.3819
1959-06-01,-0.3832,-0.7441,-0.0458,-0.3456,-0.3919,-0.3341,-0.3747,-0.3722,-0.3722
1959-07-01,-0.3754,-0.6375,-0.0752,-0.3847,-0.3919,-0.3741,-0.3857,-0.4147,-0.3857
1959-08-01,-0.4001,-0.7519,-0.0921,-0.3831,-0.4319,-0.3741,-0.4497,-0.4795,-0.4319
1959-09-01,-0.4186,-0.7427,-0.1885,-0.4846,-0.4819,-0.4041,-0.5157,-0.5856,-0.4846
1959-10-01,-0.4084,-0.7181,-0.1531,-0.4151,-0.4919,-0.4141,-0.4277,-0.4750,-0.4277
1959-11-01,-0.4459,-0.8100,-0.1738,-0.5277,-0.5019,-0.4541,-0.5867,-0.5298,-0.5277
1959-12-01,-0.5154,-0.8668,-0.2364,-0.4464,-0.4219,-0.3641,-0.4357,-0.3489,-0.4219
1960-01-01,-0.4986,-0.8893,-0.1427,-0.4575,-0.4219,-0.4041,-0.4917,-0.2976,-0.4219
1960-02-01,-0.4702,-0.9238,-0.1618,-0.3209,-0.2919,-0.2641,-0.3657,-0.2172,-0.2919
1960-03-01,-0.4152,-0.8704,-0.1290,-0.7887,-0.7719,-0.6541,-0.8077,-0.6456,-0.7719
1960-04-01,-0.3726,-0.8215,0.0591,-0.6058,-0.5719,-0.5341,-0.6447,-0.5219,-0.5719
1960-05-01,-0.3815,-0.7934,-0.0886,-0.5212,-0.5019,-0.5141,-0.5367,-0.4405,-0.5141
1960-06-01,-0.3659,-0.8410,0.0056,-0.4684,-0.4619,-0.4541,-0.4637,-0.4245,-0.4619
1960-07-01,-0.3939,-0.8053,-0.1446,-0.4555,-0.4619,-0.4041,-0.4717,-0.4629,-0.4619
1960-08-01,-0.4149,-0.8270,-0.1028,-0.3461,-0.4019,-0.4141,-0.4027,-0.4176,-0.4027
1960-09-01,-0.4349,-0.8117,-0.1824,-0.3399,-0.3519,-0.3741,-0.4207,-0.5049,-0.3741
1960-10-01,-0.4514,-0.8365,-0.2033,-0.3738,-0.3619,-0.3941,-0.4017,-0.4061,-0.3941
1960-11-01,-0.4909,-0.8248,-0.1613,-0.5583,-0.5319,-0.5441,-0.6107,-0.5120,-0.5441
1960-12-01,-0.5448,-0.9215,-0.2559,-0.2612,-0.2319,-0.2141,-0.2687,-0.1925,-0.2319
1961-01-01,-0.5049,-0.8857,-0.2749,-0.3911,-0.3519,-0.3241,-0.4067,-0.2470,-0.3519
1961-02-01,-0.4378,-0.7687,-0.0464,-0.2480,-0.2319,-0.2541,-0.3217,-0.2084,-0.2480
1961-03-01,-0.4495,-0.7639,-0.2071,-0.3999,-0.3319,-0.3141,-0.4517,-0.2976,-0.3319
1961-04-01,-0.4307,-0.7378,-0.1654,-0.2783,-0.2919,-0.2741,-0.3197,-0.2949,-0.2919
1961-05-01,-0.4142,-0.7280,-0.1432,-0.2711,-0.3019,-0.2741,-0.3067,-0.2504,-0.2741
1961-06-01,-0.3991,-0.6974,-0.1192,-0.2528,-0.3019,-0.2841,-0.2837,-0.3187,-0.2841
1961-07-01,-0.4007,-0.7250,-0.1695,-0.3774,-0.4119,-0.3641,-0.4207,-0.3779,-0.3779
1961-08-01,-0.4243,-0.6827,-0.2020,-0.3532,-0.4119,-0.3741,-0.4047,-0.4347,-0.4047
1961-09-01,-0.4489,-0.7735,-0.2112,-0.3697,-0.3419,-0.3741,-0.4397,-0.3973,-0.3741
1961-10-01,-0.5147,-0.8094,-0.2507,-0.4046,-0.4219,-0.4141,-0.4177,-0.4162,-0.4162
1961-11-01,-0.5380,-0.8483,-0.2146,-0.3713,-0.3919,-0.3741,-0.4287,-0.4050,-0.3919
1961-12-01,-0.5358,-0.8159,-0.3093,-0.5923,-0.5819,-0.5341,-0.5787,-0.4784,-0.5787
1962-01-01,-0.4927,-0.8248,-0.1134,-0.3963,-0.3719,-0.3541,-0.4217,-0.3203,-0.3719
1962-02-01,-0.4759,-0.7696,-0.2751,-0.3253,-0.2719,-0.2541,-0.3507,-0.2489,-0.2719
1962-03-01,-0.4772,-0.7601,-0.2404,-0.3204,-0.3219,-0.2641,-0.3557,-0.2926,-0.3204
1962-04-01,-0.4468,-0.7236,-0.2119,-0.3618,-0.3719,-0.3441,-0.4307,-0.3681,-0.3681
1962-05-01,-0.4379,-0.7558,-0.2256,-0.5194,-0.4819,-0.4841,-0.5947,-0.4503,-0.4841
1962-06-01,-0.4451,-0.7361,-0.2210,-0.3959,-0.3919,-0.4241,-0.4837,-0.5104,-0.4241
1962-07-01,-0.4459,-0.7824,-0.1872,-0.4505,-0.4019,-0.4241,-0.4917,-0.4272,-0.4272
1962-08-01,-0.4755,-0.8408,-0.2383,-0.4509,-0.4319,-0.4541,-0.4907,-0.4868,-0.4541
1962-09-01,-0.4807,-0.7754,-0.2625,-0.4145,-0.4219,-0.4541,-0.4967,-0.5275,-0.4541
1962-10-01,-0.5129,-0.8812,-0.2849,-0.3804,-0.4119,-0.3941,-0.4467,-0.4445,-0.4119
1962-11-01,-0.5620,-0.8891,-0.2985,-0.3604,-0.3619,-0.3041,-0.4327,-0.3975,-0.3619
1962-12-01,-0.5818,-0.8772,-0.3091,-0.4670,-0.4519,-0.4041,-0.4637,-0.3790,-0.4519
1963-01-01,-0.5398,-0.8729,-0.2703,-0.4586,-0.4519,-0.4341,-0.4987,-0.3794,-0.4519
1963-02-01,-0.4998,-0.9749,-0.2075,-0.3002,-0.2419,-0.2441,-0.3537,-0.2570,-0.2570
1963-03-01,-0.4869,-0.8232,-0.2204,-0.6816,-0.5619,-0.5341,-0.7217,-0.5821,-0.5821
1963-04-01,-0.4359,-0.7205,-0.1276,-0.5194,-0.4919,-0.4541,-0.5627,-0.5117,-0.5117
1963-05-01,-0.4249,-0.7112,-0.1642,-0.4870,-0.4819,-0.4341,-0.5437,-0.4425,-0.4819
1963-06-01,-0.4173,-0.7406,-0.1840,-0.4073,-0.3719,-0.4141,-0.4497,-0.3750,-0.4073
1963-07-01,-0.4287,-0.7580,-0.2079,-0.2793,-0.3619,-0.3641,-0.3167,-0.3134,-0.3167
1963-08-01,-0.4523,-0.7295,-0.2791,-0.1930,-0.2019,-0.2641,-0.1697,-0.2386,-0.2019
1963-09-01,-0.4832,-0.7164,-0.2167,-0.2173,-0.2519,-0.2641,-0.2777,-0.3285,-0.2641
1963-10-01,-0.5147,-0.7715,-0.3273,-0.2750,-0.2819,-0.2841,-0.2707,-0.3412,-0.2819
1963-11-01,-0.5524,-0.8720,-0.2753,-0.2938,-0.2719,-0.3241,-0.3107,-0.3042,-0.3042
1963-12-01,-0.5899,-0.8647,-0.3409,-0.4013,-0.4519,-0.3641,-0.3907,-0.3355,-0.3907
1964-01-01,-0.5394,-0.8613,-0.2335,-0.5314,-0.5119,-0.4841,-0.5547,-0.3660,-0.5119
1964-02-01,-0.4979,-0.7758,-0.1820,-0.5644,-0.5219,-0.5041,-0.6057,-0.4096,-0.5219
1964-03-01,-0.5051,-0.7567,-0.1899,-0.7242,-0.6319,-0.6241,-0.7857,-0.5779,-0.6319
1964-04-01,-0.4674,-0.7952,-0.1724,-0.7825,-0.7419,-0.6841,-0.8047,-0.6489,-0.7419
1964-05-01,-0.4469,-0.7314,-0.2194,-0.7148,-0.6719,-0.6241,-0.7367,-0.5296,-0.6719
1964-06-01,-0.4459,-0.6897,-0.2056,-0.5105,-0.4619,-0.4741,-0.4857,-0.4990,-0.4857
1964-07-01,-0.4476,-0.6890,-0.2387,-0.5419,-0.4619,-0.5141,-0.5077,-0.3891,-0.5077
1964-08-01,-0.4691,-0.6321,-0.2182,-0.6408,-0.6419,-0.5941,-0.6367,-0.5804,-0.6367
1964-09-01,-0.5335,-0.8404,-0.2371,-0.7449,-0.7119,-0.7041,-0.7657,-0.7776,-0.7449
1964-10-01,-0.5605,-0.8364,-0.2555,-0.6536,-0.7319,-0.6841,-0.7117,-0.8386,-0.7117
1964-11-01,-0.5861,-0.7636,-0.2219,-0.6394,-0.6319,-0.6741,-0.7107,-0.6724,-0.6724
1964-12-01,-0.5573,-0.7993,-0.1746,-0.7139,-0.7219,-0.6741,-0.7487,-0.6726,-0.7139
1965-01-01,-0.5457,-0.7912,-0.1342,-0.5040,-0.5019,-0.5041,-0.5417,-0.4674,-0.5040
1965-02-01,-0.5057,-0.8062,-0.1013,-0.6072,-0.5919,-0.5841,-0.6397,-0.5647,-0.5919
1965-03-01,-0.4754,-0.8141,-0.0792,-0.6014,-0.5519,-0.5541,-0.6487,-0.5164,-0.5541
1965-04-01,-0.4397,-0.6818,-0.0904,-0.6426,-0.6119,-0.5941,-0.6767,-0.5806,-0.6119
1965-05-01,-0.4357,-0.6942,-0.1924,-0.5327,-0.5419,-0.5141,-0.5577,-0.4525,-0.5327
1965-06-01,-0.4604,-0.6534,-0.1946,-0.5496,-0.5019,-0.5141,-0.5587,-0.5292,-0.5292
1965-07-01,-0.4889,-0.7301,-0.2457,-0.6097,-0.5519,-0.5341,-0.5707,-0.5188,-0.5519
1965-08-01,-0.5358,-0.7244,-0.3257,-0.5039,-0.4619,-0.4741,-0.5177,-0.5581,-0.5039
1965-09-01,-0.5550,-0.7575,-0.3275,-0.5890,-0.5719,-0.5141,-0.6237,-0.6036,-0.5890
1965-10-01,-0.5805,-0.8673,-0.3607,-0.4485,-0.4719,-0.4141,-0.4317,-0.5171,-0.4485
1965-11-01,-0.5993,-0.8351,-0.3711,-0.4874,-0.4819,-0.4141,-0.5147,-0.4839,-0.4839
1965-12-01,-0.6075,-0.8914,-0.3012,-0.4885,-0.5019,-0.4441,-0.4827,-0.4171,-0.4827
1966-01-01,-0.6046,-0.9288,-0.2488,-0.6256,-0.6119,-0.5741,-0.6257,-0.4682,-0.6119
1966-02-01,-0.5574,-0.8825,-0.2261,-0.5069,-0.4619,-0.4541,-0.5287,-0.3927,-0.4619
1966-03-01,-0.5036,-0.8056,-0.2115,-0.5145,-0.3819,-0.4441,-0.5297,-0.3616,-0.4441
1966-04-01,-0.5013,-0.7688,-0.1640,-0.5138,-0.5519,-0.4941,-0.5177,-0.4739,-0.5138
1966-05-01,-0.4906,-0.7667,-0.2107,-0.5595,-0.5419,-0.4841,-0.5657,-0.4432,-0.5419
1966-06-01,-0.4700,-0.7430,-0.2241,-0.4460,-0.4119,-0.3941,-0.4167,-0.3670,-0.4119
1966-07-01,-0.4716,-0.8022,-0.2033,-0.3393,-0.3419,-0.3141,-0.3477,-0.2944,-0.3393
1966-08-01,-0.5014,-0.9471,-0.1666,-0.4412,-0.5119,-0.4441,-0.4757,-0.4653,-0.4653
1966-09-01,-0.5229,-0.8778,-0.2903,-0.4270,-0.4519,-0.4241,-0.4637,-0.4822,-0.4519
1966-10-01,-0.5237,-0.8813,-0.2775,-0.5761,-0.5919,-0.5741,-0.5847,-0.6176,-0.5847
1966-11-01,-0.5453,-0.8167,-0.2747,-0.4489,-0.4319,-0.4541,-0.4997,-0.4902,-0.4541
1966-12-01,-0.5414,-0.7928,-0.3225,-0.4824,-0.4419,-0.4541,-0.4797,-0.4149,-0.4541
1967-01-01,-0.4788,-0.8802,-0.2183,-0.5621,-0.4919,-0.5441,-0.5697,-0.4633,-0.5441
1967-02-01,-0.4702,-0.8828,-0.1365,-0.6699,-0.6319,-0.6241,-0.7197,-0.6284,-0.6319
1967-03-01,-0.4559,-0.8418,-0.1809,-0.4388,-0.3719,-0.3641,-0.4947,-0.3730,-0.3730
1967-04-01,-0.4304,-0.7347,-0.2157,-0.4763,-0.4719,-0.4341,-0.5027,-0.4332,-0.4719
1967-05-01,-0.4099,-0.7506,-0.1317,-0.2833,-0.3019,-0.2341,-0.2987,-0.2417,-0.2833
1967-06-01,-0.4239,-0.7192,-0.1799,-0.4528,-0.5019,-0.4541,-0.4867,-0.4497,-0.4541
1967-07-01,-0.4048,-0.6545,-0.2030,-0.4115,-0.4019,-0.4341,-0.4297,-0.4136,-0.4136
1967-08-01,-0.4110,-0.6658,-0.1836,-0.4423,-0.4119,-0.4341,-0.4537,-0.4568,-0.4423
1967-09-01,-0.4347,-0.7015,-0.2056,-0.4668,-0.4819,-0.4141,-0.4977,-0.4631,-0.4668
1967-10-01,-0.4686,-0.7114,-0.1785,-0.3620,-0.3319,-0.3141,-0.4037,-0.3565,-0.3565
1967-11-01,-0.5213,-0.7896,-0.3025,-0.4635,-0.4719,-0.4641,-0.5637,-0.4626,-0.4641
1967-12-01,-0.4855,-0.8205,-0.1671,-0.4960,-0.4719,-0.4141,-0.5117,-0.3726,-0.4719
1968-01-01,-0.4648,-0.7328,-0.1833,-0.6629,-0.6819,-0.6041,-0.7057,-0.5703,-0.6629
1968-02-01,-0.4499,-0.7007,-0.1397,-0.6062,-0.5619,-0.5641,-0.6587,-0.5154,-0.5641
1968-03-01,-0.4411,-0.7150,-0.1649,-0.3434,-0.2219,-0.2541,-0.3837,-0.2666,-0.2666
1968-04-01,-0.4172,-0.6183,-0.1674,-0.5214,-0.4819,-0.4641,-0.5627,-0.4647,-0.4819
1968-05-01,-0.3637,-0.4937,-0.2508,-0.5665,-0.5619,-0.4941,-0.6037,-0.4669,-0.5619
1968-06-01,-0.3980,-0.6378,-0.1836,-0.4931,-0.5119,-0.4241,-0.4847,-0.5411,-0.4931
1968-07-01,-0.3852,-0.6226,-0.1555,-0.5367,-0.5519,-0.4941,-0.6007,-0.4794,-0.5367
1968-08-01,-0.4064,-0.6438,-0.1891,-0.4690,-0.5019,-0.4241,-0.5257,-0.5386,-0.5019
1968-09-01,-0.4080,-0.6093,-0.1667,-0.5659,-0.6119,-0.5141,-0.6057,-0.6237,-0.6057
1968-10-01,-0.4560,-0.7411,-0.1514,-0.3324,-0.3319,-0.3641,-0.3727,-0.3996,-0.3641
1968-11-01,-0.4748,-0.7172,-0.2522,-0.4753,-0.4719,-0.5341,-0.5497,-0.5076,-0.5076
1968-12-01,-0.4627,-0.8034,-0.1916,-0.5316,-0.5619,-0.5241,-0.5557,-0.4971,-0.5316
1969-01-01,-0.4834,-0.8142,-0.2455,-0.5030,-0.5319,-0.5041,-0.5597,-0.4309,-0.5041
1969-02-01,-0.4307,-0.8228,-0.1058,-0.5377,-0.6019,-0.4941,-0.6117,-0.4910,-0.5377
1969-03-01,-0.4231,-0.6809,-0.1553,-0.4742,-0.4119,-0.3741,-0.5267,-0.3577,-0.4119
1969-04-01,-0.3760,-0.6705,-0.0906,-0.2935,-0.2519,-0.2541,-0.3427,-0.2387,-0.2541
1969-05-01,-0.3743,-0.6934,-0.0245,-0.2780,-0.2419,-0.2141,-0.2847,-0.1883,-0.2419
1969-06-01,-0.3913,-0.7143,-0.0843,-0.3352,-0.3919,-0.3241,-0.3587,-0.3333,-0.3352
1969-07-01,-0.3898,-0.6861,-0.0862,-0.4491,-0.4619,-0.4141,-0.4817,-0.4121,-0.4491
1969-08-01,-0.4175,-0.7548,-0.2165,-0.4124,-0.3819,-0.3741,-0.4377,-0.5441,-0.4124
1969-09-01,-0.4610,-0.8644,-0.2488,-0.3534,-0.3419,-0.3241,-0.4017,-0.4593,-0.3534
1969-10-01,-0.4912,-0.8438,-0.2442,-0.3410,-0.3319,-0.2941,-0.3457,-0.4469,-0.3410
1969-11-01,-0.5133,-0.9016,-0.2021,-0.3190,-0.3019,-0.2741,-0.3717,-0.2749,-0.3019
1969-12-01,-0.4974,-0.8592,-0.1847,-0.1738,-0.1819,-0.1341,-0.2097,-0.1096,-0.1738
1970-01-01,-0.4540,-0.7567,-0.1502,-0.3299,-0.3419,-0.2641,-0.3587,-0.2280,-0.3299
1970-02-01,-0.4647,-0.7759,-0.2982,-0.2805,-0.2019,-0.2341,-0.3407,-0.1970,-0.2341
1970-03-01,-0.4258,-0.7854,-0.2047,-0.4335,-0.3619,-0.3341,-0.4727,-0.3292,-0.3619
1970-04-01,-0.3942,-0.6478,-0.1800,-0.4225,-0.3719,-0.3241,-0.4137,-0.2584,-0.3719
1970-05-01,-0.3820,-0.5809,-0.2484,-0.4853,-0.4519,-0.4041,-0.4797,-0.3685,-0.4519
1970-06-01,-0.3850,-0.6179,-0.1835,-0.4811,-0.4419,-0.4241,-0.4747,-0.3586,-0.4419
1970-07-01,-0.3980,-0.6022,-0.2749,-0.4543,-0.4019,-0.3841,-0.4427,-0.4021,-0.4021
1970-08-01,-0.4013,-0.5733,-0.2593,-0.5418,-0.5219,-0.4941,-0.5767,-0.5696,-0.5418
1970-09-01,-0.4169,-0.7248,-0.2043,-0.3738,-0.3019,-0.3641,-0.3937,-0.4943,-0.3738
1970-10-01,-0.4502,-0.6231,-0.2242,-0.4038,-0.3919,-0.4641,-0.4277,-0.4774,-0.4277
1970-11-01,-0.4985,-0.7241,-0.3146,-0.4034,-0.4019,-0.4041,-0.5227,-0.4500,-0.4041
1970-12-01,-0.5006,-0.8365,-0.1376,-0.5351,-0.5419,-0.5441,-0.5827,-0.4562,-0.5419
1971-01-01,-0.4696,-0.9647,-0.2891,-0.4860,-0.4419,-0.4941,-0.5347,-0.3920,-0.4860
1971-02-01,-0.4567,-0.8246,-0.2285,-0.6167,-0.5719,-0.5841,-0.6877,-0.5700,-0.5841
1971-03-01,-0.4536,-0.7653,-0.2141,-0.6816,-0.6019,-0.5441,-0.7107,-0.5456,-0.6019
1971-04-01,-0.4099,-0.7681,-0.1857,-0.5765,-0.4919,-0.5041,-0.5707,-0.4866,-0.5041
1971-05-01,-0.4128,-0.6729,-0.2111,-0.5406,-0.4719,-0.4641,-0.5147,-0.5138,-0.5138
1971-06-01,-0.3900,-0.6669,-0.2166,-0.6027,-0.5819,-0.5541,-0.5717,-0.5783,-0.5783
1971-07-01,-0.4031,-0.6721,-0.2107,-0.5270,-0.5019,-0.4641,-0.5697,-0.5892,-0.5270
1971-08-01,-0.4364,-0.6993,-0.2485,-0.5237,-0.4319,-0.4741,-0.5637,-0.5902,-0.5237
1971-09-01,-0.4141,-0.6411,-0.2086,-0.4670,-0.4719,-0.3941,-0.5007,-0.5610,-0.4719
1971-10-01,-0.4762,-0.6919,-0.3077,-0.4985,-0.4619,-0.5441,-0.5047,-0.6289,-0.5047
1971-11-01,-0.4753,-0.6947,-0.2873,-0.4939,-0.4919,-0.5241,-0.5417,-0.5476,-0.5241
1971-12-01,-0.4901,-0.6707,-0.3169,-0.5717,-0.5019,-0.5041,-0.5837,-0.4442,-0.5041
1972-01-01,-0.4400,-0.7144,-0.2710,-0.7200,-0.6419,-0.5841,-0.7197,-0.5992,-0.6419
1972-02-01,-0.4075,-0.6047,-0.2245,-0.6209,-0.6019,-0.5541,-0.6987,-0.6403,-0.6209
1972-03-01,-0.4018,-0.7178,-0.1903,-0.4843,-0.3919,-0.3441,-0.4847,-0.4509,-0.4509
1972-04-01,-0.3574,-0.6409,-0.1338,-0.4699,-0.4219,-0.3941,-0.4597,-0.3916,-0.4219
1972-05-01,-0.3446,-0.5291,-0.1467,-0.4240,-0.4519,-0.4041,-0.4487,-0.3936,-0.4240
1972-06-01,-0.3281,-0.5220,-0.1793,-0.3744,-0.3819,-0.3041,-0.3527,-0.2683,-0.3527
1972-07-01,-0.3578,-0.5662,-0.2416,-0.4337,-0.4019,-0.3441,-0.4357,-0.3025,-0.4019
1972-08-01,-0.3613,-0.5240,-0.1683,-0.2780,-0.2619,-0.2141,-0.2817,-0.3424,-0.2780
1972-09-01,-0.3546,-0.5959,-0.0942,-0.3937,-0.4019,-0.3341,-0.3937,-0.4302,-0.3937
1972-10-01,-0.4091,-0.6689,-0.2253,-0.3969,-0.3419,-0.3241,-0.3777,-0.3857,-0.3777
1972-11-01,-0.4406,-0.7092,-0.2401,-0.3924,-0.4019,-0.3941,-0.4627,-0.4314,-0.4019
1972-12-01,-0.4775,-0.7746,-0.2735,-0.2309,-0.2419,-0.1941,-0.2207,-0.1966,-0.2207
1973-01-01,-0.4288,-0.7926,-0.1044,-0.2410,-0.1319,-0.1341,-0.2187,-0.0841,-0.1341
1973-02-01,-0.3964,-0.6639,-0.0936,-0.1830,-0.0919,-0.1141,-0.2057,-0.0525,-0.1141
1973-03-01,-0.3720,-0.5752,-0.0198,-0.2258,-0.1319,-0.1541,-0.2797,-0.1787,-0.1787
1973-04-01,-0.3706,-0.6297,-0.1501,-0.1489,-0.1519,-0.1141,-0.2037,-0.1936,-0.1519
1973-05-01,-0.3255,-0.5720,-0.1067,-0.2340,-0.1919,-0.1941,-0.2207,-0.1905,-0.1941
1973-06-01,-0.3250,-0.5518,-0.1225,-0.2381,-0.2319,-0.1741,-0.2227,-0.3114,-0.2319
1973-07-01,-0.3531,-0.5573,-0.1123,-0.3243,-0.2919,-0.2941,-0.3177,-0.3372,-0.3177
1973-08-01,-0.3966,-0.6600,-0.1742,-0.3662,-0.3719,-0.3441,-0.3877,-0.5097,-0.3719
1973-09-01,-0.4049,-0.6684,-0.1535,-0.3767,-0.3319,-0.3441,-0.4007,-0.4740,-0.3767
1973-10-01,-0.4269,-0.6389,-0.2441,-0.3299,-0.3219,-0.3541,-0.3757,-0.4800,-0.3541
1973-11-01,-0.4558,-0.6389,-0.2704,-0.3677,-0.3819,-0.3941,-0.4227,-0.4073,-0.3941
1973-12-01,-0.4865,-0.6944,-0.3027,-0.4716,-0.4919,-0.4241,-0.4627,-0.3638,-0.4627
1974-01-01,-0.4007,-0.6553,-0.0738,-0.6261,-0.5219,-0.5041,-0.6297,-0.4700,-0.5219
1974-02-01,-0.4559,-0.8127,-0.2759,-0.7881,-0.6919,-0.6741,-0.7747,-0.6751,-0.6919
1974-03-01,-0.4075,-0.6632,-0.1751,-0.5809,-0.4719,-0.4841,-0.6007,-0.5284,-0.5284
1974-04-01,-0.3910,-0.6282,-0.1779,-0.5426,-0.5319,-0.4741,-0.5787,-0.5368,-0.5368
1974-05-01,-0.3518,-0.5751,-0.1346,-0.4724,-0.4619,-0.4041,-0.5117,-0.5565,-0.4724
1974-06-01,-0.3465,-0.6521,-0.1761,-0.4571,-0.4719,-0.4141,-0.4577,-0.5754,-0.4577
1974-07-01,-0.3791,-0.5899,-0.1844,-0.4763,-0.4519,-0.4041,-0.5107,-0.5856,-0.4763
1974-08-01,-0.3880,-0.6029,-0.2054,-0.3174,-0.3219,-0.3041,-0.3237,-0.5068,-0.3219
1974-09-01,-0.4105,-0.6357,-0.2009,-0.4319,-0.5019,-0.4641,-0.4957,-0.6752,-0.4957
1974-10-01,-0.4283,-0.6346,-0.2054,-0.4525,-0.4819,-0.4641,-0.5077,-0.6689,-0.4819
1974-11-01,-0.4581,-0.6753,-0.2478,-0.4639,-0.5019,-0.5141,-0.5517,-0.5943,-0.5141
1974-12-01,-0.4682,-0.7394,-0.2216,-0.5518,-0.5019,-0.5341,-0.5517,-0.5209,-0.5341
1975-01-01,-0.3961,-0.7322,-0.2168,-0.4351,-0.3219,-0.3941,-0.4507,-0.3706,-0.3941
1975-02-01,-0.3762,-0.5986,-0.1672,-0.3629,-0.3419,-0.3341,-0.3807,-0.3824,-0.3629
1975-03-01,-0.3804,-0.6096,-0.1806,-0.3502,-0.2919,-0.2841,-0.3727,-0.3448,-0.3448
1975-04-01,-0.3318,-0.5567,-0.1635,-0.3898,-0.3819,-0.3541,-0.3877,-0.4187,-0.3877
1975-05-01,-0.3318,-0.4954,-0.2005,-0.2876,-0.2619,-0.3041,-0.3097,-0.4522,-0.3041
1975-06-01,-0.3597,-0.5280,-0.1151,-0.4005,-0.4319,-0.3641,-0.4307,-0.5508,-0.4307
1975-07-01,-0.3697,-0.5119,-0.1689,-0.4449,-0.4319,-0.4141,-0.4547,-0.6146,-0.4449
1975-08-01,-0.3890,-0.5572,-0.1852,-0.5729,-0.5919,-0.5441,-0.6157,-0.7240,-0.5919
1975-09-01,-0.3951,-0.5531,-0.2198,-0.4801,-0.4419,-0.4141,-0.4947,-0.7209,-0.4801
1975-10-01,-0.4159,-0.6063,-0.2163,-0.4923,-0.5319,-0.5741,-0.5547,-0.7648,-0.5547
1975-11-01,-0.4421,-0.5893,-0.2314,-0.6019,-0.5919,-0.5941,-0.6807,-0.6697,-0.6019
1975-12-01,-0.4748,-0.6585,-0.2387,-0.5901,-0.5919,-0.5441,-0.5617,-0.5813,-0.5813
1976-01-01,-0.4229,-0.6824,-0.1678,-0.5094,-0.4519,-0.4541,-0.5247,-0.4602,-0.4602
1976-02-01,-0.4061,-0.7424,-0.1521,-0.5704,-0.4819,-0.4941,-0.6007,-0.6291,-0.5704
1976-03-01,-0.3527,-0.6601,-0.0088,-0.6772,-0.6419,-0.5941,-0.7417,-0.7474,-0.6772
1976-04-01,-0.3591,-0.6325,-0.0501,-0.5247,-0.4919,-0.4441,-0.5737,-0.5993,-0.5247
1976-05-01,-0.3674,-0.6458,-0.1368,-0.6997,-0.6219,-0.5941,-0.6997,-0.6983,-0.6983
1976-06-01,-0.3221,-0.5475,-0.1671,-0.5758,-0.5419,-0.4741,-0.5487,-0.5993,-0.5487
1976-07-01,-0.3336,-0.5966,-0.1028,-0.5131,-0.5219,-0.4041,-0.4757,-0.5425,-0.5131
1976-08-01,-0.3243,-0.5602,-0.1607,-0.5824,-0.5419,-0.4741,-0.5487,-0.6392,-0.5487
1976-09-01,-0.3949,-0.6302,-0.1473,-0.4931,-0.4819,-0.4141,-0.4687,-0.5784,-0.4819
1976-10-01,-0.3970,-0.5430,-0.1943,-0.6745,-0.6619,-0.6541,-0.6527,-0.8968,-0.6619
1976-11-01,-0.3940,-0.5882,-0.1962,-0.4763,-0.4819,-0.5041,-0.5087,-0.6140,-0.5041
1976-12-01,-0.4011,-0.6437,-0.1782,-0.3701,-0.3119,-0.3041,-0.3197,-0.4246,-0.3197
1977-01-01,-0.3768,-0.5862,-0.0840,-0.1893,-0.2319,-0.2141,-0.2077,-0.2662,-0.2141
1977-02-01,-0.3560,-0.5723,-0.2064,-0.2359,-0.1919,-0.2441,-0.2507,-0.3087,-0.2441
1977-03-01,-0.3385,-0.5354,-0.1370,-0.2650,-0.1819,-0.2141,-0.2937,-0.3113,-0.2650
1977-04-01,-0.3231,-0.4794,-0.1675,-0.2091,-0.1619,-0.1841,-0.2207,-0.2865,-0.2091
1977-05-01,-0.2852,-0.4511,-0.1557,-0.1167,-0.0919,-0.1441,-0.1387,-0.2370,-0.1387
1977-06-01,-0.2672,-0.4036,-0.1077,-0.1344,-0.1519,-0.1341,-0.1247,-0.2442,-0.1344
1977-07-01,-0.2739,-0.4779,-0.1038,-0.2017,-0.2219,-0.1841,-0.1967,-0.3256,-0.2017
1977-08-01,-0.2865,-0.4661,-0.1731,-0.2121,-0.2419,-0.2041,-0.1727,-0.3526,-0.2121
1977-09-01,-0.3082,-0.5021,-0.1107,-0.3453,-0.4019,-0.3141,-0.3417,-0.5266,-0.3453
1977-10-01,-0.3211,-0.4466,-0.1529,-0.3598,-0.3919,-0.3341,-0.3197,-0.5534,-0.3598
1977-11-01,-0.3331,-0.5005,-0.1045,-0.2228,-0.2619,-0.2141,-0.2547,-0.2776,-0.2547
1977-12-01,-0.3278,-0.5205,-0.1310,-0.3837,-0.3919,-0.3241,-0.3557,-0.2997,-0.3557
1978-01-01,-0.2853,-0.5052,-0.0748,-0.3075,-0.3619,-0.3041,-0.3747,-0.2841,-0.3075
1978-02-01,-0.3087,-0.5153,-0.1483,-0.2701,-0.3219,-0.2641,-0.3107,-0.3060,-0.3060
1978-03-01,-0.2843,-0.4436,-0.1369,-0.2851,-0.2319,-0.2041,-0.3217,-0.3071,-0.2851
1978-04-01,-0.2535,-0.4528,-0.0908,-0.2916,-0.2519,-0.2841,-0.3137,-0.3291,-0.2916
1978-05-01,-0.2387,-0.4176,-0.0934,-0.3303,-0.3319,-0.3141,-0.2987,-0.3138,-0.3141
1978-06-01,-0.2361,-0.3545,-0.0920,-0.3983,-0.4319,-0.3741,-0.4107,-0.4816,-0.4107
1978-07-01,-0.2611,-0.4145,-0.0957,-0.3294,-0.3819,-0.3041,-0.3017,-0.3738,-0.3294
1978-08-01,-0.2778,-0.4081,-0.1436,-0.5617,-0.5619,-0.4841,-0.5887,-0.6078,-0.5619
1978-09-01,-0.3114,-0.4138,-0.2081,-0.3080,-0.3619,-0.2741,-0.3417,-0.5658,-0.3417
1978-10-01,-0.3277,-0.5436,-0.2141,-0.4044,-0.3919,-0.3641,-0.4027,-0.5325,-0.4027
1978-11-01,-0.3537,-0.5129,-0.1886,-0.2510,-0.2919,-0.2341,-0.3027,-0.3214,-0.2919
1978-12-01,-0.3809,-0.6700,-0.1889,-0.3334,-0.3419,-0.2941,-0.3257,-0.2728,-0.3257
1979-01-01,-0.3631,-0.5850,-0.1770,-0.2966,-0.3419,-0.2541,-0.3287,-0.1504,-0.2966
1979-02-01,-0.3458,-0.5236,-0.1811,-0.5259,-0.5219,-0.4641,-0.5337,-0.4104,-0.5219
1979-03-01,-0.2976,-0.5595,-0.0714,-0.2817,-0.2319,-0.2541,-0.3017,-0.2206,-0.2541
1979-04-01,-0.2741,-0.4721,-0.1105,-0.2710,-0.2719,-0.3541,-0.3077,-0.2859,-0.2859
1979-05-01,-0.2594,-0.4988,-0.1220,-0.3705,-0.3919,-0.3041,-0.3657,-0.2688,-0.3657
1979-06-01,-0.2489,-0.4095,-0.0571,-0.2985,-0.2819,-0.2441,-0.3257,-0.2879,-0.2879
1979-07-01,-0.2707,-0.4839,-0.1617,-0.3284,-0.3819,-0.3241,-0.3857,-0.3832,-0.3819
1979-08-01,-0.2923,-0.5472,-0.1590,-0.2310,-0.2519,-0.2341,-0.2797,-0.2952,-0.2519
1979-09-01,-0.2774,-0.4366,-0.1217,-0.1740,-0.1719,-0.1541,-0.1947,-0.2574,-0.1740
1979-10-01,-0.3141,-0.4554,-0.1538,-0.2019,-0.1619,-0.1641,-0.1617,-0.2015,-0.1641
1979-11-01,-0.3483,-0.5672,-0.1938,-0.1397,-0.1419,-0.1441,-0.1857,-0.1787,-0.1441
1979-12-01,-0.3568,-0.5089,-0.1619,0.0396,0.0481,0.0759,0.0623,0.1097,0.0623
1980-01-01,-0.3348,-0.6768,-0.1453,-0.0961,-0.1219,-0.0841,-0.0887,-0.0278,-0.0887
1980-02-01,-0.3338,-0.6160,-0.1510,0.0100,-0.0319,0.0059,-0.0197,0.0196,0.0059
1980-03-01,-0.2723,-0.4518,-0.0690,-0.1347,-0.1319,-0.0841,-0.1137,-0.0110,-0.1137
1980-04-01,-0.2437,-0.4423,0.0299,-0.1143,-0.1319,-0.1141,-0.0487,0.0383,-0.1141
1980-05-01,-0.1954,-0.4074,0.1205,-0.1023,-0.0719,-0.0541,-0.0567,0.0866,-0.0567
1980-06-01,-0.1831,-0.3897,0.0968,-0.2186,-0.2219,-0.1741,-0.1857,-0.1098,-0.1857
1980-07-01,-0.2126,-0.4529,0.0230,-0.1427,-0.2019,-0.1441,-0.0947,-0.0949,-0.1427
1980-08-01,-0.2149,-0.3829,-0.0398,-0.1835,-0.2419,-0.1741,-0.1257,-0.1702,-0.1741
1980-09-01,-0.2427,-0.4445,-0.0432,-0.2228,-0.2219,-0.2041,-0.2087,-0.2489,-0.2219
1980-10-01,-0.2808,-0.4554,-0.0851,-0.2541,-0.2919,-0.2441,-0.2647,-0.2927,-0.2647
1980-11-01,-0.2783,-0.4661,-0.0681,-0.1413,-0.1319,-0.1641,-0.1837,-0.2237,-0.1641
1980-12-01,-0.2653,-0.4667,-0.0829,-0.2381,-0.2119,-0.1841,-0.2377,-0.2306,-0.2306
1981-01-01,-0.2266,-0.3977,0.0941,0.0973,0.1081,0.0959,0.0653,0.0976,0.0973
1981-02-01,-0.1848,-0.4581,0.1303,-0.0082,-0.0019,-0.0141,-0.0607,0.0278,-0.0082
1981-03-01,-0.1877,-0.4389,-0.0121,-0.0188,0.0581,0.0359,-0.0327,0.1022,0.0359
1981-04-01,-0.1919,-0.3995,-0.0173,-0.1513,-0.1019,-0.1041,-0.1537,0.0093,-0.1041
1981-05-01,-0.1629,-0.3368,0.0206,-0.2023,-0.1819,-0.1541,-0.2077,-0.0520,-0.1819
1981-06-01,-0.1685,-0.3718,-0.0373,-0.1043,-0.1319,-0.1341,-0.0777,-0.1053,-0.1053
1981-07-01,-0.2026,-0.3463,-0.0587,-0.0787,-0.1019,-0.1541,-0.0857,-0.1271,-0.1019
1981-08-01,-0.2227,-0.4135,-0.0632,-0.0381,-0.0719,-0.0941,-0.0557,-0.1220,-0.0719
1981-09-01,-0.2578,-0.4227,-0.1192,-0.2079,-0.2819,-0.2241,-0.1987,-0.2172,-0.2172
1981-10-01,-0.2394,-0.3794,-0.1014,-0.2932,-0.3019,-0.2041,-0.2387,-0.2558,-0.2558
1981-11-01,-0.3019,-0.5531,-0.1260,-0.1855,-0.1919,-0.1741,-0.2227,-0.2194,-0.1919
1981-12-01,-0.3050,-0.6576,-0.0764,0.0177,-0.0119,0.0159,0.0273,0.0070,0.0159
1982-01-01,-0.2360,-0.4723,-0.0491,-0.3782,-0.3719,-0.3341,-0.3577,-0.3055,-0.3577
1982-02-01,-0.2636,-0.4562,-0.0863,-0.2822,-0.2719,-0.2541,-0.3197,-0.2108,-0.2719
1982-03-01,-0.2498,-0.4458,-0.0432,-0.4850,-0.3919,-0.3841,-0.5067,-0.3714,-0.3919
1982-04-01,-0.2198,-0.4291,-0.0279,-0.3252,-0.2719,-0.2841,-0.3937,-0.3153,-0.3153
1982-05-01,-0.2253,-0.4538,-0.0888,-0.2576,-0.2419,-0.2441,-0.2767,-0.1941,-0.2441
1982-06-01,-0.2143,-0.3814,-0.0171,-0.3486,-0.3619,-0.3341,-0.3027,-0.2761,-0.3341
1982-07-01,-0.2184,-0.3971,-0.0573,-0.2712,-0.2819,-0.2241,-0.2577,-0.2236,-0.2577
1982-08-01,-0.2626,-0.4011,-0.0779,-0.3928,-0.3919,-0.3341,-0.3627,-0.3396,-0.3627
1982-09-01,-0.2644,-0.4233,-0.0146,-0.3328,-0.2819,-0.2641,-0.2907,-0.3467,-0.2907
1982-10-01,-0.3138,-0.5094,-0.0469,-0.3060,-0.2919,-0.2741,-0.2627,-0.3570,-0.2919
1982-11-01,-0.3282,-0.6087,-0.0020,-0.3173,-0.2419,-0.2941,-0.3307,-0.3151,-0.3151
1982-12-01,-0.3669,-0.6373,-0.0706,-0.0682,-0.0019,0.0059,-0.0427,0.0087,-0.0019
1983-01-01,-0.2785,-0.6061,0.1027,0.0128,0.1081,0.0459,-0.0127,0.1201,0.0459
1983-02-01,-0.2781,-0.5676,0.0651,-0.0121,0.0081,0.0259,-0.0417,0.0841,0.0081
1983-03-01,-0.2372,-0.5153,0.1367,-0.0994,-0.0019,-0.0241,-0.1037,0.0776,-0.0241
1983-04-01,-0.2867,-0.5545,0.0055,-0.1713,-0.1519,-0.1741,-0.1677,-0.0543,-0.1677
1983-05-01,-0.2481,-0.5157,0.0406,-0.1254,-0.0819,-0.0741,-0.0697,0.0447,-0.0741
1983-06-01,-0.2899,-0.5179,0.0099,-0.1816,-0.1919,-0.1641,-0.1637,-0.1219,-0.1641
1983-07-01,-0.3191,-0.5238,-0.0357,-0.2345,-0.2419,-0.2341,-0.2447,-0.2020,-0.2345
1983-08-01,-0.3188,-0.5598,-0.0791,-0.0646,-0.0619,-0.0841,-0.0917,-0.1356,-0.0841
1983-09-01,-0.3343,-0.4889,-0.1420,-0.0217,-0.0519,-0.0441,-0.0497,-0.0781,-0.0497
1983-10-01,-0.3602,-0.5925,-0.1458,-0.2332,-0.2519,-0.2141,-0.2527,-0.3123,-0.2519
1983-11-01,-0.3235,-0.5941,-0.0227,-0.1030,-0.1219,-0.0941,-0.1607,-0.1484,-0.1219
1983-12-01,-0.3617,-0.6252,-0.0784,-0.2527,-0.2619,-0.1941,-0.2427,-0.1821,-0.2427
1984-01-01,-0.3053,-0.4683,-0.0775,-0.1927,-0.1119,-0.1441,-0.2137,-0.1306,-0.1441
1984-02-01,-0.2612,-0.4812,-0.0118,-0.3211,-0.2819,-0.2441,-0.3367,-0.2895,-0.2895
1984-03-01,-0.2536,-0.4995,0.0764,-0.2004,-0.1619,-0.1541,-0.2057,-0.1269,-0.1619
1984-04-01,-0.2455,-0.4300,-0.0906,-0.3353,-0.3719,-0.3041,-0.3217,-0.2465,-0.3217
1984-05-01,-0.2166,-0.4051,-0.0214,-0.1323,-0.0919,-0.0841,-0.0987,-0.0369,-0.0919
1984-06-01,-0.2283,-0.4042,-0.0139,-0.3840,-0.4019,-0.3241,-0.3717,-0.3619,-0.3717
1984-07-01,-0.2708,-0.4592,-0.0851,-0.3235,-0.2319,-0.2641,-0.3557,-0.4173,-0.3235
1984-08-01,-0.2707,-0.4767,-0.1428,-0.2536,-0.2319,-0.2341,-0.2527,-0.3242,-0.2527
1984-09-01,-0.2548,-0.4239,-0.0949,-0.2212,-0.2119,-0.2041,-0.2287,-0.3672,-0.2212
1984-10-01,-0.3069,-0.5130,-0.1057,-0.3083,-0.2919,-0.2841,-0.2987,-0.3590,-0.2987
1984-11-01,-0.3238,-0.5772,-0.1576,-0.4054,-0.3619,-0.3741,-0.4287,-0.4470,-0.4054
1984-12-01,-0.3212,-0.5943,-0.1407,-0.5067,-0.4719,-0.4141,-0.4847,-0.3615,-0.4719
1985-01-01,-0.2983,-0.5588,-0.1117,-0.2325,-0.2019,-0.1541,-0.1977,-0.1511,-0.1977
1985-02-01,-0.2604,-0.4951,-0.0783,-0.4489,-0.4619,-0.3841,-0.4787,-0.4174,-0.4489
1985-03-01,-0.1990,-0.3876,-0.0539,-0.3066,-0.2519,-0.2141,-0.3197,-0.2649,-0.2649
1985-04-01,-0.1990,-0.3872,-0.0277,-0.3458,-0.3019,-0.3041,-0.3417,-0.2502,-0.3041
1985-05-01,-0.1976,-0.3513,-0.0378,-0.2827,-0.2819,-0.2341,-0.2897,-0.2589,-0.2819
1985-06-01,-0.1741,-0.3172,-0.0378,-0.2265,-0.2719,-0.2441,-0.2747,-0.3224,-0.2719
1985-07-01,-0.2262,-0.4300,-0.0612,-0.3713,-0.3819,-0.3941,-0.4117,-0.4211,-0.3941
1985-08-01,-0.2232,-0.4523,-0.0129,-0.2062,-0.2519,-0.2541,-0.2567,-0.2800,-0.2541
1985-09-01,-0.2425,-0.4205,-0.1066,-0.2299,-0.2919,-0.2641,-0.3307,-0.4019,-0.2919
1985-10-01,-0.2614,-0.4553,-0.1062,-0.3100,-0.3119,-0.2941,-0.2877,-0.4838,-0.3100
1985-11-01,-0.2751,-0.4582,-0.1200,-0.3322,-0.3719,-0.3441,-0.3857,-0.3882,-0.3719
1985-12-01,-0.2777,-0.5092,-0.1339,-0.2925,-0.2819,-0.2441,-0.2647,-0.3041,-0.2819
1986-01-01,-0.2184,-0.5114,0.0526,-0.2314,-0.1619,-0.1741,-0.2467,-0.1611,-0.1741
1986-02-01,-0.2197,-0.5474,-0.0799,-0.0417,-0.0519,-0.0241,-0.0547,-0.1010,-0.0519
1986-03-01,-0.1788,-0.4166,0.0130,-0.2135,-0.1219,-0.1041,-0.2307,-0.1469,-0.1469
1986-04-01,-0.1438,-0.3423,-0.0054,-0.2179,-0.2019,-0.1741,-0.0817,-0.0775,-0.1741
1986-05-01,-0.1383,-0.3705,0.0323,-0.2068,-0.2119,-0.1641,0.0183,-0.0913,-0.1641
1986-06-01,-0.1516,-0.3616,-0.0021,-0.3074,-0.3019,-0.2441,-0.3177,-0.3040,-0.3040
1986-07-01,-0.1654,-0.3691,0.0626,-0.3067,-0.3119,-0.2541,-0.3177,-0.3339,-0.3119
1986-08-01,-0.1830,-0.3953,-0.0027,-0.2572,-0.2719,-0.2341,-0.2627,-0.3230,-0.2627
1986-09-01,-0.1740,-0.3224,-0.0625,-0.3240,-0.3919,-0.2941,-0.3387,-0.4081,-0.3387
1986-10-01,-0.2011,-0.4252,-0.0307,-0.2949,-0.2719,-0.2641,-0.2707,-0.4307,-0.2719
1986-11-01,-0.2073,-0.3928,-0.0297,-0.3083,-0.3219,-0.2841,-0.3357,-0.2956,-0.3083
1986-12-01,-0.1874,-0.4492,0.0356,-0.3190,-0.2919,-0.2341,-0.2747,-0.2053,-0.2747
1987-01-01,-0.1635,-0.4545,0.0863,-0.1319,-0.1019,-0.0841,-0.1357,-0.0617,-0.1019
1987-02-01,-0.1048,-0.2874,0.0800,-0.0315,0.0081,-0.0441,-0.0677,-0.0119,-0.0315
1987-03-01,-0.1396,-0.3272,0.1097,-0.2462,-0.2419,-0.2141,-0.2947,-0.2155,-0.2419
1987-04-01,-0.0854,-0.3500,0.1893,-0.1600,-0.1819,-0.1541,-0.2187,-0.1117,-0.1600
1987-05-01,-0.0757,-0.2952,0.2714,-0.1829,-0.1719,-0.1241,-0.2057,-0.0947,-0.1719
1987-06-01,-0.0629,-0.2871,0.1675,-0.0844,-0.0719,-0.0841,-0.0527,-0.0473,-0.0719
1987-07-01,-0.1143,-0.3367,0.0560,-0.0020,-0.0219,0.0259,0.0273,0.0254,0.0254
1987-08-01,-0.1402,-0.3189,0.0027,-0.1372,-0.1719,-0.1341,-0.1157,-0.1566,-0.1372
1987-09-01,-0.1650,-0.3493,-0.0262,-0.0852,-0.0719,-0.0441,-0.0807,-0.1053,-0.0807
1987-10-01,-0.1893,-0.3754,-0.0007,-0.0776,-0.0919,-0.1041,-0.1277,-0.1831,-0.1041
1987-11-01,-0.1926,-0.3316,-0.0201,-0.1613,-0.1319,-0.1841,-0.2207,-0.1675,-0.1675
1987-12-01,-0.1990,-0.3590,-0.0808,0.0217,0.0381,0.0059,0.0353,0.1160,0.0353
1988-01-01,-0.1920,-0.4389,-0.0503,0.1083,0.1481,0.0859,0.0513,0.1404,0.1083
1988-02-01,-0.1720,-0.4827,0.0234,-0.0178,0.0181,0.0259,-0.0757,-0.0651,-0.0178
1988-03-01,-0.1364,-0.3546,0.0466,0.0358,0.0881,0.0759,-0.0277,0.0738,0.0738
1988-04-01,-0.1043,-0.3400,0.0790,-0.0231,-0.0019,-0.0041,-0.0117,0.0336,-0.0041
1988-05-01,-0.0909,-0.3017,0.0338,-0.0305,0.0181,0.0159,-0.0407,0.0755,0.0159
1988-06-01,-0.0995,-0.2672,0.0349,-0.0153,-0.0219,-0.0041,-0.0167,-0.0128,-0.0153
1988-07-01,-0.1190,-0.2671,0.0309,-0.0930,-0.0919,-0.0841,-0.0977,-0.0827,-0.0919
1988-08-01,-0.1112,-0.2956,-0.0072,-0.0906,-0.0319,-0.0341,-0.0227,-0.0523,-0.0341
1988-09-01,-0.1285,-0.3005,0.0203,-0.0917,-0.0519,-0.0641,-0.0587,-0.0684,-0.0641
1988-10-01,-0.1606,-0.3989,-0.0053,-0.0930,-0.0519,-0.0941,-0.0897,-0.1885,-0.0930
1988-11-01,-0.1383,-0.3703,0.1335,-0.3209,-0.3019,-0.2841,-0.3387,-0.3633,-0.3209
1988-12-01,-0.1286,-0.4264,0.1912,-0.1736,-0.1319,-0.1441,-0.1667,-0.1278,-0.1441
1989-01-01,-0.1266,-0.3810,0.0879,-0.3757,-0.3019,-0.3341,-0.4217,-0.3246,-0.3341
1989-02-01,-0.0929,-0.3314,0.0839,-0.1111,-0.1319,-0.1141,-0.1407,-0.0595,-0.1141
1989-03-01,-0.0990,-0.2921,0.0849,-0.1633,-0.0619,-0.1141,-0.1907,-0.0916,-0.1141
1989-04-01,-0.0797,-0.2943,0.0853,-0.1999,-0.1319,-0.1641,-0.1697,-0.0925,-0.1641
1989-05-01,-0.0699,-0.3634,0.1296,-0.3110,-0.2519,-0.2441,-0.3357,-0.2294,-0.2519
1989-06-01,-0.0714,-0.3396,0.0886,-0.2521,-0.2719,-0.2341,-0.2667,-0.2623,-0.2623
1989-07-01,-0.0676,-0.2556,0.1077,-0.0861,-0.0819,-0.1441,-0.1197,-0.1231,-0.1197
1989-08-01,-0.1053,-0.3488,0.0660,-0.0943,-0.0919,-0.1241,-0.1307,-0.2073,-0.1241
1989-09-01,-0.0912,-0.2908,0.0504,-0.0519,-0.0819,-0.0641,-0.1037,-0.1641,-0.0819
1989-10-01,-0.1188,-0.3425,0.0250,-0.0903,-0.1319,-0.1241,-0.1117,-0.2118,-0.1241
1989-11-01,-0.1333,-0.3240,-0.0063,-0.2361,-0.2219,-0.2741,-0.2777,-0.2843,-0.2741
1989-12-01,-0.1234,-0.3715,0.0782,-0.0662,-0.0519,-0.0241,-0.0287,0.0019,-0.0287
1990-01-01,-0.0958,-0.3112,0.1218,-0.0647,-0.0119,-0.0541,-0.0597,0.0413,-0.0541
1990-02-01,-0.0729,-0.2607,0.1327,-0.0714,0.0181,-0.0441,-0.0717,0.0024,-0.0441
1990-03-01,-0.0386,-0.3134,0.3468,0.2837,0.3781,0.2759,0.2573,0.3387,0.2837
1990-04-01,-0.0018,-0.1918,0.1764,0.1448,0.1381,0.1359,0.1433,0.1701,0.1433
1990-05-01,-0.0237,-0.2243,0.1703,0.0560,0.0281,0.0559,0.0673,0.1613,0.0560
1990-06-01,-0.0340,-0.3035,0.1279,-0.0341,-0.0519,-0.0641,-0.0347,-0.0405,-0.0405
1990-07-01,-0.0265,-0.2153,0.1773,0.0295,0.0381,-0.0341,0.0313,0.0364,0.0313
1990-08-01,-0.0498,-0.2288,0.1428,-0.0704,-0.0819,-0.0941,-0.0927,-0.0518,-0.0819
1990-09-01,-0.0406,-0.2440,0.1476,-0.1314,-0.1919,-0.1141,-0.1377,-0.1117,-0.1314
1990-10-01,-0.0653,-0.3476,0.1372,0.0351,0.0181,-0.0341,0.0203,0.0048,0.0181
1990-11-01,-0.0787,-0.2771,0.1571,0.0078,0.0381,-0.0441,-0.0227,0.0853,0.0078
1990-12-01,-0.0555,-0.2799,0.2404,-0.0613,-0.0219,-0.0241,-0.0217,0.0923,-0.0219
1991-01-01,-0.0503,-0.3362,0.1828,-0.0482,-0.0019,-0.0241,-0.0427,0.1057,-0.0241
1991-02-01,-0.0250,-0.2491,0.1496,0.0550,0.0781,0.0559,0.0493,0.1548,0.0559
1991-03-01,-0.0284,-0.2750,0.2284,-0.1039,-0.0719,-0.0641,-0.1097,0.0130,-0.0719
1991-04-01,-0.0025,-0.2371,0.1916,0.0876,0.0881,0.0859,0.0853,0.0997,0.0876
1991-05-01,0.0095,-0.1842,0.2002,-0.0369,-0.0819,-0.0041,-0.0237,0.0012,-0.0237
1991-06-01,-0.0097,-0.2172,0.1100,0.0839,0.1081,0.1059,0.1133,0.1718,0.1081
1991-07-01,-0.0658,-0.2504,0.0720,0.1186,0.0481,0.0459,0.0923,0.0667,0.0667
1991-08-01,-0.0801,-0.2716,0.0767,0.0167,-0.0319,-0.0241,0.0253,-0.0256,-0.0241
1991-09-01,-0.1068,-0.2917,0.0674,0.0026,0.0181,-0.0041,-0.0037,-0.0829,-0.0037
1991-10-01,-0.1449,-0.3365,0.0228,-0.0997,-0.1319,-0.1041,-0.0717,-0.1853,-0.1041
1991-11-01,-0.1961,-0.4220,0.0112,-0.0955,-0.1319,-0.1441,-0.1277,-0.1525,-0.1319
1991-12-01,-0.2135,-0.4600,0.1179,-0.1114,-0.1019,-0.1441,-0.0767,-0.0951,-0.1019
1992-01-01,-0.2191,-0.4038,-0.0033,0.0120,0.0481,0.0259,0.0293,0.0612,0.0293
1992-02-01,-0.2444,-0.4839,-0.0065,-0.0016,-0.0219,0.0059,-0.0267,0.0175,-0.0016
1992-03-01,-0.2439,-0.6114,-0.0241,-0.0395,0.0581,0.0459,-0.0097,0.0187,0.0187
1992-04-01,-0.2127,-0.5074,0.0781,-0.1891,-0.1519,-0.1541,-0.1537,-0.1971,-0.1541
1992-05-01,-0.2404,-0.5916,-0.0166,-0.1807,-0.1119,-0.1041,-0.1357,-0.1606,-0.1357
1992-06-01,-0.2316,-0.5508,0.0029,-0.1926,-0.1619,-0.1541,-0.1357,-0.1788,-0.1619
1992-07-01,-0.2458,-0.4635,-0.0235,-0.3418,-0.3319,-0.3041,-0.2867,-0.3472,-0.3319
1992-08-01,-0.2766,-0.4529,-0.0639,-0.3098,-0.3419,-0.3041,-0.2977,-0.3741,-0.3098
1992-09-01,-0.2723,-0.4884,-0.0682,-0.4404,-0.4319,-0.3841,-0.4297,-0.4902,-0.4319
1992-10-01,-0.2814,-0.5832,-0.0239,-0.3735,-0.3519,-0.3541,-0.3497,-0.4384,-0.3541
1992-11-01,-0.2989,-0.5503,0.0099,-0.3850,-0.3919,-0.3641,-0.4287,-0.4121,-0.3919
1992-12-01,-0.3115,-0.6804,-0.0764,-0.2544,-0.2119,-0.2341,-0.2257,-0.2214,-0.2257
1993-01-01,-0.2462,-0.4647,0.0102,-0.0877,-0.0819,-0.0841,-0.0757,-0.0362,-0.0819
1993-02-01,-0.2490,-0.5162,0.0352,-0.0705,-0.0519,-0.0341,-0.0387,-0.0311,-0.0387
1993-03-01,-0.1990,-0.4078,0.0332,-0.1117,-0.0619,-0.0641,-0.1117,-0.0978,-0.0978
1993-04-01,-0.1757,-0.5266,0.0246,-0.1533,-0.1419,-0.1341,-0.1407,-0.1034,-0.1407
1993-05-01,-0.1726,-0.4751,0.1206,-0.1535,-0.1419,-0.1441,-0.1397,-0.1173,-0.1419
1993-06-01,-0.1278,-0.3971,0.1351,-0.1839,-0.2019,-0.1441,-0.1187,-0.1586,-0.1586
1993-07-01,-0.1462,-0.3782,0.0889,-0.1891,-0.1719,-0.1941,-0.1587,-0.2360,-0.1891
1993-08-01,-0.1189,-0.3360,0.1240,-0.2664,-0.3119,-0.2341,-0.2237,-0.2704,-0.2664
1993-09-01,-0.1224,-0.3992,0.1624,-0.3040,-0.3119,-0.2441,-0.2667,-0.3977,-0.3040
1993-10-01,-0.1428,-0.3292,0.1467,-0.1972,-0.1919,-0.1741,-0.1627,-0.2671,-0.1919
1993-11-01,-0.1408,-0.3969,0.1226,-0.2844,-0.3919,-0.3341,-0.3307,-0.3368,-0.3341
1993-12-01,-0.1570,-0.4190,0.0334,-0.2020,-0.2419,-0.2041,-0.2237,-0.1109,-0.2041
1994-01-01,-0.1459,-0.4048,0.0649,-0.1526,-0.1619,-0.1741,-0.1957,-0.1242,-0.1619
1994-02-01,-0.1018,-0.3147,0.1225,-0.3423,-0.4019,-0.3741,-0.3727,-0.3589,-0.3727
1994-03-01,-0.1034,-0.3023,0.1399,-0.1111,-0.1319,-0.1141,-0.1277,-0.1526,-0.1277
1994-04-01,-0.0920,-0.2769,0.2785,-0.0988,-0.0119,-0.0541,-0.0577,-0.0582,-0.0577
1994-05-01,-0.0836,-0.2995,0.3244,-0.1464,-0.1419,-0.0841,-0.1227,-0.1706,-0.1419
1994-06-01,-0.0395,-0.2213,0.2740,-0.0327,0.0081,-0.0341,0.0033,-0.1101,-0.0327
1994-07-01,-0.0464,-0.2117,0.2369,-0.1674,-0.1219,-0.1141,-0.1177,-0.1607,-0.1219
1994-08-01,-0.0372,-0.2284,0.1871,-0.1769,-0.2119,-0.1641,-0.1967,-0.2702,-0.1967
1994-09-01,-0.0589,-0.2844,0.1189,-0.0797,-0.1119,-0.0741,-0.0627,-0.1199,-0.0797
1994-10-01,-0.0549,-0.2479,0.1548,-0.0029,-0.0019,-0.0041,0.0373,-0.1289,-0.0029
1994-11-01,-0.1025,-0.3348,0.1229,0.0050,0.0181,-0.0141,-0.0177,-0.0437,-0.0141
1994-12-01,-0.0885,-0.2382,0.0921,-0.1018,-0.0419,-0.0741,-0.0707,-0.0302,-0.0707
1995-01-01,-0.0723,-0.2640,0.1965,0.0663,0.0981,0.0759,0.0683,0.1424,0.0759
1995-02-01,-0.0600,-0.2110,0.2590,0.2885,0.3681,0.3059,0.3113,0.3427,0.3113
1995-03-01,-0.0439,-0.2225,0.2276,0.0062,0.0381,0.0559,0.0223,0.0301,0.0301
1995-04-01,-0.0095,-0.1257,0.1360,0.0712,0.0381,0.0459,0.0743,0.1030,0.0712
1995-05-01,-0.0013,-0.1109,0.1410,-0.0862,-0.1519,-0.0941,-0.0947,-0.0572,-0.0941
1995-06-01,-0.0083,-0.1519,0.1330,0.0300,0.0081,0.0359,0.1073,0.0579,0.0359
1995-07-01,-0.0170,-0.2063,0.1503,0.0927,0.0281,0.0759,0.1313,0.0101,0.0759
1995-08-01,-0.0315,-0.2344,0.1270,0.0420,0.0281,0.0759,0.1053,0.0071,0.0420
1995-09-01,-0.0329,-0.2443,0.1118,-0.0701,-0.0919,-0.0341,-0.0527,-0.0817,-0.0701
1995-10-01,-0.0657,-0.2368,0.1225,0.0315,0.0381,-0.0041,0.0983,-0.0319,0.0315
1995-11-01,-0.0894,-0.2888,0.0530,0.0225,0.0181,0.0059,0.0293,-0.0185,0.0181
1995-12-01,-0.0906,-0.2481,0.0434,-0.1778,-0.1619,-0.1341,-0.1197,-0.0985,-0.1341
1996-01-01,-0.0654,-0.2602,0.0793,-0.1353,-0.1819,-0.1541,-0.1337,-0.0880,-0.1353
1996-02-01,-0.0705,-0.2614,0.0774,0.1092,0.0381,0.0559,0.1153,0.0461,0.0559
1996-03-01,-0.0163,-0.2346,0.1590,-0.0674,-0.1019,-0.0441,-0.0407,-0.0445,-0.0445
1996-04-01,0.0107,-0.1703,0.2042,-0.1021,-0.0919,-0.0941,-0.0587,-0.1220,-0.0941
1996-05-01,-0.0010,-0.1604,0.1243,-0.1111,-0.1519,-0.0841,-0.1487,-0.1892,-0.1487
1996-06-01,0.0032,-0.0916,0.1355,-0.1315,-0.1619,-0.1441,-0.1517,-0.1719,-0.1517
1996-07-01,-0.0188,-0.1579,0.1133,-0.0223,-0.0619,-0.0441,-0.0357,-0.0924,-0.0441
1996-08-01,0.0070,-0.1498,0.1947,0.0064,0.0581,0.0059,0.0873,0.0025,0.0064
1996-09-01,-0.0196,-0.1856,0.1175,-0.1439,-0.1719,-0.1441,-0.1557,-0.2088,-0.1557
1996-10-01,-0.0214,-0.2152,0.1118,-0.2226,-0.2019,-0.2141,-0.2047,-0.2772,-0.2141
1996-11-01,-0.0281,-0.2399,0.1327,-0.0366,-0.0119,-0.0341,-0.0167,-0.0138,-0.0167
1996-12-01,-0.0377,-0.1544,0.1260,-0.0294,-0.0519,-0.0641,0.0043,-0.0041,-0.0294
1997-01-01,-0.0028,-0.1388,0.1444,-0.1027,-0.1019,-0.1641,-0.1207,-0.0979,-0.1027
1997-02-01,-0.0091,-0.1627,0.1750,-0.0567,-0.0219,-0.0741,-0.0527,-0.0369,-0.0527
1997-03-01,0.0203,-0.1215,0.1752,0.0424,0.0981,0.0859,0.0883,0.0955,0.0883
1997-04-01,0.0446,-0.1812,0.1843,0.0222,-0.0919,-0.0341,-0.0157,-0.1054,-0.0341
1997-05-01,0.0457,-0.1011,0.1984,-0.0344,-0.0819,-0.0341,-0.0427,-0.0746,-0.0427
1997-06-01,0.0660,-0.0820,0.1748,0.1415,0.1181,0.1459,0.1683,0.0639,0.1415
1997-07-01,0.0608,-0.1155,0.1707,-0.0021,-0.0819,-0.0241,-0.0197,-0.0581,-0.0241
1997-08-01,0.0499,-0.0761,0.1923,0.0588,-0.0119,0.0359,0.0243,-0.0200,0.0243
1997-09-01,0.0322,-0.2140,0.1962,0.1180,0.0981,0.1659,0.1173,0.0543,0.1173
1997-10-01,0.0345,-0.2336,0.3826,0.2217,0.1881,0.2059,0.2603,0.1101,0.2059
1997-11-01,0.0153,-0.1145,0.3203,0.2627,0.2181,0.1959,0.2603,0.1874,0.2181
1997-12-01,0.0287,-0.1895,0.3666,0.1725,0.1681,0.1359,0.2093,0.1941,0.1725
1998-01-01,0.0447,-0.2604,0.3297,0.2125,0.1581,0.1459,0.1593,0.2235,0.1593
1998-02-01,0.0366,-0.2002,0.4767,0.4463,0.4581,0.3659,0.4033,0.4316,0.4316
1998-03-01,0.0403,-0.1259,0.3291,0.2357,0.2081,0.1859,0.1903,0.2305,0.2081
1998-04-01,0.0601,-0.0933,0.2873,0.2978,0.2081,0.2859,0.3033,0.3433,0.2978
1998-05-01,0.0475,-0.1645,0.2794,0.2869,0.2581,0.2459,0.3023,0.3562,0.2869
1998-06-01,0.0722,-0.0375,0.2896,0.3179,0.3481,0.2659,0.3473,0.3272,0.3272
1998-07-01,0.0471,-0.1276,0.1837,0.3107,0.2381,0.2559,0.3223,0.2357,0.2559
1998-08-01,0.0477,-0.1117,0.1629,0.3025,0.2281,0.2859,0.3303,0.2555,0.2859
1998-09-01,0.0100,-0.1547,0.1259,0.0852,-0.0019,0.0659,0.0433,0.0662,0.0659
1998-10-01,0.0361,-0.1200,0.2208,0.0655,-0.0019,-0.0041,0.0303,-0.0147,-0.0019
1998-11-01,0.0027,-0.2315,0.1405,0.0306,0.0081,-0.0041,0.0153,-0.0333,0.0081
1998-12-01,0.0438,-0.1420,0.2425,0.1351,0.1181,0.1359,0.1683,0.1545,0.1359
1999-01-01,0.0477,-0.1746,0.2220,0.0370,0.0581,-0.0041,0.0193,0.0446,0.0370
1999-02-01,0.0628,-0.0980,0.2210,0.2498,0.2181,0.2159,0.2253,0.2295,0.2253
1999-03-01,0.0804,-0.1672,0.2144,-0.0946,-0.1019,-0.0741,-0.1027,-0.1249,-0.1019
1999-04-01,0.0757,-0.0887,0.2231,-0.0823,-0.1019,-0.0741,-0.0777,-0.0810,-0.0810
1999-05-01,0.0904,-0.1292,0.2791,-0.1038,-0.1619,-0.1141,-0.1267,-0.1193,-0.1193
1999-06-01,0.0871,-0.1516,0.2814,-0.0253,-0.0619,-0.0341,-0.0047,-0.0882,-0.0341
1999-07-01,0.0903,-0.1670,0.2577,-0.0380,-0.0419,-0.0541,-0.0437,-0.0881,-0.0437
1999-08-01,0.0785,-0.2390,0.2203,-0.0461,-0.1119,-0.0541,-0.0637,-0.1235,-0.0637
1999-09-01,0.1012,-0.2318,0.3027,-0.0736,-0.0319,0.0159,-0.0107,-0.0817,-0.0319
1999-10-01,0.1105,-0.1279,0.3584,-0.0421,-0.0819,-0.0841,-0.0217,-0.1384,-0.0819
1999-11-01,0.1156,-0.0990,0.3617,-0.0658,-0.0519,-0.0441,-0.0567,-0.0974,-0.0567
1999-12-01,0.1188,-0.0654,0.3420,-0.0356,-0.0219,0.0159,0.0143,0.0183,0.0143
2000-01-01,0.0943,-0.2071,0.3305,-0.1717,-0.1719,-0.1241,-0.1647,-0.1181,-0.1647
2000-02-01,0.0986,-0.1024,0.2317,0.1445,0.1281,0.1159,0.1013,0.1318,0.1281
2000-03-01,0.1046,-0.1233,0.3868,0.0924,0.1281,0.0859,0.0653,0.0474,0.0859
2000-04-01,0.1414,-0.0518,0.3224,0.1827,0.1381,0.1559,0.1303,0.1398,0.1398
2000-05-01,0.1355,-0.0120,0.3914,-0.0460,-0.0719,-0.0541,-0.0927,-0.0427,-0.0541
2000-06-01,0.1445,-0.0605,0.3161,0.0002,-0.0219,-0.0241,-0.0197,-0.1000,-0.0219
2000-07-01,0.1459,-0.0780,0.2905,-0.0193,-0.0319,-0.0241,-0.0517,-0.1238,-0.0319
2000-08-01,0.1275,0.0058,0.2436,0.0294,-0.0019,0.0059,0.0303,-0.0609,0.0059
2000-09-01,0.1099,-0.1094,0.2759,-0.0368,-0.0319,0.0159,0.0123,-0.1199,-0.0319
2000-10-01,0.1089,-0.1432,0.3831,-0.1546,-0.1519,-0.1341,-0.1197,-0.2327,-0.1519
2000-11-01,0.0923,-0.1737,0.3561,-0.1038,-0.1219,-0.1241,-0.1017,-0.1409,-0.1219
2000-12-01,0.0952,-0.1490,0.3340,-0.1476,-0.1419,-0.1441,-0.1217,-0.1004,-0.1419
2001-01-01,0.0971,-0.1030,0.3336,0.0122,0.0281,0.0059,0.0233,0.0417,0.0233
2001-02-01,0.0608,-0.1523,0.2313,0.0399,0.0181,0.0059,0.0043,-0.0053,0.0059
2001-03-01,0.0989,-0.1217,0.2696,0.1672,0.1281,0.1159,0.1193,0.1067,0.1193
2001-04-01,0.1163,-0.1115,0.2545,0.0991,0.0781,0.0859,0.1103,0.0691,0.0859
2001-05-01,0.1522,-0.0066,0.3049,0.1381,0.1481,0.1259,0.1233,0.1321,0.1321
2001-06-01,0.1461,0.0055,0.2891,0.0979,0.0981,0.1059,0.1163,0.0330,0.0981
2001-07-01,0.1501,-0.0360,0.3427,0.1623,0.1681,0.1559,0.1533,0.0935,0.1559
2001-08-01,0.1305,-0.0580,0.3663,0.1547,0.0581,0.0959,0.1103,0.0631,0.0959
2001-09-01,0.1459,-0.0175,0.2834,0.1445,0.0881,0.1159,0.1123,0.0407,0.1123
2001-10-01,0.1352,-0.0336,0.3450,0.1165,0.0781,0.0459,0.1123,0.0570,0.0781
2001-11-01,0.1245,-0.0885,0.3739,0.3413,0.2981,0.2459,0.2713,0.3053,0.2981
2001-12-01,0.0972,-0.1724,0.2521,0.1909,0.1281,0.1559,0.2033,0.2720,0.1909
2002-01-01,0.1253,-0.1267,0.4375,0.2953,0.3481,0.2459,0.2763,0.3667,0.2953
2002-02-01,0.1529,-0.1864,0.4280,0.2894,0.3581,0.2259,0.2323,0.2694,0.2694
2002-03-01,0.1755,-0.0406,0.3653,0.4418,0.4581,0.3959,0.4293,0.4569,0.4418
2002-04-01,0.1551,-0.0770,0.3664,0.2125,0.1581,0.0959,0.1733,0.1589,0.1589
2002-05-01,0.1643,0.0512,0.3206,0.1524,0.2181,0.1859,0.2223,0.2579,0.2181
2002-06-01,0.1734,0.0911,0.3190,0.0986,0.1081,0.1259,0.1753,0.1671,0.1259
2002-07-01,0.1438,0.0509,0.2363,0.2221,0.1881,0.1859,0.2073,0.1478,0.1881
2002-08-01,0.1261,-0.0142,0.2306,0.1511,0.1081,0.1159,0.1293,0.0675,0.1159
2002-09-01,0.1392,-0.0053,0.2993,0.1540,0.2181,0.1359,0.2053,0.1241,0.1540
2002-10-01,0.1427,-0.0479,0.3681,0.1519,0.1181,0.1359,0.1763,0.0820,0.1359
2002-11-01,0.1235,-0.0799,0.3214,0.1431,0.1681,0.1359,0.1533,0.1510,0.1510
2002-12-01,0.1185,-0.1007,0.3222,-0.0033,0.0181,0.0559,0.1073,0.1197,0.0559
2003-01-01,0.1194,-0.1142,0.3204,0.3064,0.3181,0.2559,0.3103,0.3780,0.3103
2003-02-01,0.1916,-0.0214,0.5808,0.1360,0.1581,0.1759,0.1303,0.1899,0.1581
2003-03-01,0.2224,-0.0818,0.6290,0.1290,0.1781,0.1359,0.1063,0.0998,0.1290
2003-04-01,0.2149,0.0246,0.4462,0.1200,0.1281,0.1359,0.1203,0.1024,0.1203
2003-05-01,0.2022,-0.0085,0.4458,0.1694,0.1781,0.1459,0.1623,0.1642,0.1642
2003-06-01,0.2232,0.0218,0.4652,0.0749,0.0581,0.0459,0.0493,0.0052,0.0493
2003-07-01,0.2132,-0.0150,0.4600,0.1367,0.1581,0.1159,0.1243,0.0667,0.1243
2003-08-01,0.1912,-0.0113,0.3654,0.2662,0.2181,0.1959,0.2403,0.1599,0.2181
2003-09-01,0.1726,-0.0116,0.3751,0.2246,0.1981,0.2259,0.2663,0.1926,0.2246
2003-10-01,0.1818,-0.0221,0.3772,0.3082,0.2981,0.2859,0.3453,0.2671,0.2981
2003-11-01,0.2050,0.0026,0.5524,0.1452,0.1081,0.1259,0.1293,0.1684,0.1293
2003-12-01,0.1655,-0.0242,0.4704,0.3060,0.3281,0.2859,0.3373,0.4192,0.3281
2004-01-01,0.2088,-0.0031,0.5266,0.1561,0.1581,0.1659,0.1663,0.2297,0.1659
2004-02-01,0.2083,-0.0168,0.6030,0.2838,0.2981,0.2559,0.2723,0.2952,0.2838
2004-03-01,0.2239,0.0109,0.5099,0.1737,0.2081,0.2159,0.1693,0.2547,0.2081
2004-04-01,0.2289,0.0151,0.4618,0.1708,0.1881,0.1559,0.1893,0.2081,0.1881
2004-05-01,0.2129,0.0163,0.5614,0.0026,-0.0519,-0.0341,-0.0647,-0.0324,-0.0341
2004-06-01,0.2187,0.0456,0.4414,-0.0362,0.0181,-0.0141,0.0233,0.0506,0.0181
2004-07-01,0.1926,0.0542,0.2880,-0.1084,-0.1619,-0.0741,-0.1067,-0.1619,-0.1084
2004-08-01,0.1992,0.0242,0.4117,0.1145,0.0281,0.0559,0.0453,-0.0476,0.0453
2004-09-01,0.1959,0.0153,0.3871,0.1159,0.0781,0.1059,0.1313,0.0789,0.1059
2004-10-01,0.1731,-0.0682,0.4572,0.1726,0.1881,0.1759,0.2183,0.1697,0.1759
2004-11-01,0.1697,-0.1182,0.3638,0.3015,0.3081,0.2559,0.2623,0.2769,0.2769
2004-12-01,0.1615,-0.0431,0.2850,0.0654,0.0781,0.0859,0.0873,0.1462,0.0859
2005-01-01,0.1593,-0.1727,0.4526,0.2979,0.3281,0.3359,0.3133,0.4190,0.3281
2005-02-01,0.1300,-0.1600,0.3978,0.1825,0.1781,0.1859,0.2213,0.2834,0.1859
2005-03-01,0.1567,-0.1065,0.3906,0.2950,0.3181,0.2959,0.3083,0.3544,0.3083
2005-04-01,0.1683,-0.1356,0.3472,0.2809,0.2481,0.2359,0.2723,0.2930,0.2723
2005-05-01,0.2149,-0.0451,0.4206,0.2048,0.2081,0.1959,0.2193,0.2475,0.2081
2005-06-01,0.2206,0.0464,0.3703,0.2223,0.2281,0.2159,0.2743,0.2204,0.2223
2005-07-01,0.1862,-0.0441,0.3664,0.2084,0.1881,0.1659,0.2383,0.1992,0.1992
2005-08-01,0.2159,-0.0073,0.4213,0.2371,0.1781,0.1459,0.2293,0.1437,0.1781
2005-09-01,0.2295,-0.0347,0.4584,0.2860,0.2981,0.2559,0.2923,0.2485,0.2860
2005-10-01,0.2199,-0.0428,0.5298,0.3353,0.3381,0.2859,0.3953,0.3347,0.3353
2005-11-01,0.2001,-0.0407,0.4645,0.2910,0.3181,0.3059,0.3213,0.3372,0.3181
2005-12-01,0.2121,-0.0130,0.5786,0.2498,0.2581,0.2759,0.3163,0.3430,0.2759
2006-01-01,0.2690,0.0286,0.5346,0.1496,0.1381,0.1659,0.1663,0.2277,0.1659
2006-02-01,0.2379,0.0237,0.4723,0.2909,0.3181,0.3159,0.3353,0.3668,0.3181
2006-03-01,0.2525,-0.0051,0.4608,0.1865,0.2081,0.2159,0.2153,0.2545,0.2153
2006-04-01,0.2601,0.0772,0.5524,0.1311,0.0481,0.1059,0.1143,0.1526,0.1143
2006-05-01,0.2558,0.0661,0.5484,0.1190,0.0581,0.1159,0.0843,0.1063,0.1063
2006-06-01,0.2463,0.0475,0.5066,0.2251,0.2481,0.1859,0.2503,0.2251,0.2251
2006-07-01,0.2215,0.0708,0.4381,0.1310,0.1181,0.1159,0.1233,0.1172,0.1181
2006-08-01,0.2269,0.0603,0.4404,0.2861,0.2881,0.2559,0.2823,0.1850,0.2823
2006-09-01,0.2235,0.0220,0.4619,0.2002,0.2381,0.2159,0.2053,0.1671,0.2053
2006-10-01,0.2217,-0.0143,0.5161,0.2647,0.2881,0.2359,0.2933,0.3009,0.2881
2006-11-01,0.2374,-0.0723,0.5506,0.3100,0.3181,0.2359,0.2743,0.3068,0.3068
2006-12-01,0.2304,-0.0097,0.4908,0.3648,0.3681,0.3359,0.3903,0.4372,0.3681
2007-01-01,0.2476,0.0700,0.5616,0.5439,0.5881,0.4559,0.5133,0.6347,0.5439
2007-02-01,0.2197,-0.0416,0.5378,0.2853,0.2781,0.2659,0.2983,0.3654,0.2853
2007-03-01,0.2455,0.0231,0.5713,0.2379,0.2981,0.2459,0.2253,0.2665,0.2459
2007-04-01,0.2693,-0.0283,0.5380,0.3728,0.3481,0.3359,0.3773,0.3962,0.3728
2007-05-01,0.2671,0.0289,0.5226,0.2273,0.2681,0.1959,0.2233,0.2618,0.2273
2007-06-01,0.2823,0.0429,0.5315,0.1520,0.1881,0.1459,0.1803,0.1202,0.1520
2007-07-01,0.2768,0.0362,0.4921,0.2147,0.1781,0.1559,0.2133,0.1203,0.1781
2007-08-01,0.2757,0.0194,0.4815,0.2346,0.1781,0.1259,0.1433,0.0952,0.1433
2007-09-01,0.2917,0.0607,0.5150,0.1616,0.1881,0.1659,0.0963,0.0290,0.1616
2007-10-01,0.3390,0.0795,0.5999,0.2087,0.1681,0.1559,0.2153,0.1489,0.1681
2007-11-01,0.3325,0.0678,0.5631,0.1836,0.1681,0.1259,0.1383,0.1670,0.1670
2007-12-01,0.3166,0.0330,0.6805,0.0669,0.0781,0.0359,0.0693,0.1527,0.0693
2008-01-01,0.3300,0.0552,0.6407,-0.1411,-0.1219,-0.1741,-0.1797,-0.0565,-0.1411
2008-02-01,0.3143,-0.0365,0.6823,-0.0844,-0.0419,-0.1041,-0.1217,-0.0525,-0.0844
2008-03-01,0.3312,0.1149,0.6419,0.2586,0.3281,0.2759,0.2023,0.2847,0.2759
2008-04-01,0.3477,0.1603,0.5842,0.0959,0.1181,0.0759,0.0913,0.0958,0.0958
2008-05-01,0.3680,0.1928,0.5805,0.0830,0.0781,0.0759,0.0783,0.0729,0.0781
2008-06-01,0.3353,0.1947,0.5683,0.0328,0.0781,0.0359,0.0613,-0.0544,0.0359
2008-07-01,0.3324,0.1923,0.5421,0.1862,0.1781,0.1459,0.1723,0.0904,0.1723
2008-08-01,0.3003,0.1683,0.4917,0.1070,0.0281,0.0959,0.1183,0.0350,0.0959
2008-09-01,0.3066,0.1462,0.5191,0.2004,0.1881,0.1659,0.1603,0.0889,0.1659
2008-10-01,0.2857,0.0909,0.4280,0.2448,0.2481,0.2359,0.2523,0.2002,0.2448
2008-11-01,0.3140,0.1425,0.4742,0.2727,0.2781,0.2559,0.2323,0.2572,0.2572
2008-12-01,0.2371,0.0273,0.4390,0.1175,0.1181,0.1559,0.1283,0.1980,0.1283
2009-01-01,0.2531,0.0197,0.5047,0.2357,0.2281,0.2459,0.2343,0.3312,0.2357
2009-02-01,0.2948,0.0460,0.5524,0.1125,0.1081,0.1059,0.1263,0.2426,0.1125
2009-03-01,0.2574,0.0039,0.5015,0.0945,0.1081,0.0959,0.0483,0.1447,0.0959
2009-04-01,0.2654,0.0391,0.4948,0.1760,0.1881,0.1259,0.1403,0.1624,0.1624
2009-05-01,0.2985,0.1125,0.5316,0.2029,0.2281,0.1859,0.1713,0.1739,0.1859
2009-06-01,0.3053,0.1563,0.4627,0.2757,0.2181,0.2459,0.2723,0.1483,0.2459
2009-07-01,0.2991,0.1068,0.5268,0.3314,0.3181,0.2859,0.3533,0.2516,0.3181
2009-08-01,0.2961,0.1117,0.5919,0.2741,0.2681,0.2559,0.2643,0.1592,0.2643
2009-09-01,0.3066,0.1447,0.5236,0.3320,0.2981,0.3159,0.2673,0.2226,0.2981
2009-10-01,0.2862,0.0829,0.5293,0.2727,0.2281,0.2459,0.2873,0.2430,0.2459
2009-11-01,0.2858,0.1164,0.5075,0.3488,0.3781,0.3159,0.3433,0.3466,0.3466
2009-12-01,0.2689,-0.0318,0.5128,0.2870,0.2481,0.2659,0.3083,0.3099,0.2870
2010-01-01,0.2723,0.0186,0.5746,0.3616,0.3281,0.3159,0.3543,0.4652,0.3543
2010-02-01,0.2930,0.0584,0.6246,0.4344,0.4181,0.3859,0.4303,0.4995,0.4303
2010-03-01,0.2759,-0.0034,0.5985,0.5067,0.4981,0.4559,0.4403,0.5348,0.4981
2010-04-01,0.2921,0.0906,0.5817,0.4744,0.4281,0.4259,0.4683,0.4749,0.4683
2010-05-01,0.2995,0.0921,0.5480,0.3630,0.3281,0.3359,0.3303,0.3762,0.3359
2010-06-01,0.2938,0.0768,0.4755,0.2983,0.2581,0.2559,0.2693,0.2305,0.2581
2010-07-01,0.2845,0.0362,0.5004,0.2664,0.2081,0.2159,0.2203,0.1659,0.2159
2010-08-01,0.2864,0.0348,0.5108,0.2642,0.2481,0.2059,0.2553,0.1602,0.2481
2010-09-01,0.2982,-0.0022,0.6122,0.2154,0.2081,0.2059,0.2153,0.2178,0.2153
2010-10-01,0.2858,0.0431,0.6798,0.2939,0.2881,0.2459,0.3223,0.2793,0.2881
2010-11-01,0.2547,-0.0623,0.4709,0.3836,0.3981,0.3359,0.3213,0.3395,0.3395
2010-12-01,0.2732,-0.1028,0.4896,0.0852,0.0281,0.0759,0.1083,0.1401,0.0852
2011-01-01,0.3207,0.0358,0.6795,0.1072,0.0981,0.1259,0.1203,0.1811,0.1203
2011-02-01,0.3100,0.0234,0.7189,0.0784,0.0481,0.0859,0.0973,0.1013,0.0859
2011-03-01,0.3048,0.1168,0.5760,0.2042,0.2281,0.2159,0.1983,0.2073,0.2073
2011-04-01,0.3234,0.1049,0.6995,0.2463,0.2181,0.2259,0.2273,0.2360,0.2273
2011-05-01,0.3087,0.1134,0.6424,0.0933,0.1081,0.1159,0.0963,0.1361,0.1081
2011-06-01,0.2999,0.1239,0.5924,0.1967,0.1981,0.1759,0.2323,0.1643,0.1967
2011-07-01,0.2943,0.0981,0.5417,0.2946,0.2881,0.2559,0.3153,0.2570,0.2881
2011-08-01,0.3296,0.1225,0.5496,0.3061,0.3281,0.2559,0.3053,0.2248,0.3053
2011-09-01,0.3462,0.2091,0.5886,0.1911,0.1381,0.1859,0.1513,0.1662,0.1662
2011-10-01,0.3471,0.1669,0.5536,0.2296,0.2281,0.2159,0.2393,0.1926,0.2281
2011-11-01,0.3329,0.0561,0.6470,0.1621,0.1681,0.1159,0.1233,0.1110,0.1233
2011-12-01,0.3133,0.0540,0.7356,0.1450,0.1781,0.1559,0.1463,0.2038,0.1559
2012-01-01,0.3404,0.1181,0.5956,0.0200,0.0481,0.0659,-0.0017,0.1059,0.0481
2012-02-01,0.3790,0.1749,0.6315,0.1109,0.0581,0.0859,0.0573,0.0892,0.0859
2012-03-01,0.3827,0.1108,0.6685,0.0712,0.1481,0.0959,0.0403,0.1297,0.0959
2012-04-01,0.3730,0.1761,0.6540,0.2587,0.3081,0.2759,0.2683,0.2767,0.2759
2012-05-01,0.4031,0.2266,0.7179,0.3068,0.3581,0.3059,0.3203,0.3514,0.3203
2012-06-01,0.3883,0.2271,0.5949,0.2804,0.2281,0.2559,0.2953,0.2634,0.2634
2012-07-01,0.3678,0.1117,0.6403,0.2212,0.1681,0.1859,0.1563,0.1542,0.1681
2012-08-01,0.3644,0.1315,0.6181,0.3004,0.2381,0.2259,0.2513,0.1903,0.2381
2012-09-01,0.3706,0.1352,0.6170,0.2904,0.2981,0.2959,0.2793,0.2317,0.2904
2012-10-01,0.3822,0.1665,0.6677,0.3791,0.3781,0.3359,0.4123,0.3822,0.3791
2012-11-01,0.3774,0.1208,0.6578,0.3710,0.3581,0.3159,0.3453,0.4016,0.3581
2012-12-01,0.4201,0.1789,0.7330,0.1111,0.1081,0.0859,0.1393,0.2098,0.1111
2013-01-01,0.4012,0.1778,0.6104,0.2577,0.2881,0.2559,0.2533,0.4183,0.2577
2013-02-01,0.3728,0.1990,0.5852,0.1742,0.1981,0.1659,0.1613,0.2931,0.1742
2013-03-01,0.4056,0.1432,0.6064,0.2312,0.2481,0.2059,0.1743,0.2897,0.2312
2013-04-01,0.4019,0.1951,0.5851,0.2210,0.1081,0.1559,0.1503,0.1861,0.1559
2013-05-01,0.3723,0.1696,0.6089,0.2064,0.1781,0.2259,0.1883,0.1993,0.1993
2013-06-01,0.3842,0.2173,0.6192,0.3117,0.2781,0.2759,0.2693,0.2513,0.2759
2013-07-01,0.3585,0.2120,0.5985,0.2401,0.1781,0.1759,0.1643,0.0888,0.1759
2013-08-01,0.3705,0.1635,0.6263,0.2915,0.2881,0.2459,0.2573,0.1686,0.2573
2013-09-01,0.3760,0.1566,0.5591,0.3743,0.3481,0.3159,0.3273,0.2886,0.3273
2013-10-01,0.3878,0.1675,0.5916,0.3031,0.2681,0.2259,0.2313,0.2143,0.2313
2013-11-01,0.3566,0.1546,0.6010,0.4201,0.4081,0.3559,0.3653,0.3554,0.3653
2013-12-01,0.3547,0.0996,0.5899,0.2557,0.2781,0.2659,0.2703,0.3685,0.2703
2014-01-01,0.3695,0.1719,0.6683,0.3198,0.3381,0.3259,0.3053,0.3985,0.3259
2014-02-01,0.3677,0.1715,0.5933,0.1384,0.1281,0.1459,0.1253,0.1817,0.1384
2014-03-01,0.3391,0.1230,0.6016,0.3359,0.3581,0.3659,0.2873,0.3565,0.3565
2014-04-01,0.3911,0.1798,0.6654,0.3849,0.3881,0.3459,0.3393,0.3320,0.3459
2014-05-01,0.4092,0.1878,0.6412,0.3833,0.4381,0.3859,0.3623,0.3612,0.3833
2014-06-01,0.4112,0.2483,0.6000,0.2691,0.2481,0.2759,0.2223,0.2161,0.2481
2014-07-01,0.3876,0.2658,0.5800,0.2366,0.1581,0.1959,0.1783,0.1796,0.1796
2014-08-01,0.3720,0.2121,0.5870,0.3838,0.4181,0.3759,0.3683,0.2499,0.3759
2014-09-01,0.4070,0.2159,0.6007,0.4160,0.4581,0.3759,0.3833,0.3032,0.3833
2014-10-01,0.3953,0.1838,0.5866,0.3931,0.3781,0.3359,0.3913,0.3265,0.3781
2014-11-01,0.3781,0.1271,0.5503,0.2838,0.2481,0.2259,0.2133,0.2568,0.2481
2014-12-01,0.3989,0.1620,0.5969,0.3328,0.3681,0.3659,0.3433,0.4300,0.3659
2015-01-01,0.4136,0.1916,0.6393,0.3874,0.4381,0.3859,0.3773,0.4641,0.3874
2015-02-01,0.3663,0.2011,0.5478,0.4282,0.4881,0.4259,0.4163,0.4761,0.4282
2015-03-01,0.3724,0.0976,0.5871,0.4426,0.5381,0.4859,0.4173,0.4945,0.4859
2015-04-01,0.4203,0.2367,0.6185,0.3395,0.3281,0.3659,0.3393,0.2789,0.3393
2015-05-01,0.4253,0.2318,0.6413,0.3811,0.3781,0.3659,0.3793,0.3546,0.3781
2015-06-01,0.4262,0.2467,0.6244,0.4071,0.3881,0.4059,0.3763,0.3302,0.3881
2015-07-01,0.4252,0.2983,0.6227,0.3648,0.3081,0.3259,0.3673,0.2675,0.3259
2015-08-01,0.4301,0.2207,0.6095,0.4546,0.3781,0.3759,0.4423,0.3562,0.3781
2015-09-01,0.4181,0.2602,0.6073,0.4731,0.4081,0.4659,0.4413,0.3857,0.4413
2015-10-01,0.4294,0.2298,0.6207,0.6689,0.6581,0.6059,0.6443,0.6042,0.6443
2015-11-01,0.4182,0.2211,0.7009,0.6407,0.6381,0.5859,0.5783,0.5915,0.5915
2015-12-01,0.4096,0.2160,0.6416,0.6903,0.7481,0.6659,0.7243,0.7810,0.7243
2016-01-01,0.4377,0.2040,0.6536,0.7346,0.7581,0.7359,0.7403,0.8225,0.7403
2016-02-01,0.4225,0.2320,0.7362,0.8713,0.9381,0.8859,0.8473,0.9559,0.8859
2016-03-01,0.4537,0.1594,0.7709,0.8316,0.9281,0.8859,0.8213,0.8917,0.8859
2016-04-01,0.4755,0.2215,0.7806,0.6783,0.6681,0.6759,0.6663,0.7519,0.6759
2016-05-01,0.4688,0.2272,0.7402,0.5287,0.5381,0.5059,0.5453,0.5932,0.5381
2016-06-01,0.4504,0.2516,0.7555,0.4244,0.3781,0.3959,0.4333,0.4052,0.4052
2016-07-01,0.4439,0.2412,0.7377,0.4164,0.4181,0.4159,0.4703,0.4744,0.4181
2016-08-01,0.4394,0.2909,0.7130,0.5949,0.5981,0.5459,0.5913,0.5151,0.5913
2016-09-01,0.4348,0.2644,0.7006,0.4922,0.4781,0.5059,0.4933,0.4765,0.4922
2016-10-01,0.4475,0.2652,0.6927,0.4669,0.4481,0.4159,0.5223,0.5046,0.4669
2016-11-01,0.4035,0.2276,0.6714,0.4942,0.4881,0.4859,0.5173,0.6104,0.4942
2016-12-01,0.4461,0.3121,0.6984,0.4274,0.4381,0.4659,0.4953,0.5770,0.4659
2017-01-01,0.4297,0.1140,0.7677,0.6022,0.5981,0.6159,0.5973,0.6750,0.6022
2017-02-01,0.4502,0.2106,0.6966,0.7175,0.7081,0.6859,0.6973,0.7768,0.7081
2017-03-01,0.4515,0.1289,0.7050,0.6997,0.7381,0.6859,0.7233,0.7654,0.7233
2017-04-01,0.4634,0.2054,0.8155,0.4905,0.5081,0.5159,0.5143,0.5506,0.5143
2017-05-01,0.4766,0.2685,0.8158,0.4307,0.4881,0.4759,0.4983,0.5504,0.4881
2017-06-01,0.4764,0.2088,0.7214,0.3050,0.2881,0.3459,0.3253,0.3457,0.3253
2017-07-01,0.4966,0.2882,0.8350,0.4487,0.3981,0.4159,0.4023,0.3795,0.4023
2017-08-01,0.4625,0.2093,0.7948,0.4572,0.4481,0.4459,0.4393,0.4098,0.4459
2017-09-01,0.4461,0.2171,0.7806,0.3780,0.3181,0.4359,0.3443,0.3984,0.3780
2017-10-01,0.4438,0.1979,0.7606,0.4594,0.4581,0.4759,0.4703,0.5223,0.4703
2017-11-01,0.4425,0.2389,0.7058,0.4500,0.4481,0.4559,0.4023,0.4537,0.4500
2017-12-01,0.4275,0.1867,0.8165,0.4617,0.5081,0.5359,0.4853,0.6135,0.5081
2018-01-01,0.4820,0.0780,1.0119,0.3626,0.3981,0.4259,0.3783,0.5122,0.3981
2018-02-01,0.4973,0.2623,0.9152,0.4316,0.4281,0.4859,0.4243,0.5400,0.4316
2018-03-01,0.4506,0.1964,0.8268,0.4309,0.4581,0.4659,0.4213,0.5391,0.4581
2018-04-01,0.4579,0.1695,0.8816,0.4661,0.4581,0.4759,0.4653,0.5276,0.4661
2018-05-01,0.4480,0.1193,0.7701,0.3566,0.3881,0.4259,0.3753,0.4297,0.3881
2018-06-01,0.4677,0.1692,0.7958,0.3820,0.3481,0.3759,0.3743,0.3689,0.3743
2018-07-01,0.4573,0.1319,0.8421,0.3795,0.4081,0.3959,0.4103,0.3922,0.3959
2018-08-01,0.4455,0.1634,0.7428,0.3888,0.3581,0.3759,0.3833,0.3223,0.3759
2018-09-01,0.4281,0.1973,0.7206,0.3318,0.3781,0.3859,0.3393,0.3183,0.3393
2018-10-01,0.4321,0.2320,0.7562,0.5135,0.5981,0.5759,0.5383,0.5176,0.5383
2018-11-01,0.4314,0.1837,0.7659,0.3872,0.4081,0.4159,0.3803,0.4440,0.4081
2018-12-01,0.4405,0.1960,0.7016,0.4709,0.4981,0.5259,0.5003,0.5725,0.5003
2019-01-01,0.4611,0.2323,0.7796,0.4685,0.5081,0.5159,0.4543,0.5559,0.5081
2019-02-01,0.4759,0.2730,0.8553,0.4898,0.5281,0.4959,0.4883,0.5858,0.4959
2019-03-01,0.4765,0.2562,0.9388,0.7322,0.7481,0.7359,0.7003,0.7740,0.7359
2019-04-01,0.4786,0.2618,0.8617,0.5804,0.5781,0.6159,0.6023,0.6597,0.6023
2019-05-01,0.4633,0.2892,0.8389,0.4318,0.4381,0.4959,0.4423,0.5347,0.4423
2019-06-01,0.4870,0.3668,0.8099,0.4631,0.4781,0.4959,0.4453,0.5126,0.4781
2019-07-01,0.4980,0.3408,0.7800,0.5067,0.5181,0.4959,0.5083,0.5108,0.5083
2019-08-01,0.5031,0.3650,0.7097,0.4916,0.5281,0.5159,0.4893,0.4699,0.4916
2019-09-01,0.5085,0.3612,0.8321,0.4687,0.5081,0.5259,0.4273,0.4976,0.4976
2019-10-01,0.5189,0.3098,0.8833,0.6093,0.5781,0.6259,0.6513,0.6162,0.6162
2019-11-01,0.4915,0.1558,0.8819,0.5883,0.5681,0.5759,0.5413,0.6106,0.5759
2019-12-01,0.5099,0.1652,0.8717,0.6809,0.6881,0.7159,0.6773,0.7811,0.6881
2020-01-01,0.5234,0.2811,0.9245,0.7134,0.7581,0.7459,0.7143,0.8527,0.7459
2020-02-01,0.5649,0.3321,0.9383,0.7649,0.8181,0.7859,0.7433,0.8672,0.7859
2020-03-01,0.5699,0.3326,0.8541,0.7301,0.7581,0.7059,0.6753,0.7534,0.7301
2020-04-01,0.5688,0.3205,0.9117,0.7052,0.6981,0.7059,0.7173,0.7428,0.7059
2020-05-01,0.5736,0.3711,0.8906,0.5496,0.5681,0.5859,0.5393,0.6439,0.5681
2020-06-01,0.5835,0.3504,0.8957,0.4666,0.4881,0.5159,0.4953,0.5041,0.4953
2020-07-01,0.5643,0.3504,0.8215,0.4770,0.4681,0.4759,0.5123,0.4391,0.4759
2020-08-01,0.5515,0.3274,0.8159,0.4648,0.4381,0.4759,0.4513,0.3805,0.4513
2020-09-01,0.5430,0.3254,0.8227,0.5219,0.5381,0.5659,0.5153,0.5524,0.5381
2020-10-01,0.5447,0.2537,0.8575,0.4546,0.4481,0.4759,0.4783,0.5390,0.4759
2020-11-01,0.5303,0.2469,0.7814,0.6625,0.6581,0.6459,0.6493,0.7428,0.6581
2020-12-01,0.5433,0.2624,0.9075,0.3476,0.3781,0.3959,0.3973,0.4766,0.3959
2021-01-01,0.5375,0.2107,0.8314,0.3622,0.3881,0.4059,0.3843,0.5148,0.3881
2021-02-01,0.5352,0.2460,0.7763,0.2199,0.2181,0.2359,0.2013,0.3375,0.2199
2021-03-01,0.5500,0.2251,0.9441,0.3927,0.4681,0.4659,0.3603,0.4553,0.4553
2021-04-01,0.5511,0.2267,0.8594,0.4126,0.3381,0.3759,0.3763,0.4130,0.3763
2021-05-01,0.5641,0.2758,0.8764,0.3535,0.3681,0.4059,0.3843,0.4353,0.3843
2021-06-01,0.5538,0.2858,0.8349,0.3731,0.4281,0.4159,0.3923,0.3565,0.3923
2021-07-01,0.5452,0.2668,0.8330,0.4463,0.4981,0.4659,0.4473,0.4447,0.4473
2021-08-01,0.5508,0.2643,0.8295,0.4647,0.3881,0.4559,0.4773,0.4249,0.4559
2021-09-01,0.5479,0.2736,0.9582,0.5299,0.4981,0.5059,0.5023,0.5203,0.5059
2021-10-01,0.5539,0.2840,0.9003,0.5830,0.5581,0.5559,0.6103,0.5843,0.5830
2021-11-01,0.5550,0.2534,0.8639,0.5196,0.4981,0.5059,0.4933,0.5517,0.5059
2021-12-01,0.5747,0.2621,0.8827,0.4134,0.4581,0.4659,0.4253,0.5638,0.4581
2022-01-01,0.5666,0.3572,0.8518,0.4369,0.4881,0.4959,0.4423,0.5488,0.4881
2022-02-01,0.5747,0.1952,0.8600,0.4080,0.4681,0.4759,0.3993,0.5071,0.4681
2022-03-01,0.5829,0.1886,0.9184,0.5451,0.6181,0.6459,0.5703,0.6597,0.6181
2022-04-01,0.5930,0.2414,0.9818,0.4225,0.4081,0.4559,0.4243,0.5057,0.4243
2022-05-01,0.5958,0.2343,0.8924,0.4050,0.4181,0.3959,0.3973,0.4337,0.4050
2022-06-01,0.5878,0.2596,0.8392,0.5027,0.4981,0.4959,0.5523,0.4518,0.4981
2022-07-01,0.5744,0.2208,0.8526,0.4329,0.5181,0.4759,0.5003,0.4912,0.4912
2022-08-01,0.5677,0.1958,0.7914,0.5306,0.5181,0.4859,0.4903,0.4095,0.4903
2022-09-01,0.5895,0.2401,0.8424,0.4712,0.4581,0.4459,0.4623,0.4683,0.4623
2022-10-01,0.6192,0.3832,0.9286,0.6059,0.5481,0.5359,0.6023,0.5718,0.5718
2022-11-01,0.5921,0.2054,0.8423,0.3240,0.3081,0.3359,0.3003,0.3678,0.3240
2022-12-01,0.5648,0.3554,0.8123,0.4005,0.3781,0.4059,0.4603,0.5123,0.4059
2023-01-01,0.6084,0.3284,0.9533,0.4380,0.4481,0.4659,0.4373,0.5179,0.4481
2023-02-01,0.5543,0.3141,0.8346,0.5416,0.5381,0.5859,0.5013,0.5699,0.5416
2023-03-01,0.5675,0.3786,0.8630,0.7848,0.8081,0.8059,0.7633,0.7774,0.7848
2023-04-01,0.5787,0.3996,0.8254,0.5801,0.5581,0.5659,0.6013,0.5430,0.5659
2023-05-01,0.6117,0.4346,0.8030,0.5351,0.5181,0.5359,0.5473,0.5733,0.5359
2023-06-01,0.6170,0.4415,0.9180,0.7145,0.6581,0.6359,0.7323,0.6749,0.6749
2023-07-01,0.6119,0.4250,0.8194,0.8164,0.7681,0.7359,0.8963,0.8378,0.8164
2023-08-01,0.5741,0.4075,0.7917,0.8679,0.7681,0.8259,0.8963,0.8234,0.8259
2023-09-01,0.5827,0.3852,0.8095,1.0034,1.0581,0.9759,1.0313,1.0492,1.0313
2023-10-01,0.6057,0.4082,0.8000,0.9820,0.9181,0.9259,0.9683,1.0127,0.9683
2023-11-01,0.6065,0.2923,0.8622,0.9974,0.9781,0.9759,0.9713,1.0595,0.9781
2023-12-01,0.5966,0.3196,0.8962,0.9197,0.9281,0.9359,0.9553,1.0866,0.9359
2024-01-01,0.6405,0.3442,0.9733,0.8011,0.8281,0.8759,0.8143,0.9695,0.8281
2024-02-01,0.6433,0.4226,0.8514,0.9310,1.0181,0.9659,0.9393,1.0783,0.9659
2024-03-01,0.6462,0.4599,0.8840,0.8764,0.9681,0.8859,0.8413,0.9938,0.8859
2024-04-01,0.6259,0.4213,0.8632,0.8623,0.8881,0.8359,0.8493,0.8927,0.8623
2024-05-01,0.6685,0.4710,0.9112,0.7165,0.7381,0.7259,0.7283,0.8298,0.7283
2024-06-01,0.6158,0.4461,0.8463,0.7489,0.8081,0.7559,0.8023,0.8182,0.8023
2024-07-01,0.6289,0.4304,0.8386,0.7854,0.7781,0.7559,0.8043,0.7940,0.7854
2024-08-01,0.6253,0.4275,0.8615,0.8709,0.8781,0.8159,0.8363,0.8254,0.8363
2024-09-01,0.6035,0.3635,0.8311,0.7987,0.7881,0.7959,0.8373,0.8466,0.7987
2024-10-01,0.6192,0.3482,0.8215,0.8558,0.9281,0.8859,0.9233,0.9618,0.9233
2024-11-01,0.6026,0.3832,0.8418,0.8639,0.8781,0.8759,0.9083,0.9341,0.8781
2024-12-01,0.6492,0.3857,0.9251,0.7803,0.8481,0.8359,0.8633,1.0002,0.8481
2025-01-01,0.6697,0.3118,0.9532,0.9084,0.9581,0.8859,0.9333,1.0583,0.9333
2025-02-01,0.6443,0.2798,0.9416,0.7665,0.8381,0.8059,0.8303,0.9045,0.8303
2025-03-01,0.6551,0.2925,0.8860,0.8152,0.9481,0.8959,0.8463,0.9159,0.8959
2025-04-01,0.6724,0.4169,0.9011,0.7451,0.8181,0.7759,0.7813,0.8238,0.7813
2025-05-01,0.6662,0.3701,0.9816,0.6040,0.6581,0.6359,0.6543,0.7086,0.6543
2025-06-01,0.6597,0.3899,0.9388,0.5376,0.6481,0.5359,0.6353,0.6180,0.6180
2025-07-01,0.6534,0.4173,0.9351,0.5864,0.5981,0.5259,0.6163,0.5628,0.5864
2025-08-01,0.6809,0.4851,1.0040,0.6710,0.7581,0.6259,0.6933,0.6038,0.6710
2025-09-01,0.6837,0.4990,0.9912,0.7575,0.8281,0.7059,0.8153,0.7811,0.7811
2025-10-01,0.6855,0.4231,0.9531,0.7454,0.7681,0.7159,0.8013,0.8582,0.7681
2025-11-01,0.6593,0.3605,1.0686,0.7263,0.7881,0.7159,0.7773,0.8546,0.7773
2025-12-01,0.6630,0.3505,1.0138,0.5762,0.6381,0.6059,0.6603,0.7281,0.6381
2026-01-01,0.6897,0.3809,1.0930,0.6498,0.6581,0.6859,0.7153,0.7825,0.6859
2026-02-01,0.6771,0.4334,1.0689,0.7033,0.8181,0.7359,0.7833,0.8090,0.7833
2026-03-01,0.6685,0.4148,1.0200,0.6997,0.8981,0.7859,0.7823,0.7969,0.7859
2026-04-01,0.6771,0.3941,1.0385,0.6904,0.7481,0.7159,0.7383,0.7461,0.7383
2026-05-01,0.7030,0.4314,1.0553,0.6641,0.7081,0.6659,0.7143,0.7284,0.7081
2026-06-01,0.7004,0.4713,1.0058,0.7224,0.7581,0.6859,0.7703,0.7022,0.7224
2026-07-01,0.7002,0.4330,0.9659,,0.8081,0.7559,0.8343,0.7848,0.7965
2026-08-01,0.6796,0.4116,1.0608,,,,,0.9591,0.9591
2026-09-01,0.7133,0.4250,1.0408,,,,,,
2026-10-01,0.7086,0.4793,1.0167,,,,,,
2026-11-01,0.7095,0.4234,1.0397,,,,,,
2026-12-01,0.7076,0.3718,1.1050,,,,,,
2027-01-01,0.7050,0.4135,1.0063,,,,,,
2027-02-01,0.7374,0.5009,1.0753,,,,,,
2027-03-01,0.7550,0.4467,1.0452,,,,,,
2027-04-01,0.7308,0.4938,0.9831,,,,,,
2027-05-01,0.7140,0.4995,1.0678,,,,,,
2027-06-01,0.7229,0.4818,1.0190,,,,,,
2027-07-01,0.7533,0.4465,1.0740,,,,,,
2027-08-01,0.7300,0.4358,1.0933,,,,,,
2027-09-01,0.7421,0.4840,1.1349,,,,,,
2027-10-01,0.7244,0.5279,1.0625,,,,,,
2027-11-01,0.7578,0.4877,1.1037,,,,,,
2027-12-01,0.7757,0.5671,1.2556,,,,,,
2028-01-01,0.8114,0.5638,1.2188,,,,,,
2028-02-01,0.7749,0.5041,1.1973,,,,,,
2028-03-01,0.7504,0.3974,1.1530,,,,,,
2028-04-01,0.7684,0.5198,1.3261,,,,,,
2028-05-01,0.7522,0.4553,1.1937,,,,,,
2028-06-01,0.7453,0.4805,1.1564,,,,,,
2028-07-01,0.7493,0.4671,1.2405,,,,,,
2028-08-01,0.7561,0.4737,1.3221,,,,,,
2028-09-01,0.7645,0.4873,1.2470,,,,,,
2028-10-01,0.7909,0.3972,1.2771,,,,,,
2028-11-01,0.7769,0.4559,1.3236,,,,,,
2028-12-01,0.7642,0.4069,1.2076,,,,,,
2029-01-01,0.7731,0.4643,1.3447,,,,,,
2029-02-01,0.8036,0.5114,1.2473,,,,,,
2029-03-01,0.7984,0.5092,1.2146,,,,,,
2029-04-01,0.7534,0.3644,1.2627,,,,,,
2029-05-01,0.7872,0.4923,1.1532,,,,,,
2029-06-01,0.7849,0.4965,1.1779,,,,,,
2029-07-01,0.7732,0.4610,1.0773,,,,,,
2029-08-01,0.7932,0.4756,1.1364,,,,,,
2029-09-01,0.7953,0.4894,1.1404,,,,,,
2029-10-01,0.8025,0.4907,1.0668,,,,,,
2029-11-01,0.8261,0.4903,1.0855,,,,,,
2029-12-01,0.8241,0.4568,1.2266,,,,,,
2030-01-01,0.8280,0.6126,1.0905,,,,,,
2030-02-01,0.8133,0.5981,1.1432,,,,,,
2030-03-01,0.8724,0.6415,1.2597,,,,,,
2030-04-01,0.8287,0.5728,1.2570,,,,,,
2030-05-01,0.8227,0.5425,1.2636,,,,,,
2030-06-01,0.8097,0.5580,1.1811,,,,,,
2030-07-01,0.8125,0.5549,1.1405,,,,,,
2030-08-01,0.8101,0.5136,1.1353,,,,,,
2030-09-01,0.8196,0.5548,1.1177,,,,,,
2030-10-01,0.8286,0.5928,1.1170,,,,,,
2030-11-01,0.8316,0.6030,1.1691,,,,,,
2030-12-01,0.8094,0.6354,1.0539,,,,,,
2031-01-01,0.7860,0.4654,1.1394,,,,,,
2031-02-01,0.7943,0.5605,1.0597,,,,,,
2031-03-01,0.8129,0.5610,1.1157,,,,,,
2031-04-01,0.7848,0.5405,1.1213,,,,,,
2031-05-01,0.7795,0.5324,1.0369,,,,,,
2031-06-01,0.7903,0.5113,1.0948,,,,,,
2031-07-01,0.7950,0.5480,1.1229,,,,,,
2031-08-01,0.7703,0.5166,1.0381,,,,,,
2031-09-01,0.7858,0.5395,1.0746,,,,,,
2031-10-01,0.8058,0.5303,1.1593,,,,,,
2031-11-01,0.8097,0.4132,1.1299,,,,,,
2031-12-01,0.8011,0.3576,1.2041,,,,,,
2032-01-01,0.8869,0.5092,1.2971,,,,,,
2032-02-01,0.8653,0.6468,1.2350,,,,,,
2032-03-01,0.8567,0.6281,1.1485,,,,,,
2032-04-01,0.8390,0.5958,1.0826,,,,,,
2032-05-01,0.8484,0.5918,1.1669,,,,,,
2032-06-01,0.8575,0.5820,1.0739,,,,,,
2032-07-01,0.8718,0.6046,1.1696,,,,,,
2032-08-01,0.8825,0.6221,1.1356,,,,,,
2032-09-01,0.8921,0.6551,1.1890,,,,,,
2032-10-01,0.8811,0.6494,1.1161,,,,,,
2032-11-01,0.9190,0.6799,1.3150,,,,,,
2032-12-01,0.9165,0.6018,1.2877,,,,,,
2033-01-01,0.9712,0.6181,1.4800,,,,,,
2033-02-01,0.9276,0.6849,1.3358,,,,,,
2033-03-01,0.9298,0.6792,1.2342,,,,,,
2033-04-01,0.9094,0.6129,1.2008,,,,,,
2033-05-01,0.8785,0.6125,1.1159,,,,,,
2033-06-01,0.9037,0.5890,1.1795,,,,,,
2033-07-01,0.8926,0.5885,1.1371,,,,,,
2033-08-01,0.9051,0.6099,1.1731,,,,,,
2033-09-01,0.9041,0.5703,1.1552,,,,,,
2033-10-01,0.9045,0.5717,1.2138,,,,,,
2033-11-01,0.9038,0.5097,1.3221,,,,,,
2033-12-01,0.8992,0.5561,1.2715,,,,,,
2034-01-01,0.9331,0.4150,1.3081,,,,,,
2034-02-01,0.9233,0.4788,1.3398,,,,,,
2034-03-01,0.9011,0.5738,1.4635,,,,,,
2034-04-01,0.9007,0.6385,1.3291,,,,,,
2034-05-01,0.9082,0.6619,1.4171,,,,,,
2034-06-01,0.8773,0.5749,1.3537,,,,,,
2034-07-01,0.8995,0.6428,1.3582,,,,,,
2034-08-01,0.9200,0.6467,1.3667,,,,,,
2034-09-01,0.9297,0.6609,1.3858,,,,,,
2034-10-01,0.9309,0.6206,1.3694,,,,,,
2034-11-01,0.9330,0.6559,1.3315,,,,,,
2034-12-01,0.9552,0.6854,1.3648,,,,,,
2035-01-01,0.9677,0.7178,1.3391,,,,,,
2035-02-01,0.9543,0.7183,1.3667,,,,,,
2035-03-01,0.9392,0.5364,1.3353,,,,,,
2035-04-01,0.9397,0.7015,1.3242,,,,,,
2035-05-01,0.9509,0.6756,1.3362,,,,,,
2035-06-01,0.9316,0.6867,1.2362,,,,,,
2035-07-01,0.9267,0.6941,1.2605,,,,,,
2035-08-01,0.9522,0.6820,1.3365,,,,,,
2035-09-01,0.9697,0.7351,1.3358,,,,,,
2035-10-01,0.9887,0.7131,1.4686,,,,,,
2035-11-01,0.9734,0.6957,1.3070,,,,,,
2035-12-01,0.9823,0.7003,1.3423,,,,,,
2036-01-01,0.9551,0.5157,1.3203,,,,,,
2036-02-01,0.9511,0.6491,1.3001,,,,,,
2036-03-01,0.9699,0.6621,1.3081,,,,,,
2036-04-01,0.9599,0.6888,1.2689,,,,,,
2036-05-01,0.9639,0.6703,1.3656,,,,,,
2036-06-01,0.9684,0.6979,1.2979,,,,,,
2036-07-01,0.9770,0.6468,1.3238,,,,,,
2036-08-01,0.9653,0.6426,1.2752,,,,,,
2036-09-01,0.9761,0.5222,1.3338,,,,,,
2036-10-01,0.9973,0.6528,1.3062,,,,,,
2036-11-01,1.0229,0.6329,1.3278,,,,,,
2036-12-01,1.0212,0.6822,1.3714,,,,,,
2037-01-01,1.0554,0.6261,1.4090,,,,,,
2037-02-01,1.0476,0.6579,1.4538,,,,,,
2037-03-01,1.0485,0.6674,1.5238,,,,,,
2037-04-01,1.0063,0.6789,1.3238,,,,,,
2037-05-01,1.0104,0.6662,1.3888,,,,,,
2037-06-01,1.0103,0.6521,1.3134,,,,,,
2037-07-01,1.0085,0.6463,1.3236,,,,,,
2037-08-01,1.0238,0.6773,1.4770,,,,,,
2037-09-01,1.0385,0.6288,1.3299,,,,,,
2037-10-01,1.0661,0.5666,1.4759,,,,,,
2037-11-01,1.0384,0.6253,1.3394,,,,,,
2037-12-01,1.0506,0.7435,1.4328,,,,,,
2038-01-01,1.0698,0.6865,1.5022,,,,,,
2038-02-01,1.0401,0.6714,1.3499,,,,,,
2038-03-01,1.0144,0.6900,1.5325,,,,,,
2038-04-01,1.0335,0.7799,1.4036,,,,,,
2038-05-01,1.0240,0.7142,1.3394,,,,,,
2038-06-01,1.0171,0.6908,1.3179,,,,,,
2038-07-01,1.0409,0.7496,1.3224,,,,,,
2038-08-01,1.0663,0.7779,1.3944,,,,,,
2038-09-01,1.0871,0.7822,1.3924,,,,,,
2038-10-01,1.1212,0.8467,1.4614,,,,,,
2038-11-01,1.1266,0.8203,1.5065,,,,,,
2038-12-01,1.0897,0.7532,1.5005,,,,,,
2039-01-01,1.1421,0.8307,1.5823,,,,,,
2039-02-01,1.1377,0.8339,1.5771,,,,,,
2039-03-01,1.1149,0.8701,1.4860,,,,,,
2039-04-01,1.0968,0.7756,1.5249,,,,,,
2039-05-01,1.0734,0.8191,1.4683,,,,,,
2039-06-01,1.0482,0.7686,1.4612,,,,,,
2039-07-01,1.0842,0.7436,1.5085,,,,,,
2039-08-01,1.0954,0.7511,1.4811,,,,,,
2039-09-01,1.1287,0.7637,1.4959,,,,,,
2039-10-01,1.1362,0.7546,1.5463,,,,,,
2039-11-01,1.1346,0.7065,1.4402,,,,,,
2039-12-01,1.1160,0.6754,1.6658,,,,,,
2040-01-01,1.1593,0.8051,1.6836,,,,,,
2040-02-01,1.1233,0.8140,1.5633,,,,,,
2040-03-01,1.1078,0.7430,1.4227,,,,,,
2040-04-01,1.1173,0.7786,1.4832,,,,,,
2040-05-01,1.0968,0.8518,1.4152,,,,,,
2040-06-01,1.1066,0.8157,1.4144,,,,,,
2040-07-01,1.0981,0.8174,1.3273,,,,,,
2040-08-01,1.1112,0.7900,1.3936,,,,,,
2040-09-01,1.1353,0.8384,1.4542,,,,,,
2040-10-01,1.1675,0.8442,1.4300,,,,,,
2040-11-01,1.1723,0.8750,1.5016,,,,,,
2040-12-01,1.1795,0.8155,1.5071,,,,,,
