date,nino34,tropics
1981-09-01,26.6166,26.3461
1981-09-02,26.6055,26.3294
1981-09-03,26.569,26.3343
1981-09-04,26.3929,26.3398
1981-09-05,26.3322,26.3719
1981-09-06,26.3571,26.3854
1981-09-07,26.3041,26.3811
1981-09-08,26.2707,26.3833
1981-09-09,26.3714,26.3862
1981-09-10,26.4643,26.4063
1981-09-11,26.5814,26.4538
1981-09-12,26.6355,26.4582
1981-09-13,26.6641,26.4464
1981-09-14,26.6528,26.4051
1981-09-15,26.5844,26.3846
1981-09-16,26.4251,26.3649
1981-09-17,26.3247,26.3462
1981-09-18,26.2451,26.3385
1981-09-19,26.2253,26.3442
1981-09-20,26.1621,26.3339
1981-09-21,26.086,26.3381
1981-09-22,26.1283,26.3586
1981-09-23,26.1562,26.3724
1981-09-24,26.1647,26.3767
1981-09-25,26.1114,26.3835
1981-09-26,26.0438,26.3852
1981-09-27,26.0387,26.4036
1981-09-28,26.0999,26.4445
1981-09-29,26.1577,26.4696
1981-09-30,26.2316,26.509
1981-10-01,26.3064,26.5661
1981-10-02,26.3744,26.5892
1981-10-03,26.3561,26.5799
1981-10-04,26.3423,26.5767
1981-10-05,26.4116,26.5776
1981-10-06,26.4719,26.5782
1981-10-07,26.5384,26.6011
1981-10-08,26.5779,26.6291
1981-10-09,26.6418,26.6565
1981-10-10,26.5087,26.6795
1981-10-11,26.4035,26.6702
1981-10-12,26.3447,26.6648
1981-10-13,26.3117,26.6695
1981-10-14,26.3162,26.6503
1981-10-15,26.4242,26.6742
1981-10-16,26.5083,26.6975
1981-10-17,26.6065,26.7332
1981-10-18,26.6323,26.7496
1981-10-19,26.6795,26.7468
1981-10-20,26.7429,26.7592
1981-10-21,26.7346,26.802
1981-10-22,26.7823,26.8239
1981-10-23,26.6794,26.8218
1981-10-24,26.6257,26.817
1981-10-25,26.626,26.8051
1981-10-26,26.5444,26.7942
1981-10-27,26.34,26.7727
1981-10-28,26.1319,26.7514
1981-10-29,26.084,26.7337
1981-10-30,26.1036,26.7202
1981-10-31,26.0932,26.7072
1981-11-01,25.9724,26.6899
1981-11-02,25.7726,26.6604
1981-11-03,25.7653,26.6594
1981-11-04,25.639,26.6705
1981-11-05,25.5083,26.694
1981-11-06,25.6502,26.7152
1981-11-07,25.8077,26.7359
1981-11-08,25.9075,26.7473
1981-11-09,26.0085,26.7485
1981-11-10,25.956,26.7486
1981-11-11,25.7928,26.7496
1981-11-12,25.8253,26.7595
1981-11-13,25.9006,26.7732
1981-11-14,25.9038,26.8052
1981-11-15,25.9144,26.8059
1981-11-16,26.0215,26.7999
1981-11-17,26.1051,26.7985
1981-11-18,26.1986,26.8095
1981-11-19,26.2869,26.833
1981-11-20,26.3439,26.8558
1981-11-21,26.3269,26.8734
1981-11-22,26.3752,26.8883
1981-11-23,26.3491,26.8827
1981-11-24,26.3928,26.8904
1981-11-25,26.4095,26.8946
1981-11-26,26.434,26.8762
1981-11-27,26.3589,26.8496
1981-11-28,26.4193,26.8417
1981-11-29,26.4227,26.8399
1981-11-30,26.4563,26.8644
1981-12-01,26.5272,26.9106
1981-12-02,26.5208,26.9404
1981-12-03,26.5165,26.9202
1981-12-04,26.519,26.8968
1981-12-05,26.3367,26.8756
1981-12-06,26.2344,26.8583
1981-12-07,26.1712,26.8229
1981-12-08,26.129,26.811
1981-12-09,26.2667,26.8149
1981-12-10,26.2879,26.8181
1981-12-11,26.1569,26.8034
1981-12-12,26.0871,26.7971
1981-12-13,25.9545,26.8114
1981-12-14,25.8389,26.8086
1981-12-15,25.8243,26.8125
1981-12-16,25.7762,26.8248
1981-12-17,25.6221,26.8265
1981-12-18,25.4993,26.812
1981-12-19,25.6136,26.8383
1981-12-20,25.7392,26.853
1981-12-21,25.8929,26.8626
1981-12-22,26.257,26.8835
1981-12-23,26.4688,26.9043
1981-12-24,26.5411,26.9158
1981-12-25,26.4952,26.8989
1981-12-26,26.4384,26.89
1981-12-27,26.4021,26.9019
1981-12-28,26.4054,26.912
1981-12-29,26.3001,26.91
1981-12-30,26.3224,26.9228
1981-12-31,26.4948,26.9395
1982-01-01,26.6229,26.9613
1982-01-02,26.8166,26.9562
1982-01-03,26.8919,26.9397
1982-01-04,26.8167,26.9419
1982-01-05,26.6763,26.9356
1982-01-06,26.5743,26.9257
1982-01-07,26.5284,26.9016
1982-01-08,26.4654,26.9117
1982-01-09,26.3126,26.8964
1982-01-10,26.3672,26.8885
1982-01-11,26.4316,26.8949
1982-01-12,26.3488,26.8863
1982-01-13,26.3802,26.8612
1982-01-14,26.3377,26.8495
1982-01-15,26.247,26.8499
1982-01-16,26.2674,26.8451
1982-01-17,26.3651,26.8445
1982-01-18,26.4066,26.8464
1982-01-19,26.5655,26.8293
1982-01-20,26.6277,26.8358
1982-01-21,26.6892,26.8384
1982-01-22,26.7332,26.8384
1982-01-23,26.8582,26.8547
1982-01-24,26.8964,26.8664
1982-01-25,26.7775,26.8648
1982-01-26,26.7479,26.8751
1982-01-27,26.7411,26.8853
1982-01-28,26.748,26.8752
1982-01-29,26.6717,26.8608
1982-01-30,26.6314,26.8455
1982-01-31,26.6212,26.8452
1982-02-01,26.63,26.8835
1982-02-02,26.5797,26.9262
1982-02-03,26.5901,26.9427
1982-02-04,26.5629,26.9522
1982-02-05,26.5428,26.9516
1982-02-06,26.4526,26.976
1982-02-07,26.438,26.9902
1982-02-08,26.4203,26.9844
1982-02-09,26.468,26.9914
1982-02-10,26.4074,26.998
1982-02-11,26.3151,26.9945
1982-02-12,26.2267,26.9784
1982-02-13,26.0928,26.9602
1982-02-14,26.0404,26.9488
1982-02-15,26.3014,26.947
1982-02-16,26.3962,26.9722
1982-02-17,26.483,27.0198
1982-02-18,26.6105,27.0644
1982-02-19,26.6196,27.1147
1982-02-20,26.5633,27.1386
1982-02-21,26.5393,27.1385
1982-02-22,26.5331,27.1146
1982-02-23,26.5769,27.0971
1982-02-24,26.5448,27.0718
1982-02-25,26.4949,27.0753
1982-02-26,26.5704,27.0825
1982-02-27,26.5916,27.065
1982-02-28,26.5656,27.0748
1982-03-01,26.5281,27.1182
1982-03-02,26.4912,27.1479
1982-03-03,26.7978,27.1935
1982-03-04,27.0391,27.2136
1982-03-05,27.0772,27.2049
1982-03-06,26.9747,27.1932
1982-03-07,26.7479,27.2191
1982-03-08,26.6947,27.2194
1982-03-09,26.708,27.1921
1982-03-10,26.7071,27.183
1982-03-11,26.6731,27.2062
1982-03-12,26.7282,27.2165
1982-03-13,26.8225,27.2018
1982-03-14,26.8501,27.23
1982-03-15,26.9051,27.2541
1982-03-16,26.9165,27.2646
1982-03-17,26.9996,27.2798
1982-03-18,27.0793,27.298
1982-03-19,27.1589,27.3177
1982-03-20,27.3193,27.3413
1982-03-21,27.4279,27.3451
1982-03-22,27.4669,27.3676
1982-03-23,27.4798,27.4026
1982-03-24,27.5281,27.4234
1982-03-25,27.5776,27.4578
1982-03-26,27.5366,27.4592
1982-03-27,27.4459,27.4375
1982-03-28,27.3154,27.4459
1982-03-29,27.1596,27.4242
1982-03-30,27.0413,27.422
1982-03-31,27.0886,27.4588
1982-04-01,27.3149,27.5531
1982-04-02,27.4481,27.6019
1982-04-03,27.4654,27.6111
1982-04-04,27.456,27.5836
1982-04-05,27.5126,27.5595
1982-04-06,27.7637,27.5393
1982-04-07,27.9354,27.5775
1982-04-08,27.9453,27.6166
1982-04-09,27.9832,27.6698
1982-04-10,27.9125,27.671
1982-04-11,27.7261,27.6495
1982-04-12,27.5561,27.6117
1982-04-13,27.4978,27.6088
1982-04-14,27.559,27.5719
1982-04-15,27.654,27.5648
1982-04-16,27.7392,27.5521
1982-04-17,27.7826,27.5501
1982-04-18,27.799,27.5735
1982-04-19,27.9254,27.6099
1982-04-20,27.9788,27.629
1982-04-21,27.9839,27.6767
1982-04-22,28.0037,27.7294
1982-04-23,28.0293,27.7143
1982-04-24,28.1425,27.6762
1982-04-25,28.2572,27.6317
1982-04-26,28.2265,27.6099
1982-04-27,27.9897,27.5652
1982-04-28,27.7793,27.546
1982-04-29,27.7582,27.5827
1982-04-30,27.8618,27.6369
1982-05-01,27.8837,27.7044
1982-05-02,27.8678,27.7116
1982-05-03,27.8879,27.7134
1982-05-04,27.9494,27.7268
1982-05-05,28.054,27.721
1982-05-06,28.2216,27.698
1982-05-07,28.3244,27.6575
1982-05-08,28.2648,27.6312
1982-05-09,28.131,27.6406
1982-05-10,27.9718,27.6124
1982-05-11,27.8028,27.5853
1982-05-12,27.7834,27.5743
1982-05-13,27.8523,27.6044
1982-05-14,28.0213,27.6278
1982-05-15,28.2197,27.6382
1982-05-16,28.4122,27.645
1982-05-17,28.5983,27.6267
1982-05-18,28.6469,27.5791
1982-05-19,28.5952,27.555
1982-05-20,28.5969,27.5405
1982-05-21,28.6344,27.5054
1982-05-22,28.7249,27.4933
1982-05-23,28.8261,27.5137
1982-05-24,28.7298,27.5275
1982-05-25,28.5654,27.5065
1982-05-26,28.525,27.4803
1982-05-27,28.4939,27.4459
1982-05-28,28.4709,27.4355
1982-05-29,28.4449,27.4334
1982-05-30,28.424,27.4238
1982-05-31,28.4104,27.4164
1982-06-01,28.4936,27.3978
1982-06-02,28.609,27.3857
1982-06-03,28.7605,27.3522
1982-06-04,28.7382,27.3236
1982-06-05,28.6032,27.3283
1982-06-06,28.5495,27.3189
1982-06-07,28.5358,27.2861
1982-06-08,28.4074,27.2572
1982-06-09,28.2219,27.2477
1982-06-10,28.1322,27.2256
1982-06-11,28.2115,27.2234
1982-06-12,28.2565,27.2186
1982-06-13,28.2915,27.1935
1982-06-14,28.3112,27.1553
1982-06-15,28.1507,27.1034
1982-06-16,27.9897,27.0427
1982-06-17,27.9359,27.0062
1982-06-18,27.9129,26.9812
1982-06-19,27.8961,26.984
1982-06-20,28.0908,26.9868
1982-06-21,28.3677,26.9915
1982-06-22,28.3767,26.984
1982-06-23,28.2993,26.9564
1982-06-24,28.2583,26.9456
1982-06-25,28.3063,26.9322
1982-06-26,28.2191,26.8944
1982-06-27,28.2163,26.8576
1982-06-28,28.1806,26.8178
1982-06-29,28.2265,26.7807
1982-06-30,28.2405,26.7641
1982-07-01,28.2159,26.7589
1982-07-02,28.0828,26.736
1982-07-03,27.7543,26.6908
1982-07-04,27.411,26.6587
1982-07-05,27.2329,26.6329
1982-07-06,27.2866,26.6175
1982-07-07,27.368,26.6185
1982-07-08,27.2852,26.6087
1982-07-09,27.2234,26.5751
1982-07-10,27.274,26.5679
1982-07-11,27.2529,26.5723
1982-07-12,27.2113,26.5627
1982-07-13,27.2022,26.5386
1982-07-14,27.1459,26.5111
1982-07-15,27.3097,26.5073
1982-07-16,27.5,26.4727
1982-07-17,27.5581,26.4046
1982-07-18,27.5477,26.3908
1982-07-19,27.5294,26.3893
1982-07-20,27.6044,26.4015
1982-07-21,27.8261,26.4228
1982-07-22,27.9094,26.424
1982-07-23,27.9122,26.4363
1982-07-24,27.8156,26.4212
1982-07-25,27.7163,26.4089
1982-07-26,27.6183,26.3982
1982-07-27,27.5113,26.3733
1982-07-28,27.3644,26.3421
1982-07-29,27.2687,26.3107
1982-07-30,27.208,26.275
1982-07-31,27.2063,26.2472
1982-08-01,27.348,26.2379
1982-08-02,27.5894,26.2358
1982-08-03,27.7563,26.2612
1982-08-04,27.7876,26.2893
1982-08-05,27.71,26.3076
1982-08-06,27.5968,26.2999
1982-08-07,27.4886,26.2879
1982-08-08,27.4716,26.2809
1982-08-09,27.6021,26.2804
1982-08-10,27.6583,26.2726
1982-08-11,27.8161,26.3011
1982-08-12,27.958,26.3069
1982-08-13,28.0665,26.3135
1982-08-14,28.2185,26.3164
1982-08-15,28.1392,26.3284
1982-08-16,28.1921,26.3223
1982-08-17,28.1095,26.304
1982-08-18,27.8293,26.2933
1982-08-19,27.7293,26.3147
1982-08-20,27.8603,26.3497
1982-08-21,27.8624,26.368
1982-08-22,27.7891,26.3814
1982-08-23,27.5637,26.373
1982-08-24,27.4421,26.3664
1982-08-25,27.3816,26.3559
1982-08-26,27.3746,26.3553
1982-08-27,27.509,26.3436
1982-08-28,27.6034,26.3303
1982-08-29,27.6264,26.32
1982-08-30,27.6249,26.336
1982-08-31,27.45,26.3479
1982-09-01,27.2266,26.3514
1982-09-02,27.1226,26.3607
1982-09-03,27.0208,26.3586
1982-09-04,27.0098,26.3644
1982-09-05,27.1846,26.3938
1982-09-06,27.3789,26.4275
1982-09-07,27.6754,26.4512
1982-09-08,27.8363,26.4694
1982-09-09,27.8824,26.4798
1982-09-10,27.9067,26.4608
1982-09-11,27.8884,26.4456
1982-09-12,27.7581,26.4266
1982-09-13,27.7114,26.4295
1982-09-14,27.7045,26.4361
1982-09-15,27.8798,26.5064
1982-09-16,28.0653,26.5351
1982-09-17,28.3142,26.5621
1982-09-18,28.4926,26.5889
1982-09-19,28.5692,26.5843
1982-09-20,28.4254,26.5815
1982-09-21,28.2835,26.5507
1982-09-22,28.2048,26.5228
1982-09-23,28.2479,26.514
1982-09-24,28.258,26.4868
1982-09-25,28.2347,26.4884
1982-09-26,28.5075,26.5624
1982-09-27,28.4601,26.5884
1982-09-28,28.426,26.5851
1982-09-29,28.6816,26.6465
1982-09-30,28.7308,26.672
1982-10-01,28.7235,26.6933
1982-10-02,28.5842,26.7139
1982-10-03,28.5732,26.72
1982-10-04,28.641,26.7307
1982-10-05,28.6951,26.7293
1982-10-06,28.6887,26.7326
1982-10-07,28.6363,26.7426
1982-10-08,28.6732,26.7887
1982-10-09,28.652,26.8023
1982-10-10,28.5449,26.7798
1982-10-11,28.4851,26.76
1982-10-12,28.3927,26.7378
1982-10-13,28.4136,26.7514
1982-10-14,28.462,26.7834
1982-10-15,28.4949,26.8279
1982-10-16,28.7278,26.8824
1982-10-17,28.7225,26.9234
1982-10-18,28.7497,26.9394
1982-10-19,28.7204,26.9342
1982-10-20,28.5248,26.9484
1982-10-21,28.4116,26.9413
1982-10-22,28.3912,26.9493
1982-10-23,28.4056,26.9431
1982-10-24,28.3623,26.9405
1982-10-25,28.3452,26.9446
1982-10-26,28.338,26.9563
1982-10-27,28.3468,26.9618
1982-10-28,28.3467,26.9641
1982-10-29,28.2956,26.9555
1982-10-30,28.3268,26.9551
1982-10-31,28.2598,26.9675
1982-11-01,28.1919,26.99
1982-11-02,28.2984,27.0061
1982-11-03,28.2952,26.9884
1982-11-04,28.2979,26.9627
1982-11-05,28.3461,26.9396
1982-11-06,28.3835,26.9229
1982-11-07,28.4182,26.9299
1982-11-08,28.5382,26.947
1982-11-09,28.7431,26.9843
1982-11-10,28.6728,26.9851
1982-11-11,28.6024,26.9872
1982-11-12,28.5793,26.9805
1982-11-13,28.5257,26.963
1982-11-14,28.5238,26.983
1982-11-15,28.523,26.9859
1982-11-16,28.4671,26.9812
1982-11-17,28.389,27.003
1982-11-18,28.1903,27.0041
1982-11-19,28.1666,27.0589
1982-11-20,28.3722,27.091
1982-11-21,28.6102,27.0781
1982-11-22,28.8354,27.0819
1982-11-23,28.9848,27.0767
1982-11-24,28.9715,27.0761
1982-11-25,29.029,27.0565
1982-11-26,28.9685,27.0612
1982-11-27,28.5883,27.0502
1982-11-28,28.4921,27.0936
1982-11-29,28.4077,27.1165
1982-11-30,28.4234,27.1339
1982-12-01,28.4474,27.1396
1982-12-02,28.5774,27.1297
1982-12-03,28.5179,27.1415
1982-12-04,28.4783,27.1472
1982-12-05,28.4453,27.1505
1982-12-06,28.593,27.1927
1982-12-07,28.6058,27.2144
1982-12-08,28.6968,27.2496
1982-12-09,28.7414,27.2636
1982-12-10,28.7083,27.2568
1982-12-11,28.6964,27.2356
1982-12-12,28.6457,27.2238
1982-12-13,28.7724,27.2125
1982-12-14,28.7238,27.1874
1982-12-15,28.791,27.1856
1982-12-16,28.9773,27.2028
1982-12-17,29.0548,27.2022
1982-12-18,29.1134,27.2236
1982-12-19,29.1704,27.2402
1982-12-20,29.1579,27.2455
1982-12-21,29.1923,27.2344
1982-12-22,29.123,27.2376
1982-12-23,29.0766,27.2401
1982-12-24,29.1122,27.2287
1982-12-25,29.1437,27.2219
1982-12-26,29.3023,27.2178
1982-12-27,29.2794,27.1845
1982-12-28,29.2404,27.1697
1982-12-29,29.2181,27.1391
1982-12-30,29.1513,27.1086
1982-12-31,29.0944,27.0975
1983-01-01,28.848,27.0913
1983-01-02,28.8559,27.1214
1983-01-03,28.8106,27.1308
1983-01-04,28.6984,27.1444
1983-01-05,28.6501,27.1477
1983-01-06,28.7772,27.1635
1983-01-07,28.8129,27.1712
1983-01-08,28.8735,27.1921
1983-01-09,28.9484,27.2055
1983-01-10,28.9694,27.2225
1983-01-11,28.8269,27.2257
1983-01-12,28.6784,27.2269
1983-01-13,28.7102,27.24
1983-01-14,28.7827,27.2422
1983-01-15,28.7072,27.2571
1983-01-16,28.6095,27.2543
1983-01-17,28.6277,27.2446
1983-01-18,28.6425,27.248
1983-01-19,28.657,27.2625
1983-01-20,28.677,27.2605
1983-01-21,28.6904,27.2756
1983-01-22,28.6514,27.2948
1983-01-23,28.6801,27.3115
1983-01-24,28.7345,27.3344
1983-01-25,28.7472,27.3602
1983-01-26,28.8404,27.3877
1983-01-27,28.8366,27.4222
1983-01-28,28.9351,27.4304
1983-01-29,28.8539,27.417
1983-01-30,28.7168,27.394
1983-01-31,28.6163,27.361
1983-02-01,28.5032,27.2943
1983-02-02,28.4541,27.2386
1983-02-03,28.5815,27.2566
1983-02-04,28.8898,27.3039
1983-02-05,29.1143,27.3537
1983-02-06,29.0156,27.4104
1983-02-07,28.9377,27.443
1983-02-08,28.8633,27.4654
1983-02-09,28.814,27.4788
1983-02-10,28.6981,27.4892
1983-02-11,28.5669,27.5086
1983-02-12,28.4336,27.5152
1983-02-13,28.3724,27.4911
1983-02-14,28.4156,27.4715
1983-02-15,28.5546,27.4778
1983-02-16,28.5088,27.4831
1983-02-17,28.5213,27.4759
1983-02-18,28.462,27.463
1983-02-19,28.4071,27.4641
1983-02-20,28.3728,27.4418
1983-02-21,28.418,27.4483
1983-02-22,28.4124,27.4674
1983-02-23,28.4215,27.4692
1983-02-24,28.4381,27.4841
1983-02-25,28.4639,27.5205
1983-02-26,28.5551,27.5539
1983-02-27,28.7873,27.6089
1983-02-28,28.788,27.6267
1983-03-01,28.8387,27.5853
1983-03-02,28.7957,27.5248
1983-03-03,28.7188,27.5089
1983-03-04,28.6932,27.5121
1983-03-05,28.6152,27.5175
1983-03-06,28.5801,27.5334
1983-03-07,28.617,27.5631
1983-03-08,28.5589,27.5932
1983-03-09,28.5095,27.6274
1983-03-10,28.5075,27.6529
1983-03-11,28.6345,27.6629
1983-03-12,28.6229,27.6643
1983-03-13,28.5907,27.6768
1983-03-14,28.6344,27.6981
1983-03-15,28.6288,27.7434
1983-03-16,28.4977,27.7476
1983-03-17,28.4319,27.7395
1983-03-18,28.4035,27.7289
1983-03-19,28.4904,27.7142
1983-03-20,28.5153,27.7041
1983-03-21,28.4505,27.7119
1983-03-22,28.378,27.7428
1983-03-23,28.2876,27.7361
1983-03-24,28.2967,27.7366
1983-03-25,28.3394,27.7397
1983-03-26,28.366,27.7425
1983-03-27,28.3448,27.7125
1983-03-28,28.319,27.6998
1983-03-29,28.2279,27.7012
1983-03-30,28.171,27.7141
1983-03-31,28.177,27.7325
1983-04-01,28.2404,27.7896
1983-04-02,28.2926,27.8654
1983-04-03,28.3684,27.9169
1983-04-04,28.3671,27.9284
1983-04-05,28.3454,27.903
1983-04-06,28.3128,27.8956
1983-04-07,28.3464,27.889
1983-04-08,28.3719,27.8765
1983-04-09,28.4364,27.8619
1983-04-10,28.4112,27.8296
1983-04-11,28.3935,27.8567
1983-04-12,28.4917,27.8483
1983-04-13,28.5779,27.8501
1983-04-14,28.6885,27.8614
1983-04-15,28.7474,27.8767
1983-04-16,28.7199,27.8636
1983-04-17,28.7256,27.8413
1983-04-18,28.7622,27.8253
1983-04-19,28.7178,27.7967
1983-04-20,28.6234,27.7916
1983-04-21,28.5132,27.7804
1983-04-22,28.4485,27.7804
1983-04-23,28.4382,27.7427
1983-04-24,28.5472,27.7599
1983-04-25,28.6206,27.7749
1983-04-26,28.7068,27.7767
1983-04-27,28.6946,27.7656
1983-04-28,28.6575,27.7628
1983-04-29,28.6455,27.771
1983-04-30,28.5307,27.7474
1983-05-01,28.5109,27.7175
1983-05-02,28.5107,27.6989
1983-05-03,28.5762,27.6753
1983-05-04,28.6134,27.6605
1983-05-05,28.6552,27.6612
1983-05-06,28.7525,27.7088
1983-05-07,28.8251,27.7623
1983-05-08,28.8019,27.7986
1983-05-09,28.7903,27.7754
1983-05-10,28.8306,27.7511
1983-05-11,28.7204,27.7285
1983-05-12,28.5255,27.7006
1983-05-13,28.4601,27.6597
1983-05-14,28.4876,27.6301
1983-05-15,28.5479,27.6258
1983-05-16,28.5931,27.6532
1983-05-17,28.6533,27.655
1983-05-18,28.5749,27.6632
1983-05-19,28.5088,27.6776
1983-05-20,28.5028,27.7083
1983-05-21,28.5527,27.7318
1983-05-22,28.486,27.7142
1983-05-23,28.4137,27.7014
1983-05-24,28.2975,27.6888
1983-05-25,28.2079,27.6663
1983-05-26,28.2289,27.671
1983-05-27,28.4339,27.6813
1983-05-28,28.6208,27.6511
1983-05-29,28.6935,27.6223
1983-05-30,28.6769,27.629
1983-05-31,28.6319,27.6554
1983-06-01,28.8804,27.6549
1983-06-02,28.8657,27.6395
1983-06-03,28.7447,27.6498
1983-06-04,28.5832,27.6438
1983-06-05,28.4572,27.5973
1983-06-06,28.4846,27.5674
1983-06-07,28.4586,27.5431
1983-06-08,28.436,27.513
1983-06-09,28.4362,27.4701
1983-06-10,28.426,27.4395
1983-06-11,28.4339,27.411
1983-06-12,28.5214,27.4029
1983-06-13,28.5484,27.3796
1983-06-14,28.4558,27.3461
1983-06-15,28.3264,27.3235
1983-06-16,28.2803,27.3216
1983-06-17,28.0862,27.3059
1983-06-18,27.8845,27.2746
1983-06-19,27.8326,27.268
1983-06-20,27.8515,27.2843
1983-06-21,27.788,27.2757
1983-06-22,27.7476,27.2462
1983-06-23,27.6316,27.2024
1983-06-24,27.5493,27.1847
1983-06-25,27.5106,27.1365
1983-06-26,27.3974,27.1097
1983-06-27,27.312,27.085
1983-06-28,27.5082,27.0748
1983-06-29,27.7516,27.0526
1983-06-30,27.8331,27.0245
1983-07-01,27.7217,26.9831
1983-07-02,27.4292,26.9171
1983-07-03,27.1391,26.8917
1983-07-04,26.9691,26.8935
1983-07-05,26.9521,26.8751
1983-07-06,27.1234,26.8646
1983-07-07,27.2015,26.8095
1983-07-08,27.2419,26.767
1983-07-09,27.2234,26.7078
1983-07-10,27.1875,26.6728
1983-07-11,27.1587,26.6793
1983-07-12,27.1517,26.6821
1983-07-13,27.1273,26.6909
1983-07-14,26.9205,26.6969
1983-07-15,26.7735,26.7234
1983-07-16,26.6186,26.7189
1983-07-17,26.5022,26.7127
1983-07-18,26.501,26.7075
1983-07-19,26.6145,26.7006
1983-07-20,26.6364,26.6782
1983-07-21,26.7006,26.6697
1983-07-22,26.7092,26.6488
1983-07-23,26.6147,26.6295
1983-07-24,26.5542,26.6265
1983-07-25,26.544,26.6032
1983-07-26,26.5497,26.5763
1983-07-27,26.4967,26.5914
1983-07-28,26.4856,26.6023
1983-07-29,26.4734,26.6102
1983-07-30,26.4801,26.63
1983-07-31,26.4389,26.6228
1983-08-01,26.4591,26.6323
1983-08-02,26.4836,26.6192
1983-08-03,26.3741,26.5645
1983-08-04,26.2353,26.4938
1983-08-05,26.2206,26.4635
1983-08-06,26.2101,26.4522
1983-08-07,26.0681,26.4228
1983-08-08,26.0929,26.3992
1983-08-09,26.2036,26.4178
1983-08-10,26.3668,26.4428
1983-08-11,26.3943,26.4587
1983-08-12,26.4413,26.4618
1983-08-13,26.5905,26.4678
1983-08-14,26.6894,26.4586
1983-08-15,26.6932,26.4332
1983-08-16,26.635,26.4163
1983-08-17,26.6025,26.3912
1983-08-18,26.49,26.4009
1983-08-19,26.486,26.3978
1983-08-20,26.474,26.3988
1983-08-21,26.3554,26.4055
1983-08-22,26.349,26.409
1983-08-23,26.1737,26.426
1983-08-24,26.103,26.4668
1983-08-25,26.1511,26.4738
1983-08-26,26.1973,26.4661
1983-08-27,26.2407,26.4496
1983-08-28,26.1345,26.445
1983-08-29,26.1278,26.4677
1983-08-30,26.0407,26.46
1983-08-31,26.105,26.4373
1983-09-01,26.23,26.4338
1983-09-02,26.3231,26.4189
1983-09-03,26.4409,26.4207
1983-09-04,26.5283,26.4371
1983-09-05,26.7023,26.4553
1983-09-06,26.6981,26.4814
1983-09-07,26.5994,26.4851
1983-09-08,26.491,26.5066
1983-09-09,26.3439,26.5312
1983-09-10,26.3415,26.5269
1983-09-11,26.3589,26.5357
1983-09-12,26.4517,26.5761
1983-09-13,26.5378,26.6029
1983-09-14,26.563,26.609
1983-09-15,26.5024,26.5924
1983-09-16,26.3688,26.5709
1983-09-17,26.2507,26.5752
1983-09-18,26.1555,26.5744
1983-09-19,26.0877,26.5637
1983-09-20,26.0582,26.5607
1983-09-21,26.0653,26.5717
1983-09-22,26.0712,26.5784
1983-09-23,26.0838,26.5819
1983-09-24,26.1,26.5911
1983-09-25,26.108,26.5991
1983-09-26,25.8509,26.5894
1983-09-27,25.8702,26.5308
1983-09-28,25.7618,26.4936
1983-09-29,25.7186,26.4667
1983-09-30,25.7067,26.4466
1983-10-01,25.6838,26.4212
1983-10-02,25.608,26.3864
1983-10-03,25.4855,26.389
1983-10-04,25.4823,26.4137
1983-10-05,25.5155,26.48
1983-10-06,25.5162,26.5183
1983-10-07,25.6116,26.5293
1983-10-08,25.6905,26.5651
1983-10-09,25.7118,26.5731
1983-10-10,25.8029,26.5854
1983-10-11,25.8419,26.6148
1983-10-12,25.7885,26.6609
1983-10-13,25.8016,26.6814
1983-10-14,25.8612,26.6953
1983-10-15,25.8523,26.7185
1983-10-16,25.8994,26.7291
1983-10-17,25.9286,26.7123
1983-10-18,25.9039,26.6743
1983-10-19,25.8279,26.636
1983-10-20,25.7617,26.6288
1983-10-21,25.7011,26.6521
1983-10-22,25.6607,26.6603
1983-10-23,25.6459,26.6601
1983-10-24,25.6242,26.6796
1983-10-25,25.5437,26.7021
1983-10-26,25.2065,26.696
1983-10-27,25.1626,26.6887
1983-10-28,25.2239,26.6705
1983-10-29,25.2864,26.6661
1983-10-30,25.2556,26.684
1983-10-31,25.3046,26.7094
1983-11-01,25.3903,26.7218
1983-11-02,25.4684,26.7535
1983-11-03,25.4982,26.7863
1983-11-04,25.6373,26.8065
1983-11-05,25.8199,26.812
1983-11-06,25.8599,26.8232
1983-11-07,25.8848,26.8132
1983-11-08,25.7954,26.7744
1983-11-09,25.6494,26.7352
1983-11-10,25.6693,26.7311
1983-11-11,25.7445,26.7441
1983-11-12,25.6397,26.7496
1983-11-13,25.5346,26.7611
1983-11-14,25.4422,26.7458
1983-11-15,25.3518,26.7422
1983-11-16,25.0091,26.7202
1983-11-17,24.8094,26.7269
1983-11-18,24.8736,26.7252
1983-11-19,25.0192,26.7234
1983-11-20,25.1454,26.7046
1983-11-21,25.1974,26.7242
1983-11-22,25.0901,26.736
1983-11-23,25.0281,26.7677
1983-11-24,25.0903,26.7973
1983-11-25,25.1623,26.827
1983-11-26,25.2303,26.8215
1983-11-27,25.474,26.8285
1983-11-28,25.6118,26.8333
1983-11-29,25.6601,26.8348
1983-11-30,25.7098,26.8474
1983-12-01,25.7036,26.8311
1983-12-02,25.8363,26.8433
1983-12-03,25.97,26.8424
1983-12-04,25.9836,26.8537
1983-12-05,25.9952,26.8647
1983-12-06,25.9284,26.8771
1983-12-07,25.8413,26.8747
1983-12-08,25.7637,26.8641
1983-12-09,25.6242,26.857
1983-12-10,25.6394,26.8666
1983-12-11,25.6533,26.9027
1983-12-12,25.6029,26.9195
1983-12-13,25.4553,26.916
1983-12-14,25.439,26.9334
1983-12-15,25.4042,26.9075
1983-12-16,25.3217,26.8724
1983-12-17,25.2553,26.8508
1983-12-18,25.2639,26.843
1983-12-19,25.2396,26.8155
1983-12-20,25.2102,26.7951
1983-12-21,25.1038,26.8074
1983-12-22,25.0209,26.8128
1983-12-23,25.0051,26.8265
1983-12-24,24.9059,26.8137
1983-12-25,24.7212,26.7799
1983-12-26,24.6235,26.7605
1983-12-27,24.7033,26.7451
1983-12-28,24.9829,26.7594
1983-12-29,25.1704,26.7707
1983-12-30,25.2799,26.7749
1983-12-31,25.3507,26.7805
1984-01-01,25.4441,26.7743
1984-01-02,25.5408,26.8009
1984-01-03,25.5823,26.8233
1984-01-04,25.7246,26.847
1984-01-05,25.6694,26.92
1984-01-06,25.6842,26.9329
1984-01-07,25.6889,26.9574
1984-01-08,25.6785,26.9516
1984-01-09,25.6801,26.9468
1984-01-10,25.7115,26.9263
1984-01-11,25.6873,26.9355
1984-01-12,25.6858,26.9679
1984-01-13,25.6635,26.9513
1984-01-14,25.6878,26.9472
1984-01-15,25.6448,26.9664
1984-01-16,25.6522,26.9287
1984-01-17,25.5214,26.9057
1984-01-18,25.3757,26.8906
1984-01-19,25.3626,26.8863
1984-01-20,25.3043,26.8968
1984-01-21,25.2278,26.8844
1984-01-22,25.1032,26.8644
1984-01-23,25.0607,26.8265
1984-01-24,25.0663,26.8255
1984-01-25,25.2778,26.8311
1984-01-26,25.3733,26.8242
1984-01-27,25.5758,26.8486
1984-01-28,25.6416,26.8559
1984-01-29,25.6719,26.864
1984-01-30,25.7858,26.8925
1984-01-31,25.9122,26.8855
1984-02-01,26.1634,26.8838
1984-02-02,26.3967,26.8927
1984-02-03,26.3312,26.8982
1984-02-04,26.2674,26.9046
1984-02-05,26.2155,26.9203
1984-02-06,26.2403,26.9484
1984-02-07,26.2847,26.9428
1984-02-08,26.3211,26.9481
1984-02-09,26.3651,26.9548
1984-02-10,26.4715,26.9899
1984-02-11,26.5416,27.0247
1984-02-12,26.6476,27.0765
1984-02-13,26.773,27.0734
1984-02-14,26.6955,27.0439
1984-02-15,26.6088,27.0388
1984-02-16,26.5945,27.0697
1984-02-17,26.5957,27.082
1984-02-18,26.6244,27.0954
1984-02-19,26.6479,27.1038
1984-02-20,26.6712,27.1134
1984-02-21,26.6927,27.126
1984-02-22,26.7112,27.1438
1984-02-23,26.694,27.1825
1984-02-24,26.7455,27.2266
1984-02-25,26.7903,27.2453
1984-02-26,26.7763,27.2756
1984-02-27,26.738,27.2602
1984-02-28,26.6584,27.2494
1984-02-29,26.5961,27.2258
1984-03-01,26.6981,27.1996
1984-03-02,26.662,27.1766
1984-03-03,26.6626,27.1575
1984-03-04,26.6197,27.1349
1984-03-05,26.4957,27.1561
1984-03-06,26.4852,27.1916
1984-03-07,26.5242,27.2231
1984-03-08,26.5566,27.2473
1984-03-09,26.5589,27.2712
1984-03-10,26.6,27.322
1984-03-11,26.6243,27.3505
1984-03-12,26.6569,27.3938
1984-03-13,26.5913,27.4308
1984-03-14,26.4632,27.4529
1984-03-15,26.2741,27.4687
1984-03-16,26.1393,27.467
1984-03-17,26.1068,27.4481
1984-03-18,26.2303,27.4414
1984-03-19,26.5937,27.4682
1984-03-20,26.9308,27.5056
1984-03-21,27.0485,27.5058
1984-03-22,27.0296,27.4873
1984-03-23,26.9984,27.5007
1984-03-24,27.0864,27.5127
1984-03-25,27.0743,27.5243
1984-03-26,27.0432,27.5029
1984-03-27,27.019,27.4961
1984-03-28,27.0318,27.4943
1984-03-29,26.7628,27.4752
1984-03-30,26.7629,27.5053
1984-03-31,26.9488,27.5122
1984-04-01,27.0652,27.5369
1984-04-02,27.0973,27.5689
1984-04-03,27.1411,27.5801
1984-04-04,27.2011,27.5937
1984-04-05,27.2966,27.6153
1984-04-06,27.2065,27.6139
1984-04-07,27.2465,27.6367
1984-04-08,27.2316,27.6551
1984-04-09,27.2071,27.6392
1984-04-10,27.7469,27.6841
1984-04-11,27.7216,27.6607
1984-04-12,27.6056,27.6581
1984-04-13,27.5422,27.6601
1984-04-14,27.5639,27.6537
1984-04-15,27.5318,27.6416
1984-04-16,27.5119,27.6086
1984-04-17,27.3515,27.5902
1984-04-18,27.2827,27.5901
1984-04-19,27.2182,27.5804
1984-04-20,27.151,27.5664
1984-04-21,27.2774,27.5558
1984-04-22,27.2671,27.5561
1984-04-23,27.2298,27.5482
1984-04-24,27.2447,27.5498
1984-04-25,27.2396,27.5397
1984-04-26,27.1236,27.5308
1984-04-27,27.0641,27.5251
1984-04-28,27.0639,27.5136
1984-04-29,27.0485,27.4857
1984-04-30,26.948,27.4325
1984-05-01,26.8693,27.4026
1984-05-02,26.8623,27.3988
1984-05-03,26.8479,27.3963
1984-05-04,27.2499,27.4234
1984-05-05,27.3382,27.4197
1984-05-06,27.4515,27.4072
1984-05-07,27.4384,27.3989
1984-05-08,27.3529,27.4062
1984-05-09,27.2696,27.4105
1984-05-10,27.2714,27.4266
1984-05-11,27.2748,27.4586
1984-05-12,27.2859,27.4828
1984-05-13,27.4024,27.4649
1984-05-14,27.3768,27.4542
1984-05-15,27.3818,27.4331
1984-05-16,27.4179,27.3855
1984-05-17,27.341,27.3277
1984-05-18,27.1545,27.3085
1984-05-19,27.0522,27.3148
1984-05-20,27.0091,27.3228
1984-05-21,26.9985,27.3278
1984-05-22,27.0021,27.336
1984-05-23,26.9715,27.3265
1984-05-24,26.9815,27.3022
1984-05-25,26.9996,27.2583
1984-05-26,27.0492,27.2237
1984-05-27,27.1357,27.1948
1984-05-28,27.1608,27.1707
1984-05-29,27.1579,27.1498
1984-05-30,27.1235,27.1575
1984-05-31,27.0792,27.1376
1984-06-01,26.9632,27.1195
1984-06-02,26.7965,27.1051
1984-06-03,26.7146,27.1074
1984-06-04,26.5785,27.1106
1984-06-05,26.4965,27.0829
1984-06-06,26.5994,27.0473
1984-06-07,26.4901,26.9693
1984-06-08,26.446,26.9134
1984-06-09,26.5702,26.9113
1984-06-10,26.7257,26.9205
1984-06-11,26.7171,26.9272
1984-06-12,26.7166,26.93
1984-06-13,26.6246,26.9134
1984-06-14,26.502,26.8601
1984-06-15,26.4193,26.8188
1984-06-16,26.4308,26.7978
1984-06-17,26.5155,26.7783
1984-06-18,26.6047,26.7649
1984-06-19,26.522,26.7468
1984-06-20,26.4141,26.7181
1984-06-21,26.3936,26.6912
1984-06-22,26.4631,26.6845
1984-06-23,26.5977,26.6924
1984-06-24,26.6853,26.6743
1984-06-25,26.7116,26.6534
1984-06-26,26.7013,26.6448
1984-06-27,26.7185,26.6383
1984-06-28,26.7707,26.6484
1984-06-29,26.7983,26.6549
1984-06-30,26.854,26.6681
1984-07-01,27.0938,26.6844
1984-07-02,27.0972,26.6702
1984-07-03,27.1127,26.632
1984-07-04,27.1974,26.6094
1984-07-05,27.0935,26.574
1984-07-06,26.9842,26.5512
1984-07-07,26.8358,26.5097
1984-07-08,26.76,26.5026
1984-07-09,26.6922,26.4996
1984-07-10,26.6474,26.5198
1984-07-11,26.6253,26.5056
1984-07-12,26.5309,26.4886
1984-07-13,26.5118,26.4901
1984-07-14,26.4786,26.463
1984-07-15,26.42,26.4548
1984-07-16,26.361,26.4556
1984-07-17,26.3951,26.4514
1984-07-18,26.531,26.4429
1984-07-19,26.5745,26.429
1984-07-20,26.5152,26.4308
1984-07-21,26.4739,26.3995
1984-07-22,26.4044,26.3613
1984-07-23,26.1457,26.3339
1984-07-24,26.1384,26.3102
1984-07-25,26.1338,26.2787
1984-07-26,26.1338,26.2485
1984-07-27,26.1627,26.2535
1984-07-28,26.1746,26.2554
1984-07-29,26.3559,26.2711
1984-07-30,26.4526,26.2412
1984-07-31,26.4146,26.223
1984-08-01,26.3294,26.2257
1984-08-02,26.2361,26.2089
1984-08-03,26.0173,26.1623
1984-08-04,25.7652,26.1234
1984-08-05,25.7524,26.0824
1984-08-06,25.9024,26.0466
1984-08-07,26.0021,26.0353
1984-08-08,26.1165,26.0401
1984-08-09,26.1465,26.0405
1984-08-10,26.2366,26.0643
1984-08-11,26.2624,26.0882
1984-08-12,26.2246,26.1386
1984-08-13,26.4105,26.1971
1984-08-14,26.5787,26.2444
1984-08-15,26.7379,26.2669
1984-08-16,26.7187,26.2523
1984-08-17,26.6241,26.2688
1984-08-18,26.5319,26.2666
1984-08-19,26.4823,26.2497
1984-08-20,26.4732,26.237
1984-08-21,26.4582,26.2461
1984-08-22,26.4836,26.2559
1984-08-23,26.5177,26.2476
1984-08-24,26.5283,26.2677
1984-08-25,26.3842,26.2427
1984-08-26,26.2901,26.2487
1984-08-27,26.292,26.285
1984-08-28,26.3019,26.3455
1984-08-29,26.2873,26.4155
1984-08-30,26.2413,26.4411
1984-08-31,26.2437,26.4328
1984-09-01,26.3146,26.4137
1984-09-02,26.2955,26.3617
1984-09-03,26.2181,26.3334
1984-09-04,26.2214,26.3339
1984-09-05,26.2818,26.3068
1984-09-06,26.2384,26.3076
1984-09-07,26.2051,26.3118
1984-09-08,26.1422,26.281
1984-09-09,26.1404,26.267
1984-09-10,26.1982,26.3062
1984-09-11,26.2103,26.3948
1984-09-12,26.2232,26.4261
1984-09-13,26.323,26.3943
1984-09-14,26.3697,26.3911
1984-09-15,26.4025,26.3825
1984-09-16,26.5416,26.4034
1984-09-17,26.6527,26.4449
1984-09-18,26.6487,26.4769
1984-09-19,26.6122,26.4949
1984-09-20,26.5384,26.4763
1984-09-21,26.4213,26.4886
1984-09-22,26.3972,26.5178
1984-09-23,26.3641,26.5482
1984-09-24,26.3336,26.5662
1984-09-25,26.2406,26.5394
1984-09-26,26.0947,26.5175
1984-09-27,26.0084,26.5109
1984-09-28,25.9529,26.506
1984-09-29,26.0133,26.5086
1984-09-30,25.9603,26.4859
1984-10-01,26.0381,26.4813
1984-10-02,26.1881,26.5092
1984-10-03,26.2665,26.5185
1984-10-04,26.3261,26.4987
1984-10-05,26.2625,26.4619
1984-10-06,26.1036,26.4384
1984-10-07,26.1746,26.4357
1984-10-08,26.3069,26.4309
1984-10-09,26.2503,26.3923
1984-10-10,26.0469,26.3905
1984-10-11,26.2011,26.4281
1984-10-12,26.4115,26.4561
1984-10-13,26.5002,26.4905
1984-10-14,26.5582,26.4995
1984-10-15,26.4512,26.516
1984-10-16,26.362,26.5384
1984-10-17,26.1696,26.5578
1984-10-18,25.9207,26.5517
1984-10-19,25.6589,26.5326
1984-10-20,25.4455,26.509
1984-10-21,25.3899,26.4744
1984-10-22,25.3373,26.4823
1984-10-23,25.394,26.5044
1984-10-24,25.4845,26.481
1984-10-25,25.5353,26.4718
1984-10-26,25.5885,26.4801
1984-10-27,25.6389,26.512
1984-10-28,25.5907,26.5447
1984-10-29,25.604,26.5404
1984-10-30,25.6424,26.5284
1984-10-31,25.5511,26.5214
1984-11-01,25.4451,26.568
1984-11-02,25.3963,26.5826
1984-11-03,25.4699,26.5989
1984-11-04,25.57,26.631
1984-11-05,25.6085,26.669
1984-11-06,25.5209,26.6958
1984-11-07,25.4533,26.7406
1984-11-08,25.3792,26.7466
1984-11-09,25.3705,26.7594
1984-11-10,25.3958,26.7514
1984-11-11,25.4504,26.7662
1984-11-12,25.4778,26.7802
1984-11-13,25.3489,26.7716
1984-11-14,25.3842,26.7729
1984-11-15,25.3195,26.7725
1984-11-16,25.3104,26.7622
1984-11-17,25.3209,26.752
1984-11-18,25.3222,26.7067
1984-11-19,25.3345,26.7054
1984-11-20,25.3978,26.706
1984-11-21,25.5096,26.6832
1984-11-22,25.5493,26.6483
1984-11-23,25.4131,26.6231
1984-11-24,25.3296,26.6239
1984-11-25,25.2856,26.6532
1984-11-26,25.3782,26.6622
1984-11-27,25.3855,26.6842
1984-11-28,25.3403,26.6866
1984-11-29,25.3247,26.6701
1984-11-30,25.3938,26.6728
1984-12-01,25.4455,26.6758
1984-12-02,25.5064,26.6882
1984-12-03,25.4406,26.643
1984-12-04,25.29,26.6071
1984-12-05,25.2664,26.6021
1984-12-06,25.2782,26.6014
1984-12-07,25.2896,26.608
1984-12-08,25.3014,26.6251
1984-12-09,25.422,26.6998
1984-12-10,25.3887,26.7089
1984-12-11,25.1919,26.6988
1984-12-12,24.9365,26.698
1984-12-13,24.8243,26.6936
1984-12-14,24.7649,26.62
1984-12-15,24.776,26.5463
1984-12-16,24.9226,26.6111
1984-12-17,24.9848,26.6451
1984-12-18,25.0307,26.6501
1984-12-19,24.9452,26.6356
1984-12-20,24.8959,26.6272
1984-12-21,24.8335,26.5932
1984-12-22,24.8345,26.5495
1984-12-23,24.7272,26.5364
1984-12-24,24.7439,26.5751
1984-12-25,24.7238,26.5748
1984-12-26,24.896,26.5846
1984-12-27,25.0718,26.6076
1984-12-28,25.113,26.6101
1984-12-29,25.1665,26.5902
1984-12-30,25.194,26.5561
1984-12-31,25.2313,26.5264
1985-01-01,25.4257,26.5321
1985-01-02,25.4514,26.545
1985-01-03,25.4509,26.6196
1985-01-04,25.4368,26.7501
1985-01-05,25.4161,26.8537
1985-01-06,25.5316,26.9156
1985-01-07,25.5392,26.9434
1985-01-08,25.4897,26.9356
1985-01-09,25.4636,26.8385
1985-01-10,25.3216,26.6245
1985-01-11,25.1547,26.5227
1985-01-12,25.1893,26.496
1985-01-13,25.2214,26.4974
1985-01-14,25.2605,26.4819
1985-01-15,25.2655,26.4735
1985-01-16,25.2797,26.4734
1985-01-17,25.2514,26.461
1985-01-18,25.1903,26.4586
1985-01-19,25.1259,26.4687
1985-01-20,25.0028,26.4685
1985-01-21,24.9211,26.4714
1985-01-22,24.9141,26.4688
1985-01-23,24.8712,26.493
1985-01-24,24.913,26.5032
1985-01-25,24.969,26.4885
1985-01-26,25.068,26.4865
1985-01-27,25.0279,26.5254
1985-01-28,25.0064,26.5221
1985-01-29,25.0241,26.5377
1985-01-30,25.0518,26.5488
1985-01-31,25.2019,26.5738
1985-02-01,25.321,26.6366
1985-02-02,25.4147,26.6734
1985-02-03,25.5398,26.7079
1985-02-04,25.6318,26.7148
1985-02-05,25.6773,26.749
1985-02-06,25.748,26.7981
1985-02-07,25.7645,26.8197
1985-02-08,25.7436,26.8226
1985-02-09,25.7682,26.8421
1985-02-10,25.7974,26.8607
1985-02-11,25.7866,26.8544
1985-02-12,25.7882,26.8305
1985-02-13,25.7634,26.8199
1985-02-14,25.7192,26.8263
1985-02-15,25.7428,26.8649
1985-02-16,25.744,26.8706
1985-02-17,25.7091,26.8417
1985-02-18,25.6922,26.8046
1985-02-19,25.7587,26.7858
1985-02-20,25.7168,26.7501
1985-02-21,25.8123,26.7445
1985-02-22,25.8918,26.7501
1985-02-23,25.9843,26.7575
1985-02-24,25.9732,26.7793
1985-02-25,25.9695,26.792
1985-02-26,25.9056,26.8189
1985-02-27,25.9276,26.8537
1985-02-28,26.0793,26.8861
1985-03-01,26.2323,26.939
1985-03-02,26.2485,26.9702
1985-03-03,26.2041,26.978
1985-03-04,26.162,26.9772
1985-03-05,26.1721,26.9367
1985-03-06,26.2451,26.894
1985-03-07,26.1766,26.8965
1985-03-08,26.1097,26.9075
1985-03-09,26.0015,26.9455
1985-03-10,25.9154,26.941
1985-03-11,26.0099,26.9561
1985-03-12,26.0129,26.984
1985-03-13,26.0887,27.0007
1985-03-14,26.1608,26.9928
1985-03-15,26.2433,27.0072
1985-03-16,26.3674,27.0468
1985-03-17,26.4,27.0657
1985-03-18,26.2316,27.081
1985-03-19,26.0321,27.1008
1985-03-20,26.0184,27.1134
1985-03-21,26.2336,27.1238
1985-03-22,26.4925,27.1598
1985-03-23,26.5702,27.1727
1985-03-24,26.6037,27.1799
1985-03-25,26.6536,27.1863
1985-03-26,26.6687,27.194
1985-03-27,26.6107,27.2293
1985-03-28,26.5712,27.2409
1985-03-29,26.5114,27.2662
1985-03-30,26.543,27.2719
1985-03-31,26.6264,27.2991
1985-04-01,26.6992,27.3212
1985-04-02,26.6251,27.3182
1985-04-03,26.7107,27.3075
1985-04-04,26.8004,27.2945
1985-04-05,26.8119,27.2886
1985-04-06,26.8365,27.3006
1985-04-07,26.76,27.3159
1985-04-08,26.8361,27.2954
1985-04-09,26.9438,27.281
1985-04-10,26.88,27.2478
1985-04-11,26.8475,27.227
1985-04-12,26.712,27.2013
1985-04-13,26.6775,27.1798
1985-04-14,26.6352,27.1827
1985-04-15,26.6448,27.1864
1985-04-16,26.6497,27.1958
1985-04-17,26.503,27.2041
1985-04-18,26.5236,27.208
1985-04-19,26.4195,27.1929
1985-04-20,26.4395,27.1775
1985-04-21,26.3578,27.1705
1985-04-22,26.3749,27.201
1985-04-23,26.5406,27.2551
1985-04-24,26.6118,27.3114
1985-04-25,26.6295,27.3316
1985-04-26,26.657,27.3494
1985-04-27,26.7056,27.3464
1985-04-28,26.6654,27.3071
1985-04-29,26.5251,27.292
1985-04-30,26.4361,27.2687
1985-05-01,26.4454,27.2723
1985-05-02,26.5905,27.3011
1985-05-03,26.549,27.3102
1985-05-04,26.5753,27.3125
1985-05-05,26.6312,27.3121
1985-05-06,26.6957,27.2931
1985-05-07,26.6635,27.2965
1985-05-08,26.5741,27.2982
1985-05-09,26.4897,27.3229
1985-05-10,26.5067,27.3326
1985-05-11,26.5594,27.3363
1985-05-12,26.677,27.3209
1985-05-13,26.7177,27.2871
1985-05-14,26.7598,27.2599
1985-05-15,26.8036,27.2254
1985-05-16,26.8976,27.2126
1985-05-17,26.7964,27.171
1985-05-18,26.7644,27.1542
1985-05-19,26.7817,27.1355
1985-05-20,26.9095,27.123
1985-05-21,27.0487,27.0997
1985-05-22,27.0664,27.0504
1985-05-23,27.0814,27.0097
1985-05-24,27.0923,26.9971
1985-05-25,27.1166,26.9733
1985-05-26,27.071,26.955
1985-05-27,26.9452,26.9274
1985-05-28,26.7487,26.8935
1985-05-29,26.6294,26.869
1985-05-30,26.54,26.8386
1985-05-31,26.4908,26.8265
1985-06-01,26.4682,26.8527
1985-06-02,26.439,26.8476
1985-06-03,26.4936,26.8333
1985-06-04,26.6667,26.804
1985-06-05,26.7148,26.781
1985-06-06,26.7846,26.7838
1985-06-07,26.8018,26.796
1985-06-08,26.8504,26.8055
1985-06-09,26.8623,26.7902
1985-06-10,26.7964,26.7815
1985-06-11,26.7071,26.7789
1985-06-12,26.6698,26.7798
1985-06-13,26.6156,26.7571
1985-06-14,26.5403,26.7536
1985-06-15,26.458,26.7045
1985-06-16,26.6219,26.6958
1985-06-17,26.5875,26.6698
1985-06-18,26.5726,26.6398
1985-06-19,26.4147,26.6137
1985-06-20,26.2799,26.5758
1985-06-21,26.2664,26.5754
1985-06-22,26.2993,26.5639
1985-06-23,26.3879,26.5421
1985-06-24,26.4503,26.5097
1985-06-25,26.5105,26.486
1985-06-26,26.4918,26.4807
1985-06-27,26.5083,26.4663
1985-06-28,26.669,26.4557
1985-06-29,26.7839,26.4379
1985-06-30,26.6399,26.4057
1985-07-01,26.4071,26.3673
1985-07-02,26.3455,26.3476
1985-07-03,26.2673,26.3472
1985-07-04,26.2485,26.3191
1985-07-05,26.4207,26.3341
1985-07-06,26.5339,26.3446
1985-07-07,26.5602,26.328
1985-07-08,26.5123,26.2836
1985-07-09,26.4188,26.2615
1985-07-10,26.2488,26.2594
1985-07-11,26.0722,26.2579
1985-07-12,26.0402,26.2708
1985-07-13,26.1028,26.2615
1985-07-14,26.1488,26.2398
1985-07-15,26.2288,26.2514
1985-07-16,26.2768,26.2884
1985-07-17,26.2312,26.3159
1985-07-18,26.3938,26.329
1985-07-19,26.4506,26.3149
1985-07-20,26.4891,26.3065
1985-07-21,26.6189,26.3162
1985-07-22,26.6354,26.3134
1985-07-23,26.6745,26.3046
1985-07-24,26.7632,26.2984
1985-07-25,26.7935,26.3064
1985-07-26,26.7962,26.3001
1985-07-27,26.7593,26.3065
1985-07-28,26.75,26.2953
1985-07-29,26.7271,26.2865
1985-07-30,26.697,26.2561
1985-07-31,26.6087,26.2259
1985-08-01,26.5546,26.1966
1985-08-02,26.4902,26.1898
1985-08-03,26.3379,26.1726
1985-08-04,26.1775,26.1508
1985-08-05,26.0899,26.1129
1985-08-06,26.0578,26.0866
1985-08-07,26.0508,26.0696
1985-08-08,26.0459,26.0454
1985-08-09,25.9747,26.027
1985-08-10,25.8514,25.9974
1985-08-11,25.6942,25.9764
1985-08-12,25.61,25.976
1985-08-13,25.576,25.9832
1985-08-14,25.6469,25.99
1985-08-15,25.7446,26.0036
1985-08-16,25.8223,26.0103
1985-08-17,25.9132,26.013
1985-08-18,26.0512,26.0346
1985-08-19,26.2041,26.0375
1985-08-20,26.3443,26.0201
1985-08-21,26.4056,26.0191
1985-08-22,26.3706,26.0231
1985-08-23,26.3232,26.0358
1985-08-24,26.4792,26.0642
1985-08-25,26.6007,26.0819
1985-08-26,26.7472,26.1002
1985-08-27,26.7979,26.1111
1985-08-28,26.774,26.1276
1985-08-29,26.7408,26.1478
1985-08-30,26.6002,26.1658
1985-08-31,26.468,26.1543
1985-09-01,26.4746,26.1513
1985-09-02,26.5497,26.1532
1985-09-03,26.5864,26.1493
1985-09-04,26.5039,26.1404
1985-09-05,26.3585,26.1507
1985-09-06,26.1331,26.1427
1985-09-07,25.8995,26.138
1985-09-08,25.7737,26.1194
1985-09-09,25.7185,26.1021
1985-09-10,25.7313,26.0929
1985-09-11,25.8132,26.1069
1985-09-12,25.8189,26.1326
1985-09-13,25.8544,26.1452
1985-09-14,25.92,26.1587
1985-09-15,25.9068,26.1642
1985-09-16,25.8567,26.168
1985-09-17,25.7481,26.1595
1985-09-18,25.6369,26.15
1985-09-19,25.5867,26.1453
1985-09-20,25.5208,26.1376
1985-09-21,25.5398,26.1681
1985-09-22,25.7071,26.2025
1985-09-23,25.8463,26.2224
1985-09-24,25.9377,26.2087
1985-09-25,25.9847,26.2216
1985-09-26,25.9175,26.2373
1985-09-27,25.8091,26.2362
1985-09-28,25.7397,26.2405
1985-09-29,25.7464,26.2528
1985-09-30,25.7288,26.2811
1985-10-01,25.7611,26.3006
1985-10-02,25.8348,26.3013
1985-10-03,25.9075,26.2866
1985-10-04,25.9546,26.2712
1985-10-05,25.9531,26.2737
1985-10-06,25.9205,26.285
1985-10-07,25.904,26.2907
1985-10-08,25.9069,26.2914
1985-10-09,25.8671,26.2998
1985-10-10,25.8429,26.3282
1985-10-11,25.8882,26.3131
1985-10-12,25.9668,26.3595
1985-10-13,26.053,26.3597
1985-10-14,26.0957,26.3637
1985-10-15,26.0457,26.3515
1985-10-16,25.8808,26.3264
1985-10-17,25.6577,26.3221
1985-10-18,25.4909,26.3329
1985-10-19,25.5112,26.3718
1985-10-20,25.5951,26.3766
1985-10-21,25.7868,26.4062
1985-10-22,26.0619,26.4432
1985-10-23,26.0585,26.4531
1985-10-24,26.0245,26.4891
1985-10-25,26.0107,26.4969
1985-10-26,26.0659,26.5313
1985-10-27,26.151,26.5463
1985-10-28,26.2803,26.5579
1985-10-29,26.3857,26.5715
1985-10-30,26.4347,26.5879
1985-10-31,26.5061,26.5861
1985-11-01,26.5693,26.5744
1985-11-02,26.6837,26.5772
1985-11-03,26.6464,26.5886
1985-11-04,26.5396,26.5888
1985-11-05,26.4291,26.6102
1985-11-06,26.398,26.6165
1985-11-07,26.4359,26.6163
1985-11-08,26.5098,26.6461
1985-11-09,26.5121,26.6508
1985-11-10,26.363,26.6409
1985-11-11,26.3672,26.6295
1985-11-12,26.3729,26.6292
1985-11-13,26.4333,26.6097
1985-11-14,26.3333,26.5947
1985-11-15,26.2458,26.5914
1985-11-16,26.0734,26.5649
1985-11-17,25.9106,26.5527
1985-11-18,25.8072,26.5367
1985-11-19,25.8683,26.5441
1985-11-20,25.9539,26.5782
1985-11-21,25.9162,26.6093
1985-11-22,25.8374,26.6305
1985-11-23,25.79,26.6549
1985-11-24,25.7935,26.6697
1985-11-25,25.88,26.6881
1985-11-26,25.9583,26.6751
1985-11-27,25.9691,26.6673
1985-11-28,26.012,26.6693
1985-11-29,26.0604,26.6967
1985-11-30,26.0059,26.711
1985-12-01,26.0457,26.7208
1985-12-02,26.1004,26.7413
1985-12-03,26.1921,26.7313
1985-12-04,26.1896,26.7251
1985-12-05,26.2588,26.7268
1985-12-06,26.2685,26.7268
1985-12-07,26.3357,26.7071
1985-12-08,26.3758,26.6996
1985-12-09,26.357,26.6834
1985-12-10,26.4883,26.6951
1985-12-11,26.458,26.7034
1985-12-12,26.2821,26.6942
1985-12-13,26.1583,26.6677
1985-12-14,26.06,26.6622
1985-12-15,26.0136,26.6444
1985-12-16,26.0309,26.6396
1985-12-17,26.0039,26.6488
1985-12-18,25.989,26.6626
1985-12-19,25.9116,26.6968
1985-12-20,25.827,26.6897
1985-12-21,25.7428,26.6695
1985-12-22,25.76,26.6653
1985-12-23,25.7175,26.6422
1985-12-24,25.6426,26.6238
1985-12-25,25.6721,26.6226
1985-12-26,25.5933,26.6231
1985-12-27,25.5998,26.6272
1985-12-28,25.8136,26.6449
1985-12-29,25.893,26.6225
1985-12-30,25.8804,26.6305
1985-12-31,25.859,26.6382
1986-01-01,25.8894,26.6178
1986-01-02,25.8826,26.601
1986-01-03,25.7112,26.5911
1986-01-04,25.6435,26.5662
1986-01-05,25.7591,26.5717
1986-01-06,25.8635,26.5815
1986-01-07,25.9521,26.5821
1986-01-08,25.9865,26.5824
1986-01-09,25.9841,26.5606
1986-01-10,25.9006,26.5568
1986-01-11,25.8129,26.5546
1986-01-12,25.862,26.5645
1986-01-13,25.8539,26.5952
1986-01-14,25.8386,26.5974
1986-01-15,25.8513,26.6096
1986-01-16,25.9062,26.6255
1986-01-17,25.8783,26.6496
1986-01-18,25.8204,26.6783
1986-01-19,25.7451,26.697
1986-01-20,25.7264,26.6976
1986-01-21,25.6997,26.6989
1986-01-22,25.7243,26.6852
1986-01-23,25.8076,26.6749
1986-01-24,25.8492,26.6889
1986-01-25,25.8499,26.6875
1986-01-26,25.8066,26.6766
1986-01-27,25.6981,26.6706
1986-01-28,25.7273,26.6574
1986-01-29,25.697,26.6401
1986-01-30,25.5033,26.6184
1986-01-31,25.4957,26.6464
1986-02-01,25.3251,26.677
1986-02-02,25.2185,26.696
1986-02-03,25.2883,26.732
1986-02-04,25.4033,26.7653
1986-02-05,25.5431,26.7879
1986-02-06,25.6343,26.8068
1986-02-07,25.7474,26.8393
1986-02-08,25.9267,26.8688
1986-02-09,26.0249,26.8725
1986-02-10,25.977,26.8792
1986-02-11,25.9949,26.8834
1986-02-12,25.9284,26.8867
1986-02-13,26.038,26.9121
1986-02-14,26.1189,26.9338
1986-02-15,26.2279,26.9583
1986-02-16,26.233,26.9589
1986-02-17,26.0988,26.936
1986-02-18,26.0677,26.9414
1986-02-19,25.977,26.9553
1986-02-20,25.8911,26.9502
1986-02-21,25.9243,26.9503
1986-02-22,26.0094,26.9752
1986-02-23,26.0223,26.9786
1986-02-24,26.0013,27.0099
1986-02-25,25.992,27.0426
1986-02-26,25.975,27.0691
1986-02-27,25.9794,27.0646
1986-02-28,26.0348,27.0779
1986-03-01,26.0155,27.0774
1986-03-02,26.0337,27.0721
1986-03-03,25.9347,27.0585
1986-03-04,25.9826,27.0478
1986-03-05,26.1011,27.0553
1986-03-06,26.2421,27.0673
1986-03-07,26.5094,27.1023
1986-03-08,26.5937,27.1158
1986-03-09,26.6478,27.1343
1986-03-10,26.6372,27.1517
1986-03-11,26.6127,27.1836
1986-03-12,26.5696,27.1962
1986-03-13,26.523,27.1877
1986-03-14,26.5314,27.2044
1986-03-15,26.7338,27.2417
1986-03-16,26.7831,27.2735
1986-03-17,26.837,27.2763
1986-03-18,26.7944,27.2826
1986-03-19,26.8155,27.2842
1986-03-20,26.7944,27.2857
1986-03-21,26.7637,27.2597
1986-03-22,26.8053,27.2629
1986-03-23,26.8001,27.2509
1986-03-24,26.8678,27.2449
1986-03-25,26.7528,27.2255
1986-03-26,26.5676,27.2207
1986-03-27,26.5854,27.2278
1986-03-28,26.7526,27.2338
1986-03-29,26.8239,27.2408
1986-03-30,26.8889,27.2507
1986-03-31,27.042,27.2767
1986-04-01,27.0525,27.3108
1986-04-02,27.0292,27.3319
1986-04-03,26.9474,27.3553
1986-04-04,26.7794,27.354
1986-04-05,26.7794,27.3598
1986-04-06,26.9809,27.3956
1986-04-07,27.1105,27.4109
1986-04-08,27.1736,27.4194
1986-04-09,27.1993,27.4265
1986-04-10,27.3182,27.4368
1986-04-11,27.3871,27.447
1986-04-12,27.3627,27.43
1986-04-13,27.338,27.4434
1986-04-14,27.5093,27.4832
1986-04-15,27.496,27.5121
1986-04-16,27.358,27.5088
1986-04-17,27.3668,27.506
1986-04-18,27.5103,27.5059
1986-04-19,27.543,27.4983
1986-04-20,27.5053,27.4832
1986-04-21,27.4491,27.4552
1986-04-22,27.3855,27.4118
1986-04-23,27.3645,27.3937
1986-04-24,27.3168,27.398
1986-04-25,27.2663,27.403
1986-04-26,27.3376,27.4077
1986-04-27,27.333,27.429
1986-04-28,27.2776,27.4219
1986-04-29,27.0945,27.4026
1986-04-30,26.9818,27.3932
1986-05-01,27.0657,27.4003
1986-05-02,27.1805,27.4267
1986-05-03,27.1807,27.4523
1986-05-04,27.1745,27.4774
1986-05-05,27.2113,27.5027
1986-05-06,27.2433,27.4871
1986-05-07,27.2481,27.4717
1986-05-08,27.1734,27.4765
1986-05-09,27.262,27.4711
1986-05-10,27.4007,27.4389
1986-05-11,27.4774,27.4233
1986-05-12,27.3594,27.4221
1986-05-13,27.2378,27.416
1986-05-14,27.2186,27.3811
1986-05-15,27.0692,27.3518
1986-05-16,26.9707,27.3355
1986-05-17,26.9505,27.3016
1986-05-18,27.0454,27.2672
1986-05-19,27.0732,27.2288
1986-05-20,27.1161,27.2163
1986-05-21,27.1772,27.2084
1986-05-22,27.3516,27.2278
1986-05-23,27.5446,27.2418
1986-05-24,27.5107,27.2199
1986-05-25,27.5658,27.2148
1986-05-26,27.6072,27.2052
1986-05-27,27.577,27.1983
1986-05-28,27.4959,27.1866
1986-05-29,27.4857,27.1873
1986-05-30,27.428,27.1856
1986-05-31,27.3533,27.1797
1986-06-01,27.2674,27.1628
1986-06-02,27.1974,27.146
1986-06-03,27.135,27.1099
1986-06-04,27.1577,27.0827
1986-06-05,27.0962,27.0504
1986-06-06,27.08,27.0189
1986-06-07,27.1111,27.0059
1986-06-08,27.1967,27.0241
1986-06-09,27.3767,27.0255
1986-06-10,27.4335,27.0169
1986-06-11,27.3289,26.9861
1986-06-12,27.2739,26.9571
1986-06-13,27.344,26.9596
1986-06-14,27.2942,26.9311
1986-06-15,27.2494,26.9139
1986-06-16,27.1896,26.9176
1986-06-17,27.1669,26.9303
1986-06-18,27.2283,26.9067
1986-06-19,27.2048,26.867
1986-06-20,27.3319,26.8418
1986-06-21,27.408,26.8503
1986-06-22,27.4061,26.8253
1986-06-23,27.4247,26.8229
1986-06-24,27.605,26.8237
1986-06-25,27.6311,26.818
1986-06-26,27.626,26.8144
1986-06-27,27.595,26.8106
1986-06-28,27.5973,26.8044
1986-06-29,27.553,26.8035
1986-06-30,27.5205,26.7938
1986-07-01,27.5061,26.7529
1986-07-02,27.4731,26.6819
1986-07-03,27.4096,26.6352
1986-07-04,27.4506,26.617
1986-07-05,27.4921,26.5991
1986-07-06,27.4889,26.5833
1986-07-07,27.5638,26.5625
1986-07-08,27.599,26.538
1986-07-09,27.4724,26.5127
1986-07-10,27.2811,26.4626
1986-07-11,27.1309,26.4413
1986-07-12,27.0486,26.452
1986-07-13,27.0128,26.445
1986-07-14,27.0052,26.4401
1986-07-15,27.0637,26.4491
1986-07-16,27.05,26.4346
1986-07-17,27.0531,26.421
1986-07-18,27.0201,26.4148
1986-07-19,27.0428,26.4326
1986-07-20,26.9977,26.4299
1986-07-21,26.9647,26.4407
1986-07-22,27.0375,26.4517
1986-07-23,27.1227,26.4481
1986-07-24,27.1404,26.4265
1986-07-25,27.1652,26.4248
1986-07-26,27.1921,26.4206
1986-07-27,27.217,26.4068
1986-07-28,27.1894,26.3652
1986-07-29,27.136,26.3384
1986-07-30,27.1174,26.3158
1986-07-31,27.0899,26.2936
1986-08-01,27.0167,26.2773
1986-08-02,26.9918,26.2486
1986-08-03,26.9917,26.2237
1986-08-04,27.003,26.2212
1986-08-05,26.9633,26.2049
1986-08-06,26.8398,26.1958
1986-08-07,26.6812,26.1653
1986-08-08,26.6759,26.1547
1986-08-09,26.8545,26.1762
1986-08-10,26.9774,26.1814
1986-08-11,26.9838,26.1646
1986-08-12,26.9043,26.1396
1986-08-13,26.8497,26.1199
1986-08-14,26.8389,26.0973
1986-08-15,26.8335,26.1017
1986-08-16,26.7894,26.0959
1986-08-17,26.817,26.0971
1986-08-18,26.9169,26.1131
1986-08-19,26.9794,26.1383
1986-08-20,27.0915,26.1517
1986-08-21,27.1893,26.1693
1986-08-22,27.2449,26.2014
1986-08-23,27.3379,26.2123
1986-08-24,27.3952,26.2086
1986-08-25,27.4039,26.2152
1986-08-26,27.365,26.2144
1986-08-27,27.2518,26.2183
1986-08-28,27.294,26.2407
1986-08-29,27.3533,26.2601
1986-08-30,27.4148,26.281
1986-08-31,27.4376,26.2818
1986-09-01,27.4626,26.281
1986-09-02,27.4924,26.2868
1986-09-03,27.4417,26.2831
1986-09-04,27.3109,26.2676
1986-09-05,27.1352,26.2402
1986-09-06,27.1196,26.2106
1986-09-07,27.087,26.2078
1986-09-08,27.1343,26.1947
1986-09-09,27.064,26.2032
1986-09-10,27.0578,26.2146
1986-09-11,27.0494,26.2229
1986-09-12,27.0482,26.2591
1986-09-13,27.0729,26.298
1986-09-14,27.1198,26.3131
1986-09-15,27.0618,26.3088
1986-09-16,26.9672,26.3045
1986-09-17,26.7819,26.3062
1986-09-18,26.8011,26.3194
1986-09-19,26.8918,26.3484
1986-09-20,26.9188,26.3669
1986-09-21,27.0874,26.4018
1986-09-22,27.0947,26.4362
1986-09-23,27.1063,26.4687
1986-09-24,27.1334,26.4816
1986-09-25,27.174,26.5039
1986-09-26,27.2332,26.5155
1986-09-27,27.2651,26.5289
1986-09-28,27.2609,26.5356
1986-09-29,27.2286,26.5422
1986-09-30,27.1445,26.5467
1986-10-01,26.999,26.5265
1986-10-02,27.0563,26.5539
1986-10-03,27.1349,26.5949
1986-10-04,27.1114,26.6082
1986-10-05,27.1313,26.5996
1986-10-06,27.1927,26.5817
1986-10-07,27.1952,26.5816
1986-10-08,27.1633,26.5822
1986-10-09,27.163,26.5867
1986-10-10,27.137,26.5871
1986-10-11,27.0683,26.5816
1986-10-12,27.019,26.5833
1986-10-13,26.9977,26.5856
1986-10-14,26.9887,26.6061
1986-10-15,26.9729,26.6078
1986-10-16,27.001,26.6124
1986-10-17,27.0452,26.6174
1986-10-18,26.9852,26.6326
1986-10-19,27.0442,26.6422
1986-10-20,27.2663,26.6535
1986-10-21,27.2102,26.6644
1986-10-22,27.2461,26.7031
1986-10-23,27.359,26.7189
1986-10-24,27.4841,26.7482
1986-10-25,27.5682,26.7741
1986-10-26,27.6794,26.8116
1986-10-27,27.7521,26.8383
1986-10-28,27.776,26.8353
1986-10-29,27.7039,26.8224
1986-10-30,27.5317,26.8325
1986-10-31,27.4728,26.842
1986-11-01,27.5141,26.854
1986-11-02,27.3981,26.8518
1986-11-03,27.2617,26.8479
1986-11-04,27.2745,26.8477
1986-11-05,27.4404,26.8584
1986-11-06,27.5221,26.8453
1986-11-07,27.4905,26.8162
1986-11-08,27.4465,26.7814
1986-11-09,27.3858,26.7923
1986-11-10,27.2981,26.811
1986-11-11,27.2631,26.8358
1986-11-12,27.2172,26.871
1986-11-13,27.137,26.8623
1986-11-14,27.1542,26.8594
1986-11-15,27.2327,26.866
1986-11-16,27.2943,26.8835
1986-11-17,27.2095,26.8776
1986-11-18,27.1615,26.883
1986-11-19,27.0987,26.889
1986-11-20,26.9958,26.9143
1986-11-21,27.109,26.9238
1986-11-22,27.2402,26.9221
1986-11-23,27.2951,26.9075
1986-11-24,27.3259,26.9023
1986-11-25,27.4102,26.9156
1986-11-26,27.3588,26.9086
1986-11-27,27.376,26.9055
1986-11-28,27.4351,26.8935
1986-11-29,27.573,26.8908
1986-11-30,27.6642,26.861
1986-12-01,27.5452,26.8314
1986-12-02,27.5142,26.8538
1986-12-03,27.5057,26.8752
1986-12-04,27.4429,26.8671
1986-12-05,27.3414,26.871
1986-12-06,27.3714,26.8908
1986-12-07,27.3323,26.8638
1986-12-08,27.3342,26.8379
1986-12-09,27.3502,26.8307
1986-12-10,27.2956,26.8439
1986-12-11,27.2784,26.8457
1986-12-12,27.2896,26.8446
1986-12-13,27.4308,26.8542
1986-12-14,27.4558,26.8648
1986-12-15,27.5229,26.8716
1986-12-16,27.496,26.8548
1986-12-17,27.4567,26.8476
1986-12-18,27.4801,26.8456
1986-12-19,27.4034,26.8256
1986-12-20,27.3384,26.8172
1986-12-21,27.3837,26.8216
1986-12-22,27.4437,26.8405
1986-12-23,27.4243,26.8486
1986-12-24,27.5478,26.8528
1986-12-25,27.6012,26.8758
1986-12-26,27.6333,26.8912
1986-12-27,27.6736,26.8833
1986-12-28,27.5717,26.857
1986-12-29,27.5378,26.86
1986-12-30,27.6125,26.8673
1986-12-31,27.5907,26.8832
1987-01-01,27.5638,26.905
1987-01-02,27.4884,26.9041
1987-01-03,27.3794,26.9109
1987-01-04,27.4608,26.9246
1987-01-05,27.5422,26.929
1987-01-06,27.5937,26.9025
1987-01-07,27.5334,26.8885
1987-01-08,27.5725,26.8768
1987-01-09,27.5444,26.8837
1987-01-10,27.48,26.8849
1987-01-11,27.5019,26.8871
1987-01-12,27.5074,26.8744
1987-01-13,27.5352,26.8741
1987-01-14,27.5491,26.8682
1987-01-15,27.5775,26.8598
1987-01-16,27.4776,26.8373
1987-01-17,27.4475,26.8292
1987-01-18,27.4463,26.8204
1987-01-19,27.4687,26.8207
1987-01-20,27.4953,26.8631
1987-01-21,27.5112,26.8947
1987-01-22,27.5292,26.9064
1987-01-23,27.5198,26.9016
1987-01-24,27.452,26.8927
1987-01-25,27.4527,26.8846
1987-01-26,27.488,26.8975
1987-01-27,27.5269,26.9016
1987-01-28,27.4776,26.9006
1987-01-29,27.4823,26.9159
1987-01-30,27.5874,26.9335
1987-01-31,27.6693,26.9411
1987-02-01,27.6491,26.957
1987-02-02,27.5112,26.9692
1987-02-03,27.5368,26.9695
1987-02-04,27.5688,26.9695
1987-02-05,27.6866,26.9703
1987-02-06,27.7228,26.9757
1987-02-07,27.7764,26.9878
1987-02-08,27.7742,27.0089
1987-02-09,27.8334,27.0394
1987-02-10,27.8688,27.0783
1987-02-11,27.8754,27.0881
1987-02-12,27.7648,27.0915
1987-02-13,27.6115,27.0708
1987-02-14,27.4048,27.0606
1987-02-15,27.2959,27.056
1987-02-16,27.4376,27.078
1987-02-17,27.5645,27.1092
1987-02-18,27.561,27.1206
1987-02-19,27.5758,27.1465
1987-02-20,27.5544,27.1574
1987-02-21,27.479,27.1679
1987-02-22,27.4463,27.1665
1987-02-23,27.3832,27.1622
1987-02-24,27.2989,27.1289
1987-02-25,27.2917,27.1218
1987-02-26,27.2727,27.1588
1987-02-27,27.2351,27.1825
1987-02-28,27.2599,27.1784
1987-03-01,27.3959,27.1631
1987-03-02,27.612,27.1721
1987-03-03,27.7499,27.1995
1987-03-04,27.8578,27.259
1987-03-05,27.8861,27.3142
1987-03-06,27.9467,27.3591
1987-03-07,27.9748,27.4018
1987-03-08,28.0526,27.4712
1987-03-09,28.0983,27.5455
1987-03-10,28.1714,27.5846
1987-03-11,28.2115,27.6004
1987-03-12,28.2325,27.6116
1987-03-13,28.2963,27.6458
1987-03-14,28.4013,27.6838
1987-03-15,28.4539,27.7127
1987-03-16,28.4258,27.6988
1987-03-17,28.383,27.6878
1987-03-18,28.3013,27.6415
1987-03-19,28.291,27.6169
1987-03-20,28.2104,27.6239
1987-03-21,28.1423,27.6429
1987-03-22,28.0484,27.6426
1987-03-23,27.9692,27.6401
1987-03-24,28.0931,27.6619
1987-03-25,28.1782,27.6599
1987-03-26,28.2378,27.6783
1987-03-27,28.3338,27.691
1987-03-28,28.3477,27.706
1987-03-29,28.379,27.7047
1987-03-30,28.3342,27.7103
1987-03-31,28.2353,27.6999
1987-04-01,28.2695,27.6873
1987-04-02,28.2795,27.6806
1987-04-03,28.2833,27.6941
1987-04-04,28.341,27.7133
1987-04-05,28.338,27.723
1987-04-06,28.2963,27.7128
1987-04-07,28.2247,27.7043
1987-04-08,28.2159,27.6797
1987-04-09,28.1756,27.6722
1987-04-10,28.2276,27.7156
1987-04-11,28.2814,27.7267
1987-04-12,28.428,27.7681
1987-04-13,28.4044,27.7773
1987-04-14,28.388,27.7786
1987-04-15,28.3592,27.7904
1987-04-16,28.3501,27.8012
1987-04-17,28.3934,27.7984
1987-04-18,28.3718,27.7659
1987-04-19,28.3855,27.7289
1987-04-20,28.4041,27.706
1987-04-21,28.3611,27.6816
1987-04-22,28.312,27.6865
1987-04-23,28.3438,27.6723
1987-04-24,28.3166,27.6648
1987-04-25,28.2855,27.6626
1987-04-26,28.2088,27.6583
1987-04-27,28.095,27.639
1987-04-28,28.0704,27.6538
1987-04-29,28.1074,27.6719
1987-04-30,28.0559,27.6957
1987-05-01,28.027,27.721
1987-05-02,27.9993,27.7427
1987-05-03,28.0158,27.7767
1987-05-04,28.067,27.7769
1987-05-05,28.0891,27.7742
1987-05-06,28.1845,27.7502
1987-05-07,28.1919,27.7413
1987-05-08,28.1334,27.7397
1987-05-09,28.052,27.7407
1987-05-10,28.0002,27.7156
1987-05-11,27.9807,27.6961
1987-05-12,28.0473,27.6848
1987-05-13,28.0289,27.6812
1987-05-14,28.134,27.693
1987-05-15,28.1238,27.6984
1987-05-16,28.2319,27.7013
1987-05-17,28.4057,27.6927
1987-05-18,28.4566,27.6712
1987-05-19,28.4973,27.6702
1987-05-20,28.4156,27.6781
1987-05-21,28.4059,27.6788
1987-05-22,28.4602,27.6548
1987-05-23,28.5109,27.6357
1987-05-24,28.5031,27.6034
1987-05-25,28.4701,27.5982
1987-05-26,28.3536,27.5906
1987-05-27,28.2109,27.6005
1987-05-28,28.1107,27.6101
1987-05-29,28.157,27.6088
1987-05-30,28.1056,27.5889
1987-05-31,28.0783,27.5627
1987-06-01,28.1223,27.5321
1987-06-02,28.2413,27.5001
1987-06-03,28.2713,27.4642
1987-06-04,28.2114,27.4522
1987-06-05,28.2087,27.4612
1987-06-06,28.1006,27.461
1987-06-07,27.9786,27.4342
1987-06-08,28.0168,27.3952
1987-06-09,27.9888,27.376
1987-06-10,27.9482,27.3199
1987-06-11,28.0598,27.3029
1987-06-12,28.4256,27.2906
1987-06-13,28.4038,27.2488
1987-06-14,28.3951,27.2384
1987-06-15,28.4259,27.2417
1987-06-16,28.4357,27.2276
1987-06-17,28.484,27.2049
1987-06-18,28.5887,27.1675
1987-06-19,28.6605,27.1384
1987-06-20,28.7848,27.1393
1987-06-21,28.8407,27.1367
1987-06-22,28.8158,27.1135
1987-06-23,28.7641,27.0916
1987-06-24,28.7527,27.0768
1987-06-25,28.7585,27.0602
1987-06-26,28.7739,27.0646
1987-06-27,28.7862,27.0687
1987-06-28,28.8732,27.0822
1987-06-29,28.8028,27.0795
1987-06-30,28.6142,27.0536
1987-07-01,28.6388,27.0221
1987-07-02,28.6546,26.9815
1987-07-03,28.6434,26.9859
1987-07-04,28.5546,27.0001
1987-07-05,28.4916,26.9884
1987-07-06,28.4482,26.953
1987-07-07,28.4385,26.9248
1987-07-08,28.4659,26.9256
1987-07-09,28.4956,26.9335
1987-07-10,28.5178,26.925
1987-07-11,28.5198,26.9143
1987-07-12,28.4917,26.9097
1987-07-13,28.4291,26.9001
1987-07-14,28.3479,26.8729
1987-07-15,28.3103,26.8214
1987-07-16,28.3328,26.7893
1987-07-17,28.2825,26.7853
1987-07-18,28.194,26.7619
1987-07-19,28.1346,26.7378
1987-07-20,28.1463,26.729
1987-07-21,28.1269,26.7312
1987-07-22,28.1319,26.7248
1987-07-23,28.0479,26.7008
1987-07-24,28.0893,26.7074
1987-07-25,28.1652,26.6916
1987-07-26,28.1734,26.6824
1987-07-27,28.2541,26.6779
1987-07-28,28.3019,26.6901
1987-07-29,28.3106,26.7092
1987-07-30,28.253,26.7111
1987-07-31,28.2181,26.6774
1987-08-01,28.2482,26.6379
1987-08-02,28.2851,26.6243
1987-08-03,28.2267,26.618
1987-08-04,28.1448,26.6174
1987-08-05,28.0723,26.6052
1987-08-06,28.1238,26.6014
1987-08-07,28.0944,26.6169
1987-08-08,27.9313,26.6045
1987-08-09,27.7427,26.5805
1987-08-10,27.6838,26.5869
1987-08-11,27.6726,26.5883
1987-08-12,27.8123,26.5891
1987-08-13,27.953,26.6018
1987-08-14,28.0291,26.6043
1987-08-15,27.9966,26.5982
1987-08-16,28.055,26.5806
1987-08-17,28.1366,26.5753
1987-08-18,28.1329,26.5663
1987-08-19,28.1542,26.584
1987-08-20,28.1852,26.6026
1987-08-21,28.1251,26.6059
1987-08-22,28.0963,26.6074
1987-08-23,28.1106,26.5856
1987-08-24,28.2045,26.6054
1987-08-25,28.2587,26.5962
1987-08-26,28.2199,26.598
1987-08-27,28.1066,26.6061
1987-08-28,28.0296,26.6265
1987-08-29,27.991,26.6553
1987-08-30,28.0986,26.6847
1987-08-31,28.1914,26.6921
1987-09-01,28.2438,26.6818
1987-09-02,28.2237,26.678
1987-09-03,28.1184,26.6575
1987-09-04,27.9286,26.633
1987-09-05,27.8239,26.623
1987-09-06,27.8735,26.6291
1987-09-07,27.8645,26.6334
1987-09-08,27.8965,26.6357
1987-09-09,28.0053,26.6274
1987-09-10,28.0587,26.6328
1987-09-11,28.0028,26.6332
1987-09-12,27.9508,26.6534
1987-09-13,27.9797,26.6713
1987-09-14,28.0323,26.6706
1987-09-15,28.1561,26.6595
1987-09-16,28.2802,26.6886
1987-09-17,28.3481,26.7328
1987-09-18,28.3049,26.7633
1987-09-19,28.1618,26.7877
1987-09-20,28.0163,26.8128
1987-09-21,28.031,26.8329
1987-09-22,28.0245,26.8508
1987-09-23,27.9749,26.8392
1987-09-24,27.9985,26.8395
1987-09-25,28.0759,26.8778
1987-09-26,28.0723,26.8954
1987-09-27,27.9836,26.8952
1987-09-28,27.8913,26.8911
1987-09-29,27.8475,26.876
1987-09-30,27.9145,26.893
1987-10-01,27.891,26.9234
1987-10-02,27.7929,26.926
1987-10-03,27.7167,26.9063
1987-10-04,27.7226,26.9065
1987-10-05,27.7935,26.9285
1987-10-06,27.8967,26.9461
1987-10-07,27.9273,26.9428
1987-10-08,27.9148,26.9404
1987-10-09,27.9001,26.9458
1987-10-10,27.7767,26.9297
1987-10-11,27.6548,26.9114
1987-10-12,27.6189,26.9171
1987-10-13,27.6333,26.9285
1987-10-14,27.7045,26.9531
1987-10-15,27.7757,26.9779
1987-10-16,27.8526,26.9853
1987-10-17,27.8973,26.9977
1987-10-18,27.853,26.9967
1987-10-19,27.7233,26.9908
1987-10-20,27.5632,26.9929
1987-10-21,27.3979,27.0024
1987-10-22,27.4102,27.0295
1987-10-23,27.4246,27.0542
1987-10-24,27.3859,27.0684
1987-10-25,27.517,27.0819
1987-10-26,27.7108,27.0967
1987-10-27,27.664,27.1023
1987-10-28,27.5977,27.0882
1987-10-29,27.5921,27.0639
1987-10-30,27.582,27.0622
1987-10-31,27.4909,27.0875
1987-11-01,27.3858,27.1026
1987-11-02,27.3827,27.1047
1987-11-03,27.3434,27.1105
1987-11-04,27.4106,27.1339
1987-11-05,27.5601,27.1318
1987-11-06,27.6112,27.1358
1987-11-07,27.551,27.1319
1987-11-08,27.454,27.1437
1987-11-09,27.3515,27.1437
1987-11-10,27.422,27.142
1987-11-11,27.4973,27.1434
1987-11-12,27.5696,27.175
1987-11-13,27.579,27.2049
1987-11-14,27.625,27.2341
1987-11-15,27.5078,27.2482
1987-11-16,27.4929,27.2402
1987-11-17,27.5589,27.2708
1987-11-18,27.6704,27.2796
1987-11-19,27.674,27.276
1987-11-20,27.7217,27.2954
1987-11-21,27.7377,27.3201
1987-11-22,27.7692,27.3297
1987-11-23,27.7625,27.3155
1987-11-24,27.7664,27.3187
1987-11-25,27.8113,27.3306
1987-11-26,27.8357,27.327
1987-11-27,27.87,27.3207
1987-11-28,27.8421,27.2872
1987-11-29,27.8487,27.2833
1987-11-30,27.989,27.2862
1987-12-01,27.9016,27.2762
1987-12-02,27.7867,27.2789
1987-12-03,27.6898,27.2681
1987-12-04,27.5909,27.2504
1987-12-05,27.4412,27.235
1987-12-06,27.3521,27.2232
1987-12-07,27.4342,27.2255
1987-12-08,27.4218,27.1995
1987-12-09,27.3277,27.1894
1987-12-10,27.2091,27.1498
1987-12-11,27.3784,27.1184
1987-12-12,27.5387,27.1089
1987-12-13,27.5457,27.1428
1987-12-14,27.474,27.15
1987-12-15,27.4063,27.1443
1987-12-16,27.3037,27.1267
1987-12-17,27.2004,27.1246
1987-12-18,27.1607,27.1025
1987-12-19,27.077,27.0734
1987-12-20,27.0616,27.0809
1987-12-21,27.1693,27.0912
1987-12-22,27.1688,27.0798
1987-12-23,27.2335,27.0761
1987-12-24,27.2365,27.0849
1987-12-25,27.3284,27.1016
1987-12-26,27.3664,27.101
1987-12-27,27.3378,27.0868
1987-12-28,27.328,27.1026
1987-12-29,27.2557,27.1044
1987-12-30,27.2768,27.0952
1987-12-31,27.3122,27.1047
1988-01-01,27.2658,27.1138
1988-01-02,27.1964,27.1285
1988-01-03,27.364,27.1658
1988-01-04,27.4123,27.1754
1988-01-05,27.3994,27.195
1988-01-06,27.4106,27.2261
1988-01-07,27.4091,27.2558
1988-01-08,27.5188,27.2629
1988-01-09,27.5405,27.2471
1988-01-10,27.476,27.2331
1988-01-11,27.3179,27.2013
1988-01-12,27.2339,27.1775
1988-01-13,27.0231,27.1753
1988-01-14,26.8663,27.1801
1988-01-15,26.9514,27.2213
1988-01-16,27.088,27.2469
1988-01-17,27.2219,27.245
1988-01-18,27.3597,27.2734
1988-01-19,27.3581,27.2808
1988-01-20,27.2958,27.2726
1988-01-21,27.2483,27.2368
1988-01-22,27.2338,27.2104
1988-01-23,27.2971,27.1953
1988-01-24,27.2654,27.1693
1988-01-25,27.2142,27.1774
1988-01-26,27.1468,27.1705
1988-01-27,27.0323,27.1616
1988-01-28,26.9306,27.1748
1988-01-29,26.8512,27.1901
1988-01-30,26.8346,27.2104
1988-01-31,26.7332,27.2049
1988-02-01,26.748,27.2029
1988-02-02,26.8476,27.2124
1988-02-03,26.9603,27.227
1988-02-04,26.9934,27.2539
1988-02-05,26.9588,27.2742
1988-02-06,26.8085,27.2817
1988-02-07,26.7903,27.2856
1988-02-08,26.9428,27.3093
1988-02-09,27.064,27.3456
1988-02-10,27.0441,27.3762
1988-02-11,27.0509,27.4065
1988-02-12,27.0709,27.4224
1988-02-13,27.0692,27.4468
1988-02-14,27.0365,27.4787
1988-02-15,26.9583,27.4891
1988-02-16,26.9345,27.4733
1988-02-17,26.9394,27.4578
1988-02-18,26.8691,27.4315
1988-02-19,26.7433,27.4107
1988-02-20,26.6283,27.39
1988-02-21,26.6473,27.3813
1988-02-22,26.6603,27.395
1988-02-23,26.7653,27.4235
1988-02-24,26.8127,27.4492
1988-02-25,26.9313,27.4688
1988-02-26,27.0988,27.4746
1988-02-27,27.0843,27.481
1988-02-28,27.1002,27.4814
1988-02-29,27.1098,27.4951
1988-03-01,27.101,27.4934
1988-03-02,27.0354,27.5102
1988-03-03,27.1576,27.5459
1988-03-04,27.2581,27.5546
1988-03-05,27.2837,27.5804
1988-03-06,27.3914,27.6187
1988-03-07,27.4687,27.6666
1988-03-08,27.4672,27.7019
1988-03-09,27.5052,27.7123
1988-03-10,27.5328,27.7137
1988-03-11,27.5509,27.7082
1988-03-12,27.5444,27.7098
1988-03-13,27.5492,27.7368
1988-03-14,27.5227,27.7791
1988-03-15,27.4316,27.7805
1988-03-16,27.3442,27.769
1988-03-17,27.3394,27.7398
1988-03-18,27.3658,27.6894
1988-03-19,27.3854,27.6577
1988-03-20,27.3249,27.646
1988-03-21,27.1918,27.6455
1988-03-22,27.0812,27.6453
1988-03-23,27.0119,27.6821
1988-03-24,26.9885,27.7012
1988-03-25,27.0099,27.7
1988-03-26,26.9958,27.6839
1988-03-27,26.9842,27.6953
1988-03-28,26.9763,27.7029
1988-03-29,26.9658,27.6828
1988-03-30,27.0419,27.6623
1988-03-31,27.2369,27.6496
1988-04-01,27.3723,27.672
1988-04-02,27.3566,27.7193
1988-04-03,27.4295,27.7696
1988-04-04,27.4302,27.7852
1988-04-05,27.3835,27.7818
1988-04-06,27.4705,27.7839
1988-04-07,27.5536,27.8163
1988-04-08,27.5668,27.8233
1988-04-09,27.6184,27.8044
1988-04-10,27.5861,27.8046
1988-04-11,27.4703,27.784
1988-04-12,27.4911,27.782
1988-04-13,27.4047,27.7955
1988-04-14,27.3078,27.7948
1988-04-15,27.2119,27.7809
1988-04-16,27.2822,27.7971
1988-04-17,27.2458,27.7966
1988-04-18,27.2103,27.8054
1988-04-19,27.1899,27.8281
1988-04-20,27.1348,27.8424
1988-04-21,27.035,27.8272
1988-04-22,26.9759,27.8123
1988-04-23,26.8717,27.798
1988-04-24,26.8928,27.7716
1988-04-25,26.9679,27.7635
1988-04-26,26.9924,27.7725
1988-04-27,26.9488,27.7647
1988-04-28,26.8576,27.7492
1988-04-29,26.7519,27.7488
1988-04-30,26.7031,27.7314
1988-05-01,26.6127,27.6674
1988-05-02,26.5231,27.6163
1988-05-03,26.4935,27.5957
1988-05-04,26.4618,27.5844
1988-05-05,26.3532,27.5634
1988-05-06,26.2616,27.5472
1988-05-07,26.325,27.5484
1988-05-08,26.4258,27.5645
1988-05-09,26.6191,27.6037
1988-05-10,26.8442,27.6386
1988-05-11,26.9147,27.6623
1988-05-12,26.9254,27.6701
1988-05-13,26.8223,27.6572
1988-05-14,26.7082,27.6529
1988-05-15,26.6855,27.6398
1988-05-16,26.6354,27.6132
1988-05-17,26.5334,27.5835
1988-05-18,26.436,27.5666
1988-05-19,26.3742,27.5335
1988-05-20,26.327,27.5102
1988-05-21,26.2882,27.4871
1988-05-22,26.3254,27.4616
1988-05-23,26.2724,27.427
1988-05-24,26.2058,27.3828
1988-05-25,26.2178,27.3789
1988-05-26,26.2218,27.3564
1988-05-27,26.2343,27.3252
1988-05-28,26.2628,27.3169
1988-05-29,26.2834,27.3059
1988-05-30,26.287,27.2853
1988-05-31,26.2042,27.2435
1988-06-01,26.1663,27.204
1988-06-02,26.0966,27.1897
1988-06-03,25.9944,27.1636
1988-06-04,25.919,27.1633
1988-06-05,25.8947,27.1281
1988-06-06,25.9712,27.0979
1988-06-07,26.0444,27.0773
1988-06-08,26.1111,27.0708
1988-06-09,26.173,27.0862
1988-06-10,26.206,27.1225
1988-06-11,26.2458,27.1316
1988-06-12,26.3612,27.1343
1988-06-13,26.3151,27.1196
1988-06-14,26.2197,27.0774
1988-06-15,26.0738,27.0294
1988-06-16,25.9766,26.9715
1988-06-17,25.9185,26.9073
1988-06-18,25.8656,26.8608
1988-06-19,25.7815,26.8289
1988-06-20,25.7449,26.8292
1988-06-21,25.7984,26.8366
1988-06-22,25.8283,26.8619
1988-06-23,25.8063,26.8427
1988-06-24,25.7388,26.8174
1988-06-25,25.5872,26.782
1988-06-26,25.5373,26.7617
1988-06-27,25.4894,26.7576
1988-06-28,25.561,26.7512
1988-06-29,25.6465,26.7313
1988-06-30,25.6584,26.681
1988-07-01,25.6927,26.638
1988-07-02,25.7499,26.6353
1988-07-03,25.7751,26.6344
1988-07-04,25.7387,26.6154
1988-07-05,25.6956,26.5769
1988-07-06,25.6665,26.5614
1988-07-07,25.6084,26.5515
1988-07-08,25.6142,26.5467
1988-07-09,25.6233,26.5486
1988-07-10,25.6487,26.5319
1988-07-11,25.6085,26.5174
1988-07-12,25.5991,26.5209
1988-07-13,25.5586,26.5134
1988-07-14,25.539,26.4913
1988-07-15,25.4693,26.4853
1988-07-16,25.4372,26.4941
1988-07-17,25.3812,26.4759
1988-07-18,25.3998,26.4493
1988-07-19,25.3795,26.4029
1988-07-20,25.3757,26.3516
1988-07-21,25.3896,26.338
1988-07-22,25.394,26.3386
1988-07-23,25.3327,26.341
1988-07-24,25.3,26.3683
1988-07-25,25.2607,26.3829
1988-07-26,25.2169,26.3904
1988-07-27,25.3375,26.3897
1988-07-28,25.3985,26.396
1988-07-29,25.3686,26.3771
1988-07-30,25.382,26.3424
1988-07-31,25.3797,26.3069
1988-08-01,25.315,26.2618
1988-08-02,25.2781,26.244
1988-08-03,25.2116,26.2482
1988-08-04,25.2295,26.2605
1988-08-05,25.2511,26.2656
1988-08-06,25.249,26.2526
1988-08-07,25.2967,26.2414
1988-08-08,25.32,26.2297
1988-08-09,25.3606,26.2378
1988-08-10,25.3901,26.2412
1988-08-11,25.4382,26.2409
1988-08-12,25.4499,26.2411
1988-08-13,25.4548,26.2402
1988-08-14,25.5131,26.2546
1988-08-15,25.513,26.2461
1988-08-16,25.4713,26.2386
1988-08-17,25.3831,26.2497
1988-08-18,25.3509,26.2467
1988-08-19,25.3187,26.2639
1988-08-20,25.233,26.2851
1988-08-21,25.2562,26.3103
1988-08-22,25.3306,26.3196
1988-08-23,25.3443,26.3208
1988-08-24,25.3737,26.3211
1988-08-25,25.3946,26.3103
1988-08-26,25.3762,26.3136
1988-08-27,25.4693,26.3368
1988-08-28,25.5399,26.3561
1988-08-29,25.6303,26.3727
1988-08-30,25.6701,26.3472
1988-08-31,25.6691,26.3289
1988-09-01,25.6022,26.3409
1988-09-02,25.5116,26.3412
1988-09-03,25.4537,26.3509
1988-09-04,25.3849,26.3522
1988-09-05,25.3809,26.3624
1988-09-06,25.4671,26.3864
1988-09-07,25.6033,26.3869
1988-09-08,25.7545,26.4042
1988-09-09,25.929,26.4109
1988-09-10,26.0823,26.4092
1988-09-11,26.1898,26.4139
1988-09-12,26.1753,26.4005
1988-09-13,26.0776,26.3751
1988-09-14,26.0278,26.3569
1988-09-15,26.0493,26.357
1988-09-16,26.095,26.3739
1988-09-17,25.9753,26.3857
1988-09-18,25.9907,26.421
1988-09-19,26.1686,26.4509
1988-09-20,26.283,26.4611
1988-09-21,26.2823,26.4406
1988-09-22,26.2084,26.4165
1988-09-23,25.9918,26.3669
1988-09-24,25.8668,26.3483
1988-09-25,25.7582,26.3281
1988-09-26,25.5978,26.3162
1988-09-27,25.3449,26.3099
1988-09-28,25.0922,26.3243
1988-09-29,24.9901,26.3587
1988-09-30,24.9315,26.3584
1988-10-01,24.8616,26.3466
1988-10-02,24.7587,26.3551
1988-10-03,24.6155,26.3836
1988-10-04,24.4937,26.3834
1988-10-05,24.4847,26.3743
1988-10-06,24.4744,26.3912
1988-10-07,24.5901,26.4141
1988-10-08,24.6922,26.4357
1988-10-09,24.7653,26.4361
1988-10-10,24.7645,26.4471
1988-10-11,24.8499,26.4868
1988-10-12,24.9035,26.5317
1988-10-13,24.887,26.5444
1988-10-14,24.7743,26.5479
1988-10-15,24.779,26.5557
1988-10-16,24.7182,26.5519
1988-10-17,24.6588,26.5502
1988-10-18,24.6378,26.5588
1988-10-19,24.5785,26.5496
1988-10-20,24.5655,26.5627
1988-10-21,24.6358,26.5821
1988-10-22,24.6701,26.6017
1988-10-23,24.6809,26.6275
1988-10-24,24.6827,26.6377
1988-10-25,24.696,26.6139
1988-10-26,24.6184,26.5873
1988-10-27,24.4736,26.596
1988-10-28,24.4255,26.591
1988-10-29,24.3712,26.5894
1988-10-30,24.3084,26.6006
1988-10-31,24.355,26.5842
1988-11-01,24.2692,26.5532
1988-11-02,24.1647,26.5231
1988-11-03,24.133,26.5029
1988-11-04,24.148,26.4911
1988-11-05,24.2086,26.4984
1988-11-06,24.2625,26.5018
1988-11-07,24.3682,26.513
1988-11-08,24.5398,26.5819
1988-11-09,24.6688,26.6258
1988-11-10,24.7893,26.65
1988-11-11,24.8243,26.6395
1988-11-12,24.7888,26.6095
1988-11-13,24.8156,26.6042
1988-11-14,24.9247,26.611
1988-11-15,25.0015,26.6143
1988-11-16,25.0001,26.6154
1988-11-17,24.9753,26.6285
1988-11-18,24.8476,26.6213
1988-11-19,24.699,26.6034
1988-11-20,24.5096,26.5708
1988-11-21,24.4666,26.5579
1988-11-22,24.4444,26.5437
1988-11-23,24.3882,26.5366
1988-11-24,24.3386,26.5482
1988-11-25,24.2988,26.5458
1988-11-26,24.2241,26.5501
1988-11-27,24.2087,26.5462
1988-11-28,24.2251,26.5258
1988-11-29,24.1787,26.5094
1988-11-30,24.1863,26.5103
1988-12-01,24.148,26.4982
1988-12-02,24.1229,26.5025
1988-12-03,24.0867,26.4997
1988-12-04,24.1008,26.4843
1988-12-05,24.1417,26.469
1988-12-06,24.2143,26.4654
1988-12-07,24.2404,26.4661
1988-12-08,24.2916,26.4734
1988-12-09,24.3394,26.4755
1988-12-10,24.4177,26.485
1988-12-11,24.4831,26.5042
1988-12-12,24.5373,26.5052
1988-12-13,24.4861,26.4875
1988-12-14,24.4532,26.4995
1988-12-15,24.503,26.5131
1988-12-16,24.6215,26.5316
1988-12-17,24.6834,26.5378
1988-12-18,24.6535,26.5267
1988-12-19,24.6534,26.5255
1988-12-20,24.7071,26.5419
1988-12-21,24.7759,26.5636
1988-12-22,24.8282,26.5925
1988-12-23,24.8822,26.6049
1988-12-24,24.9223,26.5879
1988-12-25,24.964,26.6069
1988-12-26,24.9857,26.6203
1988-12-27,25.0363,26.61
1988-12-28,25.0337,26.5801
1988-12-29,24.909,26.5296
1988-12-30,24.679,26.4813
1988-12-31,24.5244,26.4639
1989-01-01,24.5068,26.4581
1989-01-02,24.4823,26.4526
1989-01-03,24.4729,26.4503
1989-01-04,24.4308,26.4668
1989-01-05,24.3237,26.4838
1989-01-06,24.2075,26.4949
1989-01-07,24.2608,26.4984
1989-01-08,24.2466,26.5249
1989-01-09,24.2121,26.5563
1989-01-10,24.2429,26.5791
1989-01-11,24.2789,26.5961
1989-01-12,24.3029,26.6209
1989-01-13,24.3886,26.6324
1989-01-14,24.4586,26.6245
1989-01-15,24.4524,26.613
1989-01-16,24.4857,26.6271
1989-01-17,24.4289,26.6102
1989-01-18,24.3511,26.5947
1989-01-19,24.4214,26.5976
1989-01-20,24.4566,26.5919
1989-01-21,24.5438,26.589
1989-01-22,24.5798,26.5973
1989-01-23,24.6115,26.5926
1989-01-24,24.595,26.5995
1989-01-25,24.5896,26.6085
1989-01-26,24.6589,26.6024
1989-01-27,24.7074,26.5893
1989-01-28,24.7049,26.5925
1989-01-29,24.7361,26.6192
1989-01-30,24.9438,26.6487
1989-01-31,25.034,26.6801
1989-02-01,25.0343,26.6825
1989-02-02,25.0683,26.6926
1989-02-03,25.1015,26.6968
1989-02-04,25.0767,26.7074
1989-02-05,25.0326,26.7147
1989-02-06,25.0762,26.7298
1989-02-07,25.095,26.7596
1989-02-08,25.0715,26.7537
1989-02-09,25.034,26.7486
1989-02-10,25.0205,26.7585
1989-02-11,24.9708,26.7508
1989-02-12,24.9443,26.7433
1989-02-13,24.8491,26.7324
1989-02-14,24.9556,26.7363
1989-02-15,25.0091,26.7472
1989-02-16,25.0365,26.7573
1989-02-17,25.1157,26.773
1989-02-18,25.239,26.786
1989-02-19,25.3163,26.8096
1989-02-20,25.3302,26.8311
1989-02-21,25.3968,26.8407
1989-02-22,25.4827,26.8542
1989-02-23,25.5961,26.8582
1989-02-24,25.6394,26.8417
1989-02-25,25.5563,26.8052
1989-02-26,25.4834,26.7714
1989-02-27,25.4847,26.7804
1989-02-28,25.5529,26.8062
1989-03-01,25.6599,26.8375
1989-03-02,25.6499,26.8652
1989-03-03,25.5694,26.9066
1989-03-04,25.4077,26.9144
1989-03-05,25.302,26.9318
1989-03-06,25.3513,26.9565
1989-03-07,25.4517,26.9518
1989-03-08,25.6594,26.9525
1989-03-09,25.771,26.9691
1989-03-10,25.8543,26.9876
1989-03-11,25.8671,26.985
1989-03-12,25.8737,26.9948
1989-03-13,25.7928,27.0022
1989-03-14,25.7544,27.0169
1989-03-15,25.7682,27.0318
1989-03-16,25.7493,27.0747
1989-03-17,25.6869,27.1001
1989-03-18,25.6287,27.1243
1989-03-19,25.6717,27.159
1989-03-20,25.7167,27.1857
1989-03-21,25.7756,27.1947
1989-03-22,25.8591,27.2012
1989-03-23,25.9365,27.2084
1989-03-24,25.8563,27.2065
1989-03-25,25.7917,27.2132
1989-03-26,25.8194,27.2427
1989-03-27,25.7896,27.2642
1989-03-28,25.762,27.2809
1989-03-29,25.8034,27.2879
1989-03-30,25.9151,27.3058
1989-03-31,26.1122,27.3176
1989-04-01,26.2046,27.2941
1989-04-02,26.2405,27.2584
1989-04-03,26.3322,27.2441
1989-04-04,26.4166,27.2431
1989-04-05,26.4454,27.2391
1989-04-06,26.497,27.23
1989-04-07,26.515,27.2481
1989-04-08,26.5133,27.2649
1989-04-09,26.4698,27.2638
1989-04-10,26.3538,27.2542
1989-04-11,26.344,27.2818
1989-04-12,26.4028,27.3012
1989-04-13,26.4646,27.3055
1989-04-14,26.4132,27.3046
1989-04-15,26.386,27.3192
1989-04-16,26.3417,27.3135
1989-04-17,26.208,27.2899
1989-04-18,26.3107,27.3021
1989-04-19,26.3343,27.3284
1989-04-20,26.3318,27.3385
1989-04-21,26.4256,27.3627
1989-04-22,26.4635,27.3784
1989-04-23,26.4702,27.3895
1989-04-24,26.5558,27.4074
1989-04-25,26.5983,27.4195
1989-04-26,26.6148,27.4184
1989-04-27,26.6164,27.4398
1989-04-28,26.6496,27.481
1989-04-29,26.732,27.4981
1989-04-30,26.6272,27.4779
1989-05-01,26.558,27.4312
1989-05-02,26.6093,27.41
1989-05-03,26.6231,27.4176
1989-05-04,26.6786,27.4012
1989-05-05,26.8542,27.3837
1989-05-06,26.8915,27.3684
1989-05-07,26.8808,27.3662
1989-05-08,26.8427,27.3684
1989-05-09,26.8253,27.3611
1989-05-10,26.8385,27.3213
1989-05-11,27.0132,27.294
1989-05-12,27.1456,27.2792
1989-05-13,27.272,27.2737
1989-05-14,27.3178,27.2461
1989-05-15,27.2714,27.2278
1989-05-16,27.2454,27.2272
1989-05-17,27.1672,27.191
1989-05-18,27.057,27.1785
1989-05-19,27.0162,27.1686
1989-05-20,26.9667,27.1545
1989-05-21,27.0798,27.18
1989-05-22,27.1526,27.1957
1989-05-23,27.1289,27.1862
1989-05-24,27.0685,27.1704
1989-05-25,27.0371,27.1413
1989-05-26,26.9943,27.1038
1989-05-27,26.8947,27.0711
1989-05-28,26.8003,27.0537
1989-05-29,26.7098,27.0225
1989-05-30,26.6501,26.9963
1989-05-31,26.6754,26.9592
1989-06-01,26.6344,26.9055
1989-06-02,26.6447,26.8888
1989-06-03,26.6447,26.8502
1989-06-04,26.6982,26.8493
1989-06-05,26.7435,26.8826
1989-06-06,26.8078,26.9009
1989-06-07,26.7493,26.8827
1989-06-08,26.7786,26.8613
1989-06-09,26.7523,26.8404
1989-06-10,26.8836,26.8255
1989-06-11,27.0333,26.8142
1989-06-12,27.1884,26.7988
1989-06-13,27.2505,26.812
1989-06-14,27.2925,26.8304
1989-06-15,27.3787,26.856
1989-06-16,27.3931,26.8485
1989-06-17,27.3986,26.8254
1989-06-18,27.3741,26.8096
1989-06-19,27.3567,26.7916
1989-06-20,27.276,26.7563
1989-06-21,27.1921,26.7266
1989-06-22,27.0988,26.6928
1989-06-23,27.0746,26.6663
1989-06-24,27.0787,26.6631
1989-06-25,27.0815,26.6521
1989-06-26,26.9998,26.6405
1989-06-27,26.8886,26.6281
1989-06-28,26.7663,26.6451
1989-06-29,26.7086,26.6528
1989-06-30,26.6444,26.6162
1989-07-01,26.5909,26.5562
1989-07-02,26.5698,26.5078
1989-07-03,26.526,26.486
1989-07-04,26.4536,26.481
1989-07-05,26.5038,26.4978
1989-07-06,26.554,26.5123
1989-07-07,26.6728,26.5172
1989-07-08,26.6558,26.5221
1989-07-09,26.677,26.5046
1989-07-10,26.7132,26.4935
1989-07-11,26.6232,26.4715
1989-07-12,26.5294,26.4619
1989-07-13,26.4826,26.4543
1989-07-14,26.4763,26.4463
1989-07-15,26.5374,26.4304
1989-07-16,26.6298,26.4162
1989-07-17,26.7817,26.4259
1989-07-18,26.8737,26.4151
1989-07-19,26.9113,26.4046
1989-07-20,26.8771,26.3858
1989-07-21,26.7768,26.3667
1989-07-22,26.6237,26.3437
1989-07-23,26.6081,26.3337
1989-07-24,26.7895,26.3527
1989-07-25,26.9344,26.3748
1989-07-26,26.9401,26.3602
1989-07-27,26.9184,26.3375
1989-07-28,26.8848,26.332
1989-07-29,26.7974,26.3253
1989-07-30,26.6989,26.3136
1989-07-31,26.6318,26.3094
1989-08-01,26.5882,26.3153
1989-08-02,26.4926,26.2889
1989-08-03,26.4256,26.254
1989-08-04,26.3286,26.2338
1989-08-05,26.3153,26.2277
1989-08-06,26.3419,26.2179
1989-08-07,26.3966,26.2021
1989-08-08,26.381,26.2118
1989-08-09,26.3396,26.2398
1989-08-10,26.3354,26.2545
1989-08-11,26.2902,26.2624
1989-08-12,26.2196,26.2515
1989-08-13,26.1359,26.2448
1989-08-14,26.0163,26.2416
1989-08-15,25.9526,26.2106
1989-08-16,26.0174,26.2021
1989-08-17,25.9849,26.1678
1989-08-18,25.8729,26.1348
1989-08-19,25.8289,26.124
1989-08-20,25.8516,26.132
1989-08-21,25.8476,26.1432
1989-08-22,25.8546,26.1491
1989-08-23,25.8985,26.1522
1989-08-24,25.9596,26.1663
1989-08-25,25.99,26.1734
1989-08-26,26.0724,26.187
1989-08-27,26.1088,26.1959
1989-08-28,26.1132,26.2225
1989-08-29,26.1104,26.2282
1989-08-30,26.1061,26.2136
1989-08-31,26.0985,26.2101
1989-09-01,26.0532,26.2041
1989-09-02,26.0925,26.2152
1989-09-03,26.1278,26.2431
1989-09-04,26.1274,26.2537
1989-09-05,26.1361,26.276
1989-09-06,26.1876,26.2658
1989-09-07,26.2185,26.2669
1989-09-08,26.3576,26.2695
1989-09-09,26.3949,26.2616
1989-09-10,26.3007,26.2326
1989-09-11,26.2106,26.2082
1989-09-12,26.1769,26.2088
1989-09-13,26.1841,26.2276
1989-09-14,26.1284,26.2732
1989-09-15,26.1883,26.3121
1989-09-16,26.2772,26.3393
1989-09-17,26.2439,26.3551
1989-09-18,26.281,26.3778
1989-09-19,26.2567,26.415
1989-09-20,26.288,26.4306
1989-09-21,26.3052,26.4301
1989-09-22,26.2263,26.4285
1989-09-23,26.1658,26.4365
1989-09-24,26.1283,26.4486
1989-09-25,26.1174,26.4639
1989-09-26,26.1328,26.481
1989-09-27,26.1741,26.4598
1989-09-28,26.2204,26.4331
1989-09-29,26.1326,26.4388
1989-09-30,26.2222,26.4511
1989-10-01,26.2071,26.4617
1989-10-02,26.1689,26.4835
1989-10-03,26.2186,26.4797
1989-10-04,26.1606,26.4673
1989-10-05,26.088,26.4634
1989-10-06,26.0646,26.453
1989-10-07,25.9374,26.4392
1989-10-08,25.9836,26.4533
1989-10-09,26.027,26.4562
1989-10-10,26.0396,26.4764
1989-10-11,26.0732,26.482
1989-10-12,26.0465,26.498
1989-10-13,25.9782,26.5078
1989-10-14,25.9517,26.5284
1989-10-15,26.0251,26.543
1989-10-16,26.0927,26.5552
1989-10-17,26.1433,26.5614
1989-10-18,26.1303,26.5399
1989-10-19,26.1501,26.5479
1989-10-20,26.335,26.5732
1989-10-21,26.4233,26.5905
1989-10-22,26.3163,26.5773
1989-10-23,26.1234,26.5673
1989-10-24,26.0868,26.5778
1989-10-25,26.132,26.6039
1989-10-26,26.1221,26.6356
1989-10-27,26.0845,26.6554
1989-10-28,26.1857,26.689
1989-10-29,26.365,26.7208
1989-10-30,26.3625,26.7191
1989-10-31,26.391,26.7426
1989-11-01,26.4318,26.7742
1989-11-02,26.3924,26.7857
1989-11-03,26.2659,26.7681
1989-11-04,26.1907,26.7527
1989-11-05,25.9485,26.7223
1989-11-06,25.967,26.7026
1989-11-07,25.9348,26.704
1989-11-08,25.9076,26.7095
1989-11-09,25.9508,26.7161
1989-11-10,25.9524,26.7195
1989-11-11,25.8765,26.7209
1989-11-12,25.8747,26.7499
1989-11-13,25.8972,26.751
1989-11-14,25.9298,26.7368
1989-11-15,25.9906,26.7378
1989-11-16,26.0897,26.7581
1989-11-17,26.0742,26.746
1989-11-18,26.1009,26.7527
1989-11-19,26.1071,26.7588
1989-11-20,26.175,26.7345
1989-11-21,26.2768,26.7137
1989-11-22,26.2939,26.7139
1989-11-23,26.3616,26.7161
1989-11-24,26.3684,26.7088
1989-11-25,26.2585,26.6992
1989-11-26,26.2744,26.6992
1989-11-27,26.2643,26.703
1989-11-28,26.2357,26.7161
1989-11-29,26.3449,26.7583
1989-11-30,26.4612,26.7966
1989-12-01,26.5757,26.8265
1989-12-02,26.5038,26.8207
1989-12-03,26.4884,26.8027
1989-12-04,26.3993,26.7959
1989-12-05,26.4234,26.7875
1989-12-06,26.4506,26.77
1989-12-07,26.4321,26.7547
1989-12-08,26.5683,26.7521
1989-12-09,26.5722,26.7595
1989-12-10,26.4522,26.7631
1989-12-11,26.4116,26.7656
1989-12-12,26.3432,26.7687
1989-12-13,26.3751,26.7495
1989-12-14,26.3008,26.748
1989-12-15,26.3324,26.7588
1989-12-16,26.3414,26.7404
1989-12-17,26.3981,26.7338
1989-12-18,26.4305,26.7355
1989-12-19,26.3189,26.703
1989-12-20,26.2029,26.6741
1989-12-21,26.2242,26.6777
1989-12-22,26.3323,26.6905
1989-12-23,26.3253,26.691
1989-12-24,26.3919,26.7175
1989-12-25,26.4466,26.7523
1989-12-26,26.4632,26.7843
1989-12-27,26.4472,26.803
1989-12-28,26.4739,26.8006
1989-12-29,26.4925,26.7963
1989-12-30,26.5627,26.7934
1989-12-31,26.4605,26.7521
1990-01-01,26.4911,26.7325
1990-01-02,26.5107,26.7371
1990-01-03,26.5194,26.7349
1990-01-04,26.5891,26.7392
1990-01-05,26.5362,26.7367
1990-01-06,26.4553,26.7286
1990-01-07,26.4221,26.7247
1990-01-08,26.4198,26.7394
1990-01-09,26.4171,26.7502
1990-01-10,26.4205,26.7564
1990-01-11,26.4589,26.7579
1990-01-12,26.4762,26.758
1990-01-13,26.5211,26.7553
1990-01-14,26.4318,26.7584
1990-01-15,26.3592,26.796
1990-01-16,26.3519,26.8213
1990-01-17,26.4008,26.834
1990-01-18,26.4643,26.8341
1990-01-19,26.3636,26.8381
1990-01-20,26.3054,26.837
1990-01-21,26.3824,26.8133
1990-01-22,26.4037,26.7928
1990-01-23,26.4145,26.788
1990-01-24,26.37,26.7751
1990-01-25,26.37,26.7803
1990-01-26,26.2792,26.7969
1990-01-27,26.2085,26.811
1990-01-28,26.2822,26.8371
1990-01-29,26.3645,26.8741
1990-01-30,26.4025,26.8941
1990-01-31,26.4699,26.8718
1990-02-01,26.5852,26.8589
1990-02-02,26.5105,26.8706
1990-02-03,26.5934,26.9018
1990-02-04,26.5664,26.9303
1990-02-05,26.5072,26.9595
1990-02-06,26.4959,26.9971
1990-02-07,26.5394,27.0397
1990-02-08,26.5571,27.0547
1990-02-09,26.538,27.0669
1990-02-10,26.4733,27.0545
1990-02-11,26.5024,27.116
1990-02-12,26.4418,27.1525
1990-02-13,26.5225,27.1744
1990-02-14,26.6895,27.2112
1990-02-15,26.7001,27.2282
1990-02-16,26.7046,27.2287
1990-02-17,26.7524,27.242
1990-02-18,26.762,27.2499
1990-02-19,26.7818,27.2712
1990-02-20,26.7531,27.2919
1990-02-21,26.8017,27.3147
1990-02-22,26.8207,27.3092
1990-02-23,26.7825,27.3296
1990-02-24,26.8561,27.3453
1990-02-25,27.0104,27.3559
1990-02-26,27.0413,27.3494
1990-02-27,27.1091,27.3282
1990-02-28,27.1265,27.3033
1990-03-01,27.0678,27.2751
1990-03-02,26.989,27.2707
1990-03-03,26.8837,27.2941
1990-03-04,26.8386,27.3162
1990-03-05,26.8323,27.3181
1990-03-06,26.8866,27.3334
1990-03-07,26.9746,27.3504
1990-03-08,26.9711,27.3401
1990-03-09,26.9014,27.3308
1990-03-10,26.7966,27.3267
1990-03-11,26.752,27.3227
1990-03-12,26.7178,27.307
1990-03-13,26.7317,27.3119
1990-03-14,26.6521,27.3139
1990-03-15,26.5857,27.3107
1990-03-16,26.671,27.3373
1990-03-17,26.8494,27.3635
1990-03-18,27.0118,27.3905
1990-03-19,27.1438,27.4152
1990-03-20,27.2266,27.4364
1990-03-21,27.2821,27.4686
1990-03-22,27.3109,27.4807
1990-03-23,27.1816,27.4667
1990-03-24,27.2033,27.4582
1990-03-25,27.1938,27.4747
1990-03-26,27.0405,27.4931
1990-03-27,27.1229,27.5046
1990-03-28,27.2788,27.5093
1990-03-29,27.362,27.5091
1990-03-30,27.434,27.5123
1990-03-31,27.5854,27.5364
1990-04-01,27.6536,27.5682
1990-04-02,27.6754,27.6117
1990-04-03,27.6326,27.6364
1990-04-04,27.629,27.6574
1990-04-05,27.6713,27.6501
1990-04-06,27.7399,27.6318
1990-04-07,27.733,27.6365
1990-04-08,27.6834,27.6508
1990-04-09,27.6904,27.6479
1990-04-10,27.6499,27.6384
1990-04-11,27.7271,27.6487
1990-04-12,27.8323,27.664
1990-04-13,27.7716,27.6647
1990-04-14,27.7462,27.6647
1990-04-15,27.7569,27.6821
1990-04-16,27.6722,27.7033
1990-04-17,27.553,27.7076
1990-04-18,27.6008,27.7182
1990-04-19,27.5471,27.721
1990-04-20,27.443,27.7089
1990-04-21,27.4853,27.7194
1990-04-22,27.6874,27.7212
1990-04-23,27.7962,27.7245
1990-04-24,27.7697,27.7251
1990-04-25,27.8006,27.7178
1990-04-26,27.8792,27.7289
1990-04-27,27.9611,27.7331
1990-04-28,28.0423,27.7546
1990-04-29,28.0504,27.7734
1990-04-30,28.0115,27.7692
1990-05-01,27.9411,27.731
1990-05-02,27.8898,27.6866
1990-05-03,27.8429,27.6609
1990-05-04,27.853,27.6421
1990-05-05,27.8538,27.6261
1990-05-06,27.8509,27.6067
1990-05-07,27.8597,27.5824
1990-05-08,27.8551,27.5665
1990-05-09,27.8571,27.564
1990-05-10,27.9826,27.596
1990-05-11,28.0679,27.6006
1990-05-12,28.0377,27.5772
1990-05-13,27.9003,27.5386
1990-05-14,27.8467,27.5084
1990-05-15,27.8593,27.4785
1990-05-16,27.8468,27.4432
1990-05-17,27.8232,27.4325
1990-05-18,27.8107,27.4415
1990-05-19,27.8382,27.4666
1990-05-20,27.8982,27.4558
1990-05-21,27.8783,27.4543
1990-05-22,27.9244,27.4557
1990-05-23,27.9536,27.4618
1990-05-24,28.0244,27.4522
1990-05-25,28.0514,27.4356
1990-05-26,28.0394,27.4162
1990-05-27,27.9999,27.3904
1990-05-28,27.9315,27.3983
1990-05-29,27.9083,27.3898
1990-05-30,27.8513,27.3809
1990-05-31,27.781,27.3387
1990-06-01,27.6883,27.2964
1990-06-02,27.628,27.2638
1990-06-03,27.5596,27.2152
1990-06-04,27.5716,27.1822
1990-06-05,27.5876,27.1573
1990-06-06,27.6319,27.1228
1990-06-07,27.6883,27.1049
1990-06-08,27.6926,27.0853
1990-06-09,27.6481,27.0535
1990-06-10,27.5194,27.0377
1990-06-11,27.379,27.0362
1990-06-12,27.2858,27.0335
1990-06-13,27.3401,27.0325
1990-06-14,27.3836,27.0439
1990-06-15,27.5152,27.0537
1990-06-16,27.5041,27.0352
1990-06-17,27.481,27.0162
1990-06-18,27.3666,26.9767
1990-06-19,27.1964,26.9544
1990-06-20,27.1394,26.9086
1990-06-21,27.1799,26.8977
1990-06-22,27.2274,26.8913
1990-06-23,27.2502,26.8612
1990-06-24,27.2222,26.8277
1990-06-25,27.1997,26.793
1990-06-26,27.251,26.7833
1990-06-27,27.2067,26.7598
1990-06-28,27.1292,26.7381
1990-06-29,27.0795,26.717
1990-06-30,27.2001,26.7143
1990-07-01,27.2242,26.7216
1990-07-02,27.1939,26.7008
1990-07-03,27.1862,26.6619
1990-07-04,27.1564,26.6381
1990-07-05,27.1452,26.6129
1990-07-06,27.0931,26.5836
1990-07-07,27.1285,26.5767
1990-07-08,27.2079,26.5786
1990-07-09,27.2878,26.5882
1990-07-10,27.4185,26.5949
1990-07-11,27.445,26.5931
1990-07-12,27.3656,26.5662
1990-07-13,27.3598,26.5502
1990-07-14,27.3025,26.5297
1990-07-15,27.3136,26.5257
1990-07-16,27.2993,26.5391
1990-07-17,27.2873,26.5599
1990-07-18,27.4097,26.5746
1990-07-19,27.4413,26.5741
1990-07-20,27.3929,26.5288
1990-07-21,27.3312,26.4976
1990-07-22,27.3343,26.4843
1990-07-23,27.3074,26.4657
1990-07-24,27.253,26.4388
1990-07-25,27.1549,26.4229
1990-07-26,27.0856,26.4019
1990-07-27,26.9881,26.4025
1990-07-28,26.9872,26.3908
1990-07-29,27.0071,26.3858
1990-07-30,27.1251,26.3847
1990-07-31,27.2214,26.3847
1990-08-01,27.2313,26.3814
1990-08-02,27.1831,26.3714
1990-08-03,27.0601,26.3595
1990-08-04,27.0217,26.3786
1990-08-05,27.0325,26.4099
1990-08-06,27.0441,26.4087
1990-08-07,27.127,26.3975
1990-08-08,27.2044,26.3938
1990-08-09,27.2377,26.405
1990-08-10,27.0698,26.407
1990-08-11,27.0714,26.4168
1990-08-12,27.1861,26.4337
1990-08-13,27.1782,26.4035
1990-08-14,27.1075,26.3903
1990-08-15,26.9589,26.3715
1990-08-16,26.8368,26.3514
1990-08-17,26.7322,26.3246
1990-08-18,26.708,26.3042
1990-08-19,26.7242,26.2946
1990-08-20,26.7424,26.2772
1990-08-21,26.842,26.2824
1990-08-22,26.9044,26.2992
1990-08-23,26.9187,26.3194
1990-08-24,26.8468,26.3286
1990-08-25,26.7389,26.3196
1990-08-26,26.7524,26.3309
1990-08-27,26.8096,26.3426
1990-08-28,26.8186,26.3636
1990-08-29,26.7068,26.3482
1990-08-30,26.6407,26.3502
1990-08-31,26.5876,26.3441
1990-09-01,26.5551,26.3446
1990-09-02,26.5152,26.3313
1990-09-03,26.61,26.3231
1990-09-04,26.606,26.3159
1990-09-05,26.6071,26.3149
1990-09-06,26.5714,26.3225
1990-09-07,26.5251,26.3201
1990-09-08,26.5897,26.3285
1990-09-09,26.5995,26.3438
1990-09-10,26.6566,26.3539
1990-09-11,26.6167,26.3586
1990-09-12,26.5498,26.3612
1990-09-13,26.6106,26.3687
1990-09-14,26.5948,26.3726
1990-09-15,26.5238,26.3755
1990-09-16,26.49,26.4085
1990-09-17,26.5241,26.4328
1990-09-18,26.515,26.4405
1990-09-19,26.5755,26.4362
1990-09-20,26.6276,26.4362
1990-09-21,26.7028,26.4394
1990-09-22,26.7419,26.4464
1990-09-23,26.744,26.4695
1990-09-24,26.7537,26.5036
1990-09-25,26.7267,26.5277
1990-09-26,26.7202,26.537
1990-09-27,26.7477,26.5638
1990-09-28,26.8439,26.5843
1990-09-29,26.9264,26.5942
1990-09-30,26.9639,26.6
1990-10-01,26.948,26.6113
1990-10-02,26.8931,26.6376
1990-10-03,26.8566,26.6548
1990-10-04,26.8632,26.6595
1990-10-05,26.9006,26.6403
1990-10-06,26.8762,26.6169
1990-10-07,26.8729,26.6341
1990-10-08,26.885,26.6551
1990-10-09,26.9263,26.6638
1990-10-10,26.9627,26.6324
1990-10-11,26.9595,26.626
1990-10-12,26.9378,26.6674
1990-10-13,26.9565,26.7031
1990-10-14,27.0108,26.7236
1990-10-15,26.9894,26.7317
1990-10-16,26.929,26.7171
1990-10-17,26.8932,26.7024
1990-10-18,26.9012,26.7065
1990-10-19,26.9162,26.7136
1990-10-20,26.8941,26.7222
1990-10-21,26.8832,26.7627
1990-10-22,26.8461,26.7767
1990-10-23,26.8038,26.8082
1990-10-24,26.7275,26.8321
1990-10-25,26.843,26.8368
1990-10-26,26.8285,26.8022
1990-10-27,26.8236,26.7738
1990-10-28,26.8668,26.7493
1990-10-29,26.8524,26.7365
1990-10-30,26.7433,26.7437
1990-10-31,26.6949,26.7638
1990-11-01,26.7699,26.796
1990-11-02,26.9241,26.8217
1990-11-03,26.9126,26.8688
1990-11-04,26.9125,26.8862
1990-11-05,26.9353,26.8902
1990-11-06,26.8559,26.8903
1990-11-07,26.7697,26.8822
1990-11-08,26.8284,26.8764
1990-11-09,26.8162,26.8643
1990-11-10,26.7357,26.863
1990-11-11,26.6485,26.8767
1990-11-12,26.5263,26.8708
1990-11-13,26.379,26.8586
1990-11-14,26.4395,26.8684
1990-11-15,26.7507,26.8772
1990-11-16,26.7925,26.8929
1990-11-17,26.7136,26.8702
1990-11-18,26.6161,26.8651
1990-11-19,26.5473,26.8655
1990-11-20,26.5043,26.8578
1990-11-21,26.514,26.8457
1990-11-22,26.5694,26.8518
1990-11-23,26.5897,26.8552
1990-11-24,26.5891,26.8503
1990-11-25,26.5536,26.8321
1990-11-26,26.512,26.8213
1990-11-27,26.5002,26.8163
1990-11-28,26.4577,26.823
1990-11-29,26.4486,26.7968
1990-11-30,26.5673,26.8131
1990-12-01,26.5929,26.8676
1990-12-02,26.6509,26.9177
1990-12-03,26.915,26.9533
1990-12-04,26.9538,26.9492
1990-12-05,26.943,26.9455
1990-12-06,26.7509,26.9346
1990-12-07,26.6506,26.9306
1990-12-08,26.7647,26.9462
1990-12-09,26.8744,26.9348
1990-12-10,26.8892,26.942
1990-12-11,26.8869,26.9553
1990-12-12,26.7788,26.9545
1990-12-13,26.6572,26.9315
1990-12-14,26.6068,26.8976
1990-12-15,26.4958,26.8971
1990-12-16,26.5721,26.9025
1990-12-17,26.7147,26.894
1990-12-18,26.755,26.8926
1990-12-19,26.7776,26.9108
1990-12-20,26.9576,26.9309
1990-12-21,26.9286,26.9044
1990-12-22,26.9263,26.8916
1990-12-23,26.8886,26.8803
1990-12-24,26.8334,26.8921
1990-12-25,27.0169,26.9048
1990-12-26,26.9381,26.8979
1990-12-27,26.8871,26.9008
1990-12-28,26.8333,26.9018
1990-12-29,26.897,26.9203
1990-12-30,27.0223,26.9309
1990-12-31,26.9458,26.9285
1991-01-01,26.8118,26.8928
1991-01-02,26.8512,26.8615
1991-01-03,26.9252,26.864
1991-01-04,26.9779,26.8592
1991-01-05,26.9675,26.8473
1991-01-06,26.8768,26.833
1991-01-07,26.7696,26.8323
1991-01-08,26.8148,26.8353
1991-01-09,26.7102,26.8419
1991-01-10,26.7883,26.8876
1991-01-11,26.9736,26.9169
1991-01-12,27.0486,26.9155
1991-01-13,27.0256,26.8915
1991-01-14,26.9816,26.8758
1991-01-15,26.917,26.872
1991-01-16,26.7724,26.8979
1991-01-17,26.7266,26.9124
1991-01-18,26.7358,26.9135
1991-01-19,26.8139,26.9425
1991-01-20,26.9916,26.9787
1991-01-21,27.0063,26.9914
1991-01-22,26.877,26.9783
1991-01-23,26.8214,26.9952
1991-01-24,26.7759,27.0075
1991-01-25,26.8296,26.9946
1991-01-26,26.8706,26.9965
1991-01-27,26.8944,27.0182
1991-01-28,26.8174,27.0348
1991-01-29,26.7425,27.0342
1991-01-30,26.6733,27.023
1991-01-31,26.7791,27.0242
1991-02-01,26.891,27.0509
1991-02-02,26.9675,27.0707
1991-02-03,26.8632,27.0884
1991-02-04,26.8524,27.1099
1991-02-05,26.8676,27.1217
1991-02-06,26.7938,27.12
1991-02-07,26.862,27.1297
1991-02-08,27.0223,27.1316
1991-02-09,26.9997,27.136
1991-02-10,26.9447,27.1408
1991-02-11,26.9261,27.1428
1991-02-12,26.9431,27.11
1991-02-13,26.9049,27.0947
1991-02-14,26.8475,27.1075
1991-02-15,26.818,27.1182
1991-02-16,26.7375,27.1197
1991-02-17,26.7169,27.1157
1991-02-18,26.8059,27.1161
1991-02-19,26.8399,27.1103
1991-02-20,26.7774,27.1037
1991-02-21,26.7327,27.0996
1991-02-22,26.7167,27.0886
1991-02-23,26.6952,27.0927
1991-02-24,26.7279,27.0839
1991-02-25,26.7545,27.08
1991-02-26,26.7092,27.1112
1991-02-27,26.7088,27.1624
1991-02-28,26.6632,27.199
1991-03-01,26.5817,27.1909
1991-03-02,26.5104,27.208
1991-03-03,26.6179,27.2391
1991-03-04,26.7454,27.2499
1991-03-05,26.7773,27.2458
1991-03-06,26.7521,27.2413
1991-03-07,26.733,27.2481
1991-03-08,26.7681,27.2624
1991-03-09,26.8371,27.2767
1991-03-10,26.9051,27.3095
1991-03-11,26.996,27.3203
1991-03-12,26.9382,27.3342
1991-03-13,26.7387,27.3349
1991-03-14,26.6926,27.3527
1991-03-15,26.9141,27.3933
1991-03-16,27.0968,27.4015
1991-03-17,27.2319,27.4002
1991-03-18,27.2337,27.3982
1991-03-19,27.2658,27.4005
1991-03-20,27.2508,27.425
1991-03-21,27.3401,27.4329
1991-03-22,27.4016,27.4428
1991-03-23,27.289,27.4466
1991-03-24,27.2561,27.471
1991-03-25,27.39,27.5119
1991-03-26,27.5011,27.5414
1991-03-27,27.6901,27.5577
1991-03-28,27.7903,27.5661
1991-03-29,27.7441,27.5654
1991-03-30,27.6534,27.5767
1991-03-31,27.618,27.6066
1991-04-01,27.5888,27.6291
1991-04-02,27.5121,27.6223
1991-04-03,27.4078,27.592
1991-04-04,27.2909,27.581
1991-04-05,27.3831,27.5958
1991-04-06,27.602,27.6154
1991-04-07,27.6924,27.6402
1991-04-08,27.6313,27.6298
1991-04-09,27.6521,27.6237
1991-04-10,27.6874,27.6269
1991-04-11,27.6965,27.6202
1991-04-12,27.6648,27.6223
1991-04-13,27.7468,27.6308
1991-04-14,27.9235,27.6365
1991-04-15,28.0219,27.6635
1991-04-16,28.0949,27.6794
1991-04-17,28.1444,27.6778
1991-04-18,28.1085,27.6927
1991-04-19,28.0678,27.6889
1991-04-20,28.1089,27.6844
1991-04-21,28.2355,27.6958
1991-04-22,28.2694,27.7184
1991-04-23,28.2058,27.7354
1991-04-24,28.052,27.7186
1991-04-25,27.9913,27.7112
1991-04-26,28.1326,27.7221
1991-04-27,28.097,27.7214
1991-04-28,28.0868,27.7492
1991-04-29,28.0302,27.7845
1991-04-30,27.8997,27.7985
1991-05-01,27.7716,27.7657
1991-05-02,27.8083,27.746
1991-05-03,27.8533,27.7498
1991-05-04,27.7475,27.7321
1991-05-05,27.6953,27.7069
1991-05-06,27.6101,27.703
1991-05-07,27.5878,27.7239
1991-05-08,27.7621,27.7357
1991-05-09,27.891,27.7111
1991-05-10,27.9268,27.698
1991-05-11,27.9674,27.7187
1991-05-12,28.0717,27.694
1991-05-13,28.2044,27.6644
1991-05-14,28.1695,27.6473
1991-05-15,28.2403,27.6413
1991-05-16,28.2396,27.6154
1991-05-17,28.2524,27.608
1991-05-18,28.2826,27.6121
1991-05-19,28.343,27.6082
1991-05-20,28.3841,27.6144
1991-05-21,28.4099,27.6144
1991-05-22,28.3504,27.5715
1991-05-23,28.3822,27.555
1991-05-24,28.3365,27.5336
1991-05-25,28.2216,27.5081
1991-05-26,28.2294,27.4982
1991-05-27,28.2989,27.4931
1991-05-28,28.3777,27.5057
1991-05-29,28.4496,27.4889
1991-05-30,28.4281,27.4804
1991-05-31,28.359,27.4718
1991-06-01,28.2685,27.444
1991-06-02,28.2481,27.4217
1991-06-03,28.197,27.3944
1991-06-04,28.1276,27.3609
1991-06-05,28.0427,27.35
1991-06-06,27.9117,27.3239
1991-06-07,27.8683,27.2902
1991-06-08,27.8272,27.2785
1991-06-09,27.8068,27.2431
1991-06-10,27.8451,27.1954
1991-06-11,27.9,27.1675
1991-06-12,28.0008,27.1491
1991-06-13,27.998,27.1265
1991-06-14,27.855,27.1017
1991-06-15,27.7777,27.1396
1991-06-16,27.8874,27.229
1991-06-17,27.9028,27.2191
1991-06-18,27.9599,27.1839
1991-06-19,28.0535,27.1635
1991-06-20,28.1176,27.1416
1991-06-21,28.1911,27.1328
1991-06-22,28.2304,27.1028
1991-06-23,28.2752,27.0603
1991-06-24,28.2499,27.0349
1991-06-25,28.2148,27.0219
1991-06-26,28.2713,26.9943
1991-06-27,28.3295,26.9844
1991-06-28,28.2993,26.9492
1991-06-29,28.2529,26.9309
1991-06-30,28.2536,26.9476
1991-07-01,28.3114,26.9751
1991-07-02,28.123,26.965
1991-07-03,27.6708,26.9251
1991-07-04,27.4824,26.918
1991-07-05,27.6116,26.9103
1991-07-06,27.807,26.8736
1991-07-07,27.8435,26.8402
1991-07-08,27.7889,26.8086
1991-07-09,27.8599,26.7876
1991-07-10,27.8269,26.7472
1991-07-11,27.8246,26.7085
1991-07-12,27.8173,26.7121
1991-07-13,27.7117,26.7045
1991-07-14,27.6789,26.6903
1991-07-15,27.8032,26.6731
1991-07-16,28.0533,26.683
1991-07-17,28.1893,26.6601
1991-07-18,28.1263,26.6152
1991-07-19,27.8376,26.5694
1991-07-20,27.4465,26.5227
1991-07-21,27.1729,26.5116
1991-07-22,27.067,26.5373
1991-07-23,27.0631,26.5533
1991-07-24,27.2257,26.5685
1991-07-25,27.4744,26.5751
1991-07-26,27.6562,26.57
1991-07-27,27.7625,26.5869
1991-07-28,27.7955,26.6004
1991-07-29,27.6821,26.5944
1991-07-30,27.5523,26.5915
1991-07-31,27.4517,26.5846
1991-08-01,27.444,26.5823
1991-08-02,27.4959,26.5902
1991-08-03,27.6139,26.5734
1991-08-04,27.6659,26.5315
1991-08-05,27.631,26.4769
1991-08-06,27.4941,26.4504
1991-08-07,27.3847,26.4409
1991-08-08,27.3896,26.4227
1991-08-09,27.4217,26.4084
1991-08-10,27.4178,26.4037
1991-08-11,27.3969,26.3739
1991-08-12,27.4242,26.3804
1991-08-13,27.514,26.3997
1991-08-14,27.6439,26.4138
1991-08-15,27.7079,26.4134
1991-08-16,27.6804,26.4134
1991-08-17,27.6025,26.4088
1991-08-18,27.5489,26.4037
1991-08-19,27.5988,26.3971
1991-08-20,27.6598,26.3772
1991-08-21,27.6628,26.3574
1991-08-22,27.6357,26.3613
1991-08-23,27.5232,26.3756
1991-08-24,27.3436,26.3816
1991-08-25,27.1719,26.3824
1991-08-26,27.0881,26.3943
1991-08-27,27.0959,26.4047
1991-08-28,27.115,26.3912
1991-08-29,27.0744,26.3848
1991-08-30,27.1184,26.3914
1991-08-31,27.2136,26.4129
1991-09-01,27.2027,26.4443
1991-09-02,27.0648,26.4591
1991-09-03,26.9832,26.4523
1991-09-04,26.8628,26.4326
1991-09-05,26.7296,26.4139
1991-09-06,26.6961,26.4043
1991-09-07,26.6921,26.3867
1991-09-08,26.6469,26.383
1991-09-09,26.5652,26.3825
1991-09-10,26.5062,26.362
1991-09-11,26.5571,26.3546
1991-09-12,26.74,26.3601
1991-09-13,26.8703,26.3681
1991-09-14,26.9135,26.3615
1991-09-15,26.9769,26.3722
1991-09-16,27.0238,26.3783
1991-09-17,27.0936,26.4215
1991-09-18,27.1683,26.4563
1991-09-19,27.2603,26.4732
1991-09-20,27.4191,26.5065
1991-09-21,27.4418,26.5367
1991-09-22,27.3565,26.5393
1991-09-23,27.348,26.5333
1991-09-24,27.2479,26.5193
1991-09-25,27.1306,26.5184
1991-09-26,27.0122,26.4972
1991-09-27,26.9182,26.4816
1991-09-28,26.9254,26.4644
1991-09-29,27.0457,26.4828
1991-09-30,27.1884,26.5207
1991-10-01,27.2024,26.5809
1991-10-02,27.1447,26.6216
1991-10-03,27.1856,26.6475
1991-10-04,27.344,26.6697
1991-10-05,27.4142,26.6646
1991-10-06,27.514,26.6603
1991-10-07,27.6867,26.6518
1991-10-08,27.7621,26.6409
1991-10-09,27.8149,26.6729
1991-10-10,27.7241,26.6761
1991-10-11,27.5195,26.6736
1991-10-12,27.4079,26.6948
1991-10-13,27.3408,26.6895
1991-10-14,27.292,26.6647
1991-10-15,27.2163,26.6438
1991-10-16,27.151,26.64
1991-10-17,27.257,26.6391
1991-10-18,27.3649,26.6222
1991-10-19,27.3112,26.6309
1991-10-20,27.2097,26.6428
1991-10-21,27.1486,26.6298
1991-10-22,27.2322,26.647
1991-10-23,27.3237,26.6762
1991-10-24,27.2945,26.6823
1991-10-25,27.1898,26.6975
1991-10-26,27.1329,26.6965
1991-10-27,27.144,26.6999
1991-10-28,27.1692,26.6985
1991-10-29,27.2431,26.6895
1991-10-30,27.3558,26.692
1991-10-31,27.5508,26.7095
1991-11-01,27.6083,26.7386
1991-11-02,27.597,26.7639
1991-11-03,27.5347,26.7978
1991-11-04,27.5213,26.8234
1991-11-05,27.4969,26.8166
1991-11-06,27.5713,26.8111
1991-11-07,27.6522,26.7921
1991-11-08,27.5689,26.7839
1991-11-09,27.5708,26.8119
1991-11-10,27.6377,26.8417
1991-11-11,27.7416,26.8641
1991-11-12,27.7421,26.8744
1991-11-13,27.7184,26.8716
1991-11-14,27.692,26.8475
1991-11-15,27.7252,26.8131
1991-11-16,27.7028,26.7893
1991-11-17,27.7325,26.8036
1991-11-18,27.6253,26.8125
1991-11-19,27.5905,26.8016
1991-11-20,27.5757,26.7958
1991-11-21,27.512,26.813
1991-11-22,27.4436,26.8198
1991-11-23,27.4947,26.8387
1991-11-24,27.6323,26.8478
1991-11-25,27.7507,26.8477
1991-11-26,27.8974,26.8552
1991-11-27,27.9462,26.8623
1991-11-28,27.9973,26.892
1991-11-29,28.0246,26.9061
1991-11-30,28.0528,26.9164
1991-12-01,27.9811,26.9463
1991-12-02,27.9443,26.9764
1991-12-03,27.9247,26.9549
1991-12-04,27.9736,26.9188
1991-12-05,28.0032,26.9388
1991-12-06,27.9993,26.9609
1991-12-07,27.9299,26.9555
1991-12-08,27.9961,26.9493
1991-12-09,28.1349,26.9474
1991-12-10,28.2477,26.9505
1991-12-11,28.2399,26.9389
1991-12-12,28.2158,26.9208
1991-12-13,28.12,26.8891
1991-12-14,28.1561,26.8747
1991-12-15,28.2483,26.8644
1991-12-16,28.1748,26.8481
1991-12-17,28.1177,26.857
1991-12-18,28.0797,26.8857
1991-12-19,28.2271,26.9379
1991-12-20,28.3239,26.9434
1991-12-21,28.3601,26.9286
1991-12-22,28.3473,26.9175
1991-12-23,28.3054,26.9305
1991-12-24,28.3195,26.9229
1991-12-25,28.2818,26.915
1991-12-26,28.1874,26.9067
1991-12-27,28.0973,26.8984
1991-12-28,28.0911,26.9012
1991-12-29,28.2033,26.9044
1991-12-30,28.1844,26.8983
1991-12-31,28.2232,26.8996
1992-01-01,28.2612,26.8884
1992-01-02,28.3512,26.8938
1992-01-03,28.4276,26.8962
1992-01-04,28.3882,26.8766
1992-01-05,28.3571,26.8674
1992-01-06,28.3475,26.8583
1992-01-07,28.2883,26.8477
1992-01-08,28.2583,26.8602
1992-01-09,28.2387,26.8785
1992-01-10,28.2849,26.8989
1992-01-11,28.27,26.91
1992-01-12,28.2578,26.9244
1992-01-13,28.2486,26.9318
1992-01-14,28.1914,26.9126
1992-01-15,28.2067,26.8776
1992-01-16,28.3368,26.8932
1992-01-17,28.3573,26.898
1992-01-18,28.3244,26.901
1992-01-19,28.3268,26.9155
1992-01-20,28.3396,26.9203
1992-01-21,28.218,26.9253
1992-01-22,28.1928,26.9337
1992-01-23,28.1964,26.9484
1992-01-24,28.1896,26.9588
1992-01-25,28.1619,26.9476
1992-01-26,28.1497,26.9642
1992-01-27,28.2128,26.9919
1992-01-28,28.2364,26.9994
1992-01-29,28.2551,27.0051
1992-01-30,28.1767,26.9897
1992-01-31,28.093,26.9954
1992-02-01,27.9968,26.9726
1992-02-02,27.9728,26.9729
1992-02-03,28.044,26.9861
1992-02-04,28.0525,26.9794
1992-02-05,28.0354,26.9875
1992-02-06,28.029,27.006
1992-02-07,28.11,27.0489
1992-02-08,28.169,27.1
1992-02-09,28.1813,27.113
1992-02-10,28.2639,27.1306
1992-02-11,28.2765,27.1419
1992-02-12,28.2702,27.1427
1992-02-13,28.3057,27.1163
1992-02-14,28.4176,27.1055
1992-02-15,28.4046,27.1157
1992-02-16,28.4457,27.13
1992-02-17,28.565,27.1811
1992-02-18,28.611,27.2103
1992-02-19,28.5296,27.2183
1992-02-20,28.4504,27.2113
1992-02-21,28.4219,27.2122
1992-02-22,28.4571,27.2145
1992-02-23,28.5139,27.2158
1992-02-24,28.6094,27.2127
1992-02-25,28.5777,27.2085
1992-02-26,28.5057,27.1979
1992-02-27,28.4131,27.1838
1992-02-28,28.3197,27.1904
1992-02-29,28.2077,27.195
1992-03-01,28.19,27.1958
1992-03-02,28.2361,27.2173
1992-03-03,28.2459,27.2205
1992-03-04,28.2683,27.2215
1992-03-05,28.3066,27.219
1992-03-06,28.383,27.2321
1992-03-07,28.359,27.2634
1992-03-08,28.3197,27.2928
1992-03-09,28.3201,27.312
1992-03-10,28.4074,27.3327
1992-03-11,28.4401,27.3489
1992-03-12,28.3782,27.3644
1992-03-13,28.3475,27.3815
1992-03-14,28.3566,27.3799
1992-03-15,28.3524,27.3944
1992-03-16,28.4029,27.4246
1992-03-17,28.3684,27.4257
1992-03-18,28.3781,27.4391
1992-03-19,28.4174,27.4472
1992-03-20,28.4768,27.4666
1992-03-21,28.4286,27.4773
1992-03-22,28.4127,27.5182
1992-03-23,28.4601,27.5422
1992-03-24,28.3968,27.5493
1992-03-25,28.3823,27.5482
1992-03-26,28.504,27.5564
1992-03-27,28.6402,27.566
1992-03-28,28.745,27.5655
1992-03-29,28.772,27.5731
1992-03-30,28.7642,27.5896
1992-03-31,28.7714,27.5986
1992-04-01,28.7512,27.5913
1992-04-02,28.7248,27.5906
1992-04-03,28.7109,27.6154
1992-04-04,28.6084,27.6501
1992-04-05,28.6715,27.6542
1992-04-06,28.7069,27.676
1992-04-07,28.8366,27.6875
1992-04-08,28.9827,27.7065
1992-04-09,28.9324,27.7075
1992-04-10,28.9677,27.7297
1992-04-11,28.9683,27.7383
1992-04-12,28.9575,27.7473
1992-04-13,28.9676,27.7524
1992-04-14,29.0106,27.742
1992-04-15,29.0226,27.7209
1992-04-16,28.951,27.7035
1992-04-17,28.8573,27.6927
1992-04-18,28.8064,27.6971
1992-04-19,28.7888,27.7047
1992-04-20,28.705,27.7088
1992-04-21,28.6935,27.7092
1992-04-22,28.7009,27.7182
1992-04-23,28.7966,27.7354
1992-04-24,28.8427,27.7309
1992-04-25,28.8161,27.7202
1992-04-26,28.7862,27.693
1992-04-27,28.8967,27.6895
1992-04-28,28.9511,27.7111
1992-04-29,28.9839,27.7305
1992-04-30,28.931,27.7275
1992-05-01,28.8185,27.7192
1992-05-02,28.7764,27.7143
1992-05-03,28.7925,27.7301
1992-05-04,28.8864,27.7421
1992-05-05,28.9565,27.756
1992-05-06,28.978,27.7348
1992-05-07,28.8751,27.7196
1992-05-08,28.8226,27.6815
1992-05-09,28.8057,27.6519
1992-05-10,28.7319,27.635
1992-05-11,28.7398,27.6309
1992-05-12,28.7932,27.6131
1992-05-13,28.7852,27.6236
1992-05-14,28.7971,27.6389
1992-05-15,28.7853,27.668
1992-05-16,28.7789,27.683
1992-05-17,28.9635,27.6813
1992-05-18,28.9641,27.6457
1992-05-19,28.9027,27.6133
1992-05-20,28.841,27.5874
1992-05-21,28.7694,27.5832
1992-05-22,28.7563,27.5934
1992-05-23,28.7212,27.6073
1992-05-24,28.7131,27.6203
1992-05-25,28.7392,27.6083
1992-05-26,28.8393,27.6075
1992-05-27,28.8036,27.5968
1992-05-28,28.7495,27.5932
1992-05-29,28.6924,27.5879
1992-05-30,28.5784,27.5512
1992-05-31,28.473,27.4848
1992-06-01,28.4536,27.4148
1992-06-02,28.4032,27.3595
1992-06-03,28.3107,27.3635
1992-06-04,28.2368,27.3439
1992-06-05,28.3273,27.3284
1992-06-06,28.364,27.315
1992-06-07,28.275,27.2894
1992-06-08,28.2495,27.2607
1992-06-09,28.1778,27.2374
1992-06-10,28.1199,27.2126
1992-06-11,28.1101,27.1747
1992-06-12,28.1447,27.1508
1992-06-13,28.2175,27.1354
1992-06-14,28.2702,27.0988
1992-06-15,28.2607,27.0762
1992-06-16,28.2235,27.0757
1992-06-17,28.131,27.0774
1992-06-18,28.108,27.0942
1992-06-19,28.0412,27.0808
1992-06-20,27.9463,27.049
1992-06-21,27.9741,27.019
1992-06-22,28.0758,26.9964
1992-06-23,28.0158,26.974
1992-06-24,28.0048,26.9637
1992-06-25,27.9526,26.9217
1992-06-26,27.8158,26.8943
1992-06-27,27.6066,26.8713
1992-06-28,27.4947,26.8463
1992-06-29,27.4696,26.8266
1992-06-30,27.5275,26.8129
1992-07-01,27.4968,26.7887
1992-07-02,27.607,26.7815
1992-07-03,27.7178,26.7784
1992-07-04,27.7457,26.7746
1992-07-05,27.7406,26.7745
1992-07-06,27.6826,26.7689
1992-07-07,27.6889,26.7607
1992-07-08,27.7479,26.756
1992-07-09,27.7827,26.7401
1992-07-10,27.8152,26.7255
1992-07-11,27.7706,26.6996
1992-07-12,27.7062,26.6747
1992-07-13,27.5664,26.6344
1992-07-14,27.4186,26.6065
1992-07-15,27.2526,26.5766
1992-07-16,27.2677,26.5461
1992-07-17,27.2286,26.5305
1992-07-18,27.2803,26.5105
1992-07-19,27.3491,26.4981
1992-07-20,27.2988,26.4892
1992-07-21,27.3659,26.4908
1992-07-22,27.366,26.4573
1992-07-23,27.2879,26.4055
1992-07-24,27.161,26.3836
1992-07-25,27.1136,26.3897
1992-07-26,27.0573,26.3643
1992-07-27,27.0393,26.3373
1992-07-28,27.0491,26.3351
1992-07-29,27.0312,26.3382
1992-07-30,26.9162,26.3249
1992-07-31,26.7993,26.3042
1992-08-01,26.7212,26.2682
1992-08-02,26.6701,26.2458
1992-08-03,26.6727,26.2386
1992-08-04,26.6933,26.2278
1992-08-05,26.6998,26.2343
1992-08-06,26.7115,26.2236
1992-08-07,26.7819,26.2382
1992-08-08,26.8386,26.2379
1992-08-09,26.7904,26.2278
1992-08-10,26.7742,26.2144
1992-08-11,26.8192,26.2231
1992-08-12,26.7995,26.2164
1992-08-13,26.806,26.2171
1992-08-14,26.8088,26.2287
1992-08-15,26.7826,26.2251
1992-08-16,26.6823,26.2104
1992-08-17,26.6277,26.2199
1992-08-18,26.7334,26.2139
1992-08-19,26.798,26.2209
1992-08-20,26.8174,26.2231
1992-08-21,26.8588,26.2375
1992-08-22,26.8001,26.2536
1992-08-23,26.8611,26.2625
1992-08-24,26.8971,26.2625
1992-08-25,26.8011,26.2881
1992-08-26,26.8317,26.3236
1992-08-27,26.8532,26.3493
1992-08-28,26.8175,26.3446
1992-08-29,26.7018,26.3447
1992-08-30,26.619,26.3327
1992-08-31,26.4915,26.291
1992-09-01,26.4275,26.2706
1992-09-02,26.395,26.2558
1992-09-03,26.3564,26.2558
1992-09-04,26.3022,26.2515
1992-09-05,26.2218,26.2444
1992-09-06,26.3078,26.2295
1992-09-07,26.3754,26.2119
1992-09-08,26.4733,26.2246
1992-09-09,26.5436,26.2527
1992-09-10,26.5584,26.2833
1992-09-11,26.4715,26.3206
1992-09-12,26.5569,26.3426
1992-09-13,26.5802,26.3532
1992-09-14,26.5717,26.3569
1992-09-15,26.6589,26.3889
1992-09-16,26.687,26.4078
1992-09-17,26.7231,26.427
1992-09-18,26.8096,26.4439
1992-09-19,26.668,26.4281
1992-09-20,26.5123,26.4166
1992-09-21,26.4855,26.4055
1992-09-22,26.4626,26.3932
1992-09-23,26.5597,26.3926
1992-09-24,26.7091,26.4001
1992-09-25,26.7005,26.3977
1992-09-26,26.6475,26.4067
1992-09-27,26.6533,26.4286
1992-09-28,26.6681,26.4602
1992-09-29,26.6287,26.4724
1992-09-30,26.5157,26.4819
1992-10-01,26.5198,26.475
1992-10-02,26.5236,26.4886
1992-10-03,26.5567,26.5097
1992-10-04,26.5224,26.5336
1992-10-05,26.6052,26.5535
1992-10-06,26.5434,26.565
1992-10-07,26.3973,26.5595
1992-10-08,26.3158,26.5462
1992-10-09,26.2274,26.543
1992-10-10,26.2639,26.5412
1992-10-11,26.2721,26.5307
1992-10-12,26.1852,26.5209
1992-10-13,26.0993,26.4994
1992-10-14,26.1054,26.4783
1992-10-15,26.1845,26.4698
1992-10-16,26.2767,26.4684
1992-10-17,26.2452,26.4876
1992-10-18,26.1611,26.5098
1992-10-19,26.1086,26.5312
1992-10-20,25.9304,26.5515
1992-10-21,25.8665,26.5647
1992-10-22,25.8074,26.5752
1992-10-23,25.7997,26.5628
1992-10-24,25.8902,26.5429
1992-10-25,26.0292,26.5739
1992-10-26,26.1271,26.5841
1992-10-27,26.1095,26.5787
1992-10-28,26.0867,26.5901
1992-10-29,26.1235,26.61
1992-10-30,26.0713,26.6025
1992-10-31,25.9455,26.5743
1992-11-01,25.7884,26.5396
1992-11-02,25.852,26.5326
1992-11-03,26.0843,26.5373
1992-11-04,26.4919,26.5681
1992-11-05,26.7019,26.58
1992-11-06,26.6282,26.5807
1992-11-07,26.6463,26.5795
1992-11-08,26.6574,26.6013
1992-11-09,26.696,26.6191
1992-11-10,26.6272,26.6276
1992-11-11,26.5139,26.6064
1992-11-12,26.4859,26.6036
1992-11-13,26.4741,26.6134
1992-11-14,26.4457,26.6308
1992-11-15,26.4859,26.6682
1992-11-16,26.5253,26.6772
1992-11-17,26.4608,26.6777
1992-11-18,26.4174,26.6956
1992-11-19,26.4149,26.7179
1992-11-20,26.5633,26.7317
1992-11-21,26.7663,26.7689
1992-11-22,26.8917,26.7877
1992-11-23,26.85,26.7956
1992-11-24,26.8449,26.8143
1992-11-25,26.8846,26.8249
1992-11-26,26.9175,26.8108
1992-11-27,26.9849,26.7978
1992-11-28,26.9729,26.7855
1992-11-29,26.7974,26.771
1992-11-30,26.654,26.7397
1992-12-01,26.6495,26.6878
1992-12-02,26.7336,26.6673
1992-12-03,26.758,26.6573
1992-12-04,26.7968,26.6489
1992-12-05,26.8412,26.6597
1992-12-06,26.848,26.6681
1992-12-07,26.8453,26.6588
1992-12-08,26.8832,26.6632
1992-12-09,26.8988,26.6935
1992-12-10,26.9144,26.7017
1992-12-11,26.9824,26.6851
1992-12-12,27.0091,26.6708
1992-12-13,26.964,26.6517
1992-12-14,26.7993,26.6532
1992-12-15,26.8027,26.662
1992-12-16,26.9988,26.6752
1992-12-17,27.0212,26.6843
1992-12-18,26.8712,26.6816
1992-12-19,26.8237,26.6598
1992-12-20,26.7844,26.6714
1992-12-21,26.7447,26.6904
1992-12-22,26.6157,26.6689
1992-12-23,26.6277,26.6698
1992-12-24,26.6319,26.6752
1992-12-25,26.5593,26.6876
1992-12-26,26.4791,26.7004
1992-12-27,26.5306,26.7289
1992-12-28,26.5142,26.7354
1992-12-29,26.5111,26.7317
1992-12-30,26.4521,26.7259
1992-12-31,26.3971,26.7203
1993-01-01,26.3228,26.699
1993-01-02,26.364,26.7016
1993-01-03,26.3974,26.7163
1993-01-04,26.5156,26.745
1993-01-05,26.4692,26.7689
1993-01-06,26.4966,26.7596
1993-01-07,26.4148,26.7539
1993-01-08,26.4571,26.7511
1993-01-09,26.5599,26.7442
1993-01-10,26.6551,26.7629
1993-01-11,26.7405,26.7858
1993-01-12,26.8845,26.8107
1993-01-13,27.0048,26.8499
1993-01-14,27.018,26.8705
1993-01-15,27.0284,26.8686
1993-01-16,26.9502,26.8363
1993-01-17,26.898,26.8367
1993-01-18,26.7457,26.8175
1993-01-19,26.6299,26.812
1993-01-20,26.6539,26.7933
1993-01-21,26.6527,26.7762
1993-01-22,26.6401,26.7864
1993-01-23,26.7024,26.8
1993-01-24,26.6695,26.8074
1993-01-25,26.7128,26.8179
1993-01-26,26.7003,26.8349
1993-01-27,26.7588,26.8215
1993-01-28,26.7652,26.8146
1993-01-29,26.7081,26.83
1993-01-30,26.7192,26.8649
1993-01-31,26.7736,26.8867
1993-02-01,26.7968,26.8835
1993-02-02,26.7093,26.8837
1993-02-03,26.8491,26.8941
1993-02-04,26.9049,26.8909
1993-02-05,26.8343,26.8746
1993-02-06,26.7829,26.8646
1993-02-07,26.7341,26.8794
1993-02-08,26.7562,26.8907
1993-02-09,26.8047,26.8995
1993-02-10,26.9053,26.9186
1993-02-11,26.9517,26.9401
1993-02-12,26.9845,26.9362
1993-02-13,27.0175,26.9363
1993-02-14,27.035,26.9683
1993-02-15,26.9887,27.0078
1993-02-16,27.0484,27.0351
1993-02-17,27.1205,27.05
1993-02-18,27.1869,27.0732
1993-02-19,27.228,27.1021
1993-02-20,27.2039,27.1195
1993-02-21,27.191,27.1409
1993-02-22,27.1825,27.145
1993-02-23,27.2821,27.1745
1993-02-24,27.2514,27.1728
1993-02-25,27.2635,27.1609
1993-02-26,27.1766,27.1341
1993-02-27,27.1936,27.1467
1993-02-28,27.1624,27.1846
1993-03-01,27.1426,27.1899
1993-03-02,27.1064,27.1783
1993-03-03,27.0322,27.1891
1993-03-04,27.0338,27.191
1993-03-05,27.0505,27.1848
1993-03-06,27.0539,27.1806
1993-03-07,27.1079,27.1751
1993-03-08,27.077,27.1728
1993-03-09,27.0982,27.173
1993-03-10,27.0582,27.1948
1993-03-11,27.106,27.2346
1993-03-12,27.1591,27.2691
1993-03-13,27.2749,27.2703
1993-03-14,27.3753,27.2834
1993-03-15,27.356,27.2893
1993-03-16,27.3411,27.3009
1993-03-17,27.373,27.3183
1993-03-18,27.4476,27.3319
1993-03-19,27.5957,27.3385
1993-03-20,27.671,27.3327
1993-03-21,27.7841,27.3557
1993-03-22,27.8064,27.4221
1993-03-23,27.7871,27.4729
1993-03-24,27.7581,27.4804
1993-03-25,27.871,27.509
1993-03-26,27.982,27.5393
1993-03-27,27.9688,27.5687
1993-03-28,27.9324,27.5907
1993-03-29,27.8414,27.6025
1993-03-30,27.6952,27.5844
1993-03-31,27.552,27.5777
1993-04-01,27.3865,27.553
1993-04-02,27.3375,27.516
1993-04-03,27.3569,27.5086
1993-04-04,27.381,27.5164
1993-04-05,27.5054,27.5148
1993-04-06,27.6172,27.5118
1993-04-07,27.6355,27.5094
1993-04-08,27.6212,27.5011
1993-04-09,27.7636,27.5232
1993-04-10,27.8189,27.5329
1993-04-11,27.9567,27.5625
1993-04-12,28.1635,27.6067
1993-04-13,28.303,27.6262
1993-04-14,28.3913,27.6587
1993-04-15,28.4772,27.6918
1993-04-16,28.5099,27.7064
1993-04-17,28.4834,27.7257
1993-04-18,28.4438,27.7132
1993-04-19,28.4632,27.6939
1993-04-20,28.5251,27.6839
1993-04-21,28.4855,27.6788
1993-04-22,28.5006,27.6592
1993-04-23,28.524,27.6445
1993-04-24,28.5392,27.6401
1993-04-25,28.5185,27.6188
1993-04-26,28.5525,27.6044
1993-04-27,28.5711,27.6136
1993-04-28,28.5814,27.6292
1993-04-29,28.6259,27.655
1993-04-30,28.6387,27.6578
1993-05-01,28.5791,27.6463
1993-05-02,28.5065,27.6152
1993-05-03,28.4322,27.5871
1993-05-04,28.4045,27.5745
1993-05-05,28.4266,27.555
1993-05-06,28.4737,27.5584
1993-05-07,28.6001,27.5607
1993-05-08,28.6345,27.5798
1993-05-09,28.6615,27.6019
1993-05-10,28.6477,27.6375
1993-05-11,28.5799,27.6517
1993-05-12,28.5328,27.6411
1993-05-13,28.5097,27.6579
1993-05-14,28.5801,27.6649
1993-05-15,28.62,27.6618
1993-05-16,28.6176,27.6483
1993-05-17,28.6732,27.6433
1993-05-18,28.6529,27.6284
1993-05-19,28.6256,27.6156
1993-05-20,28.5908,27.6167
1993-05-21,28.5201,27.612
1993-05-22,28.5047,27.5848
1993-05-23,28.5207,27.5662
1993-05-24,28.6075,27.5626
1993-05-25,28.6652,27.5523
1993-05-26,28.6315,27.5187
1993-05-27,28.6253,27.4786
1993-05-28,28.5575,27.4267
1993-05-29,28.4443,27.3738
1993-05-30,28.2855,27.3215
1993-05-31,28.1668,27.3045
1993-06-01,28.0709,27.3004
1993-06-02,28.0432,27.2899
1993-06-03,28.0286,27.2741
1993-06-04,27.9886,27.2541
1993-06-05,27.9335,27.2243
1993-06-06,27.8787,27.1905
1993-06-07,27.8905,27.161
1993-06-08,27.909,27.1348
1993-06-09,27.9905,27.1258
1993-06-10,27.9703,27.1122
1993-06-11,27.9023,27.0812
1993-06-12,27.767,27.0584
1993-06-13,27.6743,27.0397
1993-06-14,27.633,27.025
1993-06-15,27.7771,27.0415
1993-06-16,27.8476,27.0333
1993-06-17,27.8521,27.01
1993-06-18,27.818,26.9913
1993-06-19,27.8165,26.9765
1993-06-20,27.8328,26.9669
1993-06-21,27.8329,26.9496
1993-06-22,27.8767,26.9704
1993-06-23,27.8608,26.9939
1993-06-24,27.8883,27.0021
1993-06-25,27.8749,26.9781
1993-06-26,27.8496,26.9451
1993-06-27,27.7573,26.9037
1993-06-28,27.6915,26.8761
1993-06-29,27.6542,26.854
1993-06-30,27.7161,26.8646
1993-07-01,27.7309,26.8532
1993-07-02,27.767,26.8376
1993-07-03,27.9217,26.8303
1993-07-04,27.9018,26.8116
1993-07-05,27.7671,26.7959
1993-07-06,27.6619,26.7923
1993-07-07,27.5273,26.742
1993-07-08,27.4251,26.6903
1993-07-09,27.4342,26.6658
1993-07-10,27.3974,26.6584
1993-07-11,27.47,26.6256
1993-07-12,27.5567,26.6239
1993-07-13,27.6186,26.619
1993-07-14,27.6723,26.5879
1993-07-15,27.6486,26.5525
1993-07-16,27.5994,26.5269
1993-07-17,27.5419,26.5052
1993-07-18,27.4245,26.4768
1993-07-19,27.2801,26.4511
1993-07-20,27.274,26.433
1993-07-21,27.2675,26.4287
1993-07-22,27.3618,26.4354
1993-07-23,27.2952,26.4343
1993-07-24,27.2934,26.4292
1993-07-25,27.3023,26.4224
1993-07-26,27.2778,26.41
1993-07-27,27.2972,26.4086
1993-07-28,27.2868,26.4021
1993-07-29,27.2076,26.3836
1993-07-30,27.1605,26.3708
1993-07-31,27.1338,26.3504
1993-08-01,27.1171,26.3348
1993-08-02,27.038,26.3481
1993-08-03,27.0088,26.37
1993-08-04,26.9929,26.3747
1993-08-05,26.8879,26.3684
1993-08-06,26.779,26.3545
1993-08-07,26.7533,26.3467
1993-08-08,26.7926,26.345
1993-08-09,26.7717,26.3324
1993-08-10,26.7627,26.3241
1993-08-11,26.742,26.311
1993-08-12,26.7345,26.3186
1993-08-13,26.8159,26.3214
1993-08-14,26.8087,26.3135
1993-08-15,26.742,26.2872
1993-08-16,26.7204,26.2471
1993-08-17,26.6986,26.2162
1993-08-18,26.6813,26.2124
1993-08-19,26.6988,26.2318
1993-08-20,26.7811,26.2374
1993-08-21,26.8287,26.2411
1993-08-22,26.8251,26.238
1993-08-23,26.8358,26.2383
1993-08-24,26.862,26.2506
1993-08-25,26.8386,26.2446
1993-08-26,26.7273,26.2472
1993-08-27,26.6722,26.2764
1993-08-28,26.5639,26.2936
1993-08-29,26.609,26.3363
1993-08-30,26.6395,26.3671
1993-08-31,26.5969,26.3683
1993-09-01,26.6073,26.3529
1993-09-02,26.8276,26.3642
1993-09-03,27.005,26.3924
1993-09-04,27.0544,26.4078
1993-09-05,27.0373,26.4345
1993-09-06,26.9849,26.4492
1993-09-07,26.9851,26.45
1993-09-08,26.9658,26.4373
1993-09-09,27.0387,26.4209
1993-09-10,27.1008,26.4215
1993-09-11,27.1212,26.4205
1993-09-12,27.0599,26.4335
1993-09-13,26.9787,26.4309
1993-09-14,26.8111,26.4231
1993-09-15,26.8863,26.4383
1993-09-16,26.9519,26.4554
1993-09-17,26.9702,26.4668
1993-09-18,26.909,26.4535
1993-09-19,26.7833,26.4488
1993-09-20,26.7594,26.4253
1993-09-21,26.791,26.4061
1993-09-22,26.8482,26.4078
1993-09-23,26.7972,26.446
1993-09-24,26.8856,26.4638
1993-09-25,26.9736,26.4916
1993-09-26,27.0051,26.5274
1993-09-27,27.0199,26.563
1993-09-28,26.9215,26.5625
1993-09-29,26.7964,26.5652
1993-09-30,26.7474,26.5767
1993-10-01,26.7248,26.5875
1993-10-02,26.6856,26.5781
1993-10-03,26.6062,26.5651
1993-10-04,26.5752,26.5667
1993-10-05,26.6433,26.5643
1993-10-06,26.8808,26.5576
1993-10-07,26.9587,26.57
1993-10-08,26.9994,26.6175
1993-10-09,27.0293,26.6362
1993-10-10,27.0646,26.6447
1993-10-11,26.9579,26.6284
1993-10-12,26.9129,26.6213
1993-10-13,26.9303,26.6209
1993-10-14,27.0042,26.6393
1993-10-15,26.947,26.6451
1993-10-16,26.7724,26.637
1993-10-17,26.7407,26.6594
1993-10-18,26.7763,26.6957
1993-10-19,26.7977,26.7103
1993-10-20,26.787,26.7173
1993-10-21,26.7498,26.6964
1993-10-22,26.6725,26.6887
1993-10-23,26.7779,26.6998
1993-10-24,26.995,26.7319
1993-10-25,27.0504,26.7701
1993-10-26,27.0461,26.8059
1993-10-27,27.0488,26.8376
1993-10-28,27.0086,26.8466
1993-10-29,27.0743,26.8611
1993-10-30,27.2004,26.8788
1993-10-31,27.2277,26.8945
1993-11-01,27.1496,26.8694
1993-11-02,27.1479,26.8557
1993-11-03,27.2063,26.8386
1993-11-04,27.2609,26.8354
1993-11-05,27.167,26.8476
1993-11-06,27.1544,26.8658
1993-11-07,27.1076,26.8881
1993-11-08,26.9978,26.9157
1993-11-09,26.87,26.9421
1993-11-10,26.8905,26.9402
1993-11-11,26.8951,26.946
1993-11-12,26.9192,26.9294
1993-11-13,26.8649,26.9217
1993-11-14,26.8485,26.9207
1993-11-15,26.7981,26.9389
1993-11-16,26.7394,26.9716
1993-11-17,26.7378,26.9788
1993-11-18,26.7079,26.9904
1993-11-19,26.5763,26.9942
1993-11-20,26.4435,26.9927
1993-11-21,26.4939,27.0136
1993-11-22,26.5438,27.0116
1993-11-23,26.5915,26.9945
1993-11-24,26.6108,26.9982
1993-11-25,26.6301,27.0166
1993-11-26,26.722,27.0155
1993-11-27,26.745,27.0056
1993-11-28,26.701,26.9899
1993-11-29,26.7564,26.9852
1993-11-30,26.8866,27.0018
1993-12-01,26.9192,27.0164
1993-12-02,26.9672,27.0261
1993-12-03,26.9465,27.0316
1993-12-04,26.9217,27.0247
1993-12-05,26.9089,27.0211
1993-12-06,26.9474,27.0143
1993-12-07,27.1681,27.0258
1993-12-08,27.2071,27.0057
1993-12-09,27.1101,26.9723
1993-12-10,26.9367,26.9324
1993-12-11,26.7698,26.9019
1993-12-12,26.6431,26.8928
1993-12-13,26.5102,26.905
1993-12-14,26.5368,26.9434
1993-12-15,26.6587,26.977
1993-12-16,26.735,26.9858
1993-12-17,26.7573,26.9785
1993-12-18,26.6729,26.9572
1993-12-19,26.6832,26.9343
1993-12-20,26.7089,26.9232
1993-12-21,26.7102,26.9194
1993-12-22,26.647,26.918
1993-12-23,26.6785,26.9142
1993-12-24,26.6367,26.9122
1993-12-25,26.5102,26.909
1993-12-26,26.3416,26.8835
1993-12-27,26.1671,26.8524
1993-12-28,26.1243,26.8331
1993-12-29,26.1773,26.8227
1993-12-30,26.2069,26.8126
1993-12-31,26.2485,26.8263
1994-01-01,26.3393,26.872
1994-01-02,26.4244,26.9022
1994-01-03,26.4708,26.9107
1994-01-04,26.5557,26.9126
1994-01-05,26.5569,26.9235
1994-01-06,26.5095,26.9313
1994-01-07,26.6434,26.9508
1994-01-08,26.7652,26.9494
1994-01-09,26.7591,26.9133
1994-01-10,26.6974,26.8793
1994-01-11,26.6533,26.8796
1994-01-12,26.5466,26.8727
1994-01-13,26.5373,26.8719
1994-01-14,26.6193,26.8991
1994-01-15,26.6537,26.9315
1994-01-16,26.6212,26.9529
1994-01-17,26.5427,26.9852
1994-01-18,26.4526,26.9941
1994-01-19,26.4606,26.9869
1994-01-20,26.4404,26.9705
1994-01-21,26.403,26.9403
1994-01-22,26.3291,26.9345
1994-01-23,26.1687,26.9254
1994-01-24,26.1465,26.9142
1994-01-25,26.2848,26.911
1994-01-26,26.4501,26.9185
1994-01-27,26.5564,26.9334
1994-01-28,26.6129,26.9362
1994-01-29,26.6319,26.9334
1994-01-30,26.6404,26.9548
1994-01-31,26.6567,26.9892
1994-02-01,26.687,26.962
1994-02-02,26.6328,26.9531
1994-02-03,26.5904,26.9918
1994-02-04,26.5877,27.0236
1994-02-05,26.6291,27.0412
1994-02-06,26.67,27.0427
1994-02-07,26.7579,27.0447
1994-02-08,26.8115,27.031
1994-02-09,26.8383,27.0111
1994-02-10,26.9011,27.0149
1994-02-11,26.9675,27.0174
1994-02-12,26.9121,27.03
1994-02-13,26.7969,27.0353
1994-02-14,26.6427,27.022
1994-02-15,26.5403,27.0199
1994-02-16,26.5967,27.002
1994-02-17,26.563,27.0
1994-02-18,26.4889,27.0209
1994-02-19,26.4744,27.0403
1994-02-20,26.497,27.0557
1994-02-21,26.5155,27.0595
1994-02-22,26.5017,27.0715
1994-02-23,26.4627,27.0912
1994-02-24,26.3872,27.1026
1994-02-25,26.3255,27.1126
1994-02-26,26.287,27.1025
1994-02-27,26.3646,27.1086
1994-02-28,26.5568,27.1522
1994-03-01,26.6787,27.2048
1994-03-02,26.7713,27.2488
1994-03-03,26.9077,27.2678
1994-03-04,27.0029,27.2583
1994-03-05,27.028,27.2699
1994-03-06,27.0407,27.3064
1994-03-07,27.0943,27.3586
1994-03-08,27.229,27.3944
1994-03-09,27.4146,27.4351
1994-03-10,27.6108,27.4538
1994-03-11,27.7357,27.4453
1994-03-12,27.7663,27.4507
1994-03-13,27.6924,27.4717
1994-03-14,27.6059,27.4731
1994-03-15,27.5607,27.473
1994-03-16,27.5913,27.4699
1994-03-17,27.5659,27.4709
1994-03-18,27.4931,27.4575
1994-03-19,27.4334,27.4646
1994-03-20,27.352,27.4761
1994-03-21,27.2781,27.4774
1994-03-22,27.2268,27.4723
1994-03-23,27.1728,27.4609
1994-03-24,27.1567,27.4541
1994-03-25,27.209,27.4501
1994-03-26,27.2668,27.4529
1994-03-27,27.42,27.4804
1994-03-28,27.5737,27.5093
1994-03-29,27.5858,27.5255
1994-03-30,27.5542,27.5381
1994-03-31,27.5889,27.5462
1994-04-01,27.5659,27.5716
1994-04-02,27.5314,27.5907
1994-04-03,27.5921,27.5993
1994-04-04,27.6855,27.6353
1994-04-05,27.8437,27.6633
1994-04-06,27.8695,27.6646
1994-04-07,27.9161,27.6621
1994-04-08,27.908,27.6435
1994-04-09,27.9802,27.6352
1994-04-10,28.144,27.6663
1994-04-11,28.1976,27.6759
1994-04-12,28.1369,27.6611
1994-04-13,27.9416,27.6306
1994-04-14,27.897,27.6204
1994-04-15,27.9151,27.6067
1994-04-16,27.9896,27.605
1994-04-17,27.9167,27.5943
1994-04-18,27.8059,27.5978
1994-04-19,27.8202,27.602
1994-04-20,27.7327,27.5942
1994-04-21,27.7256,27.5876
1994-04-22,27.6732,27.5945
1994-04-23,27.5724,27.5913
1994-04-24,27.6077,27.6351
1994-04-25,27.8506,27.6361
1994-04-26,28.0683,27.6087
1994-04-27,28.1183,27.5851
1994-04-28,28.1495,27.579
1994-04-29,28.024,27.5752
1994-04-30,27.8925,27.5719
1994-05-01,27.8266,27.5889
1994-05-02,27.8597,27.6173
1994-05-03,27.7274,27.6319
1994-05-04,27.6341,27.6331
1994-05-05,27.6339,27.6354
1994-05-06,27.6894,27.6378
1994-05-07,27.7192,27.6226
1994-05-08,27.7832,27.6176
1994-05-09,27.862,27.6072
1994-05-10,27.9246,27.6017
1994-05-11,27.9771,27.5905
1994-05-12,27.9099,27.5844
1994-05-13,27.9138,27.5705
1994-05-14,27.9726,27.5724
1994-05-15,28.0586,27.546
1994-05-16,28.1453,27.5241
1994-05-17,28.0945,27.5097
1994-05-18,28.1102,27.4952
1994-05-19,28.1127,27.4807
1994-05-20,28.1678,27.4977
1994-05-21,28.2268,27.5185
1994-05-22,28.2566,27.4958
1994-05-23,28.2113,27.467
1994-05-24,28.1029,27.4549
1994-05-25,27.9046,27.4485
1994-05-26,27.9953,27.4469
1994-05-27,28.0314,27.4326
1994-05-28,28.0622,27.4256
1994-05-29,28.1551,27.4217
1994-05-30,28.1942,27.4381
1994-05-31,28.2022,27.4303
1994-06-01,28.2649,27.4171
1994-06-02,28.2363,27.3832
1994-06-03,28.0952,27.3389
1994-06-04,28.0202,27.2699
1994-06-05,27.9437,27.2311
1994-06-06,27.8849,27.1736
1994-06-07,27.8232,27.1238
1994-06-08,27.7965,27.1069
1994-06-09,27.7767,27.0769
1994-06-10,27.7282,27.0455
1994-06-11,27.8248,27.0198
1994-06-12,27.9588,27.0192
1994-06-13,27.9593,27.0188
1994-06-14,27.9511,27.0277
1994-06-15,27.9486,27.0183
1994-06-16,27.9477,26.9961
1994-06-17,27.9092,26.946
1994-06-18,27.881,26.9187
1994-06-19,27.8843,26.8927
1994-06-20,27.8669,26.8564
1994-06-21,27.8284,26.8312
1994-06-22,27.7855,26.8202
1994-06-23,27.7877,26.8336
1994-06-24,27.7119,26.8238
1994-06-25,27.5929,26.8151
1994-06-26,27.5151,26.8006
1994-06-27,27.4255,26.7911
1994-06-28,27.3973,26.7865
1994-06-29,27.3461,26.773
1994-06-30,27.3044,26.7452
1994-07-01,27.3241,26.7219
1994-07-02,27.3004,26.6818
1994-07-03,27.3824,26.6513
1994-07-04,27.3905,26.6299
1994-07-05,27.2558,26.5957
1994-07-06,27.242,26.5814
1994-07-07,27.1732,26.5652
1994-07-08,27.0969,26.5604
1994-07-09,27.0745,26.5586
1994-07-10,27.0274,26.5389
1994-07-11,27.0649,26.5269
1994-07-12,27.0577,26.5319
1994-07-13,27.0688,26.5453
1994-07-14,27.1795,26.5514
1994-07-15,27.1937,26.5267
1994-07-16,27.167,26.5053
1994-07-17,27.1055,26.473
1994-07-18,27.1636,26.4547
1994-07-19,27.2956,26.4683
1994-07-20,27.3001,26.4617
1994-07-21,27.2397,26.4578
1994-07-22,27.273,26.441
1994-07-23,27.2849,26.4178
1994-07-24,27.294,26.3976
1994-07-25,27.3075,26.3726
1994-07-26,27.3217,26.3619
1994-07-27,27.3016,26.338
1994-07-28,27.2551,26.3168
1994-07-29,27.3312,26.2953
1994-07-30,27.3597,26.2766
1994-07-31,27.3582,26.2602
1994-08-01,27.3226,26.2167
1994-08-02,27.2956,26.1913
1994-08-03,27.2582,26.1698
1994-08-04,27.3494,26.1622
1994-08-05,27.4365,26.1702
1994-08-06,27.4912,26.1959
1994-08-07,27.5321,26.2431
1994-08-08,27.5643,26.2806
1994-08-09,27.551,26.3042
1994-08-10,27.5307,26.2978
1994-08-11,27.4202,26.2775
1994-08-12,27.383,26.2823
1994-08-13,27.2847,26.3104
1994-08-14,27.2332,26.3246
1994-08-15,27.174,26.3212
1994-08-16,27.1637,26.3266
1994-08-17,27.1573,26.3243
1994-08-18,27.2477,26.3505
1994-08-19,27.2715,26.3759
1994-08-20,27.2085,26.3676
1994-08-21,27.1682,26.3368
1994-08-22,27.1193,26.3018
1994-08-23,27.1011,26.2673
1994-08-24,27.1436,26.2757
1994-08-25,27.156,26.2939
1994-08-26,27.1833,26.2932
1994-08-27,27.2364,26.3194
1994-08-28,27.2011,26.3453
1994-08-29,27.1922,26.372
1994-08-30,27.1815,26.3778
1994-08-31,27.2549,26.3788
1994-09-01,27.2446,26.388
1994-09-02,27.2039,26.3812
1994-09-03,27.198,26.3617
1994-09-04,27.1425,26.332
1994-09-05,27.1795,26.3294
1994-09-06,27.1049,26.2997
1994-09-07,27.0386,26.2904
1994-09-08,26.9491,26.2941
1994-09-09,26.9406,26.2917
1994-09-10,26.9154,26.2834
1994-09-11,26.9322,26.2942
1994-09-12,26.9007,26.3072
1994-09-13,26.8802,26.3015
1994-09-14,26.8008,26.264
1994-09-15,26.7121,26.2235
1994-09-16,26.6722,26.212
1994-09-17,26.641,26.1973
1994-09-18,26.7313,26.2349
1994-09-19,26.7407,26.2625
1994-09-20,26.6662,26.3123
1994-09-21,26.7944,26.3617
1994-09-22,26.8919,26.3756
1994-09-23,26.9349,26.3677
1994-09-24,27.036,26.3789
1994-09-25,27.1704,26.3914
1994-09-26,27.2512,26.4061
1994-09-27,27.2818,26.4245
1994-09-28,27.1093,26.4431
1994-09-29,27.0353,26.4778
1994-09-30,27.0743,26.5123
1994-10-01,26.9977,26.5188
1994-10-02,26.9407,26.5308
1994-10-03,27.0087,26.5415
1994-10-04,27.1873,26.5719
1994-10-05,27.2668,26.5982
1994-10-06,27.3469,26.6178
1994-10-07,27.443,26.6455
1994-10-08,27.4399,26.6867
1994-10-09,27.4596,26.7257
1994-10-10,27.3833,26.7443
1994-10-11,27.3039,26.741
1994-10-12,27.1966,26.7357
1994-10-13,27.1429,26.7465
1994-10-14,27.1846,26.7447
1994-10-15,27.2391,26.74
1994-10-16,27.3369,26.7381
1994-10-17,27.2576,26.7325
1994-10-18,27.2984,26.7138
1994-10-19,27.2634,26.7156
1994-10-20,27.3873,26.7265
1994-10-21,27.4921,26.7338
1994-10-22,27.5349,26.739
1994-10-23,27.6265,26.749
1994-10-24,27.6348,26.7562
1994-10-25,27.5647,26.7675
1994-10-26,27.3979,26.7759
1994-10-27,27.1857,26.782
1994-10-28,27.1914,26.7976
1994-10-29,27.2378,26.81
1994-10-30,27.4349,26.8316
1994-10-31,27.5962,26.8497
1994-11-01,27.6937,26.8563
1994-11-02,27.7661,26.8615
1994-11-03,27.7705,26.8545
1994-11-04,27.6826,26.8741
1994-11-05,27.5925,26.8802
1994-11-06,27.5622,26.8686
1994-11-07,27.6792,26.8929
1994-11-08,27.6835,26.9095
1994-11-09,27.539,26.9072
1994-11-10,27.5442,26.9031
1994-11-11,27.5367,26.9066
1994-11-12,27.5867,26.9096
1994-11-13,27.6172,26.9027
1994-11-14,27.6203,26.9011
1994-11-15,27.7067,26.9076
1994-11-16,27.6626,26.9217
1994-11-17,27.5807,26.9245
1994-11-18,27.5883,26.9258
1994-11-19,27.6229,26.931
1994-11-20,27.6457,26.9258
1994-11-21,27.6298,26.9438
1994-11-22,27.6607,26.9409
1994-11-23,27.8122,26.9415
1994-11-24,27.8614,26.9561
1994-11-25,27.8565,26.9603
1994-11-26,27.9546,26.9758
1994-11-27,27.9335,26.9566
1994-11-28,27.8957,26.9508
1994-11-29,27.9814,26.9482
1994-11-30,28.0632,26.9439
1994-12-01,28.1255,26.9365
1994-12-02,28.1036,26.9287
1994-12-03,28.0445,26.9329
1994-12-04,27.9335,26.9188
1994-12-05,27.7149,26.9076
1994-12-06,27.6583,26.9164
1994-12-07,27.7161,26.8956
1994-12-08,27.7054,26.8654
1994-12-09,27.783,26.8713
1994-12-10,27.9299,26.876
1994-12-11,27.9212,26.8607
1994-12-12,27.9061,26.8508
1994-12-13,27.8573,26.8502
1994-12-14,27.8175,26.8702
1994-12-15,27.7871,26.8831
1994-12-16,27.8189,26.8924
1994-12-17,27.8955,26.9072
1994-12-18,27.9466,26.8965
1994-12-19,27.9622,26.9254
1994-12-20,27.9179,26.9529
1994-12-21,27.8691,26.9555
1994-12-22,27.8274,26.9549
1994-12-23,27.7232,26.9736
1994-12-24,27.722,27.0024
1994-12-25,27.6928,27.0175
1994-12-26,27.7554,27.0229
1994-12-27,27.7197,27.0163
1994-12-28,27.531,26.9853
1994-12-29,27.5408,26.9798
1994-12-30,27.6021,26.9842
1994-12-31,27.5443,26.9716
1995-01-01,27.5735,26.9618
1995-01-02,27.4535,26.9506
1995-01-03,27.3866,26.9508
1995-01-04,27.4012,26.9704
1995-01-05,27.3686,26.9731
1995-01-06,27.3469,26.9426
1995-01-07,27.3618,26.9431
1995-01-08,27.4698,26.9769
1995-01-09,27.4843,26.9702
1995-01-10,27.3015,26.9524
1995-01-11,27.2765,26.9495
1995-01-12,27.3343,26.9494
1995-01-13,27.3557,26.9623
1995-01-14,27.3433,26.9683
1995-01-15,27.3294,26.9818
1995-01-16,27.3348,26.981
1995-01-17,27.4108,26.9715
1995-01-18,27.5014,26.9708
1995-01-19,27.5138,26.9789
1995-01-20,27.3932,26.9978
1995-01-21,27.2153,27.0047
1995-01-22,27.0908,27.0004
1995-01-23,27.0175,26.9931
1995-01-24,27.0043,26.9864
1995-01-25,27.1739,26.9864
1995-01-26,27.2344,26.9632
1995-01-27,27.2495,26.967
1995-01-28,27.1165,26.9655
1995-01-29,27.1093,26.9748
1995-01-30,27.1427,26.983
1995-01-31,27.2071,27.0032
1995-02-01,27.2852,27.0175
1995-02-02,27.3268,27.0089
1995-02-03,27.3605,27.0181
1995-02-04,27.3885,27.0346
1995-02-05,27.3416,27.0607
1995-02-06,27.2718,27.082
1995-02-07,27.2543,27.1186
1995-02-08,27.2777,27.1608
1995-02-09,27.2687,27.1923
1995-02-10,27.3376,27.2018
1995-02-11,27.3666,27.226
1995-02-12,27.3217,27.2586
1995-02-13,27.3445,27.2677
1995-02-14,27.3115,27.2759
1995-02-15,27.2651,27.2675
1995-02-16,27.2448,27.2696
1995-02-17,27.1692,27.2917
1995-02-18,27.0982,27.3066
1995-02-19,27.2533,27.3564
1995-02-20,27.3952,27.3934
1995-02-21,27.4776,27.4057
1995-02-22,27.434,27.4056
1995-02-23,27.5292,27.4188
1995-02-24,27.5581,27.408
1995-02-25,27.5969,27.3868
1995-02-26,27.5148,27.3625
1995-02-27,27.4533,27.3704
1995-02-28,27.413,27.3762
1995-03-01,27.3802,27.3308
1995-03-02,27.3926,27.2985
1995-03-03,27.4088,27.3176
1995-03-04,27.4165,27.3166
1995-03-05,27.3998,27.3119
1995-03-06,27.2867,27.2969
1995-03-07,27.2566,27.283
1995-03-08,27.286,27.2897
1995-03-09,27.351,27.304
1995-03-10,27.5105,27.3409
1995-03-11,27.4721,27.387
1995-03-12,27.3495,27.4513
1995-03-13,27.3142,27.49
1995-03-14,27.3407,27.5305
1995-03-15,27.2827,27.5727
1995-03-16,27.3313,27.5891
1995-03-17,27.5076,27.6219
1995-03-18,27.551,27.6512
1995-03-19,27.6211,27.6854
1995-03-20,27.7507,27.721
1995-03-21,27.821,27.7312
1995-03-22,27.8197,27.7329
1995-03-23,27.694,27.7399
1995-03-24,27.6155,27.729
1995-03-25,27.5388,27.7157
1995-03-26,27.48,27.7253
1995-03-27,27.519,27.7211
1995-03-28,27.6142,27.6893
1995-03-29,27.6886,27.6821
1995-03-30,27.7856,27.6867
1995-03-31,27.7675,27.7017
1995-04-01,27.8374,27.7082
1995-04-02,27.8939,27.6959
1995-04-03,27.9343,27.6895
1995-04-04,27.9588,27.6977
1995-04-05,28.0316,27.7122
1995-04-06,27.9793,27.7327
1995-04-07,27.8211,27.7441
1995-04-08,27.7291,27.7288
1995-04-09,27.7304,27.7326
1995-04-10,27.8008,27.7297
1995-04-11,27.8741,27.7266
1995-04-12,27.8776,27.7239
1995-04-13,27.8018,27.7325
1995-04-14,27.8099,27.7375
1995-04-15,28.0575,27.7711
1995-04-16,28.1809,27.7938
1995-04-17,28.1434,27.7755
1995-04-18,28.0147,27.7498
1995-04-19,27.8458,27.7104
1995-04-20,27.7502,27.7021
1995-04-21,27.76,27.6864
1995-04-22,27.8093,27.6723
1995-04-23,27.817,27.6734
1995-04-24,27.8452,27.6806
1995-04-25,27.8308,27.6982
1995-04-26,27.8274,27.7091
1995-04-27,27.8208,27.6905
1995-04-28,27.775,27.6684
1995-04-29,27.6961,27.6504
1995-04-30,27.6569,27.6283
1995-05-01,27.6839,27.6358
1995-05-02,27.7862,27.6497
1995-05-03,27.8877,27.6857
1995-05-04,27.9313,27.6879
1995-05-05,27.887,27.6523
1995-05-06,27.8227,27.6215
1995-05-07,27.7475,27.6164
1995-05-08,27.7349,27.6256
1995-05-09,27.7353,27.6211
1995-05-10,27.7072,27.6165
1995-05-11,27.7299,27.5966
1995-05-12,27.7343,27.5753
1995-05-13,27.6134,27.5598
1995-05-14,27.6012,27.5783
1995-05-15,27.5887,27.576
1995-05-16,27.6441,27.5565
1995-05-17,27.5742,27.5294
1995-05-18,27.3687,27.4948
1995-05-19,27.1813,27.4898
1995-05-20,27.2436,27.4958
1995-05-21,27.2626,27.466
1995-05-22,27.4517,27.4579
1995-05-23,27.4412,27.4281
1995-05-24,27.4151,27.4201
1995-05-25,27.5091,27.4676
1995-05-26,27.5709,27.4756
1995-05-27,27.7,27.4837
1995-05-28,27.7398,27.4675
1995-05-29,27.7728,27.4624
1995-05-30,27.7308,27.4408
1995-05-31,27.6016,27.4053
1995-06-01,27.5025,27.3888
1995-06-02,27.4419,27.3868
1995-06-03,27.3967,27.4008
1995-06-04,27.4627,27.4028
1995-06-05,27.4348,27.3863
1995-06-06,27.4732,27.3685
1995-06-07,27.4985,27.3711
1995-06-08,27.4687,27.3746
1995-06-09,27.4497,27.3747
1995-06-10,27.4969,27.359
1995-06-11,27.5251,27.3408
1995-06-12,27.5851,27.3196
1995-06-13,27.5548,27.3
1995-06-14,27.4922,27.2768
1995-06-15,27.4629,27.249
1995-06-16,27.4893,27.208
1995-06-17,27.4077,27.1802
1995-06-18,27.2168,27.1151
1995-06-19,27.0555,27.0582
1995-06-20,26.8755,27.0199
1995-06-21,26.8046,26.9687
1995-06-22,26.9514,26.953
1995-06-23,27.1817,26.9583
1995-06-24,27.2195,26.9313
1995-06-25,27.1691,26.9153
1995-06-26,27.0339,26.9082
1995-06-27,26.9456,26.9101
1995-06-28,26.9677,26.9386
1995-06-29,27.0704,26.9592
1995-06-30,27.1645,26.9649
1995-07-01,27.3065,26.9581
1995-07-02,27.3725,26.9572
1995-07-03,27.3835,26.9436
1995-07-04,27.3218,26.9237
1995-07-05,27.2157,26.8952
1995-07-06,27.1126,26.841
1995-07-07,27.1347,26.8062
1995-07-08,27.0785,26.7848
1995-07-09,27.0991,26.7727
1995-07-10,27.0384,26.7813
1995-07-11,26.969,26.7891
1995-07-12,26.9912,26.8059
1995-07-13,27.118,26.8106
1995-07-14,27.2694,26.8187
1995-07-15,27.2542,26.7961
1995-07-16,27.2677,26.7648
1995-07-17,27.1267,26.7387
1995-07-18,26.9934,26.7049
1995-07-19,26.9419,26.6937
1995-07-20,26.851,26.6576
1995-07-21,26.8472,26.6391
1995-07-22,26.8935,26.6222
1995-07-23,26.9346,26.6007
1995-07-24,26.9644,26.559
1995-07-25,26.8873,26.5407
1995-07-26,26.7875,26.5483
1995-07-27,26.725,26.5554
1995-07-28,26.6543,26.5479
1995-07-29,26.6492,26.5307
1995-07-30,26.5917,26.5257
1995-07-31,26.7099,26.5264
1995-08-01,26.7529,26.4908
1995-08-02,26.6768,26.4699
1995-08-03,26.5473,26.44
1995-08-04,26.4135,26.4167
1995-08-05,26.2834,26.3739
1995-08-06,26.192,26.353
1995-08-07,26.1687,26.3474
1995-08-08,26.1851,26.3621
1995-08-09,26.2701,26.3557
1995-08-10,26.2973,26.3503
1995-08-11,26.32,26.3513
1995-08-12,26.358,26.3634
1995-08-13,26.3387,26.3575
1995-08-14,26.2947,26.3551
1995-08-15,26.2604,26.3753
1995-08-16,26.2223,26.3878
1995-08-17,26.1794,26.4063
1995-08-18,26.201,26.4184
1995-08-19,26.2002,26.4328
1995-08-20,26.2432,26.4461
1995-08-21,26.2877,26.445
1995-08-22,26.2268,26.4332
1995-08-23,26.1964,26.4234
1995-08-24,26.1995,26.4149
1995-08-25,26.2253,26.4055
1995-08-26,26.1085,26.3962
1995-08-27,26.0171,26.3799
1995-08-28,25.9929,26.363
1995-08-29,25.9948,26.3475
1995-08-30,26.0708,26.3292
1995-08-31,26.0646,26.3226
1995-09-01,26.0194,26.3423
1995-09-02,26.0134,26.3627
1995-09-03,26.0447,26.3657
1995-09-04,26.0377,26.3668
1995-09-05,26.0861,26.378
1995-09-06,25.9826,26.3959
1995-09-07,25.8953,26.3755
1995-09-08,25.9587,26.3528
1995-09-09,26.081,26.3625
1995-09-10,26.0907,26.3753
1995-09-11,26.0184,26.3967
1995-09-12,26.0397,26.3887
1995-09-13,26.1082,26.3914
1995-09-14,26.0753,26.3853
1995-09-15,26.0243,26.3749
1995-09-16,26.0012,26.3707
1995-09-17,25.9932,26.3743
1995-09-18,26.0454,26.3823
1995-09-19,26.1412,26.4105
1995-09-20,26.2611,26.4433
1995-09-21,26.2701,26.4793
1995-09-22,26.3074,26.5124
1995-09-23,26.2872,26.5466
1995-09-24,26.2689,26.5619
1995-09-25,26.1557,26.5469
1995-09-26,26.0533,26.5461
1995-09-27,25.9171,26.5367
1995-09-28,25.7953,26.522
1995-09-29,25.6512,26.5031
1995-09-30,25.6071,26.4861
1995-10-01,25.6432,26.4725
1995-10-02,25.611,26.4571
1995-10-03,25.5698,26.4444
1995-10-04,25.5084,26.4365
1995-10-05,25.5478,26.457
1995-10-06,25.558,26.491
1995-10-07,25.6083,26.5242
1995-10-08,25.6744,26.5419
1995-10-09,25.6894,26.5493
1995-10-10,25.7239,26.5639
1995-10-11,25.8328,26.5607
1995-10-12,25.8966,26.575
1995-10-13,25.9167,26.5848
1995-10-14,25.8825,26.6074
1995-10-15,25.8532,26.6334
1995-10-16,25.8188,26.643
1995-10-17,25.8105,26.6563
1995-10-18,25.8094,26.6759
1995-10-19,25.8131,26.6869
1995-10-20,25.7538,26.6905
1995-10-21,25.7398,26.663
1995-10-22,25.7367,26.6408
1995-10-23,25.6977,26.6252
1995-10-24,25.7608,26.6322
1995-10-25,25.8022,26.6457
1995-10-26,25.7902,26.665
1995-10-27,25.8248,26.6836
1995-10-28,25.8416,26.7003
1995-10-29,25.8218,26.7136
1995-10-30,25.7916,26.7183
1995-10-31,25.754,26.7119
1995-11-01,25.7534,26.7225
1995-11-02,25.7546,26.7386
1995-11-03,25.7617,26.7345
1995-11-04,25.7737,26.7436
1995-11-05,25.838,26.7733
1995-11-06,25.8176,26.8054
1995-11-07,25.7893,26.839
1995-11-08,25.9671,26.8648
1995-11-09,26.0304,26.8842
1995-11-10,25.9486,26.8972
1995-11-11,25.8164,26.9152
1995-11-12,25.7867,26.9157
1995-11-13,25.7092,26.9141
1995-11-14,25.6372,26.9089
1995-11-15,25.7027,26.8935
1995-11-16,25.7905,26.8954
1995-11-17,25.7367,26.8992
1995-11-18,25.6943,26.8914
1995-11-19,25.6268,26.8622
1995-11-20,25.7542,26.8564
1995-11-21,25.7495,26.85
1995-11-22,25.6848,26.8731
1995-11-23,25.5811,26.8948
1995-11-24,25.4788,26.8831
1995-11-25,25.4751,26.8906
1995-11-26,25.597,26.8985
1995-11-27,25.7508,26.8945
1995-11-28,25.7743,26.8719
1995-11-29,25.733,26.8559
1995-11-30,25.7338,26.8465
1995-12-01,25.7883,26.8605
1995-12-02,25.7548,26.8666
1995-12-03,25.8215,26.8706
1995-12-04,25.7473,26.8658
1995-12-05,25.6208,26.8545
1995-12-06,25.5891,26.8528
1995-12-07,25.5874,26.8526
1995-12-08,25.4932,26.8278
1995-12-09,25.4238,26.8217
1995-12-10,25.4103,26.8274
1995-12-11,25.4583,26.8361
1995-12-12,25.5629,26.8472
1995-12-13,25.4854,26.8383
1995-12-14,25.5126,26.8347
1995-12-15,25.6013,26.8207
1995-12-16,25.7469,26.8371
1995-12-17,25.8243,26.8454
1995-12-18,25.8116,26.8634
1995-12-19,25.9133,26.8837
1995-12-20,25.9418,26.8952
1995-12-21,25.9198,26.9218
1995-12-22,25.8567,26.9275
1995-12-23,25.7768,26.9386
1995-12-24,25.7581,26.9325
1995-12-25,25.734,26.9178
1995-12-26,25.7027,26.8984
1995-12-27,25.6501,26.8876
1995-12-28,25.575,26.8804
1995-12-29,25.5843,26.8829
1995-12-30,25.5877,26.8814
1995-12-31,25.6353,26.8623
1996-01-01,25.6516,26.8542
1996-01-02,25.5061,26.8384
1996-01-03,25.4402,26.8218
1996-01-04,25.4976,26.8108
1996-01-05,25.4654,26.7884
1996-01-06,25.402,26.782
1996-01-07,25.5205,26.7815
1996-01-08,25.5333,26.759
1996-01-09,25.4625,26.7602
1996-01-10,25.4404,26.7753
1996-01-11,25.5492,26.7797
1996-01-12,25.6342,26.788
1996-01-13,25.6048,26.7925
1996-01-14,25.5605,26.794
1996-01-15,25.6653,26.8112
1996-01-16,25.7838,26.8369
1996-01-17,25.923,26.8558
1996-01-18,25.9457,26.8385
1996-01-19,25.986,26.8119
1996-01-20,26.06,26.8168
1996-01-21,26.009,26.83
1996-01-22,25.9,26.8315
1996-01-23,25.8689,26.8306
1996-01-24,25.8638,26.8178
1996-01-25,25.844,26.8063
1996-01-26,25.8088,26.8166
1996-01-27,25.77,26.8374
1996-01-28,25.7264,26.864
1996-01-29,25.6809,26.8613
1996-01-30,25.6301,26.8764
1996-01-31,25.6288,26.8962
1996-02-01,25.6455,26.9199
1996-02-02,25.5845,26.918
1996-02-03,25.4719,26.9268
1996-02-04,25.4249,26.9458
1996-02-05,25.3261,26.9596
1996-02-06,25.2566,26.9641
1996-02-07,25.3612,26.9869
1996-02-08,25.4784,27.0179
1996-02-09,25.6594,27.031
1996-02-10,25.7926,27.0264
1996-02-11,25.8588,27.0119
1996-02-12,25.8755,27.0103
1996-02-13,25.956,27.0361
1996-02-14,26.0286,27.0473
1996-02-15,26.0369,27.0417
1996-02-16,25.9815,27.0509
1996-02-17,25.9427,27.0678
1996-02-18,25.9908,27.0794
1996-02-19,26.0497,27.1301
1996-02-20,26.1511,27.156
1996-02-21,26.1793,27.1619
1996-02-22,26.1348,27.1626
1996-02-23,26.1046,27.1785
1996-02-24,26.1016,27.1706
1996-02-25,26.2109,27.1708
1996-02-26,26.3707,27.1862
1996-02-27,26.3461,27.2029
1996-02-28,26.3537,27.2234
1996-02-29,26.3654,27.2271
1996-03-01,26.3925,27.2513
1996-03-02,26.3816,27.2652
1996-03-03,26.3897,27.2755
1996-03-04,26.334,27.2792
1996-03-05,26.1698,27.279
1996-03-06,26.1981,27.2729
1996-03-07,26.3147,27.2921
1996-03-08,26.3759,27.3145
1996-03-09,26.3522,27.3072
1996-03-10,26.3061,27.3147
1996-03-11,26.3028,27.3304
1996-03-12,26.4455,27.3455
1996-03-13,26.4924,27.35
1996-03-14,26.4705,27.3846
1996-03-15,26.477,27.4175
1996-03-16,26.5754,27.4296
1996-03-17,26.6874,27.4323
1996-03-18,26.7618,27.4437
1996-03-19,26.709,27.4686
1996-03-20,26.627,27.5132
1996-03-21,26.6232,27.548
1996-03-22,26.6907,27.5561
1996-03-23,26.708,27.5735
1996-03-24,26.7167,27.5775
1996-03-25,26.6724,27.5677
1996-03-26,26.6144,27.5351
1996-03-27,26.7253,27.5155
1996-03-28,26.6886,27.4803
1996-03-29,26.6367,27.4666
1996-03-30,26.6193,27.4764
1996-03-31,26.604,27.5006
1996-04-01,26.8457,27.5208
1996-04-02,26.9843,27.5332
1996-04-03,27.0504,27.5246
1996-04-04,27.0933,27.5381
1996-04-05,27.2304,27.5299
1996-04-06,27.336,27.5417
1996-04-07,27.408,27.5764
1996-04-08,27.4035,27.5946
1996-04-09,27.3637,27.6127
1996-04-10,27.3452,27.6256
1996-04-11,27.2961,27.627
1996-04-12,27.2607,27.6024
1996-04-13,27.285,27.5887
1996-04-14,27.239,27.5941
1996-04-15,27.2627,27.6168
1996-04-16,27.2707,27.6241
1996-04-17,27.2666,27.6076
1996-04-18,27.2537,27.6013
1996-04-19,27.2832,27.6226
1996-04-20,27.4065,27.6242
1996-04-21,27.466,27.6092
1996-04-22,27.4925,27.6035
1996-04-23,27.4428,27.5812
1996-04-24,27.4144,27.5555
1996-04-25,27.3151,27.5512
1996-04-26,27.2173,27.5459
1996-04-27,27.3482,27.556
1996-04-28,27.5243,27.5752
1996-04-29,27.5267,27.5768
1996-04-30,27.5105,27.5501
1996-05-01,27.4073,27.508
1996-05-02,27.5208,27.4939
1996-05-03,27.5561,27.4806
1996-05-04,27.5693,27.4683
1996-05-05,27.52,27.4687
1996-05-06,27.4488,27.4523
1996-05-07,27.4191,27.4319
1996-05-08,27.4676,27.4283
1996-05-09,27.469,27.4088
1996-05-10,27.4768,27.3885
1996-05-11,27.4992,27.4031
1996-05-12,27.4524,27.4087
1996-05-13,27.3568,27.416
1996-05-14,27.2619,27.4175
1996-05-15,27.284,27.4509
1996-05-16,27.2637,27.4406
1996-05-17,27.3709,27.4525
1996-05-18,27.3526,27.4495
1996-05-19,27.2335,27.4483
1996-05-20,27.2396,27.4472
1996-05-21,27.2544,27.4301
1996-05-22,27.2081,27.4374
1996-05-23,27.1788,27.406
1996-05-24,27.1996,27.3917
1996-05-25,27.2015,27.3829
1996-05-26,27.2279,27.392
1996-05-27,27.2742,27.4064
1996-05-28,27.3179,27.4137
1996-05-29,27.4076,27.3914
1996-05-30,27.4414,27.3558
1996-05-31,27.4358,27.334
1996-06-01,27.4151,27.3065
1996-06-02,27.4071,27.2821
1996-06-03,27.3996,27.258
1996-06-04,27.3098,27.2643
1996-06-05,27.2974,27.2419
1996-06-06,27.1876,27.2065
1996-06-07,27.1745,27.2336
1996-06-08,27.2754,27.2399
1996-06-09,27.3355,27.2333
1996-06-10,27.2879,27.1999
1996-06-11,27.2145,27.1879
1996-06-12,27.2451,27.1784
1996-06-13,27.2225,27.1429
1996-06-14,27.1259,27.1039
1996-06-15,26.9985,27.0695
1996-06-16,26.9985,27.0392
1996-06-17,27.0084,26.9998
1996-06-18,27.0376,26.9902
1996-06-19,27.0763,26.9402
1996-06-20,27.0948,26.9074
1996-06-21,27.1488,26.883
1996-06-22,27.1089,26.8659
1996-06-23,27.0471,26.8886
1996-06-24,27.0659,26.9023
1996-06-25,27.1447,26.9069
1996-06-26,27.1839,26.8898
1996-06-27,27.1512,26.8727
1996-06-28,27.2252,26.8691
1996-06-29,27.2713,26.872
1996-06-30,27.3639,26.8646
1996-07-01,27.2657,26.8441
1996-07-02,27.2275,26.8304
1996-07-03,27.2456,26.8116
1996-07-04,27.2105,26.8313
1996-07-05,27.0823,26.8452
1996-07-06,27.0343,26.8257
1996-07-07,27.0353,26.784
1996-07-08,26.9658,26.7355
1996-07-09,26.8627,26.6926
1996-07-10,26.885,26.6708
1996-07-11,26.847,26.6519
1996-07-12,26.8277,26.6335
1996-07-13,26.7873,26.616
1996-07-14,26.7393,26.6053
1996-07-15,26.7367,26.571
1996-07-16,26.7224,26.524
1996-07-17,26.7179,26.4878
1996-07-18,26.691,26.4721
1996-07-19,26.7415,26.4699
1996-07-20,26.8585,26.4796
1996-07-21,26.9051,26.4915
1996-07-22,26.9615,26.5158
1996-07-23,27.0199,26.5244
1996-07-24,27.0128,26.5188
1996-07-25,26.9213,26.4855
1996-07-26,26.7826,26.4584
1996-07-27,26.7262,26.4492
1996-07-28,26.7379,26.4452
1996-07-29,26.7384,26.4305
1996-07-30,26.6676,26.3803
1996-07-31,26.5238,26.3147
1996-08-01,26.3842,26.2513
1996-08-02,26.369,26.2453
1996-08-03,26.4433,26.2521
1996-08-04,26.4338,26.2584
1996-08-05,26.4675,26.2758
1996-08-06,26.6016,26.2972
1996-08-07,26.634,26.3289
1996-08-08,26.5762,26.355
1996-08-09,26.5137,26.347
1996-08-10,26.4541,26.3282
1996-08-11,26.4247,26.3337
1996-08-12,26.476,26.3535
1996-08-13,26.5386,26.3724
1996-08-14,26.5477,26.3754
1996-08-15,26.6062,26.3854
1996-08-16,26.6024,26.3947
1996-08-17,26.614,26.4068
1996-08-18,26.6361,26.4092
1996-08-19,26.61,26.4296
1996-08-20,26.563,26.4202
1996-08-21,26.4673,26.3935
1996-08-22,26.4754,26.3842
1996-08-23,26.5382,26.369
1996-08-24,26.4924,26.3558
1996-08-25,26.4734,26.3375
1996-08-26,26.5516,26.3337
1996-08-27,26.6505,26.3371
1996-08-28,26.6483,26.3403
1996-08-29,26.6226,26.3374
1996-08-30,26.6342,26.3614
1996-08-31,26.6428,26.3832
1996-09-01,26.6642,26.4091
1996-09-02,26.7242,26.4236
1996-09-03,26.7727,26.4333
1996-09-04,26.6604,26.4546
1996-09-05,26.4939,26.4606
1996-09-06,26.3584,26.4495
1996-09-07,26.2391,26.4326
1996-09-08,26.2329,26.4289
1996-09-09,26.2275,26.4301
1996-09-10,26.2625,26.4183
1996-09-11,26.1828,26.4042
1996-09-12,26.285,26.4034
1996-09-13,26.257,26.3977
1996-09-14,26.3054,26.4231
1996-09-15,26.3339,26.4401
1996-09-16,26.3758,26.4503
1996-09-17,26.4722,26.4345
1996-09-18,26.4842,26.405
1996-09-19,26.4899,26.377
1996-09-20,26.4478,26.3879
1996-09-21,26.3784,26.4208
1996-09-22,26.2976,26.4381
1996-09-23,26.1885,26.431
1996-09-24,26.1767,26.4445
1996-09-25,26.2016,26.4547
1996-09-26,26.2438,26.4625
1996-09-27,26.2121,26.4403
1996-09-28,26.2028,26.4255
1996-09-29,26.2178,26.4126
1996-09-30,26.133,26.4272
1996-10-01,26.0511,26.4571
1996-10-02,25.9681,26.4613
1996-10-03,25.9194,26.46
1996-10-04,25.9149,26.4539
1996-10-05,25.9259,26.4797
1996-10-06,25.9943,26.5371
1996-10-07,26.0996,26.5867
1996-10-08,26.1459,26.6279
1996-10-09,26.1459,26.6335
1996-10-10,26.1652,26.6336
1996-10-11,26.1282,26.6265
1996-10-12,26.0852,26.6329
1996-10-13,26.0973,26.6402
1996-10-14,26.0905,26.6406
1996-10-15,26.1543,26.675
1996-10-16,26.2754,26.7079
1996-10-17,26.3579,26.7201
1996-10-18,26.3553,26.6994
1996-10-19,26.2395,26.6922
1996-10-20,26.0932,26.7017
1996-10-21,26.0202,26.6874
1996-10-22,26.0206,26.6739
1996-10-23,26.0645,26.6522
1996-10-24,26.1594,26.6532
1996-10-25,26.3218,26.6575
1996-10-26,26.3316,26.6463
1996-10-27,26.2479,26.6298
1996-10-28,26.1702,26.6351
1996-10-29,26.1391,26.6596
1996-10-30,26.1827,26.7026
1996-10-31,26.2651,26.7269
1996-11-01,26.3344,26.7187
1996-11-02,26.3244,26.7268
1996-11-03,26.1919,26.6859
1996-11-04,26.0213,26.6426
1996-11-05,26.0272,26.6127
1996-11-06,26.0608,26.6037
1996-11-07,26.0995,26.6123
1996-11-08,26.0813,26.6282
1996-11-09,26.0862,26.671
1996-11-10,26.0801,26.7181
1996-11-11,26.3554,26.753
1996-11-12,26.6036,26.8035
1996-11-13,26.6847,26.8376
1996-11-14,26.6131,26.8438
1996-11-15,26.6555,26.8278
1996-11-16,26.5581,26.8324
1996-11-17,26.6345,26.8422
1996-11-18,26.7041,26.8507
1996-11-19,26.6624,26.8466
1996-11-20,26.493,26.8361
1996-11-21,26.3374,26.8228
1996-11-22,26.2961,26.7929
1996-11-23,26.2402,26.7553
1996-11-24,26.2001,26.7505
1996-11-25,26.1304,26.7729
1996-11-26,26.1342,26.8111
1996-11-27,26.3755,26.8415
1996-11-28,26.3835,26.8679
1996-11-29,26.3347,26.8878
1996-11-30,26.2873,26.8868
1996-12-01,26.4377,26.8538
1996-12-02,26.5649,26.8296
1996-12-03,26.5534,26.8283
1996-12-04,26.4411,26.8246
1996-12-05,26.2638,26.7969
1996-12-06,26.2004,26.7832
1996-12-07,26.1899,26.7937
1996-12-08,26.1138,26.7929
1996-12-09,26.0671,26.7832
1996-12-10,25.9768,26.7835
1996-12-11,25.961,26.7795
1996-12-12,25.8863,26.7811
1996-12-13,25.9676,26.782
1996-12-14,26.0369,26.7719
1996-12-15,26.017,26.7709
1996-12-16,25.9604,26.7646
1996-12-17,25.9561,26.7693
1996-12-18,25.9275,26.776
1996-12-19,25.9146,26.7749
1996-12-20,25.8114,26.7721
1996-12-21,25.8412,26.7634
1996-12-22,25.8361,26.7621
1996-12-23,25.7891,26.7374
1996-12-24,25.7931,26.7107
1996-12-25,25.7117,26.7004
1996-12-26,25.6357,26.6911
1996-12-27,25.6099,26.6802
1996-12-28,25.724,26.64
1996-12-29,25.8896,26.6381
1996-12-30,25.9322,26.6236
1996-12-31,25.9022,26.6217
1997-01-01,25.7573,26.6179
1997-01-02,25.7274,26.5998
1997-01-03,25.5365,26.6047
1997-01-04,25.4964,26.6168
1997-01-05,25.6479,26.6333
1997-01-06,25.8533,26.6469
1997-01-07,25.942,26.6662
1997-01-08,25.9668,26.6721
1997-01-09,26.0502,26.671
1997-01-10,25.9883,26.6887
1997-01-11,25.9088,26.6791
1997-01-12,25.8175,26.6997
1997-01-13,25.7579,26.7004
1997-01-14,25.7976,26.6998
1997-01-15,25.7452,26.7134
1997-01-16,25.6316,26.7198
1997-01-17,25.6078,26.7093
1997-01-18,25.7285,26.7412
1997-01-19,25.785,26.7626
1997-01-20,25.8921,26.7592
1997-01-21,25.9428,26.7554
1997-01-22,25.9563,26.7573
1997-01-23,26.0026,26.7554
1997-01-24,26.0175,26.7757
1997-01-25,26.0503,26.8021
1997-01-26,26.2103,26.8139
1997-01-27,26.2869,26.7927
1997-01-28,26.3497,26.8116
1997-01-29,26.317,26.8161
1997-01-30,26.3329,26.811
1997-01-31,26.2646,26.8024
1997-02-01,26.1825,26.8203
1997-02-02,26.1004,26.8429
1997-02-03,26.0668,26.8462
1997-02-04,26.1476,26.8595
1997-02-05,26.1634,26.8754
1997-02-06,26.1428,26.8567
1997-02-07,26.16,26.8529
1997-02-08,26.3255,26.8769
1997-02-09,26.4104,26.9147
1997-02-10,26.3945,26.9247
1997-02-11,26.3052,26.9161
1997-02-12,26.2053,26.8889
1997-02-13,26.1121,26.8821
1997-02-14,26.1815,26.885
1997-02-15,26.3405,26.9014
1997-02-16,26.4459,26.91
1997-02-17,26.468,26.9018
1997-02-18,26.4981,26.902
1997-02-19,26.4863,26.9271
1997-02-20,26.4315,26.92
1997-02-21,26.3862,26.9193
1997-02-22,26.3506,26.9295
1997-02-23,26.3347,26.9539
1997-02-24,26.3738,26.9823
1997-02-25,26.3971,27.0006
1997-02-26,26.465,27.0099
1997-02-27,26.5612,27.0104
1997-02-28,26.6411,27.0113
1997-03-01,26.5984,27.0054
1997-03-02,26.4194,27.0173
1997-03-03,26.2974,27.0488
1997-03-04,26.243,27.0703
1997-03-05,26.2567,27.0858
1997-03-06,26.2686,27.0882
1997-03-07,26.2637,27.105
1997-03-08,26.2657,27.119
1997-03-09,26.3205,27.1671
1997-03-10,26.4057,27.1946
1997-03-11,26.4578,27.1928
1997-03-12,26.5347,27.2276
1997-03-13,26.5709,27.2436
1997-03-14,26.5586,27.2658
1997-03-15,26.5048,27.2801
1997-03-16,26.6751,27.332
1997-03-17,26.9292,27.3959
1997-03-18,27.0256,27.4301
1997-03-19,27.1906,27.4587
1997-03-20,27.3565,27.5112
1997-03-21,27.4549,27.535
1997-03-22,27.5562,27.5147
1997-03-23,27.5342,27.5346
1997-03-24,27.4721,27.5333
1997-03-25,27.4768,27.5395
1997-03-26,27.3856,27.5205
1997-03-27,27.2823,27.4896
1997-03-28,27.2306,27.461
1997-03-29,27.2395,27.4485
1997-03-30,27.304,27.4398
1997-03-31,27.3816,27.4606
1997-04-01,27.3528,27.4627
1997-04-02,27.227,27.4582
1997-04-03,27.0873,27.464
1997-04-04,27.0957,27.4714
1997-04-05,27.2231,27.4906
1997-04-06,27.2732,27.4849
1997-04-07,27.3212,27.4918
1997-04-08,27.4394,27.5073
1997-04-09,27.5366,27.5239
1997-04-10,27.5182,27.5291
1997-04-11,27.5126,27.5227
1997-04-12,27.5346,27.5207
1997-04-13,27.5162,27.5228
1997-04-14,27.441,27.5225
1997-04-15,27.5459,27.5284
1997-04-16,27.6742,27.5574
1997-04-17,27.7615,27.5917
1997-04-18,27.834,27.6166
1997-04-19,27.9072,27.648
1997-04-20,27.8557,27.6553
1997-04-21,27.8591,27.6614
1997-04-22,27.8515,27.6813
1997-04-23,27.9934,27.6986
1997-04-24,28.0854,27.6956
1997-04-25,28.1362,27.688
1997-04-26,28.1407,27.6536
1997-04-27,28.149,27.6313
1997-04-28,28.1969,27.6382
1997-04-29,28.2109,27.6525
1997-04-30,28.2406,27.6476
1997-05-01,28.1658,27.6595
1997-05-02,28.0931,27.6639
1997-05-03,28.047,27.6971
1997-05-04,28.0526,27.6774
1997-05-05,28.1151,27.6628
1997-05-06,28.1907,27.6398
1997-05-07,28.1108,27.6369
1997-05-08,28.0824,27.6628
1997-05-09,28.2887,27.6976
1997-05-10,28.6214,27.6913
1997-05-11,28.5651,27.6583
1997-05-12,28.3913,27.6354
1997-05-13,28.2712,27.6353
1997-05-14,28.1518,27.6105
1997-05-15,28.1082,27.5938
1997-05-16,28.064,27.5598
1997-05-17,28.1088,27.5533
1997-05-18,28.1749,27.5418
1997-05-19,28.1608,27.5318
1997-05-20,28.114,27.5121
1997-05-21,28.2108,27.5169
1997-05-22,28.2647,27.5428
1997-05-23,28.2758,27.5325
1997-05-24,28.3916,27.5112
1997-05-25,28.4535,27.4784
1997-05-26,28.366,27.4571
1997-05-27,28.4472,27.4592
1997-05-28,28.6271,27.4859
1997-05-29,28.7081,27.4992
1997-05-30,28.6756,27.4884
1997-05-31,28.5884,27.4607
1997-06-01,28.503,27.4101
1997-06-02,28.6029,27.398
1997-06-03,28.6943,27.3839
1997-06-04,28.7639,27.3994
1997-06-05,28.7213,27.4102
1997-06-06,28.6185,27.3975
1997-06-07,28.5778,27.3887
1997-06-08,28.5137,27.3893
1997-06-09,28.354,27.3643
1997-06-10,28.3218,27.3339
1997-06-11,28.3346,27.3011
1997-06-12,28.3776,27.2704
1997-06-13,28.4852,27.2595
1997-06-14,28.614,27.2476
1997-06-15,28.6861,27.2173
1997-06-16,28.6904,27.1848
1997-06-17,28.6257,27.1664
1997-06-18,28.4981,27.1358
1997-06-19,28.52,27.1203
1997-06-20,28.5008,27.0997
1997-06-21,28.425,27.1101
1997-06-22,28.3963,27.1054
1997-06-23,28.4441,27.0935
1997-06-24,28.6566,27.0901
1997-06-25,28.6471,27.0635
1997-06-26,28.6044,27.0463
1997-06-27,28.6048,27.0476
1997-06-28,28.5165,27.0471
1997-06-29,28.427,27.0111
1997-06-30,28.4096,26.9792
1997-07-01,28.419,26.962
1997-07-02,28.4366,26.9415
1997-07-03,28.3979,26.9156
1997-07-04,28.385,26.8964
1997-07-05,28.3786,26.8998
1997-07-06,28.4141,26.8921
1997-07-07,28.473,26.8928
1997-07-08,28.5479,26.8972
1997-07-09,28.5911,26.9154
1997-07-10,28.7417,26.9243
1997-07-11,28.8152,26.9246
1997-07-12,28.7788,26.9317
1997-07-13,28.6941,26.9268
1997-07-14,28.6716,26.9327
1997-07-15,28.627,26.9235
1997-07-16,28.5935,26.9102
1997-07-17,28.6404,26.8866
1997-07-18,28.6474,26.8485
1997-07-19,28.5257,26.8157
1997-07-20,28.5284,26.7819
1997-07-21,28.6176,26.7409
1997-07-22,28.4659,26.7118
1997-07-23,28.4944,26.7148
1997-07-24,28.6003,26.7328
1997-07-25,28.7029,26.749
1997-07-26,28.8578,26.7425
1997-07-27,28.7375,26.7202
1997-07-28,28.5383,26.6961
1997-07-29,28.4966,26.6734
1997-07-30,28.448,26.6649
1997-07-31,28.3212,26.6686
1997-08-01,28.2193,26.655
1997-08-02,28.3525,26.6542
1997-08-03,28.4562,26.6757
1997-08-04,28.519,26.6743
1997-08-05,28.6249,26.6601
1997-08-06,28.5521,26.6271
1997-08-07,28.5308,26.6152
1997-08-08,28.5183,26.6065
1997-08-09,28.4823,26.6005
1997-08-10,28.4841,26.5908
1997-08-11,28.4269,26.5841
1997-08-12,28.6171,26.5895
1997-08-13,28.6527,26.6035
1997-08-14,28.6246,26.6054
1997-08-15,28.5737,26.5999
1997-08-16,28.5975,26.606
1997-08-17,28.5874,26.5994
1997-08-18,28.5892,26.576
1997-08-19,28.5621,26.5801
1997-08-20,28.5675,26.5751
1997-08-21,28.5544,26.5648
1997-08-22,28.6531,26.5591
1997-08-23,28.7247,26.5654
1997-08-24,28.6896,26.5713
1997-08-25,28.5929,26.5829
1997-08-26,28.5271,26.5708
1997-08-27,28.5295,26.5793
1997-08-28,28.6336,26.6061
1997-08-29,28.698,26.6318
1997-08-30,28.8327,26.66
1997-08-31,28.885,26.675
1997-09-01,28.8166,26.6893
1997-09-02,28.7655,26.7151
1997-09-03,28.7595,26.728
1997-09-04,28.7533,26.7342
1997-09-05,28.7035,26.7291
1997-09-06,28.6304,26.7254
1997-09-07,28.568,26.7251
1997-09-08,28.4843,26.7502
1997-09-09,28.4259,26.7504
1997-09-10,28.4867,26.7499
1997-09-11,28.5203,26.7538
1997-09-12,28.5176,26.745
1997-09-13,28.5103,26.7548
1997-09-14,28.5572,26.7514
1997-09-15,28.5434,26.7575
1997-09-16,28.5896,26.7855
1997-09-17,28.539,26.7892
1997-09-18,28.5459,26.7802
1997-09-19,28.5538,26.8173
1997-09-20,28.5038,26.8522
1997-09-21,28.492,26.8573
1997-09-22,28.4153,26.8553
1997-09-23,28.3709,26.8431
1997-09-24,28.3814,26.8536
1997-09-25,28.5677,26.8792
1997-09-26,28.6673,26.8933
1997-09-27,28.7446,26.9052
1997-09-28,28.8204,26.9248
1997-09-29,28.7629,26.9515
1997-09-30,28.7093,26.9776
1997-10-01,28.6332,26.9623
1997-10-02,28.5832,26.9555
1997-10-03,28.6251,26.9791
1997-10-04,28.817,27.0183
1997-10-05,28.8722,27.0138
1997-10-06,28.8729,27.0083
1997-10-07,28.7595,27.0102
1997-10-08,28.7238,27.0171
1997-10-09,28.7104,27.0288
1997-10-10,28.6498,27.0288
1997-10-11,28.6446,27.049
1997-10-12,28.7695,27.0801
1997-10-13,28.8684,27.1053
1997-10-14,28.8786,27.1424
1997-10-15,28.9384,27.1924
1997-10-16,28.8668,27.2146
1997-10-17,28.8521,27.2116
1997-10-18,28.8578,27.2052
1997-10-19,28.8094,27.2189
1997-10-20,28.7,27.2416
1997-10-21,28.7684,27.2622
1997-10-22,28.7824,27.2712
1997-10-23,28.8082,27.285
1997-10-24,28.8084,27.2898
1997-10-25,28.7609,27.2897
1997-10-26,28.7193,27.2891
1997-10-27,28.6706,27.2702
1997-10-28,28.5764,27.2428
1997-10-29,28.4914,27.2284
1997-10-30,28.4844,27.2205
1997-10-31,28.6631,27.2275
1997-11-01,28.7679,27.2684
1997-11-02,28.9734,27.33
1997-11-03,29.0339,27.332
1997-11-04,29.1169,27.3345
1997-11-05,29.0844,27.3329
1997-11-06,28.9739,27.3656
1997-11-07,28.9292,27.4002
1997-11-08,28.8761,27.4132
1997-11-09,28.8808,27.4407
1997-11-10,28.9907,27.4487
1997-11-11,29.0555,27.472
1997-11-12,29.0435,27.4853
1997-11-13,29.0291,27.4677
1997-11-14,28.9895,27.4534
1997-11-15,28.9195,27.4363
1997-11-16,28.8258,27.4287
1997-11-17,28.8659,27.4262
1997-11-18,28.8742,27.4327
1997-11-19,28.9585,27.4428
1997-11-20,29.0441,27.4384
1997-11-21,29.0618,27.4332
1997-11-22,29.0629,27.4619
1997-11-23,29.0951,27.4875
1997-11-24,29.0857,27.497
1997-11-25,29.023,27.5028
1997-11-26,28.9259,27.5021
1997-11-27,28.849,27.5065
1997-11-28,28.8024,27.5238
1997-11-29,28.7773,27.5498
1997-11-30,28.8209,27.5507
1997-12-01,28.8818,27.544
1997-12-02,28.8793,27.5291
1997-12-03,28.9228,27.5319
1997-12-04,28.8395,27.5022
1997-12-05,28.775,27.4821
1997-12-06,28.7538,27.4772
1997-12-07,28.6619,27.4778
1997-12-08,28.5722,27.4742
1997-12-09,28.6398,27.5052
1997-12-10,28.7318,27.5287
1997-12-11,28.7533,27.539
1997-12-12,28.7964,27.5435
1997-12-13,28.8111,27.5585
1997-12-14,28.8751,27.5685
1997-12-15,28.9281,27.547
1997-12-16,28.9414,27.5291
1997-12-17,28.8948,27.508
1997-12-18,28.8276,27.4866
1997-12-19,28.8623,27.4771
1997-12-20,28.8707,27.4686
1997-12-21,28.8402,27.4772
1997-12-22,28.821,27.4993
1997-12-23,28.7472,27.4916
1997-12-24,28.7384,27.5024
1997-12-25,28.7105,27.5143
1997-12-26,28.6715,27.5034
1997-12-27,28.7882,27.4708
1997-12-28,28.7802,27.459
1997-12-29,28.6551,27.4529
1997-12-30,28.5804,27.4489
1997-12-31,28.5675,27.4701
1998-01-01,28.584,27.5275
1998-01-02,28.5701,27.5193
1998-01-03,28.577,27.5104
1998-01-04,28.5418,27.5053
1998-01-05,28.5001,27.4774
1998-01-06,28.4997,27.4833
1998-01-07,28.5255,27.4721
1998-01-08,28.5148,27.4668
1998-01-09,28.6279,27.464
1998-01-10,28.7115,27.4346
1998-01-11,28.6848,27.4226
1998-01-12,28.6488,27.4026
1998-01-13,28.7036,27.43
1998-01-14,28.6487,27.4397
1998-01-15,28.5691,27.4389
1998-01-16,28.52,27.4594
1998-01-17,28.494,27.4853
1998-01-18,28.493,27.481
1998-01-19,28.6429,27.466
1998-01-20,28.7191,27.4267
1998-01-21,28.7292,27.4161
1998-01-22,28.8981,27.4445
1998-01-23,28.8478,27.4588
1998-01-24,28.7807,27.4996
1998-01-25,28.6585,27.5251
1998-01-26,28.6717,27.5471
1998-01-27,28.6792,27.5637
1998-01-28,28.7183,27.5743
1998-01-29,28.6908,27.5902
1998-01-30,28.7168,27.5903
1998-01-31,28.6823,27.5957
1998-02-01,28.743,27.5948
1998-02-02,28.7166,27.588
1998-02-03,28.8635,27.6195
1998-02-04,28.9394,27.6613
1998-02-05,29.0092,27.6847
1998-02-06,29.071,27.706
1998-02-07,29.0671,27.7244
1998-02-08,28.9689,27.7296
1998-02-09,28.7972,27.72
1998-02-10,28.6864,27.6892
1998-02-11,28.667,27.6695
1998-02-12,28.5792,27.6691
1998-02-13,28.4316,27.6996
1998-02-14,28.2481,27.7236
1998-02-15,28.1634,27.7097
1998-02-16,28.1249,27.6871
1998-02-17,28.1828,27.6917
1998-02-18,28.2599,27.7003
1998-02-19,28.3254,27.7112
1998-02-20,28.3737,27.7406
1998-02-21,28.3257,27.7626
1998-02-22,28.2908,27.7898
1998-02-23,28.1865,27.8423
1998-02-24,28.1386,27.8701
1998-02-25,28.153,27.868
1998-02-26,28.1798,27.8641
1998-02-27,28.2086,27.8642
1998-02-28,28.2524,27.8596
1998-03-01,28.3376,27.8785
1998-03-02,28.3445,27.9003
1998-03-03,28.3071,27.902
1998-03-04,28.394,27.9052
1998-03-05,28.4632,27.8938
1998-03-06,28.4622,27.904
1998-03-07,28.4147,27.8968
1998-03-08,28.3807,27.8964
1998-03-09,28.3715,27.9089
1998-03-10,28.2685,27.9113
1998-03-11,28.2499,27.8976
1998-03-12,28.2735,27.9198
1998-03-13,28.3249,27.9406
1998-03-14,28.3216,27.955
1998-03-15,28.2716,27.9746
1998-03-16,28.3113,27.9938
1998-03-17,28.3297,28.0154
1998-03-18,28.2778,28.0101
1998-03-19,28.279,28.0267
1998-03-20,28.3001,28.0187
1998-03-21,28.4383,28.0161
1998-03-22,28.5717,28.0161
1998-03-23,28.6425,28.0237
1998-03-24,28.6114,28.0017
1998-03-25,28.6325,27.9805
1998-03-26,28.677,27.9625
1998-03-27,28.6639,27.9578
1998-03-28,28.6605,27.9844
1998-03-29,28.6344,28.0214
1998-03-30,28.5795,28.0442
1998-03-31,28.5752,28.0628
1998-04-01,28.647,28.0721
1998-04-02,28.682,28.0689
1998-04-03,28.6012,28.0471
1998-04-04,28.4791,28.0118
1998-04-05,28.4271,27.9843
1998-04-06,28.3531,27.9647
1998-04-07,28.2979,27.9749
1998-04-08,28.2927,28.0184
1998-04-09,28.3456,28.0474
1998-04-10,28.3314,28.0703
1998-04-11,28.2384,28.079
1998-04-12,28.1341,28.0704
1998-04-13,28.0807,28.0643
1998-04-14,28.1119,28.073
1998-04-15,28.0045,28.059
1998-04-16,28.0178,28.0592
1998-04-17,28.138,28.0465
1998-04-18,28.1787,28.0448
1998-04-19,28.1886,28.0348
1998-04-20,28.2027,28.0541
1998-04-21,28.2764,28.0871
1998-04-22,28.3819,28.1029
1998-04-23,28.3735,28.098
1998-04-24,28.259,28.0981
1998-04-25,28.2587,28.0841
1998-04-26,28.3218,28.0663
1998-04-27,28.379,28.0727
1998-04-28,28.4495,28.0924
1998-04-29,28.4426,28.1011
1998-04-30,28.5113,28.1179
1998-05-01,28.574,28.1145
1998-05-02,28.4884,28.1049
1998-05-03,28.6589,28.098
1998-05-04,28.8178,28.0952
1998-05-05,28.8571,28.0571
1998-05-06,28.7735,28.039
1998-05-07,28.7928,28.0461
1998-05-08,28.7466,28.041
1998-05-09,28.6406,28.0332
1998-05-10,28.5627,28.015
1998-05-11,28.5069,27.9925
1998-05-12,28.548,27.9846
1998-05-13,28.5228,27.9711
1998-05-14,28.4452,27.9674
1998-05-15,28.4171,27.9689
1998-05-16,28.3802,27.9834
1998-05-17,28.3673,27.9593
1998-05-18,28.3408,27.9701
1998-05-19,28.2879,27.9745
1998-05-20,28.2315,27.9811
1998-05-21,28.2156,27.9822
1998-05-22,28.2855,27.965
1998-05-23,28.334,27.9617
1998-05-24,28.2902,27.9344
1998-05-25,28.1737,27.8973
1998-05-26,28.0012,27.8602
1998-05-27,27.8935,27.8275
1998-05-28,27.7303,27.7896
1998-05-29,27.5828,27.7634
1998-05-30,27.4673,27.7203
1998-05-31,27.372,27.6843
1998-06-01,27.3036,27.6384
1998-06-02,27.2648,27.6155
1998-06-03,27.2119,27.6114
1998-06-04,27.1662,27.6298
1998-06-05,27.0751,27.6144
1998-06-06,26.9127,27.5689
1998-06-07,26.7161,27.5372
1998-06-08,26.6459,27.5403
1998-06-09,26.5959,27.5319
1998-06-10,26.6297,27.4978
1998-06-11,26.6956,27.4795
1998-06-12,26.9742,27.4881
1998-06-13,27.1566,27.4818
1998-06-14,27.1199,27.4606
1998-06-15,27.1335,27.4507
1998-06-16,27.156,27.4498
1998-06-17,27.111,27.444
1998-06-18,27.0967,27.402
1998-06-19,27.0325,27.3757
1998-06-20,26.9388,27.355
1998-06-21,26.8893,27.3164
1998-06-22,26.7831,27.2792
1998-06-23,26.6661,27.2391
1998-06-24,26.6589,27.1917
1998-06-25,26.6384,27.1511
1998-06-26,26.5047,27.1239
1998-06-27,26.4599,27.1144
1998-06-28,26.3652,27.0974
1998-06-29,26.3124,27.0915
1998-06-30,26.2897,27.0882
1998-07-01,26.2544,27.1096
1998-07-02,26.2902,27.1189
1998-07-03,26.4206,27.1184
1998-07-04,26.4847,27.0966
1998-07-05,26.4769,27.0716
1998-07-06,26.4265,27.0532
1998-07-07,26.4433,27.0372
1998-07-08,26.4156,27.0064
1998-07-09,26.305,26.97
1998-07-10,26.1372,26.9536
1998-07-11,26.009,26.9429
1998-07-12,25.9418,26.9164
1998-07-13,25.9548,26.9023
1998-07-14,26.0057,26.8957
1998-07-15,26.0255,26.8949
1998-07-16,26.0088,26.8757
1998-07-17,26.0132,26.8756
1998-07-18,25.9584,26.8803
1998-07-19,25.9837,26.8805
1998-07-20,25.9834,26.8651
1998-07-21,25.9508,26.8449
1998-07-22,25.9113,26.8373
1998-07-23,25.8041,26.8102
1998-07-24,25.6658,26.7653
1998-07-25,25.6188,26.7569
1998-07-26,25.5992,26.7512
1998-07-27,25.4445,26.7356
1998-07-28,25.4935,26.7412
1998-07-29,25.6198,26.7477
1998-07-30,25.6701,26.7424
1998-07-31,25.6728,26.7185
1998-08-01,25.7079,26.6735
1998-08-02,25.7549,26.6521
1998-08-03,25.83,26.6071
1998-08-04,25.7837,26.5979
1998-08-05,25.5874,26.6022
1998-08-06,25.4535,26.6223
1998-08-07,25.4067,26.6537
1998-08-08,25.3881,26.6647
1998-08-09,25.3587,26.6594
1998-08-10,25.3713,26.6698
1998-08-11,25.4407,26.6733
1998-08-12,25.6138,26.7112
1998-08-13,25.7472,26.7093
1998-08-14,25.7924,26.7016
1998-08-15,25.7071,26.667
1998-08-16,25.5118,26.6573
1998-08-17,25.3727,26.6655
1998-08-18,25.2106,26.6379
1998-08-19,25.0697,26.6281
1998-08-20,25.0172,26.6111
1998-08-21,25.0824,26.5948
1998-08-22,25.3742,26.5928
1998-08-23,25.6827,26.6143
1998-08-24,25.8106,26.6339
1998-08-25,25.8044,26.627
1998-08-26,25.7889,26.6327
1998-08-27,25.7249,26.6447
1998-08-28,25.6084,26.6363
1998-08-29,25.5475,26.6441
1998-08-30,25.5131,26.6303
1998-08-31,25.5581,26.6258
1998-09-01,25.7216,26.6476
1998-09-02,25.8163,26.648
1998-09-03,25.9368,26.6486
1998-09-04,26.0433,26.6511
1998-09-05,26.1286,26.6515
1998-09-06,26.132,26.6501
1998-09-07,26.1276,26.6477
1998-09-08,26.1055,26.627
1998-09-09,26.0299,26.6024
1998-09-10,25.9046,26.5899
1998-09-11,25.8116,26.583
1998-09-12,25.7352,26.574
1998-09-13,25.6414,26.561
1998-09-14,25.6786,26.559
1998-09-15,25.6886,26.5511
1998-09-16,25.647,26.5431
1998-09-17,25.5987,26.5369
1998-09-18,25.5526,26.5501
1998-09-19,25.4308,26.5404
1998-09-20,25.333,26.5257
1998-09-21,25.3215,26.5315
1998-09-22,25.2868,26.5619
1998-09-23,25.234,26.5575
1998-09-24,25.2638,26.5553
1998-09-25,25.3214,26.5686
1998-09-26,25.2902,26.5661
1998-09-27,25.2586,26.5585
1998-09-28,25.2165,26.5779
1998-09-29,25.2347,26.6067
1998-09-30,25.2225,26.6122
1998-10-01,25.1721,26.6228
1998-10-02,25.0986,26.6472
1998-10-03,25.1209,26.6572
1998-10-04,25.196,26.6838
1998-10-05,25.2253,26.6783
1998-10-06,25.2607,26.6936
1998-10-07,25.2793,26.718
1998-10-08,25.279,26.7193
1998-10-09,25.3365,26.7254
1998-10-10,25.3339,26.7297
1998-10-11,25.424,26.7461
1998-10-12,25.4359,26.7571
1998-10-13,25.3463,26.7531
1998-10-14,25.3103,26.7658
1998-10-15,25.3288,26.7579
1998-10-16,25.3027,26.7581
1998-10-17,25.3116,26.7542
1998-10-18,25.3027,26.7401
1998-10-19,25.3419,26.7402
1998-10-20,25.3905,26.7413
1998-10-21,25.3985,26.7353
1998-10-22,25.3664,26.74
1998-10-23,25.3052,26.7271
1998-10-24,25.3049,26.7167
1998-10-25,25.327,26.7171
1998-10-26,25.4222,26.7272
1998-10-27,25.4153,26.7351
1998-10-28,25.3234,26.7483
1998-10-29,25.3189,26.7668
1998-10-30,25.4224,26.7922
1998-10-31,25.4726,26.8245
1998-11-01,25.4697,26.8591
1998-11-02,25.5646,26.8722
1998-11-03,25.6022,26.8665
1998-11-04,25.6022,26.8572
1998-11-05,25.5855,26.8589
1998-11-06,25.6117,26.8609
1998-11-07,25.5364,26.8499
1998-11-08,25.5686,26.8699
1998-11-09,25.496,26.8719
1998-11-10,25.4023,26.8664
1998-11-11,25.3187,26.8531
1998-11-12,25.2564,26.8295
1998-11-13,25.2325,26.833
1998-11-14,25.2578,26.8459
1998-11-15,25.2898,26.8651
1998-11-16,25.326,26.8926
1998-11-17,25.4204,26.9096
1998-11-18,25.4225,26.9142
1998-11-19,25.4478,26.9158
1998-11-20,25.404,26.9476
1998-11-21,25.3859,26.9668
1998-11-22,25.3101,26.9585
1998-11-23,25.2904,26.9603
1998-11-24,25.2782,26.9634
1998-11-25,25.2581,26.9511
1998-11-26,25.2972,26.9366
1998-11-27,25.3678,26.9204
1998-11-28,25.3954,26.9054
1998-11-29,25.3008,26.8788
1998-11-30,25.3072,26.8805
1998-12-01,25.3545,26.8904
1998-12-02,25.3359,26.8635
1998-12-03,25.2123,26.853
1998-12-04,25.14,26.8454
1998-12-05,24.9791,26.8407
1998-12-06,24.9085,26.8633
1998-12-07,24.9689,26.8674
1998-12-08,24.9779,26.8686
1998-12-09,24.9474,26.8513
1998-12-10,24.8762,26.8387
1998-12-11,24.8006,26.813
1998-12-12,24.6906,26.7816
1998-12-13,24.6728,26.7733
1998-12-14,24.8261,26.7591
1998-12-15,24.9068,26.7633
1998-12-16,24.9174,26.7825
1998-12-17,24.8616,26.7915
1998-12-18,24.7225,26.7706
1998-12-19,24.701,26.7669
1998-12-20,24.6038,26.7744
1998-12-21,24.5478,26.7952
1998-12-22,24.5972,26.7874
1998-12-23,24.6183,26.7798
1998-12-24,24.6396,26.764
1998-12-25,24.6674,26.7598
1998-12-26,24.7376,26.7459
1998-12-27,24.7376,26.7431
1998-12-28,24.6124,26.7361
1998-12-29,24.5467,26.7171
1998-12-30,24.5339,26.6973
1998-12-31,24.5364,26.69
1999-01-01,24.5937,26.7102
1999-01-02,24.6897,26.7074
1999-01-03,24.7216,26.7081
1999-01-04,24.6659,26.7016
1999-01-05,24.5986,26.681
1999-01-06,24.5493,26.6722
1999-01-07,24.5671,26.69
1999-01-08,24.5925,26.7032
1999-01-09,24.6403,26.6821
1999-01-10,24.7037,26.6921
1999-01-11,24.8723,26.7115
1999-01-12,24.9087,26.7108
1999-01-13,24.83,26.7121
1999-01-14,24.8598,26.7189
1999-01-15,25.0853,26.7301
1999-01-16,25.0599,26.6949
1999-01-17,25.0089,26.6704
1999-01-18,25.0646,26.6636
1999-01-19,25.1044,26.6913
1999-01-20,25.033,26.7036
1999-01-21,24.9267,26.683
1999-01-22,24.8981,26.6857
1999-01-23,24.9734,26.6905
1999-01-24,25.0433,26.7101
1999-01-25,25.0721,26.71
1999-01-26,25.1128,26.7038
1999-01-27,25.0832,26.7037
1999-01-28,25.0332,26.7324
1999-01-29,25.0949,26.7604
1999-01-30,25.2345,26.7732
1999-01-31,25.3793,26.8018
1999-02-01,25.4467,26.8255
1999-02-02,25.4821,26.8453
1999-02-03,25.4714,26.8486
1999-02-04,25.4662,26.8493
1999-02-05,25.4259,26.8634
1999-02-06,25.3338,26.8648
1999-02-07,25.1824,26.8551
1999-02-08,25.1258,26.841
1999-02-09,25.1905,26.8415
1999-02-10,25.1514,26.8531
1999-02-11,25.1155,26.8834
1999-02-12,25.1296,26.9148
1999-02-13,25.2475,26.9463
1999-02-14,25.5053,26.9586
1999-02-15,25.6366,26.9784
1999-02-16,25.7103,27.0032
1999-02-17,25.6784,27.0031
1999-02-18,25.6268,27.0123
1999-02-19,25.6889,27.0234
1999-02-20,25.8701,27.042
1999-02-21,25.974,27.0262
1999-02-22,25.9788,27.01
1999-02-23,26.0384,27.0013
1999-02-24,26.0366,27.016
1999-02-25,25.9653,27.0433
1999-02-26,25.8905,27.0458
1999-02-27,25.9596,27.0726
1999-02-28,25.9639,27.1035
1999-03-01,25.9972,27.1476
1999-03-02,26.0145,27.1608
1999-03-03,26.1235,27.1496
1999-03-04,26.212,27.1526
1999-03-05,26.2092,27.1606
1999-03-06,26.1392,27.1881
1999-03-07,26.1339,27.2212
1999-03-08,26.1035,27.2515
1999-03-09,26.0905,27.2723
1999-03-10,26.1509,27.2758
1999-03-11,26.1791,27.2576
1999-03-12,26.2254,27.2585
1999-03-13,26.2265,27.2787
1999-03-14,26.4227,27.318
1999-03-15,26.4998,27.3387
1999-03-16,26.476,27.3604
1999-03-17,26.4658,27.3881
1999-03-18,26.444,27.4152
1999-03-19,26.4619,27.4325
1999-03-20,26.5057,27.4215
1999-03-21,26.4999,27.3818
1999-03-22,26.4621,27.362
1999-03-23,26.4888,27.3607
1999-03-24,26.5176,27.3748
1999-03-25,26.5552,27.3958
1999-03-26,26.5324,27.4123
1999-03-27,26.4653,27.4054
1999-03-28,26.4088,27.4103
1999-03-29,26.3524,27.425
1999-03-30,26.3456,27.4222
1999-03-31,26.3497,27.3966
1999-04-01,26.3516,27.3692
1999-04-02,26.3929,27.3758
1999-04-03,26.391,27.3943
1999-04-04,26.4137,27.4253
1999-04-05,26.4404,27.4568
1999-04-06,26.5207,27.4688
1999-04-07,26.5977,27.4595
1999-04-08,26.5391,27.4437
1999-04-09,26.6213,27.4469
1999-04-10,26.7143,27.4698
1999-04-11,26.8616,27.4825
1999-04-12,26.976,27.4826
1999-04-13,26.9039,27.4617
1999-04-14,26.8271,27.4513
1999-04-15,26.8406,27.4597
1999-04-16,26.8306,27.4659
1999-04-17,26.8206,27.4625
1999-04-18,26.815,27.4468
1999-04-19,26.7643,27.4328
1999-04-20,26.8051,27.452
1999-04-21,26.9511,27.4655
1999-04-22,27.0905,27.4773
1999-04-23,27.2348,27.4824
1999-04-24,27.2093,27.4678
1999-04-25,27.1585,27.4699
1999-04-26,26.9976,27.4698
1999-04-27,26.9144,27.4458
1999-04-28,26.9415,27.4448
1999-04-29,26.9777,27.4538
1999-04-30,26.931,27.4197
1999-05-01,26.919,27.4117
1999-05-02,26.9894,27.4304
1999-05-03,26.9922,27.4692
1999-05-04,27.0818,27.4909
1999-05-05,27.137,27.4911
1999-05-06,27.2137,27.4749
1999-05-07,27.1697,27.4486
1999-05-08,27.0768,27.4534
1999-05-09,26.9809,27.4385
1999-05-10,27.0588,27.4252
1999-05-11,27.0919,27.4126
1999-05-12,27.0649,27.3949
1999-05-13,26.9874,27.3804
1999-05-14,26.9045,27.3683
1999-05-15,26.8969,27.3537
1999-05-16,26.925,27.3387
1999-05-17,26.8949,27.3494
1999-05-18,26.8341,27.3429
1999-05-19,26.8749,27.3485
1999-05-20,26.8587,27.3312
1999-05-21,26.8153,27.3157
1999-05-22,26.8613,27.2925
1999-05-23,26.8258,27.2628
1999-05-24,26.8311,27.231
1999-05-25,26.8319,27.2008
1999-05-26,26.8708,27.1682
1999-05-27,26.8733,27.1464
1999-05-28,26.7483,27.1315
1999-05-29,26.7381,27.1253
1999-05-30,26.7511,27.1169
1999-05-31,26.7387,27.1014
1999-06-01,26.7026,27.0978
1999-06-02,26.649,27.0701
1999-06-03,26.6288,27.045
1999-06-04,26.637,27.0356
1999-06-05,26.6421,27.0094
1999-06-06,26.6362,26.9651
1999-06-07,26.5961,26.9442
1999-06-08,26.5576,26.9243
1999-06-09,26.524,26.9173
1999-06-10,26.5406,26.9327
1999-06-11,26.6002,26.9501
1999-06-12,26.7199,26.9464
1999-06-13,26.7935,26.9211
1999-06-14,26.7786,26.8935
1999-06-15,26.7037,26.8788
1999-06-16,26.6052,26.8547
1999-06-17,26.5903,26.8513
1999-06-18,26.5395,26.8533
1999-06-19,26.3924,26.8356
1999-06-20,26.4484,26.8257
1999-06-21,26.4746,26.8404
1999-06-22,26.4484,26.8325
1999-06-23,26.4505,26.8133
1999-06-24,26.4724,26.8087
1999-06-25,26.5,26.7893
1999-06-26,26.5382,26.787
1999-06-27,26.5209,26.7579
1999-06-28,26.5364,26.7498
1999-06-29,26.5697,26.7437
1999-06-30,26.5803,26.7349
1999-07-01,26.5751,26.7315
1999-07-02,26.5628,26.6882
1999-07-03,26.511,26.663
1999-07-04,26.5323,26.6415
1999-07-05,26.5137,26.6344
1999-07-06,26.4847,26.6402
1999-07-07,26.5347,26.6566
1999-07-08,26.5985,26.6688
1999-07-09,26.6009,26.6262
1999-07-10,26.5793,26.6089
1999-07-11,26.5252,26.5972
1999-07-12,26.3359,26.5727
1999-07-13,26.2447,26.5752
1999-07-14,26.1097,26.5574
1999-07-15,26.1085,26.5525
1999-07-16,26.1823,26.54
1999-07-17,26.2913,26.5392
1999-07-18,26.3297,26.5021
1999-07-19,26.3288,26.4707
1999-07-20,26.2391,26.4627
1999-07-21,26.1181,26.4697
1999-07-22,25.9346,26.4424
1999-07-23,25.8405,26.4287
1999-07-24,25.8393,26.4199
1999-07-25,25.7636,26.3867
1999-07-26,25.6768,26.3457
1999-07-27,25.6955,26.3323
1999-07-28,25.7877,26.3292
1999-07-29,25.865,26.3259
1999-07-30,25.9094,26.3128
1999-07-31,25.9938,26.3006
1999-08-01,26.159,26.2906
1999-08-02,26.2151,26.2751
1999-08-03,26.137,26.2701
1999-08-04,26.0536,26.2602
1999-08-05,25.9101,26.2452
1999-08-06,25.7988,26.217
1999-08-07,25.8004,26.1925
1999-08-08,25.7621,26.1799
1999-08-09,25.7026,26.1633
1999-08-10,25.6904,26.1394
1999-08-11,25.6951,26.1343
1999-08-12,25.6471,26.1541
1999-08-13,25.5376,26.1708
1999-08-14,25.4863,26.1859
1999-08-15,25.4832,26.1998
1999-08-16,25.4997,26.2065
1999-08-17,25.4697,26.2046
1999-08-18,25.4695,26.1933
1999-08-19,25.3718,26.1812
1999-08-20,25.2924,26.1807
1999-08-21,25.2151,26.1949
1999-08-22,25.2939,26.2083
1999-08-23,25.4395,26.2239
1999-08-24,25.4694,26.2058
1999-08-25,25.4764,26.2089
1999-08-26,25.4002,26.2027
1999-08-27,25.3484,26.2121
1999-08-28,25.39,26.226
1999-08-29,25.4126,26.2395
1999-08-30,25.4106,26.2595
1999-08-31,25.418,26.2895
1999-09-01,25.5388,26.3001
1999-09-02,25.7346,26.3109
1999-09-03,25.7037,26.2959
1999-09-04,25.712,26.296
1999-09-05,25.6966,26.2724
1999-09-06,25.6416,26.2538
1999-09-07,25.6368,26.2546
1999-09-08,25.6578,26.2495
1999-09-09,25.693,26.2582
1999-09-10,25.7085,26.2566
1999-09-11,25.6948,26.2654
1999-09-12,25.6377,26.2872
1999-09-13,25.5763,26.3022
1999-09-14,25.564,26.2847
1999-09-15,25.5707,26.256
1999-09-16,25.5692,26.2157
1999-09-17,25.5385,26.2217
1999-09-18,25.6077,26.2492
1999-09-19,25.6374,26.2764
1999-09-20,25.7057,26.3019
1999-09-21,25.711,26.3045
1999-09-22,25.6898,26.3319
1999-09-23,25.6843,26.359
1999-09-24,25.7614,26.3884
1999-09-25,25.7824,26.3923
1999-09-26,25.7566,26.3858
1999-09-27,25.7914,26.3766
1999-09-28,25.8241,26.3626
1999-09-29,25.7528,26.3501
1999-09-30,25.6236,26.3462
1999-10-01,25.5813,26.3509
1999-10-02,25.5495,26.3914
1999-10-03,25.6317,26.4345
1999-10-04,25.6955,26.4544
1999-10-05,25.7522,26.4677
1999-10-06,25.7561,26.4666
1999-10-07,25.6898,26.4801
1999-10-08,25.7287,26.4662
1999-10-09,25.7202,26.4625
1999-10-10,25.7108,26.4616
1999-10-11,25.6638,26.4659
1999-10-12,25.6744,26.4721
1999-10-13,25.7651,26.4913
1999-10-14,25.7373,26.4851
1999-10-15,25.7237,26.4903
1999-10-16,25.7151,26.4917
1999-10-17,25.6497,26.4969
1999-10-18,25.5995,26.4939
1999-10-19,25.4404,26.4792
1999-10-20,25.3909,26.4701
1999-10-21,25.31,26.4698
1999-10-22,25.364,26.498
1999-10-23,25.3177,26.5129
1999-10-24,25.2994,26.5222
1999-10-25,25.34,26.5359
1999-10-26,25.344,26.5363
1999-10-27,25.3294,26.5431
1999-10-28,25.3083,26.5748
1999-10-29,25.2248,26.5704
1999-10-30,25.093,26.5514
1999-10-31,25.0702,26.5602
1999-11-01,25.2046,26.588
1999-11-02,25.2847,26.6133
1999-11-03,25.2573,26.613
1999-11-04,25.2919,26.6016
1999-11-05,25.3621,26.6023
1999-11-06,25.3579,26.5996
1999-11-07,25.3337,26.616
1999-11-08,25.3349,26.6546
1999-11-09,25.3837,26.6791
1999-11-10,25.3591,26.7044
1999-11-11,25.3949,26.7191
1999-11-12,25.3761,26.7101
1999-11-13,25.3293,26.7228
1999-11-14,25.4008,26.7449
1999-11-15,25.374,26.7322
1999-11-16,25.2402,26.7089
1999-11-17,25.2115,26.6731
1999-11-18,25.1988,26.6497
1999-11-19,25.0905,26.6455
1999-11-20,24.993,26.6417
1999-11-21,24.9517,26.6393
1999-11-22,24.9101,26.6392
1999-11-23,24.8108,26.6493
1999-11-24,24.7151,26.6555
1999-11-25,24.6798,26.6498
1999-11-26,24.6837,26.6274
1999-11-27,24.7048,26.6221
1999-11-28,24.732,26.6052
1999-11-29,24.75,26.5863
1999-11-30,24.7162,26.6004
1999-12-01,24.6837,26.634
1999-12-02,24.7094,26.6596
1999-12-03,24.8485,26.6709
1999-12-04,24.943,26.6765
1999-12-05,24.966,26.6827
1999-12-06,24.9835,26.7087
1999-12-07,25.0341,26.7149
1999-12-08,25.0237,26.7048
1999-12-09,25.0691,26.7147
1999-12-10,25.1074,26.7229
1999-12-11,25.0297,26.7259
1999-12-12,24.9412,26.7419
1999-12-13,24.9122,26.7575
1999-12-14,24.9445,26.7552
1999-12-15,24.9457,26.7284
1999-12-16,24.9454,26.7187
1999-12-17,24.9378,26.7078
1999-12-18,24.9503,26.7298
1999-12-19,24.9927,26.741
1999-12-20,25.0244,26.7453
1999-12-21,25.0429,26.7316
1999-12-22,25.067,26.7106
1999-12-23,25.0709,26.7049
1999-12-24,25.0056,26.6975
1999-12-25,24.9514,26.7009
1999-12-26,24.9243,26.6921
1999-12-27,24.8825,26.6777
1999-12-28,24.8059,26.6712
1999-12-29,24.7466,26.6628
1999-12-30,24.7283,26.6606
1999-12-31,24.7142,26.6434
2000-01-01,24.6858,26.6571
2000-01-02,24.6173,26.6449
2000-01-03,24.6063,26.6325
2000-01-04,24.6439,26.6286
2000-01-05,24.6944,26.6273
2000-01-06,24.7656,26.6433
2000-01-07,24.7794,26.6587
2000-01-08,24.8152,26.6595
2000-01-09,24.8045,26.6648
2000-01-10,24.7914,26.6757
2000-01-11,24.7242,26.6562
2000-01-12,24.6082,26.6493
2000-01-13,24.5701,26.6548
2000-01-14,24.5988,26.6698
2000-01-15,24.6848,26.6753
2000-01-16,24.6277,26.6762
2000-01-17,24.7749,26.6856
2000-01-18,24.8801,26.7117
2000-01-19,24.8701,26.7387
2000-01-20,24.848,26.7556
2000-01-21,24.8598,26.7591
2000-01-22,24.827,26.7572
2000-01-23,24.7003,26.7577
2000-01-24,24.6582,26.7695
2000-01-25,24.7769,26.7899
2000-01-26,24.778,26.7792
2000-01-27,24.7236,26.77
2000-01-28,24.685,26.7577
2000-01-29,24.7192,26.7626
2000-01-30,24.7986,26.7793
2000-01-31,24.8088,26.7832
2000-02-01,24.8637,26.7983
2000-02-02,24.9202,26.831
2000-02-03,25.0424,26.8544
2000-02-04,25.0713,26.8509
2000-02-05,25.052,26.8708
2000-02-06,25.0718,26.8822
2000-02-07,25.1576,26.8885
2000-02-08,25.2322,26.8898
2000-02-09,25.2918,26.9444
2000-02-10,25.2795,26.9328
2000-02-11,25.2985,26.9359
2000-02-12,25.3004,26.9207
2000-02-13,25.2697,26.9245
2000-02-14,25.2922,26.934
2000-02-15,25.315,26.9471
2000-02-16,25.2748,26.9404
2000-02-17,25.2331,26.9492
2000-02-18,25.1603,27.0065
2000-02-19,25.0494,27.0376
2000-02-20,25.0329,27.0481
2000-02-21,25.0669,27.0753
2000-02-22,25.1051,27.0783
2000-02-23,25.0817,27.0565
2000-02-24,25.1271,27.0501
2000-02-25,25.1045,27.0515
2000-02-26,25.1114,27.0439
2000-02-27,25.1555,27.0675
2000-02-28,25.1769,27.0623
2000-02-29,25.2434,27.0606
2000-03-01,25.3701,27.0789
2000-03-02,25.4298,27.0897
2000-03-03,25.5009,27.092
2000-03-04,25.6598,27.0982
2000-03-05,25.7579,27.1003
2000-03-06,25.8024,27.116
2000-03-07,25.7757,27.1281
2000-03-08,25.8093,27.1368
2000-03-09,25.8655,27.1479
2000-03-10,25.9148,27.1576
2000-03-11,25.9301,27.1421
2000-03-12,25.9674,27.156
2000-03-13,25.9876,27.1782
2000-03-14,26.0159,27.2014
2000-03-15,26.0081,27.1974
2000-03-16,25.9333,27.2017
2000-03-17,25.9331,27.2085
2000-03-18,26.0687,27.2259
2000-03-19,26.2367,27.2853
2000-03-20,26.3396,27.3084
2000-03-21,26.4033,27.3199
2000-03-22,26.4368,27.3287
2000-03-23,26.4303,27.3298
2000-03-24,26.4441,27.331
2000-03-25,26.4076,27.3412
2000-03-26,26.3737,27.3275
2000-03-27,26.385,27.325
2000-03-28,26.4822,27.3384
2000-03-29,26.5901,27.3215
2000-03-30,26.6542,27.3237
2000-03-31,26.72,27.3395
2000-04-01,26.8421,27.3699
2000-04-02,26.8862,27.4056
2000-04-03,26.8559,27.4611
2000-04-04,26.8072,27.4934
2000-04-05,26.827,27.4699
2000-04-06,26.9412,27.4715
2000-04-07,27.0227,27.4997
2000-04-08,26.9966,27.4858
2000-04-09,26.9432,27.4909
2000-04-10,26.9414,27.5065
2000-04-11,26.9906,27.5341
2000-04-12,26.9458,27.5421
2000-04-13,26.915,27.5438
2000-04-14,26.909,27.5432
2000-04-15,26.8319,27.5284
2000-04-16,26.9048,27.5431
2000-04-17,26.9296,27.5345
2000-04-18,26.8653,27.5241
2000-04-19,26.8471,27.5378
2000-04-20,26.9177,27.5368
2000-04-21,26.9264,27.547
2000-04-22,26.8753,27.5671
2000-04-23,26.8949,27.5566
2000-04-24,26.9766,27.5469
2000-04-25,27.0842,27.5495
2000-04-26,27.1026,27.5217
2000-04-27,26.9923,27.5032
2000-04-28,26.9367,27.4878
2000-04-29,26.8756,27.4771
2000-04-30,26.7247,27.4551
2000-05-01,26.628,27.4375
2000-05-02,26.6364,27.4355
2000-05-03,26.722,27.4546
2000-05-04,26.7999,27.4668
2000-05-05,26.8118,27.4856
2000-05-06,26.841,27.4703
2000-05-07,26.9043,27.4577
2000-05-08,26.932,27.4434
2000-05-09,26.952,27.4335
2000-05-10,26.9264,27.424
2000-05-11,26.8416,27.4102
2000-05-12,26.8287,27.4042
2000-05-13,26.8639,27.4015
2000-05-14,26.9426,27.3849
2000-05-15,27.0493,27.3742
2000-05-16,27.0453,27.3733
2000-05-17,27.0065,27.3675
2000-05-18,26.8992,27.3415
2000-05-19,26.819,27.3118
2000-05-20,26.8343,27.2951
2000-05-21,26.8965,27.2727
2000-05-22,26.9849,27.2737
2000-05-23,26.9956,27.258
2000-05-24,27.0503,27.2465
2000-05-25,27.0246,27.2301
2000-05-26,26.9968,27.2075
2000-05-27,26.9468,27.1618
2000-05-28,26.9454,27.134
2000-05-29,26.9367,27.1092
2000-05-30,26.9283,27.0757
2000-05-31,26.8946,27.0462
2000-06-01,26.8199,27.0225
2000-06-02,26.7874,27.0217
2000-06-03,26.7478,27.0117
2000-06-04,26.7317,26.9848
2000-06-05,26.8631,27.0027
2000-06-06,26.9405,27.0123
2000-06-07,26.9599,27.0083
2000-06-08,26.9697,26.9994
2000-06-09,27.0469,26.9867
2000-06-10,27.0962,26.9776
2000-06-11,27.1102,26.9552
2000-06-12,27.1655,26.941
2000-06-13,27.1916,26.9278
2000-06-14,27.2098,26.9066
2000-06-15,27.283,26.9079
2000-06-16,27.3761,26.9253
2000-06-17,27.3961,26.9079
2000-06-18,27.2979,26.8579
2000-06-19,27.2388,26.7975
2000-06-20,27.177,26.7733
2000-06-21,27.0921,26.7772
2000-06-22,26.9905,26.7664
2000-06-23,26.9434,26.7661
2000-06-24,26.9089,26.7476
2000-06-25,26.822,26.7244
2000-06-26,26.7586,26.697
2000-06-27,26.6718,26.653
2000-06-28,26.7389,26.6193
2000-06-29,26.7489,26.6012
2000-06-30,26.6442,26.5873
2000-07-01,26.6568,26.5704
2000-07-02,26.7464,26.5577
2000-07-03,26.6804,26.5382
2000-07-04,26.7061,26.5277
2000-07-05,26.7284,26.5105
2000-07-06,26.6882,26.4889
2000-07-07,26.6724,26.467
2000-07-08,26.6089,26.4391
2000-07-09,26.5088,26.4214
2000-07-10,26.4612,26.4091
2000-07-11,26.5366,26.4131
2000-07-12,26.5908,26.4169
2000-07-13,26.6089,26.4038
2000-07-14,26.7026,26.3924
2000-07-15,26.8221,26.3916
2000-07-16,26.7381,26.3973
2000-07-17,26.6436,26.3887
2000-07-18,26.5462,26.3811
2000-07-19,26.4357,26.3661
2000-07-20,26.3831,26.3484
2000-07-21,26.2867,26.3411
2000-07-22,26.289,26.3333
2000-07-23,26.277,26.3508
2000-07-24,26.1815,26.3826
2000-07-25,26.242,26.4046
2000-07-26,26.3547,26.417
2000-07-27,26.4697,26.4269
2000-07-28,26.4556,26.4289
2000-07-29,26.4216,26.4289
2000-07-30,26.4112,26.4344
2000-07-31,26.4402,26.4364
2000-08-01,26.5354,26.4299
2000-08-02,26.5576,26.4213
2000-08-03,26.6177,26.4066
2000-08-04,26.6745,26.393
2000-08-05,26.6247,26.3741
2000-08-06,26.5009,26.3554
2000-08-07,26.4805,26.3612
2000-08-08,26.4281,26.3599
2000-08-09,26.4497,26.3355
2000-08-10,26.4368,26.3084
2000-08-11,26.4455,26.2987
2000-08-12,26.3913,26.2961
2000-08-13,26.3698,26.3168
2000-08-14,26.4449,26.3322
2000-08-15,26.4149,26.3566
2000-08-16,26.3726,26.3824
2000-08-17,26.3175,26.3784
2000-08-18,26.2499,26.3448
2000-08-19,26.1901,26.318
2000-08-20,26.1597,26.3074
2000-08-21,26.1958,26.3112
2000-08-22,26.2115,26.2929
2000-08-23,26.1155,26.2593
2000-08-24,26.0826,26.2589
2000-08-25,26.1595,26.2717
2000-08-26,26.2344,26.2647
2000-08-27,26.2763,26.2738
2000-08-28,26.2163,26.2714
2000-08-29,26.1889,26.2888
2000-08-30,26.258,26.3163
2000-08-31,26.3079,26.3354
2000-09-01,26.3634,26.3995
2000-09-02,26.3391,26.4378
2000-09-03,26.3472,26.4509
2000-09-04,26.3213,26.4471
2000-09-05,26.3039,26.4519
2000-09-06,26.1974,26.4577
2000-09-07,26.1474,26.4689
2000-09-08,26.1179,26.4724
2000-09-09,26.0326,26.4517
2000-09-10,25.9935,26.4338
2000-09-11,25.9774,26.4042
2000-09-12,25.8262,26.3744
2000-09-13,25.8548,26.3659
2000-09-14,26.0258,26.3563
2000-09-15,26.1036,26.372
2000-09-16,26.089,26.3863
2000-09-17,26.0858,26.4017
2000-09-18,26.0858,26.4302
2000-09-19,26.1551,26.4545
2000-09-20,26.1751,26.484
2000-09-21,26.174,26.5204
2000-09-22,26.2231,26.5593
2000-09-23,26.1826,26.5833
2000-09-24,26.1868,26.6016
2000-09-25,26.257,26.6152
2000-09-26,26.3031,26.6159
2000-09-27,26.2942,26.6329
2000-09-28,26.309,26.6415
2000-09-29,26.3343,26.6544
2000-09-30,26.307,26.6724
2000-10-01,26.2577,26.6693
2000-10-02,26.2468,26.6573
2000-10-03,26.1893,26.6457
2000-10-04,26.1107,26.6411
2000-10-05,25.9728,26.6345
2000-10-06,25.8834,26.6391
2000-10-07,25.9124,26.6397
2000-10-08,26.015,26.6309
2000-10-09,26.0467,26.6171
2000-10-10,26.1393,26.6187
2000-10-11,26.1691,26.623
2000-10-12,26.1195,26.626
2000-10-13,26.0224,26.619
2000-10-14,25.9672,26.6516
2000-10-15,25.8658,26.6852
2000-10-16,25.8506,26.7008
2000-10-17,25.9741,26.7018
2000-10-18,26.115,26.7007
2000-10-19,26.1586,26.6935
2000-10-20,26.0956,26.6641
2000-10-21,25.9726,26.6458
2000-10-22,25.8278,26.6578
2000-10-23,25.6839,26.6681
2000-10-24,25.6296,26.6763
2000-10-25,25.68,26.6629
2000-10-26,25.8035,26.6938
2000-10-27,25.8461,26.7199
2000-10-28,25.908,26.7354
2000-10-29,25.9866,26.7636
2000-10-30,26.0019,26.7661
2000-10-31,25.8387,26.7428
2000-11-01,25.7352,26.7579
2000-11-02,25.6428,26.7794
2000-11-03,25.5275,26.8158
2000-11-04,25.5294,26.8534
2000-11-05,25.6371,26.8619
2000-11-06,25.6619,26.8581
2000-11-07,25.6996,26.8718
2000-11-08,25.7957,26.8703
2000-11-09,25.9379,26.8735
2000-11-10,25.9902,26.8773
2000-11-11,25.9222,26.8746
2000-11-12,25.9458,26.8746
2000-11-13,25.9557,26.8653
2000-11-14,25.8701,26.8514
2000-11-15,25.8903,26.8593
2000-11-16,25.9345,26.8682
2000-11-17,25.9344,26.8403
2000-11-18,25.9324,26.8824
2000-11-19,25.9535,26.9125
2000-11-20,25.9301,26.9263
2000-11-21,25.9982,26.9331
2000-11-22,25.9548,26.934
2000-11-23,25.9552,26.935
2000-11-24,25.9332,26.922
2000-11-25,25.8432,26.93
2000-11-26,25.7844,26.9156
2000-11-27,25.7512,26.878
2000-11-28,25.8237,26.8574
2000-11-29,25.8477,26.8451
2000-11-30,25.8388,26.8242
2000-12-01,25.7899,26.7993
2000-12-02,25.7574,26.8022
2000-12-03,25.6416,26.8052
2000-12-04,25.602,26.7942
2000-12-05,25.5468,26.7798
2000-12-06,25.4778,26.7609
2000-12-07,25.4238,26.7429
2000-12-08,25.4685,26.7429
2000-12-09,25.4419,26.7508
2000-12-10,25.407,26.7532
2000-12-11,25.5285,26.7673
2000-12-12,25.6221,26.7944
2000-12-13,25.6496,26.8123
2000-12-14,25.6907,26.8239
2000-12-15,25.6282,26.8144
2000-12-16,25.5524,26.7833
2000-12-17,25.5274,26.7865
2000-12-18,25.4585,26.7881
2000-12-19,25.4627,26.7924
2000-12-20,25.3928,26.7882
2000-12-21,25.4368,26.7583
2000-12-22,25.4405,26.7282
2000-12-23,25.4632,26.7115
2000-12-24,25.6122,26.7269
2000-12-25,25.7101,26.7412
2000-12-26,25.6665,26.7428
2000-12-27,25.4712,26.7378
2000-12-28,25.3419,26.7436
2000-12-29,25.2802,26.7557
2000-12-30,25.2623,26.7637
2000-12-31,25.165,26.7549
2001-01-01,25.2421,26.7415
2001-01-02,25.4778,26.7381
2001-01-03,25.5737,26.7462
2001-01-04,25.5139,26.748
2001-01-05,25.518,26.7722
2001-01-06,25.5143,26.801
2001-01-07,25.5503,26.8026
2001-01-08,25.5272,26.8209
2001-01-09,25.5209,26.8427
2001-01-10,25.4817,26.8633
2001-01-11,25.4687,26.8441
2001-01-12,25.572,26.8291
2001-01-13,25.6307,26.8359
2001-01-14,25.7194,26.8345
2001-01-15,25.8133,26.8373
2001-01-16,25.9176,26.8418
2001-01-17,25.9912,26.8576
2001-01-18,25.9337,26.8709
2001-01-19,25.8951,26.8779
2001-01-20,25.9033,26.9197
2001-01-21,25.9461,26.96
2001-01-22,25.936,26.9704
2001-01-23,25.8358,26.9626
2001-01-24,25.7903,26.9553
2001-01-25,25.836,26.9552
2001-01-26,25.9065,26.9299
2001-01-27,25.9263,26.9256
2001-01-28,25.9984,26.9435
2001-01-29,26.0799,26.9484
2001-01-30,26.0904,26.9327
2001-01-31,25.9963,26.9191
2001-02-01,25.963,26.8979
2001-02-02,25.9889,26.8811
2001-02-03,25.9892,26.8882
2001-02-04,26.0074,26.9193
2001-02-05,26.0402,26.9286
2001-02-06,26.0196,26.932
2001-02-07,25.959,26.9179
2001-02-08,25.8756,26.9128
2001-02-09,25.7515,26.9049
2001-02-10,25.7876,26.9107
2001-02-11,25.8101,26.9193
2001-02-12,25.8535,26.9106
2001-02-13,26.014,26.8935
2001-02-14,26.0653,26.8959
2001-02-15,26.1753,26.9516
2001-02-16,26.2264,26.9927
2001-02-17,26.2599,27.034
2001-02-18,26.1709,27.0897
2001-02-19,26.1831,27.133
2001-02-20,26.2859,27.1653
2001-02-21,26.2694,27.1774
2001-02-22,26.3016,27.2091
2001-02-23,26.321,27.2354
2001-02-24,26.2344,27.2564
2001-02-25,26.4073,27.2964
2001-02-26,26.5237,27.3531
2001-02-27,26.5587,27.3592
2001-02-28,26.5136,27.3532
2001-03-01,26.4691,27.3441
2001-03-02,26.488,27.353
2001-03-03,26.6096,27.3498
2001-03-04,26.7809,27.3598
2001-03-05,26.7731,27.3413
2001-03-06,26.7636,27.3677
2001-03-07,26.7712,27.3894
2001-03-08,26.7084,27.406
2001-03-09,26.6636,27.4111
2001-03-10,26.612,27.4342
2001-03-11,26.6233,27.4702
2001-03-12,26.642,27.4973
2001-03-13,26.7388,27.5139
2001-03-14,26.8767,27.5137
2001-03-15,26.8852,27.5201
2001-03-16,26.832,27.525
2001-03-17,26.8544,27.5421
2001-03-18,26.8987,27.5846
2001-03-19,26.9271,27.6176
2001-03-20,26.9607,27.6382
2001-03-21,26.9497,27.6514
2001-03-22,26.9333,27.6552
2001-03-23,26.9924,27.6369
2001-03-24,27.0062,27.6361
2001-03-25,26.95,27.6627
2001-03-26,26.9492,27.6766
2001-03-27,27.045,27.6697
2001-03-28,27.0675,27.686
2001-03-29,27.0349,27.6786
2001-03-30,27.0136,27.6823
2001-03-31,26.9684,27.6478
2001-04-01,26.9077,27.6511
2001-04-02,26.9766,27.6534
2001-04-03,27.0232,27.6615
2001-04-04,27.2151,27.6694
2001-04-05,27.2661,27.6774
2001-04-06,27.3214,27.7221
2001-04-07,27.2662,27.7309
2001-04-08,27.2092,27.7294
2001-04-09,27.1434,27.7345
2001-04-10,27.0656,27.738
2001-04-11,27.163,27.7637
2001-04-12,27.2848,27.7639
2001-04-13,27.2573,27.775
2001-04-14,27.2464,27.7862
2001-04-15,27.3896,27.7842
2001-04-16,27.4219,27.7919
2001-04-17,27.4211,27.7914
2001-04-18,27.5088,27.7995
2001-04-19,27.459,27.7789
2001-04-20,27.352,27.7416
2001-04-21,27.299,27.7146
2001-04-22,27.2143,27.7142
2001-04-23,27.171,27.7165
2001-04-24,27.1889,27.7136
2001-04-25,27.2547,27.7244
2001-04-26,27.2271,27.7456
2001-04-27,27.2044,27.7461
2001-04-28,27.3029,27.7515
2001-04-29,27.2448,27.7616
2001-04-30,27.1958,27.7677
2001-05-01,27.1504,27.7584
2001-05-02,27.1387,27.7517
2001-05-03,27.1425,27.7783
2001-05-04,27.2791,27.7976
2001-05-05,27.3207,27.8011
2001-05-06,27.3751,27.8187
2001-05-07,27.3017,27.8173
2001-05-08,27.3189,27.8348
2001-05-09,27.3988,27.8294
2001-05-10,27.4692,27.8159
2001-05-11,27.4656,27.8139
2001-05-12,27.5205,27.7697
2001-05-13,27.5621,27.7424
2001-05-14,27.5976,27.7141
2001-05-15,27.5286,27.6713
2001-05-16,27.4472,27.6782
2001-05-17,27.3585,27.686
2001-05-18,27.4314,27.7093
2001-05-19,27.4688,27.7118
2001-05-20,27.4467,27.6737
2001-05-21,27.4843,27.6226
2001-05-22,27.5636,27.6005
2001-05-23,27.4961,27.5817
2001-05-24,27.3925,27.5566
2001-05-25,27.2814,27.5252
2001-05-26,27.2896,27.4998
2001-05-27,27.3962,27.4815
2001-05-28,27.4899,27.4679
2001-05-29,27.5227,27.454
2001-05-30,27.5078,27.4278
2001-05-31,27.4949,27.4256
2001-06-01,27.4664,27.4217
2001-06-02,27.3983,27.4232
2001-06-03,27.3297,27.413
2001-06-04,27.4005,27.3647
2001-06-05,27.4718,27.3281
2001-06-06,27.4653,27.3312
2001-06-07,27.4931,27.3222
2001-06-08,27.5746,27.3024
2001-06-09,27.6695,27.2958
2001-06-10,27.6909,27.275
2001-06-11,27.6009,27.2606
2001-06-12,27.5711,27.2483
2001-06-13,27.5634,27.2246
2001-06-14,27.5329,27.2164
2001-06-15,27.4834,27.2215
2001-06-16,27.4859,27.2333
2001-06-17,27.541,27.1931
2001-06-18,27.519,27.1633
2001-06-19,27.5111,27.1459
2001-06-20,27.5345,27.1289
2001-06-21,27.641,27.0928
2001-06-22,27.583,27.0645
2001-06-23,27.5045,27.0456
2001-06-24,27.5224,27.0146
2001-06-25,27.5504,27.0043
2001-06-26,27.5064,26.999
2001-06-27,27.6415,26.9973
2001-06-28,27.6297,26.975
2001-06-29,27.5169,26.964
2001-06-30,27.4052,26.9313
2001-07-01,27.2881,26.9037
2001-07-02,27.2282,26.8756
2001-07-03,27.2398,26.8757
2001-07-04,27.2613,26.879
2001-07-05,27.2008,26.839
2001-07-06,27.2106,26.8108
2001-07-07,27.2668,26.8025
2001-07-08,27.296,26.7803
2001-07-09,27.1763,26.737
2001-07-10,27.0536,26.7029
2001-07-11,27.0422,26.6807
2001-07-12,27.0301,26.6859
2001-07-13,27.0107,26.7019
2001-07-14,27.1074,26.7212
2001-07-15,27.1997,26.7248
2001-07-16,27.2833,26.7275
2001-07-17,27.273,26.7198
2001-07-18,27.3223,26.713
2001-07-19,27.3574,26.7086
2001-07-20,27.2641,26.6924
2001-07-21,27.1577,26.6784
2001-07-22,27.0846,26.6731
2001-07-23,27.1051,26.6676
2001-07-24,27.1727,26.6538
2001-07-25,27.2017,26.6487
2001-07-26,27.1631,26.6382
2001-07-27,27.0696,26.6299
2001-07-28,27.0257,26.6106
2001-07-29,26.953,26.6084
2001-07-30,26.9624,26.6024
2001-07-31,27.0473,26.5925
2001-08-01,27.1076,26.5803
2001-08-02,27.0989,26.5452
2001-08-03,27.0643,26.5265
2001-08-04,27.0946,26.5061
2001-08-05,27.0582,26.4812
2001-08-06,27.0643,26.4751
2001-08-07,27.0719,26.4908
2001-08-08,27.0908,26.5231
2001-08-09,27.0495,26.5473
2001-08-10,26.9523,26.5524
2001-08-11,27.0141,26.542
2001-08-12,27.0021,26.5226
2001-08-13,26.8999,26.5057
2001-08-14,26.8203,26.4636
2001-08-15,26.721,26.4457
2001-08-16,26.5989,26.4274
2001-08-17,26.4607,26.4194
2001-08-18,26.3943,26.4167
2001-08-19,26.4445,26.4197
2001-08-20,26.5955,26.4251
2001-08-21,26.7783,26.4402
2001-08-22,26.8525,26.4451
2001-08-23,26.8392,26.441
2001-08-24,26.724,26.4274
2001-08-25,26.6041,26.3992
2001-08-26,26.4389,26.3579
2001-08-27,26.3482,26.3637
2001-08-28,26.3871,26.39
2001-08-29,26.3363,26.4126
2001-08-30,26.2208,26.4196
2001-08-31,26.2939,26.4298
2001-09-01,26.4248,26.4452
2001-09-02,26.4346,26.4643
2001-09-03,26.4672,26.4569
2001-09-04,26.4244,26.4607
2001-09-05,26.4965,26.4665
2001-09-06,26.4991,26.4891
2001-09-07,26.4745,26.5064
2001-09-08,26.5261,26.5158
2001-09-09,26.5453,26.5259
2001-09-10,26.5974,26.5312
2001-09-11,26.551,26.5429
2001-09-12,26.435,26.5365
2001-09-13,26.3625,26.5315
2001-09-14,26.4627,26.5522
2001-09-15,26.5069,26.5668
2001-09-16,26.4955,26.5889
2001-09-17,26.5405,26.6128
2001-09-18,26.5085,26.6118
2001-09-19,26.4369,26.61
2001-09-20,26.4038,26.6237
2001-09-21,26.365,26.6304
2001-09-22,26.4575,26.6393
2001-09-23,26.4651,26.6508
2001-09-24,26.4792,26.6502
2001-09-25,26.5728,26.6511
2001-09-26,26.6643,26.6533
2001-09-27,26.716,26.6529
2001-09-28,26.6816,26.6432
2001-09-29,26.5923,26.6297
2001-09-30,26.4964,26.6111
2001-10-01,26.3367,26.6064
2001-10-02,26.3283,26.6117
2001-10-03,26.3554,26.6114
2001-10-04,26.4501,26.6191
2001-10-05,26.4398,26.623
2001-10-06,26.4687,26.6097
2001-10-07,26.4135,26.6271
2001-10-08,26.3659,26.6561
2001-10-09,26.4288,26.6825
2001-10-10,26.4349,26.7023
2001-10-11,26.4191,26.6963
2001-10-12,26.3572,26.6951
2001-10-13,26.4082,26.7149
2001-10-14,26.4452,26.7408
2001-10-15,26.3696,26.7633
2001-10-16,26.2411,26.781
2001-10-17,26.2434,26.7737
2001-10-18,26.3198,26.7754
2001-10-19,26.5016,26.7878
2001-10-20,26.5351,26.7962
2001-10-21,26.551,26.8016
2001-10-22,26.4263,26.7895
2001-10-23,26.4542,26.8286
2001-10-24,26.4117,26.8436
2001-10-25,26.4211,26.8511
2001-10-26,26.4372,26.9149
2001-10-27,26.4547,26.9664
2001-10-28,26.6379,26.9883
2001-10-29,26.7453,26.9959
2001-10-30,26.6591,26.9808
2001-10-31,26.6843,26.9893
2001-11-01,26.7535,26.9921
2001-11-02,26.6097,26.9757
2001-11-03,26.463,26.9719
2001-11-04,26.3859,26.9599
2001-11-05,26.5484,26.9658
2001-11-06,26.6431,26.9616
2001-11-07,26.6762,26.9476
2001-11-08,26.6333,26.9322
2001-11-09,26.5338,26.9018
2001-11-10,26.4625,26.8857
2001-11-11,26.3262,26.8891
2001-11-12,26.2746,26.8963
2001-11-13,26.2668,26.9001
2001-11-14,26.2182,26.8977
2001-11-15,26.2082,26.9109
2001-11-16,26.2642,26.9119
2001-11-17,26.2483,26.9131
2001-11-18,26.199,26.9111
2001-11-19,26.0532,26.914
2001-11-20,26.043,26.9226
2001-11-21,26.1015,26.9196
2001-11-22,26.095,26.9296
2001-11-23,25.9843,26.9318
2001-11-24,25.9956,26.9288
2001-11-25,25.9525,26.9257
2001-11-26,26.0694,26.9262
2001-11-27,26.1713,26.938
2001-11-28,26.1051,26.9144
2001-11-29,26.0899,26.9035
2001-11-30,26.1147,26.8849
2001-12-01,26.2382,26.8803
2001-12-02,26.1399,26.8747
2001-12-03,26.1072,26.8774
2001-12-04,25.9941,26.8537
2001-12-05,26.0456,26.8643
2001-12-06,26.1104,26.8744
2001-12-07,26.1741,26.8974
2001-12-08,26.1087,26.8891
2001-12-09,26.0545,26.8728
2001-12-10,26.0511,26.8615
2001-12-11,26.0109,26.8581
2001-12-12,25.9395,26.8703
2001-12-13,25.8846,26.8905
2001-12-14,25.8897,26.8976
2001-12-15,25.8586,26.8894
2001-12-16,25.9222,26.8969
2001-12-17,25.9738,26.8964
2001-12-18,26.0128,26.9269
2001-12-19,26.1605,26.9468
2001-12-20,26.2628,26.9576
2001-12-21,26.2538,26.9709
2001-12-22,26.2041,26.9793
2001-12-23,26.1786,26.9954
2001-12-24,26.2268,27.0116
2001-12-25,26.2232,27.0052
2001-12-26,26.1142,26.9944
2001-12-27,25.9208,26.9611
2001-12-28,25.9586,26.9605
2001-12-29,26.0414,26.9692
2001-12-30,26.0827,26.972
2001-12-31,26.162,26.9722
2002-01-01,26.2764,26.9921
2002-01-02,26.2749,27.0056
2002-01-03,26.3366,27.0309
2002-01-04,26.3392,27.0344
2002-01-05,26.233,27.0385
2002-01-06,26.1799,27.0506
2002-01-07,26.1759,27.0568
2002-01-08,26.2563,27.0496
2002-01-09,26.3296,27.0672
2002-01-10,26.3282,27.0506
2002-01-11,26.2562,27.0363
2002-01-12,26.2714,27.0581
2002-01-13,26.3103,27.06
2002-01-14,26.3281,27.0471
2002-01-15,26.3502,27.0287
2002-01-16,26.3185,27.0239
2002-01-17,26.3958,27.018
2002-01-18,26.4523,27.0106
2002-01-19,26.5757,26.9983
2002-01-20,26.5662,26.9909
2002-01-21,26.4926,26.9767
2002-01-22,26.3785,26.9713
2002-01-23,26.2257,26.9663
2002-01-24,26.1342,26.964
2002-01-25,26.1749,26.9836
2002-01-26,26.2707,26.9898
2002-01-27,26.4232,26.9944
2002-01-28,26.4838,27.001
2002-01-29,26.5209,27.0334
2002-01-30,26.5648,27.0379
2002-01-31,26.5569,27.0157
2002-02-01,26.4765,26.9658
2002-02-02,26.6968,26.9717
2002-02-03,26.7785,27.0168
2002-02-04,26.7313,27.067
2002-02-05,26.6954,27.1099
2002-02-06,26.7816,27.1371
2002-02-07,26.8888,27.1637
2002-02-08,26.8602,27.1698
2002-02-09,26.9228,27.1812
2002-02-10,26.9147,27.187
2002-02-11,26.9484,27.1669
2002-02-12,26.8788,27.1537
2002-02-13,26.8601,27.1422
2002-02-14,26.8199,27.1317
2002-02-15,26.6679,27.1167
2002-02-16,26.5281,27.107
2002-02-17,26.3719,27.106
2002-02-18,26.4073,27.0874
2002-02-19,26.5169,27.1025
2002-02-20,26.5763,27.1335
2002-02-21,26.5734,27.1689
2002-02-22,26.4979,27.2115
2002-02-23,26.4984,27.255
2002-02-24,26.7071,27.3156
2002-02-25,27.0064,27.365
2002-02-26,27.1436,27.4116
2002-02-27,27.1287,27.4137
2002-02-28,27.0841,27.4307
2002-03-01,27.1154,27.4614
2002-03-02,27.0801,27.4699
2002-03-03,27.1333,27.4661
2002-03-04,27.1527,27.4814
2002-03-05,27.0965,27.5035
2002-03-06,27.0293,27.5253
2002-03-07,27.1114,27.5229
2002-03-08,27.1741,27.517
2002-03-09,27.2603,27.533
2002-03-10,27.232,27.5508
2002-03-11,27.0259,27.5259
2002-03-12,26.8569,27.5308
2002-03-13,26.8446,27.5716
2002-03-14,26.8886,27.6099
2002-03-15,26.9491,27.6416
2002-03-16,27.0867,27.6733
2002-03-17,27.188,27.6876
2002-03-18,27.3092,27.7335
2002-03-19,27.3401,27.7413
2002-03-20,27.3235,27.7454
2002-03-21,27.2796,27.7361
2002-03-22,27.186,27.7329
2002-03-23,27.1195,27.7309
2002-03-24,27.1117,27.725
2002-03-25,27.1396,27.7392
2002-03-26,27.1956,27.7627
2002-03-27,27.2265,27.7544
2002-03-28,27.2669,27.7593
2002-03-29,27.144,27.7675
2002-03-30,27.1001,27.8066
2002-03-31,27.3943,27.8326
2002-04-01,27.5921,27.8248
2002-04-02,27.6664,27.8114
2002-04-03,27.6893,27.8227
2002-04-04,27.7403,27.8098
2002-04-05,27.7615,27.8105
2002-04-06,27.7591,27.8417
2002-04-07,27.7648,27.8968
2002-04-08,27.9111,27.9377
2002-04-09,27.9468,27.9682
2002-04-10,27.9049,27.9546
2002-04-11,27.9494,27.9433
2002-04-12,27.9656,27.9246
2002-04-13,27.9187,27.9206
2002-04-14,27.9418,27.9213
2002-04-15,27.8772,27.9153
2002-04-16,27.8479,27.8936
2002-04-17,27.7024,27.8613
2002-04-18,27.5725,27.8269
2002-04-19,27.6016,27.8335
2002-04-20,27.6222,27.8483
2002-04-21,27.8366,27.8527
2002-04-22,27.9951,27.8659
2002-04-23,28.05,27.866
2002-04-24,27.941,27.8807
2002-04-25,27.8145,27.8951
2002-04-26,27.759,27.9077
2002-04-27,27.8097,27.9244
2002-04-28,27.9004,27.9471
2002-04-29,27.9199,27.9386
2002-04-30,27.9256,27.9055
2002-05-01,28.0198,27.8672
2002-05-02,28.0582,27.8405
2002-05-03,28.0996,27.8224
2002-05-04,27.9883,27.8159
2002-05-05,27.8447,27.8103
2002-05-06,27.865,27.8243
2002-05-07,27.9035,27.8076
2002-05-08,27.9126,27.8093
2002-05-09,27.8493,27.8014
2002-05-10,27.9232,27.7955
2002-05-11,27.9287,27.7829
2002-05-12,27.9017,27.7654
2002-05-13,27.8472,27.7661
2002-05-14,27.8281,27.7608
2002-05-15,27.7834,27.7629
2002-05-16,27.8931,27.7739
2002-05-17,28.0744,27.7706
2002-05-18,28.1985,27.765
2002-05-19,28.2388,27.7679
2002-05-20,28.1702,27.7683
2002-05-21,28.2004,27.7587
2002-05-22,28.2584,27.7641
2002-05-23,28.3209,27.7885
2002-05-24,28.2417,27.7967
2002-05-25,28.2001,27.7991
2002-05-26,28.218,27.8029
2002-05-27,28.2533,27.7921
2002-05-28,28.3172,27.7548
2002-05-29,28.2663,27.7332
2002-05-30,28.2223,27.7192
2002-05-31,28.3433,27.6977
2002-06-01,28.545,27.6875
2002-06-02,28.6103,27.666
2002-06-03,28.6324,27.6475
2002-06-04,28.647,27.6308
2002-06-05,28.5568,27.5911
2002-06-06,28.4946,27.5583
2002-06-07,28.5251,27.517
2002-06-08,28.6223,27.4908
2002-06-09,28.6551,27.4642
2002-06-10,28.6684,27.4353
2002-06-11,28.592,27.4128
2002-06-12,28.4495,27.4071
2002-06-13,28.3476,27.3932
2002-06-14,28.2819,27.3749
2002-06-15,28.2154,27.3646
2002-06-16,28.1919,27.3365
2002-06-17,28.1548,27.3105
2002-06-18,28.1154,27.3006
2002-06-19,28.1425,27.2851
2002-06-20,28.1663,27.2698
2002-06-21,28.1315,27.259
2002-06-22,28.1142,27.26
2002-06-23,28.1181,27.2373
2002-06-24,28.2533,27.2108
2002-06-25,28.1855,27.1854
2002-06-26,28.0372,27.1605
2002-06-27,27.9815,27.1308
2002-06-28,27.8947,27.1077
2002-06-29,27.7374,27.0775
2002-06-30,27.7635,27.0552
2002-07-01,27.7046,27.0241
2002-07-02,27.7854,26.9949
2002-07-03,27.8891,26.9696
2002-07-04,27.9511,26.9572
2002-07-05,27.9533,26.9354
2002-07-06,27.953,26.9271
2002-07-07,27.9217,26.9059
2002-07-08,27.8585,26.8986
2002-07-09,27.8335,26.8858
2002-07-10,27.842,26.8707
2002-07-11,27.8165,26.8473
2002-07-12,27.7918,26.8156
2002-07-13,27.8689,26.8115
2002-07-14,27.9344,26.8054
2002-07-15,27.9255,26.8007
2002-07-16,27.9367,26.7619
2002-07-17,27.9179,26.7302
2002-07-18,27.9537,26.6961
2002-07-19,27.9348,26.6813
2002-07-20,27.8943,26.6691
2002-07-21,27.7949,26.6597
2002-07-22,27.7114,26.6436
2002-07-23,27.7334,26.6307
2002-07-24,27.7498,26.6337
2002-07-25,27.728,26.6363
2002-07-26,27.7411,26.6285
2002-07-27,27.8154,26.634
2002-07-28,27.7874,26.6244
2002-07-29,27.735,26.6089
2002-07-30,27.7054,26.6082
2002-07-31,27.8103,26.61
2002-08-01,27.8933,26.6217
2002-08-02,27.8611,26.6462
2002-08-03,27.7323,26.6407
2002-08-04,27.6492,26.6109
2002-08-05,27.6515,26.5948
2002-08-06,27.6738,26.5875
2002-08-07,27.6617,26.5903
2002-08-08,27.631,26.5884
2002-08-09,27.6806,26.6108
2002-08-10,27.5977,26.6108
2002-08-11,27.5173,26.5899
2002-08-12,27.458,26.5711
2002-08-13,27.3978,26.5325
2002-08-14,27.3554,26.4846
2002-08-15,27.449,26.4689
2002-08-16,27.4856,26.4512
2002-08-17,27.466,26.4265
2002-08-18,27.3868,26.396
2002-08-19,27.3325,26.3864
2002-08-20,27.4313,26.3866
2002-08-21,27.5412,26.3954
2002-08-22,27.5343,26.398
2002-08-23,27.4124,26.4073
2002-08-24,27.4217,26.4221
2002-08-25,27.3484,26.4082
2002-08-26,27.3802,26.4183
2002-08-27,27.4427,26.4336
2002-08-28,27.5668,26.4501
2002-08-29,27.5655,26.4324
2002-08-30,27.5862,26.4216
2002-08-31,27.6105,26.4417
2002-09-01,27.5631,26.4581
2002-09-02,27.4375,26.4678
2002-09-03,27.2763,26.493
2002-09-04,27.1711,26.5252
2002-09-05,27.1777,26.53
2002-09-06,27.2603,26.5328
2002-09-07,27.2736,26.5559
2002-09-08,27.3573,26.5772
2002-09-09,27.4599,26.5981
2002-09-10,27.4688,26.6092
2002-09-11,27.5107,26.6167
2002-09-12,27.5433,26.6385
2002-09-13,27.4942,26.6464
2002-09-14,27.5412,26.6451
2002-09-15,27.6361,26.6255
2002-09-16,27.6583,26.6214
2002-09-17,27.645,26.6528
2002-09-18,27.6824,26.6494
2002-09-19,27.6903,26.6605
2002-09-20,27.7668,26.6782
2002-09-21,27.7978,26.6831
2002-09-22,27.8246,26.6693
2002-09-23,27.8477,26.6689
2002-09-24,27.7945,26.6582
2002-09-25,27.6842,26.6465
2002-09-26,27.7189,26.6778
2002-09-27,27.7521,26.6871
2002-09-28,27.6942,26.6832
2002-09-29,27.6902,26.6742
2002-09-30,27.8911,26.7065
2002-10-01,27.9815,26.7455
2002-10-02,27.978,26.7337
2002-10-03,27.8905,26.7389
2002-10-04,27.7996,26.7729
2002-10-05,27.6711,26.7842
2002-10-06,27.6345,26.8069
2002-10-07,27.4708,26.8042
2002-10-08,27.2825,26.7994
2002-10-09,27.3602,26.7951
2002-10-10,27.6032,26.7947
2002-10-11,27.8112,26.801
2002-10-12,27.833,26.8119
2002-10-13,27.7447,26.8415
2002-10-14,27.6207,26.8717
2002-10-15,27.5917,26.9137
2002-10-16,27.5651,26.9243
2002-10-17,27.4979,26.9204
2002-10-18,27.4857,26.9292
2002-10-19,27.5691,26.9638
2002-10-20,27.7412,27.012
2002-10-21,27.7251,27.0163
2002-10-22,27.6779,26.9961
2002-10-23,27.7703,27.0205
2002-10-24,27.8332,27.0518
2002-10-25,27.8919,27.095
2002-10-26,28.0061,27.1039
2002-10-27,28.0948,27.1124
2002-10-28,28.0652,27.1226
2002-10-29,28.0654,27.1412
2002-10-30,28.1184,27.1487
2002-10-31,28.19,27.1604
2002-11-01,28.2172,27.1432
2002-11-02,28.1407,27.1241
2002-11-03,28.0643,27.1178
2002-11-04,27.9403,27.1049
2002-11-05,27.7878,27.0798
2002-11-06,27.6841,27.066
2002-11-07,27.8514,27.0877
2002-11-08,28.0158,27.1178
2002-11-09,28.1134,27.1447
2002-11-10,28.2298,27.1572
2002-11-11,28.2245,27.156
2002-11-12,28.1168,27.1513
2002-11-13,27.9548,27.1371
2002-11-14,27.9107,27.1502
2002-11-15,27.9373,27.1435
2002-11-16,27.9522,27.1326
2002-11-17,27.9949,27.1505
2002-11-18,28.0016,27.1305
2002-11-19,27.9744,27.1263
2002-11-20,27.9143,27.1351
2002-11-21,28.0007,27.1487
2002-11-22,28.018,27.1524
2002-11-23,28.0788,27.1609
2002-11-24,28.0836,27.1554
2002-11-25,28.0718,27.1534
2002-11-26,28.0884,27.1522
2002-11-27,28.2076,27.1663
2002-11-28,28.1256,27.1856
2002-11-29,28.0325,27.2113
2002-11-30,27.9965,27.2122
2002-12-01,27.9653,27.1913
2002-12-02,27.9489,27.1892
2002-12-03,27.9467,27.2015
2002-12-04,27.9583,27.223
2002-12-05,28.0297,27.2574
2002-12-06,27.9562,27.2845
2002-12-07,28.0,27.2871
2002-12-08,28.0471,27.2894
2002-12-09,28.0385,27.2853
2002-12-10,28.0181,27.2632
2002-12-11,27.9794,27.251
2002-12-12,27.8593,27.2429
2002-12-13,27.8829,27.2432
2002-12-14,28.0342,27.2738
2002-12-15,27.9484,27.321
2002-12-16,27.8658,27.375
2002-12-17,28.0262,27.3844
2002-12-18,28.0069,27.3757
2002-12-19,27.9492,27.352
2002-12-20,27.9609,27.3283
2002-12-21,27.9138,27.3271
2002-12-22,27.9646,27.3452
2002-12-23,27.9406,27.3562
2002-12-24,27.8735,27.3582
2002-12-25,27.8819,27.3507
2002-12-26,27.9082,27.336
2002-12-27,27.897,27.334
2002-12-28,27.915,27.3166
2002-12-29,27.8784,27.2956
2002-12-30,27.8056,27.2666
2002-12-31,27.7977,27.2583
2003-01-01,27.7999,27.2891
2003-01-02,27.7922,27.2951
2003-01-03,27.7482,27.284
2003-01-04,27.6622,27.2776
2003-01-05,27.6786,27.2814
2003-01-06,27.7732,27.2759
2003-01-07,27.8106,27.2824
2003-01-08,27.7621,27.2779
2003-01-09,27.6853,27.2659
2003-01-10,27.5385,27.2502
2003-01-11,27.4071,27.2394
2003-01-12,27.3859,27.2432
2003-01-13,27.4239,27.2688
2003-01-14,27.49,27.2822
2003-01-15,27.4682,27.3001
2003-01-16,27.4901,27.3046
2003-01-17,27.445,27.3032
2003-01-18,27.383,27.3164
2003-01-19,27.3725,27.3135
2003-01-20,27.3728,27.3229
2003-01-21,27.296,27.3177
2003-01-22,27.3076,27.3225
2003-01-23,27.2373,27.3231
2003-01-24,27.0847,27.3148
2003-01-25,27.201,27.3158
2003-01-26,27.1848,27.3077
2003-01-27,27.0662,27.2915
2003-01-28,27.0017,27.2845
2003-01-29,27.0217,27.2706
2003-01-30,27.1249,27.2848
2003-01-31,27.1446,27.2791
2003-02-01,27.1142,27.2787
2003-02-02,27.0259,27.2578
2003-02-03,26.9866,27.2558
2003-02-04,26.8386,27.2477
2003-02-05,26.7754,27.255
2003-02-06,26.785,27.2433
2003-02-07,26.9675,27.2488
2003-02-08,26.9909,27.2815
2003-02-09,27.0582,27.3181
2003-02-10,27.1662,27.368
2003-02-11,27.2522,27.4062
2003-02-12,27.3012,27.4486
2003-02-13,27.3716,27.4708
2003-02-14,27.4099,27.4853
2003-02-15,27.4878,27.5025
2003-02-16,27.5882,27.5309
2003-02-17,27.6003,27.5459
2003-02-18,27.7089,27.5509
2003-02-19,27.7204,27.5551
2003-02-20,27.6498,27.563
2003-02-21,27.5882,27.5697
2003-02-22,27.6243,27.5583
2003-02-23,27.6409,27.5653
2003-02-24,27.6136,27.5807
2003-02-25,27.6316,27.5868
2003-02-26,27.7213,27.5967
2003-02-27,27.7032,27.6032
2003-02-28,27.7488,27.5936
2003-03-01,27.8491,27.5862
2003-03-02,27.8655,27.5698
2003-03-03,27.8916,27.5548
2003-03-04,27.7794,27.5327
2003-03-05,27.6843,27.5224
2003-03-06,27.588,27.4984
2003-03-07,27.4765,27.4956
2003-03-08,27.4515,27.5131
2003-03-09,27.4324,27.5307
2003-03-10,27.4385,27.5443
2003-03-11,27.516,27.5539
2003-03-12,27.6746,27.5864
2003-03-13,27.8016,27.6042
2003-03-14,27.8589,27.6142
2003-03-15,27.9637,27.6457
2003-03-16,27.9693,27.7079
2003-03-17,27.9991,27.7342
2003-03-18,27.8888,27.7511
2003-03-19,27.7748,27.7509
2003-03-20,27.6923,27.7569
2003-03-21,27.7078,27.7924
2003-03-22,27.8249,27.8149
2003-03-23,27.9149,27.8626
2003-03-24,27.9562,27.8948
2003-03-25,27.8861,27.9353
2003-03-26,27.8397,27.9447
2003-03-27,27.806,27.9461
2003-03-28,27.669,27.9597
2003-03-29,27.5784,27.9536
2003-03-30,27.5453,27.9352
2003-03-31,27.4736,27.902
2003-04-01,27.491,27.8657
2003-04-02,27.4655,27.8331
2003-04-03,27.4619,27.8526
2003-04-04,27.4797,27.8611
2003-04-05,27.4611,27.8687
2003-04-06,27.5798,27.8834
2003-04-07,27.6796,27.8704
2003-04-08,27.6655,27.8617
2003-04-09,27.6529,27.8687
2003-04-10,27.5764,27.8647
2003-04-11,27.5664,27.8647
2003-04-12,27.5983,27.8835
2003-04-13,27.7987,27.8762
2003-04-14,27.9079,27.8797
2003-04-15,27.8868,27.8847
2003-04-16,27.8261,27.9112
2003-04-17,27.8193,27.9078
2003-04-18,27.7359,27.9111
2003-04-19,27.661,27.941
2003-04-20,27.6367,27.9472
2003-04-21,27.7091,27.9372
2003-04-22,27.6932,27.9175
2003-04-23,27.6637,27.8777
2003-04-24,27.6357,27.8613
2003-04-25,27.6362,27.8564
2003-04-26,27.5892,27.8433
2003-04-27,27.7164,27.842
2003-04-28,27.7059,27.8327
2003-04-29,27.6489,27.8163
2003-04-30,27.5562,27.821
2003-05-01,27.5115,27.8107
2003-05-02,27.4719,27.7989
2003-05-03,27.4109,27.786
2003-05-04,27.2969,27.7585
2003-05-05,27.235,27.7512
2003-05-06,27.2867,27.7631
2003-05-07,27.3403,27.7733
2003-05-08,27.3303,27.781
2003-05-09,27.3726,27.7612
2003-05-10,27.3479,27.7498
2003-05-11,27.2787,27.7475
2003-05-12,27.1905,27.7262
2003-05-13,27.1669,27.6887
2003-05-14,27.1322,27.6645
2003-05-15,27.1311,27.6479
2003-05-16,27.1178,27.6244
2003-05-17,27.0982,27.6009
2003-05-18,27.1137,27.5862
2003-05-19,27.1183,27.5489
2003-05-20,27.0272,27.5164
2003-05-21,27.0507,27.5033
2003-05-22,27.0924,27.5014
2003-05-23,27.1743,27.5125
2003-05-24,27.2423,27.521
2003-05-25,27.2946,27.542
2003-05-26,27.3218,27.5294
2003-05-27,27.2699,27.4986
2003-05-28,27.2881,27.4757
2003-05-29,27.256,27.4455
2003-05-30,27.2212,27.4234
2003-05-31,27.2897,27.4196
2003-06-01,27.2581,27.4129
2003-06-02,27.1406,27.402
2003-06-03,27.0831,27.3916
2003-06-04,27.1318,27.392
2003-06-05,27.1082,27.3557
2003-06-06,27.106,27.3242
2003-06-07,27.1476,27.2883
2003-06-08,27.2302,27.2629
2003-06-09,27.2731,27.2695
2003-06-10,27.3378,27.2648
2003-06-11,27.3682,27.2474
2003-06-12,27.3833,27.2635
2003-06-13,27.3032,27.281
2003-06-14,27.2404,27.2745
2003-06-15,27.2523,27.2565
2003-06-16,27.2699,27.2276
2003-06-17,27.3372,27.2138
2003-06-18,27.4539,27.2072
2003-06-19,27.6336,27.1995
2003-06-20,27.666,27.1865
2003-06-21,27.5995,27.1687
2003-06-22,27.4871,27.1507
2003-06-23,27.3903,27.1391
2003-06-24,27.2965,27.1097
2003-06-25,27.2495,27.0879
2003-06-26,27.3645,27.0798
2003-06-27,27.4038,27.0715
2003-06-28,27.4425,27.0749
2003-06-29,27.4294,27.0497
2003-06-30,27.4472,27.0484
2003-07-01,27.4776,27.0411
2003-07-02,27.478,27.0275
2003-07-03,27.4909,27.018
2003-07-04,27.4991,27.0188
2003-07-05,27.491,27.014
2003-07-06,27.4827,26.9838
2003-07-07,27.4392,26.9475
2003-07-08,27.391,26.9132
2003-07-09,27.3676,26.8821
2003-07-10,27.3107,26.8664
2003-07-11,27.1947,26.8543
2003-07-12,27.1316,26.8538
2003-07-13,27.0869,26.8571
2003-07-14,27.2028,26.8537
2003-07-15,27.2389,26.8351
2003-07-16,27.284,26.8116
2003-07-17,27.2939,26.7957
2003-07-18,27.2371,26.7845
2003-07-19,27.1563,26.7809
2003-07-20,27.0435,26.7855
2003-07-21,27.0735,26.7833
2003-07-22,27.1526,26.7863
2003-07-23,27.2796,26.7729
2003-07-24,27.3546,26.7586
2003-07-25,27.3091,26.7533
2003-07-26,27.2426,26.7583
2003-07-27,27.1716,26.7448
2003-07-28,27.147,26.7305
2003-07-29,27.2057,26.7425
2003-07-30,27.2574,26.74
2003-07-31,27.2067,26.7129
2003-08-01,27.1325,26.6905
2003-08-02,27.1363,26.6793
2003-08-03,26.9813,26.6469
2003-08-04,26.8774,26.6069
2003-08-05,26.8366,26.6076
2003-08-06,26.9663,26.625
2003-08-07,27.0036,26.6403
2003-08-08,26.9963,26.6351
2003-08-09,27.0613,26.628
2003-08-10,27.0218,26.6399
2003-08-11,26.9598,26.6578
2003-08-12,26.9165,26.6764
2003-08-13,26.9379,26.697
2003-08-14,27.0459,26.7036
2003-08-15,27.0241,26.7073
2003-08-16,26.9206,26.7175
2003-08-17,26.7412,26.7291
2003-08-18,26.7449,26.7364
2003-08-19,26.7862,26.7481
2003-08-20,26.7411,26.7548
2003-08-21,26.6608,26.737
2003-08-22,26.6056,26.7143
2003-08-23,26.5438,26.6893
2003-08-24,26.4942,26.656
2003-08-25,26.6001,26.6555
2003-08-26,26.6749,26.6553
2003-08-27,26.7286,26.6653
2003-08-28,26.7696,26.6711
2003-08-29,26.8535,26.6602
2003-08-30,26.9346,26.6878
2003-08-31,27.0069,26.7096
2003-09-01,27.0433,26.6908
2003-09-02,27.01,26.6883
2003-09-03,26.9542,26.6764
2003-09-04,26.9674,26.6649
2003-09-05,26.9643,26.6664
2003-09-06,27.0121,26.6698
2003-09-07,27.0306,26.6687
2003-09-08,26.9977,26.6748
2003-09-09,26.9049,26.6878
2003-09-10,26.893,26.7026
2003-09-11,26.897,26.7087
2003-09-12,26.8506,26.7149
2003-09-13,26.6294,26.7111
2003-09-14,26.5915,26.7223
2003-09-15,26.6735,26.7327
2003-09-16,26.6711,26.735
2003-09-17,26.6408,26.7335
2003-09-18,26.6732,26.7458
2003-09-19,26.7403,26.766
2003-09-20,26.8219,26.81
2003-09-21,26.7422,26.8279
2003-09-22,26.7303,26.8234
2003-09-23,26.8911,26.8244
2003-09-24,26.9275,26.83
2003-09-25,27.0713,26.8549
2003-09-26,27.0932,26.8577
2003-09-27,27.122,26.8517
2003-09-28,27.161,26.8737
2003-09-29,27.1227,26.8874
2003-09-30,27.1326,26.8856
2003-10-01,27.1087,26.9031
2003-10-02,27.1243,26.9354
2003-10-03,27.2282,26.989
2003-10-04,27.3298,27.0379
2003-10-05,27.4435,27.0568
2003-10-06,27.5522,27.0651
2003-10-07,27.5702,27.0497
2003-10-08,27.4657,27.0415
2003-10-09,27.3332,27.0492
2003-10-10,27.1565,27.0407
2003-10-11,27.0677,27.0307
2003-10-12,27.0065,27.0253
2003-10-13,27.037,27.0192
2003-10-14,27.0423,27.0
2003-10-15,26.9635,26.9965
2003-10-16,26.9505,26.9977
2003-10-17,26.9473,26.9955
2003-10-18,26.883,26.9871
2003-10-19,26.8863,27.028
2003-10-20,26.9401,27.0681
2003-10-21,27.0038,27.1038
2003-10-22,27.1123,27.1332
2003-10-23,27.1026,27.157
2003-10-24,27.0845,27.1758
2003-10-25,27.1029,27.1891
2003-10-26,27.1383,27.1693
2003-10-27,27.1838,27.174
2003-10-28,27.1704,27.1643
2003-10-29,27.1435,27.1623
2003-10-30,27.0866,27.1514
2003-10-31,27.041,27.1282
2003-11-01,26.9822,27.1146
2003-11-02,26.884,27.1189
2003-11-03,26.8995,27.1127
2003-11-04,26.9905,27.1051
2003-11-05,27.0411,27.0959
2003-11-06,27.0882,27.0938
2003-11-07,27.0622,27.1078
2003-11-08,26.9955,27.1269
2003-11-09,26.9675,27.1334
2003-11-10,26.8919,27.139
2003-11-11,26.8202,27.141
2003-11-12,26.6524,27.1383
2003-11-13,26.5252,27.1235
2003-11-14,26.7249,27.1353
2003-11-15,26.7931,27.1266
2003-11-16,26.8746,27.1174
2003-11-17,26.9727,27.1321
2003-11-18,27.0153,27.1522
2003-11-19,27.0413,27.1728
2003-11-20,26.9628,27.1852
2003-11-21,27.0126,27.2082
2003-11-22,27.0882,27.2397
2003-11-23,27.1428,27.2619
2003-11-24,27.1259,27.277
2003-11-25,27.0592,27.2841
2003-11-26,27.0604,27.2804
2003-11-27,27.0984,27.2829
2003-11-28,27.1374,27.3121
2003-11-29,27.2738,27.2991
2003-11-30,27.3513,27.2568
2003-12-01,27.3298,27.228
2003-12-02,27.1683,27.2193
2003-12-03,27.0697,27.2069
2003-12-04,26.9808,27.2012
2003-12-05,26.9978,27.2108
2003-12-06,27.0367,27.1989
2003-12-07,27.0244,27.2041
2003-12-08,27.0768,27.2026
2003-12-09,27.0659,27.2065
2003-12-10,27.0916,27.2285
2003-12-11,27.1382,27.2214
2003-12-12,27.0618,27.201
2003-12-13,26.9624,27.1923
2003-12-14,26.9215,27.1708
2003-12-15,26.9114,27.1597
2003-12-16,26.9346,27.1378
2003-12-17,26.8989,27.11
2003-12-18,26.9204,27.1166
2003-12-19,26.9532,27.1123
2003-12-20,26.9844,27.103
2003-12-21,26.9521,27.0927
2003-12-22,26.8585,27.0838
2003-12-23,26.7917,27.0851
2003-12-24,26.7806,27.09
2003-12-25,26.6417,27.1058
2003-12-26,26.517,27.1349
2003-12-27,26.6834,27.1523
2003-12-28,26.917,27.1506
2003-12-29,26.903,27.1352
2003-12-30,26.8989,27.119
2003-12-31,26.8503,27.0922
2004-01-01,26.849,27.0711
2004-01-02,26.7116,27.0649
2004-01-03,26.5199,27.0702
2004-01-04,26.4084,27.0988
2004-01-05,26.509,27.1352
2004-01-06,26.4654,27.1208
2004-01-07,26.4084,27.1257
2004-01-08,26.438,27.1422
2004-01-09,26.3509,27.159
2004-01-10,26.2571,27.1685
2004-01-11,26.3893,27.2007
2004-01-12,26.487,27.2141
2004-01-13,26.7313,27.236
2004-01-14,26.8523,27.2468
2004-01-15,26.9358,27.2636
2004-01-16,26.9438,27.2663
2004-01-17,26.7816,27.2899
2004-01-18,26.7009,27.3137
2004-01-19,26.7425,27.3191
2004-01-20,26.8747,27.3485
2004-01-21,26.8123,27.3497
2004-01-22,26.8223,27.3342
2004-01-23,26.9265,27.3155
2004-01-24,26.9397,27.2986
2004-01-25,26.9945,27.292
2004-01-26,26.9867,27.2876
2004-01-27,27.0269,27.3001
2004-01-28,26.9978,27.2919
2004-01-29,27.0112,27.2837
2004-01-30,26.9826,27.2849
2004-01-31,26.8754,27.2651
2004-02-01,26.8576,27.2745
2004-02-02,26.8493,27.2587
2004-02-03,26.8427,27.2659
2004-02-04,26.8014,27.2899
2004-02-05,26.8897,27.3087
2004-02-06,26.9706,27.3335
2004-02-07,26.961,27.3465
2004-02-08,26.9399,27.3492
2004-02-09,27.0094,27.3429
2004-02-10,26.9847,27.3285
2004-02-11,26.9091,27.3222
2004-02-12,26.9315,27.3249
2004-02-13,26.8886,27.3276
2004-02-14,26.884,27.3269
2004-02-15,26.9011,27.3429
2004-02-16,26.8814,27.3783
2004-02-17,26.8429,27.3767
2004-02-18,26.8547,27.3846
2004-02-19,26.8804,27.3987
2004-02-20,26.8305,27.4049
2004-02-21,26.8171,27.3952
2004-02-22,26.6941,27.4066
2004-02-23,26.7061,27.4054
2004-02-24,26.7173,27.4112
2004-02-25,26.806,27.4366
2004-02-26,26.863,27.4285
2004-02-27,26.8604,27.4418
2004-02-28,26.8926,27.4545
2004-02-29,26.8547,27.4604
2004-03-01,26.813,27.4756
2004-03-02,26.8215,27.4969
2004-03-03,26.8964,27.5299
2004-03-04,26.9037,27.5177
2004-03-05,26.9318,27.4808
2004-03-06,26.9034,27.483
2004-03-07,26.8486,27.4917
2004-03-08,26.8521,27.4891
2004-03-09,26.8619,27.4945
2004-03-10,26.8004,27.4917
2004-03-11,26.7819,27.5265
2004-03-12,26.8292,27.58
2004-03-13,27.0043,27.6254
2004-03-14,27.1423,27.6363
2004-03-15,27.1298,27.6306
2004-03-16,27.0538,27.6355
2004-03-17,27.046,27.6235
2004-03-18,27.0604,27.5972
2004-03-19,27.0837,27.5927
2004-03-20,27.1089,27.5896
2004-03-21,27.1386,27.6156
2004-03-22,27.0069,27.6095
2004-03-23,26.8748,27.6112
2004-03-24,26.9026,27.6186
2004-03-25,27.0497,27.6445
2004-03-26,27.0292,27.6728
2004-03-27,27.0918,27.6997
2004-03-28,27.2176,27.7393
2004-03-29,27.3008,27.764
2004-03-30,27.334,27.775
2004-03-31,27.4222,27.7906
2004-04-01,27.4062,27.7836
2004-04-02,27.3568,27.788
2004-04-03,27.4656,27.7831
2004-04-04,27.578,27.7837
2004-04-05,27.7365,27.79
2004-04-06,27.7638,27.7972
2004-04-07,27.692,27.8027
2004-04-08,27.7064,27.8236
2004-04-09,27.7318,27.841
2004-04-10,27.6773,27.8377
2004-04-11,27.7038,27.8417
2004-04-12,27.8183,27.8506
2004-04-13,27.8531,27.8317
2004-04-14,27.8599,27.8422
2004-04-15,27.8262,27.8543
2004-04-16,27.8078,27.8725
2004-04-17,27.7932,27.8675
2004-04-18,27.839,27.8415
2004-04-19,27.8449,27.8292
2004-04-20,27.765,27.846
2004-04-21,27.6789,27.866
2004-04-22,27.6771,27.8847
2004-04-23,27.8111,27.8998
2004-04-24,27.9093,27.9074
2004-04-25,27.9287,27.8973
2004-04-26,27.9189,27.8666
2004-04-27,27.8943,27.8379
2004-04-28,27.8902,27.8395
2004-04-29,27.9069,27.8231
2004-04-30,27.7706,27.7892
2004-05-01,27.7986,27.7707
2004-05-02,27.8279,27.7515
2004-05-03,27.828,27.7099
2004-05-04,27.8196,27.6814
2004-05-05,27.7625,27.642
2004-05-06,27.7424,27.611
2004-05-07,27.7923,27.5853
2004-05-08,27.8845,27.5917
2004-05-09,27.9097,27.5903
2004-05-10,27.8626,27.5862
2004-05-11,27.8436,27.5926
2004-05-12,27.8149,27.5813
2004-05-13,27.7323,27.5582
2004-05-14,27.671,27.528
2004-05-15,27.8098,27.5384
2004-05-16,28.0042,27.5389
2004-05-17,28.1126,27.5344
2004-05-18,28.2009,27.5355
2004-05-19,28.2024,27.5469
2004-05-20,28.1804,27.5468
2004-05-21,28.1033,27.5265
2004-05-22,28.0616,27.5191
2004-05-23,28.0367,27.5141
2004-05-24,27.9954,27.5092
2004-05-25,28.0636,27.509
2004-05-26,28.1351,27.5072
2004-05-27,28.116,27.4987
2004-05-28,28.0701,27.5116
2004-05-29,27.9862,27.4884
2004-05-30,27.9325,27.4559
2004-05-31,27.9776,27.4434
2004-06-01,28.0021,27.4041
2004-06-02,27.9737,27.3547
2004-06-03,27.907,27.3086
2004-06-04,27.9943,27.3082
2004-06-05,28.085,27.2962
2004-06-06,28.0491,27.2494
2004-06-07,28.0091,27.2326
2004-06-08,27.9795,27.1924
2004-06-09,27.9012,27.1609
2004-06-10,27.9346,27.1363
2004-06-11,27.9532,27.1442
2004-06-12,27.8645,27.123
2004-06-13,27.7289,27.1145
2004-06-14,27.651,27.1146
2004-06-15,27.5892,27.1178
2004-06-16,27.5929,27.0992
2004-06-17,27.6829,27.0572
2004-06-18,27.7029,27.0399
2004-06-19,27.6693,27.0304
2004-06-20,27.5827,27.0165
2004-06-21,27.5708,27.0022
2004-06-22,27.4355,26.9611
2004-06-23,27.3787,26.9229
2004-06-24,27.2574,26.8937
2004-06-25,27.1914,26.8667
2004-06-26,27.2277,26.828
2004-06-27,27.2283,26.802
2004-06-28,27.2775,26.7637
2004-06-29,27.2634,26.7522
2004-06-30,27.2201,26.7698
2004-07-01,27.2327,26.7436
2004-07-02,27.3361,26.7192
2004-07-03,27.3553,26.7144
2004-07-04,27.5076,26.7245
2004-07-05,27.624,26.6918
2004-07-06,27.7042,26.6843
2004-07-07,27.7922,26.6906
2004-07-08,27.8782,26.6863
2004-07-09,27.8532,26.6882
2004-07-10,27.8407,26.7042
2004-07-11,27.7946,26.7064
2004-07-12,27.7304,26.6974
2004-07-13,27.7378,26.6799
2004-07-14,27.7153,26.6802
2004-07-15,27.7544,26.6863
2004-07-16,27.871,26.6941
2004-07-17,27.9062,26.6912
2004-07-18,27.7962,26.6527
2004-07-19,27.7859,26.6231
2004-07-20,27.7239,26.6084
2004-07-21,27.7637,26.6293
2004-07-22,27.7706,26.6322
2004-07-23,27.8148,26.6438
2004-07-24,27.8314,26.6235
2004-07-25,27.8948,26.6062
2004-07-26,27.9581,26.619
2004-07-27,27.941,26.6164
2004-07-28,27.9361,26.601
2004-07-29,27.8504,26.5771
2004-07-30,27.7427,26.5775
2004-07-31,27.6803,26.5576
2004-08-01,27.5379,26.5387
2004-08-02,27.6368,26.5368
2004-08-03,27.6934,26.5307
2004-08-04,27.7189,26.52
2004-08-05,27.68,26.5263
2004-08-06,27.6453,26.5371
2004-08-07,27.682,26.5332
2004-08-08,27.6439,26.5374
2004-08-09,27.5845,26.5458
2004-08-10,27.5439,26.5523
2004-08-11,27.5316,26.5619
2004-08-12,27.4555,26.5476
2004-08-13,27.4067,26.5065
2004-08-14,27.4505,26.4807
2004-08-15,27.448,26.4829
2004-08-16,27.393,26.4725
2004-08-17,27.237,26.4517
2004-08-18,27.1982,26.422
2004-08-19,27.237,26.4084
2004-08-20,27.2621,26.4103
2004-08-21,27.3235,26.4116
2004-08-22,27.2662,26.4309
2004-08-23,27.2884,26.4643
2004-08-24,27.44,26.4937
2004-08-25,27.4563,26.5248
2004-08-26,27.4716,26.5424
2004-08-27,27.4808,26.551
2004-08-28,27.5062,26.5692
2004-08-29,27.5575,26.6043
2004-08-30,27.5992,26.6232
2004-08-31,27.5742,26.6191
2004-09-01,27.5594,26.6352
2004-09-02,27.5703,26.6444
2004-09-03,27.5196,26.6314
2004-09-04,27.4811,26.6153
2004-09-05,27.5252,26.6156
2004-09-06,27.4935,26.656
2004-09-07,27.4955,26.6605
2004-09-08,27.4729,26.6665
2004-09-09,27.3734,26.6648
2004-09-10,27.3268,26.6675
2004-09-11,27.2877,26.6703
2004-09-12,27.2607,26.6673
2004-09-13,27.266,26.6473
2004-09-14,27.2306,26.6465
2004-09-15,27.2827,26.6483
2004-09-16,27.2528,26.6564
2004-09-17,27.1239,26.6537
2004-09-18,27.1594,26.6823
2004-09-19,27.3029,26.738
2004-09-20,27.3856,26.7594
2004-09-21,27.4416,26.7543
2004-09-22,27.4457,26.7602
2004-09-23,27.422,26.7631
2004-09-24,27.3957,26.7743
2004-09-25,27.348,26.7877
2004-09-26,27.3423,26.8044
2004-09-27,27.3829,26.8125
2004-09-28,27.3518,26.8296
2004-09-29,27.2861,26.8284
2004-09-30,27.2768,26.8484
2004-10-01,27.2827,26.8606
2004-10-02,27.2352,26.8812
2004-10-03,27.1562,26.874
2004-10-04,27.1175,26.8594
2004-10-05,27.1833,26.8361
2004-10-06,27.1838,26.821
2004-10-07,27.0921,26.8012
2004-10-08,27.1048,26.804
2004-10-09,27.1212,26.8165
2004-10-10,27.2096,26.8313
2004-10-11,27.212,26.8408
2004-10-12,27.207,26.8297
2004-10-13,27.1692,26.8215
2004-10-14,27.1837,26.8475
2004-10-15,27.2272,26.879
2004-10-16,27.2894,26.892
2004-10-17,27.3902,26.9107
2004-10-18,27.4269,26.9248
2004-10-19,27.472,26.9365
2004-10-20,27.5089,26.9388
2004-10-21,27.524,26.9598
2004-10-22,27.5214,26.9734
2004-10-23,27.4979,26.9743
2004-10-24,27.5684,27.0019
2004-10-25,27.569,27.0202
2004-10-26,27.537,26.9997
2004-10-27,27.4991,26.9958
2004-10-28,27.4572,27.001
2004-10-29,27.4497,27.0201
2004-10-30,27.4942,27.0082
2004-10-31,27.4672,27.0091
2004-11-01,27.371,27.0289
2004-11-02,27.3627,27.0584
2004-11-03,27.3572,27.0663
2004-11-04,27.3122,27.0945
2004-11-05,27.2622,27.1045
2004-11-06,27.4008,27.1135
2004-11-07,27.4417,27.1256
2004-11-08,27.3973,27.1253
2004-11-09,27.2786,27.1213
2004-11-10,27.2825,27.1318
2004-11-11,27.335,27.16
2004-11-12,27.4049,27.1797
2004-11-13,27.4184,27.1895
2004-11-14,27.4214,27.1901
2004-11-15,27.4645,27.1916
2004-11-16,27.4983,27.1883
2004-11-17,27.5164,27.1799
2004-11-18,27.422,27.1692
2004-11-19,27.2522,27.167
2004-11-20,27.2952,27.1694
2004-11-21,27.419,27.1756
2004-11-22,27.4679,27.1679
2004-11-23,27.3868,27.1422
2004-11-24,27.272,27.144
2004-11-25,27.2411,27.1674
2004-11-26,27.293,27.1769
2004-11-27,27.2418,27.1843
2004-11-28,27.2161,27.1932
2004-11-29,27.131,27.1909
2004-11-30,27.2008,27.1673
2004-12-01,27.2481,27.1692
2004-12-02,27.2344,27.185
2004-12-03,27.197,27.2074
2004-12-04,27.2702,27.2308
2004-12-05,27.3557,27.2388
2004-12-06,27.4687,27.25
2004-12-07,27.4861,27.238
2004-12-08,27.3474,27.2167
2004-12-09,27.3097,27.1937
2004-12-10,27.3343,27.1599
2004-12-11,27.3322,27.1417
2004-12-12,27.2795,27.1564
2004-12-13,27.3104,27.1684
2004-12-14,27.2968,27.1767
2004-12-15,27.3543,27.1903
2004-12-16,27.2868,27.1953
2004-12-17,27.1763,27.2187
2004-12-18,27.0281,27.1928
2004-12-19,27.0917,27.2004
2004-12-20,27.0818,27.2143
2004-12-21,27.0479,27.2173
2004-12-22,27.0643,27.2299
2004-12-23,27.182,27.2365
2004-12-24,27.2393,27.2418
2004-12-25,27.2797,27.2498
2004-12-26,27.2473,27.251
2004-12-27,27.1924,27.255
2004-12-28,27.1511,27.2705
2004-12-29,27.1039,27.2718
2004-12-30,27.1264,27.2599
2004-12-31,27.1191,27.2444
2005-01-01,27.1354,27.2864
2005-01-02,27.1357,27.2977
2005-01-03,27.189,27.3047
2005-01-04,27.201,27.2926
2005-01-05,27.2345,27.2921
2005-01-06,27.2016,27.2907
2005-01-07,27.0907,27.3018
2005-01-08,26.9812,27.2954
2005-01-09,27.1299,27.2801
2005-01-10,27.2052,27.2814
2005-01-11,27.2986,27.2881
2005-01-12,27.3091,27.3026
2005-01-13,27.2287,27.3161
2005-01-14,27.0418,27.2934
2005-01-15,27.009,27.3
2005-01-16,27.0644,27.3177
2005-01-17,27.1218,27.3045
2005-01-18,27.122,27.2668
2005-01-19,27.1757,27.2499
2005-01-20,27.2057,27.2547
2005-01-21,27.2232,27.2733
2005-01-22,27.3058,27.3174
2005-01-23,27.2391,27.3476
2005-01-24,27.1982,27.3636
2005-01-25,27.1726,27.3929
2005-01-26,27.248,27.4214
2005-01-27,27.1921,27.4067
2005-01-28,27.0615,27.373
2005-01-29,26.8766,27.3529
2005-01-30,26.7896,27.3575
2005-01-31,26.7471,27.3516
2005-02-01,26.8409,27.3429
2005-02-02,26.8642,27.3518
2005-02-03,26.7995,27.3381
2005-02-04,26.8112,27.3281
2005-02-05,26.9124,27.3302
2005-02-06,26.9518,27.3425
2005-02-07,26.8613,27.349
2005-02-08,26.8569,27.3654
2005-02-09,26.8341,27.3748
2005-02-10,26.9446,27.3991
2005-02-11,27.1412,27.4147
2005-02-12,27.1442,27.415
2005-02-13,27.0214,27.4126
2005-02-14,26.9746,27.4317
2005-02-15,27.0332,27.4928
2005-02-16,27.0416,27.4893
2005-02-17,26.907,27.4833
2005-02-18,26.8099,27.4841
2005-02-19,27.0114,27.4723
2005-02-20,27.0699,27.4962
2005-02-21,27.0915,27.5294
2005-02-22,26.9723,27.5503
2005-02-23,26.928,27.5533
2005-02-24,26.8548,27.5581
2005-02-25,26.7511,27.5697
2005-02-26,26.6592,27.5881
2005-02-27,26.6589,27.6023
2005-02-28,26.7684,27.6053
2005-03-01,26.8245,27.605
2005-03-02,26.872,27.6179
2005-03-03,26.9287,27.6401
2005-03-04,26.9988,27.6627
2005-03-05,27.1194,27.6867
2005-03-06,27.2574,27.7293
2005-03-07,27.3037,27.7424
2005-03-08,27.2518,27.7257
2005-03-09,27.169,27.7327
2005-03-10,27.25,27.7537
2005-03-11,27.3372,27.7672
2005-03-12,27.3572,27.7642
2005-03-13,27.3503,27.7604
2005-03-14,27.4554,27.7659
2005-03-15,27.5379,27.7659
2005-03-16,27.6184,27.7687
2005-03-17,27.6437,27.7667
2005-03-18,27.5915,27.7684
2005-03-19,27.6233,27.7844
2005-03-20,27.6261,27.8159
2005-03-21,27.5337,27.8352
2005-03-22,27.5625,27.88
2005-03-23,27.5495,27.9137
2005-03-24,27.5351,27.9283
2005-03-25,27.6394,27.9419
2005-03-26,27.7881,27.9569
2005-03-27,27.9709,27.9607
2005-03-28,28.0499,27.9837
2005-03-29,27.9814,27.985
2005-03-30,27.8725,27.9577
2005-03-31,27.8929,27.9539
2005-04-01,27.9429,27.9352
2005-04-02,27.9145,27.9093
2005-04-03,27.8219,27.8861
2005-04-04,27.7501,27.8743
2005-04-05,27.7074,27.8517
2005-04-06,27.7267,27.8304
2005-04-07,27.7111,27.806
2005-04-08,27.7455,27.799
2005-04-09,27.7042,27.8135
2005-04-10,27.6758,27.8267
2005-04-11,27.7675,27.8526
2005-04-12,27.7103,27.8603
2005-04-13,27.7018,27.882
2005-04-14,27.6412,27.889
2005-04-15,27.756,27.9032
2005-04-16,27.8403,27.9158
2005-04-17,27.7805,27.9295
2005-04-18,27.8364,27.9491
2005-04-19,27.9302,27.9734
2005-04-20,28.0067,27.9928
2005-04-21,28.044,28.0491
2005-04-22,28.0712,28.0941
2005-04-23,28.2212,28.1188
2005-04-24,28.2942,28.1511
2005-04-25,28.2473,28.1665
2005-04-26,28.2201,28.147
2005-04-27,28.2556,28.1594
2005-04-28,28.3548,28.1698
2005-04-29,28.3184,28.1479
2005-04-30,28.2356,28.1233
2005-05-01,28.1899,28.0891
2005-05-02,28.1139,28.0665
2005-05-03,28.0671,28.0492
2005-05-04,28.1182,28.0366
2005-05-05,28.1805,28.0332
2005-05-06,28.1932,28.0339
2005-05-07,28.2166,28.011
2005-05-08,28.1835,27.9622
2005-05-09,28.187,27.9233
2005-05-10,28.1846,27.9134
2005-05-11,28.2155,27.9105
2005-05-12,28.1604,27.8943
2005-05-13,28.235,27.8808
2005-05-14,28.2514,27.8826
2005-05-15,28.2273,27.8817
2005-05-16,28.1348,27.8553
2005-05-17,28.0448,27.8394
2005-05-18,28.0598,27.8532
2005-05-19,28.0115,27.8528
2005-05-20,28.0045,27.8468
2005-05-21,27.996,27.8489
2005-05-22,28.1041,27.8298
2005-05-23,28.2195,27.8382
2005-05-24,28.1407,27.8463
2005-05-25,28.0382,27.8553
2005-05-26,27.98,27.841
2005-05-27,27.9701,27.8202
2005-05-28,28.0191,27.7872
2005-05-29,27.9599,27.7393
2005-05-30,27.8204,27.6891
2005-05-31,27.7453,27.6715
2005-06-01,27.7933,27.6681
2005-06-02,27.9463,27.6442
2005-06-03,27.9598,27.6007
2005-06-04,28.0001,27.5825
2005-06-05,28.06,27.5475
2005-06-06,28.0582,27.5012
2005-06-07,28.054,27.4722
2005-06-08,28.0833,27.4505
2005-06-09,28.1227,27.4389
2005-06-10,28.0667,27.4233
2005-06-11,28.0351,27.4043
2005-06-12,28.0514,27.3643
2005-06-13,28.0966,27.326
2005-06-14,27.97,27.3083
2005-06-15,27.8458,27.3037
2005-06-16,27.9349,27.3019
2005-06-17,27.9201,27.2949
2005-06-18,27.7927,27.3051
2005-06-19,27.6619,27.2925
2005-06-20,27.8094,27.2955
2005-06-21,27.8845,27.2832
2005-06-22,27.8562,27.2576
2005-06-23,27.8409,27.2426
2005-06-24,27.8207,27.25
2005-06-25,27.767,27.2291
2005-06-26,27.633,27.1822
2005-06-27,27.595,27.1449
2005-06-28,27.6788,27.1333
2005-06-29,27.6923,27.1116
2005-06-30,27.6869,27.0759
2005-07-01,27.6691,27.0547
2005-07-02,27.6547,27.0261
2005-07-03,27.7008,27.0172
2005-07-04,27.6903,26.9926
2005-07-05,27.6897,26.9845
2005-07-06,27.6109,26.976
2005-07-07,27.4878,26.9688
2005-07-08,27.4504,26.955
2005-07-09,27.408,26.9352
2005-07-10,27.4388,26.9382
2005-07-11,27.4094,26.9351
2005-07-12,27.3366,26.9168
2005-07-13,27.3032,26.9006
2005-07-14,27.3629,26.8969
2005-07-15,27.4498,26.8883
2005-07-16,27.4193,26.8667
2005-07-17,27.3618,26.8624
2005-07-18,27.3321,26.8399
2005-07-19,27.3155,26.8111
2005-07-20,27.263,26.8031
2005-07-21,27.2398,26.7908
2005-07-22,27.2212,26.7727
2005-07-23,27.1062,26.739
2005-07-24,27.037,26.7167
2005-07-25,27.0361,26.7093
2005-07-26,27.0714,26.7196
2005-07-27,27.0671,26.7244
2005-07-28,26.9621,26.7131
2005-07-29,26.9658,26.6984
2005-07-30,26.965,26.6961
2005-07-31,26.9226,26.6932
2005-08-01,26.8531,26.6704
2005-08-02,26.8222,26.6578
2005-08-03,26.8901,26.6509
2005-08-04,26.901,26.6532
2005-08-05,26.8628,26.6731
2005-08-06,26.9848,26.701
2005-08-07,26.9939,26.6902
2005-08-08,26.9697,26.6891
2005-08-09,26.922,26.6588
2005-08-10,26.9431,26.6419
2005-08-11,27.0042,26.6389
2005-08-12,27.0268,26.6415
2005-08-13,27.0115,26.6248
2005-08-14,26.9499,26.6136
2005-08-15,26.893,26.6039
2005-08-16,26.9058,26.6185
2005-08-17,26.928,26.6188
2005-08-18,26.8361,26.6036
2005-08-19,26.7655,26.5821
2005-08-20,26.7872,26.5895
2005-08-21,26.8053,26.6203
2005-08-22,26.7826,26.6497
2005-08-23,26.794,26.654
2005-08-24,26.7658,26.6729
2005-08-25,26.797,26.6837
2005-08-26,26.8359,26.7018
2005-08-27,26.9114,26.7037
2005-08-28,26.9128,26.6784
2005-08-29,26.9211,26.6651
2005-08-30,26.8538,26.675
2005-08-31,26.7591,26.6709
2005-09-01,26.688,26.6565
2005-09-02,26.6079,26.654
2005-09-03,26.5102,26.6257
2005-09-04,26.4597,26.6085
2005-09-05,26.4163,26.6151
2005-09-06,26.4731,26.625
2005-09-07,26.4182,26.6165
2005-09-08,26.299,26.6087
2005-09-09,26.3292,26.6129
2005-09-10,26.3661,26.6081
2005-09-11,26.4449,26.6199
2005-09-12,26.5663,26.6174
2005-09-13,26.5462,26.638
2005-09-14,26.4908,26.6598
2005-09-15,26.4351,26.6853
2005-09-16,26.3494,26.6911
2005-09-17,26.4289,26.7009
2005-09-18,26.5954,26.7251
2005-09-19,26.6924,26.7434
2005-09-20,26.7785,26.7503
2005-09-21,26.81,26.7593
2005-09-22,26.848,26.7594
2005-09-23,26.8873,26.7586
2005-09-24,26.8911,26.7473
2005-09-25,26.8137,26.7395
2005-09-26,26.6619,26.7372
2005-09-27,26.5771,26.7231
2005-09-28,26.711,26.6987
2005-09-29,26.7093,26.6866
2005-09-30,26.6113,26.6849
2005-10-01,26.6128,26.7227
2005-10-02,26.5585,26.7648
2005-10-03,26.6105,26.7911
2005-10-04,26.6517,26.7937
2005-10-05,26.7326,26.8016
2005-10-06,26.6527,26.7977
2005-10-07,26.694,26.7994
2005-10-08,26.7448,26.7866
2005-10-09,26.7544,26.8098
2005-10-10,26.7539,26.8335
2005-10-11,26.7276,26.8299
2005-10-12,26.695,26.8305
2005-10-13,26.6209,26.8498
2005-10-14,26.5735,26.8515
2005-10-15,26.6167,26.888
2005-10-16,26.6445,26.9082
2005-10-17,26.597,26.9445
2005-10-18,26.6913,26.9555
2005-10-19,26.752,26.9891
2005-10-20,26.791,27.0035
2005-10-21,26.8246,27.0087
2005-10-22,26.7879,27.0118
2005-10-23,26.6743,27.0388
2005-10-24,26.5289,27.0449
2005-10-25,26.5272,27.0382
2005-10-26,26.5241,27.008
2005-10-27,26.5749,26.9843
2005-10-28,26.5191,26.9564
2005-10-29,26.399,26.9228
2005-10-30,26.3032,26.9164
2005-10-31,26.3986,26.904
2005-11-01,26.4383,26.892
2005-11-02,26.4643,26.8844
2005-11-03,26.3395,26.8714
2005-11-04,26.2357,26.853
2005-11-05,26.236,26.8745
2005-11-06,26.2246,26.9079
2005-11-07,26.2122,26.9343
2005-11-08,26.2267,26.9442
2005-11-09,26.2754,26.9662
2005-11-10,26.2923,27.0019
2005-11-11,26.3019,27.0237
2005-11-12,26.2853,27.0294
2005-11-13,26.3001,27.0191
2005-11-14,26.29,26.9906
2005-11-15,26.3705,26.9777
2005-11-16,26.3764,26.9916
2005-11-17,26.3274,27.0077
2005-11-18,26.2984,26.9904
2005-11-19,26.3158,26.9861
2005-11-20,26.2825,26.9929
2005-11-21,26.2343,26.9799
2005-11-22,26.2265,26.9667
2005-11-23,26.1784,26.9578
2005-11-24,26.1219,26.9828
2005-11-25,26.0394,26.9839
2005-11-26,25.975,26.9758
2005-11-27,25.9822,26.9867
2005-11-28,26.0332,26.9979
2005-11-29,25.9579,26.9881
2005-11-30,25.9309,26.9835
2005-12-01,25.8667,26.9737
2005-12-02,25.8404,26.988
2005-12-03,25.8103,26.9837
2005-12-04,25.7538,26.9858
2005-12-05,25.763,26.9865
2005-12-06,25.8157,26.9985
2005-12-07,25.9643,27.0168
2005-12-08,26.0331,27.0127
2005-12-09,26.0349,26.9949
2005-12-10,25.9703,26.9798
2005-12-11,25.8295,26.9656
2005-12-12,25.7913,26.9612
2005-12-13,25.8566,26.9801
2005-12-14,25.8654,26.9915
2005-12-15,25.9296,27.0194
2005-12-16,25.9427,27.0393
2005-12-17,25.8651,27.0471
2005-12-18,25.8616,27.063
2005-12-19,25.8371,27.0714
2005-12-20,25.7674,27.0492
2005-12-21,25.6731,27.0215
2005-12-22,25.6889,27.0018
2005-12-23,25.751,27.009
2005-12-24,25.7581,27.0314
2005-12-25,25.7712,27.056
2005-12-26,25.7896,27.0604
2005-12-27,25.7448,27.0661
2005-12-28,25.6082,27.0389
2005-12-29,25.5132,27.0258
2005-12-30,25.4455,26.9959
2005-12-31,25.3984,26.9883
2006-01-01,25.4646,27.0066
2006-01-02,25.5355,26.9879
2006-01-03,25.5656,26.9644
2006-01-04,25.6233,26.9525
2006-01-05,25.6989,26.9394
2006-01-06,25.7057,26.9181
2006-01-07,25.703,26.8924
2006-01-08,25.6853,26.8838
2006-01-09,25.6452,26.8797
2006-01-10,25.5994,26.8604
2006-01-11,25.5268,26.8391
2006-01-12,25.4172,26.8321
2006-01-13,25.4216,26.8473
2006-01-14,25.4972,26.8771
2006-01-15,25.4293,26.9
2006-01-16,25.4097,26.9271
2006-01-17,25.4782,26.9375
2006-01-18,25.4964,26.9498
2006-01-19,25.4509,26.9656
2006-01-20,25.4459,26.993
2006-01-21,25.4521,26.9967
2006-01-22,25.5421,27.0018
2006-01-23,25.6736,27.0143
2006-01-24,25.7444,27.0329
2006-01-25,25.7738,27.0386
2006-01-26,25.8302,27.0267
2006-01-27,25.784,27.0193
2006-01-28,25.668,27.0262
2006-01-29,25.5888,27.0519
2006-01-30,25.6739,27.0524
2006-01-31,25.7429,27.061
2006-02-01,25.6925,27.0513
2006-02-02,25.5891,27.042
2006-02-03,25.5514,27.042
2006-02-04,25.537,27.0468
2006-02-05,25.5338,27.0678
2006-02-06,25.5463,27.0999
2006-02-07,25.618,27.1451
2006-02-08,25.8357,27.1712
2006-02-09,25.8966,27.1756
2006-02-10,25.9427,27.1655
2006-02-11,25.9489,27.178
2006-02-12,26.0505,27.2276
2006-02-13,25.9985,27.2447
2006-02-14,25.9056,27.2674
2006-02-15,25.8971,27.2691
2006-02-16,25.9011,27.3079
2006-02-17,26.0032,27.3182
2006-02-18,26.0995,27.3081
2006-02-19,26.2012,27.318
2006-02-20,26.296,27.3391
2006-02-21,26.3852,27.3722
2006-02-22,26.4796,27.3881
2006-02-23,26.5026,27.385
2006-02-24,26.4621,27.4021
2006-02-25,26.3691,27.4013
2006-02-26,26.382,27.3924
2006-02-27,26.3588,27.4101
2006-02-28,26.1711,27.4106
2006-03-01,25.9639,27.3945
2006-03-02,26.0617,27.4092
2006-03-03,26.246,27.4305
2006-03-04,26.2123,27.4555
2006-03-05,26.1585,27.4822
2006-03-06,26.1824,27.4792
2006-03-07,26.3098,27.49
2006-03-08,26.3454,27.5104
2006-03-09,26.373,27.5147
2006-03-10,26.3694,27.5116
2006-03-11,26.4404,27.4912
2006-03-12,26.4813,27.4806
2006-03-13,26.4597,27.4751
2006-03-14,26.433,27.4762
2006-03-15,26.4342,27.4684
2006-03-16,26.5311,27.4658
2006-03-17,26.5602,27.4452
2006-03-18,26.5248,27.4374
2006-03-19,26.5655,27.4546
2006-03-20,26.5418,27.4783
2006-03-21,26.5266,27.4858
2006-03-22,26.5458,27.4915
2006-03-23,26.5718,27.4896
2006-03-24,26.6356,27.5058
2006-03-25,26.6528,27.5348
2006-03-26,26.7523,27.5858
2006-03-27,26.8584,27.6314
2006-03-28,26.9685,27.6838
2006-03-29,26.9742,27.6878
2006-03-30,26.9529,27.6874
2006-03-31,27.0134,27.684
2006-04-01,27.2118,27.7031
2006-04-02,27.3193,27.705
2006-04-03,27.368,27.7029
2006-04-04,27.4401,27.6919
2006-04-05,27.4729,27.7034
2006-04-06,27.4861,27.7236
2006-04-07,27.4572,27.7429
2006-04-08,27.5222,27.7641
2006-04-09,27.6657,27.7738
2006-04-10,27.7254,27.7918
2006-04-11,27.7586,27.8248
2006-04-12,27.7341,27.8355
2006-04-13,27.5895,27.832
2006-04-14,27.5336,27.8216
2006-04-15,27.4418,27.8191
2006-04-16,27.4572,27.796
2006-04-17,27.5042,27.7567
2006-04-18,27.4136,27.7478
2006-04-19,27.3273,27.7842
2006-04-20,27.2319,27.7865
2006-04-21,27.2974,27.7788
2006-04-22,27.414,27.7989
2006-04-23,27.6136,27.8022
2006-04-24,27.6079,27.8055
2006-04-25,27.6566,27.7884
2006-04-26,27.6186,27.7876
2006-04-27,27.641,27.7996
2006-04-28,27.7006,27.8072
2006-04-29,27.7695,27.818
2006-04-30,27.7137,27.8272
2006-05-01,27.7018,27.8126
2006-05-02,27.6517,27.7972
2006-05-03,27.6038,27.8132
2006-05-04,27.6287,27.8124
2006-05-05,27.6786,27.8356
2006-05-06,27.6927,27.8381
2006-05-07,27.6919,27.8213
2006-05-08,27.7019,27.8162
2006-05-09,27.6632,27.8126
2006-05-10,27.6397,27.8117
2006-05-11,27.6508,27.7991
2006-05-12,27.7044,27.8086
2006-05-13,27.7697,27.8217
2006-05-14,27.942,27.8359
2006-05-15,27.9736,27.8219
2006-05-16,28.0243,27.7965
2006-05-17,28.0606,27.7756
2006-05-18,28.0043,27.7524
2006-05-19,27.9459,27.7221
2006-05-20,27.9635,27.7185
2006-05-21,27.9795,27.7192
2006-05-22,27.9697,27.7053
2006-05-23,27.9303,27.6731
2006-05-24,27.8866,27.6479
2006-05-25,27.7845,27.6443
2006-05-26,27.7268,27.6106
2006-05-27,27.7897,27.5977
2006-05-28,27.7284,27.5928
2006-05-29,27.7738,27.5743
2006-05-30,27.8764,27.5503
2006-05-31,27.9499,27.5237
2006-06-01,28.0202,27.5348
2006-06-02,28.0435,27.5471
2006-06-03,27.9136,27.5368
2006-06-04,27.9211,27.5165
2006-06-05,27.9295,27.4914
2006-06-06,27.9682,27.4838
2006-06-07,28.0244,27.4716
2006-06-08,28.0484,27.459
2006-06-09,28.0829,27.4509
2006-06-10,28.1324,27.4358
2006-06-11,28.0422,27.4161
2006-06-12,27.9716,27.4099
2006-06-13,27.9216,27.3982
2006-06-14,27.8056,27.3597
2006-06-15,27.7799,27.3467
2006-06-16,27.7526,27.348
2006-06-17,27.7452,27.3357
2006-06-18,27.7547,27.3026
2006-06-19,27.7571,27.2897
2006-06-20,27.7733,27.2647
2006-06-21,27.7056,27.2706
2006-06-22,27.6246,27.2661
2006-06-23,27.6378,27.2562
2006-06-24,27.6188,27.2192
2006-06-25,27.4838,27.1727
2006-06-26,27.4475,27.1359
2006-06-27,27.4374,27.0997
2006-06-28,27.4867,27.0835
2006-06-29,27.4012,27.0548
2006-06-30,27.2334,27.0145
2006-07-01,27.2483,27.0023
2006-07-02,27.3611,26.962
2006-07-03,27.3212,26.9325
2006-07-04,27.2458,26.8952
2006-07-05,27.1964,26.8823
2006-07-06,27.2747,26.8779
2006-07-07,27.3408,26.8633
2006-07-08,27.2738,26.8333
2006-07-09,27.2995,26.798
2006-07-10,27.3415,26.7745
2006-07-11,27.3758,26.7485
2006-07-12,27.2917,26.7416
2006-07-13,27.1875,26.7311
2006-07-14,27.1273,26.701
2006-07-15,27.1542,26.7094
2006-07-16,27.13,26.7034
2006-07-17,27.1895,26.6944
2006-07-18,27.2582,26.6707
2006-07-19,27.2847,26.6582
2006-07-20,27.2032,26.6567
2006-07-21,27.1739,26.6583
2006-07-22,27.1405,26.668
2006-07-23,27.179,26.6655
2006-07-24,27.2943,26.6667
2006-07-25,27.2572,26.6705
2006-07-26,27.2345,26.6651
2006-07-27,27.2568,26.6727
2006-07-28,27.2615,26.6694
2006-07-29,27.2488,26.6798
2006-07-30,27.2225,26.6702
2006-07-31,27.2177,26.6643
2006-08-01,27.194,26.6416
2006-08-02,27.1491,26.6113
2006-08-03,27.1499,26.5846
2006-08-04,27.1954,26.5976
2006-08-05,27.1808,26.6157
2006-08-06,27.1283,26.605
2006-08-07,27.131,26.6016
2006-08-08,27.1342,26.6032
2006-08-09,27.0427,26.5944
2006-08-10,26.9894,26.593
2006-08-11,26.9932,26.5943
2006-08-12,27.1423,26.5874
2006-08-13,27.1304,26.583
2006-08-14,27.1252,26.5755
2006-08-15,27.2665,26.5707
2006-08-16,27.2838,26.5783
2006-08-17,27.2011,26.5762
2006-08-18,27.2338,26.5807
2006-08-19,27.1947,26.5715
2006-08-20,27.285,26.5714
2006-08-21,27.3423,26.5954
2006-08-22,27.3778,26.6117
2006-08-23,27.3646,26.6432
2006-08-24,27.257,26.6645
2006-08-25,27.1665,26.667
2006-08-26,27.1481,26.6737
2006-08-27,27.1849,26.6838
2006-08-28,27.2259,26.7011
2006-08-29,27.3123,26.7062
2006-08-30,27.3756,26.7056
2006-08-31,27.3802,26.7052
2006-09-01,27.3402,26.6909
2006-09-02,27.2489,26.6931
2006-09-03,27.2306,26.7127
2006-09-04,27.2452,26.7569
2006-09-05,27.2757,26.7648
2006-09-06,27.2507,26.7641
2006-09-07,27.2093,26.7714
2006-09-08,27.1707,26.7589
2006-09-09,27.2796,26.7589
2006-09-10,27.286,26.7315
2006-09-11,27.2018,26.6991
2006-09-12,27.1189,26.679
2006-09-13,27.1171,26.6793
2006-09-14,27.1323,26.6894
2006-09-15,27.1383,26.7117
2006-09-16,27.1724,26.7356
2006-09-17,27.2426,26.759
2006-09-18,27.2967,26.7906
2006-09-19,27.3396,26.813
2006-09-20,27.2765,26.82
2006-09-21,27.2755,26.8458
2006-09-22,27.371,26.8602
2006-09-23,27.4004,26.8617
2006-09-24,27.3271,26.8825
2006-09-25,27.2564,26.8978
2006-09-26,27.2279,26.9253
2006-09-27,27.2526,26.9359
2006-09-28,27.1887,26.9301
2006-09-29,27.1798,26.9288
2006-09-30,27.1514,26.9317
2006-10-01,27.1626,26.9491
2006-10-02,27.0838,26.947
2006-10-03,26.9801,26.9177
2006-10-04,27.0473,26.8997
2006-10-05,26.9789,26.871
2006-10-06,26.9621,26.8573
2006-10-07,26.9477,26.8523
2006-10-08,27.0808,26.842
2006-10-09,27.2428,26.8594
2006-10-10,27.3997,26.8748
2006-10-11,27.4321,26.8869
2006-10-12,27.396,26.8959
2006-10-13,27.439,26.9043
2006-10-14,27.5389,26.926
2006-10-15,27.4911,26.9669
2006-10-16,27.4432,26.9969
2006-10-17,27.368,27.0129
2006-10-18,27.2489,27.0042
2006-10-19,27.2639,27.0205
2006-10-20,27.3383,27.0399
2006-10-21,27.4008,27.0666
2006-10-22,27.4714,27.083
2006-10-23,27.5335,27.0827
2006-10-24,27.5379,27.1003
2006-10-25,27.4831,27.0982
2006-10-26,27.5186,27.099
2006-10-27,27.5767,27.0877
2006-10-28,27.5837,27.0944
2006-10-29,27.669,27.0967
2006-10-30,27.6733,27.0957
2006-10-31,27.5252,27.0814
2006-11-01,27.4741,27.0864
2006-11-02,27.4111,27.0972
2006-11-03,27.3524,27.114
2006-11-04,27.2785,27.1225
2006-11-05,27.3502,27.1253
2006-11-06,27.516,27.1598
2006-11-07,27.5741,27.1842
2006-11-08,27.5041,27.209
2006-11-09,27.5522,27.2399
2006-11-10,27.5654,27.2587
2006-11-11,27.5614,27.2694
2006-11-12,27.6351,27.2936
2006-11-13,27.7867,27.3035
2006-11-14,27.8316,27.3125
2006-11-15,27.8167,27.33
2006-11-16,27.8022,27.3378
2006-11-17,27.8426,27.3411
2006-11-18,27.7967,27.3222
2006-11-19,27.6849,27.3278
2006-11-20,27.6105,27.3197
2006-11-21,27.6518,27.3222
2006-11-22,27.7995,27.3346
2006-11-23,27.8276,27.3289
2006-11-24,27.6797,27.3192
2006-11-25,27.6581,27.3105
2006-11-26,27.7348,27.3101
2006-11-27,27.7296,27.318
2006-11-28,27.6055,27.3161
2006-11-29,27.6081,27.327
2006-11-30,27.6494,27.3354
2006-12-01,27.572,27.329
2006-12-02,27.7024,27.3308
2006-12-03,27.7351,27.3132
2006-12-04,27.7489,27.2918
2006-12-05,27.7161,27.2788
2006-12-06,27.8195,27.2909
2006-12-07,27.7929,27.2646
2006-12-08,27.6955,27.2584
2006-12-09,27.7095,27.2868
2006-12-10,27.7566,27.313
2006-12-11,27.734,27.3347
2006-12-12,27.7422,27.3509
2006-12-13,27.8006,27.346
2006-12-14,27.7624,27.333
2006-12-15,27.739,27.344
2006-12-16,27.785,27.3741
2006-12-17,27.7532,27.3714
2006-12-18,27.7264,27.3653
2006-12-19,27.7417,27.3645
2006-12-20,27.7709,27.3611
2006-12-21,27.7496,27.3517
2006-12-22,27.7844,27.3513
2006-12-23,27.8053,27.3517
2006-12-24,27.8343,27.37
2006-12-25,27.8547,27.3854
2006-12-26,27.7755,27.3636
2006-12-27,27.6843,27.3351
2006-12-28,27.6525,27.3309
2006-12-29,27.6775,27.3323
2006-12-30,27.5699,27.3273
2006-12-31,27.478,27.2959
2007-01-01,27.4733,27.3228
2007-01-02,27.4814,27.304
2007-01-03,27.5034,27.2754
2007-01-04,27.5407,27.2479
2007-01-05,27.5334,27.242
2007-01-06,27.4805,27.2465
2007-01-07,27.4847,27.2577
2007-01-08,27.475,27.2758
2007-01-09,27.4595,27.2844
2007-01-10,27.3822,27.2883
2007-01-11,27.3635,27.2837
2007-01-12,27.3642,27.2896
2007-01-13,27.3553,27.291
2007-01-14,27.3387,27.2817
2007-01-15,27.3815,27.2823
2007-01-16,27.41,27.293
2007-01-17,27.3382,27.3017
2007-01-18,27.2358,27.295
2007-01-19,27.1632,27.2845
2007-01-20,27.1142,27.2725
2007-01-21,27.0972,27.2809
2007-01-22,27.0344,27.298
2007-01-23,27.0242,27.2984
2007-01-24,27.0823,27.3274
2007-01-25,27.1655,27.3612
2007-01-26,27.1629,27.3759
2007-01-27,27.1643,27.3667
2007-01-28,27.1451,27.3471
2007-01-29,27.1414,27.3456
2007-01-30,27.0851,27.3549
2007-01-31,27.0467,27.39
2007-02-01,26.9704,27.3937
2007-02-02,27.0014,27.3908
2007-02-03,26.9953,27.3869
2007-02-04,26.9396,27.402
2007-02-05,26.9607,27.3979
2007-02-06,27.0052,27.3951
2007-02-07,26.9913,27.391
2007-02-08,26.953,27.4093
2007-02-09,26.889,27.4415
2007-02-10,26.8604,27.4584
2007-02-11,26.8886,27.4745
2007-02-12,26.8847,27.4954
2007-02-13,26.8256,27.5074
2007-02-14,26.7688,27.5073
2007-02-15,26.7194,27.5115
2007-02-16,26.669,27.4984
2007-02-17,26.621,27.4929
2007-02-18,26.6544,27.4984
2007-02-19,26.6792,27.5045
2007-02-20,26.6242,27.5041
2007-02-21,26.6132,27.5085
2007-02-22,26.6168,27.5092
2007-02-23,26.6565,27.5266
2007-02-24,26.6863,27.5282
2007-02-25,26.6892,27.5254
2007-02-26,26.6952,27.5144
2007-02-27,26.6877,27.5176
2007-02-28,26.6869,27.5194
2007-03-01,26.7482,27.5076
2007-03-02,26.8649,27.5014
2007-03-03,26.9439,27.5047
2007-03-04,27.0104,27.5228
2007-03-05,26.9967,27.5372
2007-03-06,26.9488,27.5426
2007-03-07,26.9555,27.5408
2007-03-08,26.9903,27.5591
2007-03-09,27.0156,27.589
2007-03-10,27.0237,27.6112
2007-03-11,27.0397,27.6467
2007-03-12,27.0847,27.6631
2007-03-13,27.1418,27.6852
2007-03-14,27.1971,27.7033
2007-03-15,27.257,27.7296
2007-03-16,27.2976,27.7465
2007-03-17,27.2808,27.741
2007-03-18,27.2729,27.7157
2007-03-19,27.2493,27.6928
2007-03-20,27.2449,27.6802
2007-03-21,27.2715,27.6686
2007-03-22,27.2589,27.672
2007-03-23,27.2329,27.6986
2007-03-24,27.2381,27.7051
2007-03-25,27.2498,27.6968
2007-03-26,27.259,27.6962
2007-03-27,27.2421,27.6909
2007-03-28,27.2695,27.6818
2007-03-29,27.282,27.6874
2007-03-30,27.2594,27.6906
2007-03-31,27.1996,27.7013
2007-04-01,27.2225,27.7349
2007-04-02,27.2825,27.7647
2007-04-03,27.3609,27.7917
2007-04-04,27.4585,27.8162
2007-04-05,27.6203,27.8483
2007-04-06,27.8635,27.8785
2007-04-07,27.9537,27.8965
2007-04-08,27.9747,27.9089
2007-04-09,27.9632,27.9279
2007-04-10,27.9598,27.9306
2007-04-11,27.8973,27.9255
2007-04-12,27.8542,27.9119
2007-04-13,27.8471,27.9174
2007-04-14,27.7987,27.9285
2007-04-15,27.7518,27.9284
2007-04-16,27.7402,27.9188
2007-04-17,27.7573,27.9104
2007-04-18,27.804,27.8958
2007-04-19,27.8042,27.9005
2007-04-20,27.7823,27.8957
2007-04-21,27.7269,27.8979
2007-04-22,27.7046,27.9028
2007-04-23,27.6891,27.8882
2007-04-24,27.6555,27.8735
2007-04-25,27.5913,27.8708
2007-04-26,27.5981,27.8662
2007-04-27,27.545,27.8513
2007-04-28,27.5113,27.8327
2007-04-29,27.4744,27.8078
2007-04-30,27.4175,27.7797
2007-05-01,27.2742,27.7723
2007-05-02,27.2394,27.7759
2007-05-03,27.2151,27.772
2007-05-04,27.2434,27.762
2007-05-05,27.2816,27.758
2007-05-06,27.2771,27.7621
2007-05-07,27.2451,27.7381
2007-05-08,27.2558,27.7125
2007-05-09,27.2786,27.6974
2007-05-10,27.278,27.6933
2007-05-11,27.2887,27.6924
2007-05-12,27.2727,27.6898
2007-05-13,27.2053,27.6687
2007-05-14,27.2273,27.6601
2007-05-15,27.3108,27.6587
2007-05-16,27.3944,27.6684
2007-05-17,27.4033,27.6803
2007-05-18,27.4252,27.6984
2007-05-19,27.4916,27.7162
2007-05-20,27.5268,27.7288
2007-05-21,27.5922,27.7298
2007-05-22,27.6175,27.7299
2007-05-23,27.6539,27.7164
2007-05-24,27.6838,27.6988
2007-05-25,27.6748,27.6829
2007-05-26,27.637,27.6669
2007-05-27,27.6588,27.6381
2007-05-28,27.684,27.6044
2007-05-29,27.6722,27.5873
2007-05-30,27.6293,27.582
2007-05-31,27.6112,27.5602
2007-06-01,27.5889,27.5407
2007-06-02,27.5633,27.5039
2007-06-03,27.5337,27.4875
2007-06-04,27.5086,27.4726
2007-06-05,27.4574,27.4592
2007-06-06,27.4982,27.459
2007-06-07,27.5423,27.4646
2007-06-08,27.623,27.4674
2007-06-09,27.6468,27.4659
2007-06-10,27.6703,27.4659
2007-06-11,27.7024,27.4649
2007-06-12,27.7651,27.4696
2007-06-13,27.8236,27.4718
2007-06-14,27.8233,27.4701
2007-06-15,27.783,27.4559
2007-06-16,27.7267,27.4426
2007-06-17,27.6558,27.4155
2007-06-18,27.5616,27.3801
2007-06-19,27.5134,27.3538
2007-06-20,27.5069,27.3103
2007-06-21,27.5282,27.2856
2007-06-22,27.525,27.2657
2007-06-23,27.5312,27.2333
2007-06-24,27.4628,27.2095
2007-06-25,27.4133,27.2001
2007-06-26,27.3806,27.1654
2007-06-27,27.3634,27.1444
2007-06-28,27.2669,27.1082
2007-06-29,27.2324,27.0817
2007-06-30,27.1995,27.0617
2007-07-01,27.0898,27.0363
2007-07-02,26.9786,27.0115
2007-07-03,26.8791,27.0039
2007-07-04,26.787,26.9971
2007-07-05,26.7535,26.9984
2007-07-06,26.849,26.9974
2007-07-07,26.8983,26.9744
2007-07-08,26.9116,26.9384
2007-07-09,26.8573,26.907
2007-07-10,26.7497,26.8727
2007-07-11,26.6972,26.8274
2007-07-12,26.7073,26.8034
2007-07-13,26.8023,26.7888
2007-07-14,26.8569,26.7598
2007-07-15,26.9334,26.7433
2007-07-16,27.0104,26.7442
2007-07-17,27.0155,26.7337
2007-07-18,26.9863,26.7325
2007-07-19,26.9846,26.7326
2007-07-20,26.992,26.7211
2007-07-21,26.9674,26.7152
2007-07-22,26.9312,26.6977
2007-07-23,26.942,26.675
2007-07-24,26.8785,26.6682
2007-07-25,26.8003,26.6644
2007-07-26,26.7326,26.6653
2007-07-27,26.6136,26.656
2007-07-28,26.558,26.6376
2007-07-29,26.5281,26.637
2007-07-30,26.525,26.6339
2007-07-31,26.4781,26.6207
2007-08-01,26.3976,26.5996
2007-08-02,26.4248,26.5782
2007-08-03,26.5341,26.5714
2007-08-04,26.5765,26.5701
2007-08-05,26.478,26.5577
2007-08-06,26.3866,26.5433
2007-08-07,26.313,26.5241
2007-08-08,26.2519,26.5082
2007-08-09,26.2811,26.4942
2007-08-10,26.3685,26.488
2007-08-11,26.4067,26.4846
2007-08-12,26.4196,26.491
2007-08-13,26.4095,26.5044
2007-08-14,26.3553,26.5109
2007-08-15,26.3433,26.5183
2007-08-16,26.2965,26.4968
2007-08-17,26.2805,26.4615
2007-08-18,26.2547,26.4367
2007-08-19,26.2533,26.4342
2007-08-20,26.2451,26.4484
2007-08-21,26.1682,26.4724
2007-08-22,26.112,26.4956
2007-08-23,26.1046,26.4977
2007-08-24,26.1221,26.4981
2007-08-25,26.1126,26.5102
2007-08-26,26.0753,26.5084
2007-08-27,26.0394,26.4885
2007-08-28,26.0478,26.496
2007-08-29,26.1028,26.4955
2007-08-30,26.0728,26.4888
2007-08-31,26.0411,26.4942
2007-09-01,26.0082,26.5112
2007-09-02,25.9516,26.5454
2007-09-03,25.9257,26.5684
2007-09-04,25.9792,26.5844
2007-09-05,26.015,26.5819
2007-09-06,26.0404,26.5866
2007-09-07,25.9776,26.5924
2007-09-08,25.9115,26.5845
2007-09-09,25.9146,26.5923
2007-09-10,25.8888,26.5938
2007-09-11,25.8725,26.6039
2007-09-12,25.9037,26.6081
2007-09-13,25.9878,26.6216
2007-09-14,26.0458,26.6443
2007-09-15,26.0814,26.6559
2007-09-16,26.0748,26.67
2007-09-17,26.0497,26.6637
2007-09-18,26.0265,26.663
2007-09-19,25.9402,26.6517
2007-09-20,25.8435,26.6417
2007-09-21,25.7418,26.636
2007-09-22,25.6705,26.6345
2007-09-23,25.6624,26.6316
2007-09-24,25.6611,26.6248
2007-09-25,25.6725,26.6179
2007-09-26,25.6107,26.5965
2007-09-27,25.5043,26.575
2007-09-28,25.4322,26.5465
2007-09-29,25.4016,26.5185
2007-09-30,25.3269,26.5042
2007-10-01,25.3272,26.5042
2007-10-02,25.304,26.5068
2007-10-03,25.2572,26.5422
2007-10-04,25.2064,26.5803
2007-10-05,25.1955,26.6018
2007-10-06,25.2,26.61
2007-10-07,25.2449,26.6247
2007-10-08,25.2873,26.6541
2007-10-09,25.3842,26.6668
2007-10-10,25.4373,26.6698
2007-10-11,25.4354,26.6909
2007-10-12,25.4075,26.7302
2007-10-13,25.3918,26.7468
2007-10-14,25.3957,26.7484
2007-10-15,25.4115,26.7297
2007-10-16,25.4888,26.7253
2007-10-17,25.6033,26.7365
2007-10-18,25.6795,26.7402
2007-10-19,25.7205,26.7543
2007-10-20,25.7373,26.7629
2007-10-21,25.7692,26.7794
2007-10-22,25.8035,26.7921
2007-10-23,25.8088,26.8025
2007-10-24,25.8237,26.8015
2007-10-25,25.794,26.789
2007-10-26,25.7142,26.7773
2007-10-27,25.639,26.7797
2007-10-28,25.5839,26.7775
2007-10-29,25.5973,26.7714
2007-10-30,25.6311,26.7605
2007-10-31,25.6028,26.7533
2007-11-01,25.5313,26.7461
2007-11-02,25.4706,26.7324
2007-11-03,25.4057,26.7286
2007-11-04,25.3139,26.7309
2007-11-05,25.2196,26.7416
2007-11-06,25.2286,26.757
2007-11-07,25.2564,26.7602
2007-11-08,25.3106,26.7726
2007-11-09,25.3409,26.7804
2007-11-10,25.3679,26.7824
2007-11-11,25.4228,26.7773
2007-11-12,25.3912,26.7731
2007-11-13,25.3402,26.7582
2007-11-14,25.3013,26.7248
2007-11-15,25.2923,26.7182
2007-11-16,25.2169,26.719
2007-11-17,25.1617,26.72
2007-11-18,25.1435,26.7195
2007-11-19,25.1883,26.7216
2007-11-20,25.2658,26.7458
2007-11-21,25.3273,26.7557
2007-11-22,25.3525,26.7725
2007-11-23,25.3913,26.7811
2007-11-24,25.4375,26.7954
2007-11-25,25.4276,26.7961
2007-11-26,25.396,26.7941
2007-11-27,25.349,26.792
2007-11-28,25.3287,26.788
2007-11-29,25.3771,26.7855
2007-11-30,25.4202,26.7834
2007-12-01,25.479,26.7956
2007-12-02,25.4803,26.8293
2007-12-03,25.4879,26.864
2007-12-04,25.4684,26.8724
2007-12-05,25.4551,26.8666
2007-12-06,25.4928,26.8558
2007-12-07,25.4478,26.8551
2007-12-08,25.3973,26.8548
2007-12-09,25.3591,26.8697
2007-12-10,25.3128,26.8798
2007-12-11,25.2543,26.8704
2007-12-12,25.2146,26.8574
2007-12-13,25.2509,26.849
2007-12-14,25.3255,26.8337
2007-12-15,25.3961,26.813
2007-12-16,25.3949,26.7902
2007-12-17,25.3592,26.7698
2007-12-18,25.3839,26.7715
2007-12-19,25.3581,26.7573
2007-12-20,25.381,26.7507
2007-12-21,25.4322,26.7565
2007-12-22,25.5289,26.76
2007-12-23,25.5911,26.7683
2007-12-24,25.5925,26.7676
2007-12-25,25.5985,26.768
2007-12-26,25.5742,26.7816
2007-12-27,25.4978,26.788
2007-12-28,25.3592,26.7811
2007-12-29,25.2582,26.7588
2007-12-30,25.195,26.7268
2007-12-31,25.1549,26.717
2008-01-01,25.0608,26.6924
2008-01-02,24.9222,26.6654
2008-01-03,24.8327,26.6477
2008-01-04,24.7569,26.6348
2008-01-05,24.7448,26.6546
2008-01-06,24.7922,26.6784
2008-01-07,24.8122,26.6984
2008-01-08,24.8081,26.7194
2008-01-09,24.7454,26.7333
2008-01-10,24.6539,26.7495
2008-01-11,24.5722,26.7616
2008-01-12,24.5516,26.7791
2008-01-13,24.6283,26.7995
2008-01-14,24.6897,26.823
2008-01-15,24.7269,26.8509
2008-01-16,24.7739,26.8439
2008-01-17,24.8098,26.8413
2008-01-18,24.8157,26.8374
2008-01-19,24.9025,26.8517
2008-01-20,24.9243,26.8634
2008-01-21,24.9653,26.8596
2008-01-22,24.9709,26.8499
2008-01-23,25.0018,26.8628
2008-01-24,25.0688,26.8869
2008-01-25,25.2095,26.9041
2008-01-26,25.2898,26.9159
2008-01-27,25.276,26.9247
2008-01-28,25.2463,26.9338
2008-01-29,25.2287,26.9519
2008-01-30,25.2896,26.9457
2008-01-31,25.3164,26.9396
2008-02-01,25.314,26.9491
2008-02-02,25.3388,26.9552
2008-02-03,25.3144,26.9555
2008-02-04,25.2756,26.949
2008-02-05,25.1887,26.9311
2008-02-06,25.1289,26.9122
2008-02-07,24.9895,26.8902
2008-02-08,24.8991,26.8843
2008-02-09,24.8293,26.8961
2008-02-10,24.7598,26.9053
2008-02-11,24.719,26.8978
2008-02-12,24.7365,26.8981
2008-02-13,24.777,26.9086
2008-02-14,24.8303,26.9534
2008-02-15,24.8984,26.998
2008-02-16,24.9474,27.0289
2008-02-17,25.0277,27.0508
2008-02-18,25.1553,27.069
2008-02-19,25.1948,27.084
2008-02-20,25.248,27.1077
2008-02-21,25.301,27.1127
2008-02-22,25.4225,27.1067
2008-02-23,25.4641,27.1084
2008-02-24,25.4113,27.1042
2008-02-25,25.3785,27.1168
2008-02-26,25.4241,27.1424
2008-02-27,25.506,27.1582
2008-02-28,25.6043,27.1634
2008-02-29,25.7505,27.1755
2008-03-01,25.8299,27.176
2008-03-02,25.8979,27.1894
2008-03-03,25.9822,27.2091
2008-03-04,26.0151,27.2274
2008-03-05,26.0294,27.2396
2008-03-06,26.0009,27.2331
2008-03-07,26.0286,27.2405
2008-03-08,26.0761,27.24
2008-03-09,26.1463,27.2548
2008-03-10,26.2286,27.2754
2008-03-11,26.2859,27.3016
2008-03-12,26.2952,27.3151
2008-03-13,26.2833,27.3375
2008-03-14,26.2529,27.3639
2008-03-15,26.2683,27.3811
2008-03-16,26.2772,27.3965
2008-03-17,26.2708,27.4056
2008-03-18,26.2792,27.4146
2008-03-19,26.3104,27.4124
2008-03-20,26.3341,27.4294
2008-03-21,26.3642,27.4433
2008-03-22,26.3718,27.4411
2008-03-23,26.3674,27.4652
2008-03-24,26.3681,27.4988
2008-03-25,26.4505,27.5251
2008-03-26,26.4765,27.525
2008-03-27,26.4342,27.5152
2008-03-28,26.4932,27.5299
2008-03-29,26.5484,27.5492
2008-03-30,26.5882,27.5665
2008-03-31,26.5958,27.5739
2008-04-01,26.6372,27.5853
2008-04-02,26.6808,27.5912
2008-04-03,26.7308,27.6021
2008-04-04,26.7305,27.5964
2008-04-05,26.7186,27.5971
2008-04-06,26.6999,27.6022
2008-04-07,26.7206,27.6238
2008-04-08,26.7754,27.6414
2008-04-09,26.8119,27.6536
2008-04-10,26.8148,27.6719
2008-04-11,26.878,27.6598
2008-04-12,26.8721,27.6543
2008-04-13,26.8462,27.6579
2008-04-14,26.8499,27.6392
2008-04-15,26.8326,27.6275
2008-04-16,26.857,27.6283
2008-04-17,26.957,27.623
2008-04-18,27.0076,27.63
2008-04-19,27.0474,27.6352
2008-04-20,27.0036,27.6413
2008-04-21,27.005,27.6377
2008-04-22,27.0438,27.6434
2008-04-23,27.0841,27.6452
2008-04-24,27.107,27.6494
2008-04-25,27.0933,27.6521
2008-04-26,27.1591,27.654
2008-04-27,27.2364,27.6591
2008-04-28,27.3155,27.6484
2008-04-29,27.3766,27.6364
2008-04-30,27.3468,27.6266
2008-05-01,27.3115,27.6205
2008-05-02,27.3267,27.6318
2008-05-03,27.3071,27.6374
2008-05-04,27.1934,27.6135
2008-05-05,27.057,27.6044
2008-05-06,27.0306,27.6058
2008-05-07,27.0303,27.5956
2008-05-08,27.0366,27.587
2008-05-09,27.0251,27.5708
2008-05-10,26.9956,27.5662
2008-05-11,26.9656,27.5628
2008-05-12,27.004,27.5736
2008-05-13,27.0515,27.585
2008-05-14,27.0814,27.5784
2008-05-15,27.102,27.5894
2008-05-16,27.1218,27.6132
2008-05-17,27.1513,27.6271
2008-05-18,27.1829,27.6368
2008-05-19,27.2054,27.6469
2008-05-20,27.2654,27.6484
2008-05-21,27.3544,27.6375
2008-05-22,27.4209,27.6276
2008-05-23,27.3562,27.6189
2008-05-24,27.2774,27.6037
2008-05-25,27.2124,27.5657
2008-05-26,27.1964,27.5318
2008-05-27,27.2338,27.4982
2008-05-28,27.2256,27.4659
2008-05-29,27.1728,27.4435
2008-05-30,27.1439,27.4218
2008-05-31,27.1304,27.4051
2008-06-01,27.1921,27.3848
2008-06-02,27.2183,27.3677
2008-06-03,27.1947,27.3598
2008-06-04,27.1505,27.3402
2008-06-05,27.1533,27.3187
2008-06-06,27.1607,27.2963
2008-06-07,27.128,27.2626
2008-06-08,27.0376,27.2162
2008-06-09,26.9681,27.1876
2008-06-10,26.912,27.161
2008-06-11,26.9615,27.1599
2008-06-12,26.9829,27.155
2008-06-13,26.9972,27.1595
2008-06-14,26.9648,27.1564
2008-06-15,26.8732,27.1316
2008-06-16,26.8763,27.1114
2008-06-17,26.9283,27.083
2008-06-18,26.9725,27.0693
2008-06-19,26.996,27.0609
2008-06-20,27.033,27.0392
2008-06-21,26.987,27.0056
2008-06-22,26.919,26.9737
2008-06-23,26.9779,26.9521
2008-06-24,27.0134,26.9384
2008-06-25,27.0267,26.932
2008-06-26,27.0518,26.906
2008-06-27,27.0785,26.8931
2008-06-28,27.0939,26.8921
2008-06-29,27.1167,26.8792
2008-06-30,27.0912,26.8728
2008-07-01,27.1066,26.8636
2008-07-02,27.1489,26.8574
2008-07-03,27.1637,26.8639
2008-07-04,27.1371,26.8657
2008-07-05,27.1245,26.8551
2008-07-06,27.1465,26.8613
2008-07-07,27.1159,26.8553
2008-07-08,27.0871,26.8412
2008-07-09,27.0984,26.8192
2008-07-10,27.0843,26.806
2008-07-11,27.0633,26.8058
2008-07-12,27.0812,26.7971
2008-07-13,27.0852,26.7866
2008-07-14,27.0651,26.7635
2008-07-15,27.0231,26.7633
2008-07-16,26.9409,26.7479
2008-07-17,26.8905,26.7386
2008-07-18,26.8449,26.7174
2008-07-19,26.8077,26.6965
2008-07-20,26.812,26.6773
2008-07-21,26.804,26.662
2008-07-22,26.794,26.6508
2008-07-23,26.7893,26.6431
2008-07-24,26.8433,26.6387
2008-07-25,26.8614,26.6349
2008-07-26,26.8716,26.6046
2008-07-27,26.8965,26.6015
2008-07-28,26.9137,26.6068
2008-07-29,26.9029,26.6059
2008-07-30,26.9055,26.5888
2008-07-31,26.8948,26.5664
2008-08-01,26.9419,26.5692
2008-08-02,26.9435,26.579
2008-08-03,26.9424,26.5932
2008-08-04,26.9118,26.6026
2008-08-05,26.9094,26.6148
2008-08-06,26.9642,26.6165
2008-08-07,26.9811,26.6088
2008-08-08,27.0192,26.6144
2008-08-09,27.0692,26.6268
2008-08-10,27.0624,26.6361
2008-08-11,27.029,26.6313
2008-08-12,26.9092,26.6136
2008-08-13,26.8341,26.5958
2008-08-14,26.7864,26.6042
2008-08-15,26.7525,26.6103
2008-08-16,26.6711,26.6038
2008-08-17,26.6002,26.5862
2008-08-18,26.5617,26.5604
2008-08-19,26.5715,26.5515
2008-08-20,26.59,26.5381
2008-08-21,26.6566,26.5361
2008-08-22,26.7017,26.5268
2008-08-23,26.6576,26.5172
2008-08-24,26.5972,26.5167
2008-08-25,26.5744,26.5343
2008-08-26,26.5669,26.5521
2008-08-27,26.5626,26.5844
2008-08-28,26.5276,26.6165
2008-08-29,26.5244,26.6257
2008-08-30,26.5792,26.6276
2008-08-31,26.5772,26.6416
2008-09-01,26.5451,26.6473
2008-09-02,26.5726,26.6438
2008-09-03,26.5863,26.6448
2008-09-04,26.5734,26.6567
2008-09-05,26.5852,26.6626
2008-09-06,26.5952,26.6642
2008-09-07,26.5731,26.6855
2008-09-08,26.6274,26.6913
2008-09-09,26.607,26.6952
2008-09-10,26.5466,26.7007
2008-09-11,26.5312,26.7219
2008-09-12,26.5921,26.7456
2008-09-13,26.6369,26.763
2008-09-14,26.63,26.7989
2008-09-15,26.6558,26.8251
2008-09-16,26.6156,26.8474
2008-09-17,26.5345,26.8444
2008-09-18,26.4712,26.835
2008-09-19,26.3945,26.8195
2008-09-20,26.3954,26.8161
2008-09-21,26.3898,26.8105
2008-09-22,26.3408,26.8008
2008-09-23,26.2608,26.809
2008-09-24,26.1682,26.8091
2008-09-25,26.1084,26.8065
2008-09-26,26.093,26.7871
2008-09-27,26.1094,26.7752
2008-09-28,26.117,26.7666
2008-09-29,26.1101,26.7819
2008-09-30,26.1372,26.8022
2008-10-01,26.1533,26.8199
2008-10-02,26.1572,26.8311
2008-10-03,26.2366,26.8376
2008-10-04,26.3173,26.8592
2008-10-05,26.3634,26.8658
2008-10-06,26.3982,26.8697
2008-10-07,26.4186,26.8884
2008-10-08,26.421,26.9017
2008-10-09,26.4738,26.917
2008-10-10,26.4584,26.9277
2008-10-11,26.4347,26.9471
2008-10-12,26.4652,26.9548
2008-10-13,26.5095,26.973
2008-10-14,26.5587,26.9893
2008-10-15,26.5915,26.988
2008-10-16,26.5576,26.9894
2008-10-17,26.4561,26.9709
2008-10-18,26.4064,26.983
2008-10-19,26.4036,26.9831
2008-10-20,26.4228,26.984
2008-10-21,26.5002,27.0123
2008-10-22,26.5971,27.0342
2008-10-23,26.615,27.0406
2008-10-24,26.5843,27.0225
2008-10-25,26.6047,27.0075
2008-10-26,26.6368,27.0019
2008-10-27,26.6183,27.0107
2008-10-28,26.6028,27.0092
2008-10-29,26.6469,27.0207
2008-10-30,26.6988,27.0457
2008-10-31,26.7495,27.0679
2008-11-01,26.7144,27.0821
2008-11-02,26.6772,27.0972
2008-11-03,26.6695,27.1168
2008-11-04,26.6796,27.1255
2008-11-05,26.7089,27.133
2008-11-06,26.6793,27.1278
2008-11-07,26.6306,27.128
2008-11-08,26.6194,27.1268
2008-11-09,26.6157,27.1375
2008-11-10,26.6026,27.128
2008-11-11,26.5395,27.1243
2008-11-12,26.5041,27.1147
2008-11-13,26.5012,27.0985
2008-11-14,26.5299,27.0908
2008-11-15,26.5617,27.0804
2008-11-16,26.5858,27.0713
2008-11-17,26.5094,27.0532
2008-11-18,26.4209,27.0401
2008-11-19,26.3381,27.0442
2008-11-20,26.2381,27.0396
2008-11-21,26.1775,27.0291
2008-11-22,26.1623,27.0265
2008-11-23,26.1553,27.0173
2008-11-24,26.1112,27.0084
2008-11-25,26.0627,27.0123
2008-11-26,26.0031,27.0229
2008-11-27,26.0446,27.0222
2008-11-28,26.1255,27.037
2008-11-29,26.1135,27.0446
2008-11-30,26.0693,27.0551
2008-12-01,26.0547,27.0574
2008-12-02,26.0966,27.0516
2008-12-03,26.0953,27.0299
2008-12-04,26.0176,27.0151
2008-12-05,26.0193,27.0212
2008-12-06,25.9906,27.0127
2008-12-07,25.9378,27.006
2008-12-08,25.8107,27.0109
2008-12-09,25.7667,27.0068
2008-12-10,25.8139,27.013
2008-12-11,25.8178,27.0167
2008-12-12,25.8705,27.0259
2008-12-13,25.8668,27.0213
2008-12-14,25.8487,27.0274
2008-12-15,25.7304,27.0256
2008-12-16,25.6756,27.0352
2008-12-17,25.7208,27.0475
2008-12-18,25.776,27.055
2008-12-19,25.7368,27.0359
2008-12-20,25.7103,27.0168
2008-12-21,25.6576,27.0049
2008-12-22,25.6026,27.0082
2008-12-23,25.62,27.0073
2008-12-24,25.6337,27.0161
2008-12-25,25.5872,27.0194
2008-12-26,25.532,27.0119
2008-12-27,25.4774,27.0178
2008-12-28,25.4391,27.019
2008-12-29,25.4619,27.0313
2008-12-30,25.4729,27.0336
2008-12-31,25.4716,27.0435
2009-01-01,25.4444,27.0564
2009-01-02,25.4834,27.0924
2009-01-03,25.5476,27.1243
2009-01-04,25.5924,27.1337
2009-01-05,25.6344,27.1275
2009-01-06,25.6517,27.1053
2009-01-07,25.6195,27.0876
2009-01-08,25.5848,27.0793
2009-01-09,25.4999,27.0669
2009-01-10,25.4115,27.0609
2009-01-11,25.4091,27.0557
2009-01-12,25.4296,27.054
2009-01-13,25.5034,27.0372
2009-01-14,25.5226,27.0024
2009-01-15,25.6629,26.9834
2009-01-16,25.7392,26.9704
2009-01-17,25.7539,26.9659
2009-01-18,25.8434,26.9786
2009-01-19,25.8876,26.9865
2009-01-20,25.9012,27.0012
2009-01-21,25.929,27.0266
2009-01-22,25.9763,27.0577
2009-01-23,25.9447,27.0727
2009-01-24,25.8957,27.069
2009-01-25,25.8484,27.0677
2009-01-26,25.8215,27.0667
2009-01-27,25.812,27.0671
2009-01-28,25.7738,27.0741
2009-01-29,25.7621,27.08
2009-01-30,25.752,27.0903
2009-01-31,25.7684,27.0913
2009-02-01,25.7796,27.0924
2009-02-02,25.7567,27.1042
2009-02-03,25.7586,27.108
2009-02-04,25.7819,27.098
2009-02-05,25.7892,27.0839
2009-02-06,25.706,27.0638
2009-02-07,25.6341,27.0511
2009-02-08,25.6144,27.0485
2009-02-09,25.6861,27.0572
2009-02-10,25.8327,27.0839
2009-02-11,25.9842,27.1209
2009-02-12,26.0719,27.1505
2009-02-13,26.1205,27.1537
2009-02-14,26.1548,27.1455
2009-02-15,26.1854,27.1525
2009-02-16,26.2212,27.1656
2009-02-17,26.2642,27.1828
2009-02-18,26.2753,27.1944
2009-02-19,26.3178,27.2147
2009-02-20,26.3706,27.2377
2009-02-21,26.4284,27.2613
2009-02-22,26.4642,27.2842
2009-02-23,26.4759,27.3059
2009-02-24,26.486,27.3288
2009-02-25,26.4607,27.3487
2009-02-26,26.4277,27.3721
2009-02-27,26.3775,27.3715
2009-02-28,26.3424,27.3603
2009-03-01,26.312,27.36
2009-03-02,26.2709,27.3638
2009-03-03,26.2475,27.3649
2009-03-04,26.2248,27.3433
2009-03-05,26.2036,27.3366
2009-03-06,26.2397,27.3166
2009-03-07,26.2662,27.3084
2009-03-08,26.2649,27.3292
2009-03-09,26.2709,27.3579
2009-03-10,26.2904,27.3899
2009-03-11,26.3617,27.426
2009-03-12,26.4434,27.4733
2009-03-13,26.546,27.5118
2009-03-14,26.5985,27.5297
2009-03-15,26.599,27.5412
2009-03-16,26.5852,27.5514
2009-03-17,26.5642,27.5836
2009-03-18,26.5389,27.596
2009-03-19,26.4996,27.6124
2009-03-20,26.4432,27.6312
2009-03-21,26.4351,27.6542
2009-03-22,26.4956,27.6831
2009-03-23,26.6679,27.7217
2009-03-24,26.7757,27.7455
2009-03-25,26.8958,27.7392
2009-03-26,26.9859,27.751
2009-03-27,27.0561,27.7798
2009-03-28,27.1755,27.8313
2009-03-29,27.2284,27.8334
2009-03-30,27.2502,27.8246
2009-03-31,27.2441,27.8162
2009-04-01,27.2052,27.8091
2009-04-02,27.2159,27.8039
2009-04-03,27.2497,27.8014
2009-04-04,27.3226,27.8112
2009-04-05,27.3933,27.832
2009-04-06,27.5504,27.8535
2009-04-07,27.6437,27.8647
2009-04-08,27.6583,27.858
2009-04-09,27.622,27.853
2009-04-10,27.5954,27.86
2009-04-11,27.6657,27.8702
2009-04-12,27.7178,27.8638
2009-04-13,27.7612,27.8562
2009-04-14,27.7485,27.8449
2009-04-15,27.7428,27.8286
2009-04-16,27.7591,27.8296
2009-04-17,27.7692,27.837
2009-04-18,27.7232,27.8584
2009-04-19,27.7047,27.8865
2009-04-20,27.7322,27.8936
2009-04-21,27.7665,27.8872
2009-04-22,27.7234,27.8603
2009-04-23,27.6636,27.8505
2009-04-24,27.6279,27.8552
2009-04-25,27.5838,27.8754
2009-04-26,27.58,27.882
2009-04-27,27.6429,27.8959
2009-04-28,27.7618,27.9025
2009-04-29,27.8108,27.9044
2009-04-30,27.8647,27.9132
2009-05-01,27.8487,27.916
2009-05-02,27.8057,27.9247
2009-05-03,27.8046,27.9222
2009-05-04,27.8156,27.9229
2009-05-05,27.8119,27.9098
2009-05-06,27.794,27.9178
2009-05-07,27.7895,27.9083
2009-05-08,27.7891,27.8908
2009-05-09,27.8556,27.88
2009-05-10,27.8477,27.8636
2009-05-11,27.8899,27.8369
2009-05-12,27.9496,27.8215
2009-05-13,28.1382,27.8321
2009-05-14,28.1746,27.821
2009-05-15,28.1228,27.8051
2009-05-16,28.1309,27.802
2009-05-17,28.2342,27.807
2009-05-18,28.2485,27.8265
2009-05-19,28.2358,27.8388
2009-05-20,28.2403,27.8612
2009-05-21,28.2584,27.8744
2009-05-22,28.2687,27.8901
2009-05-23,28.2696,27.8894
2009-05-24,28.2462,27.8788
2009-05-25,28.2365,27.8781
2009-05-26,28.252,27.8599
2009-05-27,28.3247,27.8383
2009-05-28,28.2682,27.818
2009-05-29,28.1906,27.7954
2009-05-30,28.0222,27.7786
2009-05-31,27.8425,27.763
2009-06-01,27.7549,27.7309
2009-06-02,27.7765,27.7194
2009-06-03,27.9253,27.7016
2009-06-04,28.0148,27.6697
2009-06-05,28.0091,27.6634
2009-06-06,27.9613,27.6412
2009-06-07,27.9,27.6206
2009-06-08,27.8371,27.6029
2009-06-09,27.8481,27.5925
2009-06-10,27.902,27.5905
2009-06-11,28.0096,27.5931
2009-06-12,28.1361,27.5826
2009-06-13,28.24,27.5642
2009-06-14,28.232,27.5465
2009-06-15,28.1998,27.5394
2009-06-16,28.1713,27.5282
2009-06-17,28.1704,27.5256
2009-06-18,28.2307,27.5361
2009-06-19,28.3404,27.5453
2009-06-20,28.3741,27.5295
2009-06-21,28.3086,27.5217
2009-06-22,28.209,27.5046
2009-06-23,28.1863,27.4863
2009-06-24,28.2781,27.4772
2009-06-25,28.2809,27.4591
2009-06-26,28.1762,27.4395
2009-06-27,28.1409,27.4413
2009-06-28,28.1284,27.4433
2009-06-29,28.1992,27.4342
2009-06-30,28.1801,27.4165
2009-07-01,28.1308,27.377
2009-07-02,28.0963,27.3482
2009-07-03,28.0993,27.322
2009-07-04,28.0331,27.2872
2009-07-05,27.991,27.2509
2009-07-06,27.9459,27.2198
2009-07-07,28.018,27.2194
2009-07-08,28.067,27.1994
2009-07-09,28.0263,27.1734
2009-07-10,27.9251,27.1593
2009-07-11,27.7948,27.1306
2009-07-12,27.7261,27.0997
2009-07-13,27.6346,27.0657
2009-07-14,27.5876,27.0365
2009-07-15,27.5553,27.0071
2009-07-16,27.5976,26.9802
2009-07-17,27.6702,26.9575
2009-07-18,27.718,26.9551
2009-07-19,27.7774,26.9694
2009-07-20,27.7954,26.991
2009-07-21,27.736,27.003
2009-07-22,27.7298,27.0125
2009-07-23,27.7166,27.0124
2009-07-24,27.7086,27.006
2009-07-25,27.6606,26.9942
2009-07-26,27.6826,26.9624
2009-07-27,27.6383,26.9454
2009-07-28,27.6143,26.9369
2009-07-29,27.61,26.9212
2009-07-30,27.6059,26.8971
2009-07-31,27.5732,26.8902
2009-08-01,27.6099,26.8875
2009-08-02,27.6229,26.8916
2009-08-03,27.6382,26.8752
2009-08-04,27.6069,26.8643
2009-08-05,27.5901,26.8575
2009-08-06,27.5847,26.8457
2009-08-07,27.5169,26.8325
2009-08-08,27.4581,26.8319
2009-08-09,27.4734,26.8288
2009-08-10,27.5442,26.8406
2009-08-11,27.5708,26.8494
2009-08-12,27.6011,26.8536
2009-08-13,27.5966,26.8573
2009-08-14,27.5841,26.857
2009-08-15,27.5984,26.8697
2009-08-16,27.5937,26.868
2009-08-17,27.5643,26.8781
2009-08-18,27.5216,26.8742
2009-08-19,27.5029,26.8703
2009-08-20,27.4788,26.8674
2009-08-21,27.4421,26.882
2009-08-22,27.4187,26.8795
2009-08-23,27.4288,26.8851
2009-08-24,27.432,26.892
2009-08-25,27.4653,26.8984
2009-08-26,27.5106,26.9007
2009-08-27,27.557,26.8951
2009-08-28,27.5497,26.8858
2009-08-29,27.5139,26.8962
2009-08-30,27.443,26.8939
2009-08-31,27.399,26.9026
2009-09-01,27.3943,26.9155
2009-09-02,27.4391,26.9307
2009-09-03,27.5,26.9277
2009-09-04,27.4757,26.9216
2009-09-05,27.446,26.9098
2009-09-06,27.4324,26.9075
2009-09-07,27.4057,26.8905
2009-09-08,27.4321,26.8809
2009-09-09,27.5433,26.8748
2009-09-10,27.5854,26.8673
2009-09-11,27.5281,26.866
2009-09-12,27.4756,26.8545
2009-09-13,27.3759,26.8561
2009-09-14,27.3488,26.8699
2009-09-15,27.4049,26.8782
2009-09-16,27.4714,26.8854
2009-09-17,27.4791,26.8871
2009-09-18,27.4672,26.8869
2009-09-19,27.4647,26.9063
2009-09-20,27.4594,26.9189
2009-09-21,27.4327,26.9205
2009-09-22,27.4404,26.9295
2009-09-23,27.4573,26.946
2009-09-24,27.4582,26.9627
2009-09-25,27.4042,26.9755
2009-09-26,27.3565,26.9868
2009-09-27,27.279,26.9755
2009-09-28,27.2141,26.9513
2009-09-29,27.1953,26.9417
2009-09-30,27.1696,26.9376
2009-10-01,27.1459,26.9469
2009-10-02,27.1871,26.9664
2009-10-03,27.2549,26.9827
2009-10-04,27.3002,27.0031
2009-10-05,27.3316,27.017
2009-10-06,27.355,27.0222
2009-10-07,27.3534,27.0307
2009-10-08,27.353,27.0429
2009-10-09,27.3258,27.0414
2009-10-10,27.2989,27.0407
2009-10-11,27.2825,27.0607
2009-10-12,27.2779,27.0895
2009-10-13,27.3589,27.1171
2009-10-14,27.4042,27.1479
2009-10-15,27.4382,27.1816
2009-10-16,27.5594,27.2056
2009-10-17,27.6829,27.2232
2009-10-18,27.6768,27.2255
2009-10-19,27.6961,27.2217
2009-10-20,27.6616,27.2175
2009-10-21,27.6442,27.2343
2009-10-22,27.7312,27.2567
2009-10-23,27.8394,27.2666
2009-10-24,27.9594,27.277
2009-10-25,28.0875,27.3023
2009-10-26,28.1426,27.3237
2009-10-27,28.1449,27.3183
2009-10-28,28.1542,27.3223
2009-10-29,28.1135,27.3431
2009-10-30,28.124,27.3595
2009-10-31,28.1837,27.3874
2009-11-01,28.2884,27.3977
2009-11-02,28.3094,27.3927
2009-11-03,28.3684,27.3813
2009-11-04,28.4033,27.3716
2009-11-05,28.404,27.3689
2009-11-06,28.3929,27.3705
2009-11-07,28.2929,27.3582
2009-11-08,28.1444,27.3498
2009-11-09,28.0187,27.3511
2009-11-10,28.0419,27.3544
2009-11-11,28.0823,27.357
2009-11-12,28.1352,27.3625
2009-11-13,28.1762,27.3738
2009-11-14,28.2526,27.3772
2009-11-15,28.3088,27.3811
2009-11-16,28.3283,27.3973
2009-11-17,28.2938,27.411
2009-11-18,28.2528,27.399
2009-11-19,28.2092,27.4048
2009-11-20,28.1902,27.412
2009-11-21,28.206,27.4009
2009-11-22,28.1533,27.3759
2009-11-23,28.1241,27.3637
2009-11-24,28.1795,27.3516
2009-11-25,28.2465,27.3613
2009-11-26,28.1691,27.3548
2009-11-27,28.1949,27.3664
2009-11-28,28.2769,27.3832
2009-11-29,28.2844,27.392
2009-11-30,28.2359,27.3978
2009-12-01,28.2422,27.401
2009-12-02,28.1938,27.4018
2009-12-03,28.1131,27.4122
2009-12-04,28.0829,27.4073
2009-12-05,28.2609,27.4247
2009-12-06,28.3314,27.4488
2009-12-07,28.3575,27.477
2009-12-08,28.3706,27.5066
2009-12-09,28.3652,27.5253
2009-12-10,28.2265,27.5216
2009-12-11,28.1613,27.5267
2009-12-12,28.1207,27.5297
2009-12-13,28.0425,27.5358
2009-12-14,28.053,27.5381
2009-12-15,28.1353,27.5504
2009-12-16,28.0831,27.5472
2009-12-17,28.0824,27.5469
2009-12-18,28.2394,27.5511
2009-12-19,28.5434,27.5521
2009-12-20,28.6426,27.5499
2009-12-21,28.6262,27.5374
2009-12-22,28.5618,27.5171
2009-12-23,28.4631,27.508
2009-12-24,28.431,27.5155
2009-12-25,28.4139,27.5138
2009-12-26,28.3577,27.5182
2009-12-27,28.3646,27.5158
2009-12-28,28.4675,27.5103
2009-12-29,28.5214,27.5022
2009-12-30,28.459,27.4861
2009-12-31,28.3968,27.4876
2010-01-01,28.2932,27.473
2010-01-02,28.2856,27.4642
2010-01-03,28.2901,27.4597
2010-01-04,28.3013,27.4544
2010-01-05,28.3477,27.4544
2010-01-06,28.416,27.4654
2010-01-07,28.3768,27.4652
2010-01-08,28.3151,27.4545
2010-01-09,28.3134,27.4443
2010-01-10,28.2977,27.4421
2010-01-11,28.2588,27.4394
2010-01-12,28.2566,27.4423
2010-01-13,28.3028,27.4422
2010-01-14,28.333,27.4471
2010-01-15,28.2665,27.4361
2010-01-16,28.1924,27.4435
2010-01-17,28.1318,27.4414
2010-01-18,28.0764,27.4265
2010-01-19,28.0023,27.4258
2010-01-20,27.9741,27.4248
2010-01-21,27.9648,27.4297
2010-01-22,27.9055,27.4299
2010-01-23,27.9117,27.4397
2010-01-24,27.9167,27.4598
2010-01-25,27.8743,27.4722
2010-01-26,27.8356,27.4899
2010-01-27,27.8177,27.5027
2010-01-28,27.7701,27.5038
2010-01-29,27.712,27.4961
2010-01-30,27.6927,27.4918
2010-01-31,27.7025,27.4889
2010-02-01,27.6773,27.4804
2010-02-02,27.6453,27.4771
2010-02-03,27.668,27.4759
2010-02-04,27.6931,27.4768
2010-02-05,27.7627,27.4974
2010-02-06,27.7593,27.5169
2010-02-07,27.796,27.5207
2010-02-08,27.8939,27.5247
2010-02-09,27.9324,27.5346
2010-02-10,27.95,27.5454
2010-02-11,27.9433,27.5665
2010-02-12,27.8958,27.587
2010-02-13,27.9234,27.6063
2010-02-14,27.9304,27.6251
2010-02-15,27.9317,27.6491
2010-02-16,27.9287,27.6633
2010-02-17,27.9217,27.6752
2010-02-18,27.9719,27.6858
2010-02-19,27.9905,27.6965
2010-02-20,28.0221,27.7241
2010-02-21,28.094,27.7447
2010-02-22,28.0785,27.7562
2010-02-23,28.0282,27.7727
2010-02-24,28.0002,27.7888
2010-02-25,27.9892,27.8004
2010-02-26,28.0391,27.8135
2010-02-27,28.0591,27.8209
2010-02-28,28.0762,27.8315
2010-03-01,28.1699,27.8555
2010-03-02,28.2001,27.8715
2010-03-03,28.2139,27.8851
2010-03-04,28.2034,27.8676
2010-03-05,28.1852,27.8628
2010-03-06,28.2225,27.8862
2010-03-07,28.2977,27.8905
2010-03-08,28.3961,27.881
2010-03-09,28.4617,27.8911
2010-03-10,28.4846,27.9104
2010-03-11,28.5432,27.9436
2010-03-12,28.5501,27.9715
2010-03-13,28.5408,27.9885
2010-03-14,28.5044,27.992
2010-03-15,28.48,27.99
2010-03-16,28.4431,28.0029
2010-03-17,28.4198,28.0264
2010-03-18,28.5469,28.0465
2010-03-19,28.5217,28.0547
2010-03-20,28.426,28.0568
2010-03-21,28.3164,28.0584
2010-03-22,28.3004,28.0558
2010-03-23,28.2953,28.0588
2010-03-24,28.2889,28.0664
2010-03-25,28.2881,28.0842
2010-03-26,28.3035,28.1063
2010-03-27,28.3482,28.124
2010-03-28,28.482,28.1533
2010-03-29,28.4737,28.1736
2010-03-30,28.4461,28.1937
2010-03-31,28.4376,28.2048
2010-04-01,28.4456,28.1983
2010-04-02,28.4328,28.1955
2010-04-03,28.4461,28.2211
2010-04-04,28.4329,28.2334
2010-04-05,28.416,28.2457
2010-04-06,28.4216,28.2712
2010-04-07,28.4501,28.296
2010-04-08,28.4675,28.3137
2010-04-09,28.5436,28.3035
2010-04-10,28.6511,28.3129
2010-04-11,28.5934,28.3187
2010-04-12,28.5302,28.3185
2010-04-13,28.4382,28.3179
2010-04-14,28.3902,28.3228
2010-04-15,28.4609,28.3123
2010-04-16,28.4881,28.3061
2010-04-17,28.4093,28.2989
2010-04-18,28.3408,28.2833
2010-04-19,28.2921,28.2815
2010-04-20,28.3063,28.2832
2010-04-21,28.3252,28.2739
2010-04-22,28.3399,28.2583
2010-04-23,28.3674,28.2469
2010-04-24,28.3801,28.248
2010-04-25,28.4017,28.2523
2010-04-26,28.3945,28.263
2010-04-27,28.3969,28.2771
2010-04-28,28.2701,28.2769
2010-04-29,28.2375,28.2704
2010-04-30,28.2547,28.2686
2010-05-01,28.2582,28.2531
2010-05-02,28.2229,28.2314
2010-05-03,28.0953,28.2039
2010-05-04,27.9577,28.1867
2010-05-05,27.8655,28.1802
2010-05-06,27.8017,28.1723
2010-05-07,27.7671,28.1782
2010-05-08,27.7386,28.1775
2010-05-09,27.6569,28.1609
2010-05-10,27.6454,28.1379
2010-05-11,27.6304,28.1142
2010-05-12,27.6361,28.1092
2010-05-13,27.6367,28.0978
2010-05-14,27.602,28.0714
2010-05-15,27.6227,28.0588
2010-05-16,27.667,28.0525
2010-05-17,27.7463,28.0511
2010-05-18,27.7541,28.0473
2010-05-19,27.7034,28.0411
2010-05-20,27.5812,28.0202
2010-05-21,27.4337,28.0025
2010-05-22,27.5299,28.0117
2010-05-23,27.6238,28.017
2010-05-24,27.6601,27.9903
2010-05-25,27.6761,27.9781
2010-05-26,27.6992,27.9636
2010-05-27,27.6782,27.9507
2010-05-28,27.6704,27.9368
2010-05-29,27.7311,27.9198
2010-05-30,27.7982,27.913
2010-05-31,27.7471,27.8867
2010-06-01,27.5953,27.8694
2010-06-02,27.4163,27.8342
2010-06-03,27.307,27.7772
2010-06-04,27.2985,27.7612
2010-06-05,27.3079,27.7501
2010-06-06,27.3127,27.7381
2010-06-07,27.2999,27.7309
2010-06-08,27.3071,27.7306
2010-06-09,27.2942,27.7156
2010-06-10,27.2867,27.6765
2010-06-11,27.2244,27.6385
2010-06-12,27.1549,27.6225
2010-06-13,27.089,27.5925
2010-06-14,27.0154,27.5637
2010-06-15,26.9761,27.5347
2010-06-16,26.9226,27.5054
2010-06-17,26.9079,27.4716
2010-06-18,26.9701,27.4468
2010-06-19,27.0302,27.409
2010-06-20,27.05,27.3873
2010-06-21,27.0412,27.363
2010-06-22,26.9745,27.3328
2010-06-23,26.9035,27.3186
2010-06-24,26.8743,27.2961
2010-06-25,26.8708,27.2804
2010-06-26,26.857,27.2658
2010-06-27,26.8854,27.2398
2010-06-28,26.9262,27.2222
2010-06-29,26.9138,27.2053
2010-06-30,26.8349,27.1859
2010-07-01,26.7458,27.1641
2010-07-02,26.6963,27.1519
2010-07-03,26.6413,27.157
2010-07-04,26.6776,27.1546
2010-07-05,26.7142,27.1478
2010-07-06,26.6799,27.1229
2010-07-07,26.6107,27.111
2010-07-08,26.5632,27.0972
2010-07-09,26.5438,27.0991
2010-07-10,26.5125,27.0857
2010-07-11,26.5649,27.0661
2010-07-12,26.6021,27.0431
2010-07-13,26.5901,27.0358
2010-07-14,26.5782,27.0112
2010-07-15,26.5841,26.9753
2010-07-16,26.5948,26.9598
2010-07-17,26.5278,26.9241
2010-07-18,26.4824,26.8973
2010-07-19,26.4234,26.8758
2010-07-20,26.3158,26.8465
2010-07-21,26.1366,26.8295
2010-07-22,25.9787,26.8271
2010-07-23,25.8719,26.805
2010-07-24,25.7367,26.7721
2010-07-25,25.6309,26.733
2010-07-26,25.604,26.7047
2010-07-27,25.6852,26.6956
2010-07-28,25.7302,26.6668
2010-07-29,25.7211,26.6622
2010-07-30,25.6674,26.6663
2010-07-31,25.6337,26.6682
2010-08-01,25.6255,26.6519
2010-08-02,25.6316,26.6275
2010-08-03,25.6034,26.6179
2010-08-04,25.5806,26.6232
2010-08-05,25.788,26.6384
2010-08-06,25.8449,26.6215
2010-08-07,25.8512,26.6061
2010-08-08,25.8539,26.5967
2010-08-09,25.8516,26.5859
2010-08-10,25.7984,26.5754
2010-08-11,25.7112,26.5563
2010-08-12,25.6762,26.5449
2010-08-13,25.6386,26.5227
2010-08-14,25.6146,26.513
2010-08-15,25.5089,26.4951
2010-08-16,25.4932,26.4926
2010-08-17,25.5596,26.5019
2010-08-18,25.6073,26.528
2010-08-19,25.629,26.5324
2010-08-20,25.6699,26.534
2010-08-21,25.6722,26.522
2010-08-22,25.6403,26.5067
2010-08-23,25.5493,26.498
2010-08-24,25.441,26.49
2010-08-25,25.3738,26.4974
2010-08-26,25.3438,26.5104
2010-08-27,25.3007,26.526
2010-08-28,25.2879,26.519
2010-08-29,25.309,26.5202
2010-08-30,25.3434,26.5301
2010-08-31,25.4299,26.5331
2010-09-01,25.4881,26.5299
2010-09-02,25.5103,26.5026
2010-09-03,25.4981,26.4902
2010-09-04,25.4742,26.4848
2010-09-05,25.4684,26.485
2010-09-06,25.492,26.4922
2010-09-07,25.4337,26.4928
2010-09-08,25.3366,26.5033
2010-09-09,25.3077,26.5139
2010-09-10,25.3003,26.5259
2010-09-11,25.3501,26.5332
2010-09-12,25.4027,26.5322
2010-09-13,25.4593,26.5353
2010-09-14,25.4532,26.5259
2010-09-15,25.3892,26.5201
2010-09-16,25.3172,26.5309
2010-09-17,25.2951,26.5468
2010-09-18,25.3395,26.5615
2010-09-19,25.3866,26.553
2010-09-20,25.4256,26.5457
2010-09-21,25.4548,26.5586
2010-09-22,25.427,26.5719
2010-09-23,25.3684,26.5666
2010-09-24,25.3189,26.5726
2010-09-25,25.2338,26.5841
2010-09-26,25.1541,26.5891
2010-09-27,25.0709,26.589
2010-09-28,25.0051,26.5954
2010-09-29,24.9556,26.5958
2010-09-30,24.9432,26.5899
2010-10-01,24.9178,26.5684
2010-10-02,24.9389,26.5813
2010-10-03,24.9601,26.5858
2010-10-04,25.0037,26.6098
2010-10-05,25.0184,26.6458
2010-10-06,24.9837,26.6683
2010-10-07,24.9473,26.6933
2010-10-08,24.8857,26.7164
2010-10-09,24.8628,26.7417
2010-10-10,24.9332,26.765
2010-10-11,25.0819,26.7908
2010-10-12,25.2118,26.8103
2010-10-13,25.3527,26.8244
2010-10-14,25.3762,26.8306
2010-10-15,25.3898,26.8377
2010-10-16,25.4147,26.8372
2010-10-17,25.4296,26.8407
2010-10-18,25.4554,26.8514
2010-10-19,25.4666,26.8642
2010-10-20,25.5262,26.8785
2010-10-21,25.5648,26.8663
2010-10-22,25.5761,26.8626
2010-10-23,25.5446,26.8515
2010-10-24,25.5359,26.8506
2010-10-25,25.4875,26.8556
2010-10-26,25.4796,26.8669
2010-10-27,25.5269,26.8649
2010-10-28,25.5446,26.8501
2010-10-29,25.5048,26.8341
2010-10-30,25.438,26.8246
2010-10-31,25.3383,26.8021
2010-11-01,25.2666,26.7994
2010-11-02,25.26,26.8105
2010-11-03,25.3098,26.806
2010-11-04,25.3868,26.8094
2010-11-05,25.4533,26.8047
2010-11-06,25.4699,26.8075
2010-11-07,25.4637,26.8136
2010-11-08,25.4542,26.8306
2010-11-09,25.4629,26.8511
2010-11-10,25.5028,26.8663
2010-11-11,25.5353,26.8743
2010-11-12,25.5943,26.8617
2010-11-13,25.5141,26.8552
2010-11-14,25.4456,26.8702
2010-11-15,25.3648,26.8855
2010-11-16,25.3131,26.8953
2010-11-17,25.2688,26.8992
2010-11-18,25.1996,26.9155
2010-11-19,25.1412,26.9312
2010-11-20,25.0622,26.939
2010-11-21,25.0562,26.9363
2010-11-22,25.1216,26.9262
2010-11-23,25.201,26.9226
2010-11-24,25.2252,26.9151
2010-11-25,25.2152,26.9144
2010-11-26,25.2268,26.9168
2010-11-27,25.215,26.9118
2010-11-28,25.2109,26.8978
2010-11-29,25.2736,26.9001
2010-11-30,25.3433,26.898
2010-12-01,25.4285,26.9069
2010-12-02,25.5561,26.9131
2010-12-03,25.6452,26.9042
2010-12-04,25.646,26.8985
2010-12-05,25.6365,26.8887
2010-12-06,25.6557,26.907
2010-12-07,25.5963,26.918
2010-12-08,25.5088,26.9143
2010-12-09,25.456,26.9149
2010-12-10,25.4555,26.9127
2010-12-11,25.5026,26.9101
2010-12-12,25.5205,26.9097
2010-12-13,25.5085,26.907
2010-12-14,25.45,26.8914
2010-12-15,25.3889,26.8672
2010-12-16,25.3199,26.8516
2010-12-17,25.2835,26.8471
2010-12-18,25.2713,26.85
2010-12-19,25.284,26.865
2010-12-20,25.3264,26.8916
2010-12-21,25.3655,26.9172
2010-12-22,25.2625,26.9001
2010-12-23,25.2331,26.8768
2010-12-24,25.2205,26.8678
2010-12-25,25.2166,26.8699
2010-12-26,25.1911,26.8709
2010-12-27,25.1818,26.8669
2010-12-28,25.2019,26.872
2010-12-29,25.2259,26.8546
2010-12-30,25.2222,26.8325
2010-12-31,25.2076,26.8201
2011-01-01,25.1958,26.8099
2011-01-02,25.1675,26.7847
2011-01-03,25.1862,26.7762
2011-01-04,25.2461,26.7766
2011-01-05,25.2662,26.7867
2011-01-06,25.2314,26.7915
2011-01-07,25.1329,26.7803
2011-01-08,25.025,26.7703
2011-01-09,24.9446,26.7676
2011-01-10,24.8686,26.7724
2011-01-11,24.8168,26.7662
2011-01-12,24.754,26.7529
2011-01-13,24.7617,26.7349
2011-01-14,24.7556,26.7253
2011-01-15,24.7659,26.7259
2011-01-16,24.8153,26.7433
2011-01-17,24.8889,26.7804
2011-01-18,24.9311,26.823
2011-01-19,24.9684,26.8575
2011-01-20,25.01,26.883
2011-01-21,25.0773,26.8913
2011-01-22,25.0617,26.8816
2011-01-23,25.0717,26.8663
2011-01-24,25.0237,26.8518
2011-01-25,25.0352,26.8539
2011-01-26,25.0502,26.8622
2011-01-27,25.0205,26.8658
2011-01-28,25.074,26.8784
2011-01-29,25.1694,26.8969
2011-01-30,25.274,26.8978
2011-01-31,25.2771,26.8986
2011-02-01,25.2728,26.8908
2011-02-02,25.2972,26.8767
2011-02-03,25.3537,26.8794
2011-02-04,25.5091,26.8855
2011-02-05,25.6459,26.8971
2011-02-06,25.7348,26.9121
2011-02-07,25.7272,26.9337
2011-02-08,25.6526,26.9564
2011-02-09,25.602,26.9864
2011-02-10,25.608,27.0151
2011-02-11,25.6329,27.051
2011-02-12,25.6209,27.0718
2011-02-13,25.5876,27.0619
2011-02-14,25.5388,27.0694
2011-02-15,25.4762,27.0877
2011-02-16,25.4545,27.1076
2011-02-17,25.4411,27.1418
2011-02-18,25.43,27.1656
2011-02-19,25.4052,27.1744
2011-02-20,25.3252,27.1828
2011-02-21,25.2589,27.1804
2011-02-22,25.3142,27.1892
2011-02-23,25.3863,27.2039
2011-02-24,25.4592,27.2076
2011-02-25,25.496,27.2129
2011-02-26,25.5195,27.2206
2011-02-27,25.5256,27.2253
2011-02-28,25.5571,27.228
2011-03-01,25.5846,27.2406
2011-03-02,25.5994,27.2452
2011-03-03,25.6412,27.2476
2011-03-04,25.6988,27.2732
2011-03-05,25.743,27.2982
2011-03-06,25.8294,27.3194
2011-03-07,26.0488,27.3397
2011-03-08,26.2774,27.3577
2011-03-09,26.4046,27.3845
2011-03-10,26.4532,27.4058
2011-03-11,26.4738,27.4124
2011-03-12,26.4941,27.4137
2011-03-13,26.5101,27.4203
2011-03-14,26.5453,27.436
2011-03-15,26.5189,27.4341
2011-03-16,26.5085,27.4184
2011-03-17,26.5226,27.4211
2011-03-18,26.5507,27.4398
2011-03-19,26.5777,27.4712
2011-03-20,26.5973,27.4942
2011-03-21,26.557,27.5209
2011-03-22,26.5069,27.544
2011-03-23,26.467,27.5631
2011-03-24,26.4716,27.562
2011-03-25,26.4937,27.5509
2011-03-26,26.5524,27.5534
2011-03-27,26.6691,27.5702
2011-03-28,26.7799,27.581
2011-03-29,26.7919,27.5893
2011-03-30,26.8161,27.605
2011-03-31,26.8643,27.6136
2011-04-01,26.9574,27.6239
2011-04-02,26.9549,27.6314
2011-04-03,26.9728,27.6332
2011-04-04,27.0766,27.6338
2011-04-05,27.1252,27.6367
2011-04-06,27.184,27.6495
2011-04-07,27.1752,27.6577
2011-04-08,27.1226,27.6424
2011-04-09,27.1368,27.635
2011-04-10,27.0816,27.6269
2011-04-11,27.0161,27.6223
2011-04-12,26.9689,27.6277
2011-04-13,27.0023,27.6356
2011-04-14,27.0093,27.6445
2011-04-15,26.9865,27.6613
2011-04-16,26.9813,27.6881
2011-04-17,27.0005,27.7112
2011-04-18,27.0089,27.7066
2011-04-19,27.0391,27.6932
2011-04-20,27.0453,27.6707
2011-04-21,27.0371,27.6748
2011-04-22,27.0384,27.68
2011-04-23,27.0211,27.6749
2011-04-24,27.0434,27.6716
2011-04-25,27.0803,27.6774
2011-04-26,27.0767,27.6946
2011-04-27,27.0345,27.6965
2011-04-28,26.9943,27.6864
2011-04-29,26.9827,27.6863
2011-04-30,26.9571,27.6799
2011-05-01,26.9646,27.6818
2011-05-02,27.0044,27.6805
2011-05-03,27.0138,27.6779
2011-05-04,27.0453,27.6676
2011-05-05,27.0379,27.6411
2011-05-06,27.1404,27.6175
2011-05-07,27.3119,27.6014
2011-05-08,27.4176,27.6134
2011-05-09,27.4895,27.6315
2011-05-10,27.4953,27.6234
2011-05-11,27.5121,27.6383
2011-05-12,27.5465,27.6448
2011-05-13,27.5774,27.6396
2011-05-14,27.665,27.6436
2011-05-15,27.8612,27.6638
2011-05-16,27.8525,27.6544
2011-05-17,27.8053,27.6399
2011-05-18,27.7693,27.6365
2011-05-19,27.8116,27.6451
2011-05-20,27.7817,27.6349
2011-05-21,27.75,27.6181
2011-05-22,27.6987,27.6037
2011-05-23,27.6468,27.5715
2011-05-24,27.6175,27.5401
2011-05-25,27.5176,27.5014
2011-05-26,27.4183,27.4655
2011-05-27,27.344,27.4331
2011-05-28,27.3508,27.4153
2011-05-29,27.4307,27.4059
2011-05-30,27.4872,27.3984
2011-05-31,27.5229,27.3975
2011-06-01,27.5142,27.3882
2011-06-02,27.4449,27.3844
2011-06-03,27.4172,27.377
2011-06-04,27.4245,27.3643
2011-06-05,27.4611,27.3478
2011-06-06,27.4553,27.3299
2011-06-07,27.5029,27.3138
2011-06-08,27.5094,27.295
2011-06-09,27.4501,27.2642
2011-06-10,27.313,27.2388
2011-06-11,27.1976,27.2168
2011-06-12,27.1116,27.1927
2011-06-13,27.1528,27.1649
2011-06-14,27.231,27.1342
2011-06-15,27.2354,27.1149
2011-06-16,27.2369,27.1124
2011-06-17,27.2439,27.1001
2011-06-18,27.3023,27.0753
2011-06-19,27.3259,27.0381
2011-06-20,27.3245,27.0159
2011-06-21,27.3305,27.0077
2011-06-22,27.3521,27.0042
2011-06-23,27.3929,27.007
2011-06-24,27.4045,27.0043
2011-06-25,27.417,26.9936
2011-06-26,27.4518,26.9868
2011-06-27,27.5161,26.9819
2011-06-28,27.5703,26.9752
2011-06-29,27.6444,26.9635
2011-06-30,27.6389,26.93
2011-07-01,27.6093,26.9082
2011-07-02,27.5531,26.8758
2011-07-03,27.4847,26.848
2011-07-04,27.3807,26.8262
2011-07-05,27.31,26.8075
2011-07-06,27.2545,26.8118
2011-07-07,27.1487,26.7918
2011-07-08,27.1348,26.7917
2011-07-09,27.1472,26.7929
2011-07-10,27.1644,26.7918
2011-07-11,27.2693,26.8155
2011-07-12,27.2856,26.7881
2011-07-13,27.2669,26.7737
2011-07-14,27.1931,26.75
2011-07-15,27.1029,26.715
2011-07-16,27.0182,26.6798
2011-07-17,26.9565,26.6486
2011-07-18,26.9318,26.6333
2011-07-19,26.9077,26.6273
2011-07-20,26.9007,26.6122
2011-07-21,26.9163,26.6029
2011-07-22,26.8677,26.5875
2011-07-23,26.8224,26.5639
2011-07-24,26.8505,26.5351
2011-07-25,26.8497,26.5101
2011-07-26,26.812,26.504
2011-07-27,26.8205,26.5077
2011-07-28,26.8192,26.5065
2011-07-29,26.8456,26.51
2011-07-30,26.8064,26.4993
2011-07-31,26.7313,26.4906
2011-08-01,26.7129,26.4968
2011-08-02,26.7148,26.5102
2011-08-03,26.706,26.4927
2011-08-04,26.6787,26.477
2011-08-05,26.6244,26.4717
2011-08-06,26.5827,26.4589
2011-08-07,26.522,26.4573
2011-08-08,26.498,26.4612
2011-08-09,26.5111,26.4792
2011-08-10,26.5127,26.5165
2011-08-11,26.5408,26.5363
2011-08-12,26.5796,26.5331
2011-08-13,26.5687,26.527
2011-08-14,26.5182,26.5105
2011-08-15,26.518,26.4983
2011-08-16,26.5222,26.4947
2011-08-17,26.4333,26.4607
2011-08-18,26.3014,26.4156
2011-08-19,26.2349,26.3875
2011-08-20,26.1765,26.3836
2011-08-21,26.1423,26.392
2011-08-22,26.1587,26.3832
2011-08-23,26.2196,26.3723
2011-08-24,26.3084,26.3786
2011-08-25,26.3691,26.3883
2011-08-26,26.3714,26.404
2011-08-27,26.3292,26.4062
2011-08-28,26.2501,26.4001
2011-08-29,26.1938,26.414
2011-08-30,26.1688,26.428
2011-08-31,26.1252,26.4235
2011-09-01,26.1218,26.4137
2011-09-02,26.1138,26.4056
2011-09-03,26.0805,26.4116
2011-09-04,26.035,26.4251
2011-09-05,26.0162,26.4386
2011-09-06,26.0697,26.4487
2011-09-07,26.063,26.4421
2011-09-08,26.0538,26.4313
2011-09-09,26.0595,26.4254
2011-09-10,26.0664,26.4139
2011-09-11,26.0284,26.3845
2011-09-12,25.9347,26.3685
2011-09-13,25.8262,26.3699
2011-09-14,25.8214,26.3764
2011-09-15,25.8532,26.39
2011-09-16,25.9092,26.4043
2011-09-17,25.9257,26.4103
2011-09-18,25.9644,26.4166
2011-09-19,25.9962,26.4175
2011-09-20,25.9689,26.4219
2011-09-21,25.9666,26.4587
2011-09-22,25.9646,26.4766
2011-09-23,26.04,26.4846
2011-09-24,26.067,26.4902
2011-09-25,26.0487,26.502
2011-09-26,26.0351,26.5267
2011-09-27,26.0657,26.5404
2011-09-28,26.0891,26.5522
2011-09-29,26.1319,26.5723
2011-09-30,26.1493,26.6033
2011-10-01,26.116,26.6171
2011-10-02,26.0197,26.6026
2011-10-03,25.9256,26.5705
2011-10-04,25.7765,26.5674
2011-10-05,25.6911,26.5709
2011-10-06,25.7142,26.5932
2011-10-07,25.8066,26.6284
2011-10-08,25.9489,26.6488
2011-10-09,26.0444,26.6531
2011-10-10,26.0568,26.6437
2011-10-11,26.0214,26.6369
2011-10-12,26.0129,26.6377
2011-10-13,26.0521,26.641
2011-10-14,26.1209,26.6676
2011-10-15,26.1816,26.6955
2011-10-16,26.2448,26.719
2011-10-17,26.3004,26.7258
2011-10-18,26.3622,26.716
2011-10-19,26.3926,26.7178
2011-10-20,26.3384,26.726
2011-10-21,26.2594,26.7349
2011-10-22,26.081,26.7367
2011-10-23,25.876,26.7652
2011-10-24,25.7663,26.7902
2011-10-25,25.6311,26.8096
2011-10-26,25.6089,26.8128
2011-10-27,25.7286,26.8348
2011-10-28,25.8184,26.8395
2011-10-29,25.8589,26.817
2011-10-30,25.8058,26.802
2011-10-31,25.7301,26.7931
2011-11-01,25.7107,26.7992
2011-11-02,25.7014,26.8127
2011-11-03,25.75,26.8209
2011-11-04,25.7598,26.8419
2011-11-05,25.7579,26.8559
2011-11-06,25.7448,26.867
2011-11-07,25.7842,26.8676
2011-11-08,25.7942,26.8478
2011-11-09,25.8517,26.8576
2011-11-10,25.8538,26.8774
2011-11-11,25.901,26.8908
2011-11-12,25.8839,26.892
2011-11-13,25.8188,26.8993
2011-11-14,25.8253,26.9039
2011-11-15,25.8817,26.8995
2011-11-16,25.905,26.9061
2011-11-17,25.8972,26.927
2011-11-18,25.9096,26.9506
2011-11-19,25.8798,26.9667
2011-11-20,25.8688,26.9792
2011-11-21,25.8287,26.9823
2011-11-22,25.7163,26.9749
2011-11-23,25.6979,26.9708
2011-11-24,25.6319,26.9596
2011-11-25,25.5297,26.9433
2011-11-26,25.5192,26.935
2011-11-27,25.5826,26.9379
2011-11-28,25.6829,26.9283
2011-11-29,25.7683,26.9169
2011-11-30,25.7544,26.9183
2011-12-01,25.7839,26.9415
2011-12-02,25.7671,26.9391
2011-12-03,25.7408,26.9347
2011-12-04,25.7335,26.9461
2011-12-05,25.6698,26.9514
2011-12-06,25.6397,26.9485
2011-12-07,25.6656,26.9396
2011-12-08,25.6661,26.93
2011-12-09,25.6984,26.9278
2011-12-10,25.7268,26.9305
2011-12-11,25.7157,26.9265
2011-12-12,25.6427,26.9097
2011-12-13,25.6015,26.9025
2011-12-14,25.6233,26.8991
2011-12-15,25.6127,26.9058
2011-12-16,25.6166,26.9055
2011-12-17,25.6203,26.8964
2011-12-18,25.6193,26.8841
2011-12-19,25.5638,26.8689
2011-12-20,25.5247,26.8646
2011-12-21,25.5055,26.8499
2011-12-22,25.5278,26.8332
2011-12-23,25.5188,26.8228
2011-12-24,25.5205,26.8122
2011-12-25,25.5401,26.7985
2011-12-26,25.5476,26.7792
2011-12-27,25.5294,26.759
2011-12-28,25.4739,26.753
2011-12-29,25.3736,26.7409
2011-12-30,25.295,26.7408
2011-12-31,25.4324,26.7613
2012-01-01,25.5385,26.7609
2012-01-02,25.5517,26.7566
2012-01-03,25.5913,26.7783
2012-01-04,25.699,26.8049
2012-01-05,25.7733,26.8314
2012-01-06,25.8096,26.8607
2012-01-07,25.7928,26.8773
2012-01-08,25.7985,26.8784
2012-01-09,25.913,26.8999
2012-01-10,25.9971,26.9237
2012-01-11,26.0777,26.9426
2012-01-12,26.1584,26.9585
2012-01-13,26.2248,26.9635
2012-01-14,26.2679,26.98
2012-01-15,26.2671,26.9967
2012-01-16,26.1841,27.0031
2012-01-17,26.0547,27.0097
2012-01-18,25.9152,27.0346
2012-01-19,25.7823,27.0442
2012-01-20,25.7634,27.0388
2012-01-21,25.8242,27.0402
2012-01-22,25.853,27.0376
2012-01-23,25.8478,27.0441
2012-01-24,25.8276,27.0327
2012-01-25,25.8132,27.0119
2012-01-26,25.7945,26.9871
2012-01-27,25.8009,26.9687
2012-01-28,25.7883,26.9605
2012-01-29,25.7568,26.9429
2012-01-30,25.711,26.9149
2012-01-31,25.641,26.8992
2012-02-01,25.5945,26.8982
2012-02-02,25.5309,26.8798
2012-02-03,25.5142,26.8826
2012-02-04,25.5575,26.9018
2012-02-05,25.553,26.921
2012-02-06,25.5521,26.9361
2012-02-07,25.5856,26.9541
2012-02-08,25.6706,26.9725
2012-02-09,25.7741,26.9918
2012-02-10,25.8648,27.0236
2012-02-11,25.944,27.0546
2012-02-12,25.98,27.0984
2012-02-13,26.077,27.1265
2012-02-14,26.2179,27.1389
2012-02-15,26.3701,27.1655
2012-02-16,26.4037,27.1896
2012-02-17,26.3947,27.2111
2012-02-18,26.3798,27.236
2012-02-19,26.3575,27.262
2012-02-20,26.3463,27.2855
2012-02-21,26.3836,27.3091
2012-02-22,26.4371,27.3199
2012-02-23,26.5719,27.3237
2012-02-24,26.6846,27.3471
2012-02-25,26.7483,27.3697
2012-02-26,26.7653,27.3734
2012-02-27,26.7607,27.3579
2012-02-28,26.7802,27.3458
2012-02-29,26.7704,27.3456
2012-03-01,26.7187,27.345
2012-03-02,26.6235,27.3346
2012-03-03,26.5647,27.3344
2012-03-04,26.5477,27.3463
2012-03-05,26.5562,27.3464
2012-03-06,26.5792,27.3519
2012-03-07,26.6199,27.3508
2012-03-08,26.6586,27.3448
2012-03-09,26.6444,27.347
2012-03-10,26.6025,27.3456
2012-03-11,26.5353,27.3358
2012-03-12,26.5019,27.3458
2012-03-13,26.565,27.3395
2012-03-14,26.6402,27.3414
2012-03-15,26.6923,27.363
2012-03-16,26.7273,27.3827
2012-03-17,26.6934,27.3787
2012-03-18,26.6445,27.3951
2012-03-19,26.6102,27.4076
2012-03-20,26.608,27.4227
2012-03-21,26.6675,27.4488
2012-03-22,26.8518,27.4827
2012-03-23,27.0898,27.5189
2012-03-24,27.1858,27.5556
2012-03-25,27.16,27.5926
2012-03-26,27.1756,27.6147
2012-03-27,27.2056,27.6357
2012-03-28,27.1437,27.6596
2012-03-29,27.1107,27.6831
2012-03-30,27.2035,27.7003
2012-03-31,27.204,27.7011
2012-04-01,27.1553,27.7137
2012-04-02,27.2573,27.7385
2012-04-03,27.3718,27.7736
2012-04-04,27.2734,27.779
2012-04-05,27.2201,27.7853
2012-04-06,27.1731,27.8047
2012-04-07,27.095,27.8106
2012-04-08,27.0975,27.8119
2012-04-09,27.1956,27.8163
2012-04-10,27.2435,27.8185
2012-04-11,27.1999,27.7939
2012-04-12,27.1245,27.779
2012-04-13,27.069,27.7789
2012-04-14,27.1028,27.7566
2012-04-15,27.1553,27.7539
2012-04-16,27.1386,27.7595
2012-04-17,27.158,27.7752
2012-04-18,27.2166,27.7924
2012-04-19,27.283,27.8111
2012-04-20,27.3187,27.826
2012-04-21,27.3529,27.8454
2012-04-22,27.4189,27.8533
2012-04-23,27.4835,27.841
2012-04-24,27.501,27.8044
2012-04-25,27.5773,27.8037
2012-04-26,27.5753,27.8077
2012-04-27,27.5431,27.815
2012-04-28,27.5755,27.8217
2012-04-29,27.563,27.824
2012-04-30,27.532,27.8334
2012-05-01,27.5591,27.8435
2012-05-02,27.6795,27.8642
2012-05-03,27.7694,27.8687
2012-05-04,27.773,27.8675
2012-05-05,27.7673,27.8604
2012-05-06,27.7492,27.8537
2012-05-07,27.6849,27.8529
2012-05-08,27.714,27.8582
2012-05-09,27.7917,27.8664
2012-05-10,27.8473,27.8737
2012-05-11,27.842,27.8732
2012-05-12,27.7779,27.8562
2012-05-13,27.6899,27.8322
2012-05-14,27.6136,27.8219
2012-05-15,27.5224,27.8056
2012-05-16,27.5057,27.7819
2012-05-17,27.5494,27.7551
2012-05-18,27.5865,27.7339
2012-05-19,27.5565,27.7187
2012-05-20,27.522,27.6969
2012-05-21,27.5999,27.6876
2012-05-22,27.7165,27.6686
2012-05-23,27.7751,27.6484
2012-05-24,27.8199,27.625
2012-05-25,27.7925,27.6058
2012-05-26,27.7452,27.5861
2012-05-27,27.7363,27.5541
2012-05-28,27.7605,27.534
2012-05-29,27.7677,27.5176
2012-05-30,27.7645,27.5088
2012-05-31,27.768,27.5055
2012-06-01,27.7708,27.4964
2012-06-02,27.7314,27.4815
2012-06-03,27.6812,27.4712
2012-06-04,27.6607,27.4515
2012-06-05,27.6712,27.4323
2012-06-06,27.7153,27.3977
2012-06-07,27.7187,27.3677
2012-06-08,27.7135,27.3433
2012-06-09,27.7776,27.3332
2012-06-10,27.9128,27.3153
2012-06-11,28.0757,27.3115
2012-06-12,28.0839,27.2845
2012-06-13,27.993,27.2526
2012-06-14,27.978,27.2441
2012-06-15,27.9763,27.2457
2012-06-16,27.9884,27.2296
2012-06-17,28.1111,27.2224
2012-06-18,28.1687,27.2055
2012-06-19,28.2102,27.2104
2012-06-20,28.2522,27.2017
2012-06-21,28.247,27.1855
2012-06-22,28.2169,27.1494
2012-06-23,28.1668,27.1303
2012-06-24,28.13,27.1306
2012-06-25,28.0575,27.1183
2012-06-26,28.0093,27.0935
2012-06-27,27.988,27.0771
2012-06-28,28.005,27.0615
2012-06-29,28.0349,27.0578
2012-06-30,28.001,27.0503
2012-07-01,27.976,27.0232
2012-07-02,27.9278,26.9819
2012-07-03,27.8708,26.9537
2012-07-04,27.8037,26.9029
2012-07-05,27.7177,26.8691
2012-07-06,27.6018,26.8305
2012-07-07,27.4574,26.7853
2012-07-08,27.3225,26.7518
2012-07-09,27.2582,26.7394
2012-07-10,27.2108,26.7335
2012-07-11,27.2428,26.7353
2012-07-12,27.233,26.755
2012-07-13,27.2046,26.7638
2012-07-14,27.2346,26.7827
2012-07-15,27.3426,26.7873
2012-07-16,27.3302,26.7944
2012-07-17,27.325,26.7982
2012-07-18,27.4087,26.8052
2012-07-19,27.4356,26.8082
2012-07-20,27.5703,26.8027
2012-07-21,27.6584,26.7825
2012-07-22,27.6675,26.7581
2012-07-23,27.642,26.7473
2012-07-24,27.6156,26.7259
2012-07-25,27.6146,26.7012
2012-07-26,27.5876,26.6815
2012-07-27,27.6387,26.6817
2012-07-28,27.7327,26.6925
2012-07-29,27.7847,26.7035
2012-07-30,27.7868,26.7242
2012-07-31,27.6905,26.7261
2012-08-01,27.6003,26.7065
2012-08-02,27.5211,26.6762
2012-08-03,27.4812,26.6375
2012-08-04,27.4901,26.6153
2012-08-05,27.5198,26.6135
2012-08-06,27.5662,26.6222
2012-08-07,27.6196,26.6415
2012-08-08,27.6982,26.6554
2012-08-09,27.7898,26.6496
2012-08-10,27.7884,26.6384
2012-08-11,27.686,26.6103
2012-08-12,27.5223,26.5781
2012-08-13,27.3431,26.5533
2012-08-14,27.2887,26.5215
2012-08-15,27.294,26.4981
2012-08-16,27.2977,26.4975
2012-08-17,27.2637,26.5195
2012-08-18,27.2413,26.5317
2012-08-19,27.2546,26.5495
2012-08-20,27.2165,26.5434
2012-08-21,27.1771,26.5542
2012-08-22,27.2043,26.5509
2012-08-23,27.2809,26.5491
2012-08-24,27.3868,26.562
2012-08-25,27.5524,26.576
2012-08-26,27.7193,26.5934
2012-08-27,27.891,26.5972
2012-08-28,28.0327,26.6131
2012-08-29,28.1214,26.6347
2012-08-30,28.2041,26.6415
2012-08-31,28.2153,26.6537
2012-09-01,28.1838,26.6668
2012-09-02,28.0736,26.6626
2012-09-03,27.9839,26.6606
2012-09-04,27.9019,26.6612
2012-09-05,27.8249,26.6563
2012-09-06,27.7559,26.6662
2012-09-07,27.6523,26.6824
2012-09-08,27.489,26.674
2012-09-09,27.3111,26.6727
2012-09-10,27.0982,26.678
2012-09-11,26.9242,26.6893
2012-09-12,26.8052,26.7111
2012-09-13,26.7839,26.7168
2012-09-14,26.792,26.716
2012-09-15,26.8112,26.7316
2012-09-16,26.8071,26.7405
2012-09-17,26.7799,26.7406
2012-09-18,26.7435,26.7505
2012-09-19,26.7533,26.7648
2012-09-20,26.7355,26.7783
2012-09-21,26.6721,26.7713
2012-09-22,26.6734,26.7758
2012-09-23,26.7924,26.7928
2012-09-24,26.9259,26.819
2012-09-25,27.0264,26.8408
2012-09-26,27.039,26.8565
2012-09-27,27.0422,26.8536
2012-09-28,27.0427,26.8362
2012-09-29,27.0163,26.8052
2012-09-30,26.952,26.792
2012-10-01,26.938,26.7904
2012-10-02,26.9651,26.7985
2012-10-03,27.0081,26.7938
2012-10-04,27.0364,26.8076
2012-10-05,27.0279,26.8183
2012-10-06,26.9797,26.8479
2012-10-07,27.063,26.8872
2012-10-08,27.0671,26.9138
2012-10-09,27.0389,26.9351
2012-10-10,26.9564,26.9274
2012-10-11,26.9404,26.9181
2012-10-12,26.9788,26.9146
2012-10-13,27.0383,26.9074
2012-10-14,27.05,26.8966
2012-10-15,27.0404,26.8869
2012-10-16,27.0056,26.8904
2012-10-17,27.0403,26.924
2012-10-18,27.051,26.9542
2012-10-19,27.0514,26.9692
2012-10-20,27.0689,26.9811
2012-10-21,27.1503,27.0045
2012-10-22,27.2247,27.0215
2012-10-23,27.2225,27.036
2012-10-24,27.1624,27.0353
2012-10-25,27.0959,27.0396
2012-10-26,27.0831,27.0466
2012-10-27,27.1345,27.0738
2012-10-28,27.2081,27.0906
2012-10-29,27.2204,27.1082
2012-10-30,27.2161,27.1328
2012-10-31,27.2249,27.1416
2012-11-01,27.1632,27.1351
2012-11-02,27.1442,27.1521
2012-11-03,27.1835,27.1706
2012-11-04,27.2865,27.1764
2012-11-05,27.4182,27.1998
2012-11-06,27.4969,27.2256
2012-11-07,27.5605,27.2468
2012-11-08,27.599,27.2506
2012-11-09,27.639,27.2419
2012-11-10,27.7347,27.2284
2012-11-11,27.7405,27.2231
2012-11-12,27.6853,27.2233
2012-11-13,27.6934,27.2319
2012-11-14,27.7853,27.2519
2012-11-15,27.9009,27.275
2012-11-16,27.8798,27.2893
2012-11-17,27.7676,27.2925
2012-11-18,27.636,27.2786
2012-11-19,27.4409,27.2729
2012-11-20,27.2691,27.2523
2012-11-21,27.1548,27.2329
2012-11-22,27.1427,27.2273
2012-11-23,27.0955,27.2183
2012-11-24,26.9092,27.1981
2012-11-25,26.7079,27.1835
2012-11-26,26.5562,27.1962
2012-11-27,26.4938,27.1994
2012-11-28,26.4262,27.1915
2012-11-29,26.3602,27.1828
2012-11-30,26.2497,27.1857
2012-12-01,26.1954,27.1949
2012-12-02,26.1744,27.2061
2012-12-03,26.1714,27.2107
2012-12-04,26.1551,27.2309
2012-12-05,26.0891,27.2461
2012-12-06,26.0263,27.2485
2012-12-07,25.9978,27.229
2012-12-08,26.0925,27.241
2012-12-09,26.1417,27.2471
2012-12-10,26.1575,27.2442
2012-12-11,26.1945,27.2383
2012-12-12,26.2203,27.2279
2012-12-13,26.2148,27.2247
2012-12-14,26.1691,27.2181
2012-12-15,26.1071,27.1969
2012-12-16,25.9969,27.1837
2012-12-17,25.8676,27.1783
2012-12-18,25.8627,27.1864
2012-12-19,25.9285,27.1995
2012-12-20,26.0272,27.2258
2012-12-21,26.0881,27.2514
2012-12-22,26.1358,27.2583
2012-12-23,26.0966,27.2531
2012-12-24,26.1474,27.2377
2012-12-25,26.1852,27.2253
2012-12-26,26.1977,27.2181
2012-12-27,26.1511,27.203
2012-12-28,26.1097,27.1828
2012-12-29,26.0894,27.1652
2012-12-30,26.0308,27.1435
2012-12-31,25.9322,27.1274
2013-01-01,25.9459,27.1286
2013-01-02,26.0582,27.1499
2013-01-03,26.1125,27.163
2013-01-04,26.0972,27.1692
2013-01-05,26.0072,27.1654
2013-01-06,25.8199,27.1421
2013-01-07,25.6598,27.1348
2013-01-08,25.5395,27.1273
2013-01-09,25.598,27.1245
2013-01-10,25.7523,27.1244
2013-01-11,25.9003,27.141
2013-01-12,26.0408,27.1473
2013-01-13,26.072,27.1562
2013-01-14,26.129,27.1721
2013-01-15,26.166,27.1902
2013-01-16,26.1571,27.1992
2013-01-17,26.0807,27.1809
2013-01-18,26.036,27.1721
2013-01-19,25.9843,27.1598
2013-01-20,25.9643,27.173
2013-01-21,25.9452,27.1856
2013-01-22,26.0331,27.2014
2013-01-23,26.1874,27.2113
2013-01-24,26.2724,27.2257
2013-01-25,26.2966,27.2251
2013-01-26,26.1158,27.221
2013-01-27,26.0811,27.2254
2013-01-28,26.1204,27.237
2013-01-29,26.0324,27.232
2013-01-30,26.0534,27.2392
2013-01-31,26.1278,27.2496
2013-02-01,26.1402,27.2559
2013-02-02,26.1,27.2684
2013-02-03,26.0482,27.2757
2013-02-04,26.0686,27.2768
2013-02-05,26.06,27.2787
2013-02-06,26.0376,27.2832
2013-02-07,26.1081,27.3083
2013-02-08,26.1821,27.342
2013-02-09,26.2565,27.3719
2013-02-10,26.3247,27.3996
2013-02-11,26.3491,27.4081
2013-02-12,26.3252,27.4048
2013-02-13,26.2264,27.3885
2013-02-14,26.12,27.3791
2013-02-15,26.0283,27.3841
2013-02-16,25.9578,27.3895
2013-02-17,25.9324,27.4088
2013-02-18,25.9726,27.4109
2013-02-19,26.0188,27.4009
2013-02-20,26.0828,27.3966
2013-02-21,26.1645,27.4185
2013-02-22,26.237,27.4329
2013-02-23,26.2498,27.4302
2013-02-24,26.2782,27.4378
2013-02-25,26.3079,27.4577
2013-02-26,26.4009,27.4723
2013-02-27,26.4808,27.4776
2013-02-28,26.5655,27.4744
2013-03-01,26.6379,27.4881
2013-03-02,26.6974,27.4911
2013-03-03,26.7696,27.4874
2013-03-04,26.8768,27.4911
2013-03-05,26.9471,27.4969
2013-03-06,26.9739,27.5052
2013-03-07,26.9927,27.5084
2013-03-08,26.9068,27.502
2013-03-09,26.7666,27.4978
2013-03-10,26.6421,27.4999
2013-03-11,26.6224,27.514
2013-03-12,26.5889,27.5243
2013-03-13,26.5903,27.5553
2013-03-14,26.5817,27.5794
2013-03-15,26.6034,27.585
2013-03-16,26.7924,27.6018
2013-03-17,26.9558,27.6368
2013-03-18,26.9829,27.676
2013-03-19,26.9146,27.6919
2013-03-20,26.9174,27.7217
2013-03-21,26.9972,27.7601
2013-03-22,26.9996,27.7877
2013-03-23,26.9991,27.8055
2013-03-24,27.0597,27.824
2013-03-25,27.1962,27.8444
2013-03-26,27.349,27.856
2013-03-27,27.4934,27.8703
2013-03-28,27.6643,27.8721
2013-03-29,27.7633,27.883
2013-03-30,27.8947,27.9036
2013-03-31,28.0284,27.9297
2013-04-01,28.1698,27.9563
2013-04-02,28.2937,27.9758
2013-04-03,28.3423,27.9958
2013-04-04,28.3513,28.0
2013-04-05,28.3217,28.0083
2013-04-06,28.3088,28.0108
2013-04-07,28.2988,28.0173
2013-04-08,28.2761,28.0119
2013-04-09,28.2709,28.0063
2013-04-10,28.2298,28.0042
2013-04-11,28.1239,27.9643
2013-04-12,28.0279,27.934
2013-04-13,27.9255,27.9283
2013-04-14,27.9229,27.936
2013-04-15,27.8046,27.9332
2013-04-16,27.7381,27.9315
2013-04-17,27.6701,27.9233
2013-04-18,27.6119,27.8989
2013-04-19,27.6081,27.8882
2013-04-20,27.6502,27.8969
2013-04-21,27.6555,27.8896
2013-04-22,27.6189,27.8986
2013-04-23,27.6342,27.8991
2013-04-24,27.6291,27.8998
2013-04-25,27.6509,27.9005
2013-04-26,27.6048,27.9004
2013-04-27,27.6524,27.903
2013-04-28,27.6998,27.894
2013-04-29,27.7881,27.895
2013-04-30,27.7826,27.9095
2013-05-01,27.8007,27.9258
2013-05-02,27.7973,27.928
2013-05-03,27.8647,27.9361
2013-05-04,27.9238,27.9403
2013-05-05,27.9556,27.9474
2013-05-06,27.9596,27.9435
2013-05-07,27.9258,27.9406
2013-05-08,27.8698,27.9257
2013-05-09,27.7767,27.8997
2013-05-10,27.6563,27.8705
2013-05-11,27.5234,27.8482
2013-05-12,27.4532,27.8378
2013-05-13,27.4104,27.8103
2013-05-14,27.3821,27.7757
2013-05-15,27.3903,27.7428
2013-05-16,27.4454,27.7275
2013-05-17,27.4055,27.7127
2013-05-18,27.3669,27.7023
2013-05-19,27.3415,27.695
2013-05-20,27.3223,27.698
2013-05-21,27.2668,27.7049
2013-05-22,27.1929,27.6991
2013-05-23,27.1912,27.6898
2013-05-24,27.2443,27.6903
2013-05-25,27.3115,27.6828
2013-05-26,27.4234,27.6562
2013-05-27,27.5263,27.6263
2013-05-28,27.6075,27.6168
2013-05-29,27.6044,27.6033
2013-05-30,27.5345,27.5629
2013-05-31,27.4588,27.5418
2013-06-01,27.3821,27.515
2013-06-02,27.3487,27.4877
2013-06-03,27.3011,27.4553
2013-06-04,27.2899,27.4109
2013-06-05,27.2333,27.372
2013-06-06,27.245,27.3255
2013-06-07,27.3868,27.292
2013-06-08,27.4231,27.2589
2013-06-09,27.3949,27.2407
2013-06-10,27.3811,27.2255
2013-06-11,27.3305,27.2208
2013-06-12,27.2922,27.217
2013-06-13,27.2627,27.2029
2013-06-14,27.2313,27.1925
2013-06-15,27.193,27.1666
2013-06-16,27.1462,27.1353
2013-06-17,27.1306,27.1225
2013-06-18,27.1662,27.1129
2013-06-19,27.2842,27.1181
2013-06-20,27.3489,27.1103
2013-06-21,27.3714,27.101
2013-06-22,27.4104,27.0888
2013-06-23,27.4531,27.0834
2013-06-24,27.5143,27.0698
2013-06-25,27.5206,27.0545
2013-06-26,27.5764,27.0321
2013-06-27,27.5847,27.0136
2013-06-28,27.5034,26.9964
2013-06-29,27.3822,26.9845
2013-06-30,27.3311,26.9708
2013-07-01,27.274,26.9602
2013-07-02,27.2825,26.949
2013-07-03,27.2805,26.9397
2013-07-04,27.2057,26.9148
2013-07-05,27.0665,26.8792
2013-07-06,27.0057,26.8604
2013-07-07,27.0348,26.8357
2013-07-08,27.0744,26.8182
2013-07-09,27.0847,26.81
2013-07-10,27.0156,26.8021
2013-07-11,26.9131,26.7897
2013-07-12,26.8654,26.7741
2013-07-13,26.8298,26.7566
2013-07-14,26.8274,26.7368
2013-07-15,26.9341,26.7211
2013-07-16,26.9245,26.7048
2013-07-17,27.0011,26.7041
2013-07-18,27.0834,26.7115
2013-07-19,27.0658,26.699
2013-07-20,27.0609,26.6787
2013-07-21,27.0295,26.6705
2013-07-22,26.9531,26.6501
2013-07-23,26.9105,26.6329
2013-07-24,26.8755,26.6323
2013-07-25,26.9023,26.6273
2013-07-26,26.9659,26.6222
2013-07-27,26.9831,26.6132
2013-07-28,26.9652,26.6116
2013-07-29,26.8782,26.6007
2013-07-30,26.8108,26.6095
2013-07-31,26.7018,26.6002
2013-08-01,26.6381,26.5785
2013-08-02,26.5941,26.5461
2013-08-03,26.5842,26.5273
2013-08-04,26.583,26.5158
2013-08-05,26.5867,26.5016
2013-08-06,26.5707,26.5028
2013-08-07,26.4963,26.5018
2013-08-08,26.4618,26.499
2013-08-09,26.4231,26.4984
2013-08-10,26.3939,26.4992
2013-08-11,26.3208,26.4905
2013-08-12,26.2396,26.4791
2013-08-13,26.0888,26.4763
2013-08-14,26.12,26.5044
2013-08-15,26.1667,26.5315
2013-08-16,26.1868,26.5452
2013-08-17,26.0849,26.5534
2013-08-18,26.0609,26.5733
2013-08-19,26.0088,26.5952
2013-08-20,25.9915,26.6152
2013-08-21,25.96,26.6198
2013-08-22,26.0057,26.6291
2013-08-23,26.1127,26.642
2013-08-24,26.2632,26.6434
2013-08-25,26.3453,26.6242
2013-08-26,26.4192,26.6066
2013-08-27,26.4826,26.61
2013-08-28,26.5289,26.6338
2013-08-29,26.5594,26.6492
2013-08-30,26.6156,26.6606
2013-08-31,26.6735,26.6806
2013-09-01,26.7073,26.6887
2013-09-02,26.715,26.6956
2013-09-03,26.7246,26.6865
2013-09-04,26.7707,26.6834
2013-09-05,26.8136,26.6807
2013-09-06,26.8549,26.6608
2013-09-07,26.9254,26.657
2013-09-08,26.9422,26.6577
2013-09-09,26.8691,26.6667
2013-09-10,26.7741,26.6697
2013-09-11,26.79,26.6882
2013-09-12,26.814,26.6915
2013-09-13,26.859,26.6942
2013-09-14,26.8579,26.6981
2013-09-15,26.863,26.6938
2013-09-16,26.8669,26.706
2013-09-17,26.8703,26.718
2013-09-18,26.8379,26.7326
2013-09-19,26.7732,26.7433
2013-09-20,26.6884,26.7517
2013-09-21,26.5926,26.7613
2013-09-22,26.493,26.755
2013-09-23,26.4171,26.7395
2013-09-24,26.4576,26.7342
2013-09-25,26.5651,26.7414
2013-09-26,26.6955,26.7802
2013-09-27,26.7375,26.8168
2013-09-28,26.7237,26.8317
2013-09-29,26.6311,26.8278
2013-09-30,26.5635,26.8196
2013-10-01,26.5819,26.8193
2013-10-02,26.5983,26.8249
2013-10-03,26.625,26.8314
2013-10-04,26.6172,26.8281
2013-10-05,26.6278,26.821
2013-10-06,26.6289,26.8275
2013-10-07,26.5834,26.8448
2013-10-08,26.5882,26.8573
2013-10-09,26.6043,26.859
2013-10-10,26.5896,26.8465
2013-10-11,26.5135,26.8257
2013-10-12,26.4954,26.8183
2013-10-13,26.5085,26.828
2013-10-14,26.4881,26.8345
2013-10-15,26.5009,26.8585
2013-10-16,26.5943,26.9
2013-10-17,26.6175,26.9114
2013-10-18,26.5265,26.9319
2013-10-19,26.4614,26.9472
2013-10-20,26.4211,26.9481
2013-10-21,26.4098,26.9683
2013-10-22,26.3826,26.9742
2013-10-23,26.3723,26.9744
2013-10-24,26.384,26.9753
2013-10-25,26.3936,26.9741
2013-10-26,26.4527,26.9967
2013-10-27,26.4975,27.0036
2013-10-28,26.554,27.0378
2013-10-29,26.6241,27.0793
2013-10-30,26.6617,27.1069
2013-10-31,26.7055,27.1417
2013-11-01,26.7254,27.1453
2013-11-02,26.7288,27.1378
2013-11-03,26.7189,27.1301
2013-11-04,26.6745,27.114
2013-11-05,26.731,27.1038
2013-11-06,26.7935,27.0862
2013-11-07,26.7845,27.0613
2013-11-08,26.7539,27.0471
2013-11-09,26.7136,27.0478
2013-11-10,26.698,27.0544
2013-11-11,26.6217,27.05
2013-11-12,26.6042,27.0709
2013-11-13,26.6142,27.0926
2013-11-14,26.6623,27.1222
2013-11-15,26.7522,27.1457
2013-11-16,26.8106,27.1644
2013-11-17,26.9704,27.1903
2013-11-18,27.0129,27.1956
2013-11-19,26.9317,27.196
2013-11-20,26.7317,27.2148
2013-11-21,26.5882,27.2354
2013-11-22,26.5574,27.2547
2013-11-23,26.5638,27.2691
2013-11-24,26.5606,27.2875
2013-11-25,26.5477,27.2962
2013-11-26,26.5179,27.2768
2013-11-27,26.4696,27.247
2013-11-28,26.4417,27.2197
2013-11-29,26.4507,27.1987
2013-11-30,26.508,27.1882
2013-12-01,26.5721,27.1813
2013-12-02,26.5974,27.1822
2013-12-03,26.6103,27.1716
2013-12-04,26.6021,27.1815
2013-12-05,26.5768,27.1972
2013-12-06,26.5116,27.2086
2013-12-07,26.4648,27.2147
2013-12-08,26.5098,27.2202
2013-12-09,26.5038,27.2052
2013-12-10,26.4842,27.1875
2013-12-11,26.518,27.1817
2013-12-12,26.554,27.1777
2013-12-13,26.5859,27.1676
2013-12-14,26.5597,27.1647
2013-12-15,26.525,27.1661
2013-12-16,26.5279,27.1694
2013-12-17,26.5248,27.1527
2013-12-18,26.5133,27.1221
2013-12-19,26.4847,27.0931
2013-12-20,26.441,27.0661
2013-12-21,26.4659,27.0602
2013-12-22,26.4437,27.0578
2013-12-23,26.3336,27.052
2013-12-24,26.1606,27.0529
2013-12-25,26.0812,27.0711
2013-12-26,26.0407,27.0849
2013-12-27,26.0174,27.0745
2013-12-28,26.0563,27.0563
2013-12-29,26.014,27.0634
2013-12-30,25.9861,27.0796
2013-12-31,25.9365,27.0736
2014-01-01,25.9145,27.0784
2014-01-02,25.8827,27.0906
2014-01-03,25.8939,27.1086
2014-01-04,25.8349,27.1221
2014-01-05,25.777,27.13
2014-01-06,25.6974,27.1365
2014-01-07,25.6882,27.1401
2014-01-08,25.7328,27.1431
2014-01-09,25.7264,27.1207
2014-01-10,25.6992,27.0974
2014-01-11,25.7275,27.0958
2014-01-12,25.7369,27.097
2014-01-13,25.7719,27.0919
2014-01-14,25.7733,27.093
2014-01-15,25.7212,27.089
2014-01-16,25.7032,27.0989
2014-01-17,25.8003,27.1091
2014-01-18,25.9749,27.1343
2014-01-19,26.1571,27.1551
2014-01-20,26.3695,27.1712
2014-01-21,26.4457,27.1752
2014-01-22,26.4342,27.1629
2014-01-23,26.4269,27.1538
2014-01-24,26.391,27.1526
2014-01-25,26.3351,27.1479
2014-01-26,26.2805,27.1216
2014-01-27,26.254,27.0937
2014-01-28,26.2158,27.0777
2014-01-29,26.1828,27.0568
2014-01-30,26.1077,27.0664
2014-01-31,25.9987,27.0782
2014-02-01,25.7848,27.0821
2014-02-02,25.5493,27.0894
2014-02-03,25.3476,27.1039
2014-02-04,25.21,27.1
2014-02-05,25.1691,27.1055
2014-02-06,25.1686,27.1128
2014-02-07,25.1354,27.1242
2014-02-08,25.2758,27.1457
2014-02-09,25.3895,27.1681
2014-02-10,25.4626,27.1846
2014-02-11,25.542,27.188
2014-02-12,25.5831,27.1971
2014-02-13,25.6591,27.2024
2014-02-14,25.7221,27.2125
2014-02-15,25.8698,27.2364
2014-02-16,26.1138,27.2783
2014-02-17,26.2704,27.3156
2014-02-18,26.371,27.3387
2014-02-19,26.4315,27.3455
2014-02-20,26.4291,27.3441
2014-02-21,26.3639,27.3423
2014-02-22,26.2477,27.3293
2014-02-23,26.1387,27.3131
2014-02-24,26.0575,27.323
2014-02-25,25.9779,27.348
2014-02-26,25.9482,27.3615
2014-02-27,25.9524,27.3785
2014-02-28,25.8846,27.3818
2014-03-01,25.8276,27.3724
2014-03-02,25.7857,27.3764
2014-03-03,25.7451,27.3867
2014-03-04,25.7232,27.402
2014-03-05,25.7799,27.4109
2014-03-06,25.8367,27.4423
2014-03-07,25.885,27.4841
2014-03-08,26.003,27.5188
2014-03-09,26.1305,27.5492
2014-03-10,26.3282,27.5746
2014-03-11,26.4802,27.6018
2014-03-12,26.5884,27.6136
2014-03-13,26.7251,27.6346
2014-03-14,26.8726,27.6346
2014-03-15,26.921,27.6256
2014-03-16,26.8604,27.6215
2014-03-17,26.8603,27.6045
2014-03-18,26.9211,27.626
2014-03-19,27.0427,27.665
2014-03-20,27.1494,27.6943
2014-03-21,27.2733,27.7326
2014-03-22,27.4371,27.762
2014-03-23,27.5068,27.7844
2014-03-24,27.5209,27.7935
2014-03-25,27.5372,27.7934
2014-03-26,27.5593,27.82
2014-03-27,27.7042,27.8515
2014-03-28,27.8435,27.889
2014-03-29,27.8864,27.9112
2014-03-30,27.8839,27.9313
2014-03-31,27.8759,27.9383
2014-04-01,27.9016,27.9204
2014-04-02,27.8804,27.9061
2014-04-03,27.8188,27.8829
2014-04-04,27.7693,27.8661
2014-04-05,27.7578,27.8538
2014-04-06,27.7843,27.8582
2014-04-07,27.7821,27.8866
2014-04-08,27.8768,27.9255
2014-04-09,27.9642,27.9466
2014-04-10,28.0419,27.9479
2014-04-11,28.0573,27.9432
2014-04-12,28.0062,27.9408
2014-04-13,27.991,27.9775
2014-04-14,27.973,28.0034
2014-04-15,27.9756,28.0175
2014-04-16,28.0627,28.0196
2014-04-17,28.1334,28.0308
2014-04-18,28.0961,28.0247
2014-04-19,28.0759,28.0389
2014-04-20,28.0604,28.052
2014-04-21,28.0565,28.0725
2014-04-22,28.0527,28.1049
2014-04-23,28.0315,28.1215
2014-04-24,27.9568,28.1078
2014-04-25,27.9502,28.102
2014-04-26,27.9153,28.1109
2014-04-27,27.8875,28.1165
2014-04-28,27.9325,28.1217
2014-04-29,28.0506,28.1262
2014-04-30,28.1958,28.14
2014-05-01,28.2549,28.1344
2014-05-02,28.2112,28.1242
2014-05-03,28.1202,28.1144
2014-05-04,28.1074,28.104
2014-05-05,28.2243,28.0824
2014-05-06,28.3859,28.0793
2014-05-07,28.5397,28.0543
2014-05-08,28.5072,28.0113
2014-05-09,28.3479,27.9695
2014-05-10,28.2584,27.9528
2014-05-11,28.2137,27.9504
2014-05-12,28.1814,27.9545
2014-05-13,28.2008,27.9565
2014-05-14,28.2036,27.9507
2014-05-15,28.1789,27.9466
2014-05-16,28.1686,27.9482
2014-05-17,28.1964,27.9308
2014-05-18,28.2415,27.9167
2014-05-19,28.259,27.9055
2014-05-20,28.3385,27.9281
2014-05-21,28.4379,27.9367
2014-05-22,28.5986,27.9292
2014-05-23,28.6067,27.9024
2014-05-24,28.5803,27.8836
2014-05-25,28.5167,27.8663
2014-05-26,28.4839,27.8648
2014-05-27,28.4372,27.8656
2014-05-28,28.3898,27.8645
2014-05-29,28.3368,27.8635
2014-05-30,28.2995,27.8471
2014-05-31,28.2926,27.8102
2014-06-01,28.2598,27.7775
2014-06-02,28.2409,27.7755
2014-06-03,28.1878,27.7863
2014-06-04,28.2173,27.7959
2014-06-05,28.3107,27.8057
2014-06-06,28.3842,27.7915
2014-06-07,28.3765,27.7712
2014-06-08,28.3258,27.7432
2014-06-09,28.2967,27.7062
2014-06-10,28.3037,27.6763
2014-06-11,28.2994,27.6603
2014-06-12,28.3189,27.6368
2014-06-13,28.3147,27.6138
2014-06-14,28.2963,27.6068
2014-06-15,28.3295,27.6029
2014-06-16,28.3368,27.5983
2014-06-17,28.2818,27.5973
2014-06-18,28.266,27.5647
2014-06-19,28.2492,27.5449
2014-06-20,28.1545,27.5183
2014-06-21,28.0832,27.4924
2014-06-22,28.1349,27.4838
2014-06-23,28.1581,27.47
2014-06-24,28.099,27.4514
2014-06-25,28.0122,27.4192
2014-06-26,27.8679,27.369
2014-06-27,27.6861,27.3212
2014-06-28,27.5328,27.2802
2014-06-29,27.4564,27.2502
2014-06-30,27.4354,27.2198
2014-07-01,27.4404,27.1939
2014-07-02,27.4502,27.1747
2014-07-03,27.4513,27.1642
2014-07-04,27.4735,27.1576
2014-07-05,27.4996,27.1452
2014-07-06,27.4768,27.0856
2014-07-07,27.4413,27.0653
2014-07-08,27.4422,27.0532
2014-07-09,27.4393,27.0372
2014-07-10,27.4835,27.0297
2014-07-11,27.5076,27.0082
2014-07-12,27.405,27.0042
2014-07-13,27.3059,26.9926
2014-07-14,27.2454,26.9873
2014-07-15,27.2093,26.9737
2014-07-16,27.2105,26.9525
2014-07-17,27.1529,26.9477
2014-07-18,27.0485,26.9204
2014-07-19,26.9647,26.9009
2014-07-20,26.9061,26.8874
2014-07-21,26.8445,26.8733
2014-07-22,26.7798,26.8719
2014-07-23,26.8229,26.8608
2014-07-24,26.8498,26.8369
2014-07-25,26.8378,26.8235
2014-07-26,26.8279,26.7929
2014-07-27,26.8231,26.7722
2014-07-28,26.8664,26.7828
2014-07-29,26.9456,26.7874
2014-07-30,26.9408,26.7931
2014-07-31,26.976,26.7937
2014-08-01,27.0099,26.7965
2014-08-02,27.0204,26.8056
2014-08-03,26.9869,26.8011
2014-08-04,26.8852,26.7919
2014-08-05,26.8302,26.7678
2014-08-06,26.8199,26.7458
2014-08-07,26.7779,26.7511
2014-08-08,26.7662,26.7494
2014-08-09,26.7028,26.7513
2014-08-10,26.6451,26.756
2014-08-11,26.6175,26.758
2014-08-12,26.5654,26.748
2014-08-13,26.4691,26.7151
2014-08-14,26.4724,26.701
2014-08-15,26.5564,26.6961
2014-08-16,26.6319,26.7103
2014-08-17,26.6395,26.712
2014-08-18,26.6687,26.7283
2014-08-19,26.6933,26.7347
2014-08-20,26.7262,26.7405
2014-08-21,26.7646,26.7441
2014-08-22,26.7992,26.7427
2014-08-23,26.8866,26.7464
2014-08-24,26.9539,26.7592
2014-08-25,26.9636,26.7611
2014-08-26,26.9474,26.7521
2014-08-27,26.9177,26.7468
2014-08-28,26.8897,26.7507
2014-08-29,26.9053,26.7638
2014-08-30,26.8908,26.7721
2014-08-31,26.7727,26.7642
2014-09-01,26.7149,26.7657
2014-09-02,26.7946,26.7726
2014-09-03,26.8374,26.7736
2014-09-04,26.8796,26.7876
2014-09-05,26.9687,26.7993
2014-09-06,26.9926,26.7961
2014-09-07,26.9663,26.7786
2014-09-08,26.9945,26.7697
2014-09-09,27.0775,26.7744
2014-09-10,27.0767,26.7795
2014-09-11,27.1064,26.7841
2014-09-12,27.1439,26.784
2014-09-13,27.1447,26.7791
2014-09-14,27.147,26.7776
2014-09-15,27.132,26.7738
2014-09-16,27.1127,26.7758
2014-09-17,27.0799,26.7833
2014-09-18,27.0605,26.7933
2014-09-19,27.0956,26.8128
2014-09-20,27.0934,26.8158
2014-09-21,27.0323,26.814
2014-09-22,26.9827,26.8328
2014-09-23,26.919,26.8503
2014-09-24,26.8976,26.8785
2014-09-25,26.8613,26.8988
2014-09-26,26.8795,26.923
2014-09-27,26.952,26.9459
2014-09-28,26.9175,26.9503
2014-09-29,26.9289,26.9474
2014-09-30,26.9285,26.947
2014-10-01,26.9286,26.9566
2014-10-02,26.9408,26.9626
2014-10-03,26.9613,26.9885
2014-10-04,26.9816,26.9964
2014-10-05,27.0078,27.0042
2014-10-06,27.0756,27.0186
2014-10-07,27.0933,27.0391
2014-10-08,27.0468,27.038
2014-10-09,26.9857,27.0396
2014-10-10,26.9861,27.0462
2014-10-11,27.0724,27.0512
2014-10-12,27.166,27.0532
2014-10-13,27.1934,27.0681
2014-10-14,27.1922,27.0901
2014-10-15,27.1456,27.0948
2014-10-16,27.166,27.1124
2014-10-17,27.1414,27.1201
2014-10-18,27.1521,27.1389
2014-10-19,27.1504,27.166
2014-10-20,27.0818,27.1894
2014-10-21,27.0784,27.2144
2014-10-22,27.1012,27.2494
2014-10-23,27.0986,27.2579
2014-10-24,27.1684,27.263
2014-10-25,27.1765,27.2683
2014-10-26,27.1076,27.2666
2014-10-27,27.1572,27.2645
2014-10-28,27.2514,27.2744
2014-10-29,27.3306,27.279
2014-10-30,27.3411,27.2758
2014-10-31,27.3554,27.2789
2014-11-01,27.3682,27.2663
2014-11-02,27.3885,27.265
2014-11-03,27.4724,27.2637
2014-11-04,27.4585,27.2465
2014-11-05,27.4533,27.2299
2014-11-06,27.4681,27.2389
2014-11-07,27.4956,27.246
2014-11-08,27.5472,27.2479
2014-11-09,27.5513,27.2501
2014-11-10,27.4969,27.2525
2014-11-11,27.4874,27.2566
2014-11-12,27.4962,27.2733
2014-11-13,27.4986,27.2945
2014-11-14,27.4841,27.3248
2014-11-15,27.4606,27.3484
2014-11-16,27.523,27.3684
2014-11-17,27.6124,27.3985
2014-11-18,27.6396,27.4296
2014-11-19,27.6944,27.4623
2014-11-20,27.698,27.4646
2014-11-21,27.643,27.4557
2014-11-22,27.5592,27.4511
2014-11-23,27.501,27.4297
2014-11-24,27.4805,27.4148
2014-11-25,27.483,27.411
2014-11-26,27.4757,27.395
2014-11-27,27.4659,27.3821
2014-11-28,27.4111,27.3726
2014-11-29,27.4228,27.3761
2014-11-30,27.413,27.3887
2014-12-01,27.4009,27.395
2014-12-02,27.3104,27.3795
2014-12-03,27.282,27.3708
2014-12-04,27.2632,27.3634
2014-12-05,27.2759,27.3632
2014-12-06,27.2846,27.3553
2014-12-07,27.3124,27.3611
2014-12-08,27.3625,27.371
2014-12-09,27.3221,27.3853
2014-12-10,27.3056,27.3909
2014-12-11,27.394,27.3802
2014-12-12,27.4003,27.3758
2014-12-13,27.3465,27.3851
2014-12-14,27.2908,27.386
2014-12-15,27.2993,27.3867
2014-12-16,27.3586,27.3924
2014-12-17,27.4165,27.3921
2014-12-18,27.4167,27.3769
2014-12-19,27.3068,27.3596
2014-12-20,27.2622,27.3573
2014-12-21,27.2195,27.3518
2014-12-22,27.1118,27.3343
2014-12-23,27.0384,27.303
2014-12-24,27.079,27.2983
2014-12-25,27.0845,27.2977
2014-12-26,27.0474,27.2779
2014-12-27,27.0286,27.2806
2014-12-28,26.9747,27.2805
2014-12-29,26.9401,27.2639
2014-12-30,26.8863,27.2537
2014-12-31,26.7639,27.2584
2015-01-01,26.6136,27.2607
2015-01-02,26.6488,27.2608
2015-01-03,26.6784,27.2609
2015-01-04,26.7095,27.2496
2015-01-05,26.7301,27.2421
2015-01-06,26.7402,27.2448
2015-01-07,26.7483,27.2478
2015-01-08,26.757,27.249
2015-01-09,26.7202,27.2393
2015-01-10,26.6923,27.2311
2015-01-11,26.6744,27.2357
2015-01-12,26.6752,27.2347
2015-01-13,26.6832,27.2243
2015-01-14,26.7119,27.2324
2015-01-15,26.8509,27.2575
2015-01-16,27.0329,27.3017
2015-01-17,27.186,27.3645
2015-01-18,27.3056,27.3983
2015-01-19,27.3554,27.4114
2015-01-20,27.2887,27.4286
2015-01-21,27.2526,27.4378
2015-01-22,27.2622,27.4419
2015-01-23,27.2171,27.4387
2015-01-24,27.268,27.4279
2015-01-25,27.3635,27.4349
2015-01-26,27.3718,27.4442
2015-01-27,27.3494,27.4388
2015-01-28,27.2757,27.4207
2015-01-29,27.307,27.4194
2015-01-30,27.3335,27.4296
2015-01-31,27.406,27.4397
2015-02-01,27.4427,27.4456
2015-02-02,27.4714,27.447
2015-02-03,27.4841,27.4536
2015-02-04,27.4618,27.4715
2015-02-05,27.4173,27.4973
2015-02-06,27.4263,27.5133
2015-02-07,27.4163,27.5351
2015-02-08,27.3921,27.5438
2015-02-09,27.3335,27.5392
2015-02-10,27.2913,27.5316
2015-02-11,27.2769,27.5362
2015-02-12,27.337,27.5505
2015-02-13,27.3454,27.5559
2015-02-14,27.3652,27.5594
2015-02-15,27.3473,27.5567
2015-02-16,27.3605,27.5465
2015-02-17,27.3231,27.5427
2015-02-18,27.2684,27.536
2015-02-19,27.2056,27.5378
2015-02-20,27.2164,27.5415
2015-02-21,27.2459,27.558
2015-02-22,27.3447,27.5701
2015-02-23,27.5107,27.5749
2015-02-24,27.7157,27.5817
2015-02-25,27.7212,27.5849
2015-02-26,27.74,27.5905
2015-02-27,27.7484,27.6124
2015-02-28,27.6734,27.6132
2015-03-01,27.5752,27.621
2015-03-02,27.4726,27.6125
2015-03-03,27.4627,27.6223
2015-03-04,27.4633,27.6482
2015-03-05,27.4592,27.6652
2015-03-06,27.4558,27.6838
2015-03-07,27.4052,27.6912
2015-03-08,27.3177,27.6986
2015-03-09,27.2636,27.7119
2015-03-10,27.2764,27.7245
2015-03-11,27.3015,27.732
2015-03-12,27.3231,27.7384
2015-03-13,27.3981,27.756
2015-03-14,27.4572,27.768
2015-03-15,27.5534,27.7807
2015-03-16,27.6405,27.7821
2015-03-17,27.6489,27.8102
2015-03-18,27.6532,27.8468
2015-03-19,27.6432,27.8595
2015-03-20,27.6767,27.8898
2015-03-21,27.7163,27.9036
2015-03-22,27.7331,27.9112
2015-03-23,27.77,27.9304
2015-03-24,27.8439,27.9433
2015-03-25,27.8515,27.9512
2015-03-26,27.9498,27.9604
2015-03-27,27.9815,27.992
2015-03-28,27.9986,28.0037
2015-03-29,28.0511,28.0068
2015-03-30,28.0739,28.0211
2015-03-31,28.1375,28.0446
2015-04-01,28.1518,28.0795
2015-04-02,28.1787,28.1122
2015-04-03,28.2246,28.1269
2015-04-04,28.2442,28.1279
2015-04-05,28.1661,28.134
2015-04-06,28.1492,28.1426
2015-04-07,28.2073,28.1262
2015-04-08,28.2673,28.1077
2015-04-09,28.3744,28.1074
2015-04-10,28.5294,28.1037
2015-04-11,28.5968,28.1144
2015-04-12,28.6143,28.1347
2015-04-13,28.6688,28.1543
2015-04-14,28.7657,28.1626
2015-04-15,28.7472,28.1605
2015-04-16,28.7705,28.149
2015-04-17,28.8987,28.1504
2015-04-18,28.8695,28.1626
2015-04-19,28.8497,28.1826
2015-04-20,28.8258,28.2086
2015-04-21,28.8469,28.2041
2015-04-22,28.8425,28.2101
2015-04-23,28.8074,28.2222
2015-04-24,28.7623,28.2439
2015-04-25,28.7494,28.2437
2015-04-26,28.7514,28.2384
2015-04-27,28.7826,28.2467
2015-04-28,28.8193,28.2561
2015-04-29,28.848,28.2565
2015-04-30,28.8605,28.2464
2015-05-01,28.8859,28.2358
2015-05-02,28.9031,28.2424
2015-05-03,28.8514,28.2411
2015-05-04,28.833,28.227
2015-05-05,28.7659,28.2112
2015-05-06,28.6976,28.1953
2015-05-07,28.6404,28.1758
2015-05-08,28.6053,28.1452
2015-05-09,28.593,28.121
2015-05-10,28.5984,28.1053
2015-05-11,28.6039,28.1011
2015-05-12,28.6561,28.0882
2015-05-13,28.732,28.0726
2015-05-14,28.7384,28.0407
2015-05-15,28.7136,28.0167
2015-05-16,28.6135,28.0094
2015-05-17,28.4789,28.0027
2015-05-18,28.4854,27.9931
2015-05-19,28.4743,27.9931
2015-05-20,28.4382,27.9922
2015-05-21,28.5126,27.9828
2015-05-22,28.6143,27.9673
2015-05-23,28.6666,27.9484
2015-05-24,28.6906,27.9482
2015-05-25,28.672,27.9263
2015-05-26,28.7744,27.9329
2015-05-27,28.8925,27.9449
2015-05-28,28.8944,27.9371
2015-05-29,28.8166,27.9194
2015-05-30,28.7832,27.907
2015-05-31,28.7754,27.8995
2015-06-01,28.7419,27.8744
2015-06-02,28.7438,27.849
2015-06-03,28.7331,27.8429
2015-06-04,28.7382,27.8546
2015-06-05,28.6983,27.8436
2015-06-06,28.6696,27.8415
2015-06-07,28.7232,27.8297
2015-06-08,28.6893,27.8151
2015-06-09,28.6443,27.8034
2015-06-10,28.6216,27.7768
2015-06-11,28.6405,27.748
2015-06-12,28.5859,27.7005
2015-06-13,28.4955,27.6405
2015-06-14,28.4931,27.5932
2015-06-15,28.5425,27.5752
2015-06-16,28.6321,27.5576
2015-06-17,28.7449,27.5676
2015-06-18,28.7674,27.5637
2015-06-19,28.7683,27.5492
2015-06-20,28.8403,27.5422
2015-06-21,28.9032,27.5247
2015-06-22,28.8389,27.5056
2015-06-23,28.7568,27.4862
2015-06-24,28.6837,27.4542
2015-06-25,28.7138,27.4368
2015-06-26,28.8155,27.4245
2015-06-27,28.8464,27.3899
2015-06-28,28.8184,27.3778
2015-06-29,28.7528,27.3682
2015-06-30,28.657,27.3692
2015-07-01,28.6528,27.3861
2015-07-02,28.612,27.3861
2015-07-03,28.6187,27.3724
2015-07-04,28.7029,27.3577
2015-07-05,28.743,27.3255
2015-07-06,28.7663,27.3079
2015-07-07,28.7238,27.2993
2015-07-08,28.6829,27.2948
2015-07-09,28.6851,27.2764
2015-07-10,28.6717,27.2687
2015-07-11,28.6145,27.2449
2015-07-12,28.5609,27.2274
2015-07-13,28.5794,27.2187
2015-07-14,28.6276,27.217
2015-07-15,28.6871,27.2025
2015-07-16,28.7515,27.1949
2015-07-17,28.6967,27.1647
2015-07-18,28.593,27.1535
2015-07-19,28.5403,27.1558
2015-07-20,28.4463,27.1512
2015-07-21,28.3276,27.1462
2015-07-22,28.2286,27.1313
2015-07-23,28.2044,27.1264
2015-07-24,28.1994,27.114
2015-07-25,28.27,27.1026
2015-07-26,28.3611,27.0992
2015-07-27,28.4636,27.1115
2015-07-28,28.4189,27.1154
2015-07-29,28.3587,27.1037
2015-07-30,28.2976,27.0947
2015-07-31,28.2972,27.0808
2015-08-01,28.2451,27.0738
2015-08-02,28.3305,27.068
2015-08-03,28.3853,27.0498
2015-08-04,28.376,27.0325
2015-08-05,28.4601,27.0214
2015-08-06,28.5064,27.0029
2015-08-07,28.5985,26.9999
2015-08-08,28.5845,26.9867
2015-08-09,28.5086,26.961
2015-08-10,28.4773,26.9503
2015-08-11,28.5026,26.9504
2015-08-12,28.52,26.9645
2015-08-13,28.5894,26.9802
2015-08-14,28.6321,26.9775
2015-08-15,28.6655,26.9664
2015-08-16,28.5826,26.9469
2015-08-17,28.5583,26.9381
2015-08-18,28.5378,26.9297
2015-08-19,28.5128,26.931
2015-08-20,28.5819,26.9469
2015-08-21,28.6508,26.9659
2015-08-22,28.671,26.9735
2015-08-23,28.6247,26.9824
2015-08-24,28.5639,27.0072
2015-08-25,28.6192,27.0336
2015-08-26,28.6477,27.0442
2015-08-27,28.6068,27.0417
2015-08-28,28.5229,27.0394
2015-08-29,28.4256,27.035
2015-08-30,28.3612,27.0297
2015-08-31,28.2831,27.0348
2015-09-01,28.2521,27.0407
2015-09-02,28.2796,27.0639
2015-09-03,28.3346,27.0846
2015-09-04,28.401,27.1147
2015-09-05,28.4252,27.1365
2015-09-06,28.4218,27.1524
2015-09-07,28.4378,27.1689
2015-09-08,28.3776,27.1803
2015-09-09,28.28,27.1642
2015-09-10,28.2785,27.1443
2015-09-11,28.2471,27.1374
2015-09-12,28.27,27.1412
2015-09-13,28.4445,27.1709
2015-09-14,28.5459,27.1815
2015-09-15,28.6158,27.1869
2015-09-16,28.5929,27.19
2015-09-17,28.6418,27.1976
2015-09-18,28.6961,27.196
2015-09-19,28.77,27.2099
2015-09-20,28.7768,27.229
2015-09-21,28.732,27.2526
2015-09-22,28.6338,27.2878
2015-09-23,28.6466,27.321
2015-09-24,28.6453,27.3435
2015-09-25,28.633,27.3512
2015-09-26,28.6697,27.3567
2015-09-27,28.6581,27.3663
2015-09-28,28.6216,27.3595
2015-09-29,28.6251,27.3626
2015-09-30,28.689,27.379
2015-10-01,28.7574,27.3889
2015-10-02,28.8134,27.3859
2015-10-03,28.7623,27.3843
2015-10-04,28.6675,27.3818
2015-10-05,28.619,27.3875
2015-10-06,28.6954,27.3989
2015-10-07,28.7916,27.4236
2015-10-08,28.844,27.4481
2015-10-09,28.9014,27.4574
2015-10-10,28.859,27.4556
2015-10-11,28.8589,27.4558
2015-10-12,28.8263,27.4536
2015-10-13,28.828,27.4467
2015-10-14,28.8777,27.4404
2015-10-15,28.9147,27.4535
2015-10-16,28.9268,27.4621
2015-10-17,28.9901,27.4744
2015-10-18,29.04,27.49
2015-10-19,29.0915,27.5136
2015-10-20,29.1113,27.5127
2015-10-21,29.1128,27.5255
2015-10-22,29.1042,27.5309
2015-10-23,29.1082,27.5568
2015-10-24,29.0731,27.5623
2015-10-25,29.0762,27.5775
2015-10-26,29.1045,27.588
2015-10-27,29.2459,27.6045
2015-10-28,29.3823,27.6489
2015-10-29,29.3366,27.6761
2015-10-30,29.3008,27.6948
2015-10-31,29.2796,27.6927
2015-11-01,29.2955,27.6847
2015-11-02,29.3574,27.6812
2015-11-03,29.3772,27.6789
2015-11-04,29.369,27.7043
2015-11-05,29.3975,27.7254
2015-11-06,29.4212,27.7345
2015-11-07,29.3953,27.7342
2015-11-08,29.437,27.7397
2015-11-09,29.459,27.7336
2015-11-10,29.4715,27.7261
2015-11-11,29.4929,27.7322
2015-11-12,29.5648,27.7365
2015-11-13,29.6297,27.7457
2015-11-14,29.6995,27.7603
2015-11-15,29.7606,27.7658
2015-11-16,29.7942,27.7621
2015-11-17,29.8214,27.7671
2015-11-18,29.8184,27.7677
2015-11-19,29.8074,27.7579
2015-11-20,29.7509,27.7497
2015-11-21,29.6827,27.7442
2015-11-22,29.6482,27.7543
2015-11-23,29.6692,27.7742
2015-11-24,29.6729,27.8135
2015-11-25,29.6303,27.8231
2015-11-26,29.6394,27.8131
2015-11-27,29.6555,27.8177
2015-11-28,29.5785,27.8118
2015-11-29,29.5386,27.8218
2015-11-30,29.5332,27.8135
2015-12-01,29.4797,27.8235
2015-12-02,29.357,27.8376
2015-12-03,29.1727,27.8374
2015-12-04,29.0196,27.8362
2015-12-05,28.8897,27.8173
2015-12-06,28.853,27.8122
2015-12-07,28.9811,27.806
2015-12-08,29.079,27.7922
2015-12-09,29.115,27.7845
2015-12-10,29.1533,27.7679
2015-12-11,29.1676,27.767
2015-12-12,29.1537,27.7791
2015-12-13,29.1569,27.8031
2015-12-14,29.139,27.8322
2015-12-15,29.0935,27.8374
2015-12-16,29.0936,27.8329
2015-12-17,29.113,27.8253
2015-12-18,29.1299,27.8086
2015-12-19,29.1578,27.7919
2015-12-20,29.1633,27.7701
2015-12-21,29.1516,27.7543
2015-12-22,29.1047,27.7587
2015-12-23,29.025,27.7793
2015-12-24,28.951,27.7895
2015-12-25,28.9707,27.796
2015-12-26,28.9626,27.7817
2015-12-27,28.9787,27.7687
2015-12-28,28.9303,27.7532
2015-12-29,28.962,27.7284
2015-12-30,28.9121,27.7153
2015-12-31,28.8337,27.7161
2016-01-01,28.73,27.7364
2016-01-02,28.7026,27.7613
2016-01-03,28.72,27.7843
2016-01-04,28.7836,27.8163
2016-01-05,28.8168,27.8428
2016-01-06,28.8912,27.8671
2016-01-07,28.8708,27.8683
2016-01-08,28.9384,27.8691
2016-01-09,29.0162,27.8781
2016-01-10,29.0897,27.9303
2016-01-11,29.1516,27.9558
2016-01-12,29.1872,27.962
2016-01-13,29.2215,27.962
2016-01-14,29.216,27.968
2016-01-15,29.169,27.96
2016-01-16,29.1098,27.9645
2016-01-17,29.1197,27.9784
2016-01-18,29.1854,27.9932
2016-01-19,29.1871,27.9964
2016-01-20,29.1991,27.9723
2016-01-21,29.2033,27.9668
2016-01-22,29.2009,27.9691
2016-01-23,29.1876,27.9747
2016-01-24,29.2323,27.9774
2016-01-25,29.2581,27.9606
2016-01-26,29.2262,27.9462
2016-01-27,29.2336,27.9422
2016-01-28,29.2345,27.9232
2016-01-29,29.2119,27.9056
2016-01-30,29.1889,27.8986
2016-01-31,29.1609,27.8919
2016-02-01,29.1477,27.898
2016-02-02,29.1893,27.9151
2016-02-03,29.2071,27.9136
2016-02-04,29.1999,27.9245
2016-02-05,29.1809,27.9286
2016-02-06,29.1716,27.9141
2016-02-07,29.2049,27.8975
2016-02-08,29.1945,27.8865
2016-02-09,29.1957,27.8869
2016-02-10,29.1692,27.8977
2016-02-11,29.1531,27.9183
2016-02-12,29.0931,27.9459
2016-02-13,29.0071,27.9758
2016-02-14,29.0021,27.9946
2016-02-15,28.971,27.9961
2016-02-16,28.9436,27.9786
2016-02-17,28.944,27.9648
2016-02-18,28.9213,27.947
2016-02-19,28.9171,27.9563
2016-02-20,28.8679,27.9704
2016-02-21,28.8418,27.9862
2016-02-22,28.8371,28.0085
2016-02-23,28.7884,28.0372
2016-02-24,28.8319,28.0602
2016-02-25,28.8656,28.0711
2016-02-26,28.8703,28.0614
2016-02-27,28.9308,28.072
2016-02-28,28.9421,28.0875
2016-02-29,28.9459,28.1012
2016-03-01,28.9356,28.1223
2016-03-02,28.9194,28.1368
2016-03-03,28.8825,28.1621
2016-03-04,28.9288,28.1976
2016-03-05,28.9609,28.2336
2016-03-06,28.9651,28.2705
2016-03-07,28.9326,28.2901
2016-03-08,28.9351,28.3005
2016-03-09,28.9273,28.309
2016-03-10,28.9603,28.3199
2016-03-11,28.9649,28.3327
2016-03-12,28.8805,28.3306
2016-03-13,28.8556,28.3138
2016-03-14,28.8125,28.3203
2016-03-15,28.842,28.3415
2016-03-16,28.8576,28.3388
2016-03-17,28.8723,28.3533
2016-03-18,28.8744,28.3746
2016-03-19,28.8557,28.388
2016-03-20,28.8349,28.3856
2016-03-21,28.7746,28.3852
2016-03-22,28.7471,28.3848
2016-03-23,28.7699,28.3903
2016-03-24,28.7804,28.398
2016-03-25,28.7779,28.3962
2016-03-26,28.786,28.3963
2016-03-27,28.8196,28.3948
2016-03-28,28.9039,28.4123
2016-03-29,28.8468,28.4281
2016-03-30,28.8305,28.4348
2016-03-31,28.7769,28.4449
2016-04-01,28.7093,28.4536
2016-04-02,28.6803,28.4577
2016-04-03,28.6648,28.4733
2016-04-04,28.6984,28.4709
2016-04-05,28.7281,28.4548
2016-04-06,28.7234,28.4411
2016-04-07,28.8205,28.445
2016-04-08,28.9522,28.45
2016-04-09,29.0207,28.4441
2016-04-10,28.9786,28.4464
2016-04-11,28.9557,28.4479
2016-04-12,28.9054,28.4331
2016-04-13,28.8715,28.4328
2016-04-14,28.8757,28.4441
2016-04-15,28.846,28.4496
2016-04-16,28.7924,28.4466
2016-04-17,28.8014,28.4336
2016-04-18,28.8248,28.4063
2016-04-19,28.8913,28.3747
2016-04-20,28.8953,28.3979
2016-04-21,28.9378,28.3914
2016-04-22,28.8819,28.397
2016-04-23,28.8747,28.4021
2016-04-24,28.8099,28.411
2016-04-25,28.8263,28.4038
2016-04-26,28.6672,28.4148
2016-04-27,28.5924,28.4245
2016-04-28,28.5004,28.4371
2016-04-29,28.498,28.4306
2016-04-30,28.585,28.4499
2016-05-01,28.6158,28.4573
2016-05-02,28.5305,28.4426
2016-05-03,28.4428,28.4266
2016-05-04,28.524,28.4253
2016-05-05,28.5853,28.4247
2016-05-06,28.6524,28.4088
2016-05-07,28.669,28.3891
2016-05-08,28.6504,28.3722
2016-05-09,28.5681,28.3541
2016-05-10,28.4549,28.3295
2016-05-11,28.3746,28.3175
2016-05-12,28.2445,28.2929
2016-05-13,28.1741,28.2819
2016-05-14,28.0914,28.2803
2016-05-15,28.07,28.2652
2016-05-16,28.0692,28.253
2016-05-17,28.0453,28.2339
2016-05-18,27.9775,28.2068
2016-05-19,27.9304,28.1894
2016-05-20,27.7924,28.1451
2016-05-21,27.7436,28.1224
2016-05-22,27.692,28.1046
2016-05-23,27.6659,28.0637
2016-05-24,27.7274,28.0787
2016-05-25,27.8034,28.0614
2016-05-26,27.772,28.037
2016-05-27,27.69,28.0548
2016-05-28,27.6322,28.0652
2016-05-29,27.6951,28.0429
2016-05-30,27.6978,28.0085
2016-05-31,27.6042,27.9812
2016-06-01,27.6027,27.9686
2016-06-02,27.5877,27.9689
2016-06-03,27.6409,27.9777
2016-06-04,27.7124,27.9642
2016-06-05,27.7671,27.9519
2016-06-06,27.7014,27.9377
2016-06-07,27.7785,27.9001
2016-06-08,27.7909,27.8843
2016-06-09,27.8708,27.8692
2016-06-10,27.8845,27.8369
2016-06-11,27.9652,27.8561
2016-06-12,28.0835,27.8566
2016-06-13,28.15,27.8386
2016-06-14,28.1544,27.8326
2016-06-15,28.1792,27.8135
2016-06-16,28.0761,27.7987
2016-06-17,27.9564,27.7774
2016-06-18,27.8088,27.7507
2016-06-19,27.6262,27.719
2016-06-20,27.5462,27.6799
2016-06-21,27.4394,27.6559
2016-06-22,27.3529,27.6333
2016-06-23,27.2121,27.5983
2016-06-24,27.0906,27.5694
2016-06-25,26.9907,27.5475
2016-06-26,26.9997,27.5506
2016-06-27,27.0939,27.5384
2016-06-28,27.2526,27.5142
2016-06-29,27.4122,27.4951
2016-06-30,27.4877,27.4938
2016-07-01,27.3831,27.4991
2016-07-02,27.3149,27.477
2016-07-03,27.2488,27.4462
2016-07-04,27.1687,27.421
2016-07-05,27.0803,27.4055
2016-07-06,26.9889,27.3746
2016-07-07,26.9138,27.345
2016-07-08,26.8961,27.3267
2016-07-09,26.9456,27.3099
2016-07-10,26.9084,27.2928
2016-07-11,26.8529,27.2744
2016-07-12,26.8043,27.2606
2016-07-13,26.736,27.2433
2016-07-14,26.6897,27.2253
2016-07-15,26.6697,27.2092
2016-07-16,26.6535,27.2048
2016-07-17,26.6411,27.188
2016-07-18,26.6348,27.1704
2016-07-19,26.6396,27.1667
2016-07-20,26.6704,27.1552
2016-07-21,26.6653,27.136
2016-07-22,26.6193,27.1386
2016-07-23,26.5772,27.124
2016-07-24,26.5327,27.1021
2016-07-25,26.5585,27.0935
2016-07-26,26.619,27.0977
2016-07-27,26.6409,27.089
2016-07-28,26.5865,27.0874
2016-07-29,26.52,27.0846
2016-07-30,26.5376,27.0911
2016-07-31,26.5702,27.0948
2016-08-01,26.595,27.0817
2016-08-02,26.5856,27.0743
2016-08-03,26.5383,27.0638
2016-08-04,26.4916,27.0589
2016-08-05,26.5026,27.0536
2016-08-06,26.497,27.027
2016-08-07,26.4177,26.9911
2016-08-08,26.392,26.965
2016-08-09,26.3507,26.945
2016-08-10,26.3302,26.9429
2016-08-11,26.3374,26.9569
2016-08-12,26.3709,26.9729
2016-08-13,26.3982,26.988
2016-08-14,26.4104,26.9956
2016-08-15,26.4065,26.9879
2016-08-16,26.3833,26.9725
2016-08-17,26.3386,26.9557
2016-08-18,26.3003,26.9304
2016-08-19,26.2574,26.9062
2016-08-20,26.166,26.8896
2016-08-21,26.077,26.8854
2016-08-22,26.0315,26.9049
2016-08-23,26.0342,26.9178
2016-08-24,26.0918,26.9143
2016-08-25,26.132,26.9169
2016-08-26,26.1944,26.9331
2016-08-27,26.2617,26.9583
2016-08-28,26.3148,26.9633
2016-08-29,26.3266,26.9747
2016-08-30,26.3356,26.9853
2016-08-31,26.2678,26.9802
2016-09-01,26.256,26.9827
2016-09-02,26.2226,26.9761
2016-09-03,26.2009,26.9717
2016-09-04,26.2152,26.9576
2016-09-05,26.2211,26.9413
2016-09-06,26.233,26.9274
2016-09-07,26.2519,26.9347
2016-09-08,26.2839,26.9402
2016-09-09,26.2545,26.9446
2016-09-10,26.2033,26.937
2016-09-11,26.1417,26.9291
2016-09-12,26.1392,26.9302
2016-09-13,26.1632,26.9344
2016-09-14,26.1785,26.9438
2016-09-15,26.16,26.9489
2016-09-16,26.1136,26.9474
2016-09-17,26.1335,26.9465
2016-09-18,26.1953,26.9602
2016-09-19,26.2622,26.99
2016-09-20,26.3309,27.0092
2016-09-21,26.4034,27.0278
2016-09-22,26.4647,27.057
2016-09-23,26.4485,27.0708
2016-09-24,26.3968,27.0708
2016-09-25,26.3333,27.0773
2016-09-26,26.2823,27.0739
2016-09-27,26.2283,27.0642
2016-09-28,26.2001,27.0607
2016-09-29,26.1638,27.0622
2016-09-30,26.1087,27.0622
2016-10-01,26.0161,27.0689
2016-10-02,25.9577,27.0707
2016-10-03,25.8927,27.0765
2016-10-04,25.8249,27.0871
2016-10-05,25.817,27.084
2016-10-06,25.8208,27.0841
2016-10-07,25.8333,27.0894
2016-10-08,25.897,27.0858
2016-10-09,25.9761,27.0911
2016-10-10,26.0455,27.1044
2016-10-11,26.1008,27.1301
2016-10-12,26.169,27.1532
2016-10-13,26.1676,27.1645
2016-10-14,26.1028,27.1775
2016-10-15,26.0004,27.1791
2016-10-16,25.9393,27.1877
2016-10-17,25.9224,27.1988
2016-10-18,25.9225,27.2119
2016-10-19,25.9037,27.2114
2016-10-20,25.9206,27.2037
2016-10-21,26.0013,27.216
2016-10-22,26.0486,27.2215
2016-10-23,26.1089,27.2307
2016-10-24,26.1103,27.2433
2016-10-25,26.0593,27.2539
2016-10-26,26.0262,27.2657
2016-10-27,25.9761,27.2656
2016-10-28,25.9352,27.2676
2016-10-29,25.9142,27.2678
2016-10-30,25.8749,27.2851
2016-10-31,25.8396,27.3009
2016-11-01,25.8731,27.2969
2016-11-02,25.9595,27.2876
2016-11-03,26.0399,27.2928
2016-11-04,26.062,27.3105
2016-11-05,26.0603,27.3111
2016-11-06,26.0159,27.3046
2016-11-07,26.0191,27.2822
2016-11-08,26.0378,27.2543
2016-11-09,26.0458,27.2551
2016-11-10,26.0843,27.2646
2016-11-11,26.074,27.3018
2016-11-12,26.0794,27.3299
2016-11-13,26.0981,27.3502
2016-11-14,26.1181,27.3616
2016-11-15,26.1156,27.3516
2016-11-16,26.1323,27.3371
2016-11-17,26.1483,27.3228
2016-11-18,26.1478,27.3118
2016-11-19,26.1212,27.3145
2016-11-20,26.0789,27.3202
2016-11-21,26.082,27.3226
2016-11-22,26.1261,27.3305
2016-11-23,26.1483,27.3432
2016-11-24,26.1592,27.3478
2016-11-25,26.1372,27.3429
2016-11-26,26.1427,27.3425
2016-11-27,26.1482,27.3533
2016-11-28,26.1391,27.3583
2016-11-29,26.148,27.3656
2016-11-30,26.2327,27.3872
2016-12-01,26.3233,27.4315
2016-12-02,26.3344,27.4679
2016-12-03,26.2938,27.468
2016-12-04,26.3041,27.4593
2016-12-05,26.325,27.4466
2016-12-06,26.3053,27.4395
2016-12-07,26.2852,27.4408
2016-12-08,26.2434,27.4416
2016-12-09,26.1644,27.452
2016-12-10,26.1023,27.4527
2016-12-11,26.0838,27.4466
2016-12-12,26.1091,27.4462
2016-12-13,26.1416,27.4387
2016-12-14,26.1808,27.4156
2016-12-15,26.1915,27.405
2016-12-16,26.1676,27.4081
2016-12-17,26.1415,27.4016
2016-12-18,26.1339,27.3939
2016-12-19,26.0864,27.3855
2016-12-20,26.0534,27.3765
2016-12-21,26.0964,27.3849
2016-12-22,26.1664,27.3949
2016-12-23,26.2356,27.3922
2016-12-24,26.2937,27.3918
2016-12-25,26.3654,27.3977
2016-12-26,26.3957,27.3934
2016-12-27,26.3873,27.377
2016-12-28,26.3853,27.3737
2016-12-29,26.3781,27.3668
2016-12-30,26.3111,27.3563
2016-12-31,26.2521,27.3336
2017-01-01,26.2043,27.3154
2017-01-02,26.1847,27.3058
2017-01-03,26.1613,27.3051
2017-01-04,26.1622,27.3106
2017-01-05,26.1579,27.3215
2017-01-06,26.148,27.3229
2017-01-07,26.1409,27.326
2017-01-08,26.1497,27.3348
2017-01-09,26.1453,27.3277
2017-01-10,26.1249,27.3402
2017-01-11,26.1705,27.3741
2017-01-12,26.275,27.4042
2017-01-13,26.333,27.4137
2017-01-14,26.393,27.4274
2017-01-15,26.3804,27.4175
2017-01-16,26.3998,27.4224
2017-01-17,26.4091,27.4232
2017-01-18,26.4349,27.4138
2017-01-19,26.3988,27.4004
2017-01-20,26.3283,27.4023
2017-01-21,26.3175,27.4254
2017-01-22,26.2753,27.4553
2017-01-23,26.238,27.458
2017-01-24,26.1795,27.4699
2017-01-25,26.2452,27.4788
2017-01-26,26.1571,27.4605
2017-01-27,26.098,27.4494
2017-01-28,26.0484,27.4271
2017-01-29,26.0771,27.464
2017-01-30,26.1322,27.4764
2017-01-31,26.0993,27.4731
2017-02-01,26.0767,27.4722
2017-02-02,26.1313,27.4692
2017-02-03,26.1777,27.469
2017-02-04,26.2516,27.4606
2017-02-05,26.3838,27.4534
2017-02-06,26.4553,27.4734
2017-02-07,26.2653,27.4558
2017-02-08,26.3976,27.4669
2017-02-09,26.3569,27.4835
2017-02-10,26.5063,27.5019
2017-02-11,26.7177,27.5357
2017-02-12,26.8852,27.5651
2017-02-13,27.0295,27.5881
2017-02-14,27.1997,27.5917
2017-02-15,27.2032,27.5996
2017-02-16,27.2073,27.6033
2017-02-17,27.1173,27.6007
2017-02-18,26.9871,27.5998
2017-02-19,26.9136,27.5965
2017-02-20,26.9595,27.6207
2017-02-21,26.9538,27.6226
2017-02-22,27.0258,27.6214
2017-02-23,27.0718,27.6534
2017-02-24,27.1317,27.6778
2017-02-25,27.1471,27.7002
2017-02-26,27.1269,27.7025
2017-02-27,27.1577,27.6929
2017-02-28,27.1057,27.6947
2017-03-01,27.0395,27.7014
2017-03-02,26.9662,27.7102
2017-03-03,26.9599,27.719
2017-03-04,26.9758,27.7325
2017-03-05,27.0275,27.7627
2017-03-06,27.0931,27.806
2017-03-07,27.1761,27.849
2017-03-08,27.2129,27.8723
2017-03-09,27.22,27.8825
2017-03-10,27.2154,27.9024
2017-03-11,27.1932,27.9231
2017-03-12,27.2075,27.9317
2017-03-13,27.2924,27.9627
2017-03-14,27.445,27.989
2017-03-15,27.5129,27.9988
2017-03-16,27.5124,27.9913
2017-03-17,27.5312,27.9811
2017-03-18,27.5515,27.9873
2017-03-19,27.5708,28.0063
2017-03-20,27.5601,28.01
2017-03-21,27.568,28.015
2017-03-22,27.5961,28.0199
2017-03-23,27.6261,28.0309
2017-03-24,27.6579,28.039
2017-03-25,27.6529,28.038
2017-03-26,27.6676,28.0325
2017-03-27,27.7016,28.0314
2017-03-28,27.6791,28.0305
2017-03-29,27.6989,28.0373
2017-03-30,27.7109,28.0681
2017-03-31,27.703,28.0948
2017-04-01,27.7243,28.1185
2017-04-02,27.7462,28.1214
2017-04-03,27.7696,28.1116
2017-04-04,27.8529,28.1136
2017-04-05,27.9437,28.1112
2017-04-06,27.9635,28.1127
2017-04-07,27.972,28.1274
2017-04-08,27.9918,28.1344
2017-04-09,27.9905,28.1505
2017-04-10,27.9424,28.1843
2017-04-11,27.9141,28.1978
2017-04-12,27.9759,28.1977
2017-04-13,28.0729,28.1993
2017-04-14,28.2499,28.1865
2017-04-15,28.4308,28.1769
2017-04-16,28.5622,28.1821
2017-04-17,28.5782,28.1951
2017-04-18,28.4582,28.2052
2017-04-19,28.3534,28.2129
2017-04-20,28.2789,28.2226
2017-04-21,28.2304,28.2431
2017-04-22,28.2047,28.2594
2017-04-23,28.2696,28.2776
2017-04-24,28.3498,28.2893
2017-04-25,28.3538,28.2852
2017-04-26,28.3613,28.2728
2017-04-27,28.3505,28.2598
2017-04-28,28.3374,28.242
2017-04-29,28.2891,28.238
2017-04-30,28.2242,28.2346
2017-05-01,28.1828,28.2244
2017-05-02,28.1849,28.2238
2017-05-03,28.2263,28.2353
2017-05-04,28.2241,28.2449
2017-05-05,28.1946,28.2535
2017-05-06,28.2412,28.2482
2017-05-07,28.3757,28.2286
2017-05-08,28.3923,28.1924
2017-05-09,28.393,28.1731
2017-05-10,28.3566,28.1552
2017-05-11,28.2932,28.1366
2017-05-12,28.2501,28.1256
2017-05-13,28.2434,28.1251
2017-05-14,28.2912,28.1202
2017-05-15,28.3185,28.1149
2017-05-16,28.268,28.1011
2017-05-17,28.2172,28.0795
2017-05-18,28.2525,28.0629
2017-05-19,28.2413,28.0483
2017-05-20,28.24,28.0259
2017-05-21,28.2522,28.0073
2017-05-22,28.3102,27.9947
2017-05-23,28.3492,27.9895
2017-05-24,28.377,27.983
2017-05-25,28.3793,27.9737
2017-05-26,28.3795,27.9568
2017-05-27,28.3896,27.9353
2017-05-28,28.3525,27.9242
2017-05-29,28.3183,27.9053
2017-05-30,28.2786,27.881
2017-05-31,28.2307,27.8664
2017-06-01,28.1655,27.8523
2017-06-02,28.1253,27.8317
2017-06-03,28.1071,27.8041
2017-06-04,28.0819,27.7846
2017-06-05,28.0768,27.7702
2017-06-06,28.1111,27.7534
2017-06-07,28.1193,27.7254
2017-06-08,28.0899,27.6976
2017-06-09,28.0626,27.6851
2017-06-10,27.9874,27.6663
2017-06-11,28.0001,27.6209
2017-06-12,28.083,27.5982
2017-06-13,28.1604,27.5934
2017-06-14,28.1859,27.5917
2017-06-15,28.1708,27.6
2017-06-16,28.1604,27.5981
2017-06-17,28.1443,27.5929
2017-06-18,28.0874,27.566
2017-06-19,28.0542,27.5308
2017-06-20,28.035,27.4858
2017-06-21,28.0563,27.4696
2017-06-22,28.0656,27.4585
2017-06-23,28.0755,27.4427
2017-06-24,28.0817,27.4282
2017-06-25,28.1075,27.4045
2017-06-26,28.0166,27.3819
2017-06-27,27.9353,27.3709
2017-06-28,27.9566,27.361
2017-06-29,27.9639,27.3524
2017-06-30,27.8978,27.3395
2017-07-01,27.8514,27.3139
2017-07-02,27.8729,27.2958
2017-07-03,27.9184,27.2813
2017-07-04,27.9525,27.2769
2017-07-05,27.9084,27.2586
2017-07-06,27.8638,27.2514
2017-07-07,27.84,27.2516
2017-07-08,27.786,27.2421
2017-07-09,27.7316,27.2305
2017-07-10,27.709,27.2303
2017-07-11,27.7033,27.2163
2017-07-12,27.6975,27.2079
2017-07-13,27.6603,27.1952
2017-07-14,27.6025,27.1751
2017-07-15,27.566,27.1569
2017-07-16,27.5211,27.1401
2017-07-17,27.5006,27.1195
2017-07-18,27.4483,27.0863
2017-07-19,27.4138,27.0641
2017-07-20,27.4,27.0444
2017-07-21,27.3743,27.0313
2017-07-22,27.3589,27.0249
2017-07-23,27.2898,27.0237
2017-07-24,27.165,27.0086
2017-07-25,27.081,27.0031
2017-07-26,27.1313,27.012
2017-07-27,27.1522,27.0127
2017-07-28,27.1603,27.0118
2017-07-29,27.1961,27.0102
2017-07-30,27.2033,27.0051
2017-07-31,27.1791,26.9957
2017-08-01,27.105,26.9937
2017-08-02,27.0534,26.9689
2017-08-03,27.0197,26.9417
2017-08-04,26.958,26.9257
2017-08-05,26.881,26.9237
2017-08-06,26.8058,26.9401
2017-08-07,26.784,26.9487
2017-08-08,26.7682,26.9518
2017-08-09,26.8275,26.9562
2017-08-10,26.8652,26.9579
2017-08-11,26.8616,26.9526
2017-08-12,26.8217,26.9473
2017-08-13,26.7365,26.9463
2017-08-14,26.7019,26.9475
2017-08-15,26.6836,26.9457
2017-08-16,26.6412,26.9448
2017-08-17,26.7093,26.9462
2017-08-18,26.7365,26.949
2017-08-19,26.7166,26.9418
2017-08-20,26.6578,26.9286
2017-08-21,26.5954,26.9195
2017-08-22,26.6097,26.9162
2017-08-23,26.7051,26.9179
2017-08-24,26.7324,26.921
2017-08-25,26.7532,26.9332
2017-08-26,26.7781,26.9422
2017-08-27,26.7713,26.9397
2017-08-28,26.6854,26.9272
2017-08-29,26.581,26.9087
2017-08-30,26.508,26.8822
2017-08-31,26.4169,26.8659
2017-09-01,26.3222,26.86
2017-09-02,26.271,26.8577
2017-09-03,26.2643,26.8477
2017-09-04,26.2406,26.8506
2017-09-05,26.2341,26.8598
2017-09-06,26.2281,26.8542
2017-09-07,26.2602,26.8626
2017-09-08,26.313,26.8806
2017-09-09,26.335,26.8868
2017-09-10,26.3529,26.8929
2017-09-11,26.3215,26.8845
2017-09-12,26.3297,26.8762
2017-09-13,26.3749,26.8762
2017-09-14,26.3738,26.8675
2017-09-15,26.3564,26.8628
2017-09-16,26.3275,26.8686
2017-09-17,26.3251,26.8841
2017-09-18,26.3142,26.8988
2017-09-19,26.256,26.9082
2017-09-20,26.2724,26.9201
2017-09-21,26.2943,26.9305
2017-09-22,26.3482,26.9309
2017-09-23,26.4275,26.9201
2017-09-24,26.4841,26.9013
2017-09-25,26.5063,26.9068
2017-09-26,26.5224,26.9205
2017-09-27,26.5376,26.9262
2017-09-28,26.5646,26.9412
2017-09-29,26.5888,26.9697
2017-09-30,26.6322,27.0193
2017-10-01,26.694,27.0526
2017-10-02,26.7618,27.0713
2017-10-03,26.805,27.0635
2017-10-04,26.8064,27.0541
2017-10-05,26.7364,27.0474
2017-10-06,26.6279,27.0353
2017-10-07,26.5259,27.0241
2017-10-08,26.3948,27.029
2017-10-09,26.2665,27.0487
2017-10-10,26.2336,27.0538
2017-10-11,26.268,27.0555
2017-10-12,26.2935,27.0648
2017-10-13,26.3028,27.0733
2017-10-14,26.3158,27.0671
2017-10-15,26.2722,27.0513
2017-10-16,26.1917,27.0564
2017-10-17,26.0688,27.0508
2017-10-18,26.0185,27.0654
2017-10-19,25.9833,27.0832
2017-10-20,25.9354,27.0784
2017-10-21,25.9358,27.0879
2017-10-22,26.0213,27.0976
2017-10-23,26.1071,27.1104
2017-10-24,26.2215,27.1269
2017-10-25,26.2787,27.1424
2017-10-26,26.2762,27.1627
2017-10-27,26.3207,27.1888
2017-10-28,26.32,27.2187
2017-10-29,26.3285,27.2469
2017-10-30,26.2332,27.2605
2017-10-31,26.1944,27.2618
2017-11-01,26.2053,27.2449
2017-11-02,26.2042,27.2355
2017-11-03,26.1767,27.2388
2017-11-04,26.0573,27.2303
2017-11-05,25.9115,27.2164
2017-11-06,25.8545,27.2239
2017-11-07,25.8209,27.225
2017-11-08,25.7893,27.2275
2017-11-09,25.7479,27.2282
2017-11-10,25.7466,27.232
2017-11-11,25.7616,27.2399
2017-11-12,25.8556,27.2575
2017-11-13,25.9386,27.2644
2017-11-14,25.9204,27.2601
2017-11-15,25.879,27.2606
2017-11-16,25.8596,27.2652
2017-11-17,25.8599,27.2602
2017-11-18,25.8184,27.2449
2017-11-19,25.7621,27.2371
2017-11-20,25.7362,27.2392
2017-11-21,25.7217,27.2388
2017-11-22,25.7244,27.2582
2017-11-23,25.7443,27.2682
2017-11-24,25.7236,27.2606
2017-11-25,25.7082,27.2433
2017-11-26,25.6703,27.2278
2017-11-27,25.5987,27.2156
2017-11-28,25.5659,27.2175
2017-11-29,25.5299,27.2027
2017-11-30,25.5034,27.2115
2017-12-01,25.4945,27.2094
2017-12-02,25.52,27.2059
2017-12-03,25.5423,27.1986
2017-12-04,25.5928,27.1697
2017-12-05,25.6033,27.1574
2017-12-06,25.651,27.1625
2017-12-07,25.6857,27.1687
2017-12-08,25.6769,27.1601
2017-12-09,25.6757,27.1416
2017-12-10,25.6803,27.1337
2017-12-11,25.7182,27.1398
2017-12-12,25.6473,27.1473
2017-12-13,25.5513,27.1404
2017-12-14,25.5448,27.1446
2017-12-15,25.4992,27.1468
2017-12-16,25.5198,27.1443
2017-12-17,25.5106,27.1288
2017-12-18,25.5437,27.1135
2017-12-19,25.5931,27.1069
2017-12-20,25.6158,27.1058
2017-12-21,25.6289,27.0919
2017-12-22,25.6755,27.0819
2017-12-23,25.7182,27.0835
2017-12-24,25.7312,27.0773
2017-12-25,25.7236,27.0647
2017-12-26,25.73,27.0602
2017-12-27,25.7395,27.059
2017-12-28,25.7783,27.0803
2017-12-29,25.7401,27.105
2017-12-30,25.6726,27.1047
2017-12-31,25.5779,27.0961
2018-01-01,25.519,27.0939
2018-01-02,25.4298,27.0879
2018-01-03,25.4209,27.0924
2018-01-04,25.5178,27.0991
2018-01-05,25.5473,27.1059
2018-01-06,25.5552,27.112
2018-01-07,25.5303,27.1201
2018-01-08,25.5401,27.1362
2018-01-09,25.5761,27.1525
2018-01-10,25.6135,27.1642
2018-01-11,25.6747,27.1637
2018-01-12,25.7654,27.1542
2018-01-13,25.8616,27.156
2018-01-14,25.8627,27.1561
2018-01-15,25.8508,27.1457
2018-01-16,25.9081,27.1403
2018-01-17,25.9667,27.1343
2018-01-18,25.993,27.1271
2018-01-19,25.9876,27.1268
2018-01-20,25.9931,27.1302
2018-01-21,26.0055,27.1306
2018-01-22,26.0191,27.136
2018-01-23,25.9626,27.1456
2018-01-24,25.9326,27.1738
2018-01-25,25.9835,27.1861
2018-01-26,26.0084,27.1862
2018-01-27,26.0056,27.1823
2018-01-28,25.9739,27.1574
2018-01-29,25.9201,27.143
2018-01-30,25.9366,27.1337
2018-01-31,25.9757,27.1235
2018-02-01,25.9726,27.1246
2018-02-02,25.9514,27.1347
2018-02-03,25.9311,27.1327
2018-02-04,25.9184,27.1265
2018-02-05,25.9585,27.125
2018-02-06,25.9775,27.1316
2018-02-07,25.9828,27.1454
2018-02-08,25.9957,27.1707
2018-02-09,26.0102,27.183
2018-02-10,25.9751,27.1808
2018-02-11,25.893,27.1862
2018-02-12,25.8655,27.2008
2018-02-13,25.8445,27.2148
2018-02-14,25.873,27.228
2018-02-15,25.9306,27.2331
2018-02-16,25.8815,27.2412
2018-02-17,25.8427,27.2739
2018-02-18,25.8506,27.2989
2018-02-19,25.8995,27.3252
2018-02-20,25.9546,27.3439
2018-02-21,26.016,27.3631
2018-02-22,26.1362,27.3854
2018-02-23,26.1888,27.4083
2018-02-24,26.1688,27.4243
2018-02-25,26.1331,27.4473
2018-02-26,26.1761,27.4654
2018-02-27,26.1839,27.4784
2018-02-28,26.1611,27.4932
2018-03-01,26.1292,27.5035
2018-03-02,26.1087,27.5235
2018-03-03,26.1853,27.5474
2018-03-04,26.2356,27.5658
2018-03-05,26.2484,27.5661
2018-03-06,26.2591,27.562
2018-03-07,26.2593,27.5503
2018-03-08,26.2083,27.5458
2018-03-09,26.1833,27.5253
2018-03-10,26.245,27.5106
2018-03-11,26.3356,27.519
2018-03-12,26.3941,27.5337
2018-03-13,26.443,27.5443
2018-03-14,26.4468,27.5621
2018-03-15,26.4495,27.5781
2018-03-16,26.4489,27.6024
2018-03-17,26.431,27.6107
2018-03-18,26.3811,27.633
2018-03-19,26.3412,27.6682
2018-03-20,26.3901,27.7029
2018-03-21,26.4201,27.7075
2018-03-22,26.4247,27.6871
2018-03-23,26.4089,27.6497
2018-03-24,26.4,27.6236
2018-03-25,26.4661,27.626
2018-03-26,26.5927,27.6508
2018-03-27,26.6712,27.6864
2018-03-28,26.7277,27.7279
2018-03-29,26.8531,27.7513
2018-03-30,26.9466,27.7703
2018-03-31,26.898,27.7753
2018-04-01,26.894,27.7963
2018-04-02,26.9264,27.8318
2018-04-03,26.9804,27.8687
2018-04-04,27.0339,27.9001
2018-04-05,27.0315,27.9218
2018-04-06,27.0382,27.9283
2018-04-07,27.0223,27.927
2018-04-08,27.0822,27.932
2018-04-09,27.1678,27.9466
2018-04-10,27.2552,27.9504
2018-04-11,27.2756,27.9508
2018-04-12,27.2865,27.9578
2018-04-13,27.2566,27.9775
2018-04-14,27.2331,27.9875
2018-04-15,27.2296,27.9834
2018-04-16,27.2592,27.9752
2018-04-17,27.2842,27.9673
2018-04-18,27.3021,27.9511
2018-04-19,27.3391,27.9518
2018-04-20,27.2765,27.9331
2018-04-21,27.1351,27.934
2018-04-22,27.1584,27.9452
2018-04-23,27.3153,27.9515
2018-04-24,27.3665,27.9522
2018-04-25,27.4213,27.9574
2018-04-26,27.4611,27.9578
2018-04-27,27.4601,27.9531
2018-04-28,27.4514,27.9466
2018-04-29,27.4442,27.9378
2018-04-30,27.444,27.9242
2018-05-01,27.4687,27.9081
2018-05-02,27.5028,27.8971
2018-05-03,27.5457,27.9059
2018-05-04,27.5437,27.9174
2018-05-05,27.5333,27.9188
2018-05-06,27.5952,27.9111
2018-05-07,27.5943,27.9095
2018-05-08,27.5218,27.9057
2018-05-09,27.4833,27.9051
2018-05-10,27.5505,27.9163
2018-05-11,27.6428,27.9276
2018-05-12,27.692,27.9257
2018-05-13,27.7344,27.9271
2018-05-14,27.7809,27.935
2018-05-15,27.8366,27.9341
2018-05-16,27.8624,27.9285
2018-05-17,27.8938,27.9056
2018-05-18,27.8446,27.8673
2018-05-19,27.82,27.8476
2018-05-20,27.8284,27.8291
2018-05-21,27.8033,27.8145
2018-05-22,27.8163,27.7966
2018-05-23,27.7975,27.7811
2018-05-24,27.8317,27.7528
2018-05-25,27.8756,27.7349
2018-05-26,27.8539,27.7112
2018-05-27,27.8332,27.6823
2018-05-28,27.8133,27.6633
2018-05-29,27.7391,27.6373
2018-05-30,27.6597,27.6127
2018-05-31,27.6195,27.5907
2018-06-01,27.6353,27.5748
2018-06-02,27.7142,27.5573
2018-06-03,27.7575,27.5445
2018-06-04,27.7395,27.5283
2018-06-05,27.7186,27.515
2018-06-06,27.6858,27.508
2018-06-07,27.6876,27.4855
2018-06-08,27.6894,27.4641
2018-06-09,27.7171,27.4391
2018-06-10,27.7909,27.4167
2018-06-11,27.828,27.3853
2018-06-12,27.8407,27.3494
2018-06-13,27.8355,27.3322
2018-06-14,27.8017,27.3166
2018-06-15,27.7155,27.3003
2018-06-16,27.6918,27.2983
2018-06-17,27.7555,27.2957
2018-06-18,27.8898,27.2807
2018-06-19,27.9275,27.2728
2018-06-20,27.9066,27.2714
2018-06-21,27.8978,27.2675
2018-06-22,27.9297,27.2598
2018-06-23,27.9308,27.2337
2018-06-24,27.9256,27.2203
2018-06-25,27.9013,27.2095
2018-06-26,27.9042,27.2071
2018-06-27,27.898,27.2009
2018-06-28,27.9167,27.1922
2018-06-29,27.8568,27.163
2018-06-30,27.85,27.148
2018-07-01,27.7998,27.1272
2018-07-02,27.7286,27.1106
2018-07-03,27.6292,27.0653
2018-07-04,27.6069,27.0326
2018-07-05,27.5903,27.0186
2018-07-06,27.5775,26.9996
2018-07-07,27.637,26.9734
2018-07-08,27.6728,26.9708
2018-07-09,27.635,26.9589
2018-07-10,27.5847,26.9487
2018-07-11,27.538,26.9353
2018-07-12,27.5421,26.9168
2018-07-13,27.5153,26.8968
2018-07-14,27.4309,26.879
2018-07-15,27.3915,26.8507
2018-07-16,27.4035,26.8271
2018-07-17,27.4066,26.8101
2018-07-18,27.3985,26.7881
2018-07-19,27.357,26.779
2018-07-20,27.329,26.7708
2018-07-21,27.3453,26.7631
2018-07-22,27.3775,26.7611
2018-07-23,27.399,26.7655
2018-07-24,27.3321,26.7789
2018-07-25,27.2707,26.771
2018-07-26,27.2539,26.7552
2018-07-27,27.2656,26.7677
2018-07-28,27.2357,26.782
2018-07-29,27.2242,26.7738
2018-07-30,27.224,26.7696
2018-07-31,27.2308,26.7531
2018-08-01,27.2376,26.7361
2018-08-02,27.1897,26.7356
2018-08-03,27.1149,26.7266
2018-08-04,27.0714,26.7129
2018-08-05,27.0516,26.7174
2018-08-06,27.0415,26.6973
2018-08-07,27.051,26.6801
2018-08-08,27.0526,26.6517
2018-08-09,27.0752,26.6375
2018-08-10,27.0939,26.6421
2018-08-11,27.1901,26.6611
2018-08-12,27.2323,26.6719
2018-08-13,27.2258,26.6737
2018-08-14,27.1844,26.6766
2018-08-15,27.1807,26.679
2018-08-16,27.1968,26.6905
2018-08-17,27.1989,26.7
2018-08-18,27.1295,26.7114
2018-08-19,27.0916,26.7079
2018-08-20,27.099,26.7033
2018-08-21,27.1381,26.7093
2018-08-22,27.1822,26.7044
2018-08-23,27.1576,26.714
2018-08-24,27.1521,26.7129
2018-08-25,27.1156,26.7112
2018-08-26,27.0591,26.7037
2018-08-27,26.9874,26.7016
2018-08-28,26.9418,26.7047
2018-08-29,26.9296,26.7096
2018-08-30,26.9903,26.7287
2018-08-31,26.9501,26.7317
2018-09-01,26.9127,26.7313
2018-09-02,26.9363,26.7397
2018-09-03,26.9889,26.7488
2018-09-04,27.0333,26.7586
2018-09-05,27.0227,26.7708
2018-09-06,27.0338,26.7891
2018-09-07,27.0831,26.7888
2018-09-08,27.0799,26.7985
2018-09-09,27.0568,26.8021
2018-09-10,27.0105,26.8088
2018-09-11,26.956,26.8243
2018-09-12,26.9079,26.8407
2018-09-13,26.9444,26.86
2018-09-14,26.9394,26.8552
2018-09-15,26.9159,26.8535
2018-09-16,26.8406,26.8344
2018-09-17,26.802,26.8121
2018-09-18,26.8197,26.8118
2018-09-19,26.8367,26.8163
2018-09-20,26.8906,26.8312
2018-09-21,26.9074,26.8548
2018-09-22,26.9653,26.8829
2018-09-23,27.1057,26.9245
2018-09-24,27.1994,26.9547
2018-09-25,27.2219,26.9837
2018-09-26,27.1917,26.9947
2018-09-27,27.1811,27.0097
2018-09-28,27.1644,27.0185
2018-09-29,27.1757,27.0311
2018-09-30,27.3167,27.0642
2018-10-01,27.4301,27.077
2018-10-02,27.4673,27.0925
2018-10-03,27.4908,27.1068
2018-10-04,27.523,27.1326
2018-10-05,27.5514,27.1437
2018-10-06,27.6051,27.1571
2018-10-07,27.6451,27.1573
2018-10-08,27.6316,27.1629
2018-10-09,27.6616,27.1714
2018-10-10,27.6939,27.1677
2018-10-11,27.6655,27.1755
2018-10-12,27.6278,27.1728
2018-10-13,27.5828,27.1736
2018-10-14,27.5117,27.1863
2018-10-15,27.4339,27.2008
2018-10-16,27.4299,27.2093
2018-10-17,27.4106,27.222
2018-10-18,27.3751,27.2225
2018-10-19,27.4213,27.2263
2018-10-20,27.4954,27.2459
2018-10-21,27.5485,27.2574
2018-10-22,27.5965,27.265
2018-10-23,27.6404,27.2851
2018-10-24,27.6777,27.291
2018-10-25,27.682,27.2852
2018-10-26,27.6422,27.303
2018-10-27,27.5727,27.3077
2018-10-28,27.5211,27.3228
2018-10-29,27.5506,27.3363
2018-10-30,27.6654,27.3456
2018-10-31,27.8084,27.3484
2018-11-01,27.8514,27.3365
2018-11-02,27.8509,27.3362
2018-11-03,27.8673,27.3352
2018-11-04,27.8539,27.345
2018-11-05,27.8019,27.3518
2018-11-06,27.7289,27.362
2018-11-07,27.6706,27.3834
2018-11-08,27.6071,27.3897
2018-11-09,27.5703,27.3829
2018-11-10,27.4943,27.3671
2018-11-11,27.54,27.3641
2018-11-12,27.606,27.3629
2018-11-13,27.6393,27.3843
2018-11-14,27.5998,27.3977
2018-11-15,27.566,27.3971
2018-11-16,27.5702,27.4031
2018-11-17,27.5997,27.4225
2018-11-18,27.6006,27.4353
2018-11-19,27.6042,27.437
2018-11-20,27.5641,27.4296
2018-11-21,27.5334,27.4259
2018-11-22,27.532,27.439
2018-11-23,27.5725,27.4541
2018-11-24,27.5645,27.4657
2018-11-25,27.5731,27.4682
2018-11-26,27.5879,27.4632
2018-11-27,27.5313,27.4525
2018-11-28,27.5464,27.4411
2018-11-29,27.6185,27.4444
2018-11-30,27.6242,27.4452
2018-12-01,27.6331,27.4506
2018-12-02,27.6707,27.4658
2018-12-03,27.7014,27.4966
2018-12-04,27.7284,27.5202
2018-12-05,27.7414,27.536
2018-12-06,27.6944,27.532
2018-12-07,27.6333,27.5217
2018-12-08,27.5417,27.5052
2018-12-09,27.4734,27.4946
2018-12-10,27.3829,27.4878
2018-12-11,27.4234,27.4776
2018-12-12,27.4556,27.4717
2018-12-13,27.4439,27.4644
2018-12-14,27.4316,27.4476
2018-12-15,27.4211,27.4297
2018-12-16,27.3794,27.4118
2018-12-17,27.3641,27.4099
2018-12-18,27.3763,27.4028
2018-12-19,27.4137,27.3944
2018-12-20,27.5152,27.3935
2018-12-21,27.5532,27.3978
2018-12-22,27.5374,27.4011
2018-12-23,27.4838,27.3992
2018-12-24,27.463,27.4067
2018-12-25,27.4877,27.4157
2018-12-26,27.4591,27.4149
2018-12-27,27.4265,27.399
2018-12-28,27.383,27.3706
2018-12-29,27.3716,27.3514
2018-12-30,27.3533,27.3366
2018-12-31,27.2941,27.327
2019-01-01,27.2295,27.3209
2019-01-02,27.2461,27.3144
2019-01-03,27.282,27.3102
2019-01-04,27.2814,27.3213
2019-01-05,27.2659,27.3122
2019-01-06,27.2126,27.3134
2019-01-07,27.2371,27.3219
2019-01-08,27.2467,27.3249
2019-01-09,27.3281,27.353
2019-01-10,27.3688,27.3786
2019-01-11,27.2981,27.406
2019-01-12,27.2967,27.4285
2019-01-13,27.2621,27.454
2019-01-14,27.2109,27.4711
2019-01-15,27.1715,27.4781
2019-01-16,27.1367,27.4782
2019-01-17,27.1333,27.4757
2019-01-18,27.1135,27.4775
2019-01-19,27.0877,27.4833
2019-01-20,27.0623,27.4844
2019-01-21,27.0386,27.4782
2019-01-22,27.0482,27.472
2019-01-23,27.0409,27.4826
2019-01-24,27.0682,27.4864
2019-01-25,27.1147,27.4786
2019-01-26,27.2568,27.4778
2019-01-27,27.2933,27.4714
2019-01-28,27.2748,27.4673
2019-01-29,27.25,27.468
2019-01-30,27.2218,27.4628
2019-01-31,27.1584,27.44
2019-02-01,27.0761,27.4294
2019-02-02,27.0454,27.4232
2019-02-03,27.0873,27.4424
2019-02-04,27.177,27.4613
2019-02-05,27.1991,27.4705
2019-02-06,27.1608,27.4798
2019-02-07,27.1126,27.4805
2019-02-08,27.0613,27.4718
2019-02-09,27.078,27.4806
2019-02-10,27.135,27.4912
2019-02-11,27.2528,27.5166
2019-02-12,27.328,27.5404
2019-02-13,27.3369,27.5556
2019-02-14,27.318,27.5817
2019-02-15,27.3188,27.605
2019-02-16,27.3762,27.6205
2019-02-17,27.4781,27.6477
2019-02-18,27.5255,27.6606
2019-02-19,27.5465,27.6604
2019-02-20,27.5585,27.6766
2019-02-21,27.5726,27.6981
2019-02-22,27.6186,27.7321
2019-02-23,27.6386,27.7586
2019-02-24,27.6588,27.7735
2019-02-25,27.7458,27.7941
2019-02-26,27.8654,27.8023
2019-02-27,27.951,27.7965
2019-02-28,28.0175,27.8048
2019-03-01,27.9805,27.818
2019-03-02,27.9941,27.8446
2019-03-03,27.9822,27.8647
2019-03-04,28.0404,27.8857
2019-03-05,28.0412,27.894
2019-03-06,28.0315,27.9025
2019-03-07,28.0522,27.905
2019-03-08,28.0895,27.911
2019-03-09,28.0962,27.904
2019-03-10,28.0882,27.9053
2019-03-11,28.0681,27.9033
2019-03-12,28.1028,27.9071
2019-03-13,28.1096,27.9075
2019-03-14,28.1674,27.9257
2019-03-15,28.2275,27.947
2019-03-16,28.2771,27.9698
2019-03-17,28.3582,27.9997
2019-03-18,28.4177,28.0314
2019-03-19,28.398,28.061
2019-03-20,28.3509,28.0855
2019-03-21,28.375,28.1057
2019-03-22,28.3736,28.119
2019-03-23,28.3417,28.1089
2019-03-24,28.2852,28.0942
2019-03-25,28.2741,28.0907
2019-03-26,28.2816,28.1006
2019-03-27,28.2848,28.1149
2019-03-28,28.277,28.1247
2019-03-29,28.2862,28.1275
2019-03-30,28.2665,28.1397
2019-03-31,28.3127,28.1597
2019-04-01,28.3776,28.1675
2019-04-02,28.4366,28.1665
2019-04-03,28.4362,28.1659
2019-04-04,28.4248,28.1832
2019-04-05,28.3657,28.2031
2019-04-06,28.3378,28.2108
2019-04-07,28.3308,28.2201
2019-04-08,28.369,28.2208
2019-04-09,28.4247,28.2433
2019-04-10,28.4684,28.2475
2019-04-11,28.458,28.2441
2019-04-12,28.4128,28.2413
2019-04-13,28.4618,28.2591
2019-04-14,28.5236,28.2813
2019-04-15,28.5676,28.2817
2019-04-16,28.5822,28.2857
2019-04-17,28.5824,28.2887
2019-04-18,28.6077,28.2835
2019-04-19,28.6398,28.2838
2019-04-20,28.6302,28.2721
2019-04-21,28.6009,28.2514
2019-04-22,28.5548,28.2317
2019-04-23,28.5362,28.2193
2019-04-24,28.6168,28.2027
2019-04-25,28.6672,28.1871
2019-04-26,28.6914,28.1898
2019-04-27,28.6692,28.1917
2019-04-28,28.6793,28.1912
2019-04-29,28.6769,28.1804
2019-04-30,28.6686,28.1647
2019-05-01,28.6434,28.1528
2019-05-02,28.6438,28.135
2019-05-03,28.6821,28.1267
2019-05-04,28.6746,28.1349
2019-05-05,28.6811,28.1413
2019-05-06,28.7098,28.1447
2019-05-07,28.7427,28.1354
2019-05-08,28.7316,28.1257
2019-05-09,28.6567,28.1154
2019-05-10,28.5705,28.0809
2019-05-11,28.5107,28.0514
2019-05-12,28.4666,28.0362
2019-05-13,28.4339,28.0458
2019-05-14,28.4425,28.056
2019-05-15,28.4652,28.0742
2019-05-16,28.4949,28.0927
2019-05-17,28.4987,28.1055
2019-05-18,28.5321,28.1129
2019-05-19,28.5484,28.1128
2019-05-20,28.5868,28.1016
2019-05-21,28.6014,28.1056
2019-05-22,28.5679,28.1042
2019-05-23,28.5203,28.1006
2019-05-24,28.5676,28.0983
2019-05-25,28.6722,28.0968
2019-05-26,28.7159,28.0913
2019-05-27,28.7848,28.0888
2019-05-28,28.8049,28.0712
2019-05-29,28.7634,28.0459
2019-05-30,28.6975,28.0128
2019-05-31,28.6718,27.9711
2019-06-01,28.6035,27.9314
2019-06-02,28.5571,27.8984
2019-06-03,28.5405,27.8833
2019-06-04,28.5968,27.8836
2019-06-05,28.5732,27.8665
2019-06-06,28.5396,27.8409
2019-06-07,28.4994,27.817
2019-06-08,28.4623,27.802
2019-06-09,28.4303,27.7892
2019-06-10,28.4676,27.7725
2019-06-11,28.5178,27.7542
2019-06-12,28.4923,27.7379
2019-06-13,28.4116,27.7384
2019-06-14,28.3756,27.7302
2019-06-15,28.3632,27.7005
2019-06-16,28.3107,27.6642
2019-06-17,28.2618,27.6264
2019-06-18,28.1928,27.5919
2019-06-19,28.1039,27.5488
2019-06-20,28.1319,27.5287
2019-06-21,28.1929,27.5193
2019-06-22,28.167,27.4973
2019-06-23,28.0551,27.4728
2019-06-24,27.9801,27.4516
2019-06-25,27.918,27.4338
2019-06-26,27.8827,27.4165
2019-06-27,27.9117,27.3938
2019-06-28,27.9484,27.3806
2019-06-29,27.8937,27.3704
2019-06-30,27.8651,27.3473
2019-07-01,27.879,27.3183
2019-07-02,27.8755,27.2894
2019-07-03,27.891,27.2662
2019-07-04,27.9248,27.2528
2019-07-05,27.9327,27.229
2019-07-06,27.9213,27.2237
2019-07-07,27.8702,27.2303
2019-07-08,27.7719,27.2161
2019-07-09,27.7072,27.2008
2019-07-10,27.6756,27.197
2019-07-11,27.7479,27.1928
2019-07-12,27.8204,27.2012
2019-07-13,27.8461,27.1904
2019-07-14,27.7993,27.1747
2019-07-15,27.7411,27.1643
2019-07-16,27.6551,27.1402
2019-07-17,27.5121,27.1121
2019-07-18,27.4626,27.0858
2019-07-19,27.5542,27.0732
2019-07-20,27.6383,27.0812
2019-07-21,27.6663,27.0743
2019-07-22,27.6773,27.0394
2019-07-23,27.6447,26.9951
2019-07-24,27.575,26.9754
2019-07-25,27.4718,26.9674
2019-07-26,27.3857,26.95
2019-07-27,27.4057,26.9523
2019-07-28,27.4672,26.9624
2019-07-29,27.4656,26.9657
2019-07-30,27.4368,26.9671
2019-07-31,27.4249,26.9626
2019-08-01,27.4577,26.952
2019-08-02,27.4699,26.946
2019-08-03,27.4445,26.9435
2019-08-04,27.4062,26.9404
2019-08-05,27.3488,26.9404
2019-08-06,27.2314,26.9155
2019-08-07,27.1106,26.8792
2019-08-08,26.9933,26.8515
2019-08-09,26.9307,26.828
2019-08-10,26.9291,26.8094
2019-08-11,26.9532,26.7876
2019-08-12,26.9625,26.7771
2019-08-13,26.9893,26.7813
2019-08-14,27.0412,26.7822
2019-08-15,27.036,26.7956
2019-08-16,27.0456,26.8191
2019-08-17,27.0774,26.8237
2019-08-18,27.0539,26.8273
2019-08-19,26.9716,26.8249
2019-08-20,26.9087,26.8091
2019-08-21,26.8612,26.7941
2019-08-22,26.8207,26.7872
2019-08-23,26.7717,26.7983
2019-08-24,26.7081,26.7974
2019-08-25,26.6714,26.7945
2019-08-26,26.6958,26.8143
2019-08-27,26.7112,26.8336
2019-08-28,26.715,26.8328
2019-08-29,26.6996,26.815
2019-08-30,26.6846,26.8178
2019-08-31,26.6601,26.8249
2019-09-01,26.6248,26.8414
2019-09-02,26.5907,26.8582
2019-09-03,26.5725,26.8612
2019-09-04,26.5279,26.8557
2019-09-05,26.5116,26.8664
2019-09-06,26.5057,26.869
2019-09-07,26.5342,26.8624
2019-09-08,26.5085,26.8516
2019-09-09,26.3934,26.8451
2019-09-10,26.2821,26.8394
2019-09-11,26.1978,26.8191
2019-09-12,26.228,26.7966
2019-09-13,26.2507,26.7932
2019-09-14,26.3616,26.8013
2019-09-15,26.4862,26.8108
2019-09-16,26.6175,26.8295
2019-09-17,26.6998,26.8375
2019-09-18,26.7722,26.8414
2019-09-19,26.8732,26.8493
2019-09-20,26.9103,26.8678
2019-09-21,26.9009,26.8839
2019-09-22,26.874,26.8884
2019-09-23,26.9214,26.8905
2019-09-24,26.9628,26.892
2019-09-25,26.9448,26.9179
2019-09-26,26.9725,26.9424
2019-09-27,26.9922,26.9661
2019-09-28,26.9901,26.9915
2019-09-29,27.0434,27.0223
2019-09-30,27.1094,27.0478
2019-10-01,27.1429,27.0569
2019-10-02,27.2226,27.0582
2019-10-03,27.2242,27.0687
2019-10-04,27.1605,27.0807
2019-10-05,27.05,27.0761
2019-10-06,26.9751,27.0706
2019-10-07,26.9624,27.0758
2019-10-08,26.9655,27.1022
2019-10-09,27.0362,27.1236
2019-10-10,27.1253,27.1479
2019-10-11,27.1701,27.1799
2019-10-12,27.2395,27.1873
2019-10-13,27.2424,27.2028
2019-10-14,27.2193,27.2298
2019-10-15,27.1812,27.2325
2019-10-16,27.1558,27.2439
2019-10-17,27.1421,27.2518
2019-10-18,27.209,27.2554
2019-10-19,27.2909,27.2621
2019-10-20,27.3354,27.273
2019-10-21,27.3375,27.2875
2019-10-22,27.3278,27.2942
2019-10-23,27.3265,27.302
2019-10-24,27.3243,27.319
2019-10-25,27.3525,27.3517
2019-10-26,27.3499,27.3784
2019-10-27,27.3507,27.386
2019-10-28,27.3581,27.3982
2019-10-29,27.3399,27.4152
2019-10-30,27.3622,27.4149
2019-10-31,27.3433,27.417
2019-11-01,27.2742,27.4115
2019-11-02,27.2572,27.4306
2019-11-03,27.2078,27.4184
2019-11-04,27.1516,27.4145
2019-11-05,27.1704,27.4148
2019-11-06,27.1342,27.4235
2019-11-07,27.1131,27.4266
2019-11-08,27.0966,27.4445
2019-11-09,27.1756,27.4776
2019-11-10,27.2845,27.4782
2019-11-11,27.3609,27.4808
2019-11-12,27.3428,27.4768
2019-11-13,27.2942,27.4654
2019-11-14,27.2674,27.4745
2019-11-15,27.2407,27.4806
2019-11-16,27.2185,27.4789
2019-11-17,27.281,27.4986
2019-11-18,27.3815,27.5177
2019-11-19,27.4319,27.5333
2019-11-20,27.355,27.5417
2019-11-21,27.2575,27.5586
2019-11-22,27.1551,27.5578
2019-11-23,27.1286,27.5584
2019-11-24,27.1002,27.5568
2019-11-25,27.0606,27.5455
2019-11-26,27.0747,27.5363
2019-11-27,27.1605,27.5396
2019-11-28,27.1689,27.5359
2019-11-29,27.1214,27.5216
2019-11-30,27.1048,27.5266
2019-12-01,27.1082,27.5564
2019-12-02,27.1774,27.5818
2019-12-03,27.221,27.5948
2019-12-04,27.1446,27.6012
2019-12-05,27.0905,27.6105
2019-12-06,26.9946,27.5984
2019-12-07,26.9049,27.5848
2019-12-08,26.9301,27.5805
2019-12-09,27.0108,27.5765
2019-12-10,27.0491,27.579
2019-12-11,27.0467,27.5925
2019-12-12,27.0083,27.5815
2019-12-13,26.9871,27.5787
2019-12-14,27.0175,27.5722
2019-12-15,27.0286,27.5611
2019-12-16,26.9907,27.5635
2019-12-17,26.9156,27.5616
2019-12-18,26.8696,27.5459
2019-12-19,26.9029,27.5453
2019-12-20,27.0222,27.5552
2019-12-21,27.0414,27.5577
2019-12-22,26.9633,27.5538
2019-12-23,26.9455,27.5483
2019-12-24,26.9554,27.532
2019-12-25,26.961,27.5297
2019-12-26,26.864,27.524
2019-12-27,26.7741,27.5272
2019-12-28,26.8467,27.5409
2019-12-29,26.9885,27.5554
2019-12-30,27.1375,27.5831
2019-12-31,27.1656,27.5905
2020-01-01,27.2018,27.5921
2020-01-02,27.1647,27.5864
2020-01-03,27.1763,27.5824
2020-01-04,27.2037,27.5846
2020-01-05,27.2104,27.6039
2020-01-06,27.1961,27.6158
2020-01-07,27.123,27.6145
2020-01-08,27.0711,27.6119
2020-01-09,27.0347,27.6028
2020-01-10,27.0564,27.5966
2020-01-11,27.0522,27.5739
2020-01-12,27.0063,27.5527
2020-01-13,27.0045,27.5358
2020-01-14,27.0233,27.5378
2020-01-15,27.032,27.5501
2020-01-16,26.9773,27.5477
2020-01-17,26.9325,27.5599
2020-01-18,26.8345,27.5647
2020-01-19,26.8877,27.5746
2020-01-20,26.991,27.6025
2020-01-21,26.9818,27.6121
2020-01-22,26.9761,27.6219
2020-01-23,26.9862,27.6286
2020-01-24,26.9474,27.6426
2020-01-25,26.9748,27.6688
2020-01-26,27.0428,27.6929
2020-01-27,27.0599,27.716
2020-01-28,27.0773,27.7606
2020-01-29,27.0391,27.7567
2020-01-30,26.9542,27.7441
2020-01-31,26.948,27.7309
2020-02-01,27.0344,27.711
2020-02-02,27.0451,27.6977
2020-02-03,26.9576,27.6917
2020-02-04,26.9445,27.6843
2020-02-05,26.9007,27.676
2020-02-06,26.8702,27.6911
2020-02-07,26.8496,27.6995
2020-02-08,26.781,27.6998
2020-02-09,26.7829,27.6786
2020-02-10,26.8229,27.6805
2020-02-11,26.8924,27.696
2020-02-12,26.8982,27.7116
2020-02-13,26.903,27.71
2020-02-14,26.9817,27.7093
2020-02-15,27.033,27.7157
2020-02-16,27.0639,27.715
2020-02-17,27.0701,27.7188
2020-02-18,27.1362,27.7212
2020-02-19,27.1846,27.7135
2020-02-20,27.1801,27.7236
2020-02-21,27.1706,27.7429
2020-02-22,27.2272,27.7626
2020-02-23,27.2107,27.7777
2020-02-24,27.1582,27.7976
2020-02-25,27.1297,27.8122
2020-02-26,27.1467,27.8395
2020-02-27,27.1627,27.8719
2020-02-28,27.175,27.905
2020-02-29,27.2261,27.9247
2020-03-01,27.2424,27.9357
2020-03-02,27.2449,27.941
2020-03-03,27.2699,27.9411
2020-03-04,27.3346,27.9445
2020-03-05,27.368,27.9565
2020-03-06,27.4161,27.9802
2020-03-07,27.4615,28.004
2020-03-08,27.4598,28.0072
2020-03-09,27.4666,28.0148
2020-03-10,27.4682,28.0452
2020-03-11,27.4774,28.0792
2020-03-12,27.5558,28.1092
2020-03-13,27.6339,28.1207
2020-03-14,27.7058,28.1328
2020-03-15,27.8057,28.1375
2020-03-16,27.8709,28.1458
2020-03-17,27.9024,28.1557
2020-03-18,27.9198,28.1718
2020-03-19,27.9412,28.1929
2020-03-20,27.9196,28.2017
2020-03-21,27.9122,28.222
2020-03-22,27.9162,28.2327
2020-03-23,27.9216,28.2422
2020-03-24,27.8533,28.2382
2020-03-25,27.7679,28.2335
2020-03-26,27.7583,28.2339
2020-03-27,27.7852,28.2342
2020-03-28,27.8194,28.2302
2020-03-29,27.7508,28.2444
2020-03-30,27.7803,28.2767
2020-03-31,27.9352,28.2979
2020-04-01,27.9868,28.308
2020-04-02,27.9743,28.306
2020-04-03,27.9975,28.3216
2020-04-04,28.0209,28.3323
2020-04-05,28.0263,28.3511
2020-04-06,27.9982,28.3681
2020-04-07,28.0355,28.3834
2020-04-08,28.1101,28.3975
2020-04-09,28.1631,28.3923
2020-04-10,28.1954,28.39
2020-04-11,28.2121,28.4018
2020-04-12,28.2241,28.4243
2020-04-13,28.2412,28.4201
2020-04-14,28.3067,28.4066
2020-04-15,28.4034,28.4038
2020-04-16,28.403,28.3948
2020-04-17,28.3633,28.3887
2020-04-18,28.2991,28.3789
2020-04-19,28.2722,28.3805
2020-04-20,28.2784,28.3919
2020-04-21,28.3052,28.3952
2020-04-22,28.3112,28.3972
2020-04-23,28.306,28.4034
2020-04-24,28.2852,28.398
2020-04-25,28.2365,28.3864
2020-04-26,28.2191,28.3938
2020-04-27,28.1589,28.3897
2020-04-28,28.1391,28.3737
2020-04-29,28.1232,28.3658
2020-04-30,28.0669,28.3392
2020-05-01,28.0053,28.3276
2020-05-02,27.9766,28.318
2020-05-03,27.9256,28.3113
2020-05-04,27.893,28.3156
2020-05-05,27.8437,28.3122
2020-05-06,27.8096,28.2964
2020-05-07,27.8706,28.3003
2020-05-08,27.8659,28.3
2020-05-09,27.8186,28.3022
2020-05-10,27.7277,28.2988
2020-05-11,27.6864,28.274
2020-05-12,27.6583,28.2611
2020-05-13,27.6084,28.2382
2020-05-14,27.4964,28.2026
2020-05-15,27.3966,28.1893
2020-05-16,27.3758,28.174
2020-05-17,27.4316,28.1541
2020-05-18,27.459,28.1344
2020-05-19,27.4343,28.0952
2020-05-20,27.4753,28.06
2020-05-21,27.5403,28.0254
2020-05-22,27.5054,27.9756
2020-05-23,27.415,27.9394
2020-05-24,27.3665,27.9257
2020-05-25,27.3469,27.9246
2020-05-26,27.3459,27.9327
2020-05-27,27.3932,27.9355
2020-05-28,27.4486,27.9385
2020-05-29,27.4841,27.9387
2020-05-30,27.4876,27.9325
2020-05-31,27.4817,27.9191
2020-06-01,27.5172,27.9077
2020-06-02,27.5678,27.9073
2020-06-03,27.6118,27.8807
2020-06-04,27.5368,27.8541
2020-06-05,27.4601,27.8331
2020-06-06,27.4129,27.8188
2020-06-07,27.2989,27.7949
2020-06-08,27.2925,27.774
2020-06-09,27.3614,27.7598
2020-06-10,27.3422,27.7274
2020-06-11,27.311,27.6881
2020-06-12,27.2751,27.6479
2020-06-13,27.2574,27.6035
2020-06-14,27.2766,27.5815
2020-06-15,27.2886,27.5814
2020-06-16,27.3234,27.5814
2020-06-17,27.3106,27.5796
2020-06-18,27.2447,27.565
2020-06-19,27.2289,27.5511
2020-06-20,27.1935,27.5458
2020-06-21,27.2108,27.5314
2020-06-22,27.2866,27.5092
2020-06-23,27.3538,27.4835
2020-06-24,27.4006,27.4584
2020-06-25,27.4611,27.4376
2020-06-26,27.4914,27.4266
2020-06-27,27.4866,27.41
2020-06-28,27.4668,27.3815
2020-06-29,27.4818,27.3703
2020-06-30,27.3963,27.3609
2020-07-01,27.3176,27.3479
2020-07-02,27.2651,27.3327
2020-07-03,27.2699,27.3208
2020-07-04,27.328,27.2995
2020-07-05,27.3578,27.2887
2020-07-06,27.4377,27.3126
2020-07-07,27.5077,27.3215
2020-07-08,27.5027,27.3208
2020-07-09,27.4802,27.3
2020-07-10,27.4116,27.2629
2020-07-11,27.2811,27.2218
2020-07-12,27.1509,27.1951
2020-07-13,27.0957,27.1616
2020-07-14,27.0705,27.1493
2020-07-15,26.9976,27.1531
2020-07-16,26.9463,27.179
2020-07-17,27.0006,27.1923
2020-07-18,27.0723,27.2042
2020-07-19,27.1052,27.2074
2020-07-20,27.0866,27.2044
2020-07-21,26.998,27.2063
2020-07-22,26.9505,27.2022
2020-07-23,26.9433,27.191
2020-07-24,26.9471,27.1746
2020-07-25,26.909,27.1558
2020-07-26,26.8306,27.1384
2020-07-27,26.761,27.1173
2020-07-28,26.7245,27.0898
2020-07-29,26.6447,27.0738
2020-07-30,26.552,27.0579
2020-07-31,26.4799,27.0443
2020-08-01,26.4566,27.037
2020-08-02,26.4146,27.0273
2020-08-03,26.3941,27.0164
2020-08-04,26.3546,27.0142
2020-08-05,26.329,26.9989
2020-08-06,26.3181,26.9821
2020-08-07,26.2788,26.9645
2020-08-08,26.1796,26.9335
2020-08-09,26.0927,26.9202
2020-08-10,26.0775,26.9106
2020-08-11,26.13,26.9055
2020-08-12,26.2129,26.9184
2020-08-13,26.3754,26.9361
2020-08-14,26.4731,26.9464
2020-08-15,26.478,26.9447
2020-08-16,26.4132,26.9425
2020-08-17,26.3561,26.9377
2020-08-18,26.3169,26.9281
2020-08-19,26.2525,26.92
2020-08-20,26.1644,26.9221
2020-08-21,26.1222,26.9268
2020-08-22,26.1475,26.929
2020-08-23,26.1613,26.9259
2020-08-24,26.131,26.9277
2020-08-25,26.112,26.9216
2020-08-26,26.1319,26.9085
2020-08-27,26.1971,26.899
2020-08-28,26.3065,26.8824
2020-08-29,26.2999,26.8458
2020-08-30,26.2127,26.8208
2020-08-31,26.1024,26.7942
2020-09-01,26.0779,26.7986
2020-09-02,26.0494,26.7985
2020-09-03,26.0547,26.8112
2020-09-04,26.0715,26.8305
2020-09-05,26.1123,26.8468
2020-09-06,26.114,26.8599
2020-09-07,26.1002,26.8694
2020-09-08,26.0874,26.871
2020-09-09,26.0582,26.8792
2020-09-10,26.0444,26.8967
2020-09-11,26.0253,26.9045
2020-09-12,26.0082,26.9074
2020-09-13,26.0334,26.9246
2020-09-14,26.1053,26.9172
2020-09-15,26.1442,26.9139
2020-09-16,26.1294,26.894
2020-09-17,26.0824,26.8795
2020-09-18,26.0115,26.8893
2020-09-19,25.9671,26.9046
2020-09-20,25.9516,26.9156
2020-09-21,25.9507,26.9351
2020-09-22,25.9426,26.9438
2020-09-23,25.9478,26.9511
2020-09-24,25.9689,26.9553
2020-09-25,25.9479,26.9588
2020-09-26,25.9171,26.9515
2020-09-27,25.923,26.959
2020-09-28,25.9872,26.9738
2020-09-29,26.004,26.9828
2020-09-30,25.9974,26.9968
2020-10-01,25.9796,26.9989
2020-10-02,25.9696,26.9921
2020-10-03,25.9304,26.9729
2020-10-04,25.8683,26.9662
2020-10-05,25.8176,26.9679
2020-10-06,25.8703,26.9711
2020-10-07,25.9161,26.9682
2020-10-08,25.8441,26.954
2020-10-09,25.7509,26.9524
2020-10-10,25.6939,26.9735
2020-10-11,25.6804,26.9916
2020-10-12,25.6717,26.9927
2020-10-13,25.6634,26.9975
2020-10-14,25.6315,27.0135
2020-10-15,25.5777,27.0214
2020-10-16,25.5512,27.0396
2020-10-17,25.5721,27.0535
2020-10-18,25.5876,27.0696
2020-10-19,25.5505,27.0656
2020-10-20,25.4778,27.0778
2020-10-21,25.4435,27.102
2020-10-22,25.4457,27.1194
2020-10-23,25.4379,27.1287
2020-10-24,25.4276,27.1395
2020-10-25,25.3493,27.152
2020-10-26,25.1934,27.1582
2020-10-27,25.0826,27.1726
2020-10-28,24.9528,27.1781
2020-10-29,24.9049,27.1784
2020-10-30,24.8497,27.1849
2020-10-31,24.8808,27.1896
2020-11-01,24.9737,27.195
2020-11-02,25.138,27.1936
2020-11-03,25.2561,27.1884
2020-11-04,25.3095,27.1858
2020-11-05,25.3346,27.1927
2020-11-06,25.3509,27.1992
2020-11-07,25.3949,27.2009
2020-11-08,25.5595,27.2051
2020-11-09,25.7058,27.2105
2020-11-10,25.7287,27.2134
2020-11-11,25.701,27.217
2020-11-12,25.7304,27.2297
2020-11-13,25.7542,27.2469
2020-11-14,25.7749,27.2505
2020-11-15,25.8093,27.2477
2020-11-16,25.7991,27.229
2020-11-17,25.7249,27.2061
2020-11-18,25.5999,27.1806
2020-11-19,25.501,27.172
2020-11-20,25.5389,27.1762
2020-11-21,25.5163,27.1804
2020-11-22,25.4806,27.1897
2020-11-23,25.4868,27.2013
2020-11-24,25.5012,27.2068
2020-11-25,25.4953,27.213
2020-11-26,25.4459,27.2076
2020-11-27,25.3858,27.2017
2020-11-28,25.3581,27.1915
2020-11-29,25.3329,27.1861
2020-11-30,25.3333,27.1862
2020-12-01,25.302,27.1922
2020-12-02,25.2906,27.2009
2020-12-03,25.3732,27.2176
2020-12-04,25.4207,27.2247
2020-12-05,25.4495,27.2282
2020-12-06,25.4969,27.2347
2020-12-07,25.5754,27.2375
2020-12-08,25.6097,27.2429
2020-12-09,25.6101,27.231
2020-12-10,25.5748,27.2054
2020-12-11,25.563,27.1941
2020-12-12,25.5825,27.1894
2020-12-13,25.6151,27.1817
2020-12-14,25.6793,27.1718
2020-12-15,25.6806,27.1501
2020-12-16,25.6718,27.1279
2020-12-17,25.6317,27.1134
2020-12-18,25.6251,27.1066
2020-12-19,25.639,27.0918
2020-12-20,25.6075,27.1007
2020-12-21,25.5884,27.104
2020-12-22,25.6017,27.0988
2020-12-23,25.6532,27.0999
2020-12-24,25.6476,27.1021
2020-12-25,25.6365,27.1139
2020-12-26,25.5856,27.119
2020-12-27,25.5779,27.1269
2020-12-28,25.5823,27.126
2020-12-29,25.5798,27.1217
2020-12-30,25.5217,27.1183
2020-12-31,25.4724,27.1057
2021-01-01,25.4589,27.1127
2021-01-02,25.4753,27.1128
2021-01-03,25.481,27.1024
2021-01-04,25.4483,27.0868
2021-01-05,25.4206,27.0782
2021-01-06,25.4067,27.0651
2021-01-07,25.4889,27.0659
2021-01-08,25.5168,27.0725
2021-01-09,25.4787,27.0699
2021-01-10,25.4585,27.0641
2021-01-11,25.4888,27.0574
2021-01-12,25.5403,27.0499
2021-01-13,25.5212,27.0573
2021-01-14,25.4903,27.0593
2021-01-15,25.4178,27.0577
2021-01-16,25.3849,27.0543
2021-01-17,25.4125,27.0564
2021-01-18,25.4623,27.0706
2021-01-19,25.5445,27.0906
2021-01-20,25.6676,27.1036
2021-01-21,25.7504,27.1086
2021-01-22,25.7694,27.1084
2021-01-23,25.792,27.1206
2021-01-24,25.8075,27.1376
2021-01-25,25.8057,27.15
2021-01-26,25.7865,27.1605
2021-01-27,25.7713,27.1581
2021-01-28,25.7662,27.1483
2021-01-29,25.7377,27.1382
2021-01-30,25.7373,27.1307
2021-01-31,25.6875,27.1307
2021-02-01,25.7149,27.1325
2021-02-02,25.7489,27.1405
2021-02-03,25.7575,27.1543
2021-02-04,25.7724,27.1688
2021-02-05,25.7831,27.1833
2021-02-06,25.7999,27.2009
2021-02-07,25.8375,27.2144
2021-02-08,25.8141,27.2129
2021-02-09,25.6905,27.2248
2021-02-10,25.6538,27.2264
2021-02-11,25.6288,27.2446
2021-02-12,25.6691,27.2771
2021-02-13,25.7289,27.3054
2021-02-14,25.7839,27.3311
2021-02-15,25.8424,27.352
2021-02-16,25.9827,27.3669
2021-02-17,26.0324,27.3829
2021-02-18,26.0619,27.394
2021-02-19,26.0444,27.4004
2021-02-20,26.0075,27.3892
2021-02-21,25.9325,27.3782
2021-02-22,25.8542,27.3774
2021-02-23,25.8396,27.3679
2021-02-24,25.8013,27.3637
2021-02-25,25.7237,27.3586
2021-02-26,25.6437,27.3602
2021-02-27,25.6688,27.3679
2021-02-28,25.7466,27.3731
2021-03-01,25.8642,27.3944
2021-03-02,25.9903,27.4176
2021-03-03,26.1742,27.4511
2021-03-04,26.3168,27.4763
2021-03-05,26.4183,27.5012
2021-03-06,26.5373,27.5367
2021-03-07,26.7082,27.5749
2021-03-08,26.7921,27.5925
2021-03-09,26.8044,27.6058
2021-03-10,26.759,27.6325
2021-03-11,26.709,27.6416
2021-03-12,26.7049,27.6507
2021-03-13,26.7256,27.6719
2021-03-14,26.7198,27.6887
2021-03-15,26.6861,27.7172
2021-03-16,26.6854,27.7385
2021-03-17,26.6989,27.7616
2021-03-18,26.717,27.7695
2021-03-19,26.7525,27.7659
2021-03-20,26.7692,27.7533
2021-03-21,26.7957,27.7441
2021-03-22,26.8017,27.7407
2021-03-24,26.7876,27.7441
2021-03-25,26.795,27.746
2021-03-26,26.8413,27.7487
2021-03-27,26.8549,27.7417
2021-03-28,26.8414,27.7422
2021-03-29,26.8302,27.7448
2021-03-30,26.8686,27.7569
2021-03-31,26.9059,27.7724
2021-04-01,26.9534,27.7837
2021-04-02,26.9946,27.782
2021-04-03,27.0174,27.7737
2021-04-04,27.0365,27.78
2021-04-05,27.0438,27.7908
2021-04-06,27.0838,27.8148
2021-04-07,27.1024,27.8333
2021-04-08,27.1045,27.8446
2021-04-09,27.1034,27.8582
2021-04-10,27.1347,27.8629
2021-04-11,27.1777,27.8769
2021-04-12,27.2412,27.8795
2021-04-13,27.2617,27.8934
2021-04-14,27.3046,27.9089
2021-04-15,27.3519,27.9199
2021-04-16,27.3483,27.9494
2021-04-17,27.3228,27.967
2021-04-18,27.3171,27.9778
2021-04-19,27.3484,27.9764
2021-04-20,27.3464,27.9739
2021-04-21,27.2731,27.9698
2021-04-22,27.2112,27.9615
2021-04-23,27.2044,27.9536
2021-04-24,27.2617,27.9688
2021-04-25,27.2978,27.9729
2021-04-26,27.4083,27.9633
2021-04-27,27.41,27.9583
2021-04-28,27.3578,27.9551
2021-04-29,27.3526,27.9502
2021-04-30,27.3623,27.9486
2021-05-01,27.4222,27.9617
2021-05-02,27.4665,27.9713
2021-05-03,27.4581,27.9712
2021-05-04,27.4436,27.963
2021-05-05,27.444,27.9535
2021-05-06,27.4385,27.9399
2021-05-07,27.4307,27.9136
2021-05-08,27.4478,27.9053
2021-05-09,27.5009,27.9115
2021-05-10,27.502,27.9158
2021-05-11,27.471,27.9019
2021-05-12,27.4486,27.8906
2021-05-13,27.4874,27.8973
2021-05-14,27.5451,27.903
2021-05-15,27.6143,27.9023
2021-05-16,27.6387,27.9021
2021-05-17,27.6378,27.9072
2021-05-18,27.6647,27.9019
2021-05-19,27.6722,27.8908
2021-05-20,27.6371,27.8764
2021-05-21,27.61,27.8591
2021-05-22,27.5763,27.8348
2021-05-23,27.5564,27.8116
2021-05-24,27.536,27.7954
2021-05-25,27.5485,27.7773
2021-05-26,27.559,27.7561
2021-05-27,27.5445,27.728
2021-05-28,27.5194,27.708
2021-05-29,27.5234,27.6854
2021-05-30,27.5673,27.6613
2021-05-31,27.5929,27.6369
2021-06-01,27.5631,27.6084
2021-06-02,27.5799,27.5875
2021-06-03,27.5842,27.581
2021-06-04,27.6218,27.5758
2021-06-05,27.6644,27.5632
2021-06-06,27.6841,27.5473
2021-06-07,27.7586,27.5552
2021-06-08,27.7638,27.5731
2021-06-09,27.7618,27.5702
2021-06-10,27.7509,27.5614
2021-06-11,27.6864,27.552
2021-06-12,27.7064,27.5506
2021-06-13,27.709,27.5468
2021-06-14,27.6647,27.5333
2021-06-15,27.6328,27.5165
2021-06-16,27.6168,27.4979
2021-06-17,27.6472,27.4956
2021-06-18,27.6307,27.4829
2021-06-19,27.6137,27.4551
2021-06-20,27.5892,27.4351
2021-06-21,27.578,27.4165
2021-06-22,27.5736,27.401
2021-06-23,27.6173,27.3936
2021-06-24,27.6107,27.3812
2021-06-25,27.5633,27.3577
2021-06-26,27.5694,27.347
2021-06-27,27.6014,27.3375
2021-06-28,27.6075,27.3274
2021-06-29,27.5951,27.322
2021-06-30,27.5484,27.3111
2021-07-01,27.497,27.2873
2021-07-02,27.5072,27.2612
2021-07-03,27.4712,27.2249
2021-07-04,27.4245,27.1932
2021-07-05,27.369,27.1753
2021-07-06,27.3722,27.1613
2021-07-07,27.2759,27.1576
2021-07-08,27.188,27.1534
2021-07-09,27.154,27.1471
2021-07-10,27.1869,27.1411
2021-07-11,27.1865,27.1268
2021-07-12,27.18,27.1199
2021-07-13,27.1321,27.1012
2021-07-14,27.1246,27.0939
2021-07-15,27.1418,27.0884
2021-07-16,27.1217,27.0903
2021-07-17,27.0616,27.0836
2021-07-18,26.96,27.0665
2021-07-19,26.8781,27.0567
2021-07-20,26.8441,27.0435
2021-07-21,26.8311,27.0367
2021-07-22,26.8957,27.0338
2021-07-23,26.9602,27.0304
2021-07-24,27.0097,27.0241
2021-07-25,26.983,27.0125
2021-07-26,26.8741,26.9978
2021-07-27,26.7338,26.9804
2021-07-28,26.5762,26.9648
2021-07-29,26.4971,26.9496
2021-07-30,26.4967,26.9277
2021-07-31,26.5874,26.914
2021-08-01,26.6256,26.8972
2021-08-02,26.61,26.8843
2021-08-03,26.5766,26.8714
2021-08-04,26.5465,26.8599
2021-08-05,26.5185,26.8496
2021-08-06,26.5554,26.8527
2021-08-07,26.5925,26.8508
2021-08-08,26.5928,26.8533
2021-08-09,26.5737,26.8429
2021-08-10,26.5933,26.8346
2021-08-11,26.6544,26.8341
2021-08-12,26.6583,26.8409
2021-08-13,26.6965,26.8451
2021-08-14,26.7117,26.8447
2021-08-15,26.7039,26.8497
2021-08-16,26.6476,26.8599
2021-08-17,26.5835,26.8693
2021-08-18,26.5414,26.8841
2021-08-19,26.4792,26.899
2021-08-20,26.4273,26.9104
2021-08-21,26.417,26.919
2021-08-22,26.4484,26.9204
2021-08-23,26.4424,26.9075
2021-08-24,26.4204,26.8843
2021-08-25,26.3796,26.8565
2021-08-26,26.3797,26.8345
2021-08-27,26.4121,26.8096
2021-08-28,26.4342,26.7961
2021-08-29,26.4585,26.7843
2021-08-30,26.4414,26.7782
2021-08-31,26.4067,26.794
2021-09-01,26.4014,26.8186
2021-09-02,26.4125,26.8266
2021-09-03,26.4043,26.822
2021-09-04,26.4527,26.8189
2021-09-05,26.4849,26.821
2021-09-06,26.5148,26.8281
2021-09-08,26.562,26.8526
2021-09-09,26.5791,26.8532
2021-09-10,26.5675,26.8628
2021-09-11,26.5017,26.876
2021-09-12,26.4694,26.8758
2021-09-13,26.4246,26.8727
2021-09-14,26.3704,26.8639
2021-09-15,26.29,26.8663
2021-09-16,26.2971,26.8822
2021-09-17,26.3499,26.8921
2021-09-18,26.3988,26.9049
2021-09-19,26.4159,26.9212
2021-09-20,26.4034,26.9389
2021-09-21,26.379,26.9618
2021-09-22,26.3998,26.9813
2021-09-23,26.4338,27.0015
2021-09-24,26.4461,27.016
2021-09-25,26.4162,27.0358
2021-09-26,26.3703,27.0434
2021-09-27,26.2693,27.038
2021-09-28,26.226,27.0408
2021-09-29,26.2128,27.0419
2021-09-30,26.2035,27.0496
2021-10-01,26.2078,27.0739
2021-10-02,26.1678,27.0861
2021-10-03,26.1119,27.0906
2021-10-04,26.1317,27.0935
2021-10-05,26.1625,27.0952
2021-10-06,26.1705,27.0888
2021-10-07,26.1579,27.0883
2021-10-08,26.1534,27.0796
2021-10-09,26.152,27.0652
2021-10-10,26.1225,27.0602
2021-10-11,26.0705,27.08
2021-10-12,26.0202,27.0845
2021-10-13,25.9827,27.0779
2021-10-14,25.8656,27.077
2021-10-15,25.7977,27.0697
2021-10-16,25.7768,27.0565
2021-10-17,25.7953,27.0393
2021-10-18,25.8298,27.0446
2021-10-19,25.8438,27.055
2021-10-20,25.8667,27.0776
2021-10-21,25.8776,27.0967
2021-10-22,25.8374,27.1138
2021-10-23,25.7752,27.1285
2021-10-24,25.7344,27.1314
2021-10-25,25.6914,27.1351
2021-10-26,25.6422,27.1415
2021-10-27,25.5794,27.1466
2021-10-28,25.5774,27.1563
2021-10-29,25.5845,27.1734
2021-10-30,25.6443,27.1885
2021-10-31,25.6208,27.1797
2021-11-01,25.6737,27.188
2021-11-02,25.7122,27.1983
2021-11-03,25.7943,27.2098
2021-11-04,25.8842,27.2141
2021-11-05,25.9304,27.2152
2021-11-06,25.9553,27.2191
2021-11-07,25.9215,27.2204
2021-11-08,25.8643,27.2152
2021-11-09,25.834,27.2117
2021-11-10,25.8121,27.2074
2021-11-11,25.8058,27.2093
2021-11-12,25.7998,27.214
2021-11-13,25.7979,27.2233
2021-11-14,25.7968,27.2374
2021-11-15,25.8262,27.243
2021-11-16,25.8656,27.2436
2021-11-17,25.8677,27.2435
2021-11-18,25.8838,27.2469
2021-11-19,25.918,27.2363
2021-11-20,25.9557,27.2264
2021-11-21,25.9706,27.2362
2021-11-22,26.0045,27.2527
2021-11-23,26.063,27.2662
2021-11-24,26.0673,27.2624
2021-11-25,26.0257,27.2549
2021-11-26,25.956,27.2381
2021-11-27,25.9079,27.218
2021-11-28,25.8731,27.1938
2021-11-29,25.8443,27.1712
2021-11-30,25.7996,27.145
2021-12-01,25.7376,27.12
2021-12-02,25.6764,27.1001
2021-12-03,25.6419,27.0917
2021-12-04,25.6327,27.0817
2021-12-05,25.5777,27.0708
2021-12-06,25.5571,27.0737
2021-12-07,25.5534,27.0699
2021-12-08,25.5406,27.066
2021-12-09,25.515,27.0633
2021-12-10,25.4932,27.0702
2021-12-11,25.5027,27.0777
2021-12-12,25.4956,27.079
2021-12-13,25.494,27.0782
2021-12-14,25.4792,27.0751
2021-12-15,25.4527,27.0724
2021-12-16,25.4404,27.0764
2021-12-17,25.4773,27.0918
2021-12-18,25.5412,27.1071
2021-12-19,25.5821,27.1198
2021-12-20,25.6076,27.1286
2021-12-21,25.5987,27.1397
2021-12-22,25.5572,27.1554
2021-12-23,25.5001,27.1593
2021-12-24,25.4633,27.1716
2021-12-25,25.461,27.1922
2021-12-26,25.4798,27.2087
2021-12-27,25.4899,27.223
2021-12-28,25.4763,27.2308
2021-12-29,25.4538,27.2206
2021-12-30,25.4585,27.2136
2021-12-31,25.4625,27.1972
2022-01-01,25.4604,27.1897
2022-01-02,25.4677,27.1911
2022-01-03,25.4795,27.202
2022-01-04,25.4869,27.2093
2022-01-05,25.479,27.2044
2022-01-06,25.4964,27.2078
2022-01-07,25.5329,27.2151
2022-01-08,25.5728,27.2304
2022-01-09,25.5987,27.2429
2022-01-10,25.608,27.2651
2022-01-11,25.6076,27.282
2022-01-12,25.6469,27.2994
2022-01-13,25.7048,27.3091
2022-01-14,25.7434,27.3147
2022-01-15,25.7567,27.3219
2022-01-16,25.7513,27.335
2022-01-17,25.7273,27.3288
2022-01-18,25.6679,27.3148
2022-01-19,25.6209,27.2981
2022-01-20,25.6135,27.2953
2022-01-21,25.6278,27.3013
2022-01-22,25.6645,27.2965
2022-01-23,25.7252,27.2861
2022-01-24,25.7964,27.2904
2022-01-25,25.8479,27.295
2022-01-26,25.8713,27.2942
2022-01-27,25.8398,27.2821
2022-01-28,25.8178,27.2669
2022-01-29,25.8258,27.2545
2022-01-30,25.8541,27.2351
2022-01-31,25.8816,27.2247
2022-02-01,25.8961,27.2187
2022-02-02,25.9021,27.2216
2022-02-03,25.9227,27.2223
2022-02-04,25.9323,27.2234
2022-02-05,25.9261,27.2277
2022-02-06,25.9324,27.2323
2022-02-07,25.953,27.2403
2022-02-08,25.9957,27.2504
2022-02-09,26.0125,27.2596
2022-02-10,25.9844,27.273
2022-02-11,25.952,27.2896
2022-02-12,25.9476,27.3145
2022-02-13,25.9554,27.341
2022-02-14,25.9613,27.3586
2022-02-15,25.9746,27.3767
2022-02-16,25.9927,27.393
2022-02-17,26.016,27.409
2022-02-18,26.0215,27.4248
2022-02-19,26.0208,27.4265
2022-02-20,25.9516,27.4793
2022-02-21,25.9508,27.4767
2022-02-22,25.9452,27.4783
2022-02-23,25.9521,27.4819
2022-02-24,25.958,27.4852
2022-02-25,25.9756,27.4967
2022-02-26,25.9761,27.4921
2022-02-27,25.9527,27.4793
2022-02-28,25.9244,27.474
2022-03-01,25.8962,27.4713
2022-03-02,25.8646,27.4714
2022-03-03,25.8706,27.4784
2022-03-04,25.8976,27.4921
2022-03-05,25.9352,27.5083
2022-03-06,25.9858,27.535
2022-03-07,26.0566,27.5671
2022-03-08,26.1145,27.6042
2022-03-09,26.1556,27.6319
2022-03-10,26.1712,27.6447
2022-03-11,26.1692,27.6582
2022-03-12,26.1463,27.6636
2022-03-13,26.1613,27.6724
2022-03-14,26.1803,27.6903
2022-03-15,26.2084,27.7166
2022-03-16,26.2306,27.7367
2022-03-17,26.2728,27.7478
2022-03-18,26.3057,27.7593
2022-03-19,26.3356,27.7575
2022-03-20,26.3476,27.755
2022-03-21,26.388,27.7671
2022-03-22,26.4173,27.7818
2022-03-23,26.4607,27.7898
2022-03-24,26.5244,27.8021
2022-03-25,26.5902,27.8235
2022-03-26,26.6331,27.8456
2022-03-27,26.6672,27.8609
2022-03-28,26.6771,27.8672
2022-03-29,26.6773,27.8662
2022-03-30,26.7006,27.868
2022-03-31,26.7266,27.8698
2022-04-01,26.7686,27.8648
2022-04-02,26.7634,27.8779
2022-04-03,26.7638,27.8872
2022-04-04,26.7443,27.8933
2022-04-05,26.7263,27.8942
2022-04-06,26.7175,27.8954
2022-04-07,26.7167,27.8944
2022-04-08,26.7341,27.8971
2022-04-09,26.7463,27.8952
2022-04-10,26.7503,27.9012
2022-04-11,26.7562,27.9179
2022-04-12,26.7663,27.9279
2022-04-13,26.7983,27.9213
2022-04-14,26.8296,27.9264
2022-04-15,26.8433,27.9329
2022-04-16,26.8454,27.9335
2022-04-17,26.8606,27.9362
2022-04-18,26.892,27.9336
2022-04-19,26.8784,27.9322
2022-04-20,26.8516,27.9406
2022-04-21,26.8418,27.9449
2022-04-22,26.8242,27.9461
2022-04-23,26.7923,27.9484
2022-04-24,26.7552,27.9412
2022-04-25,26.7243,27.9341
2022-04-26,26.7143,27.9267
2022-04-27,26.7028,27.9194
2022-04-28,26.6947,27.91
2022-04-29,26.6899,27.9062
2022-04-30,26.6906,27.9094
2022-05-01,26.6836,27.8984
2022-05-02,26.6768,27.8835
2022-05-03,26.6985,27.8799
2022-05-04,26.7126,27.8816
2022-05-05,26.725,27.8855
2022-05-06,26.7404,27.8763
2022-05-07,26.741,27.8563
2022-05-08,26.7436,27.8305
2022-05-09,26.7568,27.8065
2022-05-10,26.7556,27.7842
2022-05-11,26.7347,27.7614
2022-05-12,26.6997,27.7366
2022-05-13,26.6819,27.7217
2022-05-14,26.6785,27.7168
2022-05-15,26.7202,27.7229
2022-05-16,26.7665,27.7287
2022-05-17,26.802,27.7288
2022-05-18,26.8185,27.7253
2022-05-19,26.8282,27.7193
2022-05-20,26.8324,27.7177
2022-05-21,26.8448,27.7135
2022-05-22,26.8665,27.7076
2022-05-23,26.8822,27.6995
2022-05-24,26.893,27.6917
2022-05-25,26.8897,27.6889
2022-05-26,26.8634,27.6827
2022-05-27,26.822,27.6755
2022-05-28,26.7885,27.6687
2022-05-29,26.7882,27.6588
2022-05-30,26.8145,27.6427
2022-05-31,26.849,27.6273
2022-06-01,26.8819,27.6131
2022-06-02,26.9081,27.5887
2022-06-03,26.9297,27.571
2022-06-04,26.9642,27.563
2022-06-05,27.0171,27.5615
2022-06-06,27.0478,27.5566
2022-06-07,27.0521,27.5344
2022-06-08,27.0396,27.5102
2022-06-09,27.0342,27.4941
2022-06-10,27.0339,27.4753
2022-06-11,27.0344,27.4556
2022-06-12,27.0216,27.443
2022-06-13,27.0079,27.4366
2022-06-14,27.0061,27.4185
2022-06-15,27.0119,27.3984
2022-06-16,27.0374,27.3822
2022-06-17,27.0452,27.366
2022-06-18,27.0238,27.3433
2022-06-19,27.0028,27.3234
2022-06-20,26.9915,27.3081
2022-06-21,26.9783,27.2843
2022-06-22,26.9684,27.2578
2022-06-23,26.9678,27.2309
2022-06-24,26.9838,27.2092
2022-06-25,27.0138,27.188
2022-06-26,27.0157,27.1632
2022-06-27,27.002,27.1365
2022-06-28,26.9774,27.1168
2022-06-29,26.9479,27.0939
2022-06-30,26.9426,27.0716
2022-07-01,26.9401,27.0544
2022-07-02,26.952,27.0383
2022-07-03,26.9566,27.0196
2022-07-04,26.9363,26.9973
2022-07-05,26.8919,26.9751
2022-07-06,26.861,26.9462
2022-07-07,26.8248,26.9163
2022-07-08,26.7852,26.8927
2022-07-09,26.756,26.8732
2022-07-10,26.7289,26.8517
2022-07-11,26.7133,26.8325
2022-07-12,26.7125,26.8159
2022-07-13,26.718,26.8015
2022-07-14,26.6863,26.7885
2022-07-15,26.6249,26.7736
2022-07-16,26.5681,26.7584
2022-07-17,26.5312,26.743
2022-07-18,26.526,26.734
2022-07-19,26.5215,26.7154
2022-07-20,26.5128,26.7
2022-07-21,26.4979,26.6815
2022-07-22,26.4726,26.6774
2022-07-23,26.4289,26.6802
2022-07-24,26.3924,26.6891
2022-07-25,26.3595,26.7023
2022-07-26,26.3362,26.714
2022-07-27,26.304,26.7255
2022-07-28,26.2337,26.7234
2022-07-29,26.1691,26.7125
2022-07-30,26.1156,26.6955
2022-07-31,26.0637,26.6742
2022-08-01,26.0267,26.6537
2022-08-02,25.9875,26.6332
2022-08-03,25.9476,26.6166
2022-08-04,25.9028,26.6055
2022-08-05,25.874,26.605
2022-08-06,25.8449,26.6082
2022-08-07,25.8355,26.6028
2022-08-08,25.8502,26.6003
2022-08-09,25.8787,26.5973
2022-08-10,25.8855,26.5925
2022-08-11,25.8564,26.5946
2022-08-12,25.8038,26.5964
2022-08-13,25.7571,26.6046
2022-08-14,25.7165,26.6093
2022-08-15,25.6746,26.6097
2022-08-16,25.6452,26.6145
2022-08-17,25.6548,26.6165
2022-08-18,25.6686,26.6109
2022-08-19,25.6805,26.61
2022-08-20,25.7141,26.6149
2022-08-21,25.776,26.6192
2022-08-22,25.8445,26.6137
2022-08-23,25.9025,26.6262
2022-08-24,25.9737,26.6383
2022-08-25,26.0214,26.6424
2022-08-26,26.0068,26.647
2022-08-27,25.9854,26.648
2022-08-28,25.9682,26.6476
2022-08-29,25.9195,26.6526
2022-08-30,25.8627,26.6513
2022-08-31,25.8091,26.6457
2022-09-01,25.7672,26.6389
2022-09-02,25.7378,26.6209
2022-09-03,25.7205,26.6123
2022-09-04,25.7247,26.6126
2022-09-05,25.7274,26.618
2022-09-06,25.7242,26.608
2022-09-07,25.6902,26.6017
2022-09-08,25.6615,26.6151
2022-09-09,25.6446,26.6303
2022-09-10,25.6523,26.6471
2022-09-11,25.6767,26.6582
2022-09-12,25.698,26.6743
2022-09-13,25.7147,26.6802
2022-09-14,25.7226,26.6881
2022-09-15,25.727,26.6963
2022-09-16,25.7283,26.7127
2022-09-17,25.7406,26.7287
2022-09-18,25.7696,26.7281
2022-09-19,25.7994,26.7207
2022-09-20,25.8117,26.7197
2022-09-21,25.8041,26.7282
2022-09-22,25.7923,26.7288
2022-09-23,25.7903,26.7303
2022-09-24,25.8108,26.7323
2022-09-25,25.8312,26.7413
2022-09-26,25.8542,26.7454
2022-09-27,25.8529,26.7475
2022-09-28,25.8389,26.7464
2022-09-29,25.8336,26.7422
2022-09-30,25.8337,26.7422
2022-10-01,25.831,26.7399
2022-10-02,25.8518,26.7444
2022-10-03,25.8614,26.742
2022-10-04,25.8713,26.7391
2022-10-05,25.9008,26.7425
2022-10-06,25.9393,26.7445
2022-10-07,25.9574,26.7583
2022-10-08,25.9618,26.7875
2022-10-09,25.9639,26.8206
2022-10-10,25.9609,26.8432
2022-10-11,25.9439,26.8578
2022-10-12,25.9149,26.8623
2022-10-13,25.874,26.8731
2022-10-14,25.8324,26.8922
2022-10-15,25.8074,26.9066
2022-10-16,25.8162,26.9184
2022-10-17,25.844,26.9281
2022-10-18,25.879,26.9348
2022-10-20,25.9385,26.9536
2022-10-21,25.9326,26.9671
2022-10-22,25.9072,26.9821
2022-10-23,25.8888,26.9849
2022-10-24,25.8556,26.9785
2022-10-25,25.8173,26.9739
2022-10-26,25.7632,26.9709
2022-10-27,25.7142,26.9628
2022-10-28,25.6874,26.967
2022-10-29,25.6717,26.9699
2022-10-30,25.646,26.9705
2022-10-31,25.6256,26.9765
2022-11-01,25.6306,26.9868
2022-11-02,25.6705,27.0114
2022-11-03,25.7293,27.0362
2022-11-04,25.777,27.0596
2022-11-05,25.812,27.0844
2022-11-06,25.8183,27.1009
2022-11-07,25.8276,27.1093
2022-11-08,25.8404,27.1146
2022-11-09,25.8634,27.11
2022-11-10,25.9041,27.111
2022-11-11,25.9344,27.1038
2022-11-12,25.9388,27.1031
2022-11-13,25.9297,27.1042
2022-11-14,25.8959,27.1056
2022-11-15,25.8474,27.0996
2022-11-16,25.8105,27.1005
2022-11-17,25.789,27.0972
2022-11-18,25.7744,27.0864
2022-11-19,25.7789,27.0694
2022-11-20,25.7896,27.0645
2022-11-21,25.7781,27.0615
2022-11-22,25.7587,27.069
2022-11-23,25.7503,27.078
2022-11-24,25.7629,27.1078
2022-11-25,25.7976,27.1364
2022-11-26,25.8161,27.1683
2022-11-27,25.819,27.186
2022-11-28,25.8046,27.1964
2022-11-29,25.774,27.1993
2022-11-30,25.7318,27.1955
2022-12-01,25.6919,27.1885
2022-12-02,25.6589,27.181
2022-12-03,25.6313,27.1666
2022-12-04,25.6101,27.1536
2022-12-05,25.6029,27.1466
2022-12-06,25.6196,27.1426
2022-12-07,25.633,27.1412
2022-12-08,25.6458,27.1413
2022-12-09,25.663,27.1499
2022-12-10,25.6948,27.1669
2022-12-11,25.714,27.1637
2022-12-12,25.7224,27.1583
2022-12-13,25.722,27.1635
2022-12-14,25.7268,27.1747
2022-12-15,25.7323,27.1763
2022-12-16,25.7362,27.1698
2022-12-17,25.7259,27.1559
2022-12-18,25.7112,27.1455
2022-12-19,25.7235,27.1453
2022-12-20,25.751,27.1451
2022-12-21,25.7709,27.1374
2022-12-22,25.7941,27.1273
2022-12-23,25.8319,27.1214
2022-12-24,25.8706,27.1208
2022-12-25,25.8914,27.1197
2022-12-26,25.8878,27.1166
2022-12-27,25.8547,27.1095
2022-12-28,25.8297,27.113
2022-12-29,25.8024,27.1255
2022-12-30,25.7884,27.1377
2022-12-31,25.7731,27.1396
2023-01-01,25.7543,27.1404
2023-01-02,25.7334,27.1343
2023-01-03,25.7184,27.1293
2023-01-04,25.71,27.1297
2023-01-05,25.6843,27.1255
2023-01-06,25.6934,27.1257
2023-01-07,25.6968,27.1242
2023-01-08,25.7079,27.131
2023-01-09,25.7253,27.1572
2023-01-10,25.7435,27.1817
2023-01-11,25.7664,27.2049
2023-01-12,25.8022,27.2319
2023-01-13,25.8418,27.2401
2023-01-14,25.8625,27.2342
2023-01-15,25.8623,27.2302
2023-01-16,25.8449,27.2264
2023-01-17,25.8226,27.2223
2023-01-18,25.8164,27.2167
2023-01-19,25.8015,27.2061
2023-01-20,25.7815,27.198
2023-01-21,25.7643,27.1843
2023-01-22,25.7721,27.1827
2023-01-23,25.7849,27.1865
2023-01-24,25.809,27.1954
2023-01-25,25.8409,27.1974
2023-01-26,25.8911,27.202
2023-01-27,25.9436,27.2088
2023-01-28,25.9728,27.2123
2023-01-29,26.0007,27.2189
2023-01-30,26.0278,27.2168
2023-01-31,26.0399,27.2128
2023-02-02,25.9996,27.2277
2023-02-03,25.9914,27.2437
2023-02-04,26.0039,27.2658
2023-02-05,26.0216,27.2848
2023-02-06,26.0505,27.3015
2023-02-07,26.0461,27.3085
2023-02-08,26.0149,27.3154
2023-02-09,25.9842,27.3234
2023-02-10,25.9809,27.321
2023-02-11,26.0063,27.3275
2023-02-12,26.0452,27.3441
2023-02-13,26.0728,27.3552
2023-02-14,26.0965,27.3628
2023-02-15,26.1086,27.364
2023-02-16,26.1217,27.3741
2023-02-17,26.1505,27.3851
2023-02-18,26.2339,27.3992
2023-02-19,26.3588,27.4108
2023-02-20,26.4613,27.4222
2023-02-21,26.5013,27.4321
2023-02-22,26.4973,27.435
2023-02-23,26.4862,27.4562
2023-02-24,26.5012,27.4756
2023-02-25,26.5222,27.4851
2023-02-26,26.5198,27.491
2023-02-27,26.5214,27.5011
2023-02-28,26.5262,27.5212
2023-03-01,26.5391,27.5349
2023-03-02,26.5757,27.5549
2023-03-03,26.6341,27.5718
2023-03-04,26.7225,27.5986
2023-03-05,26.7979,27.6326
2023-03-06,26.8713,27.662
2023-03-07,26.9175,27.6827
2023-03-08,26.9438,27.7041
2023-03-09,26.9812,27.721
2023-03-10,27.0463,27.7418
2023-03-11,27.1371,27.773
2023-03-12,27.2289,27.8107
2023-03-13,27.3194,27.8472
2023-03-14,27.362,27.8756
2023-03-15,27.3782,27.9083
2023-03-16,27.3741,27.9381
2023-03-17,27.3649,27.9555
2023-03-18,27.34,27.9739
2023-03-19,27.3202,27.9826
2023-03-20,27.3057,27.989
2023-03-21,27.3163,27.995
2023-03-22,27.3294,27.9999
2023-03-23,27.3339,28.0254
2023-03-24,27.3472,28.0484
2023-03-25,27.3744,28.0736
2023-03-26,27.425,28.0859
2023-03-27,27.478,28.0932
2023-03-28,27.5044,28.1009
2023-03-29,27.5185,28.1192
2023-03-30,27.5416,28.1476
2023-03-31,27.5466,28.1732
2023-04-01,27.5751,28.1961
2023-04-02,27.6079,28.2189
2023-04-03,27.6333,28.246
2023-04-04,27.668,28.2648
2023-04-05,27.6873,28.2756
2023-04-06,27.6798,28.2688
2023-04-07,27.6819,28.2633
2023-04-08,27.6892,28.2626
2023-04-09,27.7219,28.2608
2023-04-10,27.7779,28.2796
2023-04-11,27.8713,28.3078
2023-04-12,27.9541,28.3249
2023-04-13,28.0122,28.3455
2023-04-14,28.0173,28.3543
2023-04-15,28.004,28.3514
2023-04-16,27.9985,28.3533
2023-04-17,28.0204,28.3577
2023-04-18,28.0768,28.3581
2023-04-19,28.1576,28.3549
2023-04-20,28.2069,28.3517
2023-04-21,28.2405,28.3652
2023-04-22,28.2528,28.3713
2023-04-23,28.2769,28.3901
2023-04-24,28.2887,28.3959
2023-04-25,28.2851,28.3995
2023-04-26,28.2924,28.4005
2023-04-27,28.2979,28.3976
2023-04-28,28.2851,28.393
2023-04-29,28.2682,28.3888
2023-04-30,28.2414,28.3873
2023-05-01,28.2447,28.3743
2023-05-02,28.2528,28.3591
2023-05-03,28.2503,28.3459
2023-05-04,28.2538,28.3368
2023-05-05,28.2443,28.3353
2023-05-06,28.2546,28.3301
2023-05-07,28.2761,28.3278
2023-05-08,28.3048,28.3309
2023-05-09,28.3235,28.3392
2023-05-10,28.3516,28.3424
2023-05-11,28.3691,28.347
2023-05-12,28.3815,28.3463
2023-05-13,28.3985,28.3357
2023-05-14,28.3789,28.3224
2023-05-15,28.3541,28.3034
2023-05-16,28.3586,28.2918
2023-05-17,28.356,28.2628
2023-05-18,28.3653,28.2421
2023-05-19,28.3583,28.2221
2023-05-20,28.3397,28.2075
2023-05-21,28.2898,28.1898
2023-05-22,28.2585,28.1807
2023-05-23,28.2294,28.1658
2023-05-24,28.2441,28.1611
2023-05-25,28.3038,28.1519
2023-05-26,28.3534,28.1422
2023-05-27,28.4232,28.1298
2023-05-28,28.4903,28.106
2023-05-29,28.5529,28.0814
2023-05-30,28.5567,28.056
2023-05-31,28.5412,28.0281
2023-06-01,28.5599,28.0064
2023-06-02,28.5941,27.9919
2023-06-03,28.6499,27.9819
2023-06-04,28.7341,27.9828
2023-06-05,28.8109,27.9914
2023-06-06,28.8603,27.9978
2023-06-07,28.8537,27.996
2023-06-08,28.7969,27.9832
2023-06-09,28.7271,27.9633
2023-06-10,28.6605,27.939
2023-06-11,28.62,27.9066
2023-06-12,28.5856,27.8657
2023-06-13,28.5619,27.8406
2023-06-14,28.5701,27.8136
2023-06-15,28.5651,27.791
2023-06-16,28.5358,27.7806
2023-06-17,28.5313,27.768
2023-06-18,28.5545,27.7637
2023-06-19,28.5847,27.7679
2023-06-20,28.6101,27.7689
2023-06-21,28.6374,27.7531
2023-06-22,28.667,27.7346
2023-06-23,28.662,27.7125
2023-06-24,28.6284,27.6906
2023-06-25,28.5781,27.6595
2023-06-26,28.5221,27.6328
2023-06-27,28.4748,27.6046
2023-06-28,28.4443,27.5894
2023-06-29,28.4185,27.5775
2023-06-30,28.4059,27.5768
2023-07-01,28.4178,27.5672
2023-07-02,28.4336,27.5596
2023-07-03,28.4567,27.5497
2023-07-04,28.4708,27.5421
2023-07-05,28.4977,27.5258
2023-07-06,28.4966,27.506
2023-07-07,28.4569,27.4799
2023-07-08,28.4137,27.4539
2023-07-09,28.3784,27.436
2023-07-10,28.3377,27.4229
2023-07-11,28.3177,27.4106
2023-07-12,28.3344,27.4007
2023-07-13,28.3522,27.393
2023-07-14,28.3818,27.3869
2023-07-15,28.4057,27.386
2023-07-16,28.4071,27.3769
2023-07-17,28.3785,27.3666
2023-07-18,28.3444,27.3608
2023-07-19,28.3089,27.3655
2023-07-20,28.2788,27.3514
2023-07-21,28.2701,27.3491
2023-07-22,28.2504,27.3487
2023-07-23,28.2382,27.3292
2023-07-24,28.2387,27.3125
2023-07-25,28.2253,27.2969
2023-07-26,28.2118,27.286
2023-07-27,28.1953,27.2798
2023-07-28,28.187,27.2751
2023-07-29,28.1543,27.2714
2023-07-30,28.1223,27.2703
2023-07-31,28.0911,27.2617
2023-08-01,28.0419,27.2561
2023-08-02,28.0065,27.2538
2023-08-03,27.9982,27.2639
2023-08-04,28.0288,27.2691
2023-08-05,28.0518,27.2732
2023-08-06,28.0578,27.2729
2023-08-07,28.0815,27.2705
2023-08-08,28.1051,27.2741
2023-08-09,28.0697,27.2614
2023-08-10,28.071,27.2565
2023-08-11,28.0926,27.2553
2023-08-12,28.1027,27.2579
2023-08-13,28.1138,27.2609
2023-08-14,28.1267,27.2635
2023-08-15,28.1506,27.2693
2023-08-16,28.1657,27.2738
2023-08-17,28.1619,27.2821
2023-08-18,28.1324,27.2887
2023-08-19,28.1325,27.2961
2023-08-20,28.151,27.2962
2023-08-21,28.1752,27.2886
2023-08-22,28.2421,27.2938
2023-08-23,28.2909,27.2979
2023-08-24,28.314,27.3028
2023-08-25,28.351,27.3047
2023-08-26,28.3351,27.306
2023-08-27,28.2825,27.3007
2023-08-28,28.2434,27.2918
2023-08-29,28.2325,27.2912
2023-08-30,28.2366,27.2933
2023-08-31,28.254,27.3013
2023-09-01,28.2638,27.3043
2023-09-02,28.2866,27.3101
2023-09-03,28.3001,27.3093
2023-09-04,28.3068,27.3151
2023-09-05,28.2953,27.3229
2023-09-06,28.268,27.3267
2023-09-07,28.2473,27.3225
2023-09-08,28.2614,27.3297
2023-09-09,28.2664,27.3417
2023-09-10,28.2666,27.3437
2023-09-11,28.2869,27.3423
2023-09-12,28.2868,27.3403
2023-09-13,28.2624,27.3349
2023-09-14,28.2713,27.3352
2023-09-15,28.2843,27.3257
2023-09-16,28.2923,27.3244
2023-09-17,28.3153,27.3325
2023-09-18,28.326,27.3459
2023-09-19,28.32,27.3595
2023-09-20,28.3209,27.3788
2023-09-21,28.3573,27.4031
2023-09-22,28.3566,27.4165
2023-09-23,28.3136,27.4181
2023-09-24,28.2496,27.4101
2023-09-25,28.1828,27.4014
2023-09-26,28.1305,27.4031
2023-09-27,28.1012,27.4068
2023-09-28,28.1026,27.4042
2023-09-29,28.1241,27.4168
2023-09-30,28.1249,27.4236
2023-10-01,28.0986,27.421
2023-10-02,28.0962,27.4167
2023-10-03,28.1088,27.4165
2023-10-04,28.154,27.4238
2023-10-05,28.1709,27.4279
2023-10-06,28.1767,27.4296
2023-10-07,28.1689,27.4341
2023-10-08,28.133,27.4403
2023-10-09,28.1237,27.4508
2023-10-10,28.1412,27.472
2023-10-11,28.1642,27.498
2023-10-12,28.2081,27.5217
2023-10-13,28.2771,27.5487
2023-10-14,28.3264,27.5688
2023-10-15,28.349,27.5841
2023-10-16,28.3651,27.5999
2023-10-17,28.3467,27.6133
2023-10-18,28.3204,27.6192
2023-10-19,28.3137,27.6306
2023-10-20,28.3106,27.6424
2023-10-21,28.2702,27.649
2023-10-22,28.235,27.659
2023-10-23,28.2726,27.6749
2023-10-24,28.3534,27.6908
2023-10-25,28.4323,27.7037
2023-10-26,28.4861,27.716
2023-10-27,28.5134,27.7166
2023-10-28,28.5321,27.7126
2023-10-29,28.5463,27.7101
2023-10-30,28.5531,27.7111
2023-10-31,28.5553,27.7181
2023-11-01,28.5535,27.7349
2023-11-02,28.5699,27.7494
2023-11-03,28.5622,27.7553
2023-11-04,28.5464,27.7591
2023-11-05,28.5546,27.7618
2023-11-06,28.5616,27.7715
2023-11-07,28.5447,27.7787
2023-11-08,28.526,27.7826
2023-11-09,28.5145,27.7782
2023-11-10,28.5125,27.7763
2023-11-11,28.5159,27.7751
2023-11-12,28.5144,27.7749
2023-11-13,28.5274,27.7842
2023-11-14,28.5485,27.8024
2023-11-15,28.593,27.8166
2023-11-16,28.6892,27.8304
2023-11-17,28.7676,27.8434
2023-11-18,28.7968,27.8535
2023-11-19,28.836,27.8684
2023-11-20,28.8545,27.8809
2023-11-21,28.8762,27.8948
2023-11-22,28.8832,27.9118
2023-11-23,28.8796,27.9218
2023-11-24,28.8664,27.9233
2023-11-25,28.8274,27.925
2023-11-26,28.7384,27.9246
2023-11-27,28.6934,27.9242
2023-11-28,28.6887,27.9307
2023-11-29,28.7044,27.9426
2023-11-30,28.6906,27.9348
2023-12-01,28.6737,27.9224
2023-12-02,28.648,27.9099
2023-12-03,28.6406,27.8948
2023-12-04,28.635,27.8784
2023-12-05,28.6325,27.8745
2023-12-06,28.6488,27.8848
2023-12-07,28.683,27.8929
2023-12-08,28.6842,27.8985
2023-12-09,28.6841,27.8972
2023-12-10,28.6403,27.8954
2023-12-11,28.5828,27.8934
2023-12-12,28.5634,27.8844
2023-12-13,28.5854,27.8829
2023-12-14,28.599,27.8901
2023-12-15,28.6144,27.8969
2023-12-16,28.604,27.9057
2023-12-17,28.5756,27.9097
2023-12-18,28.5631,27.8996
2023-12-19,28.5602,27.8914
2023-12-20,28.5822,27.8935
2023-12-21,28.5791,27.8925
2023-12-22,28.5547,27.8885
2023-12-23,28.5273,27.8889
2023-12-24,28.5138,27.8888
2023-12-25,28.5162,27.8986
2023-12-26,28.5368,27.9182
2023-12-27,28.5531,27.9417
2023-12-28,28.5231,27.9677
2023-12-29,28.5293,27.9914
2023-12-30,28.5364,28.0118
2023-12-31,28.5485,28.0225
2024-01-01,28.5638,28.029
2024-01-02,28.5518,28.0339
2024-01-03,28.5378,28.0387
2024-01-04,28.4951,28.0512
2024-01-05,28.4192,28.064
2024-01-06,28.3866,28.0761
2024-01-07,28.3868,28.0784
2024-01-08,28.4081,28.0772
2024-01-09,28.4186,28.0722
2024-01-10,28.3997,28.0657
2024-01-11,28.3952,28.0628
2024-01-12,28.3821,28.0542
2024-01-13,28.3525,28.0429
2024-01-14,28.3237,28.0288
2024-01-15,28.2787,28.0213
2024-01-16,28.2225,28.0086
2024-01-17,28.1961,27.9976
2024-01-18,28.1769,27.9914
2024-01-19,28.1613,27.9996
2024-01-20,28.158,28.0021
2024-01-21,28.1453,27.992
2024-01-22,28.135,27.9856
2024-01-23,28.1524,27.9834
2024-01-24,28.1697,27.985
2024-01-25,28.1725,27.9885
2024-01-26,28.1907,27.9935
2024-01-27,28.1999,28.0008
2024-01-28,28.2098,28.0108
2024-01-29,28.2305,28.0298
2024-01-30,28.2853,28.066
2024-01-31,28.3528,28.1035
2024-02-01,28.3881,28.1197
2024-02-02,28.3739,28.1179
2024-02-03,28.3233,28.1137
2024-02-04,28.2749,28.1161
2024-02-05,28.2353,28.1185
2024-02-06,28.2164,28.1124
2024-02-07,28.2118,28.1024
2024-02-08,28.2326,28.1028
2024-02-09,28.2219,28.1064
2024-02-10,28.213,28.0892
2024-02-11,28.1785,28.0695
2024-02-12,28.1809,28.0636
2024-02-13,28.1811,28.066
2024-02-14,28.1961,28.0711
2024-02-15,28.2048,28.0747
2024-02-16,28.2135,28.0809
2024-02-17,28.261,28.0952
2024-02-18,28.3017,28.1219
2024-02-19,28.3267,28.1373
2024-02-20,28.311,28.1615
2024-02-21,28.2833,28.1815
2024-02-22,28.2467,28.1776
2024-02-23,28.1894,28.1842
2024-02-24,28.1849,28.2029
2024-02-25,28.1964,28.2323
2024-02-26,28.2069,28.2614
2024-02-27,28.2409,28.2797
2024-02-28,28.2974,28.2896
2024-02-29,28.3784,28.3066
2024-03-01,28.4219,28.3209
2024-03-02,28.4527,28.3238
2024-03-03,28.4688,28.3247
2024-03-04,28.4677,28.3308
2024-03-05,28.4771,28.3379
2024-03-06,28.4993,28.3491
2024-03-07,28.4955,28.3512
2024-03-08,28.4678,28.3478
2024-03-09,28.4192,28.3466
2024-03-10,28.3868,28.3399
2024-03-11,28.3389,28.3286
2024-03-12,28.2941,28.3198
2024-03-13,28.2783,28.3176
2024-03-14,28.2544,28.3075
2024-03-15,28.2303,28.3142
2024-03-16,28.264,28.3227
2024-03-17,28.3337,28.332
2024-03-18,28.4254,28.3493
2024-03-19,28.5174,28.3697
2024-03-20,28.5863,28.3889
2024-03-21,28.6266,28.4056
2024-03-22,28.6199,28.4244
2024-03-23,28.5612,28.4449
2024-03-24,28.4859,28.4594
2024-03-25,28.4327,28.4775
2024-03-26,28.395,28.4938
2024-03-27,28.4446,28.5093
2024-03-28,28.5517,28.5265
2024-03-29,28.6731,28.548
2024-03-30,28.7887,28.5655
2024-04-01,28.9808,28.588
2024-04-02,28.9938,28.5901
2024-04-03,28.9561,28.5971
2024-04-04,28.9013,28.5983
2024-04-05,28.8033,28.6037
2024-04-06,28.7345,28.6076
2024-04-07,28.688,28.5992
2024-04-08,28.6179,28.5877
2024-04-09,28.5329,28.5752
2024-04-10,28.4758,28.56
2024-04-11,28.4649,28.555
2024-04-12,28.4542,28.5695
2024-04-13,28.4367,28.5811
2024-04-14,28.4095,28.5917
2024-04-15,28.4655,28.6052
2024-04-16,28.5571,28.6259
2024-04-17,28.6408,28.6504
2024-04-18,28.7099,28.6788
2024-04-19,28.729,28.7037
2024-04-20,28.7402,28.7313
2024-04-21,28.7261,28.753
2024-04-22,28.7245,28.7616
2024-04-23,28.7687,28.7788
2024-04-24,28.7826,28.7757
2024-04-25,28.7165,28.7708
2024-04-26,28.6517,28.7639
2024-04-27,28.5865,28.7598
2024-04-28,28.5271,28.7444
2024-04-29,28.4629,28.7357
2024-04-30,28.4562,28.7138
2024-05-01,28.4956,28.6898
2024-05-02,28.5134,28.6722
2024-05-03,28.4944,28.6585
2024-05-04,28.4349,28.6387
2024-05-05,28.3808,28.614
2024-05-06,28.3504,28.5985
2024-05-07,28.304,28.5857
2024-05-08,28.2461,28.5611
2024-05-09,28.1832,28.5248
2024-05-10,28.1296,28.4998
2024-05-11,28.1182,28.4739
2024-05-12,28.1548,28.454
2024-05-13,28.178,28.4324
2024-05-14,28.1751,28.424
2024-05-15,28.1745,28.4143
2024-05-16,28.1675,28.403
2024-05-17,28.1364,28.3926
2024-05-18,28.116,28.3758
2024-05-19,28.0912,28.3519
2024-05-20,28.0849,28.3288
2024-05-21,28.078,28.3098
2024-05-22,28.0644,28.2907
2024-05-23,28.0526,28.2656
2024-05-24,28.0295,28.2488
2024-05-25,27.999,28.2357
2024-05-26,27.9714,28.235
2024-05-27,27.9511,28.2249
2024-05-28,27.917,28.2072
2024-05-29,27.8677,28.1914
2024-05-30,27.8574,28.1738
2024-05-31,27.9101,28.1574
2024-06-01,27.963,28.151
2024-06-02,28.0136,28.1451
2024-06-03,28.0392,28.1238
2024-06-04,28.0025,28.1173
2024-06-05,27.95,28.0984
2024-06-06,27.8722,28.0666
2024-06-07,27.8237,28.0452
2024-06-08,27.8151,28.0253
2024-06-09,27.7884,27.9998
2024-06-10,27.769,27.9804
2024-06-11,27.7635,27.9615
2024-06-12,27.7961,27.9494
2024-06-13,27.8118,27.9413
2024-06-14,27.8128,27.9275
2024-06-15,27.832,27.919
2024-06-16,27.8508,27.9124
2024-06-17,27.871,27.8913
2024-06-18,27.9113,27.8588
2024-06-19,27.9123,27.8173
2024-06-20,27.9248,27.7787
2024-06-21,27.9458,27.7465
2024-06-22,27.9413,27.7057
2024-06-23,27.94,27.6838
2024-06-24,27.961,27.6698
2024-06-25,27.9806,27.6538
2024-06-26,27.9878,27.6439
2024-06-27,27.9693,27.6387
2024-06-28,27.95,27.6323
2024-06-29,27.9089,27.6192
2024-06-30,27.8505,27.6025
2024-07-01,27.8299,27.61
2024-07-02,27.8173,27.6117
2024-07-03,27.8016,27.6052
2024-07-04,27.8072,27.6032
2024-07-05,27.7839,27.5911
2024-07-06,27.7377,27.5677
2024-07-07,27.6796,27.5463
2024-07-08,27.6574,27.5289
2024-07-09,27.6631,27.516
2024-07-10,27.6762,27.5046
2024-07-11,27.6797,27.4971
2024-07-12,27.6912,27.4864
2024-07-13,27.6512,27.4539
2024-07-14,27.6038,27.4219
2024-07-15,27.5443,27.3981
2024-07-16,27.4878,27.3838
2024-07-17,27.4101,27.3643
2024-07-18,27.3402,27.3477
2024-07-19,27.2719,27.3311
2024-07-20,27.2765,27.3175
2024-07-21,27.3098,27.2941
2024-07-22,27.3132,27.2642
2024-07-23,27.3055,27.2355
2024-07-24,27.2654,27.2048
2024-07-25,27.1836,27.1825
2024-07-26,27.0841,27.1675
2024-07-27,26.9728,27.1611
2024-07-28,26.8446,27.152
2024-07-29,26.7564,27.1494
2024-07-30,26.7703,27.1496
2024-07-31,26.797,27.1439
2024-08-01,26.8363,27.1383
2024-08-02,26.9063,27.1345
2024-08-03,26.9723,27.1278
2024-08-04,27.0206,27.125
2024-08-05,27.0306,27.1172
2024-08-06,27.0139,27.1119
2024-08-07,26.9813,27.1023
2024-08-08,26.9591,27.0927
2024-08-09,26.911,27.0794
2024-08-10,26.892,27.0687
2024-08-11,26.8453,27.0642
2024-08-12,26.7782,27.0579
2024-08-13,26.7406,27.0563
2024-08-14,26.7124,27.0721
2024-08-15,26.7045,27.0805
2024-08-16,26.7051,27.0781
2024-08-17,26.7101,27.0843
2024-08-18,26.7055,27.0904
2024-08-19,26.7157,27.08
2024-08-20,26.7494,27.0593
2024-08-21,26.7688,27.0423
2024-08-22,26.7849,27.0452
2024-08-23,26.7628,27.0461
2024-08-24,26.7473,27.0515
2024-08-25,26.6907,27.0558
2024-08-26,26.6144,27.0569
2024-08-27,26.5792,27.058
2024-08-28,26.5888,27.0553
2024-08-29,26.6082,27.0568
2024-08-30,26.6249,27.0565
2024-08-31,26.6229,27.0607
2024-09-01,26.6251,27.0703
2024-09-02,26.6424,27.0862
2024-09-03,26.6445,27.0959
2024-09-04,26.6233,27.0973
2024-09-05,26.5932,27.1003
2024-09-06,26.5947,27.1091
2024-09-07,26.5947,27.114
2024-09-08,26.5558,27.1113
2024-09-09,26.5065,27.1047
2024-09-10,26.4928,27.0948
2024-09-11,26.4971,27.0833
2024-09-12,26.4932,27.056
2024-09-13,26.4792,27.0658
2024-09-14,26.4342,27.0913
2024-09-15,26.3508,27.1055
2024-09-16,26.2636,27.1185
2024-09-17,26.1933,27.1226
2024-09-18,26.1425,27.129
2024-09-19,26.1219,27.1424
2024-09-20,26.167,27.1611
2024-09-21,26.2497,27.1824
2024-09-22,26.3467,27.1959
2024-09-23,26.4016,27.2038
2024-09-24,26.4413,27.2169
2024-09-25,26.462,27.2314
2024-09-26,26.4345,27.2552
2024-09-27,26.4264,27.2883
2024-09-28,26.402,27.3075
2024-09-29,26.3968,27.3254
2024-09-30,26.3803,27.3395
2024-10-01,26.3643,27.3418
2024-10-02,26.3496,27.3403
2024-10-03,26.3218,27.3344
2024-10-04,26.3117,27.332
2024-10-05,26.307,27.3457
2024-10-06,26.2886,27.3586
2024-10-07,26.2606,27.3614
2024-10-08,26.2803,27.3776
2024-10-09,26.3189,27.3985
2024-10-10,26.3309,27.4082
2024-10-11,26.3258,27.4091
2024-10-12,26.3289,27.41
2024-10-13,26.3617,27.4087
2024-10-14,26.4304,27.4159
2024-10-15,26.4811,27.4254
2024-10-16,26.4914,27.4316
2024-10-17,26.473,27.4366
2024-10-18,26.456,27.4553
2024-10-19,26.4502,27.4628
2024-10-20,26.4546,27.4631
2024-10-21,26.4358,27.4625
2024-10-22,26.4007,27.4614
2024-10-23,26.3514,27.4563
2024-10-24,26.3014,27.461
2024-10-25,26.273,27.4658
2024-10-26,26.2822,27.4759
2024-10-27,26.3059,27.4971
2024-10-28,26.3513,27.5056
2024-10-29,26.4395,27.5323
2024-10-30,26.5088,27.5552
2024-10-31,26.5656,27.5698
2024-11-01,26.5795,27.5773
2024-11-02,26.5554,27.5796
2024-11-03,26.5233,27.5746
2024-11-04,26.5025,27.5713
2024-11-05,26.5349,27.5713
2024-11-06,26.6032,27.5658
2024-11-07,26.6488,27.56
2024-11-08,26.6448,27.5542
2024-11-09,26.63,27.5414
2024-11-10,26.6493,27.5302
2024-11-11,26.7015,27.5338
2024-11-12,26.7231,27.5415
2024-11-13,26.7365,27.5521
2024-11-14,26.7506,27.5662
2024-11-15,26.7445,27.5808
2024-11-16,26.7366,27.5935
2024-11-17,26.7378,27.5826
2024-11-18,26.7386,27.5646
2024-11-19,26.7521,27.5512
2024-11-20,26.7558,27.5547
2024-11-21,26.7145,27.5644
2024-11-22,26.6603,27.5936
2024-11-23,26.6224,27.6004
2024-11-24,26.5944,27.5711
2024-11-25,26.5957,27.5653
2024-11-26,26.6154,27.5571
2024-11-27,26.6226,27.5402
2024-11-28,26.6161,27.5234
2024-11-29,26.6174,27.5049
2024-11-30,26.5858,27.4908
2024-12-01,26.5455,27.4824
2024-12-02,26.4893,27.4758
2024-12-03,26.4417,27.471
2024-12-04,26.4184,27.4546
2024-12-05,26.396,27.4382
2024-12-06,26.3467,27.4159
2024-12-07,26.3108,27.4026
2024-12-08,26.2674,27.3995
2024-12-09,26.2145,27.4023
2024-12-10,26.1525,27.4014
2024-12-11,26.1172,27.4098
2024-12-12,26.0734,27.4036
2024-12-13,26.0359,27.3888
2024-12-14,25.9736,27.3812
2024-12-15,25.8858,27.375
2024-12-16,25.8262,27.3731
2024-12-17,25.7903,27.3774
2024-12-18,25.7761,27.3837
2024-12-19,25.7531,27.3871
2024-12-20,25.736,27.3879
2024-12-21,25.7262,27.3834
2024-12-22,25.6921,27.3828
2024-12-23,25.6317,27.3735
2024-12-24,25.5816,27.372
2024-12-25,25.5471,27.3721
2024-12-26,25.555,27.3662
2024-12-27,25.5968,27.3681
2024-12-28,25.6407,27.3763
2024-12-29,25.689,27.389
2024-12-30,25.7486,27.404
2024-12-31,25.8124,27.4214
2025-01-01,25.8667,27.435
2025-01-02,25.8904,27.4559
2025-01-03,25.8776,27.46
2025-01-04,25.8282,27.4563
2025-01-05,25.7944,27.4456
2025-01-06,25.7828,27.4333
2025-01-07,25.7905,27.4277
2025-01-08,25.7956,27.4214
2025-01-09,25.7742,27.4138
2025-01-10,25.7644,27.3932
2025-01-11,25.7957,27.382
2025-01-12,25.8598,27.3917
2025-01-13,25.9253,27.4142
2025-01-14,25.935,27.4274
2025-01-15,25.894,27.4308
2025-01-16,25.8257,27.4308
2025-01-17,25.7721,27.4296
2025-01-18,25.7385,27.4337
2025-01-19,25.6931,27.4333
2025-01-20,25.6488,27.433
2025-01-21,25.615,27.4312
2025-01-22,25.5901,27.4267
2025-01-23,25.5624,27.4288
2025-01-24,25.5383,27.4342
2025-01-25,25.5468,27.4343
2025-01-26,25.5846,27.4339
2025-01-27,25.6145,27.4365
2025-01-28,25.649,27.4508
2025-01-29,25.678,27.4623
2025-01-30,25.6928,27.4662
2025-01-31,25.7219,27.4759
2025-02-01,25.7691,27.4844
2025-02-02,25.8239,27.4992
2025-02-03,25.8841,27.5132
2025-02-04,25.942,27.5159
2025-02-05,26.0015,27.5342
2025-02-06,26.0598,27.5532
2025-02-07,26.1042,27.5717
2025-02-08,26.1257,27.5845
2025-02-09,26.15,27.5987
2025-02-10,26.1862,27.6173
2025-02-11,26.2333,27.6433
2025-02-12,26.2898,27.6773
2025-02-13,26.3396,27.7067
2025-02-14,26.3725,27.7321
2025-02-15,26.3893,27.7552
2025-02-16,26.4182,27.7767
2025-02-17,26.4571,27.7902
2025-02-18,26.4944,27.7917
2025-02-19,26.507,27.7838
2025-02-20,26.5206,27.7825
2025-02-21,26.5683,27.787
2025-02-22,26.6103,27.7918
2025-02-23,26.6144,27.7799
2025-02-24,26.6013,27.7731
2025-02-25,26.6194,27.7777
2025-02-26,26.6494,27.7782
2025-02-27,26.7335,27.7948
2025-02-28,26.8547,27.8265
2025-03-01,26.9298,27.8535
2025-03-02,26.953,27.8599
2025-03-03,26.9979,27.8716
2025-03-04,27.0231,27.8865
2025-03-05,27.0539,27.8997
2025-03-06,27.1128,27.9094
2025-03-07,27.1587,27.9172
2025-03-08,27.2099,27.9277
2025-03-09,27.2931,27.9364
2025-03-10,27.3785,27.9539
2025-03-11,27.4799,27.9749
2025-03-12,27.541,27.9979
2025-03-13,27.5269,28.0102
2025-03-14,27.428,28.0202
2025-03-15,27.3455,28.045
2025-03-16,27.2765,28.0559
2025-03-17,27.232,28.0478
2025-03-18,27.2427,28.0353
2025-03-19,27.2756,28.0339
2025-03-20,27.3355,28.0393
2025-03-21,27.4406,28.0432
2025-03-22,27.5252,28.046
2025-03-23,27.5829,28.0585
2025-03-24,27.6374,28.0709
2025-03-25,27.678,28.085
2025-03-26,27.6583,28.0948
2025-03-27,27.6432,28.1037
2025-03-28,27.6063,28.1107
2025-03-29,27.548,28.1198
2025-03-30,27.5069,28.1276
2025-03-31,27.4771,28.1251
2025-04-01,27.4813,28.13
2025-04-02,27.4562,28.1358
2025-04-03,27.4247,28.1357
2025-04-04,27.4167,28.1352
2025-04-05,27.4411,28.1441
2025-04-06,27.4753,28.1654
2025-04-07,27.5362,28.1905
2025-04-08,27.579,28.1973
2025-04-09,27.6141,28.2059
2025-04-10,27.6322,28.2065
2025-04-11,27.6251,28.2012
2025-04-12,27.6398,28.2
2025-04-13,27.6652,28.1909
2025-04-14,27.6813,28.1801
2025-04-15,27.6806,28.161
2025-04-16,27.6997,28.1452
2025-04-17,27.7333,28.1542
2025-04-18,27.7809,28.1595
2025-04-19,27.814,28.1619
2025-04-20,27.8309,28.1699
2025-04-21,27.8428,28.1897
2025-04-22,27.8492,28.1986
2025-04-23,27.8559,28.2036
2025-04-24,27.8569,28.2011
2025-04-25,27.8608,28.204
2025-04-26,27.8713,28.1975
2025-04-27,27.8811,28.1907
2025-04-28,27.8687,28.1912
2025-04-29,27.8649,28.1985
2025-04-30,27.8642,28.2033
2025-05-01,27.911,28.2093
2025-05-02,27.9652,28.2158
2025-05-03,28.0188,28.221
2025-05-04,28.048,28.2211
2025-05-05,28.0699,28.216
2025-05-06,28.075,28.2076
2025-05-07,28.0486,28.1948
2025-05-08,28.0048,28.1768
2025-05-09,27.9614,28.1659
2025-05-10,27.9213,28.1603
2025-05-11,27.876,28.1486
2025-05-12,27.8382,28.1351
2025-05-13,27.8019,28.1236
2025-05-14,27.767,28.1059
2025-05-15,27.7665,28.0953
2025-05-16,27.7775,28.0851
2025-05-17,27.7457,28.0677
2025-05-18,27.7261,28.0472
2025-05-19,27.7039,28.0249
2025-05-20,27.7019,28.013
2025-05-21,27.7256,28.0121
2025-05-22,27.7549,28.021
2025-05-23,27.7584,28.0143
2025-05-24,27.7521,27.9988
2025-05-25,27.7309,27.973
2025-05-26,27.7012,27.9421
2025-05-27,27.6832,27.9158
2025-05-28,27.6892,27.9008
2025-05-29,27.7322,27.8834
2025-05-30,27.7754,27.8579
2025-05-31,27.8106,27.8466
2025-06-01,27.8538,27.8346
2025-06-02,27.8598,27.8156
2025-06-03,27.8371,27.7983
2025-06-04,27.7772,27.7775
2025-06-05,27.6974,27.7523
2025-06-06,27.6427,27.734
2025-06-07,27.6139,27.7219
2025-06-08,27.6221,27.7015
2025-06-09,27.6396,27.6801
2025-06-10,27.7012,27.6565
2025-06-11,27.761,27.6331
2025-06-12,27.7847,27.6152
2025-06-13,27.7847,27.6135
2025-06-14,27.7702,27.6022
2025-06-15,27.741,27.5839
2025-06-16,27.6942,27.5655
2025-06-17,27.659,27.5455
2025-06-18,27.6543,27.5312
2025-06-19,27.6896,27.5178
2025-06-20,27.7555,27.5016
2025-06-21,27.7676,27.4752
2025-06-23,27.6994,27.4152
2025-06-24,27.6441,27.3914
2025-06-25,27.5966,27.3716
2025-06-26,27.5662,27.3559
2025-06-27,27.5446,27.3414
2025-06-28,27.5287,27.3256
2025-06-29,27.5266,27.3082
2025-06-30,27.5421,27.2985
2025-07-01,27.5726,27.2926
2025-07-02,27.6004,27.2749
2025-07-03,27.5892,27.2548
2025-07-04,27.5841,27.2401
2025-07-05,27.5865,27.23
2025-07-06,27.5728,27.2232
2025-07-07,27.5515,27.2194
2025-07-08,27.5127,27.2075
2025-07-09,27.4917,27.1998
2025-07-10,27.4736,27.182
2025-07-11,27.4257,27.1557
2025-07-12,27.3407,27.1388
2025-07-13,27.2578,27.1246
2025-07-14,27.2025,27.1206
2025-07-15,27.1567,27.1201
2025-07-16,27.1216,27.1183
2025-07-17,27.1238,27.109
2025-07-18,27.1297,27.0948
2025-07-19,27.0972,27.0816
2025-07-20,27.054,27.0716
2025-07-21,26.9934,27.0601
2025-07-22,26.931,27.0563
2025-07-23,26.876,27.0538
2025-07-24,26.8185,27.0454
2025-07-25,26.773,27.0284
2025-07-26,26.7519,27.0128
2025-07-27,26.7556,27.0013
2025-07-28,26.7713,26.9861
2025-07-29,26.7689,26.9627
2025-07-30,26.7584,26.9546
2025-07-31,26.7403,26.9464
2025-08-01,26.6942,26.9062
2025-08-02,26.6914,26.8937
2025-08-03,26.6708,26.896
2025-08-04,26.6825,26.8987
2025-08-05,26.7015,26.9003
2025-08-06,26.7223,26.8955
2025-08-07,26.732,26.8888
2025-08-08,26.7184,26.8906
2025-08-09,26.6835,26.8983
2025-08-10,26.6305,26.9004
2025-08-11,26.579,26.914
2025-08-12,26.5513,26.9171
2025-08-13,26.5409,26.9203
2025-08-14,26.544,26.9235
2025-08-15,26.5317,26.925
2025-08-16,26.5253,26.9256
2025-08-17,26.5099,26.9114
2025-08-18,26.503,26.8973
2025-08-19,26.4839,26.8845
2025-08-20,26.4617,26.8724
2025-08-21,26.4273,26.8546
2025-08-22,26.388,26.8446
2025-08-23,26.3608,26.8382
2025-08-24,26.3635,26.8365
2025-08-25,26.3903,26.8638
2025-08-26,26.3908,26.8603
2025-08-27,26.388,26.8497
2025-08-28,26.3629,26.8421
2025-08-29,26.3207,26.8304
2025-08-30,26.2607,26.8055
2025-08-31,26.2588,26.8049
2025-09-01,26.2689,26.8223
2025-09-02,26.2893,26.8295
2025-09-03,26.3309,26.8277
2025-09-04,26.3773,26.8296
2025-09-05,26.4112,26.841
2025-09-06,26.4229,26.848
2025-09-07,26.4128,26.8531
2025-09-08,26.3789,26.8524
2025-09-09,26.3406,26.8554
2025-09-10,26.2957,26.87
2025-09-11,26.2627,26.8963
2025-09-12,26.2082,26.8902
2025-09-13,26.1884,26.8911
2025-09-14,26.2222,26.8875
2025-09-15,26.2731,26.8881
2025-09-16,26.3241,26.8935
2025-09-17,26.3448,26.8928
2025-09-18,26.3432,26.9016
2025-09-19,26.3279,26.9126
2025-09-20,26.317,26.9345
2025-09-21,26.3037,26.9583
2025-09-22,26.248,26.9648
2025-09-23,26.171,26.9512
2025-09-24,26.1151,26.9426
2025-09-25,26.0989,26.9412
2025-09-26,26.1094,26.9522
2025-09-27,26.1492,26.9552
2025-09-28,26.2129,26.9805
2025-09-29,26.2699,27.0075
2025-09-30,26.2932,27.0262
2025-10-01,26.2858,27.0499
2025-10-02,26.2833,27.0901
2025-10-03,26.2938,27.098
2025-10-04,26.2926,27.1015
2025-10-05,26.2892,27.1088
2025-10-06,26.3159,27.0975
2025-10-07,26.3674,27.088
2025-10-08,26.3939,27.0847
2025-10-09,26.3747,27.0891
2025-10-10,26.3349,27.0942
2025-10-11,26.2936,27.1048
2025-10-12,26.2397,27.1184
2025-10-13,26.2024,27.1365
2025-10-14,26.2124,27.1587
2025-10-15,26.2302,27.1718
2025-10-16,26.2441,27.1716
2025-10-17,26.2505,27.1651
2025-10-18,26.2342,27.1648
2025-10-19,26.2117,27.1603
2025-10-20,26.2003,27.1537
2025-10-21,26.1742,27.1374
2025-10-22,26.1432,27.1237
2025-10-23,26.1191,27.1121
2025-10-24,26.1082,27.1125
2025-10-25,26.0995,27.1119
2025-10-26,26.1006,27.1046
2025-10-27,26.0907,27.1002
2025-10-28,26.0913,27.0984
2025-10-29,26.1089,27.1055
2025-10-30,26.1158,27.1106
2025-10-31,26.1042,27.1244
2025-11-01,26.1251,27.145
2025-11-02,26.1777,27.1609
2025-11-03,26.2087,27.1631
2025-11-04,26.1802,27.1453
2025-11-05,26.1035,27.1297
2025-11-06,26.0259,27.1185
2025-11-07,25.9672,27.1145
2025-11-08,25.9584,27.1202
2025-11-09,25.9702,27.1186
2025-11-10,25.9773,27.1342
2025-11-11,25.9771,27.144
2025-11-12,25.9844,27.1299
2025-11-13,26.0022,27.1235
2025-11-14,26.0293,27.1366
2025-11-15,26.0154,27.1538
2025-11-16,25.9981,27.1702
2025-11-17,25.9936,27.1824
2025-11-18,25.9957,27.1939
2025-11-19,26.0148,27.1984
2025-11-20,26.0128,27.1958
2025-11-21,25.9823,27.1945
2025-11-22,25.9352,27.1929
2025-11-23,25.9027,27.2003
2025-11-24,25.9234,27.2077
2025-11-25,25.9545,27.2145
2025-11-26,26.0141,27.2336
2025-11-27,26.0617,27.255
2025-11-28,26.1133,27.2723
2025-11-29,26.1507,27.2858
2025-11-30,26.1667,27.2955
2025-12-01,26.1804,27.3025
2025-12-02,26.1682,27.298
2025-12-03,26.1504,27.288
2025-12-04,26.152,27.2713
2025-12-05,26.1291,27.2654
2025-12-06,26.0987,27.2507
2025-12-07,26.036,27.2493
2025-12-08,25.9849,27.2399
2025-12-09,25.9679,27.2367
2025-12-10,25.9618,27.236
2025-12-11,25.941,27.2297
2025-12-12,25.9175,27.2293
2025-12-13,25.8826,27.2302
2025-12-14,25.8573,27.2251
2025-12-15,25.8509,27.2264
2025-12-16,25.8769,27.2274
2025-12-17,25.9248,27.2274
2025-12-18,25.9461,27.2298
2025-12-19,25.9484,27.2423
2025-12-20,25.9471,27.2456
2025-12-21,25.9264,27.2525
2025-12-22,25.9006,27.2613
2025-12-23,25.8722,27.2678
2025-12-24,25.8443,27.272
2025-12-25,25.8224,27.2763
2025-12-26,25.8204,27.2749
2025-12-27,25.8865,27.2748
2025-12-28,25.9294,27.2928
2025-12-29,25.9222,27.2927
2025-12-30,25.9177,27.2986
2025-12-31,25.9042,27.3078
2026-01-01,25.8979,27.3095
2026-01-02,25.889,27.303
2026-01-03,25.8884,27.2966
2026-01-04,25.8659,27.2856
2026-01-05,25.8268,27.2733
2026-01-06,25.8037,27.2687
2026-01-07,25.7863,27.2549
2026-01-08,25.7863,27.2481
2026-01-09,25.7721,27.2513
2026-01-10,25.7861,27.2643
2026-01-11,25.814,27.2725
2026-01-12,25.8308,27.2764
2026-01-13,25.8453,27.2852
2026-01-14,25.8622,27.2965
2026-01-15,25.8836,27.3138
2026-01-16,25.9285,27.3233
2026-01-17,25.984,27.3339
2026-01-18,26.016,27.3491
2026-01-19,26.0231,27.3585
2026-01-20,26.0286,27.3641
2026-01-21,26.029,27.368
2026-01-22,26.0429,27.3796
2026-01-23,26.0657,27.3964
2026-01-24,26.0812,27.4101
2026-01-25,26.0842,27.4162
2026-01-26,26.0858,27.4231
2026-01-27,26.0972,27.4226
2026-01-28,26.0586,27.4107
2026-01-29,25.9995,27.4125
2026-01-30,25.9725,27.4322
2026-01-31,25.9899,27.4474
2026-02-01,26.0214,27.4548
2026-02-02,26.0655,27.4561
2026-02-03,26.0994,27.4599
2026-02-04,26.1241,27.4795
2026-02-05,26.1628,27.501
2026-02-06,26.1933,27.5102
2026-02-07,26.2359,27.5214
2026-02-08,26.2795,27.5274
2026-02-09,26.3233,27.5294
2026-02-10,26.3811,27.5412
2026-02-11,26.447,27.5644
2026-02-12,26.5066,27.5858
2026-02-13,26.5413,27.6015
2026-02-14,26.5368,27.6055
2026-02-15,26.5246,27.6173
2026-02-16,26.5444,27.6296
2026-02-17,26.5782,27.6327
2026-02-18,26.6303,27.6463
2026-02-19,26.6761,27.6769
2026-02-20,26.7119,27.7093
2026-02-21,26.7429,27.7339
2026-02-22,26.7615,27.7644
2026-02-23,26.7461,27.8028
2026-02-24,26.7022,27.8061
2026-02-25,26.7073,27.8138
2026-02-26,26.7189,27.8219
2026-02-27,26.7144,27.8149
2026-02-28,26.7127,27.8187
2026-03-01,26.7187,27.8272
2026-03-02,26.7405,27.8378
2026-03-03,26.7634,27.863
2026-03-04,26.7866,27.8756
2026-03-05,26.8073,27.8792
2026-03-06,26.8543,27.8845
2026-03-07,26.9017,27.8924
2026-03-08,26.9426,27.906
2026-03-09,26.9748,27.9214
2026-03-10,27.0006,27.9479
2026-03-11,27.0177,27.9571
2026-03-12,27.0219,27.9735
2026-03-13,27.0231,27.9857
2026-03-14,27.0461,27.9947
2026-03-15,27.0966,28.015
2026-03-16,27.1729,28.0458
2026-03-17,27.2475,28.0722
2026-03-18,27.3125,28.0903
2026-03-19,27.3527,28.0979
2026-03-20,27.3693,28.0965
2026-03-21,27.3858,28.0918
2026-03-22,27.4427,28.0982
2026-03-23,27.527,28.1141
2026-03-24,27.5834,28.1231
2026-03-25,27.6102,28.1322
2026-03-26,27.5838,28.1415
2026-03-27,27.5442,28.1543
2026-03-28,27.5457,28.1675
2026-03-29,27.5558,28.1717
2026-03-30,27.5754,28.1674
2026-03-31,27.5922,28.1889
2026-04-01,27.6099,28.2105
2026-04-02,27.6333,28.2206
2026-04-03,27.6705,28.2386
2026-04-04,27.717,28.2518
2026-04-05,27.7729,28.2615
2026-04-06,27.8288,28.2672
2026-04-07,27.8798,28.2675
2026-04-08,27.9157,28.2708
2026-04-09,27.8955,28.282
2026-04-10,27.8825,28.3005
2026-04-11,27.9088,28.3122
2026-04-12,28.0211,28.3285
2026-04-13,28.1232,28.3454
2026-04-14,28.2049,28.3589
2026-04-15,28.2808,28.3711
2026-04-16,28.3521,28.3918
2026-04-17,28.4093,28.4109
2026-04-18,28.4492,28.4314
2026-04-19,28.5142,28.4542
2026-04-20,28.5781,28.4674
2026-04-21,28.5996,28.4808
2026-04-22,28.6153,28.4915
2026-04-23,28.6027,28.4825
2026-04-24,28.6221,28.4782
2026-04-25,28.6578,28.4726
2026-04-26,28.6875,28.4649
2026-04-27,28.689,28.4524
2026-04-28,28.7238,28.4403
2026-04-29,28.7815,28.433
2026-04-30,28.8337,28.4291
2026-05-01,28.8235,28.4232
2026-05-02,28.7759,28.4191
2026-05-03,28.7548,28.4211
2026-05-04,28.7725,28.4247
2026-05-05,28.7644,28.4268
2026-05-06,28.7134,28.4241
2026-05-07,28.683,28.414
2026-05-08,28.671,28.3963
2026-05-09,28.695,28.3829
2026-05-10,28.7365,28.3699
2026-05-11,28.7585,28.3584
2026-05-12,28.7848,28.3511
2026-05-13,28.8043,28.334
2026-05-14,28.8149,28.3138
2026-05-15,28.8372,28.2977
2026-05-16,28.8468,28.3028
2026-05-17,28.8765,28.3116
2026-05-18,28.8491,28.3079
2026-05-19,28.8209,28.294
2026-05-20,28.7847,28.2688
2026-05-21,28.759,28.2469
2026-05-22,28.7205,28.2262
2026-05-23,28.7107,28.2117
2026-05-24,28.7338,28.2013
2026-05-25,28.7443,28.1901
2026-05-26,28.7552,28.1774
2026-05-27,28.7505,28.1605
2026-05-28,28.7699,28.1503
2026-05-29,28.7889,28.1525
2026-05-30,28.8003,28.1466
2026-05-31,28.816,28.1308
2026-06-01,28.8899,28.1331
2026-06-02,28.9871,28.1364
2026-06-03,29.0878,28.1373
2026-06-04,29.191,28.1397
2026-06-05,29.2452,28.1299
2026-06-06,29.2636,28.1131
2026-06-07,29.245,28.0912
2026-06-09,29.1795,28.0511
2026-06-10,29.1976,28.0523
2026-06-11,29.2129,28.0481
2026-06-12,29.254,28.0473
2026-06-13,29.2849,28.048
2026-06-14,29.3032,28.0411
2026-06-15,29.3157,28.0291
2026-06-16,29.3271,28.0116
2026-06-17,29.3586,27.9908
2026-06-18,29.372,27.9683
2026-06-19,29.3968,27.9458
2026-06-20,29.3807,27.9231
2026-06-21,29.3566,27.894
2026-06-22,29.3574,27.8675
2026-06-23,29.3509,27.8363
2026-06-24,29.3239,27.8097
2026-06-25,29.2992,27.7846
2026-06-26,29.2746,27.7605
2026-06-27,29.2678,27.7512
2026-06-28,29.257,27.7319
2026-06-29,29.2403,27.7172
2026-06-30,29.2267,27.7135
2026-07-01,29.194,27.711
2026-07-02,29.1366,27.7115
2026-07-03,29.1506,27.7007
2026-07-04,29.177,27.6999
2026-07-05,29.2055,27.6984
2026-07-06,29.3432,27.6733
2026-07-07,29.3572,27.6574
2026-07-08,29.3159,27.6531
2026-07-09,29.32,27.626
2026-07-10,29.3274,27.6069
2026-07-11,29.3282,27.5902
2026-07-12,29.3126,27.5877
2026-07-13,29.2923,27.5829
2026-07-14,29.2475,27.602
2026-07-15,29.3643,27.5881
2026-07-16,29.4025,27.5707
2026-07-17,29.339,27.5577
2026-07-18,29.3732,27.526
2026-07-19,29.3936,27.5285
2026-07-20,29.3184,27.5038
2026-07-21,29.3274,27.533
2026-07-22,29.2613,27.5121
2026-07-23,29.2555,27.5146
2026-07-24,29.2636,27.5169
2026-07-25,29.3958,27.561
2026-07-26,29.3562,27.5363
2026-07-27,29.3786,27.5051
2026-07-28,29.3682,27.5025
