source,model,model_type,init_date,target_month,lead_months,nino34_anom,tropical_mean_anom,roni_anom,member_id,temporal_resolution,anomaly_base_period
C3S,ECMWF,dynamical,2026-07-01,2026-07,0,2.3085,0.7629,1.5456,ens_000,monthly,1993-2016
C3S,ECMWF,dynamical,2026-07-01,2026-08,1,2.9816,0.8544,2.1273,ens_000,monthly,1993-2016
C3S,ECMWF,dynamical,2026-07-01,2026-09,2,3.4313,0.9178,2.5135,ens_000,monthly,1993-2016
C3S,ECMWF,dynamical,2026-07-01,2026-10,3,3.5201,1.0084,2.5117,ens_000,monthly,1993-2016
C3S,ECMWF,dynamical,2026-07-01,2026-11,4,3.8901,1.0577,2.8324,ens_000,monthly,1993-2016
C3S,ECMWF,dynamical,2026-07-01,2026-12,5,3.8779,1.1146,2.7633,ens_000,monthly,1993-2016
C3S,ECMWF,dynamical,2026-07-01,2026-07,0,2.1981,0.7084,1.4897,ens_001,monthly,1993-2016
C3S,ECMWF,dynamical,2026-07-01,2026-08,1,2.8108,0.7671,2.0437,ens_001,monthly,1993-2016
C3S,ECMWF,dynamical,2026-07-01,2026-09,2,3.2011,0.8777,2.3234,ens_001,monthly,1993-2016
C3S,ECMWF,dynamical,2026-07-01,2026-10,3,3.3802,0.9164,2.4637,ens_001,monthly,1993-2016
C3S,ECMWF,dynamical,2026-07-01,2026-11,4,3.346,0.9489,2.3971,ens_001,monthly,1993-2016
C3S,ECMWF,dynamical,2026-07-01,2026-12,5,3.5774,0.9802,2.5972,ens_001,monthly,1993-2016
C3S,ECMWF,dynamical,2026-07-01,2026-07,0,2.4333,0.7777,1.6555,ens_002,monthly,1993-2016
C3S,ECMWF,dynamical,2026-07-01,2026-08,1,3.0826,0.8712,2.2115,ens_002,monthly,1993-2016
C3S,ECMWF,dynamical,2026-07-01,2026-09,2,3.4046,0.9459,2.4586,ens_002,monthly,1993-2016
C3S,ECMWF,dynamical,2026-07-01,2026-10,3,3.5675,1.0132,2.5543,ens_002,monthly,1993-2016
C3S,ECMWF,dynamical,2026-07-01,2026-11,4,3.6305,1.0838,2.5466,ens_002,monthly,1993-2016
C3S,ECMWF,dynamical,2026-07-01,2026-12,5,3.8776,1.1076,2.77,ens_002,monthly,1993-2016
C3S,ECMWF,dynamical,2026-07-01,2026-07,0,2.2594,0.7014,1.558,ens_003,monthly,1993-2016
C3S,ECMWF,dynamical,2026-07-01,2026-08,1,3.0222,0.7817,2.2405,ens_003,monthly,1993-2016
C3S,ECMWF,dynamical,2026-07-01,2026-09,2,3.6273,0.9799,2.6475,ens_003,monthly,1993-2016
C3S,ECMWF,dynamical,2026-07-01,2026-10,3,3.708,1.1211,2.587,ens_003,monthly,1993-2016
C3S,ECMWF,dynamical,2026-07-01,2026-11,4,3.8697,1.1631,2.7067,ens_003,monthly,1993-2016
C3S,ECMWF,dynamical,2026-07-01,2026-12,5,3.7638,1.1991,2.5646,ens_003,monthly,1993-2016
C3S,ECMWF,dynamical,2026-07-01,2026-07,0,2.2871,0.7391,1.5479,ens_004,monthly,1993-2016
C3S,ECMWF,dynamical,2026-07-01,2026-08,1,2.9071,0.8651,2.042,ens_004,monthly,1993-2016
C3S,ECMWF,dynamical,2026-07-01,2026-09,2,3.4559,1.0159,2.44,ens_004,monthly,1993-2016
C3S,ECMWF,dynamical,2026-07-01,2026-10,3,3.7199,1.1724,2.5476,ens_004,monthly,1993-2016
C3S,ECMWF,dynamical,2026-07-01,2026-11,4,3.7523,1.2524,2.4999,ens_004,monthly,1993-2016
C3S,ECMWF,dynamical,2026-07-01,2026-12,5,4.0505,1.2856,2.7648,ens_004,monthly,1993-2016
C3S,ECMWF,dynamical,2026-07-01,2026-07,0,2.2755,0.7479,1.5276,ens_005,monthly,1993-2016
C3S,ECMWF,dynamical,2026-07-01,2026-08,1,2.9654,0.8278,2.1376,ens_005,monthly,1993-2016
C3S,ECMWF,dynamical,2026-07-01,2026-09,2,3.4623,0.9122,2.5501,ens_005,monthly,1993-2016
C3S,ECMWF,dynamical,2026-07-01,2026-10,3,3.5795,1.0476,2.5319,ens_005,monthly,1993-2016
C3S,ECMWF,dynamical,2026-07-01,2026-11,4,3.7048,1.1369,2.5679,ens_005,monthly,1993-2016
C3S,ECMWF,dynamical,2026-07-01,2026-12,5,3.6872,1.1941,2.493,ens_005,monthly,1993-2016
C3S,ECMWF,dynamical,2026-07-01,2026-07,0,2.2836,0.7033,1.5802,ens_006,monthly,1993-2016
C3S,ECMWF,dynamical,2026-07-01,2026-08,1,3.0705,0.7944,2.2761,ens_006,monthly,1993-2016
C3S,ECMWF,dynamical,2026-07-01,2026-09,2,3.5424,0.8779,2.6645,ens_006,monthly,1993-2016
C3S,ECMWF,dynamical,2026-07-01,2026-10,3,3.9386,1.059,2.8796,ens_006,monthly,1993-2016
C3S,ECMWF,dynamical,2026-07-01,2026-11,4,3.9742,1.1835,2.7907,ens_006,monthly,1993-2016
C3S,ECMWF,dynamical,2026-07-01,2026-12,5,4.1899,1.3348,2.8551,ens_006,monthly,1993-2016
C3S,ECMWF,dynamical,2026-07-01,2026-07,0,2.3148,0.7627,1.5522,ens_007,monthly,1993-2016
C3S,ECMWF,dynamical,2026-07-01,2026-08,1,3.0586,0.9027,2.1558,ens_007,monthly,1993-2016
C3S,ECMWF,dynamical,2026-07-01,2026-09,2,3.497,0.9983,2.4987,ens_007,monthly,1993-2016
C3S,ECMWF,dynamical,2026-07-01,2026-10,3,3.6555,1.037,2.6185,ens_007,monthly,1993-2016
C3S,ECMWF,dynamical,2026-07-01,2026-11,4,4.0017,1.1177,2.884,ens_007,monthly,1993-2016
C3S,ECMWF,dynamical,2026-07-01,2026-12,5,4.0294,1.1795,2.8498,ens_007,monthly,1993-2016
C3S,ECMWF,dynamical,2026-07-01,2026-07,0,2.2803,0.7258,1.5545,ens_008,monthly,1993-2016
C3S,ECMWF,dynamical,2026-07-01,2026-08,1,3.0942,0.8875,2.2067,ens_008,monthly,1993-2016
C3S,ECMWF,dynamical,2026-07-01,2026-09,2,3.4966,1.0281,2.4685,ens_008,monthly,1993-2016
C3S,ECMWF,dynamical,2026-07-01,2026-10,3,3.9067,1.2012,2.7056,ens_008,monthly,1993-2016
C3S,ECMWF,dynamical,2026-07-01,2026-11,4,4.0781,1.3443,2.7338,ens_008,monthly,1993-2016
C3S,ECMWF,dynamical,2026-07-01,2026-12,5,4.0282,1.4354,2.5928,ens_008,monthly,1993-2016
C3S,ECMWF,dynamical,2026-07-01,2026-07,0,2.2395,0.7268,1.5127,ens_009,monthly,1993-2016
C3S,ECMWF,dynamical,2026-07-01,2026-08,1,3.0692,0.8222,2.247,ens_009,monthly,1993-2016
C3S,ECMWF,dynamical,2026-07-01,2026-09,2,3.3577,0.9123,2.4454,ens_009,monthly,1993-2016
C3S,ECMWF,dynamical,2026-07-01,2026-10,3,3.3857,1.0389,2.3468,ens_009,monthly,1993-2016
C3S,ECMWF,dynamical,2026-07-01,2026-11,4,3.5987,1.1327,2.466,ens_009,monthly,1993-2016
C3S,ECMWF,dynamical,2026-07-01,2026-12,5,3.5646,1.1245,2.4401,ens_009,monthly,1993-2016
C3S,ECMWF,dynamical,2026-07-01,2026-07,0,2.387,0.7719,1.6151,ens_010,monthly,1993-2016
C3S,ECMWF,dynamical,2026-07-01,2026-08,1,3.1076,0.8442,2.2633,ens_010,monthly,1993-2016
C3S,ECMWF,dynamical,2026-07-01,2026-09,2,3.7407,1.0022,2.7385,ens_010,monthly,1993-2016
C3S,ECMWF,dynamical,2026-07-01,2026-10,3,3.8861,1.0788,2.8074,ens_010,monthly,1993-2016
C3S,ECMWF,dynamical,2026-07-01,2026-11,4,4.1003,1.1561,2.9442,ens_010,monthly,1993-2016
C3S,ECMWF,dynamical,2026-07-01,2026-12,5,4.3098,1.209,3.1008,ens_010,monthly,1993-2016
C3S,ECMWF,dynamical,2026-07-01,2026-07,0,2.2717,0.7402,1.5314,ens_011,monthly,1993-2016
C3S,ECMWF,dynamical,2026-07-01,2026-08,1,3.0642,0.8387,2.2255,ens_011,monthly,1993-2016
C3S,ECMWF,dynamical,2026-07-01,2026-09,2,3.4802,0.9774,2.5028,ens_011,monthly,1993-2016
C3S,ECMWF,dynamical,2026-07-01,2026-10,3,3.6496,1.0807,2.5689,ens_011,monthly,1993-2016
C3S,ECMWF,dynamical,2026-07-01,2026-11,4,3.9876,1.1698,2.8177,ens_011,monthly,1993-2016
C3S,ECMWF,dynamical,2026-07-01,2026-12,5,4.043,1.1743,2.8687,ens_011,monthly,1993-2016
C3S,ECMWF,dynamical,2026-07-01,2026-07,0,2.356,0.7561,1.5998,ens_012,monthly,1993-2016
C3S,ECMWF,dynamical,2026-07-01,2026-08,1,3.0219,0.8657,2.1562,ens_012,monthly,1993-2016
C3S,ECMWF,dynamical,2026-07-01,2026-09,2,3.3485,1.0066,2.3419,ens_012,monthly,1993-2016
C3S,ECMWF,dynamical,2026-07-01,2026-10,3,3.6452,1.1234,2.5218,ens_012,monthly,1993-2016
C3S,ECMWF,dynamical,2026-07-01,2026-11,4,3.732,1.1483,2.5837,ens_012,monthly,1993-2016
C3S,ECMWF,dynamical,2026-07-01,2026-12,5,3.7013,1.17,2.5314,ens_012,monthly,1993-2016
C3S,ECMWF,dynamical,2026-07-01,2026-07,0,2.2878,0.7325,1.5553,ens_013,monthly,1993-2016
C3S,ECMWF,dynamical,2026-07-01,2026-08,1,3.1022,0.8457,2.2565,ens_013,monthly,1993-2016
C3S,ECMWF,dynamical,2026-07-01,2026-09,2,3.4411,0.9236,2.5175,ens_013,monthly,1993-2016
C3S,ECMWF,dynamical,2026-07-01,2026-10,3,3.8582,1.0327,2.8256,ens_013,monthly,1993-2016
C3S,ECMWF,dynamical,2026-07-01,2026-11,4,3.9425,1.0551,2.8874,ens_013,monthly,1993-2016
C3S,ECMWF,dynamical,2026-07-01,2026-12,5,4.0543,1.1033,2.9509,ens_013,monthly,1993-2016
C3S,ECMWF,dynamical,2026-07-01,2026-07,0,2.3567,0.7671,1.5896,ens_014,monthly,1993-2016
C3S,ECMWF,dynamical,2026-07-01,2026-08,1,2.9989,0.8861,2.1128,ens_014,monthly,1993-2016
C3S,ECMWF,dynamical,2026-07-01,2026-09,2,3.3673,0.9825,2.3848,ens_014,monthly,1993-2016
C3S,ECMWF,dynamical,2026-07-01,2026-10,3,3.8134,1.0547,2.7587,ens_014,monthly,1993-2016
C3S,ECMWF,dynamical,2026-07-01,2026-11,4,3.9978,1.111,2.8868,ens_014,monthly,1993-2016
C3S,ECMWF,dynamical,2026-07-01,2026-12,5,3.9487,1.1525,2.7962,ens_014,monthly,1993-2016
C3S,ECMWF,dynamical,2026-07-01,2026-07,0,2.2524,0.7126,1.5398,ens_015,monthly,1993-2016
C3S,ECMWF,dynamical,2026-07-01,2026-08,1,2.7539,0.7671,1.9868,ens_015,monthly,1993-2016
C3S,ECMWF,dynamical,2026-07-01,2026-09,2,3.2719,0.8726,2.3993,ens_015,monthly,1993-2016
C3S,ECMWF,dynamical,2026-07-01,2026-10,3,3.6046,0.9245,2.68,ens_015,monthly,1993-2016
C3S,ECMWF,dynamical,2026-07-01,2026-11,4,3.991,1.0514,2.9396,ens_015,monthly,1993-2016
C3S,ECMWF,dynamical,2026-07-01,2026-12,5,4.2023,1.1985,3.0038,ens_015,monthly,1993-2016
C3S,ECMWF,dynamical,2026-07-01,2026-07,0,2.3513,0.7273,1.6239,ens_016,monthly,1993-2016
C3S,ECMWF,dynamical,2026-07-01,2026-08,1,3.1394,0.9467,2.1927,ens_016,monthly,1993-2016
C3S,ECMWF,dynamical,2026-07-01,2026-09,2,3.637,1.0443,2.5927,ens_016,monthly,1993-2016
C3S,ECMWF,dynamical,2026-07-01,2026-10,3,3.6336,1.0693,2.5643,ens_016,monthly,1993-2016
C3S,ECMWF,dynamical,2026-07-01,2026-11,4,3.8435,1.0909,2.7526,ens_016,monthly,1993-2016
C3S,ECMWF,dynamical,2026-07-01,2026-12,5,3.8146,1.1182,2.6964,ens_016,monthly,1993-2016
C3S,ECMWF,dynamical,2026-07-01,2026-07,0,2.2901,0.7709,1.5192,ens_017,monthly,1993-2016
C3S,ECMWF,dynamical,2026-07-01,2026-08,1,2.9724,0.8614,2.1111,ens_017,monthly,1993-2016
C3S,ECMWF,dynamical,2026-07-01,2026-09,2,3.2053,0.9162,2.2891,ens_017,monthly,1993-2016
C3S,ECMWF,dynamical,2026-07-01,2026-10,3,3.4948,1.0283,2.4665,ens_017,monthly,1993-2016
C3S,ECMWF,dynamical,2026-07-01,2026-11,4,3.7764,1.1181,2.6583,ens_017,monthly,1993-2016
C3S,ECMWF,dynamical,2026-07-01,2026-12,5,4.0525,1.1855,2.867,ens_017,monthly,1993-2016
C3S,ECMWF,dynamical,2026-07-01,2026-07,0,2.3093,0.6909,1.6184,ens_018,monthly,1993-2016
C3S,ECMWF,dynamical,2026-07-01,2026-08,1,2.9414,0.8114,2.13,ens_018,monthly,1993-2016
C3S,ECMWF,dynamical,2026-07-01,2026-09,2,3.3392,0.9261,2.4131,ens_018,monthly,1993-2016
C3S,ECMWF,dynamical,2026-07-01,2026-10,3,3.5215,1.0304,2.4912,ens_018,monthly,1993-2016
C3S,ECMWF,dynamical,2026-07-01,2026-11,4,3.7182,1.0997,2.6184,ens_018,monthly,1993-2016
C3S,ECMWF,dynamical,2026-07-01,2026-12,5,3.8504,1.1505,2.6998,ens_018,monthly,1993-2016
C3S,ECMWF,dynamical,2026-07-01,2026-07,0,2.3838,0.7836,1.6003,ens_019,monthly,1993-2016
C3S,ECMWF,dynamical,2026-07-01,2026-08,1,3.144,0.9214,2.2226,ens_019,monthly,1993-2016
C3S,ECMWF,dynamical,2026-07-01,2026-09,2,3.7097,1.0771,2.6325,ens_019,monthly,1993-2016
C3S,ECMWF,dynamical,2026-07-01,2026-10,3,3.9855,1.2163,2.7693,ens_019,monthly,1993-2016
C3S,ECMWF,dynamical,2026-07-01,2026-11,4,4.0198,1.3218,2.6981,ens_019,monthly,1993-2016
C3S,ECMWF,dynamical,2026-07-01,2026-12,5,3.9943,1.2889,2.7054,ens_019,monthly,1993-2016
C3S,ECMWF,dynamical,2026-07-01,2026-07,0,2.2974,0.7327,1.5647,ens_020,monthly,1993-2016
C3S,ECMWF,dynamical,2026-07-01,2026-08,1,2.9487,0.8761,2.0726,ens_020,monthly,1993-2016
C3S,ECMWF,dynamical,2026-07-01,2026-09,2,3.2622,0.8765,2.3857,ens_020,monthly,1993-2016
C3S,ECMWF,dynamical,2026-07-01,2026-10,3,3.5343,1.0145,2.5199,ens_020,monthly,1993-2016
C3S,ECMWF,dynamical,2026-07-01,2026-11,4,3.6466,1.0324,2.6142,ens_020,monthly,1993-2016
C3S,ECMWF,dynamical,2026-07-01,2026-12,5,3.7627,1.1201,2.6426,ens_020,monthly,1993-2016
C3S,ECMWF,dynamical,2026-07-01,2026-07,0,2.2409,0.71,1.5309,ens_021,monthly,1993-2016
C3S,ECMWF,dynamical,2026-07-01,2026-08,1,3.0262,0.8732,2.153,ens_021,monthly,1993-2016
C3S,ECMWF,dynamical,2026-07-01,2026-09,2,3.4924,1.0126,2.4798,ens_021,monthly,1993-2016
C3S,ECMWF,dynamical,2026-07-01,2026-10,3,3.6961,1.1142,2.5819,ens_021,monthly,1993-2016
C3S,ECMWF,dynamical,2026-07-01,2026-11,4,3.7178,1.1662,2.5516,ens_021,monthly,1993-2016
C3S,ECMWF,dynamical,2026-07-01,2026-12,5,3.8036,1.1588,2.6448,ens_021,monthly,1993-2016
C3S,ECMWF,dynamical,2026-07-01,2026-07,0,2.3781,0.8134,1.5647,ens_022,monthly,1993-2016
C3S,ECMWF,dynamical,2026-07-01,2026-08,1,3.1476,0.9255,2.2221,ens_022,monthly,1993-2016
C3S,ECMWF,dynamical,2026-07-01,2026-09,2,3.5155,1.0449,2.4706,ens_022,monthly,1993-2016
C3S,ECMWF,dynamical,2026-07-01,2026-10,3,3.8334,1.1523,2.6811,ens_022,monthly,1993-2016
C3S,ECMWF,dynamical,2026-07-01,2026-11,4,3.9923,1.2346,2.7577,ens_022,monthly,1993-2016
C3S,ECMWF,dynamical,2026-07-01,2026-12,5,4.0162,1.2916,2.7246,ens_022,monthly,1993-2016
C3S,ECMWF,dynamical,2026-07-01,2026-07,0,2.1912,0.7166,1.4746,ens_023,monthly,1993-2016
C3S,ECMWF,dynamical,2026-07-01,2026-08,1,2.7473,0.815,1.9322,ens_023,monthly,1993-2016
C3S,ECMWF,dynamical,2026-07-01,2026-09,2,3.1294,0.9175,2.2119,ens_023,monthly,1993-2016
C3S,ECMWF,dynamical,2026-07-01,2026-10,3,3.3767,1.0467,2.3301,ens_023,monthly,1993-2016
C3S,ECMWF,dynamical,2026-07-01,2026-11,4,3.2863,1.0786,2.2077,ens_023,monthly,1993-2016
C3S,ECMWF,dynamical,2026-07-01,2026-12,5,3.3728,1.0674,2.3054,ens_023,monthly,1993-2016
C3S,ECMWF,dynamical,2026-07-01,2026-07,0,2.4305,0.7752,1.6553,ens_024,monthly,1993-2016
C3S,ECMWF,dynamical,2026-07-01,2026-08,1,3.1941,0.8745,2.3196,ens_024,monthly,1993-2016
C3S,ECMWF,dynamical,2026-07-01,2026-09,2,3.5886,0.988,2.6006,ens_024,monthly,1993-2016
C3S,ECMWF,dynamical,2026-07-01,2026-10,3,3.7933,1.1209,2.6724,ens_024,monthly,1993-2016
C3S,ECMWF,dynamical,2026-07-01,2026-11,4,3.924,1.1558,2.7681,ens_024,monthly,1993-2016
C3S,ECMWF,dynamical,2026-07-01,2026-12,5,4.0931,1.2462,2.847,ens_024,monthly,1993-2016
C3S,ECMWF,dynamical,2026-07-01,2026-07,0,2.3444,0.7865,1.558,ens_025,monthly,1993-2016
C3S,ECMWF,dynamical,2026-07-01,2026-08,1,3.0562,0.9413,2.1148,ens_025,monthly,1993-2016
C3S,ECMWF,dynamical,2026-07-01,2026-09,2,3.4641,1.0423,2.4218,ens_025,monthly,1993-2016
C3S,ECMWF,dynamical,2026-07-01,2026-10,3,3.5605,1.1162,2.4443,ens_025,monthly,1993-2016
C3S,ECMWF,dynamical,2026-07-01,2026-11,4,3.7531,1.1877,2.5655,ens_025,monthly,1993-2016
C3S,ECMWF,dynamical,2026-07-01,2026-12,5,4.0373,1.2167,2.8206,ens_025,monthly,1993-2016
C3S,ECMWF,dynamical,2026-07-01,2026-07,0,2.2581,0.7609,1.4972,ens_026,monthly,1993-2016
C3S,ECMWF,dynamical,2026-07-01,2026-08,1,3.0784,0.8949,2.1835,ens_026,monthly,1993-2016
C3S,ECMWF,dynamical,2026-07-01,2026-09,2,3.4595,0.9606,2.4989,ens_026,monthly,1993-2016
C3S,ECMWF,dynamical,2026-07-01,2026-10,3,3.7207,1.0866,2.6341,ens_026,monthly,1993-2016
C3S,ECMWF,dynamical,2026-07-01,2026-11,4,3.7281,1.1182,2.6099,ens_026,monthly,1993-2016
C3S,ECMWF,dynamical,2026-07-01,2026-12,5,3.9198,1.1635,2.7563,ens_026,monthly,1993-2016
C3S,ECMWF,dynamical,2026-07-01,2026-07,0,2.4217,0.7261,1.6957,ens_027,monthly,1993-2016
C3S,ECMWF,dynamical,2026-07-01,2026-08,1,3.1653,0.849,2.3163,ens_027,monthly,1993-2016
C3S,ECMWF,dynamical,2026-07-01,2026-09,2,3.7447,0.9332,2.8115,ens_027,monthly,1993-2016
C3S,ECMWF,dynamical,2026-07-01,2026-10,3,4.0345,1.0849,2.9496,ens_027,monthly,1993-2016
C3S,ECMWF,dynamical,2026-07-01,2026-11,4,4.2043,1.1125,3.0918,ens_027,monthly,1993-2016
C3S,ECMWF,dynamical,2026-07-01,2026-12,5,4.1888,1.1678,3.0211,ens_027,monthly,1993-2016
C3S,ECMWF,dynamical,2026-07-01,2026-07,0,2.2373,0.7869,1.4503,ens_028,monthly,1993-2016
C3S,ECMWF,dynamical,2026-07-01,2026-08,1,3.0123,0.8798,2.1325,ens_028,monthly,1993-2016
C3S,ECMWF,dynamical,2026-07-01,2026-09,2,3.3534,0.9459,2.4075,ens_028,monthly,1993-2016
C3S,ECMWF,dynamical,2026-07-01,2026-10,3,3.6177,1.0325,2.5852,ens_028,monthly,1993-2016
C3S,ECMWF,dynamical,2026-07-01,2026-11,4,3.7747,1.0525,2.7222,ens_028,monthly,1993-2016
C3S,ECMWF,dynamical,2026-07-01,2026-12,5,3.8806,1.1419,2.7388,ens_028,monthly,1993-2016
C3S,ECMWF,dynamical,2026-07-01,2026-07,0,2.2263,0.7184,1.5079,ens_029,monthly,1993-2016
C3S,ECMWF,dynamical,2026-07-01,2026-08,1,3.0346,0.8638,2.1709,ens_029,monthly,1993-2016
C3S,ECMWF,dynamical,2026-07-01,2026-09,2,3.4227,0.9695,2.4532,ens_029,monthly,1993-2016
C3S,ECMWF,dynamical,2026-07-01,2026-10,3,3.7157,1.0868,2.6289,ens_029,monthly,1993-2016
C3S,ECMWF,dynamical,2026-07-01,2026-11,4,3.7565,1.1629,2.5936,ens_029,monthly,1993-2016
C3S,ECMWF,dynamical,2026-07-01,2026-12,5,3.5623,1.2709,2.2914,ens_029,monthly,1993-2016
C3S,ECMWF,dynamical,2026-07-01,2026-07,0,2.4391,0.7333,1.7059,ens_030,monthly,1993-2016
C3S,ECMWF,dynamical,2026-07-01,2026-08,1,3.2052,0.8434,2.3618,ens_030,monthly,1993-2016
C3S,ECMWF,dynamical,2026-07-01,2026-09,2,3.5678,0.957,2.6108,ens_030,monthly,1993-2016
C3S,ECMWF,dynamical,2026-07-01,2026-10,3,3.7965,0.9945,2.802,ens_030,monthly,1993-2016
C3S,ECMWF,dynamical,2026-07-01,2026-11,4,3.8918,1.0635,2.8283,ens_030,monthly,1993-2016
C3S,ECMWF,dynamical,2026-07-01,2026-12,5,4.0856,1.1404,2.9451,ens_030,monthly,1993-2016
C3S,ECMWF,dynamical,2026-07-01,2026-07,0,2.2143,0.7199,1.4945,ens_031,monthly,1993-2016
C3S,ECMWF,dynamical,2026-07-01,2026-08,1,3.0543,0.8407,2.2137,ens_031,monthly,1993-2016
C3S,ECMWF,dynamical,2026-07-01,2026-09,2,3.3789,0.9184,2.4604,ens_031,monthly,1993-2016
C3S,ECMWF,dynamical,2026-07-01,2026-10,3,3.5915,1.0459,2.5456,ens_031,monthly,1993-2016
C3S,ECMWF,dynamical,2026-07-01,2026-11,4,3.7834,1.0353,2.748,ens_031,monthly,1993-2016
C3S,ECMWF,dynamical,2026-07-01,2026-12,5,3.9366,1.1172,2.8194,ens_031,monthly,1993-2016
C3S,ECMWF,dynamical,2026-07-01,2026-07,0,2.4431,0.7626,1.6805,ens_032,monthly,1993-2016
C3S,ECMWF,dynamical,2026-07-01,2026-08,1,3.1356,0.8902,2.2454,ens_032,monthly,1993-2016
C3S,ECMWF,dynamical,2026-07-01,2026-09,2,3.5454,0.9781,2.5672,ens_032,monthly,1993-2016
C3S,ECMWF,dynamical,2026-07-01,2026-10,3,3.7287,1.1212,2.6075,ens_032,monthly,1993-2016
C3S,ECMWF,dynamical,2026-07-01,2026-11,4,3.7894,1.2405,2.5489,ens_032,monthly,1993-2016
C3S,ECMWF,dynamical,2026-07-01,2026-12,5,3.7732,1.2288,2.5443,ens_032,monthly,1993-2016
C3S,ECMWF,dynamical,2026-07-01,2026-07,0,2.306,0.7289,1.577,ens_033,monthly,1993-2016
C3S,ECMWF,dynamical,2026-07-01,2026-08,1,3.0418,0.8417,2.2,ens_033,monthly,1993-2016
C3S,ECMWF,dynamical,2026-07-01,2026-09,2,3.4208,0.9411,2.4797,ens_033,monthly,1993-2016
C3S,ECMWF,dynamical,2026-07-01,2026-10,3,3.6176,1.0494,2.5682,ens_033,monthly,1993-2016
C3S,ECMWF,dynamical,2026-07-01,2026-11,4,3.7577,1.0654,2.6923,ens_033,monthly,1993-2016
C3S,ECMWF,dynamical,2026-07-01,2026-12,5,4.062,1.1526,2.9094,ens_033,monthly,1993-2016
C3S,ECMWF,dynamical,2026-07-01,2026-07,0,2.3807,0.7364,1.6444,ens_034,monthly,1993-2016
C3S,ECMWF,dynamical,2026-07-01,2026-08,1,3.1102,0.8174,2.2927,ens_034,monthly,1993-2016
C3S,ECMWF,dynamical,2026-07-01,2026-09,2,3.2738,0.945,2.3288,ens_034,monthly,1993-2016
C3S,ECMWF,dynamical,2026-07-01,2026-10,3,3.4573,1.0431,2.4142,ens_034,monthly,1993-2016
C3S,ECMWF,dynamical,2026-07-01,2026-11,4,3.686,1.1177,2.5683,ens_034,monthly,1993-2016
C3S,ECMWF,dynamical,2026-07-01,2026-12,5,3.9276,1.1727,2.755,ens_034,monthly,1993-2016
C3S,ECMWF,dynamical,2026-07-01,2026-07,0,2.3006,0.7508,1.5498,ens_035,monthly,1993-2016
C3S,ECMWF,dynamical,2026-07-01,2026-08,1,2.8254,0.8549,1.9705,ens_035,monthly,1993-2016
C3S,ECMWF,dynamical,2026-07-01,2026-09,2,3.2154,0.9144,2.301,ens_035,monthly,1993-2016
C3S,ECMWF,dynamical,2026-07-01,2026-10,3,3.324,0.9991,2.3249,ens_035,monthly,1993-2016
C3S,ECMWF,dynamical,2026-07-01,2026-11,4,3.5439,1.0514,2.4925,ens_035,monthly,1993-2016
C3S,ECMWF,dynamical,2026-07-01,2026-12,5,3.8952,1.126,2.7693,ens_035,monthly,1993-2016
C3S,ECMWF,dynamical,2026-07-01,2026-07,0,2.2298,0.7107,1.5191,ens_036,monthly,1993-2016
C3S,ECMWF,dynamical,2026-07-01,2026-08,1,2.8864,0.7852,2.1013,ens_036,monthly,1993-2016
C3S,ECMWF,dynamical,2026-07-01,2026-09,2,3.0803,0.8929,2.1874,ens_036,monthly,1993-2016
C3S,ECMWF,dynamical,2026-07-01,2026-10,3,3.2753,0.9788,2.2965,ens_036,monthly,1993-2016
C3S,ECMWF,dynamical,2026-07-01,2026-11,4,3.5416,1.0418,2.4998,ens_036,monthly,1993-2016
C3S,ECMWF,dynamical,2026-07-01,2026-12,5,3.8498,1.1238,2.726,ens_036,monthly,1993-2016
C3S,ECMWF,dynamical,2026-07-01,2026-07,0,2.3216,0.7489,1.5727,ens_037,monthly,1993-2016
C3S,ECMWF,dynamical,2026-07-01,2026-08,1,3.0152,0.8579,2.1573,ens_037,monthly,1993-2016
C3S,ECMWF,dynamical,2026-07-01,2026-09,2,3.4162,0.9262,2.49,ens_037,monthly,1993-2016
C3S,ECMWF,dynamical,2026-07-01,2026-10,3,3.5909,1.0054,2.5855,ens_037,monthly,1993-2016
C3S,ECMWF,dynamical,2026-07-01,2026-11,4,3.5583,1.0737,2.4847,ens_037,monthly,1993-2016
C3S,ECMWF,dynamical,2026-07-01,2026-12,5,3.8546,1.1357,2.7189,ens_037,monthly,1993-2016
C3S,ECMWF,dynamical,2026-07-01,2026-07,0,2.3321,0.7278,1.6043,ens_038,monthly,1993-2016
C3S,ECMWF,dynamical,2026-07-01,2026-08,1,3.1325,0.9004,2.2321,ens_038,monthly,1993-2016
C3S,ECMWF,dynamical,2026-07-01,2026-09,2,3.7182,1.0487,2.6695,ens_038,monthly,1993-2016
C3S,ECMWF,dynamical,2026-07-01,2026-10,3,4.0742,1.2361,2.8382,ens_038,monthly,1993-2016
C3S,ECMWF,dynamical,2026-07-01,2026-11,4,4.163,1.1973,2.9657,ens_038,monthly,1993-2016
C3S,ECMWF,dynamical,2026-07-01,2026-12,5,4.2479,1.189,3.0589,ens_038,monthly,1993-2016
C3S,ECMWF,dynamical,2026-07-01,2026-07,0,2.4646,0.7676,1.697,ens_039,monthly,1993-2016
C3S,ECMWF,dynamical,2026-07-01,2026-08,1,3.0885,0.8702,2.2183,ens_039,monthly,1993-2016
C3S,ECMWF,dynamical,2026-07-01,2026-09,2,3.5607,1.0078,2.5529,ens_039,monthly,1993-2016
C3S,ECMWF,dynamical,2026-07-01,2026-10,3,3.8196,1.1215,2.6981,ens_039,monthly,1993-2016
C3S,ECMWF,dynamical,2026-07-01,2026-11,4,4.0363,1.1769,2.8594,ens_039,monthly,1993-2016
C3S,ECMWF,dynamical,2026-07-01,2026-12,5,4.0495,1.1917,2.8578,ens_039,monthly,1993-2016
C3S,ECMWF,dynamical,2026-07-01,2026-07,0,2.2661,0.728,1.5381,ens_040,monthly,1993-2016
C3S,ECMWF,dynamical,2026-07-01,2026-08,1,2.9258,0.8662,2.0596,ens_040,monthly,1993-2016
C3S,ECMWF,dynamical,2026-07-01,2026-09,2,3.0546,0.9337,2.1209,ens_040,monthly,1993-2016
C3S,ECMWF,dynamical,2026-07-01,2026-10,3,3.3801,1.0203,2.3598,ens_040,monthly,1993-2016
C3S,ECMWF,dynamical,2026-07-01,2026-11,4,3.4461,1.1468,2.2993,ens_040,monthly,1993-2016
C3S,ECMWF,dynamical,2026-07-01,2026-12,5,3.4532,1.2651,2.1882,ens_040,monthly,1993-2016
C3S,ECMWF,dynamical,2026-07-01,2026-07,0,2.345,0.7641,1.5809,ens_041,monthly,1993-2016
C3S,ECMWF,dynamical,2026-07-01,2026-08,1,3.1799,0.9014,2.2784,ens_041,monthly,1993-2016
C3S,ECMWF,dynamical,2026-07-01,2026-09,2,3.6076,1.0006,2.607,ens_041,monthly,1993-2016
C3S,ECMWF,dynamical,2026-07-01,2026-10,3,3.9355,1.1402,2.7953,ens_041,monthly,1993-2016
C3S,ECMWF,dynamical,2026-07-01,2026-11,4,4.0424,1.2394,2.803,ens_041,monthly,1993-2016
C3S,ECMWF,dynamical,2026-07-01,2026-12,5,3.9274,1.3034,2.6239,ens_041,monthly,1993-2016
C3S,ECMWF,dynamical,2026-07-01,2026-07,0,2.3014,0.7433,1.5581,ens_042,monthly,1993-2016
C3S,ECMWF,dynamical,2026-07-01,2026-08,1,3.0003,0.8482,2.1521,ens_042,monthly,1993-2016
C3S,ECMWF,dynamical,2026-07-01,2026-09,2,3.212,0.9058,2.3062,ens_042,monthly,1993-2016
C3S,ECMWF,dynamical,2026-07-01,2026-10,3,3.3452,0.9417,2.4034,ens_042,monthly,1993-2016
C3S,ECMWF,dynamical,2026-07-01,2026-11,4,3.6437,1.061,2.5827,ens_042,monthly,1993-2016
C3S,ECMWF,dynamical,2026-07-01,2026-12,5,3.7926,1.1232,2.6694,ens_042,monthly,1993-2016
C3S,ECMWF,dynamical,2026-07-01,2026-07,0,2.262,0.7681,1.4939,ens_043,monthly,1993-2016
C3S,ECMWF,dynamical,2026-07-01,2026-08,1,2.9836,0.9101,2.0735,ens_043,monthly,1993-2016
C3S,ECMWF,dynamical,2026-07-01,2026-09,2,3.3564,1.0401,2.3162,ens_043,monthly,1993-2016
C3S,ECMWF,dynamical,2026-07-01,2026-10,3,3.615,1.1949,2.4201,ens_043,monthly,1993-2016
C3S,ECMWF,dynamical,2026-07-01,2026-11,4,3.6894,1.2426,2.4468,ens_043,monthly,1993-2016
C3S,ECMWF,dynamical,2026-07-01,2026-12,5,3.5889,1.3272,2.2617,ens_043,monthly,1993-2016
C3S,ECMWF,dynamical,2026-07-01,2026-07,0,2.3717,0.7624,1.6094,ens_044,monthly,1993-2016
C3S,ECMWF,dynamical,2026-07-01,2026-08,1,3.1181,0.8956,2.2225,ens_044,monthly,1993-2016
C3S,ECMWF,dynamical,2026-07-01,2026-09,2,3.6296,0.9552,2.6745,ens_044,monthly,1993-2016
C3S,ECMWF,dynamical,2026-07-01,2026-10,3,4.1213,1.0796,3.0417,ens_044,monthly,1993-2016
C3S,ECMWF,dynamical,2026-07-01,2026-11,4,4.325,1.1758,3.1491,ens_044,monthly,1993-2016
C3S,ECMWF,dynamical,2026-07-01,2026-12,5,4.4543,1.3218,3.1325,ens_044,monthly,1993-2016
C3S,ECMWF,dynamical,2026-07-01,2026-07,0,2.2937,0.7795,1.5142,ens_045,monthly,1993-2016
C3S,ECMWF,dynamical,2026-07-01,2026-08,1,2.9067,0.8991,2.0076,ens_045,monthly,1993-2016
C3S,ECMWF,dynamical,2026-07-01,2026-09,2,3.3873,0.9348,2.4525,ens_045,monthly,1993-2016
C3S,ECMWF,dynamical,2026-07-01,2026-10,3,3.7702,1.0954,2.6748,ens_045,monthly,1993-2016
C3S,ECMWF,dynamical,2026-07-01,2026-11,4,3.9782,1.1748,2.8035,ens_045,monthly,1993-2016
C3S,ECMWF,dynamical,2026-07-01,2026-12,5,4.1572,1.249,2.9082,ens_045,monthly,1993-2016
C3S,ECMWF,dynamical,2026-07-01,2026-07,0,2.297,0.7228,1.5742,ens_046,monthly,1993-2016
C3S,ECMWF,dynamical,2026-07-01,2026-08,1,3.012,0.8385,2.1734,ens_046,monthly,1993-2016
C3S,ECMWF,dynamical,2026-07-01,2026-09,2,3.2493,0.9177,2.3316,ens_046,monthly,1993-2016
C3S,ECMWF,dynamical,2026-07-01,2026-10,3,3.5963,1.0629,2.5334,ens_046,monthly,1993-2016
C3S,ECMWF,dynamical,2026-07-01,2026-11,4,3.6431,1.1658,2.4773,ens_046,monthly,1993-2016
C3S,ECMWF,dynamical,2026-07-01,2026-12,5,3.6131,1.1942,2.4189,ens_046,monthly,1993-2016
C3S,ECMWF,dynamical,2026-07-01,2026-07,0,2.398,0.7665,1.6314,ens_047,monthly,1993-2016
C3S,ECMWF,dynamical,2026-07-01,2026-08,1,3.0819,0.9125,2.1694,ens_047,monthly,1993-2016
C3S,ECMWF,dynamical,2026-07-01,2026-09,2,3.3354,0.9847,2.3507,ens_047,monthly,1993-2016
C3S,ECMWF,dynamical,2026-07-01,2026-10,3,3.3758,1.0933,2.2825,ens_047,monthly,1993-2016
C3S,ECMWF,dynamical,2026-07-01,2026-11,4,3.2411,1.1347,2.1063,ens_047,monthly,1993-2016
C3S,ECMWF,dynamical,2026-07-01,2026-12,5,3.469,1.1791,2.2899,ens_047,monthly,1993-2016
C3S,ECMWF,dynamical,2026-07-01,2026-07,0,2.2336,0.725,1.5087,ens_048,monthly,1993-2016
C3S,ECMWF,dynamical,2026-07-01,2026-08,1,2.9703,0.8857,2.0846,ens_048,monthly,1993-2016
C3S,ECMWF,dynamical,2026-07-01,2026-09,2,3.3634,1.0135,2.3499,ens_048,monthly,1993-2016
C3S,ECMWF,dynamical,2026-07-01,2026-10,3,3.7094,1.1487,2.5607,ens_048,monthly,1993-2016
C3S,ECMWF,dynamical,2026-07-01,2026-11,4,3.9146,1.2536,2.6611,ens_048,monthly,1993-2016
C3S,ECMWF,dynamical,2026-07-01,2026-12,5,3.9774,1.2736,2.7038,ens_048,monthly,1993-2016
C3S,ECMWF,dynamical,2026-07-01,2026-07,0,2.3618,0.7482,1.6135,ens_049,monthly,1993-2016
C3S,ECMWF,dynamical,2026-07-01,2026-08,1,3.1896,0.826,2.3636,ens_049,monthly,1993-2016
C3S,ECMWF,dynamical,2026-07-01,2026-09,2,3.68,1.0375,2.6426,ens_049,monthly,1993-2016
C3S,ECMWF,dynamical,2026-07-01,2026-10,3,4.1039,1.1618,2.9421,ens_049,monthly,1993-2016
C3S,ECMWF,dynamical,2026-07-01,2026-11,4,4.2113,1.2091,3.0022,ens_049,monthly,1993-2016
C3S,ECMWF,dynamical,2026-07-01,2026-12,5,4.344,1.3005,3.0435,ens_049,monthly,1993-2016
C3S,ECMWF,dynamical,2026-07-01,2026-07,0,2.3062,0.7606,1.5455,ens_050,monthly,1993-2016
C3S,ECMWF,dynamical,2026-07-01,2026-08,1,3.1965,0.8624,2.3341,ens_050,monthly,1993-2016
C3S,ECMWF,dynamical,2026-07-01,2026-09,2,3.7013,0.9518,2.7494,ens_050,monthly,1993-2016
C3S,ECMWF,dynamical,2026-07-01,2026-10,3,4.0368,1.0816,2.9552,ens_050,monthly,1993-2016
C3S,ECMWF,dynamical,2026-07-01,2026-11,4,4.0899,1.1308,2.9591,ens_050,monthly,1993-2016
C3S,ECMWF,dynamical,2026-07-01,2026-12,5,4.2342,1.224,3.0102,ens_050,monthly,1993-2016
C3S,ECMWF,dynamical,2026-07-01,2026-07,0,2.3141,0.7449,1.5692,mean,monthly,1993-2016
C3S,ECMWF,dynamical,2026-07-01,2026-08,1,3.0349,0.8609,2.174,mean,monthly,1993-2016
C3S,ECMWF,dynamical,2026-07-01,2026-09,2,3.4354,0.9626,2.4728,mean,monthly,1993-2016
C3S,ECMWF,dynamical,2026-07-01,2026-10,3,3.6785,1.073,2.6054,mean,monthly,1993-2016
C3S,ECMWF,dynamical,2026-07-01,2026-11,4,3.8179,1.1381,2.6799,mean,monthly,1993-2016
C3S,ECMWF,dynamical,2026-07-01,2026-12,5,3.9206,1.1939,2.7266,mean,monthly,1993-2016
C3S,UKMO,dynamical,2026-07-01,2026-07,0,1.9364,0.6549,1.2816,ens_000,monthly,1993-2016
C3S,UKMO,dynamical,2026-07-01,2026-08,1,2.4341,0.7811,1.6531,ens_000,monthly,1993-2016
C3S,UKMO,dynamical,2026-07-01,2026-09,2,2.6663,0.8236,1.8427,ens_000,monthly,1993-2016
C3S,UKMO,dynamical,2026-07-01,2026-10,3,2.7269,0.8899,1.8371,ens_000,monthly,1993-2016
C3S,UKMO,dynamical,2026-07-01,2026-11,4,2.8429,0.9487,1.8942,ens_000,monthly,1993-2016
C3S,UKMO,dynamical,2026-07-01,2026-12,5,2.8423,0.9586,1.8837,ens_000,monthly,1993-2016
C3S,UKMO,dynamical,2026-07-01,2026-07,0,1.9627,0.6533,1.3094,ens_001,monthly,1993-2016
C3S,UKMO,dynamical,2026-07-01,2026-08,1,2.5083,0.7517,1.7565,ens_001,monthly,1993-2016
C3S,UKMO,dynamical,2026-07-01,2026-09,2,2.7045,0.8021,1.9024,ens_001,monthly,1993-2016
C3S,UKMO,dynamical,2026-07-01,2026-10,3,2.9087,0.9217,1.987,ens_001,monthly,1993-2016
C3S,UKMO,dynamical,2026-07-01,2026-11,4,2.9993,1.0384,1.9609,ens_001,monthly,1993-2016
C3S,UKMO,dynamical,2026-07-01,2026-12,5,2.8201,1.0404,1.7797,ens_001,monthly,1993-2016
C3S,UKMO,dynamical,2026-07-01,2026-07,0,1.9807,0.6391,1.3415,ens_002,monthly,1993-2016
C3S,UKMO,dynamical,2026-07-01,2026-08,1,2.5032,0.7026,1.8006,ens_002,monthly,1993-2016
C3S,UKMO,dynamical,2026-07-01,2026-09,2,2.6843,0.8019,1.8824,ens_002,monthly,1993-2016
C3S,UKMO,dynamical,2026-07-01,2026-10,3,2.9341,0.868,2.0661,ens_002,monthly,1993-2016
C3S,UKMO,dynamical,2026-07-01,2026-11,4,2.8428,0.9712,1.8716,ens_002,monthly,1993-2016
C3S,UKMO,dynamical,2026-07-01,2026-12,5,2.5932,1.0141,1.5791,ens_002,monthly,1993-2016
C3S,UKMO,dynamical,2026-07-01,2026-07,0,1.9759,0.6419,1.334,ens_003,monthly,1993-2016
C3S,UKMO,dynamical,2026-07-01,2026-08,1,2.6006,0.7372,1.8634,ens_003,monthly,1993-2016
C3S,UKMO,dynamical,2026-07-01,2026-09,2,2.9413,0.8622,2.0791,ens_003,monthly,1993-2016
C3S,UKMO,dynamical,2026-07-01,2026-10,3,3.0095,0.8807,2.1288,ens_003,monthly,1993-2016
C3S,UKMO,dynamical,2026-07-01,2026-11,4,3.0201,0.9332,2.0869,ens_003,monthly,1993-2016
C3S,UKMO,dynamical,2026-07-01,2026-12,5,2.6668,0.8937,1.7731,ens_003,monthly,1993-2016
C3S,UKMO,dynamical,2026-07-01,2026-07,0,2.0696,0.6648,1.4048,ens_004,monthly,1993-2016
C3S,UKMO,dynamical,2026-07-01,2026-08,1,2.7243,0.803,1.9214,ens_004,monthly,1993-2016
C3S,UKMO,dynamical,2026-07-01,2026-09,2,2.9952,0.8564,2.1388,ens_004,monthly,1993-2016
C3S,UKMO,dynamical,2026-07-01,2026-10,3,3.1143,0.9679,2.1465,ens_004,monthly,1993-2016
C3S,UKMO,dynamical,2026-07-01,2026-11,4,2.9966,1.003,1.9936,ens_004,monthly,1993-2016
C3S,UKMO,dynamical,2026-07-01,2026-12,5,2.8279,1.0586,1.7693,ens_004,monthly,1993-2016
C3S,UKMO,dynamical,2026-07-01,2026-07,0,2.0947,0.6468,1.448,ens_005,monthly,1993-2016
C3S,UKMO,dynamical,2026-07-01,2026-08,1,2.635,0.7352,1.8997,ens_005,monthly,1993-2016
C3S,UKMO,dynamical,2026-07-01,2026-09,2,2.8337,0.8368,1.997,ens_005,monthly,1993-2016
C3S,UKMO,dynamical,2026-07-01,2026-10,3,2.8854,0.8855,1.9999,ens_005,monthly,1993-2016
C3S,UKMO,dynamical,2026-07-01,2026-11,4,2.8139,0.9072,1.9068,ens_005,monthly,1993-2016
C3S,UKMO,dynamical,2026-07-01,2026-12,5,2.5301,0.973,1.557,ens_005,monthly,1993-2016
C3S,UKMO,dynamical,2026-07-01,2026-07,0,1.9877,0.6272,1.3605,ens_006,monthly,1993-2016
C3S,UKMO,dynamical,2026-07-01,2026-08,1,2.5586,0.7674,1.7912,ens_006,monthly,1993-2016
C3S,UKMO,dynamical,2026-07-01,2026-09,2,2.8315,0.8758,1.9556,ens_006,monthly,1993-2016
C3S,UKMO,dynamical,2026-07-01,2026-10,3,3.0616,0.9292,2.1324,ens_006,monthly,1993-2016
C3S,UKMO,dynamical,2026-07-01,2026-11,4,2.8145,0.9322,1.8823,ens_006,monthly,1993-2016
C3S,UKMO,dynamical,2026-07-01,2026-12,5,2.6574,0.9382,1.7193,ens_006,monthly,1993-2016
C3S,UKMO,dynamical,2026-07-01,2026-07,0,1.9972,0.5842,1.413,ens_007,monthly,1993-2016
C3S,UKMO,dynamical,2026-07-01,2026-08,1,2.4779,0.6538,1.8241,ens_007,monthly,1993-2016
C3S,UKMO,dynamical,2026-07-01,2026-09,2,2.7766,0.7428,2.0339,ens_007,monthly,1993-2016
C3S,UKMO,dynamical,2026-07-01,2026-10,3,2.9387,0.8155,2.1233,ens_007,monthly,1993-2016
C3S,UKMO,dynamical,2026-07-01,2026-11,4,2.9415,0.8203,2.1212,ens_007,monthly,1993-2016
C3S,UKMO,dynamical,2026-07-01,2026-12,5,2.7799,0.8586,1.9212,ens_007,monthly,1993-2016
C3S,UKMO,dynamical,2026-07-01,2026-07,0,2.0391,0.6679,1.3712,ens_008,monthly,1993-2016
C3S,UKMO,dynamical,2026-07-01,2026-08,1,2.6321,0.7822,1.8499,ens_008,monthly,1993-2016
C3S,UKMO,dynamical,2026-07-01,2026-09,2,3.0277,0.8488,2.1789,ens_008,monthly,1993-2016
C3S,UKMO,dynamical,2026-07-01,2026-10,3,2.9318,0.8811,2.0507,ens_008,monthly,1993-2016
C3S,UKMO,dynamical,2026-07-01,2026-11,4,2.7748,0.9639,1.811,ens_008,monthly,1993-2016
C3S,UKMO,dynamical,2026-07-01,2026-12,5,2.7388,1.0254,1.7134,ens_008,monthly,1993-2016
C3S,UKMO,dynamical,2026-07-01,2026-07,0,2.0052,0.65,1.3552,ens_009,monthly,1993-2016
C3S,UKMO,dynamical,2026-07-01,2026-08,1,2.4484,0.7718,1.6765,ens_009,monthly,1993-2016
C3S,UKMO,dynamical,2026-07-01,2026-09,2,2.8803,0.8261,2.0542,ens_009,monthly,1993-2016
C3S,UKMO,dynamical,2026-07-01,2026-10,3,2.8758,0.8739,2.0019,ens_009,monthly,1993-2016
C3S,UKMO,dynamical,2026-07-01,2026-11,4,2.9143,0.9625,1.9518,ens_009,monthly,1993-2016
C3S,UKMO,dynamical,2026-07-01,2026-12,5,2.8161,1.0282,1.7879,ens_009,monthly,1993-2016
C3S,UKMO,dynamical,2026-07-01,2026-07,0,2.0262,0.6422,1.3839,ens_010,monthly,1993-2016
C3S,UKMO,dynamical,2026-07-01,2026-08,1,2.5437,0.7119,1.8319,ens_010,monthly,1993-2016
C3S,UKMO,dynamical,2026-07-01,2026-09,2,2.7814,0.7841,1.9974,ens_010,monthly,1993-2016
C3S,UKMO,dynamical,2026-07-01,2026-10,3,2.937,0.9054,2.0316,ens_010,monthly,1993-2016
C3S,UKMO,dynamical,2026-07-01,2026-11,4,2.9729,0.9707,2.0022,ens_010,monthly,1993-2016
C3S,UKMO,dynamical,2026-07-01,2026-12,5,2.5737,0.9655,1.6082,ens_010,monthly,1993-2016
C3S,UKMO,dynamical,2026-07-01,2026-07,0,2.0727,0.6734,1.3993,ens_011,monthly,1993-2016
C3S,UKMO,dynamical,2026-07-01,2026-08,1,2.5852,0.7433,1.8419,ens_011,monthly,1993-2016
C3S,UKMO,dynamical,2026-07-01,2026-09,2,3.0121,0.841,2.1711,ens_011,monthly,1993-2016
C3S,UKMO,dynamical,2026-07-01,2026-10,3,3.0866,0.8948,2.1917,ens_011,monthly,1993-2016
C3S,UKMO,dynamical,2026-07-01,2026-11,4,2.9409,0.9532,1.9878,ens_011,monthly,1993-2016
C3S,UKMO,dynamical,2026-07-01,2026-12,5,2.7485,0.9491,1.7994,ens_011,monthly,1993-2016
C3S,UKMO,dynamical,2026-07-01,2026-07,0,2.1075,0.6229,1.4846,ens_012,monthly,1993-2016
C3S,UKMO,dynamical,2026-07-01,2026-08,1,2.6343,0.7101,1.9242,ens_012,monthly,1993-2016
C3S,UKMO,dynamical,2026-07-01,2026-09,2,2.8917,0.8095,2.0822,ens_012,monthly,1993-2016
C3S,UKMO,dynamical,2026-07-01,2026-10,3,2.8618,0.7908,2.071,ens_012,monthly,1993-2016
C3S,UKMO,dynamical,2026-07-01,2026-11,4,2.8807,0.8813,1.9995,ens_012,monthly,1993-2016
C3S,UKMO,dynamical,2026-07-01,2026-12,5,2.7207,0.8674,1.8533,ens_012,monthly,1993-2016
C3S,UKMO,dynamical,2026-07-01,2026-07,0,2.1856,0.6395,1.5461,ens_013,monthly,1993-2016
C3S,UKMO,dynamical,2026-07-01,2026-08,1,2.5968,0.7048,1.8919,ens_013,monthly,1993-2016
C3S,UKMO,dynamical,2026-07-01,2026-09,2,2.9617,0.8158,2.1459,ens_013,monthly,1993-2016
C3S,UKMO,dynamical,2026-07-01,2026-10,3,3.1478,0.9551,2.1927,ens_013,monthly,1993-2016
C3S,UKMO,dynamical,2026-07-01,2026-11,4,3.0683,0.9782,2.0901,ens_013,monthly,1993-2016
C3S,UKMO,dynamical,2026-07-01,2026-12,5,2.9227,1.0149,1.9078,ens_013,monthly,1993-2016
C3S,UKMO,dynamical,2026-07-01,2026-07,0,2.0317,0.6469,1.3848,ens_014,monthly,1993-2016
C3S,UKMO,dynamical,2026-07-01,2026-08,1,2.6225,0.7499,1.8725,ens_014,monthly,1993-2016
C3S,UKMO,dynamical,2026-07-01,2026-09,2,2.8109,0.7562,2.0547,ens_014,monthly,1993-2016
C3S,UKMO,dynamical,2026-07-01,2026-10,3,3.019,0.8092,2.2098,ens_014,monthly,1993-2016
C3S,UKMO,dynamical,2026-07-01,2026-11,4,2.9402,0.8698,2.0703,ens_014,monthly,1993-2016
C3S,UKMO,dynamical,2026-07-01,2026-12,5,2.8189,0.926,1.8929,ens_014,monthly,1993-2016
C3S,UKMO,dynamical,2026-07-01,2026-07,0,2.0214,0.6677,1.3537,ens_015,monthly,1993-2016
C3S,UKMO,dynamical,2026-07-01,2026-08,1,2.4831,0.7325,1.7507,ens_015,monthly,1993-2016
C3S,UKMO,dynamical,2026-07-01,2026-09,2,2.7633,0.7963,1.9671,ens_015,monthly,1993-2016
C3S,UKMO,dynamical,2026-07-01,2026-10,3,2.8601,0.8595,2.0006,ens_015,monthly,1993-2016
C3S,UKMO,dynamical,2026-07-01,2026-11,4,3.0314,0.9808,2.0506,ens_015,monthly,1993-2016
C3S,UKMO,dynamical,2026-07-01,2026-12,5,2.7785,0.969,1.8095,ens_015,monthly,1993-2016
C3S,UKMO,dynamical,2026-07-01,2026-07,0,2.0359,0.66,1.3759,ens_016,monthly,1993-2016
C3S,UKMO,dynamical,2026-07-01,2026-08,1,2.5454,0.7465,1.7988,ens_016,monthly,1993-2016
C3S,UKMO,dynamical,2026-07-01,2026-09,2,2.8531,0.8175,2.0356,ens_016,monthly,1993-2016
C3S,UKMO,dynamical,2026-07-01,2026-10,3,2.8709,0.8623,2.0085,ens_016,monthly,1993-2016
C3S,UKMO,dynamical,2026-07-01,2026-11,4,2.7149,0.8976,1.8172,ens_016,monthly,1993-2016
C3S,UKMO,dynamical,2026-07-01,2026-12,5,2.5321,0.9629,1.5692,ens_016,monthly,1993-2016
C3S,UKMO,dynamical,2026-07-01,2026-07,0,2.0859,0.671,1.4149,ens_017,monthly,1993-2016
C3S,UKMO,dynamical,2026-07-01,2026-08,1,2.6035,0.7774,1.8261,ens_017,monthly,1993-2016
C3S,UKMO,dynamical,2026-07-01,2026-09,2,2.9999,0.8962,2.1038,ens_017,monthly,1993-2016
C3S,UKMO,dynamical,2026-07-01,2026-10,3,3.0647,0.9594,2.1052,ens_017,monthly,1993-2016
C3S,UKMO,dynamical,2026-07-01,2026-11,4,3.0508,0.9537,2.0972,ens_017,monthly,1993-2016
C3S,UKMO,dynamical,2026-07-01,2026-12,5,2.7681,1.0176,1.7505,ens_017,monthly,1993-2016
C3S,UKMO,dynamical,2026-07-01,2026-07,0,2.0567,0.6269,1.4298,ens_018,monthly,1993-2016
C3S,UKMO,dynamical,2026-07-01,2026-08,1,2.662,0.751,1.911,ens_018,monthly,1993-2016
C3S,UKMO,dynamical,2026-07-01,2026-09,2,2.8624,0.803,2.0594,ens_018,monthly,1993-2016
C3S,UKMO,dynamical,2026-07-01,2026-10,3,2.8375,0.8198,2.0177,ens_018,monthly,1993-2016
C3S,UKMO,dynamical,2026-07-01,2026-11,4,2.8348,0.9084,1.9264,ens_018,monthly,1993-2016
C3S,UKMO,dynamical,2026-07-01,2026-12,5,2.6768,0.9195,1.7573,ens_018,monthly,1993-2016
C3S,UKMO,dynamical,2026-07-01,2026-07,0,2.0466,0.6942,1.3524,ens_019,monthly,1993-2016
C3S,UKMO,dynamical,2026-07-01,2026-08,1,2.5759,0.7797,1.7962,ens_019,monthly,1993-2016
C3S,UKMO,dynamical,2026-07-01,2026-09,2,2.9331,0.859,2.0741,ens_019,monthly,1993-2016
C3S,UKMO,dynamical,2026-07-01,2026-10,3,2.8054,0.856,1.9494,ens_019,monthly,1993-2016
C3S,UKMO,dynamical,2026-07-01,2026-11,4,2.7435,0.8758,1.8678,ens_019,monthly,1993-2016
C3S,UKMO,dynamical,2026-07-01,2026-12,5,2.5643,0.9239,1.6405,ens_019,monthly,1993-2016
C3S,UKMO,dynamical,2026-07-01,2026-07,0,2.1058,0.7245,1.3813,ens_020,monthly,1993-2016
C3S,UKMO,dynamical,2026-07-01,2026-08,1,2.4152,0.8158,1.5995,ens_020,monthly,1993-2016
C3S,UKMO,dynamical,2026-07-01,2026-09,2,2.6526,0.8488,1.8037,ens_020,monthly,1993-2016
C3S,UKMO,dynamical,2026-07-01,2026-10,3,2.8259,0.89,1.9359,ens_020,monthly,1993-2016
C3S,UKMO,dynamical,2026-07-01,2026-11,4,2.8968,0.9678,1.929,ens_020,monthly,1993-2016
C3S,UKMO,dynamical,2026-07-01,2026-12,5,2.6737,1.0599,1.6138,ens_020,monthly,1993-2016
C3S,UKMO,dynamical,2026-07-01,2026-07,0,1.9962,0.729,1.2672,ens_021,monthly,1993-2016
C3S,UKMO,dynamical,2026-07-01,2026-08,1,2.3382,0.7773,1.5609,ens_021,monthly,1993-2016
C3S,UKMO,dynamical,2026-07-01,2026-09,2,2.5627,0.7884,1.7743,ens_021,monthly,1993-2016
C3S,UKMO,dynamical,2026-07-01,2026-10,3,2.653,0.8596,1.7934,ens_021,monthly,1993-2016
C3S,UKMO,dynamical,2026-07-01,2026-11,4,2.6137,0.9076,1.706,ens_021,monthly,1993-2016
C3S,UKMO,dynamical,2026-07-01,2026-12,5,2.5082,0.8776,1.6306,ens_021,monthly,1993-2016
C3S,UKMO,dynamical,2026-07-01,2026-07,0,1.9451,0.6738,1.2713,ens_022,monthly,1993-2016
C3S,UKMO,dynamical,2026-07-01,2026-08,1,2.4034,0.7512,1.6523,ens_022,monthly,1993-2016
C3S,UKMO,dynamical,2026-07-01,2026-09,2,2.5933,0.7866,1.8067,ens_022,monthly,1993-2016
C3S,UKMO,dynamical,2026-07-01,2026-10,3,2.5715,0.8594,1.7121,ens_022,monthly,1993-2016
C3S,UKMO,dynamical,2026-07-01,2026-11,4,2.7391,0.9022,1.8369,ens_022,monthly,1993-2016
C3S,UKMO,dynamical,2026-07-01,2026-12,5,2.6977,0.8843,1.8133,ens_022,monthly,1993-2016
C3S,UKMO,dynamical,2026-07-01,2026-07,0,2.1195,0.667,1.4525,ens_023,monthly,1993-2016
C3S,UKMO,dynamical,2026-07-01,2026-08,1,2.6995,0.7631,1.9363,ens_023,monthly,1993-2016
C3S,UKMO,dynamical,2026-07-01,2026-09,2,3.0313,0.8444,2.1869,ens_023,monthly,1993-2016
C3S,UKMO,dynamical,2026-07-01,2026-10,3,3.0438,0.9221,2.1217,ens_023,monthly,1993-2016
C3S,UKMO,dynamical,2026-07-01,2026-11,4,3.0506,1.0001,2.0505,ens_023,monthly,1993-2016
C3S,UKMO,dynamical,2026-07-01,2026-12,5,2.7303,0.988,1.7423,ens_023,monthly,1993-2016
C3S,UKMO,dynamical,2026-07-01,2026-07,0,2.0557,0.6577,1.398,ens_024,monthly,1993-2016
C3S,UKMO,dynamical,2026-07-01,2026-08,1,2.52,0.7082,1.8118,ens_024,monthly,1993-2016
C3S,UKMO,dynamical,2026-07-01,2026-09,2,2.8361,0.808,2.0281,ens_024,monthly,1993-2016
C3S,UKMO,dynamical,2026-07-01,2026-10,3,3.0799,0.9249,2.155,ens_024,monthly,1993-2016
C3S,UKMO,dynamical,2026-07-01,2026-11,4,2.99,0.9928,1.9972,ens_024,monthly,1993-2016
C3S,UKMO,dynamical,2026-07-01,2026-12,5,2.7164,1.0017,1.7147,ens_024,monthly,1993-2016
C3S,UKMO,dynamical,2026-07-01,2026-07,0,2.0826,0.6715,1.4111,ens_025,monthly,1993-2016
C3S,UKMO,dynamical,2026-07-01,2026-08,1,2.5755,0.7213,1.8542,ens_025,monthly,1993-2016
C3S,UKMO,dynamical,2026-07-01,2026-09,2,3.0766,0.7473,2.3293,ens_025,monthly,1993-2016
C3S,UKMO,dynamical,2026-07-01,2026-10,3,3.1274,0.8868,2.2406,ens_025,monthly,1993-2016
C3S,UKMO,dynamical,2026-07-01,2026-11,4,3.1181,0.9543,2.1637,ens_025,monthly,1993-2016
C3S,UKMO,dynamical,2026-07-01,2026-12,5,2.7512,1.0198,1.7314,ens_025,monthly,1993-2016
C3S,UKMO,dynamical,2026-07-01,2026-07,0,2.0657,0.6625,1.4032,ens_026,monthly,1993-2016
C3S,UKMO,dynamical,2026-07-01,2026-08,1,2.575,0.6926,1.8824,ens_026,monthly,1993-2016
C3S,UKMO,dynamical,2026-07-01,2026-09,2,3.009,0.7772,2.2318,ens_026,monthly,1993-2016
C3S,UKMO,dynamical,2026-07-01,2026-10,3,3.2373,0.866,2.3713,ens_026,monthly,1993-2016
C3S,UKMO,dynamical,2026-07-01,2026-11,4,3.0033,0.9148,2.0885,ens_026,monthly,1993-2016
C3S,UKMO,dynamical,2026-07-01,2026-12,5,2.6835,0.9068,1.7767,ens_026,monthly,1993-2016
C3S,UKMO,dynamical,2026-07-01,2026-07,0,2.1398,0.6578,1.482,ens_027,monthly,1993-2016
C3S,UKMO,dynamical,2026-07-01,2026-08,1,2.7062,0.7325,1.9737,ens_027,monthly,1993-2016
C3S,UKMO,dynamical,2026-07-01,2026-09,2,2.9066,0.8566,2.05,ens_027,monthly,1993-2016
C3S,UKMO,dynamical,2026-07-01,2026-10,3,2.9676,0.8677,2.0999,ens_027,monthly,1993-2016
C3S,UKMO,dynamical,2026-07-01,2026-11,4,3.0232,0.9391,2.084,ens_027,monthly,1993-2016
C3S,UKMO,dynamical,2026-07-01,2026-12,5,2.7159,0.9639,1.752,ens_027,monthly,1993-2016
C3S,UKMO,dynamical,2026-07-01,2026-07,0,1.9653,0.675,1.2902,ens_028,monthly,1993-2016
C3S,UKMO,dynamical,2026-07-01,2026-08,1,2.3615,0.6896,1.6718,ens_028,monthly,1993-2016
C3S,UKMO,dynamical,2026-07-01,2026-09,2,2.6724,0.8206,1.8517,ens_028,monthly,1993-2016
C3S,UKMO,dynamical,2026-07-01,2026-10,3,2.8244,0.8201,2.0043,ens_028,monthly,1993-2016
C3S,UKMO,dynamical,2026-07-01,2026-11,4,2.9828,0.8952,2.0877,ens_028,monthly,1993-2016
C3S,UKMO,dynamical,2026-07-01,2026-12,5,2.724,0.9256,1.7984,ens_028,monthly,1993-2016
C3S,UKMO,dynamical,2026-07-01,2026-07,0,2.001,0.6645,1.3365,ens_029,monthly,1993-2016
C3S,UKMO,dynamical,2026-07-01,2026-08,1,2.4383,0.8048,1.6334,ens_029,monthly,1993-2016
C3S,UKMO,dynamical,2026-07-01,2026-09,2,2.7428,0.8518,1.8911,ens_029,monthly,1993-2016
C3S,UKMO,dynamical,2026-07-01,2026-10,3,2.8834,0.899,1.9844,ens_029,monthly,1993-2016
C3S,UKMO,dynamical,2026-07-01,2026-11,4,2.9085,0.9328,1.9758,ens_029,monthly,1993-2016
C3S,UKMO,dynamical,2026-07-01,2026-12,5,2.5715,0.9327,1.6388,ens_029,monthly,1993-2016
C3S,UKMO,dynamical,2026-07-01,2026-07,0,2.0611,0.6823,1.3788,ens_030,monthly,1993-2016
C3S,UKMO,dynamical,2026-07-01,2026-08,1,2.6145,0.7695,1.845,ens_030,monthly,1993-2016
C3S,UKMO,dynamical,2026-07-01,2026-09,2,2.836,0.8215,2.0146,ens_030,monthly,1993-2016
C3S,UKMO,dynamical,2026-07-01,2026-10,3,2.958,0.8717,2.0863,ens_030,monthly,1993-2016
C3S,UKMO,dynamical,2026-07-01,2026-11,4,2.8476,0.9046,1.943,ens_030,monthly,1993-2016
C3S,UKMO,dynamical,2026-07-01,2026-12,5,2.5569,0.9196,1.6373,ens_030,monthly,1993-2016
C3S,UKMO,dynamical,2026-07-01,2026-07,0,2.1545,0.7002,1.4543,ens_031,monthly,1993-2016
C3S,UKMO,dynamical,2026-07-01,2026-08,1,2.5728,0.7883,1.7845,ens_031,monthly,1993-2016
C3S,UKMO,dynamical,2026-07-01,2026-09,2,2.9827,0.8547,2.128,ens_031,monthly,1993-2016
C3S,UKMO,dynamical,2026-07-01,2026-10,3,3.2869,0.9098,2.3771,ens_031,monthly,1993-2016
C3S,UKMO,dynamical,2026-07-01,2026-11,4,3.0513,1.0426,2.0086,ens_031,monthly,1993-2016
C3S,UKMO,dynamical,2026-07-01,2026-12,5,2.7108,1.0362,1.6746,ens_031,monthly,1993-2016
C3S,UKMO,dynamical,2026-07-01,2026-07,0,2.1127,0.7149,1.3978,ens_032,monthly,1993-2016
C3S,UKMO,dynamical,2026-07-01,2026-08,1,2.5417,0.746,1.7957,ens_032,monthly,1993-2016
C3S,UKMO,dynamical,2026-07-01,2026-09,2,2.7955,0.8945,1.9011,ens_032,monthly,1993-2016
C3S,UKMO,dynamical,2026-07-01,2026-10,3,2.8571,0.9561,1.901,ens_032,monthly,1993-2016
C3S,UKMO,dynamical,2026-07-01,2026-11,4,2.9853,0.9627,2.0226,ens_032,monthly,1993-2016
C3S,UKMO,dynamical,2026-07-01,2026-12,5,2.6481,0.958,1.69,ens_032,monthly,1993-2016
C3S,UKMO,dynamical,2026-07-01,2026-07,0,1.9475,0.6633,1.2841,ens_033,monthly,1993-2016
C3S,UKMO,dynamical,2026-07-01,2026-08,1,2.2316,0.6806,1.551,ens_033,monthly,1993-2016
C3S,UKMO,dynamical,2026-07-01,2026-09,2,2.2396,0.6313,1.6083,ens_033,monthly,1993-2016
C3S,UKMO,dynamical,2026-07-01,2026-10,3,2.266,0.6971,1.5689,ens_033,monthly,1993-2016
C3S,UKMO,dynamical,2026-07-01,2026-11,4,2.5891,0.8319,1.7572,ens_033,monthly,1993-2016
C3S,UKMO,dynamical,2026-07-01,2026-12,5,2.4498,0.9309,1.5189,ens_033,monthly,1993-2016
C3S,UKMO,dynamical,2026-07-01,2026-07,0,2.0685,0.6996,1.3689,ens_034,monthly,1993-2016
C3S,UKMO,dynamical,2026-07-01,2026-08,1,2.3818,0.7018,1.68,ens_034,monthly,1993-2016
C3S,UKMO,dynamical,2026-07-01,2026-09,2,2.4296,0.7741,1.6555,ens_034,monthly,1993-2016
C3S,UKMO,dynamical,2026-07-01,2026-10,3,2.4295,0.7832,1.6463,ens_034,monthly,1993-2016
C3S,UKMO,dynamical,2026-07-01,2026-11,4,2.4298,0.8085,1.6213,ens_034,monthly,1993-2016
C3S,UKMO,dynamical,2026-07-01,2026-12,5,2.6556,0.8764,1.7792,ens_034,monthly,1993-2016
C3S,UKMO,dynamical,2026-07-01,2026-07,0,2.0357,0.6571,1.3785,ens_035,monthly,1993-2016
C3S,UKMO,dynamical,2026-07-01,2026-08,1,2.6002,0.7132,1.8871,ens_035,monthly,1993-2016
C3S,UKMO,dynamical,2026-07-01,2026-09,2,2.947,0.8116,2.1355,ens_035,monthly,1993-2016
C3S,UKMO,dynamical,2026-07-01,2026-10,3,2.9912,0.8432,2.148,ens_035,monthly,1993-2016
C3S,UKMO,dynamical,2026-07-01,2026-11,4,2.9751,0.8874,2.0877,ens_035,monthly,1993-2016
C3S,UKMO,dynamical,2026-07-01,2026-12,5,2.7683,0.9716,1.7967,ens_035,monthly,1993-2016
C3S,UKMO,dynamical,2026-07-01,2026-07,0,2.1166,0.74,1.3767,ens_036,monthly,1993-2016
C3S,UKMO,dynamical,2026-07-01,2026-08,1,2.5596,0.8189,1.7407,ens_036,monthly,1993-2016
C3S,UKMO,dynamical,2026-07-01,2026-09,2,2.8909,0.8504,2.0405,ens_036,monthly,1993-2016
C3S,UKMO,dynamical,2026-07-01,2026-10,3,3.0226,0.907,2.1156,ens_036,monthly,1993-2016
C3S,UKMO,dynamical,2026-07-01,2026-11,4,2.9342,0.9566,1.9776,ens_036,monthly,1993-2016
C3S,UKMO,dynamical,2026-07-01,2026-12,5,2.6953,0.9745,1.7207,ens_036,monthly,1993-2016
C3S,UKMO,dynamical,2026-07-01,2026-07,0,2.0182,0.6706,1.3476,ens_037,monthly,1993-2016
C3S,UKMO,dynamical,2026-07-01,2026-08,1,2.4451,0.7653,1.6798,ens_037,monthly,1993-2016
C3S,UKMO,dynamical,2026-07-01,2026-09,2,2.7141,0.82,1.894,ens_037,monthly,1993-2016
C3S,UKMO,dynamical,2026-07-01,2026-10,3,2.9788,0.9321,2.0467,ens_037,monthly,1993-2016
C3S,UKMO,dynamical,2026-07-01,2026-11,4,2.9183,0.9241,1.9942,ens_037,monthly,1993-2016
C3S,UKMO,dynamical,2026-07-01,2026-12,5,2.7116,0.9291,1.7825,ens_037,monthly,1993-2016
C3S,UKMO,dynamical,2026-07-01,2026-07,0,2.0512,0.6695,1.3816,ens_038,monthly,1993-2016
C3S,UKMO,dynamical,2026-07-01,2026-08,1,2.3908,0.7145,1.6763,ens_038,monthly,1993-2016
C3S,UKMO,dynamical,2026-07-01,2026-09,2,2.5812,0.7303,1.851,ens_038,monthly,1993-2016
C3S,UKMO,dynamical,2026-07-01,2026-10,3,2.6799,0.8547,1.8251,ens_038,monthly,1993-2016
C3S,UKMO,dynamical,2026-07-01,2026-11,4,2.7581,0.8641,1.894,ens_038,monthly,1993-2016
C3S,UKMO,dynamical,2026-07-01,2026-12,5,2.6779,0.9005,1.7774,ens_038,monthly,1993-2016
C3S,UKMO,dynamical,2026-07-01,2026-07,0,2.1621,0.7313,1.4308,ens_039,monthly,1993-2016
C3S,UKMO,dynamical,2026-07-01,2026-08,1,2.5699,0.7742,1.7956,ens_039,monthly,1993-2016
C3S,UKMO,dynamical,2026-07-01,2026-09,2,2.9537,0.8574,2.0963,ens_039,monthly,1993-2016
C3S,UKMO,dynamical,2026-07-01,2026-10,3,2.9237,0.885,2.0386,ens_039,monthly,1993-2016
C3S,UKMO,dynamical,2026-07-01,2026-11,4,2.9152,0.9813,1.9339,ens_039,monthly,1993-2016
C3S,UKMO,dynamical,2026-07-01,2026-12,5,2.7312,1.0732,1.658,ens_039,monthly,1993-2016
C3S,UKMO,dynamical,2026-07-01,2026-07,0,2.0619,0.66,1.402,ens_040,monthly,1993-2016
C3S,UKMO,dynamical,2026-07-01,2026-08,1,2.4503,0.6862,1.7641,ens_040,monthly,1993-2016
C3S,UKMO,dynamical,2026-07-01,2026-09,2,2.7497,0.801,1.9487,ens_040,monthly,1993-2016
C3S,UKMO,dynamical,2026-07-01,2026-10,3,2.8007,0.8057,1.995,ens_040,monthly,1993-2016
C3S,UKMO,dynamical,2026-07-01,2026-11,4,2.8677,0.9156,1.9521,ens_040,monthly,1993-2016
C3S,UKMO,dynamical,2026-07-01,2026-12,5,2.8157,0.9617,1.854,ens_040,monthly,1993-2016
C3S,UKMO,dynamical,2026-07-01,2026-07,0,1.996,0.7133,1.2827,ens_041,monthly,1993-2016
C3S,UKMO,dynamical,2026-07-01,2026-08,1,2.4539,0.8051,1.6488,ens_041,monthly,1993-2016
C3S,UKMO,dynamical,2026-07-01,2026-09,2,2.8671,0.9189,1.9482,ens_041,monthly,1993-2016
C3S,UKMO,dynamical,2026-07-01,2026-10,3,2.9441,0.9224,2.0217,ens_041,monthly,1993-2016
C3S,UKMO,dynamical,2026-07-01,2026-11,4,2.9425,0.9731,1.9694,ens_041,monthly,1993-2016
C3S,UKMO,dynamical,2026-07-01,2026-12,5,2.8042,0.9997,1.8045,ens_041,monthly,1993-2016
C3S,UKMO,dynamical,2026-07-01,2026-07,0,2.1229,0.7273,1.3957,ens_042,monthly,1993-2016
C3S,UKMO,dynamical,2026-07-01,2026-08,1,2.5267,0.7058,1.8209,ens_042,monthly,1993-2016
C3S,UKMO,dynamical,2026-07-01,2026-09,2,2.8923,0.7912,2.1012,ens_042,monthly,1993-2016
C3S,UKMO,dynamical,2026-07-01,2026-10,3,3.0278,0.9632,2.0646,ens_042,monthly,1993-2016
C3S,UKMO,dynamical,2026-07-01,2026-11,4,3.0369,1.0357,2.0012,ens_042,monthly,1993-2016
C3S,UKMO,dynamical,2026-07-01,2026-12,5,2.7918,1.0657,1.726,ens_042,monthly,1993-2016
C3S,UKMO,dynamical,2026-07-01,2026-07,0,2.0244,0.6566,1.3679,ens_043,monthly,1993-2016
C3S,UKMO,dynamical,2026-07-01,2026-08,1,2.5769,0.7818,1.7951,ens_043,monthly,1993-2016
C3S,UKMO,dynamical,2026-07-01,2026-09,2,2.8274,0.803,2.0244,ens_043,monthly,1993-2016
C3S,UKMO,dynamical,2026-07-01,2026-10,3,2.8774,0.8123,2.0651,ens_043,monthly,1993-2016
C3S,UKMO,dynamical,2026-07-01,2026-11,4,2.7294,0.8433,1.886,ens_043,monthly,1993-2016
C3S,UKMO,dynamical,2026-07-01,2026-12,5,2.4245,0.9233,1.5012,ens_043,monthly,1993-2016
C3S,UKMO,dynamical,2026-07-01,2026-07,0,1.992,0.7054,1.2866,ens_044,monthly,1993-2016
C3S,UKMO,dynamical,2026-07-01,2026-08,1,2.5543,0.7665,1.7878,ens_044,monthly,1993-2016
C3S,UKMO,dynamical,2026-07-01,2026-09,2,2.8912,0.8779,2.0134,ens_044,monthly,1993-2016
C3S,UKMO,dynamical,2026-07-01,2026-10,3,3.1371,0.9873,2.1499,ens_044,monthly,1993-2016
C3S,UKMO,dynamical,2026-07-01,2026-11,4,3.1214,1.0497,2.0717,ens_044,monthly,1993-2016
C3S,UKMO,dynamical,2026-07-01,2026-12,5,2.8609,1.0563,1.8046,ens_044,monthly,1993-2016
C3S,UKMO,dynamical,2026-07-01,2026-07,0,1.9052,0.6603,1.2449,ens_045,monthly,1993-2016
C3S,UKMO,dynamical,2026-07-01,2026-08,1,2.4572,0.7305,1.7267,ens_045,monthly,1993-2016
C3S,UKMO,dynamical,2026-07-01,2026-09,2,2.8087,0.8171,1.9916,ens_045,monthly,1993-2016
C3S,UKMO,dynamical,2026-07-01,2026-10,3,3.0032,0.8539,2.1493,ens_045,monthly,1993-2016
C3S,UKMO,dynamical,2026-07-01,2026-11,4,2.7943,0.8964,1.8979,ens_045,monthly,1993-2016
C3S,UKMO,dynamical,2026-07-01,2026-12,5,2.5866,0.9046,1.682,ens_045,monthly,1993-2016
C3S,UKMO,dynamical,2026-07-01,2026-07,0,2.0497,0.6941,1.3557,ens_046,monthly,1993-2016
C3S,UKMO,dynamical,2026-07-01,2026-08,1,2.533,0.7201,1.8129,ens_046,monthly,1993-2016
C3S,UKMO,dynamical,2026-07-01,2026-09,2,2.6825,0.8118,1.8707,ens_046,monthly,1993-2016
C3S,UKMO,dynamical,2026-07-01,2026-10,3,3.0184,0.937,2.0814,ens_046,monthly,1993-2016
C3S,UKMO,dynamical,2026-07-01,2026-11,4,2.9298,1.0279,1.9019,ens_046,monthly,1993-2016
C3S,UKMO,dynamical,2026-07-01,2026-12,5,2.5777,1.0476,1.5301,ens_046,monthly,1993-2016
C3S,UKMO,dynamical,2026-07-01,2026-07,0,1.9528,0.6491,1.3037,ens_047,monthly,1993-2016
C3S,UKMO,dynamical,2026-07-01,2026-08,1,2.4007,0.7312,1.6695,ens_047,monthly,1993-2016
C3S,UKMO,dynamical,2026-07-01,2026-09,2,2.7418,0.7696,1.9722,ens_047,monthly,1993-2016
C3S,UKMO,dynamical,2026-07-01,2026-10,3,2.9194,0.8399,2.0795,ens_047,monthly,1993-2016
C3S,UKMO,dynamical,2026-07-01,2026-11,4,3.0827,0.9606,2.1221,ens_047,monthly,1993-2016
C3S,UKMO,dynamical,2026-07-01,2026-12,5,2.7762,0.9817,1.7945,ens_047,monthly,1993-2016
C3S,UKMO,dynamical,2026-07-01,2026-07,0,2.0078,0.6445,1.3633,ens_048,monthly,1993-2016
C3S,UKMO,dynamical,2026-07-01,2026-08,1,2.5148,0.7577,1.7571,ens_048,monthly,1993-2016
C3S,UKMO,dynamical,2026-07-01,2026-09,2,2.8505,0.8504,2.0001,ens_048,monthly,1993-2016
C3S,UKMO,dynamical,2026-07-01,2026-10,3,3.0151,0.9057,2.1094,ens_048,monthly,1993-2016
C3S,UKMO,dynamical,2026-07-01,2026-11,4,3.0816,0.9701,2.1115,ens_048,monthly,1993-2016
C3S,UKMO,dynamical,2026-07-01,2026-12,5,2.6614,1.0249,1.6364,ens_048,monthly,1993-2016
C3S,UKMO,dynamical,2026-07-01,2026-07,0,2.008,0.6165,1.3915,ens_049,monthly,1993-2016
C3S,UKMO,dynamical,2026-07-01,2026-08,1,2.4872,0.66,1.8272,ens_049,monthly,1993-2016
C3S,UKMO,dynamical,2026-07-01,2026-09,2,2.9365,0.7182,2.2183,ens_049,monthly,1993-2016
C3S,UKMO,dynamical,2026-07-01,2026-10,3,2.8538,0.7804,2.0735,ens_049,monthly,1993-2016
C3S,UKMO,dynamical,2026-07-01,2026-11,4,2.7817,0.9286,1.8532,ens_049,monthly,1993-2016
C3S,UKMO,dynamical,2026-07-01,2026-12,5,2.5357,1.0255,1.5102,ens_049,monthly,1993-2016
C3S,UKMO,dynamical,2026-07-01,2026-07,0,2.0095,0.722,1.2876,ens_050,monthly,1993-2016
C3S,UKMO,dynamical,2026-07-01,2026-08,1,2.4573,0.7359,1.7214,ens_050,monthly,1993-2016
C3S,UKMO,dynamical,2026-07-01,2026-09,2,2.8286,0.8328,1.9958,ens_050,monthly,1993-2016
C3S,UKMO,dynamical,2026-07-01,2026-10,3,3.0647,0.9185,2.1461,ens_050,monthly,1993-2016
C3S,UKMO,dynamical,2026-07-01,2026-11,4,2.9479,1.047,1.9009,ens_050,monthly,1993-2016
C3S,UKMO,dynamical,2026-07-01,2026-12,5,2.6458,1.0525,1.5933,ens_050,monthly,1993-2016
C3S,UKMO,dynamical,2026-07-01,2026-07,0,2.0213,0.7265,1.2949,ens_051,monthly,1993-2016
C3S,UKMO,dynamical,2026-07-01,2026-08,1,2.531,0.7851,1.7459,ens_051,monthly,1993-2016
C3S,UKMO,dynamical,2026-07-01,2026-09,2,2.8277,0.8033,2.0244,ens_051,monthly,1993-2016
C3S,UKMO,dynamical,2026-07-01,2026-10,3,2.9788,0.8635,2.1154,ens_051,monthly,1993-2016
C3S,UKMO,dynamical,2026-07-01,2026-11,4,2.8918,0.9676,1.9241,ens_051,monthly,1993-2016
C3S,UKMO,dynamical,2026-07-01,2026-12,5,2.6332,0.9979,1.6353,ens_051,monthly,1993-2016
C3S,UKMO,dynamical,2026-07-01,2026-07,0,1.869,0.6476,1.2213,ens_052,monthly,1993-2016
C3S,UKMO,dynamical,2026-07-01,2026-08,1,2.281,0.6533,1.6276,ens_052,monthly,1993-2016
C3S,UKMO,dynamical,2026-07-01,2026-09,2,2.5654,0.6626,1.9028,ens_052,monthly,1993-2016
C3S,UKMO,dynamical,2026-07-01,2026-10,3,2.7422,0.6783,2.064,ens_052,monthly,1993-2016
C3S,UKMO,dynamical,2026-07-01,2026-11,4,2.91,0.8307,2.0793,ens_052,monthly,1993-2016
C3S,UKMO,dynamical,2026-07-01,2026-12,5,2.6005,0.8816,1.7189,ens_052,monthly,1993-2016
C3S,UKMO,dynamical,2026-07-01,2026-07,0,1.987,0.6399,1.3471,ens_053,monthly,1993-2016
C3S,UKMO,dynamical,2026-07-01,2026-08,1,2.454,0.6251,1.8289,ens_053,monthly,1993-2016
C3S,UKMO,dynamical,2026-07-01,2026-09,2,3.0124,0.7262,2.2862,ens_053,monthly,1993-2016
C3S,UKMO,dynamical,2026-07-01,2026-10,3,2.9489,0.8509,2.0981,ens_053,monthly,1993-2016
C3S,UKMO,dynamical,2026-07-01,2026-11,4,2.8537,0.974,1.8797,ens_053,monthly,1993-2016
C3S,UKMO,dynamical,2026-07-01,2026-12,5,2.6519,0.9917,1.6601,ens_053,monthly,1993-2016
C3S,UKMO,dynamical,2026-07-01,2026-07,0,2.0051,0.6246,1.3805,ens_054,monthly,1993-2016
C3S,UKMO,dynamical,2026-07-01,2026-08,1,2.4206,0.6665,1.7541,ens_054,monthly,1993-2016
C3S,UKMO,dynamical,2026-07-01,2026-09,2,2.6199,0.7147,1.9051,ens_054,monthly,1993-2016
C3S,UKMO,dynamical,2026-07-01,2026-10,3,2.6458,0.7551,1.8907,ens_054,monthly,1993-2016
C3S,UKMO,dynamical,2026-07-01,2026-11,4,2.7845,0.8041,1.9804,ens_054,monthly,1993-2016
C3S,UKMO,dynamical,2026-07-01,2026-12,5,2.5476,0.8111,1.7365,ens_054,monthly,1993-2016
C3S,UKMO,dynamical,2026-07-01,2026-07,0,1.9771,0.6388,1.3383,ens_055,monthly,1993-2016
C3S,UKMO,dynamical,2026-07-01,2026-08,1,2.4229,0.6846,1.7383,ens_055,monthly,1993-2016
C3S,UKMO,dynamical,2026-07-01,2026-09,2,2.6689,0.7616,1.9073,ens_055,monthly,1993-2016
C3S,UKMO,dynamical,2026-07-01,2026-10,3,2.8469,0.8547,1.9922,ens_055,monthly,1993-2016
C3S,UKMO,dynamical,2026-07-01,2026-11,4,2.9278,0.865,2.0628,ens_055,monthly,1993-2016
C3S,UKMO,dynamical,2026-07-01,2026-12,5,2.6402,0.9383,1.7019,ens_055,monthly,1993-2016
C3S,UKMO,dynamical,2026-07-01,2026-07,0,1.9971,0.6258,1.3713,ens_056,monthly,1993-2016
C3S,UKMO,dynamical,2026-07-01,2026-08,1,2.5257,0.6858,1.8399,ens_056,monthly,1993-2016
C3S,UKMO,dynamical,2026-07-01,2026-09,2,2.9187,0.7166,2.2021,ens_056,monthly,1993-2016
C3S,UKMO,dynamical,2026-07-01,2026-10,3,3.1601,0.8167,2.3434,ens_056,monthly,1993-2016
C3S,UKMO,dynamical,2026-07-01,2026-11,4,2.9542,0.8478,2.1064,ens_056,monthly,1993-2016
C3S,UKMO,dynamical,2026-07-01,2026-12,5,2.6554,0.8853,1.77,ens_056,monthly,1993-2016
C3S,UKMO,dynamical,2026-07-01,2026-07,0,2.0811,0.6648,1.4162,ens_057,monthly,1993-2016
C3S,UKMO,dynamical,2026-07-01,2026-08,1,2.5803,0.7343,1.846,ens_057,monthly,1993-2016
C3S,UKMO,dynamical,2026-07-01,2026-09,2,3.0389,0.834,2.2049,ens_057,monthly,1993-2016
C3S,UKMO,dynamical,2026-07-01,2026-10,3,3.1042,0.8629,2.2413,ens_057,monthly,1993-2016
C3S,UKMO,dynamical,2026-07-01,2026-11,4,2.8281,1.0194,1.8087,ens_057,monthly,1993-2016
C3S,UKMO,dynamical,2026-07-01,2026-12,5,2.6377,1.0371,1.6006,ens_057,monthly,1993-2016
C3S,UKMO,dynamical,2026-07-01,2026-07,0,1.8534,0.6309,1.2225,ens_058,monthly,1993-2016
C3S,UKMO,dynamical,2026-07-01,2026-08,1,2.5176,0.723,1.7946,ens_058,monthly,1993-2016
C3S,UKMO,dynamical,2026-07-01,2026-09,2,2.9424,0.7626,2.1799,ens_058,monthly,1993-2016
C3S,UKMO,dynamical,2026-07-01,2026-10,3,3.0574,0.7978,2.2597,ens_058,monthly,1993-2016
C3S,UKMO,dynamical,2026-07-01,2026-11,4,2.9659,0.8302,2.1357,ens_058,monthly,1993-2016
C3S,UKMO,dynamical,2026-07-01,2026-12,5,2.459,0.869,1.59,ens_058,monthly,1993-2016
C3S,UKMO,dynamical,2026-07-01,2026-07,0,2.1328,0.6433,1.4894,ens_059,monthly,1993-2016
C3S,UKMO,dynamical,2026-07-01,2026-08,1,2.6596,0.6958,1.9638,ens_059,monthly,1993-2016
C3S,UKMO,dynamical,2026-07-01,2026-09,2,2.9834,0.7748,2.2086,ens_059,monthly,1993-2016
C3S,UKMO,dynamical,2026-07-01,2026-10,3,3.0791,0.8413,2.2378,ens_059,monthly,1993-2016
C3S,UKMO,dynamical,2026-07-01,2026-11,4,2.89,0.876,2.014,ens_059,monthly,1993-2016
C3S,UKMO,dynamical,2026-07-01,2026-12,5,2.5894,0.9401,1.6493,ens_059,monthly,1993-2016
C3S,UKMO,dynamical,2026-07-01,2026-07,0,2.033,0.6663,1.3667,mean,monthly,1993-2016
C3S,UKMO,dynamical,2026-07-01,2026-08,1,2.5187,0.7359,1.7827,mean,monthly,1993-2016
C3S,UKMO,dynamical,2026-07-01,2026-09,2,2.822,0.8063,2.0157,mean,monthly,1993-2016
C3S,UKMO,dynamical,2026-07-01,2026-10,3,2.9285,0.8685,2.06,mean,monthly,1993-2016
C3S,UKMO,dynamical,2026-07-01,2026-11,4,2.9032,0.9331,1.9701,mean,monthly,1993-2016
C3S,UKMO,dynamical,2026-07-01,2026-12,5,2.6775,0.9638,1.7137,mean,monthly,1993-2016
C3S,Meteo-France,dynamical,2026-07-01,2026-07,0,2.1506,0.6794,1.4711,ens_000,monthly,1993-2016
C3S,Meteo-France,dynamical,2026-07-01,2026-08,1,2.8831,0.7634,2.1198,ens_000,monthly,1993-2016
C3S,Meteo-France,dynamical,2026-07-01,2026-09,2,3.2592,0.8881,2.3712,ens_000,monthly,1993-2016
C3S,Meteo-France,dynamical,2026-07-01,2026-10,3,3.2588,1.0031,2.2557,ens_000,monthly,1993-2016
C3S,Meteo-France,dynamical,2026-07-01,2026-11,4,3.3999,1.0954,2.3045,ens_000,monthly,1993-2016
C3S,Meteo-France,dynamical,2026-07-01,2026-12,5,3.2425,1.1058,2.1367,ens_000,monthly,1993-2016
C3S,Meteo-France,dynamical,2026-07-01,2026-07,0,2.0677,0.6881,1.3795,ens_001,monthly,1993-2016
C3S,Meteo-France,dynamical,2026-07-01,2026-08,1,2.8123,0.8174,1.9949,ens_001,monthly,1993-2016
C3S,Meteo-France,dynamical,2026-07-01,2026-09,2,3.2178,0.8759,2.3419,ens_001,monthly,1993-2016
C3S,Meteo-France,dynamical,2026-07-01,2026-10,3,3.5567,0.9784,2.5783,ens_001,monthly,1993-2016
C3S,Meteo-France,dynamical,2026-07-01,2026-11,4,2.9742,0.9042,2.07,ens_001,monthly,1993-2016
C3S,Meteo-France,dynamical,2026-07-01,2026-12,5,2.9359,0.9723,1.9636,ens_001,monthly,1993-2016
C3S,Meteo-France,dynamical,2026-07-01,2026-07,0,2.0725,0.7168,1.3557,ens_002,monthly,1993-2016
C3S,Meteo-France,dynamical,2026-07-01,2026-08,1,2.7151,0.7896,1.9256,ens_002,monthly,1993-2016
C3S,Meteo-France,dynamical,2026-07-01,2026-09,2,3.1632,0.8414,2.3218,ens_002,monthly,1993-2016
C3S,Meteo-France,dynamical,2026-07-01,2026-10,3,3.3232,0.9142,2.409,ens_002,monthly,1993-2016
C3S,Meteo-France,dynamical,2026-07-01,2026-11,4,3.1398,1.0002,2.1396,ens_002,monthly,1993-2016
C3S,Meteo-France,dynamical,2026-07-01,2026-12,5,3.0322,1.0391,1.9931,ens_002,monthly,1993-2016
C3S,Meteo-France,dynamical,2026-07-01,2026-07,0,2.0104,0.6994,1.311,ens_003,monthly,1993-2016
C3S,Meteo-France,dynamical,2026-07-01,2026-08,1,2.5058,0.715,1.7909,ens_003,monthly,1993-2016
C3S,Meteo-France,dynamical,2026-07-01,2026-09,2,2.7928,0.8256,1.9673,ens_003,monthly,1993-2016
C3S,Meteo-France,dynamical,2026-07-01,2026-10,3,2.8531,0.8268,2.0263,ens_003,monthly,1993-2016
C3S,Meteo-France,dynamical,2026-07-01,2026-11,4,3.1379,0.9634,2.1745,ens_003,monthly,1993-2016
C3S,Meteo-France,dynamical,2026-07-01,2026-12,5,3.0952,0.9713,2.1239,ens_003,monthly,1993-2016
C3S,Meteo-France,dynamical,2026-07-01,2026-07,0,1.9932,0.6955,1.2977,ens_004,monthly,1993-2016
C3S,Meteo-France,dynamical,2026-07-01,2026-08,1,2.7119,0.7728,1.9391,ens_004,monthly,1993-2016
C3S,Meteo-France,dynamical,2026-07-01,2026-09,2,3.0398,0.8052,2.2346,ens_004,monthly,1993-2016
C3S,Meteo-France,dynamical,2026-07-01,2026-10,3,2.9939,0.8544,2.1395,ens_004,monthly,1993-2016
C3S,Meteo-France,dynamical,2026-07-01,2026-11,4,3.193,0.9385,2.2545,ens_004,monthly,1993-2016
C3S,Meteo-France,dynamical,2026-07-01,2026-12,5,3.0366,1.0669,1.9697,ens_004,monthly,1993-2016
C3S,Meteo-France,dynamical,2026-07-01,2026-07,0,2.1008,0.703,1.3978,ens_005,monthly,1993-2016
C3S,Meteo-France,dynamical,2026-07-01,2026-08,1,2.7863,0.8399,1.9464,ens_005,monthly,1993-2016
C3S,Meteo-France,dynamical,2026-07-01,2026-09,2,3.2376,0.8907,2.347,ens_005,monthly,1993-2016
C3S,Meteo-France,dynamical,2026-07-01,2026-10,3,3.245,0.9064,2.3386,ens_005,monthly,1993-2016
C3S,Meteo-France,dynamical,2026-07-01,2026-11,4,3.3341,0.9497,2.3844,ens_005,monthly,1993-2016
C3S,Meteo-France,dynamical,2026-07-01,2026-12,5,3.1848,1.003,2.1818,ens_005,monthly,1993-2016
C3S,Meteo-France,dynamical,2026-07-01,2026-07,0,2.1273,0.7251,1.4022,ens_006,monthly,1993-2016
C3S,Meteo-France,dynamical,2026-07-01,2026-08,1,2.7553,0.7586,1.9967,ens_006,monthly,1993-2016
C3S,Meteo-France,dynamical,2026-07-01,2026-09,2,3.0393,0.7692,2.2701,ens_006,monthly,1993-2016
C3S,Meteo-France,dynamical,2026-07-01,2026-10,3,3.2235,0.8011,2.4224,ens_006,monthly,1993-2016
C3S,Meteo-France,dynamical,2026-07-01,2026-11,4,3.2366,0.8969,2.3397,ens_006,monthly,1993-2016
C3S,Meteo-France,dynamical,2026-07-01,2026-12,5,3.1554,0.8974,2.258,ens_006,monthly,1993-2016
C3S,Meteo-France,dynamical,2026-07-01,2026-07,0,2.0796,0.7302,1.3494,ens_007,monthly,1993-2016
C3S,Meteo-France,dynamical,2026-07-01,2026-08,1,2.6986,0.7992,1.8994,ens_007,monthly,1993-2016
C3S,Meteo-France,dynamical,2026-07-01,2026-09,2,2.9926,0.8834,2.1092,ens_007,monthly,1993-2016
C3S,Meteo-France,dynamical,2026-07-01,2026-10,3,3.2727,0.9463,2.3264,ens_007,monthly,1993-2016
C3S,Meteo-France,dynamical,2026-07-01,2026-11,4,3.2881,0.9911,2.297,ens_007,monthly,1993-2016
C3S,Meteo-France,dynamical,2026-07-01,2026-12,5,3.3496,0.9998,2.3498,ens_007,monthly,1993-2016
C3S,Meteo-France,dynamical,2026-07-01,2026-07,0,2.0103,0.7292,1.2811,ens_008,monthly,1993-2016
C3S,Meteo-France,dynamical,2026-07-01,2026-08,1,2.6811,0.8333,1.8479,ens_008,monthly,1993-2016
C3S,Meteo-France,dynamical,2026-07-01,2026-09,2,3.1507,0.8919,2.2588,ens_008,monthly,1993-2016
C3S,Meteo-France,dynamical,2026-07-01,2026-10,3,3.0392,0.8599,2.1793,ens_008,monthly,1993-2016
C3S,Meteo-France,dynamical,2026-07-01,2026-11,4,3.2937,0.9688,2.3249,ens_008,monthly,1993-2016
C3S,Meteo-France,dynamical,2026-07-01,2026-12,5,3.2314,0.9868,2.2446,ens_008,monthly,1993-2016
C3S,Meteo-France,dynamical,2026-07-01,2026-07,0,1.9924,0.6777,1.3147,ens_009,monthly,1993-2016
C3S,Meteo-France,dynamical,2026-07-01,2026-08,1,2.6204,0.7038,1.9165,ens_009,monthly,1993-2016
C3S,Meteo-France,dynamical,2026-07-01,2026-09,2,3.0412,0.7952,2.246,ens_009,monthly,1993-2016
C3S,Meteo-France,dynamical,2026-07-01,2026-10,3,3.2416,0.9801,2.2615,ens_009,monthly,1993-2016
C3S,Meteo-France,dynamical,2026-07-01,2026-11,4,3.095,1.0224,2.0725,ens_009,monthly,1993-2016
C3S,Meteo-France,dynamical,2026-07-01,2026-12,5,2.8912,0.9359,1.9553,ens_009,monthly,1993-2016
C3S,Meteo-France,dynamical,2026-07-01,2026-07,0,2.091,0.7118,1.3792,ens_010,monthly,1993-2016
C3S,Meteo-France,dynamical,2026-07-01,2026-08,1,2.5969,0.7586,1.8382,ens_010,monthly,1993-2016
C3S,Meteo-France,dynamical,2026-07-01,2026-09,2,2.817,0.7797,2.0373,ens_010,monthly,1993-2016
C3S,Meteo-France,dynamical,2026-07-01,2026-10,3,2.9365,0.801,2.1355,ens_010,monthly,1993-2016
C3S,Meteo-France,dynamical,2026-07-01,2026-11,4,2.9413,0.8555,2.0858,ens_010,monthly,1993-2016
C3S,Meteo-France,dynamical,2026-07-01,2026-12,5,2.9146,0.9395,1.9751,ens_010,monthly,1993-2016
C3S,Meteo-France,dynamical,2026-07-01,2026-07,0,2.0712,0.6845,1.3867,ens_011,monthly,1993-2016
C3S,Meteo-France,dynamical,2026-07-01,2026-08,1,2.7986,0.7752,2.0234,ens_011,monthly,1993-2016
C3S,Meteo-France,dynamical,2026-07-01,2026-09,2,3.0476,0.8402,2.2073,ens_011,monthly,1993-2016
C3S,Meteo-France,dynamical,2026-07-01,2026-10,3,3.1783,0.9788,2.1995,ens_011,monthly,1993-2016
C3S,Meteo-France,dynamical,2026-07-01,2026-11,4,3.3103,1.0638,2.2465,ens_011,monthly,1993-2016
C3S,Meteo-France,dynamical,2026-07-01,2026-12,5,3.0703,1.0394,2.0309,ens_011,monthly,1993-2016
C3S,Meteo-France,dynamical,2026-07-01,2026-07,0,2.0654,0.7134,1.352,ens_012,monthly,1993-2016
C3S,Meteo-France,dynamical,2026-07-01,2026-08,1,2.8926,0.8114,2.0812,ens_012,monthly,1993-2016
C3S,Meteo-France,dynamical,2026-07-01,2026-09,2,3.1636,0.7725,2.3911,ens_012,monthly,1993-2016
C3S,Meteo-France,dynamical,2026-07-01,2026-10,3,3.1096,0.8187,2.2909,ens_012,monthly,1993-2016
C3S,Meteo-France,dynamical,2026-07-01,2026-11,4,3.3066,0.9334,2.3733,ens_012,monthly,1993-2016
C3S,Meteo-France,dynamical,2026-07-01,2026-12,5,3.072,0.9962,2.0758,ens_012,monthly,1993-2016
C3S,Meteo-France,dynamical,2026-07-01,2026-07,0,2.0424,0.7155,1.3269,ens_013,monthly,1993-2016
C3S,Meteo-France,dynamical,2026-07-01,2026-08,1,2.5963,0.8086,1.7877,ens_013,monthly,1993-2016
C3S,Meteo-France,dynamical,2026-07-01,2026-09,2,2.993,0.905,2.0879,ens_013,monthly,1993-2016
C3S,Meteo-France,dynamical,2026-07-01,2026-10,3,3.084,0.9668,2.1171,ens_013,monthly,1993-2016
C3S,Meteo-France,dynamical,2026-07-01,2026-11,4,3.1388,0.9969,2.1419,ens_013,monthly,1993-2016
C3S,Meteo-France,dynamical,2026-07-01,2026-12,5,2.9609,0.9757,1.9853,ens_013,monthly,1993-2016
C3S,Meteo-France,dynamical,2026-07-01,2026-07,0,2.122,0.7149,1.4071,ens_014,monthly,1993-2016
C3S,Meteo-France,dynamical,2026-07-01,2026-08,1,2.6566,0.7549,1.9016,ens_014,monthly,1993-2016
C3S,Meteo-France,dynamical,2026-07-01,2026-09,2,2.949,0.8019,2.1472,ens_014,monthly,1993-2016
C3S,Meteo-France,dynamical,2026-07-01,2026-10,3,3.07,0.9674,2.1027,ens_014,monthly,1993-2016
C3S,Meteo-France,dynamical,2026-07-01,2026-11,4,3.0932,0.98,2.1132,ens_014,monthly,1993-2016
C3S,Meteo-France,dynamical,2026-07-01,2026-12,5,2.9643,1.0032,1.9611,ens_014,monthly,1993-2016
C3S,Meteo-France,dynamical,2026-07-01,2026-07,0,2.0689,0.6847,1.3841,ens_015,monthly,1993-2016
C3S,Meteo-France,dynamical,2026-07-01,2026-08,1,2.6476,0.7857,1.8619,ens_015,monthly,1993-2016
C3S,Meteo-France,dynamical,2026-07-01,2026-09,2,2.8823,0.8364,2.0459,ens_015,monthly,1993-2016
C3S,Meteo-France,dynamical,2026-07-01,2026-10,3,2.8266,0.9459,1.8808,ens_015,monthly,1993-2016
C3S,Meteo-France,dynamical,2026-07-01,2026-11,4,2.8202,0.9542,1.866,ens_015,monthly,1993-2016
C3S,Meteo-France,dynamical,2026-07-01,2026-12,5,2.6148,0.8602,1.7547,ens_015,monthly,1993-2016
C3S,Meteo-France,dynamical,2026-07-01,2026-07,0,2.0845,0.6907,1.3939,ens_016,monthly,1993-2016
C3S,Meteo-France,dynamical,2026-07-01,2026-08,1,2.8153,0.8049,2.0104,ens_016,monthly,1993-2016
C3S,Meteo-France,dynamical,2026-07-01,2026-09,2,3.0217,0.7716,2.2502,ens_016,monthly,1993-2016
C3S,Meteo-France,dynamical,2026-07-01,2026-10,3,3.0722,0.9467,2.1255,ens_016,monthly,1993-2016
C3S,Meteo-France,dynamical,2026-07-01,2026-11,4,3.1426,1.0161,2.1265,ens_016,monthly,1993-2016
C3S,Meteo-France,dynamical,2026-07-01,2026-12,5,2.9905,1.0325,1.9581,ens_016,monthly,1993-2016
C3S,Meteo-France,dynamical,2026-07-01,2026-07,0,2.1014,0.7301,1.3713,ens_017,monthly,1993-2016
C3S,Meteo-France,dynamical,2026-07-01,2026-08,1,2.9026,0.8643,2.0383,ens_017,monthly,1993-2016
C3S,Meteo-France,dynamical,2026-07-01,2026-09,2,3.2381,0.8535,2.3846,ens_017,monthly,1993-2016
C3S,Meteo-France,dynamical,2026-07-01,2026-10,3,3.3273,0.9385,2.3888,ens_017,monthly,1993-2016
C3S,Meteo-France,dynamical,2026-07-01,2026-11,4,3.0496,0.9525,2.0971,ens_017,monthly,1993-2016
C3S,Meteo-France,dynamical,2026-07-01,2026-12,5,3.0452,1.0075,2.0377,ens_017,monthly,1993-2016
C3S,Meteo-France,dynamical,2026-07-01,2026-07,0,2.0158,0.7154,1.3004,ens_018,monthly,1993-2016
C3S,Meteo-France,dynamical,2026-07-01,2026-08,1,2.5349,0.8338,1.7011,ens_018,monthly,1993-2016
C3S,Meteo-France,dynamical,2026-07-01,2026-09,2,2.8939,0.8502,2.0436,ens_018,monthly,1993-2016
C3S,Meteo-France,dynamical,2026-07-01,2026-10,3,3.1528,0.9382,2.2146,ens_018,monthly,1993-2016
C3S,Meteo-France,dynamical,2026-07-01,2026-11,4,3.1356,0.9238,2.2118,ens_018,monthly,1993-2016
C3S,Meteo-France,dynamical,2026-07-01,2026-12,5,3.0232,0.905,2.1183,ens_018,monthly,1993-2016
C3S,Meteo-France,dynamical,2026-07-01,2026-07,0,2.0743,0.7155,1.3588,ens_019,monthly,1993-2016
C3S,Meteo-France,dynamical,2026-07-01,2026-08,1,2.7763,0.7909,1.9854,ens_019,monthly,1993-2016
C3S,Meteo-France,dynamical,2026-07-01,2026-09,2,3.1335,0.8562,2.2773,ens_019,monthly,1993-2016
C3S,Meteo-France,dynamical,2026-07-01,2026-10,3,3.3556,0.9939,2.3617,ens_019,monthly,1993-2016
C3S,Meteo-France,dynamical,2026-07-01,2026-11,4,3.4425,0.9523,2.4901,ens_019,monthly,1993-2016
C3S,Meteo-France,dynamical,2026-07-01,2026-12,5,3.2645,0.9688,2.2958,ens_019,monthly,1993-2016
C3S,Meteo-France,dynamical,2026-07-01,2026-07,0,2.0943,0.6822,1.4121,ens_020,monthly,1993-2016
C3S,Meteo-France,dynamical,2026-07-01,2026-08,1,2.6435,0.7594,1.884,ens_020,monthly,1993-2016
C3S,Meteo-France,dynamical,2026-07-01,2026-09,2,2.9702,0.8476,2.1226,ens_020,monthly,1993-2016
C3S,Meteo-France,dynamical,2026-07-01,2026-10,3,3.0172,0.9804,2.0368,ens_020,monthly,1993-2016
C3S,Meteo-France,dynamical,2026-07-01,2026-11,4,3.1372,1.0776,2.0596,ens_020,monthly,1993-2016
C3S,Meteo-France,dynamical,2026-07-01,2026-12,5,3.1648,1.0693,2.0955,ens_020,monthly,1993-2016
C3S,Meteo-France,dynamical,2026-07-01,2026-07,0,2.0896,0.666,1.4236,ens_021,monthly,1993-2016
C3S,Meteo-France,dynamical,2026-07-01,2026-08,1,2.7246,0.7403,1.9843,ens_021,monthly,1993-2016
C3S,Meteo-France,dynamical,2026-07-01,2026-09,2,3.1228,0.8383,2.2845,ens_021,monthly,1993-2016
C3S,Meteo-France,dynamical,2026-07-01,2026-10,3,3.0358,0.9234,2.1124,ens_021,monthly,1993-2016
C3S,Meteo-France,dynamical,2026-07-01,2026-11,4,3.0995,0.9592,2.1403,ens_021,monthly,1993-2016
C3S,Meteo-France,dynamical,2026-07-01,2026-12,5,3.0157,0.9819,2.0338,ens_021,monthly,1993-2016
C3S,Meteo-France,dynamical,2026-07-01,2026-07,0,2.0785,0.7232,1.3553,ens_022,monthly,1993-2016
C3S,Meteo-France,dynamical,2026-07-01,2026-08,1,2.6276,0.7879,1.8397,ens_022,monthly,1993-2016
C3S,Meteo-France,dynamical,2026-07-01,2026-09,2,3.0375,0.833,2.2045,ens_022,monthly,1993-2016
C3S,Meteo-France,dynamical,2026-07-01,2026-10,3,3.0282,0.9257,2.1024,ens_022,monthly,1993-2016
C3S,Meteo-France,dynamical,2026-07-01,2026-11,4,3.2606,0.9825,2.2781,ens_022,monthly,1993-2016
C3S,Meteo-France,dynamical,2026-07-01,2026-12,5,2.9779,0.9973,1.9806,ens_022,monthly,1993-2016
C3S,Meteo-France,dynamical,2026-07-01,2026-07,0,1.9824,0.6841,1.2983,ens_023,monthly,1993-2016
C3S,Meteo-France,dynamical,2026-07-01,2026-08,1,2.6802,0.8494,1.8309,ens_023,monthly,1993-2016
C3S,Meteo-France,dynamical,2026-07-01,2026-09,2,2.9443,0.8885,2.0558,ens_023,monthly,1993-2016
C3S,Meteo-France,dynamical,2026-07-01,2026-10,3,2.937,0.8294,2.1076,ens_023,monthly,1993-2016
C3S,Meteo-France,dynamical,2026-07-01,2026-11,4,3.1599,0.9593,2.2006,ens_023,monthly,1993-2016
C3S,Meteo-France,dynamical,2026-07-01,2026-12,5,2.904,1.0398,1.8642,ens_023,monthly,1993-2016
C3S,Meteo-France,dynamical,2026-07-01,2026-07,0,2.0517,0.7006,1.3511,ens_024,monthly,1993-2016
C3S,Meteo-France,dynamical,2026-07-01,2026-08,1,2.5955,0.7622,1.8332,ens_024,monthly,1993-2016
C3S,Meteo-France,dynamical,2026-07-01,2026-09,2,3.0442,0.861,2.1832,ens_024,monthly,1993-2016
C3S,Meteo-France,dynamical,2026-07-01,2026-10,3,2.8638,0.8176,2.0462,ens_024,monthly,1993-2016
C3S,Meteo-France,dynamical,2026-07-01,2026-11,4,2.9363,0.9141,2.0221,ens_024,monthly,1993-2016
C3S,Meteo-France,dynamical,2026-07-01,2026-12,5,2.9002,0.9119,1.9883,ens_024,monthly,1993-2016
C3S,Meteo-France,dynamical,2026-07-01,2026-07,0,2.0495,0.7254,1.3242,ens_025,monthly,1993-2016
C3S,Meteo-France,dynamical,2026-07-01,2026-08,1,2.6246,0.8367,1.7879,ens_025,monthly,1993-2016
C3S,Meteo-France,dynamical,2026-07-01,2026-09,2,3.0737,0.94,2.1337,ens_025,monthly,1993-2016
C3S,Meteo-France,dynamical,2026-07-01,2026-10,3,3.207,0.9757,2.2313,ens_025,monthly,1993-2016
C3S,Meteo-France,dynamical,2026-07-01,2026-11,4,3.2504,1.0958,2.1545,ens_025,monthly,1993-2016
C3S,Meteo-France,dynamical,2026-07-01,2026-12,5,3.1236,0.9923,2.1312,ens_025,monthly,1993-2016
C3S,Meteo-France,dynamical,2026-07-01,2026-07,0,2.0247,0.7772,1.2474,ens_026,monthly,1993-2016
C3S,Meteo-France,dynamical,2026-07-01,2026-08,1,2.4634,0.7821,1.6813,ens_026,monthly,1993-2016
C3S,Meteo-France,dynamical,2026-07-01,2026-09,2,2.9859,0.8491,2.1368,ens_026,monthly,1993-2016
C3S,Meteo-France,dynamical,2026-07-01,2026-10,3,3.1459,0.8162,2.3297,ens_026,monthly,1993-2016
C3S,Meteo-France,dynamical,2026-07-01,2026-11,4,3.1642,0.8391,2.325,ens_026,monthly,1993-2016
C3S,Meteo-France,dynamical,2026-07-01,2026-12,5,3.108,0.8682,2.2398,ens_026,monthly,1993-2016
C3S,Meteo-France,dynamical,2026-07-01,2026-07,0,1.967,0.7142,1.2528,ens_027,monthly,1993-2016
C3S,Meteo-France,dynamical,2026-07-01,2026-08,1,2.4091,0.6626,1.7465,ens_027,monthly,1993-2016
C3S,Meteo-France,dynamical,2026-07-01,2026-09,2,2.7352,0.7074,2.0278,ens_027,monthly,1993-2016
C3S,Meteo-France,dynamical,2026-07-01,2026-10,3,2.806,0.7916,2.0144,ens_027,monthly,1993-2016
C3S,Meteo-France,dynamical,2026-07-01,2026-11,4,3.3049,1.0115,2.2934,ens_027,monthly,1993-2016
C3S,Meteo-France,dynamical,2026-07-01,2026-12,5,3.1571,0.9887,2.1683,ens_027,monthly,1993-2016
C3S,Meteo-France,dynamical,2026-07-01,2026-07,0,2.0044,0.7377,1.2667,ens_028,monthly,1993-2016
C3S,Meteo-France,dynamical,2026-07-01,2026-08,1,2.702,0.8223,1.8797,ens_028,monthly,1993-2016
C3S,Meteo-France,dynamical,2026-07-01,2026-09,2,3.1031,0.8986,2.2045,ens_028,monthly,1993-2016
C3S,Meteo-France,dynamical,2026-07-01,2026-10,3,3.3902,0.9073,2.4829,ens_028,monthly,1993-2016
C3S,Meteo-France,dynamical,2026-07-01,2026-11,4,3.2685,0.8987,2.3698,ens_028,monthly,1993-2016
C3S,Meteo-France,dynamical,2026-07-01,2026-12,5,3.058,0.9382,2.1199,ens_028,monthly,1993-2016
C3S,Meteo-France,dynamical,2026-07-01,2026-07,0,2.0803,0.7562,1.3241,ens_029,monthly,1993-2016
C3S,Meteo-France,dynamical,2026-07-01,2026-08,1,2.5724,0.6819,1.8905,ens_029,monthly,1993-2016
C3S,Meteo-France,dynamical,2026-07-01,2026-09,2,2.8672,0.7321,2.1351,ens_029,monthly,1993-2016
C3S,Meteo-France,dynamical,2026-07-01,2026-10,3,2.899,0.6799,2.2192,ens_029,monthly,1993-2016
C3S,Meteo-France,dynamical,2026-07-01,2026-11,4,2.8449,0.7556,2.0893,ens_029,monthly,1993-2016
C3S,Meteo-France,dynamical,2026-07-01,2026-12,5,2.7684,0.8768,1.8916,ens_029,monthly,1993-2016
C3S,Meteo-France,dynamical,2026-07-01,2026-07,0,1.935,0.7262,1.2088,ens_030,monthly,1993-2016
C3S,Meteo-France,dynamical,2026-07-01,2026-08,1,2.4103,0.6837,1.7265,ens_030,monthly,1993-2016
C3S,Meteo-France,dynamical,2026-07-01,2026-09,2,2.8253,0.6841,2.1413,ens_030,monthly,1993-2016
C3S,Meteo-France,dynamical,2026-07-01,2026-10,3,3.0613,0.7439,2.3175,ens_030,monthly,1993-2016
C3S,Meteo-France,dynamical,2026-07-01,2026-11,4,3.3657,0.8402,2.5255,ens_030,monthly,1993-2016
C3S,Meteo-France,dynamical,2026-07-01,2026-12,5,3.1276,0.8462,2.2814,ens_030,monthly,1993-2016
C3S,Meteo-France,dynamical,2026-07-01,2026-07,0,1.9879,0.691,1.2969,ens_031,monthly,1993-2016
C3S,Meteo-France,dynamical,2026-07-01,2026-08,1,2.592,0.7426,1.8494,ens_031,monthly,1993-2016
C3S,Meteo-France,dynamical,2026-07-01,2026-09,2,3.0472,0.8828,2.1644,ens_031,monthly,1993-2016
C3S,Meteo-France,dynamical,2026-07-01,2026-10,3,3.1402,0.9448,2.1954,ens_031,monthly,1993-2016
C3S,Meteo-France,dynamical,2026-07-01,2026-11,4,3.1785,0.9489,2.2296,ens_031,monthly,1993-2016
C3S,Meteo-France,dynamical,2026-07-01,2026-12,5,3.1309,0.965,2.1659,ens_031,monthly,1993-2016
C3S,Meteo-France,dynamical,2026-07-01,2026-07,0,2.031,0.7403,1.2907,ens_032,monthly,1993-2016
C3S,Meteo-France,dynamical,2026-07-01,2026-08,1,2.6677,0.7365,1.9312,ens_032,monthly,1993-2016
C3S,Meteo-France,dynamical,2026-07-01,2026-09,2,2.9378,0.6929,2.2449,ens_032,monthly,1993-2016
C3S,Meteo-France,dynamical,2026-07-01,2026-10,3,2.9667,0.6204,2.3463,ens_032,monthly,1993-2016
C3S,Meteo-France,dynamical,2026-07-01,2026-11,4,2.9433,0.7401,2.2032,ens_032,monthly,1993-2016
C3S,Meteo-France,dynamical,2026-07-01,2026-12,5,2.914,0.7218,2.1921,ens_032,monthly,1993-2016
C3S,Meteo-France,dynamical,2026-07-01,2026-07,0,2.055,0.7362,1.3188,ens_033,monthly,1993-2016
C3S,Meteo-France,dynamical,2026-07-01,2026-08,1,2.7139,0.7355,1.9784,ens_033,monthly,1993-2016
C3S,Meteo-France,dynamical,2026-07-01,2026-09,2,3.0725,0.7856,2.287,ens_033,monthly,1993-2016
C3S,Meteo-France,dynamical,2026-07-01,2026-10,3,3.1296,0.8346,2.295,ens_033,monthly,1993-2016
C3S,Meteo-France,dynamical,2026-07-01,2026-11,4,3.1246,0.8269,2.2977,ens_033,monthly,1993-2016
C3S,Meteo-France,dynamical,2026-07-01,2026-12,5,3.1988,0.9358,2.263,ens_033,monthly,1993-2016
C3S,Meteo-France,dynamical,2026-07-01,2026-07,0,2.039,0.7633,1.2757,ens_034,monthly,1993-2016
C3S,Meteo-France,dynamical,2026-07-01,2026-08,1,2.7173,0.8561,1.8612,ens_034,monthly,1993-2016
C3S,Meteo-France,dynamical,2026-07-01,2026-09,2,2.9339,0.8406,2.0932,ens_034,monthly,1993-2016
C3S,Meteo-France,dynamical,2026-07-01,2026-10,3,3.1671,0.8789,2.2882,ens_034,monthly,1993-2016
C3S,Meteo-France,dynamical,2026-07-01,2026-11,4,3.1828,0.9234,2.2594,ens_034,monthly,1993-2016
C3S,Meteo-France,dynamical,2026-07-01,2026-12,5,3.0784,0.9685,2.1099,ens_034,monthly,1993-2016
C3S,Meteo-France,dynamical,2026-07-01,2026-07,0,2.0595,0.7305,1.329,ens_035,monthly,1993-2016
C3S,Meteo-France,dynamical,2026-07-01,2026-08,1,2.7621,0.7462,2.0159,ens_035,monthly,1993-2016
C3S,Meteo-France,dynamical,2026-07-01,2026-09,2,3.0324,0.8672,2.1653,ens_035,monthly,1993-2016
C3S,Meteo-France,dynamical,2026-07-01,2026-10,3,3.1555,0.8788,2.2767,ens_035,monthly,1993-2016
C3S,Meteo-France,dynamical,2026-07-01,2026-11,4,3.1707,0.9306,2.2401,ens_035,monthly,1993-2016
C3S,Meteo-France,dynamical,2026-07-01,2026-12,5,3.0057,0.9889,2.0168,ens_035,monthly,1993-2016
C3S,Meteo-France,dynamical,2026-07-01,2026-07,0,2.0809,0.7636,1.3173,ens_036,monthly,1993-2016
C3S,Meteo-France,dynamical,2026-07-01,2026-08,1,2.7555,0.8136,1.9418,ens_036,monthly,1993-2016
C3S,Meteo-France,dynamical,2026-07-01,2026-09,2,3.1179,0.785,2.3328,ens_036,monthly,1993-2016
C3S,Meteo-France,dynamical,2026-07-01,2026-10,3,3.2903,0.8947,2.3956,ens_036,monthly,1993-2016
C3S,Meteo-France,dynamical,2026-07-01,2026-11,4,3.5261,0.9812,2.5448,ens_036,monthly,1993-2016
C3S,Meteo-France,dynamical,2026-07-01,2026-12,5,3.4747,1.0536,2.4211,ens_036,monthly,1993-2016
C3S,Meteo-France,dynamical,2026-07-01,2026-07,0,2.019,0.7359,1.2831,ens_037,monthly,1993-2016
C3S,Meteo-France,dynamical,2026-07-01,2026-08,1,2.5345,0.7926,1.7419,ens_037,monthly,1993-2016
C3S,Meteo-France,dynamical,2026-07-01,2026-09,2,2.6797,0.7842,1.8955,ens_037,monthly,1993-2016
C3S,Meteo-France,dynamical,2026-07-01,2026-10,3,2.8479,0.9006,1.9473,ens_037,monthly,1993-2016
C3S,Meteo-France,dynamical,2026-07-01,2026-11,4,3.2807,1.0448,2.2359,ens_037,monthly,1993-2016
C3S,Meteo-France,dynamical,2026-07-01,2026-12,5,3.2041,0.9909,2.2132,ens_037,monthly,1993-2016
C3S,Meteo-France,dynamical,2026-07-01,2026-07,0,2.0386,0.7514,1.2871,ens_038,monthly,1993-2016
C3S,Meteo-France,dynamical,2026-07-01,2026-08,1,2.7621,0.8405,1.9217,ens_038,monthly,1993-2016
C3S,Meteo-France,dynamical,2026-07-01,2026-09,2,3.0236,0.8595,2.1641,ens_038,monthly,1993-2016
C3S,Meteo-France,dynamical,2026-07-01,2026-10,3,3.2091,1.006,2.2031,ens_038,monthly,1993-2016
C3S,Meteo-France,dynamical,2026-07-01,2026-11,4,3.4286,1.0325,2.3961,ens_038,monthly,1993-2016
C3S,Meteo-France,dynamical,2026-07-01,2026-12,5,3.2353,1.0286,2.2067,ens_038,monthly,1993-2016
C3S,Meteo-France,dynamical,2026-07-01,2026-07,0,2.0442,0.7379,1.3062,ens_039,monthly,1993-2016
C3S,Meteo-France,dynamical,2026-07-01,2026-08,1,2.5798,0.7412,1.8386,ens_039,monthly,1993-2016
C3S,Meteo-France,dynamical,2026-07-01,2026-09,2,2.8351,0.7905,2.0446,ens_039,monthly,1993-2016
C3S,Meteo-France,dynamical,2026-07-01,2026-10,3,2.8722,0.7871,2.0851,ens_039,monthly,1993-2016
C3S,Meteo-France,dynamical,2026-07-01,2026-11,4,2.8439,0.7658,2.0781,ens_039,monthly,1993-2016
C3S,Meteo-France,dynamical,2026-07-01,2026-12,5,2.6432,0.7473,1.8959,ens_039,monthly,1993-2016
C3S,Meteo-France,dynamical,2026-07-01,2026-07,0,2.0805,0.7536,1.3268,ens_040,monthly,1993-2016
C3S,Meteo-France,dynamical,2026-07-01,2026-08,1,2.5756,0.747,1.8286,ens_040,monthly,1993-2016
C3S,Meteo-France,dynamical,2026-07-01,2026-09,2,3.128,0.8215,2.3065,ens_040,monthly,1993-2016
C3S,Meteo-France,dynamical,2026-07-01,2026-10,3,3.3232,0.9725,2.3507,ens_040,monthly,1993-2016
C3S,Meteo-France,dynamical,2026-07-01,2026-11,4,3.2825,0.9685,2.314,ens_040,monthly,1993-2016
C3S,Meteo-France,dynamical,2026-07-01,2026-12,5,3.1716,1.014,2.1575,ens_040,monthly,1993-2016
C3S,Meteo-France,dynamical,2026-07-01,2026-07,0,2.0665,0.7554,1.3112,ens_041,monthly,1993-2016
C3S,Meteo-France,dynamical,2026-07-01,2026-08,1,2.8035,0.8058,1.9976,ens_041,monthly,1993-2016
C3S,Meteo-France,dynamical,2026-07-01,2026-09,2,3.2024,0.8338,2.3686,ens_041,monthly,1993-2016
C3S,Meteo-France,dynamical,2026-07-01,2026-10,3,3.4555,0.9699,2.4856,ens_041,monthly,1993-2016
C3S,Meteo-France,dynamical,2026-07-01,2026-11,4,3.4178,0.8981,2.5197,ens_041,monthly,1993-2016
C3S,Meteo-France,dynamical,2026-07-01,2026-12,5,2.8808,0.8862,1.9946,ens_041,monthly,1993-2016
C3S,Meteo-France,dynamical,2026-07-01,2026-07,0,1.9835,0.765,1.2185,ens_042,monthly,1993-2016
C3S,Meteo-France,dynamical,2026-07-01,2026-08,1,2.452,0.7694,1.6826,ens_042,monthly,1993-2016
C3S,Meteo-France,dynamical,2026-07-01,2026-09,2,2.7919,0.8178,1.9741,ens_042,monthly,1993-2016
C3S,Meteo-France,dynamical,2026-07-01,2026-10,3,3.0019,0.9011,2.1008,ens_042,monthly,1993-2016
C3S,Meteo-France,dynamical,2026-07-01,2026-11,4,3.1816,1.0653,2.1162,ens_042,monthly,1993-2016
C3S,Meteo-France,dynamical,2026-07-01,2026-12,5,2.827,1.0514,1.7757,ens_042,monthly,1993-2016
C3S,Meteo-France,dynamical,2026-07-01,2026-07,0,1.9971,0.7336,1.2636,ens_043,monthly,1993-2016
C3S,Meteo-France,dynamical,2026-07-01,2026-08,1,2.461,0.6816,1.7794,ens_043,monthly,1993-2016
C3S,Meteo-France,dynamical,2026-07-01,2026-09,2,2.973,0.75,2.223,ens_043,monthly,1993-2016
C3S,Meteo-France,dynamical,2026-07-01,2026-10,3,3.1344,0.7427,2.3917,ens_043,monthly,1993-2016
C3S,Meteo-France,dynamical,2026-07-01,2026-11,4,2.9138,0.6986,2.2152,ens_043,monthly,1993-2016
C3S,Meteo-France,dynamical,2026-07-01,2026-12,5,2.973,0.7506,2.2224,ens_043,monthly,1993-2016
C3S,Meteo-France,dynamical,2026-07-01,2026-07,0,2.0239,0.7405,1.2835,ens_044,monthly,1993-2016
C3S,Meteo-France,dynamical,2026-07-01,2026-08,1,2.4679,0.7419,1.726,ens_044,monthly,1993-2016
C3S,Meteo-France,dynamical,2026-07-01,2026-09,2,2.8378,0.7867,2.051,ens_044,monthly,1993-2016
C3S,Meteo-France,dynamical,2026-07-01,2026-10,3,3.0641,0.8627,2.2015,ens_044,monthly,1993-2016
C3S,Meteo-France,dynamical,2026-07-01,2026-11,4,3.1571,0.9541,2.203,ens_044,monthly,1993-2016
C3S,Meteo-France,dynamical,2026-07-01,2026-12,5,3.1068,0.8826,2.2242,ens_044,monthly,1993-2016
C3S,Meteo-France,dynamical,2026-07-01,2026-07,0,2.0459,0.7321,1.3139,ens_045,monthly,1993-2016
C3S,Meteo-France,dynamical,2026-07-01,2026-08,1,2.5903,0.6893,1.9011,ens_045,monthly,1993-2016
C3S,Meteo-France,dynamical,2026-07-01,2026-09,2,3.0243,0.6854,2.3389,ens_045,monthly,1993-2016
C3S,Meteo-France,dynamical,2026-07-01,2026-10,3,3.1393,0.7366,2.4027,ens_045,monthly,1993-2016
C3S,Meteo-France,dynamical,2026-07-01,2026-11,4,3.3697,0.814,2.5557,ens_045,monthly,1993-2016
C3S,Meteo-France,dynamical,2026-07-01,2026-12,5,3.1412,0.846,2.2953,ens_045,monthly,1993-2016
C3S,Meteo-France,dynamical,2026-07-01,2026-07,0,1.9761,0.726,1.2501,ens_046,monthly,1993-2016
C3S,Meteo-France,dynamical,2026-07-01,2026-08,1,2.5116,0.7575,1.7542,ens_046,monthly,1993-2016
C3S,Meteo-France,dynamical,2026-07-01,2026-09,2,2.8881,0.7592,2.1289,ens_046,monthly,1993-2016
C3S,Meteo-France,dynamical,2026-07-01,2026-10,3,3.0597,0.8433,2.2163,ens_046,monthly,1993-2016
C3S,Meteo-France,dynamical,2026-07-01,2026-11,4,3.2432,1.0143,2.2289,ens_046,monthly,1993-2016
C3S,Meteo-France,dynamical,2026-07-01,2026-12,5,3.1915,0.9504,2.2411,ens_046,monthly,1993-2016
C3S,Meteo-France,dynamical,2026-07-01,2026-07,0,1.9764,0.7325,1.2438,ens_047,monthly,1993-2016
C3S,Meteo-France,dynamical,2026-07-01,2026-08,1,2.6894,0.7388,1.9506,ens_047,monthly,1993-2016
C3S,Meteo-France,dynamical,2026-07-01,2026-09,2,2.9262,0.7621,2.1641,ens_047,monthly,1993-2016
C3S,Meteo-France,dynamical,2026-07-01,2026-10,3,3.0353,0.8601,2.1751,ens_047,monthly,1993-2016
C3S,Meteo-France,dynamical,2026-07-01,2026-11,4,3.3933,0.9223,2.471,ens_047,monthly,1993-2016
C3S,Meteo-France,dynamical,2026-07-01,2026-12,5,3.0601,0.9047,2.1554,ens_047,monthly,1993-2016
C3S,Meteo-France,dynamical,2026-07-01,2026-07,0,2.0497,0.7079,1.3418,ens_048,monthly,1993-2016
C3S,Meteo-France,dynamical,2026-07-01,2026-08,1,2.797,0.721,2.076,ens_048,monthly,1993-2016
C3S,Meteo-France,dynamical,2026-07-01,2026-09,2,3.1765,0.8506,2.326,ens_048,monthly,1993-2016
C3S,Meteo-France,dynamical,2026-07-01,2026-10,3,3.3175,0.8821,2.4355,ens_048,monthly,1993-2016
C3S,Meteo-France,dynamical,2026-07-01,2026-11,4,3.5074,0.9658,2.5416,ens_048,monthly,1993-2016
C3S,Meteo-France,dynamical,2026-07-01,2026-12,5,3.0704,1.0165,2.0539,ens_048,monthly,1993-2016
C3S,Meteo-France,dynamical,2026-07-01,2026-07,0,2.0741,0.7271,1.347,ens_049,monthly,1993-2016
C3S,Meteo-France,dynamical,2026-07-01,2026-08,1,2.8537,0.8172,2.0364,ens_049,monthly,1993-2016
C3S,Meteo-France,dynamical,2026-07-01,2026-09,2,3.115,0.8595,2.2554,ens_049,monthly,1993-2016
C3S,Meteo-France,dynamical,2026-07-01,2026-10,3,3.0854,0.7786,2.3068,ens_049,monthly,1993-2016
C3S,Meteo-France,dynamical,2026-07-01,2026-11,4,2.9562,0.8009,2.1553,ens_049,monthly,1993-2016
C3S,Meteo-France,dynamical,2026-07-01,2026-12,5,2.7234,0.8135,1.9099,ens_049,monthly,1993-2016
C3S,Meteo-France,dynamical,2026-07-01,2026-07,0,1.9601,0.7063,1.2538,ens_050,monthly,1993-2016
C3S,Meteo-France,dynamical,2026-07-01,2026-08,1,2.5239,0.7473,1.7766,ens_050,monthly,1993-2016
C3S,Meteo-France,dynamical,2026-07-01,2026-09,2,2.9176,0.8346,2.083,ens_050,monthly,1993-2016
C3S,Meteo-France,dynamical,2026-07-01,2026-10,3,3.0726,0.8488,2.2237,ens_050,monthly,1993-2016
C3S,Meteo-France,dynamical,2026-07-01,2026-11,4,3.2478,0.8913,2.3564,ens_050,monthly,1993-2016
C3S,Meteo-France,dynamical,2026-07-01,2026-12,5,3.021,0.8574,2.1637,ens_050,monthly,1993-2016
C3S,Meteo-France,dynamical,2026-07-01,2026-07,0,2.0449,0.7205,1.3244,mean,monthly,1993-2016
C3S,Meteo-France,dynamical,2026-07-01,2026-08,1,2.6598,0.772,1.8878,mean,monthly,1993-2016
C3S,Meteo-France,dynamical,2026-07-01,2026-09,2,3.0087,0.8208,2.1879,mean,monthly,1993-2016
C3S,Meteo-France,dynamical,2026-07-01,2026-10,3,3.1172,0.8804,2.2368,mean,monthly,1993-2016
C3S,Meteo-France,dynamical,2026-07-01,2026-11,4,3.1885,0.9388,2.2497,mean,monthly,1993-2016
C3S,Meteo-France,dynamical,2026-07-01,2026-12,5,3.0477,0.9528,2.0949,mean,monthly,1993-2016
C3S,DWD,dynamical,2026-07-01,2026-07,0,2.4384,0.3881,2.0502,ens_000,monthly,1993-2016
C3S,DWD,dynamical,2026-07-01,2026-08,1,2.8034,0.5042,2.2992,ens_000,monthly,1993-2016
C3S,DWD,dynamical,2026-07-01,2026-09,2,2.6806,0.5789,2.1017,ens_000,monthly,1993-2016
C3S,DWD,dynamical,2026-07-01,2026-10,3,3.0579,0.726,2.3318,ens_000,monthly,1993-2016
C3S,DWD,dynamical,2026-07-01,2026-11,4,3.4596,0.7855,2.6741,ens_000,monthly,1993-2016
C3S,DWD,dynamical,2026-07-01,2026-12,5,3.5996,0.8834,2.7162,ens_000,monthly,1993-2016
C3S,DWD,dynamical,2026-07-01,2026-07,0,2.3831,0.3551,2.028,ens_001,monthly,1993-2016
C3S,DWD,dynamical,2026-07-01,2026-08,1,2.564,0.4392,2.1248,ens_001,monthly,1993-2016
C3S,DWD,dynamical,2026-07-01,2026-09,2,2.4193,0.572,1.8473,ens_001,monthly,1993-2016
C3S,DWD,dynamical,2026-07-01,2026-10,3,2.7193,0.6389,2.0804,ens_001,monthly,1993-2016
C3S,DWD,dynamical,2026-07-01,2026-11,4,3.1656,0.7283,2.4373,ens_001,monthly,1993-2016
C3S,DWD,dynamical,2026-07-01,2026-12,5,3.246,0.7293,2.5168,ens_001,monthly,1993-2016
C3S,DWD,dynamical,2026-07-01,2026-07,0,2.471,0.3729,2.0982,ens_002,monthly,1993-2016
C3S,DWD,dynamical,2026-07-01,2026-08,1,2.8924,0.4367,2.4557,ens_002,monthly,1993-2016
C3S,DWD,dynamical,2026-07-01,2026-09,2,2.8594,0.5519,2.3075,ens_002,monthly,1993-2016
C3S,DWD,dynamical,2026-07-01,2026-10,3,2.689,0.5094,2.1796,ens_002,monthly,1993-2016
C3S,DWD,dynamical,2026-07-01,2026-11,4,3.1241,0.6013,2.5227,ens_002,monthly,1993-2016
C3S,DWD,dynamical,2026-07-01,2026-12,5,3.2459,0.6104,2.6355,ens_002,monthly,1993-2016
C3S,DWD,dynamical,2026-07-01,2026-07,0,2.4216,0.3613,2.0602,ens_003,monthly,1993-2016
C3S,DWD,dynamical,2026-07-01,2026-08,1,2.5651,0.4974,2.0677,ens_003,monthly,1993-2016
C3S,DWD,dynamical,2026-07-01,2026-09,2,2.146,0.566,1.58,ens_003,monthly,1993-2016
C3S,DWD,dynamical,2026-07-01,2026-10,3,2.1215,0.5502,1.5713,ens_003,monthly,1993-2016
C3S,DWD,dynamical,2026-07-01,2026-11,4,2.4607,0.6133,1.8474,ens_003,monthly,1993-2016
C3S,DWD,dynamical,2026-07-01,2026-12,5,2.6551,0.5801,2.075,ens_003,monthly,1993-2016
C3S,DWD,dynamical,2026-07-01,2026-07,0,2.4947,0.3766,2.1181,ens_004,monthly,1993-2016
C3S,DWD,dynamical,2026-07-01,2026-08,1,2.5939,0.3984,2.1955,ens_004,monthly,1993-2016
C3S,DWD,dynamical,2026-07-01,2026-09,2,2.1038,0.4688,1.635,ens_004,monthly,1993-2016
C3S,DWD,dynamical,2026-07-01,2026-10,3,2.3783,0.593,1.7853,ens_004,monthly,1993-2016
C3S,DWD,dynamical,2026-07-01,2026-11,4,2.7487,0.56,2.1887,ens_004,monthly,1993-2016
C3S,DWD,dynamical,2026-07-01,2026-12,5,2.8544,0.6091,2.2453,ens_004,monthly,1993-2016
C3S,DWD,dynamical,2026-07-01,2026-07,0,2.3774,0.3745,2.0029,ens_005,monthly,1993-2016
C3S,DWD,dynamical,2026-07-01,2026-08,1,2.6933,0.4722,2.221,ens_005,monthly,1993-2016
C3S,DWD,dynamical,2026-07-01,2026-09,2,2.4936,0.5867,1.9069,ens_005,monthly,1993-2016
C3S,DWD,dynamical,2026-07-01,2026-10,3,2.6653,0.7168,1.9485,ens_005,monthly,1993-2016
C3S,DWD,dynamical,2026-07-01,2026-11,4,3.0148,0.7283,2.2865,ens_005,monthly,1993-2016
C3S,DWD,dynamical,2026-07-01,2026-12,5,2.9124,0.7333,2.1791,ens_005,monthly,1993-2016
C3S,DWD,dynamical,2026-07-01,2026-07,0,2.4635,0.3514,2.1121,ens_006,monthly,1993-2016
C3S,DWD,dynamical,2026-07-01,2026-08,1,2.4279,0.393,2.0349,ens_006,monthly,1993-2016
C3S,DWD,dynamical,2026-07-01,2026-09,2,2.085,0.4876,1.5974,ens_006,monthly,1993-2016
C3S,DWD,dynamical,2026-07-01,2026-10,3,2.3131,0.5852,1.7279,ens_006,monthly,1993-2016
C3S,DWD,dynamical,2026-07-01,2026-11,4,2.904,0.7267,2.1773,ens_006,monthly,1993-2016
C3S,DWD,dynamical,2026-07-01,2026-12,5,3.1406,0.7388,2.4019,ens_006,monthly,1993-2016
C3S,DWD,dynamical,2026-07-01,2026-07,0,2.4696,0.3641,2.1056,ens_007,monthly,1993-2016
C3S,DWD,dynamical,2026-07-01,2026-08,1,2.826,0.4616,2.3644,ens_007,monthly,1993-2016
C3S,DWD,dynamical,2026-07-01,2026-09,2,2.594,0.5439,2.0501,ens_007,monthly,1993-2016
C3S,DWD,dynamical,2026-07-01,2026-10,3,2.4216,0.5488,1.8728,ens_007,monthly,1993-2016
C3S,DWD,dynamical,2026-07-01,2026-11,4,2.8323,0.6329,2.1994,ens_007,monthly,1993-2016
C3S,DWD,dynamical,2026-07-01,2026-12,5,3.048,0.5942,2.4538,ens_007,monthly,1993-2016
C3S,DWD,dynamical,2026-07-01,2026-07,0,2.4471,0.3453,2.1018,ens_008,monthly,1993-2016
C3S,DWD,dynamical,2026-07-01,2026-08,1,2.6901,0.4604,2.2297,ens_008,monthly,1993-2016
C3S,DWD,dynamical,2026-07-01,2026-09,2,2.3696,0.5076,1.8619,ens_008,monthly,1993-2016
C3S,DWD,dynamical,2026-07-01,2026-10,3,2.2015,0.5556,1.646,ens_008,monthly,1993-2016
C3S,DWD,dynamical,2026-07-01,2026-11,4,2.5775,0.6235,1.9539,ens_008,monthly,1993-2016
C3S,DWD,dynamical,2026-07-01,2026-12,5,2.7785,0.6191,2.1593,ens_008,monthly,1993-2016
C3S,DWD,dynamical,2026-07-01,2026-07,0,2.4726,0.3823,2.0903,ens_009,monthly,1993-2016
C3S,DWD,dynamical,2026-07-01,2026-08,1,2.899,0.4979,2.401,ens_009,monthly,1993-2016
C3S,DWD,dynamical,2026-07-01,2026-09,2,2.8549,0.6225,2.2324,ens_009,monthly,1993-2016
C3S,DWD,dynamical,2026-07-01,2026-10,3,2.8974,0.6555,2.2419,ens_009,monthly,1993-2016
C3S,DWD,dynamical,2026-07-01,2026-11,4,3.431,0.6863,2.7446,ens_009,monthly,1993-2016
C3S,DWD,dynamical,2026-07-01,2026-12,5,3.584,0.6027,2.9813,ens_009,monthly,1993-2016
C3S,DWD,dynamical,2026-07-01,2026-07,0,2.4685,0.3745,2.094,ens_010,monthly,1993-2016
C3S,DWD,dynamical,2026-07-01,2026-08,1,2.7745,0.4948,2.2797,ens_010,monthly,1993-2016
C3S,DWD,dynamical,2026-07-01,2026-09,2,2.6667,0.5926,2.0741,ens_010,monthly,1993-2016
C3S,DWD,dynamical,2026-07-01,2026-10,3,2.7903,0.6591,2.1312,ens_010,monthly,1993-2016
C3S,DWD,dynamical,2026-07-01,2026-11,4,3.3789,0.8024,2.5765,ens_010,monthly,1993-2016
C3S,DWD,dynamical,2026-07-01,2026-12,5,3.5888,0.8316,2.7572,ens_010,monthly,1993-2016
C3S,DWD,dynamical,2026-07-01,2026-07,0,2.5062,0.3915,2.1147,ens_011,monthly,1993-2016
C3S,DWD,dynamical,2026-07-01,2026-08,1,2.894,0.5232,2.3708,ens_011,monthly,1993-2016
C3S,DWD,dynamical,2026-07-01,2026-09,2,2.6274,0.6416,1.9858,ens_011,monthly,1993-2016
C3S,DWD,dynamical,2026-07-01,2026-10,3,2.7595,0.6695,2.0899,ens_011,monthly,1993-2016
C3S,DWD,dynamical,2026-07-01,2026-11,4,2.9773,0.6918,2.2855,ens_011,monthly,1993-2016
C3S,DWD,dynamical,2026-07-01,2026-12,5,2.8909,0.7129,2.178,ens_011,monthly,1993-2016
C3S,DWD,dynamical,2026-07-01,2026-07,0,2.4272,0.3712,2.056,ens_012,monthly,1993-2016
C3S,DWD,dynamical,2026-07-01,2026-08,1,2.4602,0.4081,2.0521,ens_012,monthly,1993-2016
C3S,DWD,dynamical,2026-07-01,2026-09,2,2.1092,0.466,1.6432,ens_012,monthly,1993-2016
C3S,DWD,dynamical,2026-07-01,2026-10,3,2.2324,0.5026,1.7298,ens_012,monthly,1993-2016
C3S,DWD,dynamical,2026-07-01,2026-11,4,2.6492,0.5483,2.1009,ens_012,monthly,1993-2016
C3S,DWD,dynamical,2026-07-01,2026-12,5,2.7315,0.6537,2.0778,ens_012,monthly,1993-2016
C3S,DWD,dynamical,2026-07-01,2026-07,0,2.4454,0.3838,2.0616,ens_013,monthly,1993-2016
C3S,DWD,dynamical,2026-07-01,2026-08,1,2.6517,0.4736,2.1781,ens_013,monthly,1993-2016
C3S,DWD,dynamical,2026-07-01,2026-09,2,2.3484,0.5101,1.8383,ens_013,monthly,1993-2016
C3S,DWD,dynamical,2026-07-01,2026-10,3,2.5505,0.6361,1.9144,ens_013,monthly,1993-2016
C3S,DWD,dynamical,2026-07-01,2026-11,4,2.7966,0.728,2.0686,ens_013,monthly,1993-2016
C3S,DWD,dynamical,2026-07-01,2026-12,5,3.1329,0.7078,2.4251,ens_013,monthly,1993-2016
C3S,DWD,dynamical,2026-07-01,2026-07,0,2.4608,0.3717,2.0891,ens_014,monthly,1993-2016
C3S,DWD,dynamical,2026-07-01,2026-08,1,2.6629,0.439,2.224,ens_014,monthly,1993-2016
C3S,DWD,dynamical,2026-07-01,2026-09,2,2.4898,0.5074,1.9824,ens_014,monthly,1993-2016
C3S,DWD,dynamical,2026-07-01,2026-10,3,2.4763,0.5899,1.8864,ens_014,monthly,1993-2016
C3S,DWD,dynamical,2026-07-01,2026-11,4,2.8589,0.6479,2.2111,ens_014,monthly,1993-2016
C3S,DWD,dynamical,2026-07-01,2026-12,5,3.1072,0.6319,2.4753,ens_014,monthly,1993-2016
C3S,DWD,dynamical,2026-07-01,2026-07,0,2.4384,0.386,2.0524,ens_015,monthly,1993-2016
C3S,DWD,dynamical,2026-07-01,2026-08,1,2.6239,0.469,2.1549,ens_015,monthly,1993-2016
C3S,DWD,dynamical,2026-07-01,2026-09,2,2.4147,0.5136,1.9011,ens_015,monthly,1993-2016
C3S,DWD,dynamical,2026-07-01,2026-10,3,2.6843,0.5378,2.1465,ens_015,monthly,1993-2016
C3S,DWD,dynamical,2026-07-01,2026-11,4,3.0337,0.6136,2.4201,ens_015,monthly,1993-2016
C3S,DWD,dynamical,2026-07-01,2026-12,5,3.1826,0.6339,2.5487,ens_015,monthly,1993-2016
C3S,DWD,dynamical,2026-07-01,2026-07,0,2.441,0.3992,2.0417,ens_016,monthly,1993-2016
C3S,DWD,dynamical,2026-07-01,2026-08,1,2.6989,0.5198,2.1791,ens_016,monthly,1993-2016
C3S,DWD,dynamical,2026-07-01,2026-09,2,2.4775,0.5633,1.9142,ens_016,monthly,1993-2016
C3S,DWD,dynamical,2026-07-01,2026-10,3,2.0863,0.5134,1.5729,ens_016,monthly,1993-2016
C3S,DWD,dynamical,2026-07-01,2026-11,4,2.5925,0.5535,2.039,ens_016,monthly,1993-2016
C3S,DWD,dynamical,2026-07-01,2026-12,5,2.9976,0.6069,2.3907,ens_016,monthly,1993-2016
C3S,DWD,dynamical,2026-07-01,2026-07,0,2.3691,0.3526,2.0165,ens_017,monthly,1993-2016
C3S,DWD,dynamical,2026-07-01,2026-08,1,2.4741,0.407,2.0671,ens_017,monthly,1993-2016
C3S,DWD,dynamical,2026-07-01,2026-09,2,1.9856,0.4216,1.5639,ens_017,monthly,1993-2016
C3S,DWD,dynamical,2026-07-01,2026-10,3,2.2357,0.5498,1.6858,ens_017,monthly,1993-2016
C3S,DWD,dynamical,2026-07-01,2026-11,4,2.6072,0.6158,1.9914,ens_017,monthly,1993-2016
C3S,DWD,dynamical,2026-07-01,2026-12,5,2.8704,0.6613,2.2092,ens_017,monthly,1993-2016
C3S,DWD,dynamical,2026-07-01,2026-07,0,2.4442,0.3696,2.0746,ens_018,monthly,1993-2016
C3S,DWD,dynamical,2026-07-01,2026-08,1,2.5549,0.4563,2.0986,ens_018,monthly,1993-2016
C3S,DWD,dynamical,2026-07-01,2026-09,2,2.0742,0.504,1.5702,ens_018,monthly,1993-2016
C3S,DWD,dynamical,2026-07-01,2026-10,3,2.3128,0.5901,1.7227,ens_018,monthly,1993-2016
C3S,DWD,dynamical,2026-07-01,2026-11,4,2.5821,0.6512,1.9309,ens_018,monthly,1993-2016
C3S,DWD,dynamical,2026-07-01,2026-12,5,2.7138,0.6572,2.0566,ens_018,monthly,1993-2016
C3S,DWD,dynamical,2026-07-01,2026-07,0,2.5328,0.3704,2.1625,ens_019,monthly,1993-2016
C3S,DWD,dynamical,2026-07-01,2026-08,1,3.0755,0.5319,2.5435,ens_019,monthly,1993-2016
C3S,DWD,dynamical,2026-07-01,2026-09,2,2.7492,0.6431,2.1061,ens_019,monthly,1993-2016
C3S,DWD,dynamical,2026-07-01,2026-10,3,2.9596,0.7185,2.2411,ens_019,monthly,1993-2016
C3S,DWD,dynamical,2026-07-01,2026-11,4,3.3991,0.8252,2.5739,ens_019,monthly,1993-2016
C3S,DWD,dynamical,2026-07-01,2026-12,5,3.6664,0.8662,2.8003,ens_019,monthly,1993-2016
C3S,DWD,dynamical,2026-07-01,2026-07,0,2.4398,0.3766,2.0631,ens_020,monthly,1993-2016
C3S,DWD,dynamical,2026-07-01,2026-08,1,2.5789,0.4757,2.1032,ens_020,monthly,1993-2016
C3S,DWD,dynamical,2026-07-01,2026-09,2,2.2877,0.4866,1.8011,ens_020,monthly,1993-2016
C3S,DWD,dynamical,2026-07-01,2026-10,3,2.0711,0.449,1.6221,ens_020,monthly,1993-2016
C3S,DWD,dynamical,2026-07-01,2026-11,4,2.3736,0.5467,1.8269,ens_020,monthly,1993-2016
C3S,DWD,dynamical,2026-07-01,2026-12,5,2.503,0.5706,1.9324,ens_020,monthly,1993-2016
C3S,DWD,dynamical,2026-07-01,2026-07,0,2.4464,0.3564,2.09,ens_021,monthly,1993-2016
C3S,DWD,dynamical,2026-07-01,2026-08,1,2.7212,0.4899,2.2314,ens_021,monthly,1993-2016
C3S,DWD,dynamical,2026-07-01,2026-09,2,2.4375,0.5237,1.9139,ens_021,monthly,1993-2016
C3S,DWD,dynamical,2026-07-01,2026-10,3,2.67,0.6296,2.0404,ens_021,monthly,1993-2016
C3S,DWD,dynamical,2026-07-01,2026-11,4,3.1896,0.6774,2.5122,ens_021,monthly,1993-2016
C3S,DWD,dynamical,2026-07-01,2026-12,5,3.6451,0.7584,2.8868,ens_021,monthly,1993-2016
C3S,DWD,dynamical,2026-07-01,2026-07,0,2.4075,0.355,2.0525,ens_022,monthly,1993-2016
C3S,DWD,dynamical,2026-07-01,2026-08,1,2.4821,0.4235,2.0586,ens_022,monthly,1993-2016
C3S,DWD,dynamical,2026-07-01,2026-09,2,2.3193,0.5197,1.7996,ens_022,monthly,1993-2016
C3S,DWD,dynamical,2026-07-01,2026-10,3,2.5908,0.6012,1.9896,ens_022,monthly,1993-2016
C3S,DWD,dynamical,2026-07-01,2026-11,4,2.7341,0.6033,2.1308,ens_022,monthly,1993-2016
C3S,DWD,dynamical,2026-07-01,2026-12,5,2.7701,0.6098,2.1603,ens_022,monthly,1993-2016
C3S,DWD,dynamical,2026-07-01,2026-07,0,2.4374,0.3801,2.0573,ens_023,monthly,1993-2016
C3S,DWD,dynamical,2026-07-01,2026-08,1,2.7382,0.4745,2.2637,ens_023,monthly,1993-2016
C3S,DWD,dynamical,2026-07-01,2026-09,2,2.4958,0.5563,1.9395,ens_023,monthly,1993-2016
C3S,DWD,dynamical,2026-07-01,2026-10,3,2.7007,0.6605,2.0402,ens_023,monthly,1993-2016
C3S,DWD,dynamical,2026-07-01,2026-11,4,3.1014,0.7062,2.3952,ens_023,monthly,1993-2016
C3S,DWD,dynamical,2026-07-01,2026-12,5,3.2701,0.7387,2.5314,ens_023,monthly,1993-2016
C3S,DWD,dynamical,2026-07-01,2026-07,0,2.4861,0.3733,2.1128,ens_024,monthly,1993-2016
C3S,DWD,dynamical,2026-07-01,2026-08,1,2.8309,0.4932,2.3377,ens_024,monthly,1993-2016
C3S,DWD,dynamical,2026-07-01,2026-09,2,2.4484,0.5887,1.8597,ens_024,monthly,1993-2016
C3S,DWD,dynamical,2026-07-01,2026-10,3,2.0786,0.5983,1.4803,ens_024,monthly,1993-2016
C3S,DWD,dynamical,2026-07-01,2026-11,4,2.3971,0.6122,1.7849,ens_024,monthly,1993-2016
C3S,DWD,dynamical,2026-07-01,2026-12,5,2.4834,0.6472,1.8363,ens_024,monthly,1993-2016
C3S,DWD,dynamical,2026-07-01,2026-07,0,2.4106,0.3668,2.0438,ens_025,monthly,1993-2016
C3S,DWD,dynamical,2026-07-01,2026-08,1,2.5357,0.457,2.0787,ens_025,monthly,1993-2016
C3S,DWD,dynamical,2026-07-01,2026-09,2,2.3288,0.4834,1.8454,ens_025,monthly,1993-2016
C3S,DWD,dynamical,2026-07-01,2026-10,3,2.5552,0.544,2.0112,ens_025,monthly,1993-2016
C3S,DWD,dynamical,2026-07-01,2026-11,4,2.6869,0.4915,2.1954,ens_025,monthly,1993-2016
C3S,DWD,dynamical,2026-07-01,2026-12,5,2.8878,0.449,2.4388,ens_025,monthly,1993-2016
C3S,DWD,dynamical,2026-07-01,2026-07,0,2.4156,0.3633,2.0524,ens_026,monthly,1993-2016
C3S,DWD,dynamical,2026-07-01,2026-08,1,2.3231,0.3498,1.9733,ens_026,monthly,1993-2016
C3S,DWD,dynamical,2026-07-01,2026-09,2,1.8576,0.3964,1.4613,ens_026,monthly,1993-2016
C3S,DWD,dynamical,2026-07-01,2026-10,3,1.81,0.3721,1.4379,ens_026,monthly,1993-2016
C3S,DWD,dynamical,2026-07-01,2026-11,4,2.1001,0.4342,1.6659,ens_026,monthly,1993-2016
C3S,DWD,dynamical,2026-07-01,2026-12,5,2.2618,0.5189,1.7429,ens_026,monthly,1993-2016
C3S,DWD,dynamical,2026-07-01,2026-07,0,2.4067,0.3632,2.0435,ens_027,monthly,1993-2016
C3S,DWD,dynamical,2026-07-01,2026-08,1,2.4568,0.4777,1.9792,ens_027,monthly,1993-2016
C3S,DWD,dynamical,2026-07-01,2026-09,2,2.059,0.4728,1.5863,ens_027,monthly,1993-2016
C3S,DWD,dynamical,2026-07-01,2026-10,3,2.1287,0.4395,1.6892,ens_027,monthly,1993-2016
C3S,DWD,dynamical,2026-07-01,2026-11,4,2.3594,0.4449,1.9145,ens_027,monthly,1993-2016
C3S,DWD,dynamical,2026-07-01,2026-12,5,2.8522,0.5346,2.3176,ens_027,monthly,1993-2016
C3S,DWD,dynamical,2026-07-01,2026-07,0,2.4419,0.3651,2.0768,ens_028,monthly,1993-2016
C3S,DWD,dynamical,2026-07-01,2026-08,1,2.7943,0.5188,2.2755,ens_028,monthly,1993-2016
C3S,DWD,dynamical,2026-07-01,2026-09,2,2.4134,0.5827,1.8308,ens_028,monthly,1993-2016
C3S,DWD,dynamical,2026-07-01,2026-10,3,2.4806,0.7122,1.7684,ens_028,monthly,1993-2016
C3S,DWD,dynamical,2026-07-01,2026-11,4,2.6158,0.7116,1.9042,ens_028,monthly,1993-2016
C3S,DWD,dynamical,2026-07-01,2026-12,5,2.8572,0.7919,2.0653,ens_028,monthly,1993-2016
C3S,DWD,dynamical,2026-07-01,2026-07,0,2.4448,0.3681,2.0768,ens_029,monthly,1993-2016
C3S,DWD,dynamical,2026-07-01,2026-08,1,2.6106,0.4128,2.1979,ens_029,monthly,1993-2016
C3S,DWD,dynamical,2026-07-01,2026-09,2,2.4083,0.5376,1.8707,ens_029,monthly,1993-2016
C3S,DWD,dynamical,2026-07-01,2026-10,3,2.4135,0.4831,1.9303,ens_029,monthly,1993-2016
C3S,DWD,dynamical,2026-07-01,2026-11,4,2.6882,0.5279,2.1603,ens_029,monthly,1993-2016
C3S,DWD,dynamical,2026-07-01,2026-12,5,2.996,0.5856,2.4105,ens_029,monthly,1993-2016
C3S,DWD,dynamical,2026-07-01,2026-07,0,2.4412,0.3797,2.0615,ens_030,monthly,1993-2016
C3S,DWD,dynamical,2026-07-01,2026-08,1,2.6801,0.4988,2.1813,ens_030,monthly,1993-2016
C3S,DWD,dynamical,2026-07-01,2026-09,2,2.4083,0.5523,1.856,ens_030,monthly,1993-2016
C3S,DWD,dynamical,2026-07-01,2026-10,3,2.3899,0.5228,1.867,ens_030,monthly,1993-2016
C3S,DWD,dynamical,2026-07-01,2026-11,4,2.6241,0.5933,2.0309,ens_030,monthly,1993-2016
C3S,DWD,dynamical,2026-07-01,2026-12,5,2.5939,0.6085,1.9855,ens_030,monthly,1993-2016
C3S,DWD,dynamical,2026-07-01,2026-07,0,2.4174,0.3787,2.0388,ens_031,monthly,1993-2016
C3S,DWD,dynamical,2026-07-01,2026-08,1,2.5815,0.4813,2.1002,ens_031,monthly,1993-2016
C3S,DWD,dynamical,2026-07-01,2026-09,2,2.3094,0.5398,1.7696,ens_031,monthly,1993-2016
C3S,DWD,dynamical,2026-07-01,2026-10,3,2.1971,0.5911,1.606,ens_031,monthly,1993-2016
C3S,DWD,dynamical,2026-07-01,2026-11,4,2.5649,0.6456,1.9193,ens_031,monthly,1993-2016
C3S,DWD,dynamical,2026-07-01,2026-12,5,2.7944,0.7017,2.0928,ens_031,monthly,1993-2016
C3S,DWD,dynamical,2026-07-01,2026-07,0,2.4664,0.3907,2.0757,ens_032,monthly,1993-2016
C3S,DWD,dynamical,2026-07-01,2026-08,1,2.8972,0.5213,2.3759,ens_032,monthly,1993-2016
C3S,DWD,dynamical,2026-07-01,2026-09,2,2.5473,0.6908,1.8564,ens_032,monthly,1993-2016
C3S,DWD,dynamical,2026-07-01,2026-10,3,2.6101,0.7109,1.8993,ens_032,monthly,1993-2016
C3S,DWD,dynamical,2026-07-01,2026-11,4,2.8017,0.7427,2.0589,ens_032,monthly,1993-2016
C3S,DWD,dynamical,2026-07-01,2026-12,5,2.8624,0.759,2.1034,ens_032,monthly,1993-2016
C3S,DWD,dynamical,2026-07-01,2026-07,0,2.4227,0.3659,2.0568,ens_033,monthly,1993-2016
C3S,DWD,dynamical,2026-07-01,2026-08,1,2.5922,0.4896,2.1026,ens_033,monthly,1993-2016
C3S,DWD,dynamical,2026-07-01,2026-09,2,2.5574,0.6019,1.9555,ens_033,monthly,1993-2016
C3S,DWD,dynamical,2026-07-01,2026-10,3,2.5997,0.6553,1.9444,ens_033,monthly,1993-2016
C3S,DWD,dynamical,2026-07-01,2026-11,4,2.9303,0.6433,2.2869,ens_033,monthly,1993-2016
C3S,DWD,dynamical,2026-07-01,2026-12,5,3.2532,0.7457,2.5075,ens_033,monthly,1993-2016
C3S,DWD,dynamical,2026-07-01,2026-07,0,2.4635,0.3711,2.0924,ens_034,monthly,1993-2016
C3S,DWD,dynamical,2026-07-01,2026-08,1,2.6285,0.5028,2.1256,ens_034,monthly,1993-2016
C3S,DWD,dynamical,2026-07-01,2026-09,2,2.3846,0.5689,1.8157,ens_034,monthly,1993-2016
C3S,DWD,dynamical,2026-07-01,2026-10,3,2.5746,0.6283,1.9462,ens_034,monthly,1993-2016
C3S,DWD,dynamical,2026-07-01,2026-11,4,2.9647,0.6794,2.2853,ens_034,monthly,1993-2016
C3S,DWD,dynamical,2026-07-01,2026-12,5,3.0996,0.671,2.4286,ens_034,monthly,1993-2016
C3S,DWD,dynamical,2026-07-01,2026-07,0,2.3901,0.39,2.0001,ens_035,monthly,1993-2016
C3S,DWD,dynamical,2026-07-01,2026-08,1,2.5633,0.4493,2.114,ens_035,monthly,1993-2016
C3S,DWD,dynamical,2026-07-01,2026-09,2,2.2852,0.5077,1.7775,ens_035,monthly,1993-2016
C3S,DWD,dynamical,2026-07-01,2026-10,3,2.5423,0.5302,2.012,ens_035,monthly,1993-2016
C3S,DWD,dynamical,2026-07-01,2026-11,4,3.0941,0.6525,2.4416,ens_035,monthly,1993-2016
C3S,DWD,dynamical,2026-07-01,2026-12,5,3.402,0.6248,2.7773,ens_035,monthly,1993-2016
C3S,DWD,dynamical,2026-07-01,2026-07,0,2.4345,0.3649,2.0697,ens_036,monthly,1993-2016
C3S,DWD,dynamical,2026-07-01,2026-08,1,2.6951,0.4491,2.246,ens_036,monthly,1993-2016
C3S,DWD,dynamical,2026-07-01,2026-09,2,2.3292,0.5227,1.8066,ens_036,monthly,1993-2016
C3S,DWD,dynamical,2026-07-01,2026-10,3,2.7313,0.6447,2.0866,ens_036,monthly,1993-2016
C3S,DWD,dynamical,2026-07-01,2026-11,4,3.1457,0.7715,2.3741,ens_036,monthly,1993-2016
C3S,DWD,dynamical,2026-07-01,2026-12,5,3.4312,0.8102,2.6209,ens_036,monthly,1993-2016
C3S,DWD,dynamical,2026-07-01,2026-07,0,2.4502,0.3618,2.0884,ens_037,monthly,1993-2016
C3S,DWD,dynamical,2026-07-01,2026-08,1,2.5895,0.4145,2.1751,ens_037,monthly,1993-2016
C3S,DWD,dynamical,2026-07-01,2026-09,2,2.1519,0.4829,1.6691,ens_037,monthly,1993-2016
C3S,DWD,dynamical,2026-07-01,2026-10,3,2.1471,0.4747,1.6724,ens_037,monthly,1993-2016
C3S,DWD,dynamical,2026-07-01,2026-11,4,2.4617,0.4647,1.997,ens_037,monthly,1993-2016
C3S,DWD,dynamical,2026-07-01,2026-12,5,2.4778,0.5284,1.9494,ens_037,monthly,1993-2016
C3S,DWD,dynamical,2026-07-01,2026-07,0,2.4254,0.3637,2.0616,ens_038,monthly,1993-2016
C3S,DWD,dynamical,2026-07-01,2026-08,1,2.7194,0.4129,2.3065,ens_038,monthly,1993-2016
C3S,DWD,dynamical,2026-07-01,2026-09,2,2.5192,0.5141,2.0051,ens_038,monthly,1993-2016
C3S,DWD,dynamical,2026-07-01,2026-10,3,2.6188,0.5859,2.0329,ens_038,monthly,1993-2016
C3S,DWD,dynamical,2026-07-01,2026-11,4,3.1454,0.6162,2.5293,ens_038,monthly,1993-2016
C3S,DWD,dynamical,2026-07-01,2026-12,5,3.5285,0.6252,2.9033,ens_038,monthly,1993-2016
C3S,DWD,dynamical,2026-07-01,2026-07,0,2.4956,0.3693,2.1263,ens_039,monthly,1993-2016
C3S,DWD,dynamical,2026-07-01,2026-08,1,2.8464,0.4478,2.3985,ens_039,monthly,1993-2016
C3S,DWD,dynamical,2026-07-01,2026-09,2,2.56,0.5029,2.0572,ens_039,monthly,1993-2016
C3S,DWD,dynamical,2026-07-01,2026-10,3,2.576,0.5741,2.0019,ens_039,monthly,1993-2016
C3S,DWD,dynamical,2026-07-01,2026-11,4,2.7192,0.633,2.0863,ens_039,monthly,1993-2016
C3S,DWD,dynamical,2026-07-01,2026-12,5,3.2217,0.8088,2.4128,ens_039,monthly,1993-2016
C3S,DWD,dynamical,2026-07-01,2026-07,0,2.439,0.3653,2.0736,ens_040,monthly,1993-2016
C3S,DWD,dynamical,2026-07-01,2026-08,1,2.6965,0.4489,2.2475,ens_040,monthly,1993-2016
C3S,DWD,dynamical,2026-07-01,2026-09,2,2.77,0.5821,2.1879,ens_040,monthly,1993-2016
C3S,DWD,dynamical,2026-07-01,2026-10,3,3.0931,0.7491,2.344,ens_040,monthly,1993-2016
C3S,DWD,dynamical,2026-07-01,2026-11,4,3.4011,0.7916,2.6094,ens_040,monthly,1993-2016
C3S,DWD,dynamical,2026-07-01,2026-12,5,3.4885,0.8108,2.6777,ens_040,monthly,1993-2016
C3S,DWD,dynamical,2026-07-01,2026-07,0,2.4544,0.3431,2.1113,ens_041,monthly,1993-2016
C3S,DWD,dynamical,2026-07-01,2026-08,1,2.4473,0.3142,2.1331,ens_041,monthly,1993-2016
C3S,DWD,dynamical,2026-07-01,2026-09,2,1.8981,0.3389,1.5593,ens_041,monthly,1993-2016
C3S,DWD,dynamical,2026-07-01,2026-10,3,1.93,0.4157,1.5143,ens_041,monthly,1993-2016
C3S,DWD,dynamical,2026-07-01,2026-11,4,2.3905,0.4407,1.9498,ens_041,monthly,1993-2016
C3S,DWD,dynamical,2026-07-01,2026-12,5,2.5217,0.4444,2.0773,ens_041,monthly,1993-2016
C3S,DWD,dynamical,2026-07-01,2026-07,0,2.4294,0.3672,2.0622,ens_042,monthly,1993-2016
C3S,DWD,dynamical,2026-07-01,2026-08,1,2.5905,0.4364,2.1541,ens_042,monthly,1993-2016
C3S,DWD,dynamical,2026-07-01,2026-09,2,2.5084,0.4934,2.0149,ens_042,monthly,1993-2016
C3S,DWD,dynamical,2026-07-01,2026-10,3,2.7729,0.6677,2.1052,ens_042,monthly,1993-2016
C3S,DWD,dynamical,2026-07-01,2026-11,4,2.8564,0.7062,2.1502,ens_042,monthly,1993-2016
C3S,DWD,dynamical,2026-07-01,2026-12,5,3.1149,0.7509,2.364,ens_042,monthly,1993-2016
C3S,DWD,dynamical,2026-07-01,2026-07,0,2.468,0.3788,2.0892,ens_043,monthly,1993-2016
C3S,DWD,dynamical,2026-07-01,2026-08,1,2.8321,0.4173,2.4148,ens_043,monthly,1993-2016
C3S,DWD,dynamical,2026-07-01,2026-09,2,2.6262,0.5228,2.1034,ens_043,monthly,1993-2016
C3S,DWD,dynamical,2026-07-01,2026-10,3,2.6395,0.6191,2.0204,ens_043,monthly,1993-2016
C3S,DWD,dynamical,2026-07-01,2026-11,4,2.8783,0.6513,2.227,ens_043,monthly,1993-2016
C3S,DWD,dynamical,2026-07-01,2026-12,5,3.3109,0.6611,2.6498,ens_043,monthly,1993-2016
C3S,DWD,dynamical,2026-07-01,2026-07,0,2.4709,0.3866,2.0843,ens_044,monthly,1993-2016
C3S,DWD,dynamical,2026-07-01,2026-08,1,2.5354,0.4573,2.0781,ens_044,monthly,1993-2016
C3S,DWD,dynamical,2026-07-01,2026-09,2,2.1786,0.4811,1.6975,ens_044,monthly,1993-2016
C3S,DWD,dynamical,2026-07-01,2026-10,3,2.1249,0.5322,1.5927,ens_044,monthly,1993-2016
C3S,DWD,dynamical,2026-07-01,2026-11,4,2.2292,0.5436,1.6856,ens_044,monthly,1993-2016
C3S,DWD,dynamical,2026-07-01,2026-12,5,2.6215,0.614,2.0075,ens_044,monthly,1993-2016
C3S,DWD,dynamical,2026-07-01,2026-07,0,2.4345,0.4079,2.0266,ens_045,monthly,1993-2016
C3S,DWD,dynamical,2026-07-01,2026-08,1,2.7738,0.4897,2.284,ens_045,monthly,1993-2016
C3S,DWD,dynamical,2026-07-01,2026-09,2,2.6074,0.5644,2.043,ens_045,monthly,1993-2016
C3S,DWD,dynamical,2026-07-01,2026-10,3,2.4955,0.5788,1.9167,ens_045,monthly,1993-2016
C3S,DWD,dynamical,2026-07-01,2026-11,4,2.7637,0.6642,2.0995,ens_045,monthly,1993-2016
C3S,DWD,dynamical,2026-07-01,2026-12,5,2.7508,0.7314,2.0194,ens_045,monthly,1993-2016
C3S,DWD,dynamical,2026-07-01,2026-07,0,2.4422,0.3771,2.0651,ens_046,monthly,1993-2016
C3S,DWD,dynamical,2026-07-01,2026-08,1,2.7794,0.4421,2.3373,ens_046,monthly,1993-2016
C3S,DWD,dynamical,2026-07-01,2026-09,2,2.5848,0.5838,2.001,ens_046,monthly,1993-2016
C3S,DWD,dynamical,2026-07-01,2026-10,3,2.9029,0.6192,2.2837,ens_046,monthly,1993-2016
C3S,DWD,dynamical,2026-07-01,2026-11,4,3.2745,0.6696,2.6049,ens_046,monthly,1993-2016
C3S,DWD,dynamical,2026-07-01,2026-12,5,3.7699,0.7276,3.0423,ens_046,monthly,1993-2016
C3S,DWD,dynamical,2026-07-01,2026-07,0,2.4095,0.3699,2.0397,ens_047,monthly,1993-2016
C3S,DWD,dynamical,2026-07-01,2026-08,1,2.4082,0.4435,1.9648,ens_047,monthly,1993-2016
C3S,DWD,dynamical,2026-07-01,2026-09,2,2.1905,0.5433,1.6472,ens_047,monthly,1993-2016
C3S,DWD,dynamical,2026-07-01,2026-10,3,2.1695,0.6228,1.5467,ens_047,monthly,1993-2016
C3S,DWD,dynamical,2026-07-01,2026-11,4,2.4419,0.63,1.8119,ens_047,monthly,1993-2016
C3S,DWD,dynamical,2026-07-01,2026-12,5,2.732,0.725,2.007,ens_047,monthly,1993-2016
C3S,DWD,dynamical,2026-07-01,2026-07,0,2.3808,0.3639,2.017,ens_048,monthly,1993-2016
C3S,DWD,dynamical,2026-07-01,2026-08,1,2.5166,0.4686,2.048,ens_048,monthly,1993-2016
C3S,DWD,dynamical,2026-07-01,2026-09,2,2.2151,0.5092,1.706,ens_048,monthly,1993-2016
C3S,DWD,dynamical,2026-07-01,2026-10,3,2.344,0.6573,1.6867,ens_048,monthly,1993-2016
C3S,DWD,dynamical,2026-07-01,2026-11,4,2.5908,0.6334,1.9573,ens_048,monthly,1993-2016
C3S,DWD,dynamical,2026-07-01,2026-12,5,3.0378,0.6918,2.346,ens_048,monthly,1993-2016
C3S,DWD,dynamical,2026-07-01,2026-07,0,2.4248,0.3695,2.0553,ens_049,monthly,1993-2016
C3S,DWD,dynamical,2026-07-01,2026-08,1,2.6377,0.4264,2.2113,ens_049,monthly,1993-2016
C3S,DWD,dynamical,2026-07-01,2026-09,2,2.459,0.5547,1.9043,ens_049,monthly,1993-2016
C3S,DWD,dynamical,2026-07-01,2026-10,3,2.5119,0.5732,1.9387,ens_049,monthly,1993-2016
C3S,DWD,dynamical,2026-07-01,2026-11,4,2.4994,0.5806,1.9188,ens_049,monthly,1993-2016
C3S,DWD,dynamical,2026-07-01,2026-12,5,3.0895,0.6951,2.3944,ens_049,monthly,1993-2016
C3S,DWD,dynamical,2026-07-01,2026-07,0,2.4414,0.3715,2.0699,mean,monthly,1993-2016
C3S,DWD,dynamical,2026-07-01,2026-08,1,2.6582,0.4574,2.2008,mean,monthly,1993-2016
C3S,DWD,dynamical,2026-07-01,2026-09,2,2.3939,0.5331,1.8608,mean,monthly,1993-2016
C3S,DWD,dynamical,2026-07-01,2026-10,3,2.4805,0.5898,1.8907,mean,monthly,1993-2016
C3S,DWD,dynamical,2026-07-01,2026-11,4,2.8123,0.6375,2.1749,mean,monthly,1993-2016
C3S,DWD,dynamical,2026-07-01,2026-12,5,3.0315,0.6721,2.3594,mean,monthly,1993-2016
C3S,CMCC,dynamical,2026-07-01,2026-07,0,2.283,0.7298,1.5532,ens_000,monthly,1993-2016
C3S,CMCC,dynamical,2026-07-01,2026-08,1,2.8061,0.9145,1.8916,ens_000,monthly,1993-2016
C3S,CMCC,dynamical,2026-07-01,2026-09,2,3.4724,1.092,2.3804,ens_000,monthly,1993-2016
C3S,CMCC,dynamical,2026-07-01,2026-10,3,4.4784,1.2822,3.1963,ens_000,monthly,1993-2016
C3S,CMCC,dynamical,2026-07-01,2026-11,4,5.1911,1.4021,3.7891,ens_000,monthly,1993-2016
C3S,CMCC,dynamical,2026-07-01,2026-12,5,5.7254,1.696,4.0293,ens_000,monthly,1993-2016
C3S,CMCC,dynamical,2026-07-01,2026-07,0,2.2226,0.7468,1.4758,ens_001,monthly,1993-2016
C3S,CMCC,dynamical,2026-07-01,2026-08,1,2.7268,0.8633,1.8636,ens_001,monthly,1993-2016
C3S,CMCC,dynamical,2026-07-01,2026-09,2,3.2714,0.9528,2.3185,ens_001,monthly,1993-2016
C3S,CMCC,dynamical,2026-07-01,2026-10,3,4.026,1.113,2.913,ens_001,monthly,1993-2016
C3S,CMCC,dynamical,2026-07-01,2026-11,4,4.9085,1.3759,3.5326,ens_001,monthly,1993-2016
C3S,CMCC,dynamical,2026-07-01,2026-12,5,5.6069,1.5811,4.0258,ens_001,monthly,1993-2016
C3S,CMCC,dynamical,2026-07-01,2026-07,0,2.2876,0.771,1.5166,ens_002,monthly,1993-2016
C3S,CMCC,dynamical,2026-07-01,2026-08,1,2.9344,0.8696,2.0648,ens_002,monthly,1993-2016
C3S,CMCC,dynamical,2026-07-01,2026-09,2,3.4464,0.9063,2.5402,ens_002,monthly,1993-2016
C3S,CMCC,dynamical,2026-07-01,2026-10,3,4.2027,1.2135,2.9892,ens_002,monthly,1993-2016
C3S,CMCC,dynamical,2026-07-01,2026-11,4,4.9627,1.4481,3.5145,ens_002,monthly,1993-2016
C3S,CMCC,dynamical,2026-07-01,2026-12,5,5.4504,1.6317,3.8187,ens_002,monthly,1993-2016
C3S,CMCC,dynamical,2026-07-01,2026-07,0,2.203,0.7598,1.4433,ens_003,monthly,1993-2016
C3S,CMCC,dynamical,2026-07-01,2026-08,1,2.5499,0.8276,1.7223,ens_003,monthly,1993-2016
C3S,CMCC,dynamical,2026-07-01,2026-09,2,2.9193,0.9569,1.9624,ens_003,monthly,1993-2016
C3S,CMCC,dynamical,2026-07-01,2026-10,3,3.4601,1.0169,2.4431,ens_003,monthly,1993-2016
C3S,CMCC,dynamical,2026-07-01,2026-11,4,3.8757,1.1861,2.6896,ens_003,monthly,1993-2016
C3S,CMCC,dynamical,2026-07-01,2026-12,5,4.4631,1.3155,3.1476,ens_003,monthly,1993-2016
C3S,CMCC,dynamical,2026-07-01,2026-07,0,2.2442,0.7731,1.4711,ens_004,monthly,1993-2016
C3S,CMCC,dynamical,2026-07-01,2026-08,1,2.7928,0.8378,1.955,ens_004,monthly,1993-2016
C3S,CMCC,dynamical,2026-07-01,2026-09,2,3.3511,0.9532,2.3979,ens_004,monthly,1993-2016
C3S,CMCC,dynamical,2026-07-01,2026-10,3,4.153,1.1592,2.9938,ens_004,monthly,1993-2016
C3S,CMCC,dynamical,2026-07-01,2026-11,4,4.8945,1.3274,3.5671,ens_004,monthly,1993-2016
C3S,CMCC,dynamical,2026-07-01,2026-12,5,5.4352,1.5736,3.8616,ens_004,monthly,1993-2016
C3S,CMCC,dynamical,2026-07-01,2026-07,0,2.2697,0.7869,1.4828,ens_005,monthly,1993-2016
C3S,CMCC,dynamical,2026-07-01,2026-08,1,2.7349,0.8814,1.8534,ens_005,monthly,1993-2016
C3S,CMCC,dynamical,2026-07-01,2026-09,2,3.3523,1.067,2.2852,ens_005,monthly,1993-2016
C3S,CMCC,dynamical,2026-07-01,2026-10,3,4.286,1.1887,3.0973,ens_005,monthly,1993-2016
C3S,CMCC,dynamical,2026-07-01,2026-11,4,4.8541,1.4007,3.4534,ens_005,monthly,1993-2016
C3S,CMCC,dynamical,2026-07-01,2026-12,5,5.1884,1.6555,3.5329,ens_005,monthly,1993-2016
C3S,CMCC,dynamical,2026-07-01,2026-07,0,2.2654,0.7936,1.4717,ens_006,monthly,1993-2016
C3S,CMCC,dynamical,2026-07-01,2026-08,1,2.7575,0.8369,1.9206,ens_006,monthly,1993-2016
C3S,CMCC,dynamical,2026-07-01,2026-09,2,3.3008,1.0039,2.297,ens_006,monthly,1993-2016
C3S,CMCC,dynamical,2026-07-01,2026-10,3,4.0575,1.1244,2.9331,ens_006,monthly,1993-2016
C3S,CMCC,dynamical,2026-07-01,2026-11,4,4.6521,1.2839,3.3682,ens_006,monthly,1993-2016
C3S,CMCC,dynamical,2026-07-01,2026-12,5,5.1025,1.44,3.6625,ens_006,monthly,1993-2016
C3S,CMCC,dynamical,2026-07-01,2026-07,0,2.2552,0.7841,1.4711,ens_007,monthly,1993-2016
C3S,CMCC,dynamical,2026-07-01,2026-08,1,2.7886,0.9437,1.845,ens_007,monthly,1993-2016
C3S,CMCC,dynamical,2026-07-01,2026-09,2,3.0289,0.9783,2.0506,ens_007,monthly,1993-2016
C3S,CMCC,dynamical,2026-07-01,2026-10,3,3.4945,1.2269,2.2676,ens_007,monthly,1993-2016
C3S,CMCC,dynamical,2026-07-01,2026-11,4,4.1511,1.4471,2.704,ens_007,monthly,1993-2016
C3S,CMCC,dynamical,2026-07-01,2026-12,5,4.7115,1.6066,3.1049,ens_007,monthly,1993-2016
C3S,CMCC,dynamical,2026-07-01,2026-07,0,2.3148,0.7849,1.5299,ens_008,monthly,1993-2016
C3S,CMCC,dynamical,2026-07-01,2026-08,1,2.885,0.8767,2.0083,ens_008,monthly,1993-2016
C3S,CMCC,dynamical,2026-07-01,2026-09,2,3.4386,0.9731,2.4655,ens_008,monthly,1993-2016
C3S,CMCC,dynamical,2026-07-01,2026-10,3,4.3338,1.3068,3.027,ens_008,monthly,1993-2016
C3S,CMCC,dynamical,2026-07-01,2026-11,4,4.8452,1.5095,3.3358,ens_008,monthly,1993-2016
C3S,CMCC,dynamical,2026-07-01,2026-12,5,5.5263,1.6398,3.8865,ens_008,monthly,1993-2016
C3S,CMCC,dynamical,2026-07-01,2026-07,0,2.2634,0.7413,1.522,ens_009,monthly,1993-2016
C3S,CMCC,dynamical,2026-07-01,2026-08,1,2.7953,0.787,2.0084,ens_009,monthly,1993-2016
C3S,CMCC,dynamical,2026-07-01,2026-09,2,3.2284,0.8996,2.3288,ens_009,monthly,1993-2016
C3S,CMCC,dynamical,2026-07-01,2026-10,3,3.8768,1.0412,2.8356,ens_009,monthly,1993-2016
C3S,CMCC,dynamical,2026-07-01,2026-11,4,4.6449,1.3251,3.3198,ens_009,monthly,1993-2016
C3S,CMCC,dynamical,2026-07-01,2026-12,5,5.113,1.5954,3.5176,ens_009,monthly,1993-2016
C3S,CMCC,dynamical,2026-07-01,2026-07,0,2.2831,0.7598,1.5233,ens_010,monthly,1993-2016
C3S,CMCC,dynamical,2026-07-01,2026-08,1,2.8846,0.9119,1.9727,ens_010,monthly,1993-2016
C3S,CMCC,dynamical,2026-07-01,2026-09,2,3.4495,0.9682,2.4813,ens_010,monthly,1993-2016
C3S,CMCC,dynamical,2026-07-01,2026-10,3,4.2846,1.1543,3.1303,ens_010,monthly,1993-2016
C3S,CMCC,dynamical,2026-07-01,2026-11,4,4.9153,1.4418,3.4734,ens_010,monthly,1993-2016
C3S,CMCC,dynamical,2026-07-01,2026-12,5,5.4868,1.7135,3.7733,ens_010,monthly,1993-2016
C3S,CMCC,dynamical,2026-07-01,2026-07,0,2.3141,0.7741,1.5401,ens_011,monthly,1993-2016
C3S,CMCC,dynamical,2026-07-01,2026-08,1,2.9042,0.8985,2.0057,ens_011,monthly,1993-2016
C3S,CMCC,dynamical,2026-07-01,2026-09,2,3.4371,0.9681,2.469,ens_011,monthly,1993-2016
C3S,CMCC,dynamical,2026-07-01,2026-10,3,4.0962,1.1138,2.9824,ens_011,monthly,1993-2016
C3S,CMCC,dynamical,2026-07-01,2026-11,4,4.9234,1.4056,3.5179,ens_011,monthly,1993-2016
C3S,CMCC,dynamical,2026-07-01,2026-12,5,5.2766,1.5991,3.6775,ens_011,monthly,1993-2016
C3S,CMCC,dynamical,2026-07-01,2026-07,0,2.2554,0.7237,1.5317,ens_012,monthly,1993-2016
C3S,CMCC,dynamical,2026-07-01,2026-08,1,2.7081,0.8312,1.8769,ens_012,monthly,1993-2016
C3S,CMCC,dynamical,2026-07-01,2026-09,2,3.1207,0.872,2.2487,ens_012,monthly,1993-2016
C3S,CMCC,dynamical,2026-07-01,2026-10,3,3.8489,1.0381,2.8108,ens_012,monthly,1993-2016
C3S,CMCC,dynamical,2026-07-01,2026-11,4,4.5546,1.2919,3.2627,ens_012,monthly,1993-2016
C3S,CMCC,dynamical,2026-07-01,2026-12,5,5.0659,1.5173,3.5486,ens_012,monthly,1993-2016
C3S,CMCC,dynamical,2026-07-01,2026-07,0,2.2775,0.7684,1.5091,ens_013,monthly,1993-2016
C3S,CMCC,dynamical,2026-07-01,2026-08,1,2.8258,0.836,1.9898,ens_013,monthly,1993-2016
C3S,CMCC,dynamical,2026-07-01,2026-09,2,3.2674,1.0753,2.192,ens_013,monthly,1993-2016
C3S,CMCC,dynamical,2026-07-01,2026-10,3,3.9679,1.187,2.7809,ens_013,monthly,1993-2016
C3S,CMCC,dynamical,2026-07-01,2026-11,4,4.7202,1.339,3.3812,ens_013,monthly,1993-2016
C3S,CMCC,dynamical,2026-07-01,2026-12,5,5.1592,1.5777,3.5815,ens_013,monthly,1993-2016
C3S,CMCC,dynamical,2026-07-01,2026-07,0,2.2739,0.7426,1.5313,ens_014,monthly,1993-2016
C3S,CMCC,dynamical,2026-07-01,2026-08,1,2.842,0.7938,2.0483,ens_014,monthly,1993-2016
C3S,CMCC,dynamical,2026-07-01,2026-09,2,3.2268,0.8693,2.3575,ens_014,monthly,1993-2016
C3S,CMCC,dynamical,2026-07-01,2026-10,3,4.1582,1.1017,3.0565,ens_014,monthly,1993-2016
C3S,CMCC,dynamical,2026-07-01,2026-11,4,5.0234,1.2911,3.7322,ens_014,monthly,1993-2016
C3S,CMCC,dynamical,2026-07-01,2026-12,5,5.3589,1.4731,3.8859,ens_014,monthly,1993-2016
C3S,CMCC,dynamical,2026-07-01,2026-07,0,2.3094,0.8007,1.5087,ens_015,monthly,1993-2016
C3S,CMCC,dynamical,2026-07-01,2026-08,1,2.8386,0.8489,1.9898,ens_015,monthly,1993-2016
C3S,CMCC,dynamical,2026-07-01,2026-09,2,3.2445,0.9225,2.322,ens_015,monthly,1993-2016
C3S,CMCC,dynamical,2026-07-01,2026-10,3,3.8226,1.1208,2.7017,ens_015,monthly,1993-2016
C3S,CMCC,dynamical,2026-07-01,2026-11,4,4.5013,1.2281,3.2732,ens_015,monthly,1993-2016
C3S,CMCC,dynamical,2026-07-01,2026-12,5,4.8959,1.4503,3.4456,ens_015,monthly,1993-2016
C3S,CMCC,dynamical,2026-07-01,2026-07,0,2.2421,0.7683,1.4738,ens_016,monthly,1993-2016
C3S,CMCC,dynamical,2026-07-01,2026-08,1,2.7943,0.8607,1.9337,ens_016,monthly,1993-2016
C3S,CMCC,dynamical,2026-07-01,2026-09,2,3.6185,1.0065,2.612,ens_016,monthly,1993-2016
C3S,CMCC,dynamical,2026-07-01,2026-10,3,4.5442,1.2367,3.3075,ens_016,monthly,1993-2016
C3S,CMCC,dynamical,2026-07-01,2026-11,4,4.9385,1.4282,3.5104,ens_016,monthly,1993-2016
C3S,CMCC,dynamical,2026-07-01,2026-12,5,5.3433,1.7233,3.62,ens_016,monthly,1993-2016
C3S,CMCC,dynamical,2026-07-01,2026-07,0,2.2908,0.7436,1.5472,ens_017,monthly,1993-2016
C3S,CMCC,dynamical,2026-07-01,2026-08,1,2.7799,0.8717,1.9082,ens_017,monthly,1993-2016
C3S,CMCC,dynamical,2026-07-01,2026-09,2,3.3374,0.9549,2.3826,ens_017,monthly,1993-2016
C3S,CMCC,dynamical,2026-07-01,2026-10,3,3.8175,1.1318,2.6857,ens_017,monthly,1993-2016
C3S,CMCC,dynamical,2026-07-01,2026-11,4,4.5508,1.305,3.2457,ens_017,monthly,1993-2016
C3S,CMCC,dynamical,2026-07-01,2026-12,5,5.18,1.6933,3.4867,ens_017,monthly,1993-2016
C3S,CMCC,dynamical,2026-07-01,2026-07,0,2.3024,0.7722,1.5302,ens_018,monthly,1993-2016
C3S,CMCC,dynamical,2026-07-01,2026-08,1,2.9296,0.8672,2.0624,ens_018,monthly,1993-2016
C3S,CMCC,dynamical,2026-07-01,2026-09,2,3.3536,0.9608,2.3927,ens_018,monthly,1993-2016
C3S,CMCC,dynamical,2026-07-01,2026-10,3,4.2154,1.2144,3.001,ens_018,monthly,1993-2016
C3S,CMCC,dynamical,2026-07-01,2026-11,4,5.1754,1.3356,3.8398,ens_018,monthly,1993-2016
C3S,CMCC,dynamical,2026-07-01,2026-12,5,5.5036,1.4697,4.0339,ens_018,monthly,1993-2016
C3S,CMCC,dynamical,2026-07-01,2026-07,0,2.2915,0.7629,1.5286,ens_019,monthly,1993-2016
C3S,CMCC,dynamical,2026-07-01,2026-08,1,2.7965,0.8478,1.9487,ens_019,monthly,1993-2016
C3S,CMCC,dynamical,2026-07-01,2026-09,2,3.3379,0.9971,2.3408,ens_019,monthly,1993-2016
C3S,CMCC,dynamical,2026-07-01,2026-10,3,3.973,1.1755,2.7974,ens_019,monthly,1993-2016
C3S,CMCC,dynamical,2026-07-01,2026-11,4,4.7053,1.313,3.3924,ens_019,monthly,1993-2016
C3S,CMCC,dynamical,2026-07-01,2026-12,5,5.1269,1.5948,3.5321,ens_019,monthly,1993-2016
C3S,CMCC,dynamical,2026-07-01,2026-07,0,2.2775,0.7624,1.5151,ens_020,monthly,1993-2016
C3S,CMCC,dynamical,2026-07-01,2026-08,1,2.6937,0.8519,1.8418,ens_020,monthly,1993-2016
C3S,CMCC,dynamical,2026-07-01,2026-09,2,3.1601,0.9819,2.1782,ens_020,monthly,1993-2016
C3S,CMCC,dynamical,2026-07-01,2026-10,3,3.8469,1.1112,2.7357,ens_020,monthly,1993-2016
C3S,CMCC,dynamical,2026-07-01,2026-11,4,4.6229,1.344,3.2788,ens_020,monthly,1993-2016
C3S,CMCC,dynamical,2026-07-01,2026-12,5,5.1427,1.4826,3.6601,ens_020,monthly,1993-2016
C3S,CMCC,dynamical,2026-07-01,2026-07,0,2.2545,0.7586,1.4959,ens_021,monthly,1993-2016
C3S,CMCC,dynamical,2026-07-01,2026-08,1,2.7012,0.8797,1.8214,ens_021,monthly,1993-2016
C3S,CMCC,dynamical,2026-07-01,2026-09,2,3.1724,0.9856,2.1868,ens_021,monthly,1993-2016
C3S,CMCC,dynamical,2026-07-01,2026-10,3,3.7952,1.1825,2.6127,ens_021,monthly,1993-2016
C3S,CMCC,dynamical,2026-07-01,2026-11,4,4.5163,1.3457,3.1706,ens_021,monthly,1993-2016
C3S,CMCC,dynamical,2026-07-01,2026-12,5,4.9134,1.4889,3.4245,ens_021,monthly,1993-2016
C3S,CMCC,dynamical,2026-07-01,2026-07,0,2.2394,0.7748,1.4646,ens_022,monthly,1993-2016
C3S,CMCC,dynamical,2026-07-01,2026-08,1,2.8006,0.9118,1.8888,ens_022,monthly,1993-2016
C3S,CMCC,dynamical,2026-07-01,2026-09,2,3.4645,1.0836,2.3809,ens_022,monthly,1993-2016
C3S,CMCC,dynamical,2026-07-01,2026-10,3,4.3418,1.3016,3.0402,ens_022,monthly,1993-2016
C3S,CMCC,dynamical,2026-07-01,2026-11,4,4.9627,1.4425,3.5202,ens_022,monthly,1993-2016
C3S,CMCC,dynamical,2026-07-01,2026-12,5,5.4818,1.7018,3.78,ens_022,monthly,1993-2016
C3S,CMCC,dynamical,2026-07-01,2026-07,0,2.2985,0.7576,1.5409,ens_023,monthly,1993-2016
C3S,CMCC,dynamical,2026-07-01,2026-08,1,2.7902,0.813,1.9772,ens_023,monthly,1993-2016
C3S,CMCC,dynamical,2026-07-01,2026-09,2,3.2278,0.9786,2.2491,ens_023,monthly,1993-2016
C3S,CMCC,dynamical,2026-07-01,2026-10,3,3.8945,1.2195,2.675,ens_023,monthly,1993-2016
C3S,CMCC,dynamical,2026-07-01,2026-11,4,4.6305,1.4839,3.1466,ens_023,monthly,1993-2016
C3S,CMCC,dynamical,2026-07-01,2026-12,5,5.2186,1.6516,3.5669,ens_023,monthly,1993-2016
C3S,CMCC,dynamical,2026-07-01,2026-07,0,2.2605,0.7357,1.5248,ens_024,monthly,1993-2016
C3S,CMCC,dynamical,2026-07-01,2026-08,1,2.8254,0.7835,2.0419,ens_024,monthly,1993-2016
C3S,CMCC,dynamical,2026-07-01,2026-09,2,3.3703,0.958,2.4122,ens_024,monthly,1993-2016
C3S,CMCC,dynamical,2026-07-01,2026-10,3,4.1195,1.1697,2.9497,ens_024,monthly,1993-2016
C3S,CMCC,dynamical,2026-07-01,2026-11,4,4.8591,1.3404,3.5187,ens_024,monthly,1993-2016
C3S,CMCC,dynamical,2026-07-01,2026-12,5,5.3023,1.5159,3.7863,ens_024,monthly,1993-2016
C3S,CMCC,dynamical,2026-07-01,2026-07,0,2.2789,0.7585,1.5204,ens_025,monthly,1993-2016
C3S,CMCC,dynamical,2026-07-01,2026-08,1,2.8282,0.8413,1.9869,ens_025,monthly,1993-2016
C3S,CMCC,dynamical,2026-07-01,2026-09,2,3.5216,1.0325,2.4892,ens_025,monthly,1993-2016
C3S,CMCC,dynamical,2026-07-01,2026-10,3,4.1994,1.1962,3.0032,ens_025,monthly,1993-2016
C3S,CMCC,dynamical,2026-07-01,2026-11,4,5.0203,1.3596,3.6607,ens_025,monthly,1993-2016
C3S,CMCC,dynamical,2026-07-01,2026-12,5,5.6336,1.6125,4.0211,ens_025,monthly,1993-2016
C3S,CMCC,dynamical,2026-07-01,2026-07,0,2.2666,0.7612,1.5054,ens_026,monthly,1993-2016
C3S,CMCC,dynamical,2026-07-01,2026-08,1,2.8023,0.8204,1.982,ens_026,monthly,1993-2016
C3S,CMCC,dynamical,2026-07-01,2026-09,2,3.426,0.8981,2.5279,ens_026,monthly,1993-2016
C3S,CMCC,dynamical,2026-07-01,2026-10,3,4.3618,1.1702,3.1916,ens_026,monthly,1993-2016
C3S,CMCC,dynamical,2026-07-01,2026-11,4,5.1214,1.4357,3.6857,ens_026,monthly,1993-2016
C3S,CMCC,dynamical,2026-07-01,2026-12,5,5.3737,1.5785,3.7951,ens_026,monthly,1993-2016
C3S,CMCC,dynamical,2026-07-01,2026-07,0,2.2356,0.7504,1.4853,ens_027,monthly,1993-2016
C3S,CMCC,dynamical,2026-07-01,2026-08,1,2.6827,0.9041,1.7787,ens_027,monthly,1993-2016
C3S,CMCC,dynamical,2026-07-01,2026-09,2,3.1384,0.911,2.2274,ens_027,monthly,1993-2016
C3S,CMCC,dynamical,2026-07-01,2026-10,3,3.7679,1.1573,2.6106,ens_027,monthly,1993-2016
C3S,CMCC,dynamical,2026-07-01,2026-11,4,4.606,1.2491,3.3569,ens_027,monthly,1993-2016
C3S,CMCC,dynamical,2026-07-01,2026-12,5,5.1864,1.5495,3.6369,ens_027,monthly,1993-2016
C3S,CMCC,dynamical,2026-07-01,2026-07,0,2.2696,0.7631,1.5065,ens_028,monthly,1993-2016
C3S,CMCC,dynamical,2026-07-01,2026-08,1,2.834,0.8541,1.9799,ens_028,monthly,1993-2016
C3S,CMCC,dynamical,2026-07-01,2026-09,2,3.5063,0.9876,2.5187,ens_028,monthly,1993-2016
C3S,CMCC,dynamical,2026-07-01,2026-10,3,4.3735,1.1197,3.2538,ens_028,monthly,1993-2016
C3S,CMCC,dynamical,2026-07-01,2026-11,4,5.0279,1.2971,3.7308,ens_028,monthly,1993-2016
C3S,CMCC,dynamical,2026-07-01,2026-12,5,5.5107,1.5004,4.0102,ens_028,monthly,1993-2016
C3S,CMCC,dynamical,2026-07-01,2026-07,0,2.2939,0.7512,1.5428,ens_029,monthly,1993-2016
C3S,CMCC,dynamical,2026-07-01,2026-08,1,2.7247,0.7934,1.9314,ens_029,monthly,1993-2016
C3S,CMCC,dynamical,2026-07-01,2026-09,2,3.0214,0.8627,2.1587,ens_029,monthly,1993-2016
C3S,CMCC,dynamical,2026-07-01,2026-10,3,3.8174,1.0637,2.7537,ens_029,monthly,1993-2016
C3S,CMCC,dynamical,2026-07-01,2026-11,4,4.4641,1.2504,3.2137,ens_029,monthly,1993-2016
C3S,CMCC,dynamical,2026-07-01,2026-12,5,5.0058,1.4837,3.5222,ens_029,monthly,1993-2016
C3S,CMCC,dynamical,2026-07-01,2026-07,0,2.2549,0.7605,1.4945,ens_030,monthly,1993-2016
C3S,CMCC,dynamical,2026-07-01,2026-08,1,2.837,0.8496,1.9874,ens_030,monthly,1993-2016
C3S,CMCC,dynamical,2026-07-01,2026-09,2,3.3253,1.0112,2.3141,ens_030,monthly,1993-2016
C3S,CMCC,dynamical,2026-07-01,2026-10,3,4.0461,1.2279,2.8182,ens_030,monthly,1993-2016
C3S,CMCC,dynamical,2026-07-01,2026-11,4,4.6789,1.3803,3.2986,ens_030,monthly,1993-2016
C3S,CMCC,dynamical,2026-07-01,2026-12,5,5.1902,1.6461,3.5441,ens_030,monthly,1993-2016
C3S,CMCC,dynamical,2026-07-01,2026-07,0,2.3045,0.7645,1.5401,ens_031,monthly,1993-2016
C3S,CMCC,dynamical,2026-07-01,2026-08,1,2.9212,0.9129,2.0083,ens_031,monthly,1993-2016
C3S,CMCC,dynamical,2026-07-01,2026-09,2,3.5874,1.0201,2.5672,ens_031,monthly,1993-2016
C3S,CMCC,dynamical,2026-07-01,2026-10,3,4.2734,1.2237,3.0497,ens_031,monthly,1993-2016
C3S,CMCC,dynamical,2026-07-01,2026-11,4,5.0641,1.4536,3.6105,ens_031,monthly,1993-2016
C3S,CMCC,dynamical,2026-07-01,2026-12,5,5.4716,1.6289,3.8427,ens_031,monthly,1993-2016
C3S,CMCC,dynamical,2026-07-01,2026-07,0,2.1952,0.753,1.4422,ens_032,monthly,1993-2016
C3S,CMCC,dynamical,2026-07-01,2026-08,1,2.8359,0.8789,1.957,ens_032,monthly,1993-2016
C3S,CMCC,dynamical,2026-07-01,2026-09,2,3.2634,0.9563,2.3071,ens_032,monthly,1993-2016
C3S,CMCC,dynamical,2026-07-01,2026-10,3,3.9871,1.1438,2.8433,ens_032,monthly,1993-2016
C3S,CMCC,dynamical,2026-07-01,2026-11,4,4.6606,1.3072,3.3534,ens_032,monthly,1993-2016
C3S,CMCC,dynamical,2026-07-01,2026-12,5,5.3903,1.5804,3.8099,ens_032,monthly,1993-2016
C3S,CMCC,dynamical,2026-07-01,2026-07,0,2.2604,0.7545,1.5059,ens_033,monthly,1993-2016
C3S,CMCC,dynamical,2026-07-01,2026-08,1,2.7864,0.8677,1.9187,ens_033,monthly,1993-2016
C3S,CMCC,dynamical,2026-07-01,2026-09,2,3.2492,0.9784,2.2709,ens_033,monthly,1993-2016
C3S,CMCC,dynamical,2026-07-01,2026-10,3,3.8826,1.2715,2.6112,ens_033,monthly,1993-2016
C3S,CMCC,dynamical,2026-07-01,2026-11,4,4.65,1.4961,3.1539,ens_033,monthly,1993-2016
C3S,CMCC,dynamical,2026-07-01,2026-12,5,5.2877,1.6688,3.6189,ens_033,monthly,1993-2016
C3S,CMCC,dynamical,2026-07-01,2026-07,0,2.2544,0.7882,1.4662,ens_034,monthly,1993-2016
C3S,CMCC,dynamical,2026-07-01,2026-08,1,2.7042,0.8752,1.829,ens_034,monthly,1993-2016
C3S,CMCC,dynamical,2026-07-01,2026-09,2,3.2331,0.9856,2.2475,ens_034,monthly,1993-2016
C3S,CMCC,dynamical,2026-07-01,2026-10,3,3.7883,1.1773,2.611,ens_034,monthly,1993-2016
C3S,CMCC,dynamical,2026-07-01,2026-11,4,4.7529,1.3014,3.4515,ens_034,monthly,1993-2016
C3S,CMCC,dynamical,2026-07-01,2026-12,5,5.0613,1.5139,3.5475,ens_034,monthly,1993-2016
C3S,CMCC,dynamical,2026-07-01,2026-07,0,2.2311,0.7624,1.4687,ens_035,monthly,1993-2016
C3S,CMCC,dynamical,2026-07-01,2026-08,1,2.8389,0.8616,1.9773,ens_035,monthly,1993-2016
C3S,CMCC,dynamical,2026-07-01,2026-09,2,3.3822,0.9772,2.405,ens_035,monthly,1993-2016
C3S,CMCC,dynamical,2026-07-01,2026-10,3,4.1279,1.178,2.9499,ens_035,monthly,1993-2016
C3S,CMCC,dynamical,2026-07-01,2026-11,4,4.9545,1.3793,3.5751,ens_035,monthly,1993-2016
C3S,CMCC,dynamical,2026-07-01,2026-12,5,5.6675,1.6587,4.0087,ens_035,monthly,1993-2016
C3S,CMCC,dynamical,2026-07-01,2026-07,0,2.3086,0.7776,1.531,ens_036,monthly,1993-2016
C3S,CMCC,dynamical,2026-07-01,2026-08,1,2.8463,0.8831,1.9632,ens_036,monthly,1993-2016
C3S,CMCC,dynamical,2026-07-01,2026-09,2,3.4608,1.0478,2.413,ens_036,monthly,1993-2016
C3S,CMCC,dynamical,2026-07-01,2026-10,3,4.184,1.3016,2.8824,ens_036,monthly,1993-2016
C3S,CMCC,dynamical,2026-07-01,2026-11,4,5.1078,1.505,3.6028,ens_036,monthly,1993-2016
C3S,CMCC,dynamical,2026-07-01,2026-12,5,5.4075,1.6716,3.7359,ens_036,monthly,1993-2016
C3S,CMCC,dynamical,2026-07-01,2026-07,0,2.2742,0.762,1.5122,ens_037,monthly,1993-2016
C3S,CMCC,dynamical,2026-07-01,2026-08,1,2.8762,0.9236,1.9526,ens_037,monthly,1993-2016
C3S,CMCC,dynamical,2026-07-01,2026-09,2,3.3452,1.0041,2.3411,ens_037,monthly,1993-2016
C3S,CMCC,dynamical,2026-07-01,2026-10,3,4.0104,1.1865,2.8238,ens_037,monthly,1993-2016
C3S,CMCC,dynamical,2026-07-01,2026-11,4,4.8808,1.382,3.4988,ens_037,monthly,1993-2016
C3S,CMCC,dynamical,2026-07-01,2026-12,5,5.4754,1.5864,3.8891,ens_037,monthly,1993-2016
C3S,CMCC,dynamical,2026-07-01,2026-07,0,2.2638,0.7612,1.5025,ens_038,monthly,1993-2016
C3S,CMCC,dynamical,2026-07-01,2026-08,1,2.8084,0.8561,1.9523,ens_038,monthly,1993-2016
C3S,CMCC,dynamical,2026-07-01,2026-09,2,3.2936,0.9417,2.3519,ens_038,monthly,1993-2016
C3S,CMCC,dynamical,2026-07-01,2026-10,3,3.7009,1.0522,2.6487,ens_038,monthly,1993-2016
C3S,CMCC,dynamical,2026-07-01,2026-11,4,4.4081,1.2435,3.1646,ens_038,monthly,1993-2016
C3S,CMCC,dynamical,2026-07-01,2026-12,5,4.9637,1.4439,3.5197,ens_038,monthly,1993-2016
C3S,CMCC,dynamical,2026-07-01,2026-07,0,2.2414,0.7722,1.4693,ens_039,monthly,1993-2016
C3S,CMCC,dynamical,2026-07-01,2026-08,1,2.8133,0.9249,1.8884,ens_039,monthly,1993-2016
C3S,CMCC,dynamical,2026-07-01,2026-09,2,3.2815,1.0169,2.2646,ens_039,monthly,1993-2016
C3S,CMCC,dynamical,2026-07-01,2026-10,3,4.0999,1.1797,2.9203,ens_039,monthly,1993-2016
C3S,CMCC,dynamical,2026-07-01,2026-11,4,4.8795,1.3617,3.5178,ens_039,monthly,1993-2016
C3S,CMCC,dynamical,2026-07-01,2026-12,5,5.3272,1.5967,3.7305,ens_039,monthly,1993-2016
C3S,CMCC,dynamical,2026-07-01,2026-07,0,2.3149,0.8045,1.5104,ens_040,monthly,1993-2016
C3S,CMCC,dynamical,2026-07-01,2026-08,1,2.8042,0.9115,1.8927,ens_040,monthly,1993-2016
C3S,CMCC,dynamical,2026-07-01,2026-09,2,3.2124,1.0541,2.1583,ens_040,monthly,1993-2016
C3S,CMCC,dynamical,2026-07-01,2026-10,3,3.9014,1.2157,2.6856,ens_040,monthly,1993-2016
C3S,CMCC,dynamical,2026-07-01,2026-11,4,4.3338,1.3027,3.0311,ens_040,monthly,1993-2016
C3S,CMCC,dynamical,2026-07-01,2026-12,5,4.8347,1.4023,3.4324,ens_040,monthly,1993-2016
C3S,CMCC,dynamical,2026-07-01,2026-07,0,2.2714,0.7886,1.4828,ens_041,monthly,1993-2016
C3S,CMCC,dynamical,2026-07-01,2026-08,1,2.794,0.948,1.846,ens_041,monthly,1993-2016
C3S,CMCC,dynamical,2026-07-01,2026-09,2,3.2242,1.0469,2.1774,ens_041,monthly,1993-2016
C3S,CMCC,dynamical,2026-07-01,2026-10,3,3.7894,1.1586,2.6308,ens_041,monthly,1993-2016
C3S,CMCC,dynamical,2026-07-01,2026-11,4,4.4577,1.3764,3.0813,ens_041,monthly,1993-2016
C3S,CMCC,dynamical,2026-07-01,2026-12,5,4.9207,1.5049,3.4158,ens_041,monthly,1993-2016
C3S,CMCC,dynamical,2026-07-01,2026-07,0,2.2443,0.7444,1.4999,ens_042,monthly,1993-2016
C3S,CMCC,dynamical,2026-07-01,2026-08,1,2.7918,0.8523,1.9395,ens_042,monthly,1993-2016
C3S,CMCC,dynamical,2026-07-01,2026-09,2,3.3276,0.9666,2.361,ens_042,monthly,1993-2016
C3S,CMCC,dynamical,2026-07-01,2026-10,3,3.9579,1.1824,2.7755,ens_042,monthly,1993-2016
C3S,CMCC,dynamical,2026-07-01,2026-11,4,4.5515,1.352,3.1995,ens_042,monthly,1993-2016
C3S,CMCC,dynamical,2026-07-01,2026-12,5,5.1163,1.5621,3.5542,ens_042,monthly,1993-2016
C3S,CMCC,dynamical,2026-07-01,2026-07,0,2.2788,0.7558,1.523,ens_043,monthly,1993-2016
C3S,CMCC,dynamical,2026-07-01,2026-08,1,2.782,0.8169,1.9651,ens_043,monthly,1993-2016
C3S,CMCC,dynamical,2026-07-01,2026-09,2,3.5023,0.9234,2.5789,ens_043,monthly,1993-2016
C3S,CMCC,dynamical,2026-07-01,2026-10,3,4.428,1.0986,3.3294,ens_043,monthly,1993-2016
C3S,CMCC,dynamical,2026-07-01,2026-11,4,5.0654,1.3484,3.717,ens_043,monthly,1993-2016
C3S,CMCC,dynamical,2026-07-01,2026-12,5,5.5407,1.6512,3.8895,ens_043,monthly,1993-2016
C3S,CMCC,dynamical,2026-07-01,2026-07,0,2.2187,0.7574,1.4614,ens_044,monthly,1993-2016
C3S,CMCC,dynamical,2026-07-01,2026-08,1,2.7706,0.8528,1.9179,ens_044,monthly,1993-2016
C3S,CMCC,dynamical,2026-07-01,2026-09,2,3.2403,1.0054,2.2349,ens_044,monthly,1993-2016
C3S,CMCC,dynamical,2026-07-01,2026-10,3,4.0046,1.2798,2.7248,ens_044,monthly,1993-2016
C3S,CMCC,dynamical,2026-07-01,2026-11,4,4.9529,1.5273,3.4256,ens_044,monthly,1993-2016
C3S,CMCC,dynamical,2026-07-01,2026-12,5,5.1977,1.5872,3.6105,ens_044,monthly,1993-2016
C3S,CMCC,dynamical,2026-07-01,2026-07,0,2.234,0.7712,1.4628,ens_045,monthly,1993-2016
C3S,CMCC,dynamical,2026-07-01,2026-08,1,2.7576,0.863,1.8946,ens_045,monthly,1993-2016
C3S,CMCC,dynamical,2026-07-01,2026-09,2,3.2389,0.9191,2.3198,ens_045,monthly,1993-2016
C3S,CMCC,dynamical,2026-07-01,2026-10,3,4.0571,1.1102,2.9469,ens_045,monthly,1993-2016
C3S,CMCC,dynamical,2026-07-01,2026-11,4,4.5874,1.3501,3.2374,ens_045,monthly,1993-2016
C3S,CMCC,dynamical,2026-07-01,2026-12,5,5.2825,1.5661,3.7164,ens_045,monthly,1993-2016
C3S,CMCC,dynamical,2026-07-01,2026-07,0,2.2864,0.7813,1.5052,ens_046,monthly,1993-2016
C3S,CMCC,dynamical,2026-07-01,2026-08,1,2.8507,0.8848,1.9659,ens_046,monthly,1993-2016
C3S,CMCC,dynamical,2026-07-01,2026-09,2,3.4488,0.9849,2.4639,ens_046,monthly,1993-2016
C3S,CMCC,dynamical,2026-07-01,2026-10,3,4.0104,1.0376,2.9728,ens_046,monthly,1993-2016
C3S,CMCC,dynamical,2026-07-01,2026-11,4,4.6498,1.2319,3.4179,ens_046,monthly,1993-2016
C3S,CMCC,dynamical,2026-07-01,2026-12,5,5.2806,1.3951,3.8856,ens_046,monthly,1993-2016
C3S,CMCC,dynamical,2026-07-01,2026-07,0,2.2639,0.7598,1.5041,ens_047,monthly,1993-2016
C3S,CMCC,dynamical,2026-07-01,2026-08,1,2.8061,0.9404,1.8658,ens_047,monthly,1993-2016
C3S,CMCC,dynamical,2026-07-01,2026-09,2,3.5165,1.0402,2.4763,ens_047,monthly,1993-2016
C3S,CMCC,dynamical,2026-07-01,2026-10,3,4.3146,1.268,3.0466,ens_047,monthly,1993-2016
C3S,CMCC,dynamical,2026-07-01,2026-11,4,5.2334,1.5162,3.7172,ens_047,monthly,1993-2016
C3S,CMCC,dynamical,2026-07-01,2026-12,5,5.8066,1.6984,4.1082,ens_047,monthly,1993-2016
C3S,CMCC,dynamical,2026-07-01,2026-07,0,2.2621,0.7705,1.4916,ens_048,monthly,1993-2016
C3S,CMCC,dynamical,2026-07-01,2026-08,1,2.8364,0.9359,1.9005,ens_048,monthly,1993-2016
C3S,CMCC,dynamical,2026-07-01,2026-09,2,3.4479,1.0861,2.3618,ens_048,monthly,1993-2016
C3S,CMCC,dynamical,2026-07-01,2026-10,3,4.1849,1.2463,2.9385,ens_048,monthly,1993-2016
C3S,CMCC,dynamical,2026-07-01,2026-11,4,5.0085,1.4413,3.5672,ens_048,monthly,1993-2016
C3S,CMCC,dynamical,2026-07-01,2026-12,5,5.2986,1.5901,3.7085,ens_048,monthly,1993-2016
C3S,CMCC,dynamical,2026-07-01,2026-07,0,2.2838,0.7696,1.5143,ens_049,monthly,1993-2016
C3S,CMCC,dynamical,2026-07-01,2026-08,1,2.8099,0.8626,1.9473,ens_049,monthly,1993-2016
C3S,CMCC,dynamical,2026-07-01,2026-09,2,3.2027,0.9274,2.2752,ens_049,monthly,1993-2016
C3S,CMCC,dynamical,2026-07-01,2026-10,3,3.6546,1.1823,2.4722,ens_049,monthly,1993-2016
C3S,CMCC,dynamical,2026-07-01,2026-11,4,4.234,1.3242,2.9098,ens_049,monthly,1993-2016
C3S,CMCC,dynamical,2026-07-01,2026-12,5,4.8249,1.4401,3.3848,ens_049,monthly,1993-2016
C3S,CMCC,dynamical,2026-07-01,2026-07,0,2.2674,0.7644,1.503,mean,monthly,1993-2016
C3S,CMCC,dynamical,2026-07-01,2026-08,1,2.8006,0.8672,1.9334,mean,monthly,1993-2016
C3S,CMCC,dynamical,2026-07-01,2026-09,2,3.3199,0.979,2.3409,mean,monthly,1993-2016
C3S,CMCC,dynamical,2026-07-01,2026-10,3,4.0404,1.1712,2.8692,mean,monthly,1993-2016
C3S,CMCC,dynamical,2026-07-01,2026-11,4,4.7586,1.3643,3.3943,mean,monthly,1993-2016
C3S,CMCC,dynamical,2026-07-01,2026-12,5,5.2567,1.5701,3.6866,mean,monthly,1993-2016
C3S,JMA,dynamical,2026-07-01,2026-07,0,2.1792,0.6782,1.501,ens_000,monthly,1993-2016
C3S,JMA,dynamical,2026-07-01,2026-08,1,2.9918,0.8648,2.1269,ens_000,monthly,1993-2016
C3S,JMA,dynamical,2026-07-01,2026-09,2,3.525,0.978,2.547,ens_000,monthly,1993-2016
C3S,JMA,dynamical,2026-07-01,2026-10,3,3.8251,1.0901,2.735,ens_000,monthly,1993-2016
C3S,JMA,dynamical,2026-07-01,2026-11,4,3.826,1.189,2.637,ens_000,monthly,1993-2016
C3S,JMA,dynamical,2026-07-01,2026-12,5,3.8599,1.251,2.6089,ens_000,monthly,1993-2016
C3S,JMA,dynamical,2026-07-01,2026-07,0,2.1659,0.6883,1.4776,ens_001,monthly,1993-2016
C3S,JMA,dynamical,2026-07-01,2026-08,1,2.9889,0.8564,2.1325,ens_001,monthly,1993-2016
C3S,JMA,dynamical,2026-07-01,2026-09,2,3.3943,0.9489,2.4454,ens_001,monthly,1993-2016
C3S,JMA,dynamical,2026-07-01,2026-10,3,3.6323,1.0176,2.6148,ens_001,monthly,1993-2016
C3S,JMA,dynamical,2026-07-01,2026-11,4,3.7293,1.077,2.6523,ens_001,monthly,1993-2016
C3S,JMA,dynamical,2026-07-01,2026-12,5,3.7222,1.1262,2.596,ens_001,monthly,1993-2016
C3S,JMA,dynamical,2026-07-01,2026-07,0,2.1671,0.6472,1.5199,ens_002,monthly,1993-2016
C3S,JMA,dynamical,2026-07-01,2026-08,1,3.0996,0.7727,2.3268,ens_002,monthly,1993-2016
C3S,JMA,dynamical,2026-07-01,2026-09,2,3.7203,0.8837,2.8365,ens_002,monthly,1993-2016
C3S,JMA,dynamical,2026-07-01,2026-10,3,3.9583,1.0595,2.8988,ens_002,monthly,1993-2016
C3S,JMA,dynamical,2026-07-01,2026-11,4,3.9746,1.0807,2.8939,ens_002,monthly,1993-2016
C3S,JMA,dynamical,2026-07-01,2026-12,5,3.8296,1.1436,2.6859,ens_002,monthly,1993-2016
C3S,JMA,dynamical,2026-07-01,2026-07,0,2.1656,0.667,1.4986,ens_003,monthly,1993-2016
C3S,JMA,dynamical,2026-07-01,2026-08,1,3.0539,0.8057,2.2482,ens_003,monthly,1993-2016
C3S,JMA,dynamical,2026-07-01,2026-09,2,3.5142,0.9442,2.57,ens_003,monthly,1993-2016
C3S,JMA,dynamical,2026-07-01,2026-10,3,3.6337,1.0397,2.594,ens_003,monthly,1993-2016
C3S,JMA,dynamical,2026-07-01,2026-11,4,3.7143,1.1487,2.5656,ens_003,monthly,1993-2016
C3S,JMA,dynamical,2026-07-01,2026-12,5,3.8561,1.2322,2.6239,ens_003,monthly,1993-2016
C3S,JMA,dynamical,2026-07-01,2026-07,0,2.0903,0.6442,1.4462,ens_004,monthly,1993-2016
C3S,JMA,dynamical,2026-07-01,2026-08,1,2.7689,0.733,2.0359,ens_004,monthly,1993-2016
C3S,JMA,dynamical,2026-07-01,2026-09,2,3.1107,0.8864,2.2244,ens_004,monthly,1993-2016
C3S,JMA,dynamical,2026-07-01,2026-10,3,3.2811,0.9275,2.3536,ens_004,monthly,1993-2016
C3S,JMA,dynamical,2026-07-01,2026-11,4,3.3952,0.9405,2.4548,ens_004,monthly,1993-2016
C3S,JMA,dynamical,2026-07-01,2026-12,5,3.6071,1.0452,2.5619,ens_004,monthly,1993-2016
C3S,JMA,dynamical,2026-07-01,2026-07,0,2.1833,0.6653,1.518,ens_005,monthly,1993-2016
C3S,JMA,dynamical,2026-07-01,2026-08,1,3.0884,0.8449,2.2435,ens_005,monthly,1993-2016
C3S,JMA,dynamical,2026-07-01,2026-09,2,3.6336,0.9854,2.6482,ens_005,monthly,1993-2016
C3S,JMA,dynamical,2026-07-01,2026-10,3,3.9421,1.0622,2.88,ens_005,monthly,1993-2016
C3S,JMA,dynamical,2026-07-01,2026-11,4,3.9795,1.1283,2.8512,ens_005,monthly,1993-2016
C3S,JMA,dynamical,2026-07-01,2026-12,5,3.8096,1.1996,2.61,ens_005,monthly,1993-2016
C3S,JMA,dynamical,2026-07-01,2026-07,0,2.1553,0.6901,1.4651,ens_006,monthly,1993-2016
C3S,JMA,dynamical,2026-07-01,2026-08,1,2.9609,0.8055,2.1554,ens_006,monthly,1993-2016
C3S,JMA,dynamical,2026-07-01,2026-09,2,3.2001,0.878,2.3221,ens_006,monthly,1993-2016
C3S,JMA,dynamical,2026-07-01,2026-10,3,3.2645,0.9648,2.2997,ens_006,monthly,1993-2016
C3S,JMA,dynamical,2026-07-01,2026-11,4,3.4204,1.0401,2.3803,ens_006,monthly,1993-2016
C3S,JMA,dynamical,2026-07-01,2026-12,5,3.4898,1.0616,2.4281,ens_006,monthly,1993-2016
C3S,JMA,dynamical,2026-07-01,2026-07,0,2.1682,0.6722,1.496,ens_007,monthly,1993-2016
C3S,JMA,dynamical,2026-07-01,2026-08,1,3.048,0.812,2.236,ens_007,monthly,1993-2016
C3S,JMA,dynamical,2026-07-01,2026-09,2,3.5182,0.9457,2.5725,ens_007,monthly,1993-2016
C3S,JMA,dynamical,2026-07-01,2026-10,3,3.7672,1.0253,2.7419,ens_007,monthly,1993-2016
C3S,JMA,dynamical,2026-07-01,2026-11,4,3.7895,1.11,2.6794,ens_007,monthly,1993-2016
C3S,JMA,dynamical,2026-07-01,2026-12,5,3.8185,1.1038,2.7146,ens_007,monthly,1993-2016
C3S,JMA,dynamical,2026-07-01,2026-07,0,2.2097,0.6544,1.5553,ens_008,monthly,1993-2016
C3S,JMA,dynamical,2026-07-01,2026-08,1,3.088,0.7915,2.2965,ens_008,monthly,1993-2016
C3S,JMA,dynamical,2026-07-01,2026-09,2,3.715,0.9446,2.7704,ens_008,monthly,1993-2016
C3S,JMA,dynamical,2026-07-01,2026-10,3,3.9708,1.0011,2.9697,ens_008,monthly,1993-2016
C3S,JMA,dynamical,2026-07-01,2026-11,4,4.046,1.0462,2.9998,ens_008,monthly,1993-2016
C3S,JMA,dynamical,2026-07-01,2026-12,5,3.9357,1.082,2.8536,ens_008,monthly,1993-2016
C3S,JMA,dynamical,2026-07-01,2026-07,0,2.113,0.6513,1.4616,ens_009,monthly,1993-2016
C3S,JMA,dynamical,2026-07-01,2026-08,1,2.857,0.7536,2.1034,ens_009,monthly,1993-2016
C3S,JMA,dynamical,2026-07-01,2026-09,2,3.2294,0.8714,2.358,ens_009,monthly,1993-2016
C3S,JMA,dynamical,2026-07-01,2026-10,3,3.3838,0.9612,2.4227,ens_009,monthly,1993-2016
C3S,JMA,dynamical,2026-07-01,2026-11,4,3.6683,1.0707,2.5976,ens_009,monthly,1993-2016
C3S,JMA,dynamical,2026-07-01,2026-12,5,3.9107,1.1495,2.7612,ens_009,monthly,1993-2016
C3S,JMA,dynamical,2026-07-01,2026-07,0,2.2265,0.6794,1.5471,ens_010,monthly,1993-2016
C3S,JMA,dynamical,2026-07-01,2026-08,1,3.0993,0.8218,2.2775,ens_010,monthly,1993-2016
C3S,JMA,dynamical,2026-07-01,2026-09,2,3.6606,1.0076,2.653,ens_010,monthly,1993-2016
C3S,JMA,dynamical,2026-07-01,2026-10,3,3.8871,1.1344,2.7527,ens_010,monthly,1993-2016
C3S,JMA,dynamical,2026-07-01,2026-11,4,3.9159,1.2439,2.672,ens_010,monthly,1993-2016
C3S,JMA,dynamical,2026-07-01,2026-12,5,3.8124,1.2709,2.5416,ens_010,monthly,1993-2016
C3S,JMA,dynamical,2026-07-01,2026-07,0,2.096,0.6193,1.4767,ens_011,monthly,1993-2016
C3S,JMA,dynamical,2026-07-01,2026-08,1,2.8604,0.7351,2.1252,ens_011,monthly,1993-2016
C3S,JMA,dynamical,2026-07-01,2026-09,2,3.415,0.8698,2.5452,ens_011,monthly,1993-2016
C3S,JMA,dynamical,2026-07-01,2026-10,3,3.6092,0.997,2.6122,ens_011,monthly,1993-2016
C3S,JMA,dynamical,2026-07-01,2026-11,4,3.7011,1.0204,2.6807,ens_011,monthly,1993-2016
C3S,JMA,dynamical,2026-07-01,2026-12,5,3.7648,1.1222,2.6426,ens_011,monthly,1993-2016
C3S,JMA,dynamical,2026-07-01,2026-07,0,2.1887,0.6729,1.5159,ens_012,monthly,1993-2016
C3S,JMA,dynamical,2026-07-01,2026-08,1,3.1395,0.7781,2.3614,ens_012,monthly,1993-2016
C3S,JMA,dynamical,2026-07-01,2026-09,2,3.7634,0.9212,2.8421,ens_012,monthly,1993-2016
C3S,JMA,dynamical,2026-07-01,2026-10,3,4.0136,1.0555,2.9581,ens_012,monthly,1993-2016
C3S,JMA,dynamical,2026-07-01,2026-11,4,4.0057,1.1549,2.8507,ens_012,monthly,1993-2016
C3S,JMA,dynamical,2026-07-01,2026-12,5,3.8985,1.1994,2.6991,ens_012,monthly,1993-2016
C3S,JMA,dynamical,2026-07-01,2026-07,0,2.1952,0.6628,1.5323,ens_013,monthly,1993-2016
C3S,JMA,dynamical,2026-07-01,2026-08,1,3.0733,0.749,2.3243,ens_013,monthly,1993-2016
C3S,JMA,dynamical,2026-07-01,2026-09,2,3.5381,0.8865,2.6516,ens_013,monthly,1993-2016
C3S,JMA,dynamical,2026-07-01,2026-10,3,3.8236,1.0191,2.8045,ens_013,monthly,1993-2016
C3S,JMA,dynamical,2026-07-01,2026-11,4,3.9652,1.0604,2.9048,ens_013,monthly,1993-2016
C3S,JMA,dynamical,2026-07-01,2026-12,5,3.9181,1.1292,2.7889,ens_013,monthly,1993-2016
C3S,JMA,dynamical,2026-07-01,2026-07,0,2.1086,0.6578,1.4508,ens_014,monthly,1993-2016
C3S,JMA,dynamical,2026-07-01,2026-08,1,2.8976,0.7514,2.1462,ens_014,monthly,1993-2016
C3S,JMA,dynamical,2026-07-01,2026-09,2,3.436,0.8649,2.5711,ens_014,monthly,1993-2016
C3S,JMA,dynamical,2026-07-01,2026-10,3,3.6897,0.9653,2.7244,ens_014,monthly,1993-2016
C3S,JMA,dynamical,2026-07-01,2026-11,4,3.7297,1.0593,2.6705,ens_014,monthly,1993-2016
C3S,JMA,dynamical,2026-07-01,2026-12,5,3.8375,1.1982,2.6393,ens_014,monthly,1993-2016
C3S,JMA,dynamical,2026-07-01,2026-07,0,2.1962,0.6765,1.5197,ens_015,monthly,1993-2016
C3S,JMA,dynamical,2026-07-01,2026-08,1,3.0715,0.8289,2.2426,ens_015,monthly,1993-2016
C3S,JMA,dynamical,2026-07-01,2026-09,2,3.5616,0.9348,2.6268,ens_015,monthly,1993-2016
C3S,JMA,dynamical,2026-07-01,2026-10,3,3.6761,1.1027,2.5734,ens_015,monthly,1993-2016
C3S,JMA,dynamical,2026-07-01,2026-11,4,3.815,1.2073,2.6077,ens_015,monthly,1993-2016
C3S,JMA,dynamical,2026-07-01,2026-12,5,3.7575,1.2991,2.4584,ens_015,monthly,1993-2016
C3S,JMA,dynamical,2026-07-01,2026-07,0,2.0773,0.6447,1.4326,ens_016,monthly,1993-2016
C3S,JMA,dynamical,2026-07-01,2026-08,1,2.7312,0.7145,2.0167,ens_016,monthly,1993-2016
C3S,JMA,dynamical,2026-07-01,2026-09,2,3.0285,0.786,2.2425,ens_016,monthly,1993-2016
C3S,JMA,dynamical,2026-07-01,2026-10,3,3.0614,0.8827,2.1787,ens_016,monthly,1993-2016
C3S,JMA,dynamical,2026-07-01,2026-11,4,3.1077,1.0197,2.0879,ens_016,monthly,1993-2016
C3S,JMA,dynamical,2026-07-01,2026-12,5,3.3676,1.0707,2.2969,ens_016,monthly,1993-2016
C3S,JMA,dynamical,2026-07-01,2026-07,0,2.1972,0.691,1.5062,ens_017,monthly,1993-2016
C3S,JMA,dynamical,2026-07-01,2026-08,1,3.1029,0.7939,2.3091,ens_017,monthly,1993-2016
C3S,JMA,dynamical,2026-07-01,2026-09,2,3.6847,0.8775,2.8072,ens_017,monthly,1993-2016
C3S,JMA,dynamical,2026-07-01,2026-10,3,3.9575,0.9725,2.985,ens_017,monthly,1993-2016
C3S,JMA,dynamical,2026-07-01,2026-11,4,4.0769,1.0597,3.0172,ens_017,monthly,1993-2016
C3S,JMA,dynamical,2026-07-01,2026-12,5,3.9243,1.1368,2.7875,ens_017,monthly,1993-2016
C3S,JMA,dynamical,2026-07-01,2026-07,0,2.2098,0.6561,1.5537,ens_018,monthly,1993-2016
C3S,JMA,dynamical,2026-07-01,2026-08,1,2.9751,0.7227,2.2524,ens_018,monthly,1993-2016
C3S,JMA,dynamical,2026-07-01,2026-09,2,3.5225,0.8961,2.6264,ens_018,monthly,1993-2016
C3S,JMA,dynamical,2026-07-01,2026-10,3,3.6135,0.9374,2.6762,ens_018,monthly,1993-2016
C3S,JMA,dynamical,2026-07-01,2026-11,4,3.6038,0.9813,2.6225,ens_018,monthly,1993-2016
C3S,JMA,dynamical,2026-07-01,2026-12,5,3.7402,1.0424,2.6978,ens_018,monthly,1993-2016
C3S,JMA,dynamical,2026-07-01,2026-07,0,2.1425,0.6597,1.4828,ens_019,monthly,1993-2016
C3S,JMA,dynamical,2026-07-01,2026-08,1,3.031,0.7736,2.2574,ens_019,monthly,1993-2016
C3S,JMA,dynamical,2026-07-01,2026-09,2,3.5217,0.9297,2.5921,ens_019,monthly,1993-2016
C3S,JMA,dynamical,2026-07-01,2026-10,3,3.668,1.0298,2.6382,ens_019,monthly,1993-2016
C3S,JMA,dynamical,2026-07-01,2026-11,4,3.8188,1.0497,2.769,ens_019,monthly,1993-2016
C3S,JMA,dynamical,2026-07-01,2026-12,5,3.6837,1.0899,2.5938,ens_019,monthly,1993-2016
C3S,JMA,dynamical,2026-07-01,2026-07,0,2.1817,0.6745,1.5072,ens_020,monthly,1993-2016
C3S,JMA,dynamical,2026-07-01,2026-08,1,2.9474,0.7662,2.1812,ens_020,monthly,1993-2016
C3S,JMA,dynamical,2026-07-01,2026-09,2,3.5104,0.948,2.5624,ens_020,monthly,1993-2016
C3S,JMA,dynamical,2026-07-01,2026-10,3,3.7987,1.1412,2.6575,ens_020,monthly,1993-2016
C3S,JMA,dynamical,2026-07-01,2026-11,4,3.8967,1.2785,2.6182,ens_020,monthly,1993-2016
C3S,JMA,dynamical,2026-07-01,2026-12,5,3.885,1.3363,2.5488,ens_020,monthly,1993-2016
C3S,JMA,dynamical,2026-07-01,2026-07,0,2.1567,0.671,1.4857,ens_021,monthly,1993-2016
C3S,JMA,dynamical,2026-07-01,2026-08,1,3.0942,0.7977,2.2965,ens_021,monthly,1993-2016
C3S,JMA,dynamical,2026-07-01,2026-09,2,3.6,0.9765,2.6235,ens_021,monthly,1993-2016
C3S,JMA,dynamical,2026-07-01,2026-10,3,3.8242,1.1382,2.6861,ens_021,monthly,1993-2016
C3S,JMA,dynamical,2026-07-01,2026-11,4,3.9035,1.1812,2.7222,ens_021,monthly,1993-2016
C3S,JMA,dynamical,2026-07-01,2026-12,5,3.8836,1.2349,2.6487,ens_021,monthly,1993-2016
C3S,JMA,dynamical,2026-07-01,2026-07,0,2.1908,0.6785,1.5123,ens_022,monthly,1993-2016
C3S,JMA,dynamical,2026-07-01,2026-08,1,3.1557,0.8034,2.3523,ens_022,monthly,1993-2016
C3S,JMA,dynamical,2026-07-01,2026-09,2,3.7953,0.9351,2.8602,ens_022,monthly,1993-2016
C3S,JMA,dynamical,2026-07-01,2026-10,3,4.0711,1.0377,3.0334,ens_022,monthly,1993-2016
C3S,JMA,dynamical,2026-07-01,2026-11,4,4.0868,1.1366,2.9502,ens_022,monthly,1993-2016
C3S,JMA,dynamical,2026-07-01,2026-12,5,4.0771,1.2189,2.8582,ens_022,monthly,1993-2016
C3S,JMA,dynamical,2026-07-01,2026-07,0,2.1932,0.691,1.5021,ens_023,monthly,1993-2016
C3S,JMA,dynamical,2026-07-01,2026-08,1,3.0282,0.7807,2.2475,ens_023,monthly,1993-2016
C3S,JMA,dynamical,2026-07-01,2026-09,2,3.5077,0.8959,2.6117,ens_023,monthly,1993-2016
C3S,JMA,dynamical,2026-07-01,2026-10,3,3.6309,1.0752,2.5557,ens_023,monthly,1993-2016
C3S,JMA,dynamical,2026-07-01,2026-11,4,3.6643,1.1249,2.5394,ens_023,monthly,1993-2016
C3S,JMA,dynamical,2026-07-01,2026-12,5,3.813,1.0957,2.7173,ens_023,monthly,1993-2016
C3S,JMA,dynamical,2026-07-01,2026-07,0,2.0396,0.6186,1.4211,ens_024,monthly,1993-2016
C3S,JMA,dynamical,2026-07-01,2026-08,1,2.5986,0.6824,1.9162,ens_024,monthly,1993-2016
C3S,JMA,dynamical,2026-07-01,2026-09,2,3.0482,0.8158,2.2324,ens_024,monthly,1993-2016
C3S,JMA,dynamical,2026-07-01,2026-10,3,3.1051,0.858,2.2471,ens_024,monthly,1993-2016
C3S,JMA,dynamical,2026-07-01,2026-11,4,3.1571,0.9361,2.221,ens_024,monthly,1993-2016
C3S,JMA,dynamical,2026-07-01,2026-12,5,3.3623,1.0389,2.3234,ens_024,monthly,1993-2016
C3S,JMA,dynamical,2026-07-01,2026-07,0,2.1659,0.6841,1.4818,ens_025,monthly,1993-2016
C3S,JMA,dynamical,2026-07-01,2026-08,1,3.0904,0.819,2.2714,ens_025,monthly,1993-2016
C3S,JMA,dynamical,2026-07-01,2026-09,2,3.6419,0.9758,2.6661,ens_025,monthly,1993-2016
C3S,JMA,dynamical,2026-07-01,2026-10,3,3.942,1.1661,2.7759,ens_025,monthly,1993-2016
C3S,JMA,dynamical,2026-07-01,2026-11,4,4.0394,1.3146,2.7249,ens_025,monthly,1993-2016
C3S,JMA,dynamical,2026-07-01,2026-12,5,4.1324,1.3694,2.763,ens_025,monthly,1993-2016
C3S,JMA,dynamical,2026-07-01,2026-07,0,1.9739,0.6455,1.3284,ens_026,monthly,1993-2016
C3S,JMA,dynamical,2026-07-01,2026-08,1,2.7635,0.7713,1.9921,ens_026,monthly,1993-2016
C3S,JMA,dynamical,2026-07-01,2026-09,2,3.1675,0.8394,2.3281,ens_026,monthly,1993-2016
C3S,JMA,dynamical,2026-07-01,2026-10,3,3.3345,0.9212,2.4133,ens_026,monthly,1993-2016
C3S,JMA,dynamical,2026-07-01,2026-11,4,3.4206,1.0122,2.4084,ens_026,monthly,1993-2016
C3S,JMA,dynamical,2026-07-01,2026-12,5,3.6058,1.093,2.5129,ens_026,monthly,1993-2016
C3S,JMA,dynamical,2026-07-01,2026-07,0,2.2292,0.6869,1.5423,ens_027,monthly,1993-2016
C3S,JMA,dynamical,2026-07-01,2026-08,1,2.8833,0.7143,2.169,ens_027,monthly,1993-2016
C3S,JMA,dynamical,2026-07-01,2026-09,2,3.3351,0.8309,2.5042,ens_027,monthly,1993-2016
C3S,JMA,dynamical,2026-07-01,2026-10,3,3.5398,0.9119,2.6279,ens_027,monthly,1993-2016
C3S,JMA,dynamical,2026-07-01,2026-11,4,3.7398,0.9924,2.7474,ens_027,monthly,1993-2016
C3S,JMA,dynamical,2026-07-01,2026-12,5,3.8817,1.0362,2.8454,ens_027,monthly,1993-2016
C3S,JMA,dynamical,2026-07-01,2026-07,0,2.1926,0.7219,1.4707,ens_028,monthly,1993-2016
C3S,JMA,dynamical,2026-07-01,2026-08,1,2.9484,0.8488,2.0996,ens_028,monthly,1993-2016
C3S,JMA,dynamical,2026-07-01,2026-09,2,3.2046,0.9223,2.2822,ens_028,monthly,1993-2016
C3S,JMA,dynamical,2026-07-01,2026-10,3,3.2131,0.9604,2.2527,ens_028,monthly,1993-2016
C3S,JMA,dynamical,2026-07-01,2026-11,4,3.433,1.0117,2.4214,ens_028,monthly,1993-2016
C3S,JMA,dynamical,2026-07-01,2026-12,5,3.4756,1.1104,2.3652,ens_028,monthly,1993-2016
C3S,JMA,dynamical,2026-07-01,2026-07,0,2.0599,0.6402,1.4197,ens_029,monthly,1993-2016
C3S,JMA,dynamical,2026-07-01,2026-08,1,2.8539,0.7611,2.0928,ens_029,monthly,1993-2016
C3S,JMA,dynamical,2026-07-01,2026-09,2,3.3816,0.9385,2.4431,ens_029,monthly,1993-2016
C3S,JMA,dynamical,2026-07-01,2026-10,3,3.6717,0.9988,2.6729,ens_029,monthly,1993-2016
C3S,JMA,dynamical,2026-07-01,2026-11,4,3.7972,1.1088,2.6884,ens_029,monthly,1993-2016
C3S,JMA,dynamical,2026-07-01,2026-12,5,3.9123,1.1741,2.7382,ens_029,monthly,1993-2016
C3S,JMA,dynamical,2026-07-01,2026-07,0,2.2231,0.6759,1.5472,ens_030,monthly,1993-2016
C3S,JMA,dynamical,2026-07-01,2026-08,1,3.224,0.7859,2.4381,ens_030,monthly,1993-2016
C3S,JMA,dynamical,2026-07-01,2026-09,2,3.7442,0.9394,2.8048,ens_030,monthly,1993-2016
C3S,JMA,dynamical,2026-07-01,2026-10,3,3.817,1.1274,2.6896,ens_030,monthly,1993-2016
C3S,JMA,dynamical,2026-07-01,2026-11,4,3.8455,1.304,2.5415,ens_030,monthly,1993-2016
C3S,JMA,dynamical,2026-07-01,2026-12,5,4.0559,1.4118,2.6441,ens_030,monthly,1993-2016
C3S,JMA,dynamical,2026-07-01,2026-07,0,2.1226,0.7032,1.4194,ens_031,monthly,1993-2016
C3S,JMA,dynamical,2026-07-01,2026-08,1,2.9476,0.8188,2.1288,ens_031,monthly,1993-2016
C3S,JMA,dynamical,2026-07-01,2026-09,2,3.5479,0.9548,2.5931,ens_031,monthly,1993-2016
C3S,JMA,dynamical,2026-07-01,2026-10,3,3.8385,1.0745,2.764,ens_031,monthly,1993-2016
C3S,JMA,dynamical,2026-07-01,2026-11,4,4.0151,1.1457,2.8694,ens_031,monthly,1993-2016
C3S,JMA,dynamical,2026-07-01,2026-12,5,4.0395,1.2526,2.7869,ens_031,monthly,1993-2016
C3S,JMA,dynamical,2026-07-01,2026-07,0,2.2381,0.6736,1.5645,ens_032,monthly,1993-2016
C3S,JMA,dynamical,2026-07-01,2026-08,1,3.0108,0.7611,2.2497,ens_032,monthly,1993-2016
C3S,JMA,dynamical,2026-07-01,2026-09,2,3.4535,0.8296,2.6239,ens_032,monthly,1993-2016
C3S,JMA,dynamical,2026-07-01,2026-10,3,3.6915,0.896,2.7956,ens_032,monthly,1993-2016
C3S,JMA,dynamical,2026-07-01,2026-11,4,3.6816,0.9815,2.7,ens_032,monthly,1993-2016
C3S,JMA,dynamical,2026-07-01,2026-12,5,3.8908,1.112,2.7789,ens_032,monthly,1993-2016
C3S,JMA,dynamical,2026-07-01,2026-07,0,2.3329,0.721,1.6119,ens_033,monthly,1993-2016
C3S,JMA,dynamical,2026-07-01,2026-08,1,3.2186,0.7567,2.4619,ens_033,monthly,1993-2016
C3S,JMA,dynamical,2026-07-01,2026-09,2,3.6799,0.8914,2.7885,ens_033,monthly,1993-2016
C3S,JMA,dynamical,2026-07-01,2026-10,3,3.7966,1.0085,2.7881,ens_033,monthly,1993-2016
C3S,JMA,dynamical,2026-07-01,2026-11,4,3.9275,1.0632,2.8643,ens_033,monthly,1993-2016
C3S,JMA,dynamical,2026-07-01,2026-12,5,3.9007,1.1449,2.7557,ens_033,monthly,1993-2016
C3S,JMA,dynamical,2026-07-01,2026-07,0,2.0437,0.6454,1.3983,ens_034,monthly,1993-2016
C3S,JMA,dynamical,2026-07-01,2026-08,1,2.7333,0.7424,1.9909,ens_034,monthly,1993-2016
C3S,JMA,dynamical,2026-07-01,2026-09,2,3.0294,0.8282,2.2013,ens_034,monthly,1993-2016
C3S,JMA,dynamical,2026-07-01,2026-10,3,3.0773,0.9077,2.1695,ens_034,monthly,1993-2016
C3S,JMA,dynamical,2026-07-01,2026-11,4,3.1122,1.0114,2.1008,ens_034,monthly,1993-2016
C3S,JMA,dynamical,2026-07-01,2026-12,5,3.3589,1.0286,2.3303,ens_034,monthly,1993-2016
C3S,JMA,dynamical,2026-07-01,2026-07,0,2.139,0.6692,1.4698,ens_035,monthly,1993-2016
C3S,JMA,dynamical,2026-07-01,2026-08,1,2.7936,0.7312,2.0623,ens_035,monthly,1993-2016
C3S,JMA,dynamical,2026-07-01,2026-09,2,3.2993,0.8704,2.429,ens_035,monthly,1993-2016
C3S,JMA,dynamical,2026-07-01,2026-10,3,3.5286,1.0178,2.5108,ens_035,monthly,1993-2016
C3S,JMA,dynamical,2026-07-01,2026-11,4,3.7804,1.1358,2.6446,ens_035,monthly,1993-2016
C3S,JMA,dynamical,2026-07-01,2026-12,5,3.9107,1.1897,2.721,ens_035,monthly,1993-2016
C3S,JMA,dynamical,2026-07-01,2026-07,0,2.057,0.685,1.3719,ens_036,monthly,1993-2016
C3S,JMA,dynamical,2026-07-01,2026-08,1,2.8598,0.7778,2.082,ens_036,monthly,1993-2016
C3S,JMA,dynamical,2026-07-01,2026-09,2,3.3104,0.9051,2.4053,ens_036,monthly,1993-2016
C3S,JMA,dynamical,2026-07-01,2026-10,3,3.5153,1.0227,2.4926,ens_036,monthly,1993-2016
C3S,JMA,dynamical,2026-07-01,2026-11,4,3.6685,1.1338,2.5346,ens_036,monthly,1993-2016
C3S,JMA,dynamical,2026-07-01,2026-12,5,3.85,1.1467,2.7033,ens_036,monthly,1993-2016
C3S,JMA,dynamical,2026-07-01,2026-07,0,2.1974,0.6791,1.5183,ens_037,monthly,1993-2016
C3S,JMA,dynamical,2026-07-01,2026-08,1,2.988,0.7845,2.2035,ens_037,monthly,1993-2016
C3S,JMA,dynamical,2026-07-01,2026-09,2,3.4358,0.8893,2.5465,ens_037,monthly,1993-2016
C3S,JMA,dynamical,2026-07-01,2026-10,3,3.5909,0.9756,2.6154,ens_037,monthly,1993-2016
C3S,JMA,dynamical,2026-07-01,2026-11,4,3.7464,1.0342,2.7122,ens_037,monthly,1993-2016
C3S,JMA,dynamical,2026-07-01,2026-12,5,3.7317,1.0829,2.6488,ens_037,monthly,1993-2016
C3S,JMA,dynamical,2026-07-01,2026-07,0,2.196,0.721,1.475,ens_038,monthly,1993-2016
C3S,JMA,dynamical,2026-07-01,2026-08,1,3.0041,0.8294,2.1747,ens_038,monthly,1993-2016
C3S,JMA,dynamical,2026-07-01,2026-09,2,3.6319,1.0097,2.6222,ens_038,monthly,1993-2016
C3S,JMA,dynamical,2026-07-01,2026-10,3,3.9677,1.1295,2.8382,ens_038,monthly,1993-2016
C3S,JMA,dynamical,2026-07-01,2026-11,4,4.2125,1.2226,2.9899,ens_038,monthly,1993-2016
C3S,JMA,dynamical,2026-07-01,2026-12,5,4.0413,1.2654,2.7759,ens_038,monthly,1993-2016
C3S,JMA,dynamical,2026-07-01,2026-07,0,2.2576,0.6953,1.5624,ens_039,monthly,1993-2016
C3S,JMA,dynamical,2026-07-01,2026-08,1,3.1311,0.8349,2.2962,ens_039,monthly,1993-2016
C3S,JMA,dynamical,2026-07-01,2026-09,2,3.574,0.9367,2.6373,ens_039,monthly,1993-2016
C3S,JMA,dynamical,2026-07-01,2026-10,3,3.8418,1.0671,2.7747,ens_039,monthly,1993-2016
C3S,JMA,dynamical,2026-07-01,2026-11,4,3.9017,1.1168,2.7849,ens_039,monthly,1993-2016
C3S,JMA,dynamical,2026-07-01,2026-12,5,3.9208,1.1651,2.7557,ens_039,monthly,1993-2016
C3S,JMA,dynamical,2026-07-01,2026-07,0,2.2052,0.7259,1.4792,ens_040,monthly,1993-2016
C3S,JMA,dynamical,2026-07-01,2026-08,1,3.102,0.8385,2.2634,ens_040,monthly,1993-2016
C3S,JMA,dynamical,2026-07-01,2026-09,2,3.6457,0.9516,2.694,ens_040,monthly,1993-2016
C3S,JMA,dynamical,2026-07-01,2026-10,3,4.0526,1.1168,2.9358,ens_040,monthly,1993-2016
C3S,JMA,dynamical,2026-07-01,2026-11,4,4.0277,1.2356,2.7921,ens_040,monthly,1993-2016
C3S,JMA,dynamical,2026-07-01,2026-12,5,4.0433,1.3595,2.6838,ens_040,monthly,1993-2016
C3S,JMA,dynamical,2026-07-01,2026-07,0,2.0966,0.6781,1.4185,ens_041,monthly,1993-2016
C3S,JMA,dynamical,2026-07-01,2026-08,1,2.7684,0.7922,1.9762,ens_041,monthly,1993-2016
C3S,JMA,dynamical,2026-07-01,2026-09,2,3.1644,0.895,2.2695,ens_041,monthly,1993-2016
C3S,JMA,dynamical,2026-07-01,2026-10,3,3.3796,0.9933,2.3863,ens_041,monthly,1993-2016
C3S,JMA,dynamical,2026-07-01,2026-11,4,3.5423,1.0374,2.5049,ens_041,monthly,1993-2016
C3S,JMA,dynamical,2026-07-01,2026-12,5,3.7855,1.1343,2.6512,ens_041,monthly,1993-2016
C3S,JMA,dynamical,2026-07-01,2026-07,0,2.1114,0.7276,1.3838,ens_042,monthly,1993-2016
C3S,JMA,dynamical,2026-07-01,2026-08,1,2.8455,0.8723,1.9732,ens_042,monthly,1993-2016
C3S,JMA,dynamical,2026-07-01,2026-09,2,3.4318,0.9892,2.4426,ens_042,monthly,1993-2016
C3S,JMA,dynamical,2026-07-01,2026-10,3,3.6504,1.0826,2.5678,ens_042,monthly,1993-2016
C3S,JMA,dynamical,2026-07-01,2026-11,4,3.9231,1.1982,2.7248,ens_042,monthly,1993-2016
C3S,JMA,dynamical,2026-07-01,2026-12,5,4.0642,1.2065,2.8576,ens_042,monthly,1993-2016
C3S,JMA,dynamical,2026-07-01,2026-07,0,2.1453,0.7158,1.4295,ens_043,monthly,1993-2016
C3S,JMA,dynamical,2026-07-01,2026-08,1,2.8447,0.8289,2.0158,ens_043,monthly,1993-2016
C3S,JMA,dynamical,2026-07-01,2026-09,2,3.2407,0.868,2.3727,ens_043,monthly,1993-2016
C3S,JMA,dynamical,2026-07-01,2026-10,3,3.4164,0.9466,2.4698,ens_043,monthly,1993-2016
C3S,JMA,dynamical,2026-07-01,2026-11,4,3.5128,0.9768,2.536,ens_043,monthly,1993-2016
C3S,JMA,dynamical,2026-07-01,2026-12,5,3.616,1.0457,2.5702,ens_043,monthly,1993-2016
C3S,JMA,dynamical,2026-07-01,2026-07,0,2.0676,0.7006,1.3669,ens_044,monthly,1993-2016
C3S,JMA,dynamical,2026-07-01,2026-08,1,2.9067,0.8044,2.1023,ens_044,monthly,1993-2016
C3S,JMA,dynamical,2026-07-01,2026-09,2,3.4249,0.9334,2.4915,ens_044,monthly,1993-2016
C3S,JMA,dynamical,2026-07-01,2026-10,3,3.6313,1.0355,2.5958,ens_044,monthly,1993-2016
C3S,JMA,dynamical,2026-07-01,2026-11,4,3.7589,1.1102,2.6487,ens_044,monthly,1993-2016
C3S,JMA,dynamical,2026-07-01,2026-12,5,3.8189,1.1744,2.6446,ens_044,monthly,1993-2016
C3S,JMA,dynamical,2026-07-01,2026-07,0,2.2467,0.7514,1.4952,ens_045,monthly,1993-2016
C3S,JMA,dynamical,2026-07-01,2026-08,1,3.046,0.8654,2.1805,ens_045,monthly,1993-2016
C3S,JMA,dynamical,2026-07-01,2026-09,2,3.5276,0.9732,2.5544,ens_045,monthly,1993-2016
C3S,JMA,dynamical,2026-07-01,2026-10,3,3.8345,1.1181,2.7164,ens_045,monthly,1993-2016
C3S,JMA,dynamical,2026-07-01,2026-11,4,3.9778,1.2773,2.7006,ens_045,monthly,1993-2016
C3S,JMA,dynamical,2026-07-01,2026-12,5,4.0231,1.2428,2.7802,ens_045,monthly,1993-2016
C3S,JMA,dynamical,2026-07-01,2026-07,0,2.2266,0.7249,1.5017,ens_046,monthly,1993-2016
C3S,JMA,dynamical,2026-07-01,2026-08,1,3.0608,0.8456,2.2152,ens_046,monthly,1993-2016
C3S,JMA,dynamical,2026-07-01,2026-09,2,3.5776,0.9291,2.6485,ens_046,monthly,1993-2016
C3S,JMA,dynamical,2026-07-01,2026-10,3,3.7647,1.0661,2.6987,ens_046,monthly,1993-2016
C3S,JMA,dynamical,2026-07-01,2026-11,4,3.9233,1.1908,2.7324,ens_046,monthly,1993-2016
C3S,JMA,dynamical,2026-07-01,2026-12,5,4.0194,1.237,2.7824,ens_046,monthly,1993-2016
C3S,JMA,dynamical,2026-07-01,2026-07,0,2.0557,0.6956,1.36,ens_047,monthly,1993-2016
C3S,JMA,dynamical,2026-07-01,2026-08,1,2.6769,0.7395,1.9374,ens_047,monthly,1993-2016
C3S,JMA,dynamical,2026-07-01,2026-09,2,3.0762,0.8367,2.2395,ens_047,monthly,1993-2016
C3S,JMA,dynamical,2026-07-01,2026-10,3,3.1919,0.904,2.2879,ens_047,monthly,1993-2016
C3S,JMA,dynamical,2026-07-01,2026-11,4,3.1985,0.9201,2.2785,ens_047,monthly,1993-2016
C3S,JMA,dynamical,2026-07-01,2026-12,5,3.3178,1.0192,2.2986,ens_047,monthly,1993-2016
C3S,JMA,dynamical,2026-07-01,2026-07,0,2.1756,0.7492,1.4263,ens_048,monthly,1993-2016
C3S,JMA,dynamical,2026-07-01,2026-08,1,2.8045,0.8175,1.987,ens_048,monthly,1993-2016
C3S,JMA,dynamical,2026-07-01,2026-09,2,3.1601,0.8808,2.2793,ens_048,monthly,1993-2016
C3S,JMA,dynamical,2026-07-01,2026-10,3,3.3164,0.9345,2.3818,ens_048,monthly,1993-2016
C3S,JMA,dynamical,2026-07-01,2026-11,4,3.3908,1.0607,2.3301,ens_048,monthly,1993-2016
C3S,JMA,dynamical,2026-07-01,2026-12,5,3.5224,1.1229,2.3995,ens_048,monthly,1993-2016
C3S,JMA,dynamical,2026-07-01,2026-07,0,2.0761,0.7083,1.3678,ens_049,monthly,1993-2016
C3S,JMA,dynamical,2026-07-01,2026-08,1,2.7607,0.7787,1.982,ens_049,monthly,1993-2016
C3S,JMA,dynamical,2026-07-01,2026-09,2,3.1874,0.8701,2.3173,ens_049,monthly,1993-2016
C3S,JMA,dynamical,2026-07-01,2026-10,3,3.4596,1.0256,2.434,ens_049,monthly,1993-2016
C3S,JMA,dynamical,2026-07-01,2026-11,4,3.5032,1.0992,2.4041,ens_049,monthly,1993-2016
C3S,JMA,dynamical,2026-07-01,2026-12,5,3.6894,1.1712,2.5182,ens_049,monthly,1993-2016
C3S,JMA,dynamical,2026-07-01,2026-07,0,2.0536,0.6985,1.3551,ens_050,monthly,1993-2016
C3S,JMA,dynamical,2026-07-01,2026-08,1,2.7333,0.7591,1.9742,ens_050,monthly,1993-2016
C3S,JMA,dynamical,2026-07-01,2026-09,2,3.123,0.8883,2.2347,ens_050,monthly,1993-2016
C3S,JMA,dynamical,2026-07-01,2026-10,3,3.152,0.9581,2.1939,ens_050,monthly,1993-2016
C3S,JMA,dynamical,2026-07-01,2026-11,4,3.3899,1.0811,2.3088,ens_050,monthly,1993-2016
C3S,JMA,dynamical,2026-07-01,2026-12,5,3.5363,1.1955,2.3408,ens_050,monthly,1993-2016
C3S,JMA,dynamical,2026-07-01,2026-07,0,2.171,0.732,1.439,ens_051,monthly,1993-2016
C3S,JMA,dynamical,2026-07-01,2026-08,1,3.0217,0.8234,2.1984,ens_051,monthly,1993-2016
C3S,JMA,dynamical,2026-07-01,2026-09,2,3.4167,0.9155,2.5012,ens_051,monthly,1993-2016
C3S,JMA,dynamical,2026-07-01,2026-10,3,3.5657,0.9917,2.574,ens_051,monthly,1993-2016
C3S,JMA,dynamical,2026-07-01,2026-11,4,3.7326,1.1098,2.6229,ens_051,monthly,1993-2016
C3S,JMA,dynamical,2026-07-01,2026-12,5,3.8221,1.1694,2.6527,ens_051,monthly,1993-2016
C3S,JMA,dynamical,2026-07-01,2026-07,0,2.0838,0.7536,1.3301,ens_052,monthly,1993-2016
C3S,JMA,dynamical,2026-07-01,2026-08,1,2.7596,0.8327,1.9269,ens_052,monthly,1993-2016
C3S,JMA,dynamical,2026-07-01,2026-09,2,3.1172,0.8732,2.244,ens_052,monthly,1993-2016
C3S,JMA,dynamical,2026-07-01,2026-10,3,3.2621,0.96,2.3021,ens_052,monthly,1993-2016
C3S,JMA,dynamical,2026-07-01,2026-11,4,3.4236,1.0067,2.4169,ens_052,monthly,1993-2016
C3S,JMA,dynamical,2026-07-01,2026-12,5,3.6258,1.0184,2.6074,ens_052,monthly,1993-2016
C3S,JMA,dynamical,2026-07-01,2026-07,0,2.0382,0.7105,1.3277,ens_053,monthly,1993-2016
C3S,JMA,dynamical,2026-07-01,2026-08,1,2.7144,0.7639,1.9505,ens_053,monthly,1993-2016
C3S,JMA,dynamical,2026-07-01,2026-09,2,3.0812,0.8083,2.2729,ens_053,monthly,1993-2016
C3S,JMA,dynamical,2026-07-01,2026-10,3,3.2363,0.9012,2.3351,ens_053,monthly,1993-2016
C3S,JMA,dynamical,2026-07-01,2026-11,4,3.3563,1.0188,2.3375,ens_053,monthly,1993-2016
C3S,JMA,dynamical,2026-07-01,2026-12,5,3.4559,1.0503,2.4056,ens_053,monthly,1993-2016
C3S,JMA,dynamical,2026-07-01,2026-07,0,2.0246,0.73,1.2947,ens_054,monthly,1993-2016
C3S,JMA,dynamical,2026-07-01,2026-08,1,2.7314,0.8304,1.9009,ens_054,monthly,1993-2016
C3S,JMA,dynamical,2026-07-01,2026-09,2,3.2833,0.9436,2.3397,ens_054,monthly,1993-2016
C3S,JMA,dynamical,2026-07-01,2026-10,3,3.5037,1.0571,2.4466,ens_054,monthly,1993-2016
C3S,JMA,dynamical,2026-07-01,2026-11,4,3.7124,1.109,2.6035,ens_054,monthly,1993-2016
C3S,JMA,dynamical,2026-07-01,2026-12,5,3.8578,1.139,2.7189,ens_054,monthly,1993-2016
C3S,JMA,dynamical,2026-07-01,2026-07,0,2.073,0.6673,1.4057,ens_055,monthly,1993-2016
C3S,JMA,dynamical,2026-07-01,2026-08,1,2.7614,0.7624,1.999,ens_055,monthly,1993-2016
C3S,JMA,dynamical,2026-07-01,2026-09,2,3.3204,0.9134,2.407,ens_055,monthly,1993-2016
C3S,JMA,dynamical,2026-07-01,2026-10,3,3.6724,1.0675,2.6049,ens_055,monthly,1993-2016
C3S,JMA,dynamical,2026-07-01,2026-11,4,3.93,1.1781,2.7519,ens_055,monthly,1993-2016
C3S,JMA,dynamical,2026-07-01,2026-12,5,4.0789,1.2733,2.8056,ens_055,monthly,1993-2016
C3S,JMA,dynamical,2026-07-01,2026-07,0,2.0891,0.6808,1.4082,ens_056,monthly,1993-2016
C3S,JMA,dynamical,2026-07-01,2026-08,1,2.7138,0.7346,1.9792,ens_056,monthly,1993-2016
C3S,JMA,dynamical,2026-07-01,2026-09,2,3.0672,0.8172,2.25,ens_056,monthly,1993-2016
C3S,JMA,dynamical,2026-07-01,2026-10,3,3.352,0.9493,2.4027,ens_056,monthly,1993-2016
C3S,JMA,dynamical,2026-07-01,2026-11,4,3.6614,1.0409,2.6205,ens_056,monthly,1993-2016
C3S,JMA,dynamical,2026-07-01,2026-12,5,3.6689,1.0682,2.6008,ens_056,monthly,1993-2016
C3S,JMA,dynamical,2026-07-01,2026-07,0,2.0737,0.7575,1.3162,ens_057,monthly,1993-2016
C3S,JMA,dynamical,2026-07-01,2026-08,1,2.8629,0.8868,1.9761,ens_057,monthly,1993-2016
C3S,JMA,dynamical,2026-07-01,2026-09,2,3.5246,1.0385,2.4861,ens_057,monthly,1993-2016
C3S,JMA,dynamical,2026-07-01,2026-10,3,3.7736,1.1625,2.6112,ens_057,monthly,1993-2016
C3S,JMA,dynamical,2026-07-01,2026-11,4,3.9489,1.2419,2.707,ens_057,monthly,1993-2016
C3S,JMA,dynamical,2026-07-01,2026-12,5,4.0782,1.3088,2.7694,ens_057,monthly,1993-2016
C3S,JMA,dynamical,2026-07-01,2026-07,0,2.057,0.7283,1.3287,ens_058,monthly,1993-2016
C3S,JMA,dynamical,2026-07-01,2026-08,1,2.8946,0.8629,2.0316,ens_058,monthly,1993-2016
C3S,JMA,dynamical,2026-07-01,2026-09,2,3.3269,0.9552,2.3717,ens_058,monthly,1993-2016
C3S,JMA,dynamical,2026-07-01,2026-10,3,3.5718,1.1306,2.4413,ens_058,monthly,1993-2016
C3S,JMA,dynamical,2026-07-01,2026-11,4,3.7984,1.1959,2.6025,ens_058,monthly,1993-2016
C3S,JMA,dynamical,2026-07-01,2026-12,5,4.0083,1.2359,2.7724,ens_058,monthly,1993-2016
C3S,JMA,dynamical,2026-07-01,2026-07,0,2.1828,0.7036,1.4792,ens_059,monthly,1993-2016
C3S,JMA,dynamical,2026-07-01,2026-08,1,2.9984,0.7967,2.2018,ens_059,monthly,1993-2016
C3S,JMA,dynamical,2026-07-01,2026-09,2,3.3175,0.8672,2.4503,ens_059,monthly,1993-2016
C3S,JMA,dynamical,2026-07-01,2026-10,3,3.5009,0.963,2.5379,ens_059,monthly,1993-2016
C3S,JMA,dynamical,2026-07-01,2026-11,4,3.7644,1.0391,2.7253,ens_059,monthly,1993-2016
C3S,JMA,dynamical,2026-07-01,2026-12,5,3.9431,1.0806,2.8626,ens_059,monthly,1993-2016
C3S,JMA,dynamical,2026-07-01,2026-07,0,2.1736,0.7329,1.4407,ens_060,monthly,1993-2016
C3S,JMA,dynamical,2026-07-01,2026-08,1,2.9646,0.8606,2.104,ens_060,monthly,1993-2016
C3S,JMA,dynamical,2026-07-01,2026-09,2,3.4404,1.0094,2.431,ens_060,monthly,1993-2016
C3S,JMA,dynamical,2026-07-01,2026-10,3,3.7332,1.1286,2.6045,ens_060,monthly,1993-2016
C3S,JMA,dynamical,2026-07-01,2026-11,4,3.8961,1.2404,2.6557,ens_060,monthly,1993-2016
C3S,JMA,dynamical,2026-07-01,2026-12,5,3.8081,1.3283,2.4798,ens_060,monthly,1993-2016
C3S,JMA,dynamical,2026-07-01,2026-07,0,2.0834,0.7079,1.3755,ens_061,monthly,1993-2016
C3S,JMA,dynamical,2026-07-01,2026-08,1,2.8983,0.8337,2.0647,ens_061,monthly,1993-2016
C3S,JMA,dynamical,2026-07-01,2026-09,2,3.3155,0.9557,2.3598,ens_061,monthly,1993-2016
C3S,JMA,dynamical,2026-07-01,2026-10,3,3.6076,1.0814,2.5263,ens_061,monthly,1993-2016
C3S,JMA,dynamical,2026-07-01,2026-11,4,3.6628,1.1763,2.4865,ens_061,monthly,1993-2016
C3S,JMA,dynamical,2026-07-01,2026-12,5,3.8966,1.1997,2.6969,ens_061,monthly,1993-2016
C3S,JMA,dynamical,2026-07-01,2026-07,0,2.1121,0.7115,1.4007,ens_062,monthly,1993-2016
C3S,JMA,dynamical,2026-07-01,2026-08,1,2.7409,0.7988,1.942,ens_062,monthly,1993-2016
C3S,JMA,dynamical,2026-07-01,2026-09,2,3.1973,0.8634,2.334,ens_062,monthly,1993-2016
C3S,JMA,dynamical,2026-07-01,2026-10,3,3.512,0.9218,2.5902,ens_062,monthly,1993-2016
C3S,JMA,dynamical,2026-07-01,2026-11,4,3.7478,1.0319,2.716,ens_062,monthly,1993-2016
C3S,JMA,dynamical,2026-07-01,2026-12,5,3.8879,1.0858,2.8021,ens_062,monthly,1993-2016
C3S,JMA,dynamical,2026-07-01,2026-07,0,2.0423,0.736,1.3064,ens_063,monthly,1993-2016
C3S,JMA,dynamical,2026-07-01,2026-08,1,2.9047,0.827,2.0777,ens_063,monthly,1993-2016
C3S,JMA,dynamical,2026-07-01,2026-09,2,3.3837,0.8979,2.4858,ens_063,monthly,1993-2016
C3S,JMA,dynamical,2026-07-01,2026-10,3,3.6736,1.0536,2.6201,ens_063,monthly,1993-2016
C3S,JMA,dynamical,2026-07-01,2026-11,4,3.818,1.1607,2.6573,ens_063,monthly,1993-2016
C3S,JMA,dynamical,2026-07-01,2026-12,5,3.9043,1.1796,2.7247,ens_063,monthly,1993-2016
C3S,JMA,dynamical,2026-07-01,2026-07,0,2.0486,0.6858,1.3628,ens_064,monthly,1993-2016
C3S,JMA,dynamical,2026-07-01,2026-08,1,2.7051,0.7854,1.9197,ens_064,monthly,1993-2016
C3S,JMA,dynamical,2026-07-01,2026-09,2,3.0971,0.8868,2.2104,ens_064,monthly,1993-2016
C3S,JMA,dynamical,2026-07-01,2026-10,3,3.2436,1.0412,2.2024,ens_064,monthly,1993-2016
C3S,JMA,dynamical,2026-07-01,2026-11,4,3.395,1.0995,2.2954,ens_064,monthly,1993-2016
C3S,JMA,dynamical,2026-07-01,2026-12,5,3.4854,1.1078,2.3776,ens_064,monthly,1993-2016
C3S,JMA,dynamical,2026-07-01,2026-07,0,2.1849,0.7245,1.4604,ens_065,monthly,1993-2016
C3S,JMA,dynamical,2026-07-01,2026-08,1,3.0002,0.8272,2.173,ens_065,monthly,1993-2016
C3S,JMA,dynamical,2026-07-01,2026-09,2,3.5165,0.9643,2.5522,ens_065,monthly,1993-2016
C3S,JMA,dynamical,2026-07-01,2026-10,3,3.8012,1.0233,2.7779,ens_065,monthly,1993-2016
C3S,JMA,dynamical,2026-07-01,2026-11,4,3.9902,1.1459,2.8443,ens_065,monthly,1993-2016
C3S,JMA,dynamical,2026-07-01,2026-12,5,4.0124,1.2112,2.8012,ens_065,monthly,1993-2016
C3S,JMA,dynamical,2026-07-01,2026-07,0,2.0258,0.7293,1.2966,ens_066,monthly,1993-2016
C3S,JMA,dynamical,2026-07-01,2026-08,1,2.6991,0.8242,1.8749,ens_066,monthly,1993-2016
C3S,JMA,dynamical,2026-07-01,2026-09,2,3.1183,0.905,2.2133,ens_066,monthly,1993-2016
C3S,JMA,dynamical,2026-07-01,2026-10,3,3.3763,1.0104,2.3659,ens_066,monthly,1993-2016
C3S,JMA,dynamical,2026-07-01,2026-11,4,3.5404,1.1145,2.4259,ens_066,monthly,1993-2016
C3S,JMA,dynamical,2026-07-01,2026-12,5,3.5962,1.1298,2.4663,ens_066,monthly,1993-2016
C3S,JMA,dynamical,2026-07-01,2026-07,0,2.2035,0.76,1.4434,ens_067,monthly,1993-2016
C3S,JMA,dynamical,2026-07-01,2026-08,1,2.9529,0.8519,2.1009,ens_067,monthly,1993-2016
C3S,JMA,dynamical,2026-07-01,2026-09,2,3.4163,0.9561,2.4602,ens_067,monthly,1993-2016
C3S,JMA,dynamical,2026-07-01,2026-10,3,3.5222,1.0687,2.4536,ens_067,monthly,1993-2016
C3S,JMA,dynamical,2026-07-01,2026-11,4,3.6826,1.1073,2.5754,ens_067,monthly,1993-2016
C3S,JMA,dynamical,2026-07-01,2026-12,5,3.8282,1.1602,2.668,ens_067,monthly,1993-2016
C3S,JMA,dynamical,2026-07-01,2026-07,0,2.129,0.7343,1.3947,ens_068,monthly,1993-2016
C3S,JMA,dynamical,2026-07-01,2026-08,1,2.9872,0.8309,2.1563,ens_068,monthly,1993-2016
C3S,JMA,dynamical,2026-07-01,2026-09,2,3.5375,0.8851,2.6524,ens_068,monthly,1993-2016
C3S,JMA,dynamical,2026-07-01,2026-10,3,3.8297,0.9891,2.8406,ens_068,monthly,1993-2016
C3S,JMA,dynamical,2026-07-01,2026-11,4,3.9588,1.1048,2.854,ens_068,monthly,1993-2016
C3S,JMA,dynamical,2026-07-01,2026-12,5,4.0101,1.1983,2.8118,ens_068,monthly,1993-2016
C3S,JMA,dynamical,2026-07-01,2026-07,0,2.1453,0.7058,1.4395,ens_069,monthly,1993-2016
C3S,JMA,dynamical,2026-07-01,2026-08,1,2.6889,0.7005,1.9884,ens_069,monthly,1993-2016
C3S,JMA,dynamical,2026-07-01,2026-09,2,3.0695,0.7934,2.2761,ens_069,monthly,1993-2016
C3S,JMA,dynamical,2026-07-01,2026-10,3,3.3236,0.8911,2.4324,ens_069,monthly,1993-2016
C3S,JMA,dynamical,2026-07-01,2026-11,4,3.6792,1.0685,2.6107,ens_069,monthly,1993-2016
C3S,JMA,dynamical,2026-07-01,2026-12,5,3.7971,1.133,2.6642,ens_069,monthly,1993-2016
C3S,JMA,dynamical,2026-07-01,2026-07,0,2.1355,0.762,1.3735,ens_070,monthly,1993-2016
C3S,JMA,dynamical,2026-07-01,2026-08,1,2.8338,0.8834,1.9504,ens_070,monthly,1993-2016
C3S,JMA,dynamical,2026-07-01,2026-09,2,3.337,1.0195,2.3175,ens_070,monthly,1993-2016
C3S,JMA,dynamical,2026-07-01,2026-10,3,3.6849,1.1206,2.5642,ens_070,monthly,1993-2016
C3S,JMA,dynamical,2026-07-01,2026-11,4,3.856,1.2232,2.6328,ens_070,monthly,1993-2016
C3S,JMA,dynamical,2026-07-01,2026-12,5,3.7934,1.2337,2.5597,ens_070,monthly,1993-2016
C3S,JMA,dynamical,2026-07-01,2026-07,0,2.3216,0.719,1.6025,ens_071,monthly,1993-2016
C3S,JMA,dynamical,2026-07-01,2026-08,1,3.0031,0.8368,2.1663,ens_071,monthly,1993-2016
C3S,JMA,dynamical,2026-07-01,2026-09,2,3.3912,0.9185,2.4726,ens_071,monthly,1993-2016
C3S,JMA,dynamical,2026-07-01,2026-10,3,3.6268,1.049,2.5778,ens_071,monthly,1993-2016
C3S,JMA,dynamical,2026-07-01,2026-11,4,3.8562,1.1088,2.7474,ens_071,monthly,1993-2016
C3S,JMA,dynamical,2026-07-01,2026-12,5,3.9457,1.1702,2.7754,ens_071,monthly,1993-2016
C3S,JMA,dynamical,2026-07-01,2026-07,0,1.9287,0.6815,1.2472,ens_072,monthly,1993-2016
C3S,JMA,dynamical,2026-07-01,2026-08,1,2.4179,0.7317,1.6862,ens_072,monthly,1993-2016
C3S,JMA,dynamical,2026-07-01,2026-09,2,2.8351,0.8323,2.0028,ens_072,monthly,1993-2016
C3S,JMA,dynamical,2026-07-01,2026-10,3,3.1249,0.8827,2.2422,ens_072,monthly,1993-2016
C3S,JMA,dynamical,2026-07-01,2026-11,4,3.4318,0.9605,2.4713,ens_072,monthly,1993-2016
C3S,JMA,dynamical,2026-07-01,2026-12,5,3.6447,0.992,2.6527,ens_072,monthly,1993-2016
C3S,JMA,dynamical,2026-07-01,2026-07,0,2.2159,0.7644,1.4515,ens_073,monthly,1993-2016
C3S,JMA,dynamical,2026-07-01,2026-08,1,3.01,0.8397,2.1702,ens_073,monthly,1993-2016
C3S,JMA,dynamical,2026-07-01,2026-09,2,3.5769,0.944,2.633,ens_073,monthly,1993-2016
C3S,JMA,dynamical,2026-07-01,2026-10,3,3.8814,1.0932,2.7881,ens_073,monthly,1993-2016
C3S,JMA,dynamical,2026-07-01,2026-11,4,4.0186,1.1401,2.8785,ens_073,monthly,1993-2016
C3S,JMA,dynamical,2026-07-01,2026-12,5,4.1025,1.243,2.8595,ens_073,monthly,1993-2016
C3S,JMA,dynamical,2026-07-01,2026-07,0,2.1375,0.7378,1.3996,ens_074,monthly,1993-2016
C3S,JMA,dynamical,2026-07-01,2026-08,1,2.8569,0.7883,2.0686,ens_074,monthly,1993-2016
C3S,JMA,dynamical,2026-07-01,2026-09,2,3.2875,0.8959,2.3916,ens_074,monthly,1993-2016
C3S,JMA,dynamical,2026-07-01,2026-10,3,3.5283,0.9729,2.5553,ens_074,monthly,1993-2016
C3S,JMA,dynamical,2026-07-01,2026-11,4,3.6243,1.0682,2.5561,ens_074,monthly,1993-2016
C3S,JMA,dynamical,2026-07-01,2026-12,5,3.7196,1.1326,2.587,ens_074,monthly,1993-2016
C3S,JMA,dynamical,2026-07-01,2026-07,0,2.2109,0.7495,1.4614,ens_075,monthly,1993-2016
C3S,JMA,dynamical,2026-07-01,2026-08,1,2.9984,0.8302,2.1682,ens_075,monthly,1993-2016
C3S,JMA,dynamical,2026-07-01,2026-09,2,3.3466,0.9294,2.4173,ens_075,monthly,1993-2016
C3S,JMA,dynamical,2026-07-01,2026-10,3,3.5801,0.9872,2.5929,ens_075,monthly,1993-2016
C3S,JMA,dynamical,2026-07-01,2026-11,4,3.7017,1.0787,2.6229,ens_075,monthly,1993-2016
C3S,JMA,dynamical,2026-07-01,2026-12,5,3.9391,1.1594,2.7797,ens_075,monthly,1993-2016
C3S,JMA,dynamical,2026-07-01,2026-07,0,2.1731,0.7612,1.4118,ens_076,monthly,1993-2016
C3S,JMA,dynamical,2026-07-01,2026-08,1,2.8463,0.8629,1.9834,ens_076,monthly,1993-2016
C3S,JMA,dynamical,2026-07-01,2026-09,2,3.0654,0.9196,2.1458,ens_076,monthly,1993-2016
C3S,JMA,dynamical,2026-07-01,2026-10,3,3.1967,1.0128,2.1839,ens_076,monthly,1993-2016
C3S,JMA,dynamical,2026-07-01,2026-11,4,3.3789,1.0609,2.3179,ens_076,monthly,1993-2016
C3S,JMA,dynamical,2026-07-01,2026-12,5,3.5182,1.0862,2.432,ens_076,monthly,1993-2016
C3S,JMA,dynamical,2026-07-01,2026-07,0,2.0878,0.7478,1.34,ens_077,monthly,1993-2016
C3S,JMA,dynamical,2026-07-01,2026-08,1,2.949,0.7992,2.1498,ens_077,monthly,1993-2016
C3S,JMA,dynamical,2026-07-01,2026-09,2,3.4818,0.9234,2.5583,ens_077,monthly,1993-2016
C3S,JMA,dynamical,2026-07-01,2026-10,3,3.6851,1.0258,2.6593,ens_077,monthly,1993-2016
C3S,JMA,dynamical,2026-07-01,2026-11,4,3.9071,1.101,2.8061,ens_077,monthly,1993-2016
C3S,JMA,dynamical,2026-07-01,2026-12,5,3.9213,1.1489,2.7723,ens_077,monthly,1993-2016
C3S,JMA,dynamical,2026-07-01,2026-07,0,2.0905,0.7216,1.3688,ens_078,monthly,1993-2016
C3S,JMA,dynamical,2026-07-01,2026-08,1,2.8252,0.7618,2.0634,ens_078,monthly,1993-2016
C3S,JMA,dynamical,2026-07-01,2026-09,2,3.3353,0.8804,2.4548,ens_078,monthly,1993-2016
C3S,JMA,dynamical,2026-07-01,2026-10,3,3.5518,1.0162,2.5356,ens_078,monthly,1993-2016
C3S,JMA,dynamical,2026-07-01,2026-11,4,3.7972,1.0662,2.731,ens_078,monthly,1993-2016
C3S,JMA,dynamical,2026-07-01,2026-12,5,3.8286,1.0611,2.7675,ens_078,monthly,1993-2016
C3S,JMA,dynamical,2026-07-01,2026-07,0,2.0214,0.6876,1.3338,ens_079,monthly,1993-2016
C3S,JMA,dynamical,2026-07-01,2026-08,1,2.7791,0.7763,2.0028,ens_079,monthly,1993-2016
C3S,JMA,dynamical,2026-07-01,2026-09,2,3.1168,0.8609,2.2559,ens_079,monthly,1993-2016
C3S,JMA,dynamical,2026-07-01,2026-10,3,3.3192,0.9192,2.4,ens_079,monthly,1993-2016
C3S,JMA,dynamical,2026-07-01,2026-11,4,3.4343,1.0139,2.4204,ens_079,monthly,1993-2016
C3S,JMA,dynamical,2026-07-01,2026-12,5,3.624,1.0131,2.6109,ens_079,monthly,1993-2016
C3S,JMA,dynamical,2026-07-01,2026-07,0,2.2009,0.7699,1.431,ens_080,monthly,1993-2016
C3S,JMA,dynamical,2026-07-01,2026-08,1,3.1397,0.9317,2.208,ens_080,monthly,1993-2016
C3S,JMA,dynamical,2026-07-01,2026-09,2,3.9656,1.0909,2.8748,ens_080,monthly,1993-2016
C3S,JMA,dynamical,2026-07-01,2026-10,3,4.2734,1.2486,3.0248,ens_080,monthly,1993-2016
C3S,JMA,dynamical,2026-07-01,2026-11,4,4.2535,1.3886,2.8649,ens_080,monthly,1993-2016
C3S,JMA,dynamical,2026-07-01,2026-12,5,3.901,1.369,2.532,ens_080,monthly,1993-2016
C3S,JMA,dynamical,2026-07-01,2026-07,0,2.1843,0.7264,1.4579,ens_081,monthly,1993-2016
C3S,JMA,dynamical,2026-07-01,2026-08,1,2.8771,0.8431,2.034,ens_081,monthly,1993-2016
C3S,JMA,dynamical,2026-07-01,2026-09,2,3.4548,0.9763,2.4785,ens_081,monthly,1993-2016
C3S,JMA,dynamical,2026-07-01,2026-10,3,3.8092,0.9974,2.8118,ens_081,monthly,1993-2016
C3S,JMA,dynamical,2026-07-01,2026-11,4,3.9331,1.0377,2.8953,ens_081,monthly,1993-2016
C3S,JMA,dynamical,2026-07-01,2026-12,5,3.8964,1.1344,2.762,ens_081,monthly,1993-2016
C3S,JMA,dynamical,2026-07-01,2026-07,0,2.0631,0.7252,1.3379,ens_082,monthly,1993-2016
C3S,JMA,dynamical,2026-07-01,2026-08,1,2.883,0.8002,2.0828,ens_082,monthly,1993-2016
C3S,JMA,dynamical,2026-07-01,2026-09,2,3.5218,0.9298,2.592,ens_082,monthly,1993-2016
C3S,JMA,dynamical,2026-07-01,2026-10,3,3.7386,1.0999,2.6387,ens_082,monthly,1993-2016
C3S,JMA,dynamical,2026-07-01,2026-11,4,4.0125,1.1761,2.8364,ens_082,monthly,1993-2016
C3S,JMA,dynamical,2026-07-01,2026-12,5,4.0505,1.1331,2.9173,ens_082,monthly,1993-2016
C3S,JMA,dynamical,2026-07-01,2026-07,0,2.0652,0.7282,1.3371,ens_083,monthly,1993-2016
C3S,JMA,dynamical,2026-07-01,2026-08,1,2.7922,0.8055,1.9867,ens_083,monthly,1993-2016
C3S,JMA,dynamical,2026-07-01,2026-09,2,3.2065,0.8702,2.3363,ens_083,monthly,1993-2016
C3S,JMA,dynamical,2026-07-01,2026-10,3,3.4485,1.0101,2.4384,ens_083,monthly,1993-2016
C3S,JMA,dynamical,2026-07-01,2026-11,4,3.6401,1.1106,2.5295,ens_083,monthly,1993-2016
C3S,JMA,dynamical,2026-07-01,2026-12,5,3.9216,1.1363,2.7853,ens_083,monthly,1993-2016
C3S,JMA,dynamical,2026-07-01,2026-07,0,2.2414,0.7485,1.4929,ens_084,monthly,1993-2016
C3S,JMA,dynamical,2026-07-01,2026-08,1,3.1606,0.814,2.3465,ens_084,monthly,1993-2016
C3S,JMA,dynamical,2026-07-01,2026-09,2,3.7631,0.9503,2.8128,ens_084,monthly,1993-2016
C3S,JMA,dynamical,2026-07-01,2026-10,3,3.9575,1.0597,2.8978,ens_084,monthly,1993-2016
C3S,JMA,dynamical,2026-07-01,2026-11,4,3.912,1.1641,2.7479,ens_084,monthly,1993-2016
C3S,JMA,dynamical,2026-07-01,2026-12,5,3.9657,1.1717,2.7941,ens_084,monthly,1993-2016
C3S,JMA,dynamical,2026-07-01,2026-07,0,2.2219,0.734,1.4879,ens_085,monthly,1993-2016
C3S,JMA,dynamical,2026-07-01,2026-08,1,2.9956,0.9042,2.0914,ens_085,monthly,1993-2016
C3S,JMA,dynamical,2026-07-01,2026-09,2,3.5551,1.0189,2.5362,ens_085,monthly,1993-2016
C3S,JMA,dynamical,2026-07-01,2026-10,3,3.6765,1.1211,2.5553,ens_085,monthly,1993-2016
C3S,JMA,dynamical,2026-07-01,2026-11,4,3.816,1.223,2.593,ens_085,monthly,1993-2016
C3S,JMA,dynamical,2026-07-01,2026-12,5,3.783,1.2753,2.5076,ens_085,monthly,1993-2016
C3S,JMA,dynamical,2026-07-01,2026-07,0,2.1013,0.7159,1.3854,ens_086,monthly,1993-2016
C3S,JMA,dynamical,2026-07-01,2026-08,1,2.7753,0.7901,1.9852,ens_086,monthly,1993-2016
C3S,JMA,dynamical,2026-07-01,2026-09,2,3.0907,0.8757,2.215,ens_086,monthly,1993-2016
C3S,JMA,dynamical,2026-07-01,2026-10,3,3.2005,0.9424,2.2582,ens_086,monthly,1993-2016
C3S,JMA,dynamical,2026-07-01,2026-11,4,3.3428,0.9792,2.3636,ens_086,monthly,1993-2016
C3S,JMA,dynamical,2026-07-01,2026-12,5,3.6341,1.0278,2.6063,ens_086,monthly,1993-2016
C3S,JMA,dynamical,2026-07-01,2026-07,0,2.116,0.7268,1.3892,ens_087,monthly,1993-2016
C3S,JMA,dynamical,2026-07-01,2026-08,1,2.9507,0.7946,2.1562,ens_087,monthly,1993-2016
C3S,JMA,dynamical,2026-07-01,2026-09,2,3.4799,0.9089,2.571,ens_087,monthly,1993-2016
C3S,JMA,dynamical,2026-07-01,2026-10,3,3.679,0.9862,2.6927,ens_087,monthly,1993-2016
C3S,JMA,dynamical,2026-07-01,2026-11,4,3.7591,1.0875,2.6716,ens_087,monthly,1993-2016
C3S,JMA,dynamical,2026-07-01,2026-12,5,3.8758,1.1572,2.7186,ens_087,monthly,1993-2016
C3S,JMA,dynamical,2026-07-01,2026-07,0,1.971,0.6712,1.2998,ens_088,monthly,1993-2016
C3S,JMA,dynamical,2026-07-01,2026-08,1,2.7084,0.7661,1.9422,ens_088,monthly,1993-2016
C3S,JMA,dynamical,2026-07-01,2026-09,2,3.2551,0.9124,2.3427,ens_088,monthly,1993-2016
C3S,JMA,dynamical,2026-07-01,2026-10,3,3.4579,1.0446,2.4133,ens_088,monthly,1993-2016
C3S,JMA,dynamical,2026-07-01,2026-11,4,3.6465,1.1671,2.4794,ens_088,monthly,1993-2016
C3S,JMA,dynamical,2026-07-01,2026-12,5,3.6699,1.2236,2.4463,ens_088,monthly,1993-2016
C3S,JMA,dynamical,2026-07-01,2026-07,0,2.0873,0.7121,1.3752,ens_089,monthly,1993-2016
C3S,JMA,dynamical,2026-07-01,2026-08,1,2.9894,0.8547,2.1347,ens_089,monthly,1993-2016
C3S,JMA,dynamical,2026-07-01,2026-09,2,3.4562,0.9259,2.5303,ens_089,monthly,1993-2016
C3S,JMA,dynamical,2026-07-01,2026-10,3,3.7383,1.0381,2.7002,ens_089,monthly,1993-2016
C3S,JMA,dynamical,2026-07-01,2026-11,4,3.8846,1.1231,2.7615,ens_089,monthly,1993-2016
C3S,JMA,dynamical,2026-07-01,2026-12,5,3.9038,1.1771,2.7267,ens_089,monthly,1993-2016
C3S,JMA,dynamical,2026-07-01,2026-07,0,2.1485,0.7311,1.4174,ens_090,monthly,1993-2016
C3S,JMA,dynamical,2026-07-01,2026-08,1,3.0423,0.816,2.2263,ens_090,monthly,1993-2016
C3S,JMA,dynamical,2026-07-01,2026-09,2,3.6105,0.9969,2.6136,ens_090,monthly,1993-2016
C3S,JMA,dynamical,2026-07-01,2026-10,3,3.7768,1.151,2.6258,ens_090,monthly,1993-2016
C3S,JMA,dynamical,2026-07-01,2026-11,4,3.9156,1.2156,2.7,ens_090,monthly,1993-2016
C3S,JMA,dynamical,2026-07-01,2026-12,5,3.9833,1.2275,2.7558,ens_090,monthly,1993-2016
C3S,JMA,dynamical,2026-07-01,2026-07,0,2.1442,0.7646,1.3796,ens_091,monthly,1993-2016
C3S,JMA,dynamical,2026-07-01,2026-08,1,2.9684,0.8662,2.1021,ens_091,monthly,1993-2016
C3S,JMA,dynamical,2026-07-01,2026-09,2,3.4233,0.9332,2.4902,ens_091,monthly,1993-2016
C3S,JMA,dynamical,2026-07-01,2026-10,3,3.6595,1.0317,2.6278,ens_091,monthly,1993-2016
C3S,JMA,dynamical,2026-07-01,2026-11,4,3.8585,1.1221,2.7364,ens_091,monthly,1993-2016
C3S,JMA,dynamical,2026-07-01,2026-12,5,3.9192,1.1873,2.7319,ens_091,monthly,1993-2016
C3S,JMA,dynamical,2026-07-01,2026-07,0,2.067,0.7026,1.3644,ens_092,monthly,1993-2016
C3S,JMA,dynamical,2026-07-01,2026-08,1,2.8322,0.7926,2.0396,ens_092,monthly,1993-2016
C3S,JMA,dynamical,2026-07-01,2026-09,2,3.3483,0.8993,2.449,ens_092,monthly,1993-2016
C3S,JMA,dynamical,2026-07-01,2026-10,3,3.6304,0.9919,2.6385,ens_092,monthly,1993-2016
C3S,JMA,dynamical,2026-07-01,2026-11,4,3.6531,1.0992,2.5539,ens_092,monthly,1993-2016
C3S,JMA,dynamical,2026-07-01,2026-12,5,3.8295,1.0534,2.7761,ens_092,monthly,1993-2016
C3S,JMA,dynamical,2026-07-01,2026-07,0,2.0659,0.7173,1.3486,ens_093,monthly,1993-2016
C3S,JMA,dynamical,2026-07-01,2026-08,1,2.7295,0.8123,1.9172,ens_093,monthly,1993-2016
C3S,JMA,dynamical,2026-07-01,2026-09,2,3.2141,0.864,2.3501,ens_093,monthly,1993-2016
C3S,JMA,dynamical,2026-07-01,2026-10,3,3.4684,1.0071,2.4613,ens_093,monthly,1993-2016
C3S,JMA,dynamical,2026-07-01,2026-11,4,3.6719,1.1304,2.5415,ens_093,monthly,1993-2016
C3S,JMA,dynamical,2026-07-01,2026-12,5,3.8891,1.1494,2.7396,ens_093,monthly,1993-2016
C3S,JMA,dynamical,2026-07-01,2026-07,0,1.9837,0.6885,1.2952,ens_094,monthly,1993-2016
C3S,JMA,dynamical,2026-07-01,2026-08,1,2.5381,0.7345,1.8036,ens_094,monthly,1993-2016
C3S,JMA,dynamical,2026-07-01,2026-09,2,2.9065,0.7888,2.1176,ens_094,monthly,1993-2016
C3S,JMA,dynamical,2026-07-01,2026-10,3,3.0958,0.8798,2.216,ens_094,monthly,1993-2016
C3S,JMA,dynamical,2026-07-01,2026-11,4,3.1954,0.9397,2.2557,ens_094,monthly,1993-2016
C3S,JMA,dynamical,2026-07-01,2026-12,5,3.4703,0.979,2.4913,ens_094,monthly,1993-2016
C3S,JMA,dynamical,2026-07-01,2026-07,0,2.0749,0.6969,1.3781,ens_095,monthly,1993-2016
C3S,JMA,dynamical,2026-07-01,2026-08,1,2.7113,0.784,1.9272,ens_095,monthly,1993-2016
C3S,JMA,dynamical,2026-07-01,2026-09,2,3.1333,0.9053,2.228,ens_095,monthly,1993-2016
C3S,JMA,dynamical,2026-07-01,2026-10,3,3.5796,1.0401,2.5395,ens_095,monthly,1993-2016
C3S,JMA,dynamical,2026-07-01,2026-11,4,3.947,1.1514,2.7956,ens_095,monthly,1993-2016
C3S,JMA,dynamical,2026-07-01,2026-12,5,4.1173,1.2245,2.8928,ens_095,monthly,1993-2016
C3S,JMA,dynamical,2026-07-01,2026-07,0,1.9799,0.6841,1.2959,ens_096,monthly,1993-2016
C3S,JMA,dynamical,2026-07-01,2026-08,1,2.6268,0.7435,1.8833,ens_096,monthly,1993-2016
C3S,JMA,dynamical,2026-07-01,2026-09,2,3.1805,0.8136,2.3669,ens_096,monthly,1993-2016
C3S,JMA,dynamical,2026-07-01,2026-10,3,3.3654,0.9365,2.4289,ens_096,monthly,1993-2016
C3S,JMA,dynamical,2026-07-01,2026-11,4,3.4928,1.0263,2.4666,ens_096,monthly,1993-2016
C3S,JMA,dynamical,2026-07-01,2026-12,5,3.636,1.1394,2.4966,ens_096,monthly,1993-2016
C3S,JMA,dynamical,2026-07-01,2026-07,0,1.9841,0.6804,1.3037,ens_097,monthly,1993-2016
C3S,JMA,dynamical,2026-07-01,2026-08,1,2.6323,0.7214,1.9109,ens_097,monthly,1993-2016
C3S,JMA,dynamical,2026-07-01,2026-09,2,3.0508,0.7793,2.2715,ens_097,monthly,1993-2016
C3S,JMA,dynamical,2026-07-01,2026-10,3,3.3612,0.9035,2.4577,ens_097,monthly,1993-2016
C3S,JMA,dynamical,2026-07-01,2026-11,4,3.5677,0.9971,2.5706,ens_097,monthly,1993-2016
C3S,JMA,dynamical,2026-07-01,2026-12,5,3.7605,1.1492,2.6113,ens_097,monthly,1993-2016
C3S,JMA,dynamical,2026-07-01,2026-07,0,2.2033,0.7968,1.4065,ens_098,monthly,1993-2016
C3S,JMA,dynamical,2026-07-01,2026-08,1,2.9199,0.8646,2.0553,ens_098,monthly,1993-2016
C3S,JMA,dynamical,2026-07-01,2026-09,2,3.3622,0.8995,2.4627,ens_098,monthly,1993-2016
C3S,JMA,dynamical,2026-07-01,2026-10,3,3.7925,1.0259,2.7666,ens_098,monthly,1993-2016
C3S,JMA,dynamical,2026-07-01,2026-11,4,4.0052,1.1238,2.8814,ens_098,monthly,1993-2016
C3S,JMA,dynamical,2026-07-01,2026-12,5,3.9219,1.1713,2.7506,ens_098,monthly,1993-2016
C3S,JMA,dynamical,2026-07-01,2026-07,0,2.0959,0.7383,1.3576,ens_099,monthly,1993-2016
C3S,JMA,dynamical,2026-07-01,2026-08,1,2.7531,0.7831,1.97,ens_099,monthly,1993-2016
C3S,JMA,dynamical,2026-07-01,2026-09,2,3.2542,0.8785,2.3757,ens_099,monthly,1993-2016
C3S,JMA,dynamical,2026-07-01,2026-10,3,3.5593,1.0206,2.5386,ens_099,monthly,1993-2016
C3S,JMA,dynamical,2026-07-01,2026-11,4,3.7441,1.1318,2.6123,ens_099,monthly,1993-2016
C3S,JMA,dynamical,2026-07-01,2026-12,5,3.9068,1.2665,2.6403,ens_099,monthly,1993-2016
C3S,JMA,dynamical,2026-07-01,2026-07,0,2.0613,0.7136,1.3477,ens_100,monthly,1993-2016
C3S,JMA,dynamical,2026-07-01,2026-08,1,2.8321,0.7813,2.0508,ens_100,monthly,1993-2016
C3S,JMA,dynamical,2026-07-01,2026-09,2,3.4433,0.9437,2.4996,ens_100,monthly,1993-2016
C3S,JMA,dynamical,2026-07-01,2026-10,3,3.6868,1.057,2.6298,ens_100,monthly,1993-2016
C3S,JMA,dynamical,2026-07-01,2026-11,4,3.8838,1.2233,2.6605,ens_100,monthly,1993-2016
C3S,JMA,dynamical,2026-07-01,2026-12,5,3.9229,1.3111,2.6118,ens_100,monthly,1993-2016
C3S,JMA,dynamical,2026-07-01,2026-07,0,2.1651,0.7162,1.4489,ens_101,monthly,1993-2016
C3S,JMA,dynamical,2026-07-01,2026-08,1,3.0387,0.8132,2.2256,ens_101,monthly,1993-2016
C3S,JMA,dynamical,2026-07-01,2026-09,2,3.5666,0.9416,2.6249,ens_101,monthly,1993-2016
C3S,JMA,dynamical,2026-07-01,2026-10,3,3.8021,1.0527,2.7494,ens_101,monthly,1993-2016
C3S,JMA,dynamical,2026-07-01,2026-11,4,3.9076,1.1396,2.7681,ens_101,monthly,1993-2016
C3S,JMA,dynamical,2026-07-01,2026-12,5,3.9816,1.2714,2.7102,ens_101,monthly,1993-2016
C3S,JMA,dynamical,2026-07-01,2026-07,0,2.1628,0.7582,1.4046,ens_102,monthly,1993-2016
C3S,JMA,dynamical,2026-07-01,2026-08,1,2.9927,0.8203,2.1724,ens_102,monthly,1993-2016
C3S,JMA,dynamical,2026-07-01,2026-09,2,3.5847,0.9558,2.6289,ens_102,monthly,1993-2016
C3S,JMA,dynamical,2026-07-01,2026-10,3,3.9418,1.0707,2.871,ens_102,monthly,1993-2016
C3S,JMA,dynamical,2026-07-01,2026-11,4,4.036,1.1398,2.8963,ens_102,monthly,1993-2016
C3S,JMA,dynamical,2026-07-01,2026-12,5,4.0957,1.2102,2.8855,ens_102,monthly,1993-2016
C3S,JMA,dynamical,2026-07-01,2026-07,0,2.1082,0.6902,1.4181,ens_103,monthly,1993-2016
C3S,JMA,dynamical,2026-07-01,2026-08,1,2.8505,0.7851,2.0654,ens_103,monthly,1993-2016
C3S,JMA,dynamical,2026-07-01,2026-09,2,3.3067,0.8118,2.4948,ens_103,monthly,1993-2016
C3S,JMA,dynamical,2026-07-01,2026-10,3,3.4307,0.9014,2.5293,ens_103,monthly,1993-2016
C3S,JMA,dynamical,2026-07-01,2026-11,4,3.5605,1.038,2.5224,ens_103,monthly,1993-2016
C3S,JMA,dynamical,2026-07-01,2026-12,5,3.7039,1.1109,2.593,ens_103,monthly,1993-2016
C3S,JMA,dynamical,2026-07-01,2026-07,0,2.103,0.7072,1.3958,ens_104,monthly,1993-2016
C3S,JMA,dynamical,2026-07-01,2026-08,1,2.9118,0.7847,2.1271,ens_104,monthly,1993-2016
C3S,JMA,dynamical,2026-07-01,2026-09,2,3.5786,0.9425,2.6361,ens_104,monthly,1993-2016
C3S,JMA,dynamical,2026-07-01,2026-10,3,3.9072,1.0764,2.8307,ens_104,monthly,1993-2016
C3S,JMA,dynamical,2026-07-01,2026-11,4,4.0969,1.2117,2.8852,ens_104,monthly,1993-2016
C3S,JMA,dynamical,2026-07-01,2026-12,5,4.0572,1.2586,2.7985,ens_104,monthly,1993-2016
C3S,JMA,dynamical,2026-07-01,2026-07,0,2.1725,0.6716,1.501,ens_105,monthly,1993-2016
C3S,JMA,dynamical,2026-07-01,2026-08,1,3.0849,0.8233,2.2617,ens_105,monthly,1993-2016
C3S,JMA,dynamical,2026-07-01,2026-09,2,3.7732,0.9692,2.8041,ens_105,monthly,1993-2016
C3S,JMA,dynamical,2026-07-01,2026-10,3,4.1057,1.109,2.9967,ens_105,monthly,1993-2016
C3S,JMA,dynamical,2026-07-01,2026-11,4,4.2594,1.226,3.0333,ens_105,monthly,1993-2016
C3S,JMA,dynamical,2026-07-01,2026-12,5,4.1241,1.3076,2.8165,ens_105,monthly,1993-2016
C3S,JMA,dynamical,2026-07-01,2026-07,0,2.0946,0.6809,1.4137,ens_106,monthly,1993-2016
C3S,JMA,dynamical,2026-07-01,2026-08,1,2.8636,0.7687,2.0949,ens_106,monthly,1993-2016
C3S,JMA,dynamical,2026-07-01,2026-09,2,3.3219,0.8741,2.4478,ens_106,monthly,1993-2016
C3S,JMA,dynamical,2026-07-01,2026-10,3,3.5597,0.9973,2.5624,ens_106,monthly,1993-2016
C3S,JMA,dynamical,2026-07-01,2026-11,4,3.7285,1.1212,2.6073,ens_106,monthly,1993-2016
C3S,JMA,dynamical,2026-07-01,2026-12,5,3.898,1.1869,2.7111,ens_106,monthly,1993-2016
C3S,JMA,dynamical,2026-07-01,2026-07,0,2.215,0.7261,1.4889,ens_107,monthly,1993-2016
C3S,JMA,dynamical,2026-07-01,2026-08,1,3.0283,0.7898,2.2385,ens_107,monthly,1993-2016
C3S,JMA,dynamical,2026-07-01,2026-09,2,3.6397,0.932,2.7078,ens_107,monthly,1993-2016
C3S,JMA,dynamical,2026-07-01,2026-10,3,3.9166,1.0593,2.8573,ens_107,monthly,1993-2016
C3S,JMA,dynamical,2026-07-01,2026-11,4,3.9918,1.172,2.8198,ens_107,monthly,1993-2016
C3S,JMA,dynamical,2026-07-01,2026-12,5,3.9519,1.2274,2.7245,ens_107,monthly,1993-2016
C3S,JMA,dynamical,2026-07-01,2026-07,0,2.1592,0.7553,1.4039,ens_108,monthly,1993-2016
C3S,JMA,dynamical,2026-07-01,2026-08,1,2.9232,0.813,2.1103,ens_108,monthly,1993-2016
C3S,JMA,dynamical,2026-07-01,2026-09,2,3.466,0.9526,2.5134,ens_108,monthly,1993-2016
C3S,JMA,dynamical,2026-07-01,2026-10,3,3.7681,1.1331,2.635,ens_108,monthly,1993-2016
C3S,JMA,dynamical,2026-07-01,2026-11,4,3.9397,1.2479,2.6918,ens_108,monthly,1993-2016
C3S,JMA,dynamical,2026-07-01,2026-12,5,4.013,1.3099,2.7032,ens_108,monthly,1993-2016
C3S,JMA,dynamical,2026-07-01,2026-07,0,2.109,0.6818,1.4272,ens_109,monthly,1993-2016
C3S,JMA,dynamical,2026-07-01,2026-08,1,2.7411,0.6713,2.0698,ens_109,monthly,1993-2016
C3S,JMA,dynamical,2026-07-01,2026-09,2,3.0854,0.7655,2.3199,ens_109,monthly,1993-2016
C3S,JMA,dynamical,2026-07-01,2026-10,3,3.3264,0.8878,2.4385,ens_109,monthly,1993-2016
C3S,JMA,dynamical,2026-07-01,2026-11,4,3.5848,0.9604,2.6244,ens_109,monthly,1993-2016
C3S,JMA,dynamical,2026-07-01,2026-12,5,3.7669,1.011,2.7559,ens_109,monthly,1993-2016
C3S,JMA,dynamical,2026-07-01,2026-07,0,2.2124,0.7423,1.4701,ens_110,monthly,1993-2016
C3S,JMA,dynamical,2026-07-01,2026-08,1,3.0237,0.8411,2.1826,ens_110,monthly,1993-2016
C3S,JMA,dynamical,2026-07-01,2026-09,2,3.5922,1.0015,2.5907,ens_110,monthly,1993-2016
C3S,JMA,dynamical,2026-07-01,2026-10,3,3.9606,1.1971,2.7635,ens_110,monthly,1993-2016
C3S,JMA,dynamical,2026-07-01,2026-11,4,4.1074,1.2743,2.8331,ens_110,monthly,1993-2016
C3S,JMA,dynamical,2026-07-01,2026-12,5,4.0469,1.3792,2.6678,ens_110,monthly,1993-2016
C3S,JMA,dynamical,2026-07-01,2026-07,0,1.995,0.6752,1.3198,ens_111,monthly,1993-2016
C3S,JMA,dynamical,2026-07-01,2026-08,1,2.5495,0.6836,1.8659,ens_111,monthly,1993-2016
C3S,JMA,dynamical,2026-07-01,2026-09,2,2.8062,0.7363,2.0699,ens_111,monthly,1993-2016
C3S,JMA,dynamical,2026-07-01,2026-10,3,3.0917,0.7986,2.2931,ens_111,monthly,1993-2016
C3S,JMA,dynamical,2026-07-01,2026-11,4,3.4306,0.9305,2.5001,ens_111,monthly,1993-2016
C3S,JMA,dynamical,2026-07-01,2026-12,5,3.6589,1.016,2.6429,ens_111,monthly,1993-2016
C3S,JMA,dynamical,2026-07-01,2026-07,0,2.1542,0.7063,1.4479,ens_112,monthly,1993-2016
C3S,JMA,dynamical,2026-07-01,2026-08,1,3.016,0.8102,2.2058,ens_112,monthly,1993-2016
C3S,JMA,dynamical,2026-07-01,2026-09,2,3.5792,0.8943,2.6849,ens_112,monthly,1993-2016
C3S,JMA,dynamical,2026-07-01,2026-10,3,3.781,1.0087,2.7722,ens_112,monthly,1993-2016
C3S,JMA,dynamical,2026-07-01,2026-11,4,3.8574,1.1578,2.6996,ens_112,monthly,1993-2016
C3S,JMA,dynamical,2026-07-01,2026-12,5,3.8519,1.1703,2.6816,ens_112,monthly,1993-2016
C3S,JMA,dynamical,2026-07-01,2026-07,0,2.0933,0.674,1.4193,ens_113,monthly,1993-2016
C3S,JMA,dynamical,2026-07-01,2026-08,1,2.8687,0.8121,2.0566,ens_113,monthly,1993-2016
C3S,JMA,dynamical,2026-07-01,2026-09,2,3.4379,0.991,2.447,ens_113,monthly,1993-2016
C3S,JMA,dynamical,2026-07-01,2026-10,3,3.7504,1.079,2.6713,ens_113,monthly,1993-2016
C3S,JMA,dynamical,2026-07-01,2026-11,4,3.9389,1.1076,2.8313,ens_113,monthly,1993-2016
C3S,JMA,dynamical,2026-07-01,2026-12,5,3.8204,1.1618,2.6586,ens_113,monthly,1993-2016
C3S,JMA,dynamical,2026-07-01,2026-07,0,2.0468,0.7049,1.3419,ens_114,monthly,1993-2016
C3S,JMA,dynamical,2026-07-01,2026-08,1,3.0461,0.8714,2.1748,ens_114,monthly,1993-2016
C3S,JMA,dynamical,2026-07-01,2026-09,2,3.7295,1.0105,2.7189,ens_114,monthly,1993-2016
C3S,JMA,dynamical,2026-07-01,2026-10,3,3.8952,1.136,2.7592,ens_114,monthly,1993-2016
C3S,JMA,dynamical,2026-07-01,2026-11,4,3.9813,1.187,2.7943,ens_114,monthly,1993-2016
C3S,JMA,dynamical,2026-07-01,2026-12,5,3.9337,1.2073,2.7264,ens_114,monthly,1993-2016
C3S,JMA,dynamical,2026-07-01,2026-07,0,2.0394,0.7362,1.3031,ens_115,monthly,1993-2016
C3S,JMA,dynamical,2026-07-01,2026-08,1,2.88,0.8487,2.0313,ens_115,monthly,1993-2016
C3S,JMA,dynamical,2026-07-01,2026-09,2,3.445,1.0087,2.4362,ens_115,monthly,1993-2016
C3S,JMA,dynamical,2026-07-01,2026-10,3,3.7677,1.1698,2.5979,ens_115,monthly,1993-2016
C3S,JMA,dynamical,2026-07-01,2026-11,4,3.9747,1.2227,2.752,ens_115,monthly,1993-2016
C3S,JMA,dynamical,2026-07-01,2026-12,5,3.9533,1.2119,2.7414,ens_115,monthly,1993-2016
C3S,JMA,dynamical,2026-07-01,2026-07,0,2.1538,0.7354,1.4184,ens_116,monthly,1993-2016
C3S,JMA,dynamical,2026-07-01,2026-08,1,2.915,0.8258,2.0891,ens_116,monthly,1993-2016
C3S,JMA,dynamical,2026-07-01,2026-09,2,3.3671,0.9023,2.4648,ens_116,monthly,1993-2016
C3S,JMA,dynamical,2026-07-01,2026-10,3,3.6532,1.0431,2.6101,ens_116,monthly,1993-2016
C3S,JMA,dynamical,2026-07-01,2026-11,4,3.8689,1.0814,2.7875,ens_116,monthly,1993-2016
C3S,JMA,dynamical,2026-07-01,2026-12,5,3.9193,1.1448,2.7745,ens_116,monthly,1993-2016
C3S,JMA,dynamical,2026-07-01,2026-07,0,1.95,0.6842,1.2657,ens_117,monthly,1993-2016
C3S,JMA,dynamical,2026-07-01,2026-08,1,2.6775,0.7566,1.9209,ens_117,monthly,1993-2016
C3S,JMA,dynamical,2026-07-01,2026-09,2,3.152,0.8652,2.2868,ens_117,monthly,1993-2016
C3S,JMA,dynamical,2026-07-01,2026-10,3,3.3741,0.9208,2.4533,ens_117,monthly,1993-2016
C3S,JMA,dynamical,2026-07-01,2026-11,4,3.5497,1.0,2.5497,ens_117,monthly,1993-2016
C3S,JMA,dynamical,2026-07-01,2026-12,5,3.7262,1.1085,2.6177,ens_117,monthly,1993-2016
C3S,JMA,dynamical,2026-07-01,2026-07,0,1.972,0.6488,1.3232,ens_118,monthly,1993-2016
C3S,JMA,dynamical,2026-07-01,2026-08,1,2.7095,0.7408,1.9687,ens_118,monthly,1993-2016
C3S,JMA,dynamical,2026-07-01,2026-09,2,3.1527,0.8616,2.2912,ens_118,monthly,1993-2016
C3S,JMA,dynamical,2026-07-01,2026-10,3,3.3279,0.9162,2.4117,ens_118,monthly,1993-2016
C3S,JMA,dynamical,2026-07-01,2026-11,4,3.5453,0.9765,2.5687,ens_118,monthly,1993-2016
C3S,JMA,dynamical,2026-07-01,2026-12,5,3.6728,1.0976,2.5752,ens_118,monthly,1993-2016
C3S,JMA,dynamical,2026-07-01,2026-07,0,2.1632,0.7136,1.4496,ens_119,monthly,1993-2016
C3S,JMA,dynamical,2026-07-01,2026-08,1,3.0795,0.8189,2.2606,ens_119,monthly,1993-2016
C3S,JMA,dynamical,2026-07-01,2026-09,2,3.5805,0.9111,2.6695,ens_119,monthly,1993-2016
C3S,JMA,dynamical,2026-07-01,2026-10,3,3.7737,1.0286,2.7451,ens_119,monthly,1993-2016
C3S,JMA,dynamical,2026-07-01,2026-11,4,3.9411,1.1446,2.7965,ens_119,monthly,1993-2016
C3S,JMA,dynamical,2026-07-01,2026-12,5,4.0023,1.2661,2.7361,ens_119,monthly,1993-2016
C3S,JMA,dynamical,2026-07-01,2026-07,0,2.1286,0.7518,1.3768,ens_120,monthly,1993-2016
C3S,JMA,dynamical,2026-07-01,2026-08,1,3.0202,0.8783,2.1419,ens_120,monthly,1993-2016
C3S,JMA,dynamical,2026-07-01,2026-09,2,3.5435,1.0334,2.5101,ens_120,monthly,1993-2016
C3S,JMA,dynamical,2026-07-01,2026-10,3,3.6778,1.1764,2.5014,ens_120,monthly,1993-2016
C3S,JMA,dynamical,2026-07-01,2026-11,4,3.8989,1.2785,2.6204,ens_120,monthly,1993-2016
C3S,JMA,dynamical,2026-07-01,2026-12,5,3.962,1.3769,2.5851,ens_120,monthly,1993-2016
C3S,JMA,dynamical,2026-07-01,2026-07,0,1.9442,0.6759,1.2683,ens_121,monthly,1993-2016
C3S,JMA,dynamical,2026-07-01,2026-08,1,2.7561,0.7482,2.0078,ens_121,monthly,1993-2016
C3S,JMA,dynamical,2026-07-01,2026-09,2,3.3844,0.8768,2.5076,ens_121,monthly,1993-2016
C3S,JMA,dynamical,2026-07-01,2026-10,3,3.6896,0.957,2.7326,ens_121,monthly,1993-2016
C3S,JMA,dynamical,2026-07-01,2026-11,4,4.0836,1.1047,2.9788,ens_121,monthly,1993-2016
C3S,JMA,dynamical,2026-07-01,2026-12,5,4.0812,1.2167,2.8645,ens_121,monthly,1993-2016
C3S,JMA,dynamical,2026-07-01,2026-07,0,1.9732,0.7128,1.2604,ens_122,monthly,1993-2016
C3S,JMA,dynamical,2026-07-01,2026-08,1,2.6305,0.7952,1.8353,ens_122,monthly,1993-2016
C3S,JMA,dynamical,2026-07-01,2026-09,2,2.9899,0.8757,2.1141,ens_122,monthly,1993-2016
C3S,JMA,dynamical,2026-07-01,2026-10,3,3.2563,0.9833,2.2729,ens_122,monthly,1993-2016
C3S,JMA,dynamical,2026-07-01,2026-11,4,3.6016,1.0942,2.5074,ens_122,monthly,1993-2016
C3S,JMA,dynamical,2026-07-01,2026-12,5,3.8436,1.1125,2.7311,ens_122,monthly,1993-2016
C3S,JMA,dynamical,2026-07-01,2026-07,0,2.0887,0.6831,1.4056,ens_123,monthly,1993-2016
C3S,JMA,dynamical,2026-07-01,2026-08,1,2.8998,0.7581,2.1417,ens_123,monthly,1993-2016
C3S,JMA,dynamical,2026-07-01,2026-09,2,3.3342,0.8987,2.4355,ens_123,monthly,1993-2016
C3S,JMA,dynamical,2026-07-01,2026-10,3,3.7514,0.9771,2.7743,ens_123,monthly,1993-2016
C3S,JMA,dynamical,2026-07-01,2026-11,4,3.896,1.0531,2.8429,ens_123,monthly,1993-2016
C3S,JMA,dynamical,2026-07-01,2026-12,5,3.8745,1.1106,2.7639,ens_123,monthly,1993-2016
C3S,JMA,dynamical,2026-07-01,2026-07,0,1.8704,0.6622,1.2082,ens_124,monthly,1993-2016
C3S,JMA,dynamical,2026-07-01,2026-08,1,2.5872,0.7553,1.8319,ens_124,monthly,1993-2016
C3S,JMA,dynamical,2026-07-01,2026-09,2,2.9754,0.8553,2.1201,ens_124,monthly,1993-2016
C3S,JMA,dynamical,2026-07-01,2026-10,3,3.0925,0.9353,2.1572,ens_124,monthly,1993-2016
C3S,JMA,dynamical,2026-07-01,2026-11,4,3.3145,0.9328,2.3817,ens_124,monthly,1993-2016
C3S,JMA,dynamical,2026-07-01,2026-12,5,3.4455,0.9113,2.5343,ens_124,monthly,1993-2016
C3S,JMA,dynamical,2026-07-01,2026-07,0,2.0463,0.7478,1.2985,ens_125,monthly,1993-2016
C3S,JMA,dynamical,2026-07-01,2026-08,1,3.0372,0.9143,2.1229,ens_125,monthly,1993-2016
C3S,JMA,dynamical,2026-07-01,2026-09,2,3.765,1.077,2.6881,ens_125,monthly,1993-2016
C3S,JMA,dynamical,2026-07-01,2026-10,3,4.2186,1.228,2.9906,ens_125,monthly,1993-2016
C3S,JMA,dynamical,2026-07-01,2026-11,4,4.2745,1.3938,2.8807,ens_125,monthly,1993-2016
C3S,JMA,dynamical,2026-07-01,2026-12,5,3.9386,1.4376,2.501,ens_125,monthly,1993-2016
C3S,JMA,dynamical,2026-07-01,2026-07,0,1.9687,0.6573,1.3114,ens_126,monthly,1993-2016
C3S,JMA,dynamical,2026-07-01,2026-08,1,2.6217,0.7238,1.8979,ens_126,monthly,1993-2016
C3S,JMA,dynamical,2026-07-01,2026-09,2,2.981,0.8537,2.1273,ens_126,monthly,1993-2016
C3S,JMA,dynamical,2026-07-01,2026-10,3,3.0979,0.9186,2.1793,ens_126,monthly,1993-2016
C3S,JMA,dynamical,2026-07-01,2026-11,4,3.181,0.9244,2.2566,ens_126,monthly,1993-2016
C3S,JMA,dynamical,2026-07-01,2026-12,5,3.354,0.9315,2.4225,ens_126,monthly,1993-2016
C3S,JMA,dynamical,2026-07-01,2026-07,0,2.0712,0.6934,1.3778,ens_127,monthly,1993-2016
C3S,JMA,dynamical,2026-07-01,2026-08,1,2.8682,0.8037,2.0645,ens_127,monthly,1993-2016
C3S,JMA,dynamical,2026-07-01,2026-09,2,3.4229,0.9387,2.4842,ens_127,monthly,1993-2016
C3S,JMA,dynamical,2026-07-01,2026-10,3,3.7704,1.0229,2.7475,ens_127,monthly,1993-2016
C3S,JMA,dynamical,2026-07-01,2026-11,4,3.9134,1.0896,2.8238,ens_127,monthly,1993-2016
C3S,JMA,dynamical,2026-07-01,2026-12,5,3.7695,1.1215,2.648,ens_127,monthly,1993-2016
C3S,JMA,dynamical,2026-07-01,2026-07,0,2.0439,0.7429,1.301,ens_128,monthly,1993-2016
C3S,JMA,dynamical,2026-07-01,2026-08,1,2.9209,0.8597,2.0613,ens_128,monthly,1993-2016
C3S,JMA,dynamical,2026-07-01,2026-09,2,3.5341,0.9516,2.5825,ens_128,monthly,1993-2016
C3S,JMA,dynamical,2026-07-01,2026-10,3,3.915,1.0273,2.8877,ens_128,monthly,1993-2016
C3S,JMA,dynamical,2026-07-01,2026-11,4,3.8599,1.1409,2.7189,ens_128,monthly,1993-2016
C3S,JMA,dynamical,2026-07-01,2026-12,5,3.9784,1.2693,2.7091,ens_128,monthly,1993-2016
C3S,JMA,dynamical,2026-07-01,2026-07,0,1.9887,0.67,1.3187,ens_129,monthly,1993-2016
C3S,JMA,dynamical,2026-07-01,2026-08,1,2.7266,0.7605,1.9661,ens_129,monthly,1993-2016
C3S,JMA,dynamical,2026-07-01,2026-09,2,3.2914,0.8577,2.4337,ens_129,monthly,1993-2016
C3S,JMA,dynamical,2026-07-01,2026-10,3,3.4551,0.9008,2.5543,ens_129,monthly,1993-2016
C3S,JMA,dynamical,2026-07-01,2026-11,4,3.681,0.9914,2.6897,ens_129,monthly,1993-2016
C3S,JMA,dynamical,2026-07-01,2026-12,5,3.7305,1.0524,2.6781,ens_129,monthly,1993-2016
C3S,JMA,dynamical,2026-07-01,2026-07,0,2.0682,0.7021,1.3661,ens_130,monthly,1993-2016
C3S,JMA,dynamical,2026-07-01,2026-08,1,2.838,0.8363,2.0017,ens_130,monthly,1993-2016
C3S,JMA,dynamical,2026-07-01,2026-09,2,3.3933,0.9723,2.421,ens_130,monthly,1993-2016
C3S,JMA,dynamical,2026-07-01,2026-10,3,3.715,1.0706,2.6443,ens_130,monthly,1993-2016
C3S,JMA,dynamical,2026-07-01,2026-11,4,3.8737,1.1616,2.712,ens_130,monthly,1993-2016
C3S,JMA,dynamical,2026-07-01,2026-12,5,4.0527,1.2248,2.8279,ens_130,monthly,1993-2016
C3S,JMA,dynamical,2026-07-01,2026-07,0,1.845,0.684,1.161,ens_131,monthly,1993-2016
C3S,JMA,dynamical,2026-07-01,2026-08,1,2.625,0.7747,1.8503,ens_131,monthly,1993-2016
C3S,JMA,dynamical,2026-07-01,2026-09,2,3.1479,0.9342,2.2137,ens_131,monthly,1993-2016
C3S,JMA,dynamical,2026-07-01,2026-10,3,3.3027,1.0383,2.2643,ens_131,monthly,1993-2016
C3S,JMA,dynamical,2026-07-01,2026-11,4,3.5974,1.138,2.4594,ens_131,monthly,1993-2016
C3S,JMA,dynamical,2026-07-01,2026-12,5,3.8915,1.2648,2.6267,ens_131,monthly,1993-2016
C3S,JMA,dynamical,2026-07-01,2026-07,0,1.9718,0.6258,1.3459,ens_132,monthly,1993-2016
C3S,JMA,dynamical,2026-07-01,2026-08,1,2.7965,0.6921,2.1044,ens_132,monthly,1993-2016
C3S,JMA,dynamical,2026-07-01,2026-09,2,3.3771,0.8827,2.4944,ens_132,monthly,1993-2016
C3S,JMA,dynamical,2026-07-01,2026-10,3,3.7048,1.0011,2.7037,ens_132,monthly,1993-2016
C3S,JMA,dynamical,2026-07-01,2026-11,4,4.027,1.1361,2.8909,ens_132,monthly,1993-2016
C3S,JMA,dynamical,2026-07-01,2026-12,5,4.0929,1.2471,2.8458,ens_132,monthly,1993-2016
C3S,JMA,dynamical,2026-07-01,2026-07,0,1.9703,0.6434,1.3269,ens_133,monthly,1993-2016
C3S,JMA,dynamical,2026-07-01,2026-08,1,2.5993,0.7106,1.8887,ens_133,monthly,1993-2016
C3S,JMA,dynamical,2026-07-01,2026-09,2,3.0121,0.7975,2.2146,ens_133,monthly,1993-2016
C3S,JMA,dynamical,2026-07-01,2026-10,3,3.2098,0.8476,2.3622,ens_133,monthly,1993-2016
C3S,JMA,dynamical,2026-07-01,2026-11,4,3.4854,0.9046,2.5807,ens_133,monthly,1993-2016
C3S,JMA,dynamical,2026-07-01,2026-12,5,3.6099,0.9747,2.6352,ens_133,monthly,1993-2016
C3S,JMA,dynamical,2026-07-01,2026-07,0,1.8838,0.6935,1.1903,ens_134,monthly,1993-2016
C3S,JMA,dynamical,2026-07-01,2026-08,1,2.5558,0.7821,1.7737,ens_134,monthly,1993-2016
C3S,JMA,dynamical,2026-07-01,2026-09,2,2.994,0.9242,2.0698,ens_134,monthly,1993-2016
C3S,JMA,dynamical,2026-07-01,2026-10,3,3.1845,1.0298,2.1547,ens_134,monthly,1993-2016
C3S,JMA,dynamical,2026-07-01,2026-11,4,3.3545,1.0517,2.3029,ens_134,monthly,1993-2016
C3S,JMA,dynamical,2026-07-01,2026-12,5,3.5885,1.1408,2.4477,ens_134,monthly,1993-2016
C3S,JMA,dynamical,2026-07-01,2026-07,0,1.9576,0.7213,1.2364,ens_135,monthly,1993-2016
C3S,JMA,dynamical,2026-07-01,2026-08,1,2.688,0.8307,1.8573,ens_135,monthly,1993-2016
C3S,JMA,dynamical,2026-07-01,2026-09,2,3.2353,0.94,2.2954,ens_135,monthly,1993-2016
C3S,JMA,dynamical,2026-07-01,2026-10,3,3.4937,1.0507,2.443,ens_135,monthly,1993-2016
C3S,JMA,dynamical,2026-07-01,2026-11,4,3.7523,1.1545,2.5978,ens_135,monthly,1993-2016
C3S,JMA,dynamical,2026-07-01,2026-12,5,3.8174,1.2117,2.6058,ens_135,monthly,1993-2016
C3S,JMA,dynamical,2026-07-01,2026-07,0,1.9351,0.6167,1.3184,ens_136,monthly,1993-2016
C3S,JMA,dynamical,2026-07-01,2026-08,1,2.5888,0.6951,1.8937,ens_136,monthly,1993-2016
C3S,JMA,dynamical,2026-07-01,2026-09,2,3.0897,0.782,2.3077,ens_136,monthly,1993-2016
C3S,JMA,dynamical,2026-07-01,2026-10,3,3.3582,0.8937,2.4645,ens_136,monthly,1993-2016
C3S,JMA,dynamical,2026-07-01,2026-11,4,3.6273,1.0236,2.6038,ens_136,monthly,1993-2016
C3S,JMA,dynamical,2026-07-01,2026-12,5,3.6939,1.0474,2.6465,ens_136,monthly,1993-2016
C3S,JMA,dynamical,2026-07-01,2026-07,0,2.0816,0.7076,1.374,ens_137,monthly,1993-2016
C3S,JMA,dynamical,2026-07-01,2026-08,1,2.9367,0.7641,2.1726,ens_137,monthly,1993-2016
C3S,JMA,dynamical,2026-07-01,2026-09,2,3.476,0.8565,2.6195,ens_137,monthly,1993-2016
C3S,JMA,dynamical,2026-07-01,2026-10,3,3.7837,1.0228,2.7609,ens_137,monthly,1993-2016
C3S,JMA,dynamical,2026-07-01,2026-11,4,4.0285,1.1591,2.8693,ens_137,monthly,1993-2016
C3S,JMA,dynamical,2026-07-01,2026-12,5,4.0957,1.226,2.8697,ens_137,monthly,1993-2016
C3S,JMA,dynamical,2026-07-01,2026-07,0,2.1359,0.7316,1.4043,ens_138,monthly,1993-2016
C3S,JMA,dynamical,2026-07-01,2026-08,1,3.0669,0.83,2.2369,ens_138,monthly,1993-2016
C3S,JMA,dynamical,2026-07-01,2026-09,2,3.603,0.9363,2.6667,ens_138,monthly,1993-2016
C3S,JMA,dynamical,2026-07-01,2026-10,3,3.9781,1.0327,2.9454,ens_138,monthly,1993-2016
C3S,JMA,dynamical,2026-07-01,2026-11,4,4.0721,1.1305,2.9415,ens_138,monthly,1993-2016
C3S,JMA,dynamical,2026-07-01,2026-12,5,3.9541,1.148,2.8061,ens_138,monthly,1993-2016
C3S,JMA,dynamical,2026-07-01,2026-07,0,1.7793,0.6365,1.1429,ens_139,monthly,1993-2016
C3S,JMA,dynamical,2026-07-01,2026-08,1,2.6448,0.6955,1.9492,ens_139,monthly,1993-2016
C3S,JMA,dynamical,2026-07-01,2026-09,2,3.2251,0.839,2.3862,ens_139,monthly,1993-2016
C3S,JMA,dynamical,2026-07-01,2026-10,3,3.5161,0.9128,2.6033,ens_139,monthly,1993-2016
C3S,JMA,dynamical,2026-07-01,2026-11,4,3.7202,0.988,2.7323,ens_139,monthly,1993-2016
C3S,JMA,dynamical,2026-07-01,2026-12,5,3.7018,1.0662,2.6357,ens_139,monthly,1993-2016
C3S,JMA,dynamical,2026-07-01,2026-07,0,1.9787,0.6834,1.2954,ens_140,monthly,1993-2016
C3S,JMA,dynamical,2026-07-01,2026-08,1,2.5997,0.7585,1.8413,ens_140,monthly,1993-2016
C3S,JMA,dynamical,2026-07-01,2026-09,2,3.0041,0.9134,2.0906,ens_140,monthly,1993-2016
C3S,JMA,dynamical,2026-07-01,2026-10,3,3.0847,0.8922,2.1925,ens_140,monthly,1993-2016
C3S,JMA,dynamical,2026-07-01,2026-11,4,3.2908,0.9693,2.3215,ens_140,monthly,1993-2016
C3S,JMA,dynamical,2026-07-01,2026-12,5,3.5994,1.0761,2.5234,ens_140,monthly,1993-2016
C3S,JMA,dynamical,2026-07-01,2026-07,0,1.8799,0.6704,1.2095,ens_141,monthly,1993-2016
C3S,JMA,dynamical,2026-07-01,2026-08,1,2.7448,0.8047,1.9401,ens_141,monthly,1993-2016
C3S,JMA,dynamical,2026-07-01,2026-09,2,3.2064,0.9484,2.2581,ens_141,monthly,1993-2016
C3S,JMA,dynamical,2026-07-01,2026-10,3,3.3549,1.0785,2.2764,ens_141,monthly,1993-2016
C3S,JMA,dynamical,2026-07-01,2026-11,4,3.6022,1.0998,2.5024,ens_141,monthly,1993-2016
C3S,JMA,dynamical,2026-07-01,2026-12,5,3.6649,1.1234,2.5415,ens_141,monthly,1993-2016
C3S,JMA,dynamical,2026-07-01,2026-07,0,1.8819,0.6649,1.2169,ens_142,monthly,1993-2016
C3S,JMA,dynamical,2026-07-01,2026-08,1,2.7077,0.7469,1.9608,ens_142,monthly,1993-2016
C3S,JMA,dynamical,2026-07-01,2026-09,2,3.1206,0.8477,2.2729,ens_142,monthly,1993-2016
C3S,JMA,dynamical,2026-07-01,2026-10,3,3.2426,0.9565,2.2861,ens_142,monthly,1993-2016
C3S,JMA,dynamical,2026-07-01,2026-11,4,3.4463,1.0281,2.4183,ens_142,monthly,1993-2016
C3S,JMA,dynamical,2026-07-01,2026-12,5,3.6655,1.0911,2.5744,ens_142,monthly,1993-2016
C3S,JMA,dynamical,2026-07-01,2026-07,0,2.05,0.6738,1.3762,ens_143,monthly,1993-2016
C3S,JMA,dynamical,2026-07-01,2026-08,1,2.6416,0.7093,1.9324,ens_143,monthly,1993-2016
C3S,JMA,dynamical,2026-07-01,2026-09,2,3.0816,0.7605,2.3211,ens_143,monthly,1993-2016
C3S,JMA,dynamical,2026-07-01,2026-10,3,3.2319,0.8399,2.392,ens_143,monthly,1993-2016
C3S,JMA,dynamical,2026-07-01,2026-11,4,3.4132,0.9179,2.4953,ens_143,monthly,1993-2016
C3S,JMA,dynamical,2026-07-01,2026-12,5,3.485,1.024,2.461,ens_143,monthly,1993-2016
C3S,JMA,dynamical,2026-07-01,2026-07,0,1.6343,0.6353,0.999,ens_144,monthly,1993-2016
C3S,JMA,dynamical,2026-07-01,2026-08,1,2.2892,0.7207,1.5685,ens_144,monthly,1993-2016
C3S,JMA,dynamical,2026-07-01,2026-09,2,2.7974,0.8461,1.9513,ens_144,monthly,1993-2016
C3S,JMA,dynamical,2026-07-01,2026-10,3,3.3135,0.9348,2.3786,ens_144,monthly,1993-2016
C3S,JMA,dynamical,2026-07-01,2026-11,4,3.4926,1.0136,2.479,ens_144,monthly,1993-2016
C3S,JMA,dynamical,2026-07-01,2026-12,5,3.5734,1.091,2.4824,ens_144,monthly,1993-2016
C3S,JMA,dynamical,2026-07-01,2026-07,0,1.9684,0.7209,1.2475,ens_145,monthly,1993-2016
C3S,JMA,dynamical,2026-07-01,2026-08,1,2.7766,0.8591,1.9175,ens_145,monthly,1993-2016
C3S,JMA,dynamical,2026-07-01,2026-09,2,3.3905,0.973,2.4175,ens_145,monthly,1993-2016
C3S,JMA,dynamical,2026-07-01,2026-10,3,3.7584,1.1451,2.6133,ens_145,monthly,1993-2016
C3S,JMA,dynamical,2026-07-01,2026-11,4,3.7793,1.2476,2.5317,ens_145,monthly,1993-2016
C3S,JMA,dynamical,2026-07-01,2026-12,5,3.8942,1.2763,2.6178,ens_145,monthly,1993-2016
C3S,JMA,dynamical,2026-07-01,2026-07,0,1.886,0.6996,1.1864,ens_146,monthly,1993-2016
C3S,JMA,dynamical,2026-07-01,2026-08,1,2.6501,0.7947,1.8554,ens_146,monthly,1993-2016
C3S,JMA,dynamical,2026-07-01,2026-09,2,3.1606,0.9183,2.2423,ens_146,monthly,1993-2016
C3S,JMA,dynamical,2026-07-01,2026-10,3,3.3989,1.0471,2.3519,ens_146,monthly,1993-2016
C3S,JMA,dynamical,2026-07-01,2026-11,4,3.4819,1.0468,2.4351,ens_146,monthly,1993-2016
C3S,JMA,dynamical,2026-07-01,2026-12,5,3.6791,1.0524,2.6267,ens_146,monthly,1993-2016
C3S,JMA,dynamical,2026-07-01,2026-07,0,2.0739,0.7162,1.3577,ens_147,monthly,1993-2016
C3S,JMA,dynamical,2026-07-01,2026-08,1,2.7919,0.7997,1.9922,ens_147,monthly,1993-2016
C3S,JMA,dynamical,2026-07-01,2026-09,2,3.1348,0.8482,2.2866,ens_147,monthly,1993-2016
C3S,JMA,dynamical,2026-07-01,2026-10,3,3.2099,0.9611,2.2487,ens_147,monthly,1993-2016
C3S,JMA,dynamical,2026-07-01,2026-11,4,3.3763,1.0648,2.3115,ens_147,monthly,1993-2016
C3S,JMA,dynamical,2026-07-01,2026-12,5,3.473,1.1016,2.3714,ens_147,monthly,1993-2016
C3S,JMA,dynamical,2026-07-01,2026-07,0,2.0446,0.658,1.3865,ens_148,monthly,1993-2016
C3S,JMA,dynamical,2026-07-01,2026-08,1,2.9754,0.7352,2.2402,ens_148,monthly,1993-2016
C3S,JMA,dynamical,2026-07-01,2026-09,2,3.4671,0.9009,2.5662,ens_148,monthly,1993-2016
C3S,JMA,dynamical,2026-07-01,2026-10,3,3.5535,0.9848,2.5687,ens_148,monthly,1993-2016
C3S,JMA,dynamical,2026-07-01,2026-11,4,3.8086,1.064,2.7446,ens_148,monthly,1993-2016
C3S,JMA,dynamical,2026-07-01,2026-12,5,3.8445,1.0983,2.7462,ens_148,monthly,1993-2016
C3S,JMA,dynamical,2026-07-01,2026-07,0,1.8162,0.6749,1.1414,ens_149,monthly,1993-2016
C3S,JMA,dynamical,2026-07-01,2026-08,1,2.5586,0.7844,1.7743,ens_149,monthly,1993-2016
C3S,JMA,dynamical,2026-07-01,2026-09,2,3.0429,0.8757,2.1672,ens_149,monthly,1993-2016
C3S,JMA,dynamical,2026-07-01,2026-10,3,3.3936,0.9937,2.3999,ens_149,monthly,1993-2016
C3S,JMA,dynamical,2026-07-01,2026-11,4,3.4645,1.0494,2.4151,ens_149,monthly,1993-2016
C3S,JMA,dynamical,2026-07-01,2026-12,5,3.7166,1.102,2.6146,ens_149,monthly,1993-2016
C3S,JMA,dynamical,2026-07-01,2026-07,0,2.095,0.6993,1.3957,mean,monthly,1993-2016
C3S,JMA,dynamical,2026-07-01,2026-08,1,2.8698,0.7944,2.0754,mean,monthly,1993-2016
C3S,JMA,dynamical,2026-07-01,2026-09,2,3.3566,0.9078,2.4489,mean,monthly,1993-2016
C3S,JMA,dynamical,2026-07-01,2026-10,3,3.589,1.0158,2.5732,mean,monthly,1993-2016
C3S,JMA,dynamical,2026-07-01,2026-11,4,3.74,1.1029,2.6371,mean,monthly,1993-2016
C3S,JMA,dynamical,2026-07-01,2026-12,5,3.8181,1.1609,2.6572,mean,monthly,1993-2016
C3S,ECCC,dynamical,2026-07-01,2026-07,0,2.5517,0.7076,1.8441,ens_000,monthly,1993-2016
C3S,ECCC,dynamical,2026-07-01,2026-08,1,3.7834,0.8784,2.905,ens_000,monthly,1993-2016
C3S,ECCC,dynamical,2026-07-01,2026-09,2,3.9799,1.0346,2.9453,ens_000,monthly,1993-2016
C3S,ECCC,dynamical,2026-07-01,2026-10,3,3.901,1.0818,2.8192,ens_000,monthly,1993-2016
C3S,ECCC,dynamical,2026-07-01,2026-11,4,3.878,1.0409,2.8371,ens_000,monthly,1993-2016
C3S,ECCC,dynamical,2026-07-01,2026-12,5,3.667,1.0659,2.6012,ens_000,monthly,1993-2016
C3S,ECCC,dynamical,2026-07-01,2026-07,0,2.5147,0.7059,1.8088,ens_001,monthly,1993-2016
C3S,ECCC,dynamical,2026-07-01,2026-08,1,3.5277,0.8821,2.6456,ens_001,monthly,1993-2016
C3S,ECCC,dynamical,2026-07-01,2026-09,2,3.6036,0.9029,2.7007,ens_001,monthly,1993-2016
C3S,ECCC,dynamical,2026-07-01,2026-10,3,3.4325,0.9658,2.4667,ens_001,monthly,1993-2016
C3S,ECCC,dynamical,2026-07-01,2026-11,4,3.5132,0.9034,2.6098,ens_001,monthly,1993-2016
C3S,ECCC,dynamical,2026-07-01,2026-12,5,3.4718,0.8529,2.619,ens_001,monthly,1993-2016
C3S,ECCC,dynamical,2026-07-01,2026-07,0,2.5617,0.732,1.8297,ens_002,monthly,1993-2016
C3S,ECCC,dynamical,2026-07-01,2026-08,1,3.716,0.8727,2.8433,ens_002,monthly,1993-2016
C3S,ECCC,dynamical,2026-07-01,2026-09,2,3.897,0.9498,2.9472,ens_002,monthly,1993-2016
C3S,ECCC,dynamical,2026-07-01,2026-10,3,4.1251,1.0689,3.0562,ens_002,monthly,1993-2016
C3S,ECCC,dynamical,2026-07-01,2026-11,4,4.1017,1.1257,2.976,ens_002,monthly,1993-2016
C3S,ECCC,dynamical,2026-07-01,2026-12,5,4.0478,1.0787,2.9691,ens_002,monthly,1993-2016
C3S,ECCC,dynamical,2026-07-01,2026-07,0,2.5005,0.6996,1.8009,ens_003,monthly,1993-2016
C3S,ECCC,dynamical,2026-07-01,2026-08,1,3.6041,0.8621,2.742,ens_003,monthly,1993-2016
C3S,ECCC,dynamical,2026-07-01,2026-09,2,3.8539,0.9834,2.8705,ens_003,monthly,1993-2016
C3S,ECCC,dynamical,2026-07-01,2026-10,3,3.9003,1.0427,2.8576,ens_003,monthly,1993-2016
C3S,ECCC,dynamical,2026-07-01,2026-11,4,4.0399,1.0666,2.9733,ens_003,monthly,1993-2016
C3S,ECCC,dynamical,2026-07-01,2026-12,5,4.1141,1.0773,3.0368,ens_003,monthly,1993-2016
C3S,ECCC,dynamical,2026-07-01,2026-07,0,2.5108,0.6988,1.8119,ens_004,monthly,1993-2016
C3S,ECCC,dynamical,2026-07-01,2026-08,1,3.6809,0.9076,2.7733,ens_004,monthly,1993-2016
C3S,ECCC,dynamical,2026-07-01,2026-09,2,3.9353,1.0531,2.8822,ens_004,monthly,1993-2016
C3S,ECCC,dynamical,2026-07-01,2026-10,3,4.1025,1.1258,2.9767,ens_004,monthly,1993-2016
C3S,ECCC,dynamical,2026-07-01,2026-11,4,4.2014,1.1589,3.0425,ens_004,monthly,1993-2016
C3S,ECCC,dynamical,2026-07-01,2026-12,5,4.1466,1.1413,3.0053,ens_004,monthly,1993-2016
C3S,ECCC,dynamical,2026-07-01,2026-07,0,2.562,0.7185,1.8435,ens_005,monthly,1993-2016
C3S,ECCC,dynamical,2026-07-01,2026-08,1,3.5297,0.8866,2.6432,ens_005,monthly,1993-2016
C3S,ECCC,dynamical,2026-07-01,2026-09,2,3.5695,1.0174,2.5521,ens_005,monthly,1993-2016
C3S,ECCC,dynamical,2026-07-01,2026-10,3,3.5951,1.0766,2.5186,ens_005,monthly,1993-2016
C3S,ECCC,dynamical,2026-07-01,2026-11,4,3.536,1.0843,2.4518,ens_005,monthly,1993-2016
C3S,ECCC,dynamical,2026-07-01,2026-12,5,3.6526,1.0704,2.5822,ens_005,monthly,1993-2016
C3S,ECCC,dynamical,2026-07-01,2026-07,0,2.5388,0.7033,1.8354,ens_006,monthly,1993-2016
C3S,ECCC,dynamical,2026-07-01,2026-08,1,3.6856,0.8754,2.8103,ens_006,monthly,1993-2016
C3S,ECCC,dynamical,2026-07-01,2026-09,2,3.8443,0.9695,2.8748,ens_006,monthly,1993-2016
C3S,ECCC,dynamical,2026-07-01,2026-10,3,3.9122,0.9896,2.9226,ens_006,monthly,1993-2016
C3S,ECCC,dynamical,2026-07-01,2026-11,4,4.0073,1.0978,2.9096,ens_006,monthly,1993-2016
C3S,ECCC,dynamical,2026-07-01,2026-12,5,4.0569,1.0905,2.9664,ens_006,monthly,1993-2016
C3S,ECCC,dynamical,2026-07-01,2026-07,0,2.5423,0.7195,1.8228,ens_007,monthly,1993-2016
C3S,ECCC,dynamical,2026-07-01,2026-08,1,3.6457,0.8668,2.7789,ens_007,monthly,1993-2016
C3S,ECCC,dynamical,2026-07-01,2026-09,2,3.7733,0.9767,2.7965,ens_007,monthly,1993-2016
C3S,ECCC,dynamical,2026-07-01,2026-10,3,4.0666,1.1324,2.9342,ens_007,monthly,1993-2016
C3S,ECCC,dynamical,2026-07-01,2026-11,4,4.194,1.1739,3.0202,ens_007,monthly,1993-2016
C3S,ECCC,dynamical,2026-07-01,2026-12,5,4.2413,1.1217,3.1196,ens_007,monthly,1993-2016
C3S,ECCC,dynamical,2026-07-01,2026-07,0,2.493,0.7172,1.7758,ens_008,monthly,1993-2016
C3S,ECCC,dynamical,2026-07-01,2026-08,1,3.5224,0.8698,2.6526,ens_008,monthly,1993-2016
C3S,ECCC,dynamical,2026-07-01,2026-09,2,3.7069,0.9184,2.7884,ens_008,monthly,1993-2016
C3S,ECCC,dynamical,2026-07-01,2026-10,3,3.6769,1.0046,2.6723,ens_008,monthly,1993-2016
C3S,ECCC,dynamical,2026-07-01,2026-11,4,3.6954,1.0722,2.6233,ens_008,monthly,1993-2016
C3S,ECCC,dynamical,2026-07-01,2026-12,5,3.7713,1.0527,2.7185,ens_008,monthly,1993-2016
C3S,ECCC,dynamical,2026-07-01,2026-07,0,2.4908,0.6803,1.8106,ens_009,monthly,1993-2016
C3S,ECCC,dynamical,2026-07-01,2026-08,1,3.2485,0.8046,2.4439,ens_009,monthly,1993-2016
C3S,ECCC,dynamical,2026-07-01,2026-09,2,3.2655,0.9151,2.3504,ens_009,monthly,1993-2016
C3S,ECCC,dynamical,2026-07-01,2026-10,3,3.3017,0.9853,2.3164,ens_009,monthly,1993-2016
C3S,ECCC,dynamical,2026-07-01,2026-11,4,3.5398,1.0309,2.5089,ens_009,monthly,1993-2016
C3S,ECCC,dynamical,2026-07-01,2026-12,5,3.5664,1.0137,2.5528,ens_009,monthly,1993-2016
C3S,ECCC,dynamical,2026-07-01,2026-07,0,2.5192,0.6678,1.8514,ens_010,monthly,1993-2016
C3S,ECCC,dynamical,2026-07-01,2026-08,1,3.4825,0.8867,2.5958,ens_010,monthly,1993-2016
C3S,ECCC,dynamical,2026-07-01,2026-09,2,3.5431,0.9371,2.606,ens_010,monthly,1993-2016
C3S,ECCC,dynamical,2026-07-01,2026-10,3,3.585,0.9664,2.6186,ens_010,monthly,1993-2016
C3S,ECCC,dynamical,2026-07-01,2026-11,4,3.8236,0.9949,2.8287,ens_010,monthly,1993-2016
C3S,ECCC,dynamical,2026-07-01,2026-12,5,3.7573,0.981,2.7763,ens_010,monthly,1993-2016
C3S,ECCC,dynamical,2026-07-01,2026-07,0,2.5508,0.6906,1.8602,ens_011,monthly,1993-2016
C3S,ECCC,dynamical,2026-07-01,2026-08,1,3.6786,0.8365,2.8421,ens_011,monthly,1993-2016
C3S,ECCC,dynamical,2026-07-01,2026-09,2,3.7912,0.9125,2.8787,ens_011,monthly,1993-2016
C3S,ECCC,dynamical,2026-07-01,2026-10,3,3.9971,1.0795,2.9177,ens_011,monthly,1993-2016
C3S,ECCC,dynamical,2026-07-01,2026-11,4,4.1962,1.0658,3.1304,ens_011,monthly,1993-2016
C3S,ECCC,dynamical,2026-07-01,2026-12,5,4.3025,1.0605,3.242,ens_011,monthly,1993-2016
C3S,ECCC,dynamical,2026-07-01,2026-07,0,2.54,0.6494,1.8906,ens_012,monthly,1993-2016
C3S,ECCC,dynamical,2026-07-01,2026-08,1,3.6049,0.7801,2.8248,ens_012,monthly,1993-2016
C3S,ECCC,dynamical,2026-07-01,2026-09,2,3.7094,0.9022,2.8072,ens_012,monthly,1993-2016
C3S,ECCC,dynamical,2026-07-01,2026-10,3,3.7122,0.9836,2.7286,ens_012,monthly,1993-2016
C3S,ECCC,dynamical,2026-07-01,2026-11,4,3.8082,1.0814,2.7268,ens_012,monthly,1993-2016
C3S,ECCC,dynamical,2026-07-01,2026-12,5,3.6669,1.0836,2.5833,ens_012,monthly,1993-2016
C3S,ECCC,dynamical,2026-07-01,2026-07,0,2.4294,0.6716,1.7579,ens_013,monthly,1993-2016
C3S,ECCC,dynamical,2026-07-01,2026-08,1,3.624,0.9083,2.7158,ens_013,monthly,1993-2016
C3S,ECCC,dynamical,2026-07-01,2026-09,2,3.7012,1.0347,2.6665,ens_013,monthly,1993-2016
C3S,ECCC,dynamical,2026-07-01,2026-10,3,3.8374,1.1002,2.7372,ens_013,monthly,1993-2016
C3S,ECCC,dynamical,2026-07-01,2026-11,4,3.9463,1.1422,2.8041,ens_013,monthly,1993-2016
C3S,ECCC,dynamical,2026-07-01,2026-12,5,3.7858,1.1161,2.6697,ens_013,monthly,1993-2016
C3S,ECCC,dynamical,2026-07-01,2026-07,0,2.5672,0.689,1.8782,ens_014,monthly,1993-2016
C3S,ECCC,dynamical,2026-07-01,2026-08,1,3.7439,0.9179,2.8261,ens_014,monthly,1993-2016
C3S,ECCC,dynamical,2026-07-01,2026-09,2,3.7652,0.9963,2.7689,ens_014,monthly,1993-2016
C3S,ECCC,dynamical,2026-07-01,2026-10,3,3.9088,1.0808,2.828,ens_014,monthly,1993-2016
C3S,ECCC,dynamical,2026-07-01,2026-11,4,4.0204,1.1252,2.8952,ens_014,monthly,1993-2016
C3S,ECCC,dynamical,2026-07-01,2026-12,5,3.8106,1.1059,2.7047,ens_014,monthly,1993-2016
C3S,ECCC,dynamical,2026-07-01,2026-07,0,2.5994,0.7073,1.8921,ens_015,monthly,1993-2016
C3S,ECCC,dynamical,2026-07-01,2026-08,1,3.7023,0.8865,2.8159,ens_015,monthly,1993-2016
C3S,ECCC,dynamical,2026-07-01,2026-09,2,3.7208,0.9967,2.7241,ens_015,monthly,1993-2016
C3S,ECCC,dynamical,2026-07-01,2026-10,3,3.6118,1.1151,2.4968,ens_015,monthly,1993-2016
C3S,ECCC,dynamical,2026-07-01,2026-11,4,3.8665,1.1838,2.6827,ens_015,monthly,1993-2016
C3S,ECCC,dynamical,2026-07-01,2026-12,5,3.8637,1.1924,2.6713,ens_015,monthly,1993-2016
C3S,ECCC,dynamical,2026-07-01,2026-07,0,2.4649,0.6929,1.772,ens_016,monthly,1993-2016
C3S,ECCC,dynamical,2026-07-01,2026-08,1,3.3568,0.8424,2.5144,ens_016,monthly,1993-2016
C3S,ECCC,dynamical,2026-07-01,2026-09,2,3.3228,1.0093,2.3135,ens_016,monthly,1993-2016
C3S,ECCC,dynamical,2026-07-01,2026-10,3,3.3057,1.0883,2.2174,ens_016,monthly,1993-2016
C3S,ECCC,dynamical,2026-07-01,2026-11,4,3.4359,1.0561,2.3799,ens_016,monthly,1993-2016
C3S,ECCC,dynamical,2026-07-01,2026-12,5,3.6482,1.036,2.6122,ens_016,monthly,1993-2016
C3S,ECCC,dynamical,2026-07-01,2026-07,0,2.5369,0.692,1.8449,ens_017,monthly,1993-2016
C3S,ECCC,dynamical,2026-07-01,2026-08,1,3.6886,0.8402,2.8483,ens_017,monthly,1993-2016
C3S,ECCC,dynamical,2026-07-01,2026-09,2,3.7412,0.9747,2.7666,ens_017,monthly,1993-2016
C3S,ECCC,dynamical,2026-07-01,2026-10,3,3.8915,1.1081,2.7834,ens_017,monthly,1993-2016
C3S,ECCC,dynamical,2026-07-01,2026-11,4,4.2092,1.1268,3.0825,ens_017,monthly,1993-2016
C3S,ECCC,dynamical,2026-07-01,2026-12,5,4.2008,1.0869,3.1139,ens_017,monthly,1993-2016
C3S,ECCC,dynamical,2026-07-01,2026-07,0,2.5172,0.6963,1.8209,ens_018,monthly,1993-2016
C3S,ECCC,dynamical,2026-07-01,2026-08,1,3.6582,0.8587,2.7995,ens_018,monthly,1993-2016
C3S,ECCC,dynamical,2026-07-01,2026-09,2,3.81,0.9491,2.8609,ens_018,monthly,1993-2016
C3S,ECCC,dynamical,2026-07-01,2026-10,3,3.8086,1.0373,2.7713,ens_018,monthly,1993-2016
C3S,ECCC,dynamical,2026-07-01,2026-11,4,3.9798,0.9884,2.9914,ens_018,monthly,1993-2016
C3S,ECCC,dynamical,2026-07-01,2026-12,5,4.1187,1.0562,3.0624,ens_018,monthly,1993-2016
C3S,ECCC,dynamical,2026-07-01,2026-07,0,2.5461,0.7014,1.8447,ens_019,monthly,1993-2016
C3S,ECCC,dynamical,2026-07-01,2026-08,1,3.3366,0.8534,2.4832,ens_019,monthly,1993-2016
C3S,ECCC,dynamical,2026-07-01,2026-09,2,3.155,0.9537,2.2014,ens_019,monthly,1993-2016
C3S,ECCC,dynamical,2026-07-01,2026-10,3,3.3564,0.9548,2.4016,ens_019,monthly,1993-2016
C3S,ECCC,dynamical,2026-07-01,2026-11,4,3.5381,0.9874,2.5507,ens_019,monthly,1993-2016
C3S,ECCC,dynamical,2026-07-01,2026-12,5,3.614,1.0027,2.6113,ens_019,monthly,1993-2016
C3S,ECCC,dynamical,2026-07-01,2026-07,0,2.5269,0.697,1.8298,mean,monthly,1993-2016
C3S,ECCC,dynamical,2026-07-01,2026-08,1,3.591,0.8658,2.7252,mean,monthly,1993-2016
C3S,ECCC,dynamical,2026-07-01,2026-09,2,3.6845,0.9694,2.7151,mean,monthly,1993-2016
C3S,ECCC,dynamical,2026-07-01,2026-10,3,3.7514,1.0494,2.7021,mean,monthly,1993-2016
C3S,ECCC,dynamical,2026-07-01,2026-11,4,3.8765,1.0753,2.8012,mean,monthly,1993-2016
C3S,ECCC,dynamical,2026-07-01,2026-12,5,3.8752,1.0643,2.8109,mean,monthly,1993-2016
C3S,NCEP,dynamical,2026-07-01,2026-07,0,2.0094,0.6222,1.3872,ens_000,monthly,1993-2016
C3S,NCEP,dynamical,2026-07-01,2026-08,1,3.0829,0.9038,2.1791,ens_000,monthly,1993-2016
C3S,NCEP,dynamical,2026-07-01,2026-09,2,3.739,1.0292,2.7098,ens_000,monthly,1993-2016
C3S,NCEP,dynamical,2026-07-01,2026-10,3,4.2574,1.1246,3.1329,ens_000,monthly,1993-2016
C3S,NCEP,dynamical,2026-07-01,2026-11,4,4.4869,1.17,3.317,ens_000,monthly,1993-2016
C3S,NCEP,dynamical,2026-07-01,2026-12,5,3.619,1.2279,2.3911,ens_000,monthly,1993-2016
C3S,NCEP,dynamical,2026-07-01,2026-07,0,2.011,0.6135,1.3976,ens_001,monthly,1993-2016
C3S,NCEP,dynamical,2026-07-01,2026-08,1,3.2583,0.8118,2.4466,ens_001,monthly,1993-2016
C3S,NCEP,dynamical,2026-07-01,2026-09,2,4.1133,1.0505,3.0628,ens_001,monthly,1993-2016
C3S,NCEP,dynamical,2026-07-01,2026-10,3,4.5088,1.1897,3.3191,ens_001,monthly,1993-2016
C3S,NCEP,dynamical,2026-07-01,2026-11,4,4.5166,1.2557,3.2608,ens_001,monthly,1993-2016
C3S,NCEP,dynamical,2026-07-01,2026-12,5,4.2703,1.2388,3.0314,ens_001,monthly,1993-2016
C3S,NCEP,dynamical,2026-07-01,2026-07,0,1.9906,0.6042,1.3864,ens_002,monthly,1993-2016
C3S,NCEP,dynamical,2026-07-01,2026-08,1,3.1222,0.8235,2.2987,ens_002,monthly,1993-2016
C3S,NCEP,dynamical,2026-07-01,2026-09,2,3.6315,0.9585,2.673,ens_002,monthly,1993-2016
C3S,NCEP,dynamical,2026-07-01,2026-10,3,4.1724,1.1087,3.0637,ens_002,monthly,1993-2016
C3S,NCEP,dynamical,2026-07-01,2026-11,4,4.5036,1.1715,3.332,ens_002,monthly,1993-2016
C3S,NCEP,dynamical,2026-07-01,2026-12,5,3.6914,1.1738,2.5176,ens_002,monthly,1993-2016
C3S,NCEP,dynamical,2026-07-01,2026-07,0,2.0259,0.6376,1.3884,ens_003,monthly,1993-2016
C3S,NCEP,dynamical,2026-07-01,2026-08,1,3.1499,0.8722,2.2777,ens_003,monthly,1993-2016
C3S,NCEP,dynamical,2026-07-01,2026-09,2,3.7096,1.0824,2.6273,ens_003,monthly,1993-2016
C3S,NCEP,dynamical,2026-07-01,2026-10,3,3.8973,1.194,2.7033,ens_003,monthly,1993-2016
C3S,NCEP,dynamical,2026-07-01,2026-11,4,4.4259,1.2781,3.1478,ens_003,monthly,1993-2016
C3S,NCEP,dynamical,2026-07-01,2026-12,5,3.7906,1.2447,2.5459,ens_003,monthly,1993-2016
C3S,NCEP,dynamical,2026-07-01,2026-07,0,2.0065,0.6003,1.4062,ens_004,monthly,1993-2016
C3S,NCEP,dynamical,2026-07-01,2026-08,1,3.1971,0.8152,2.3819,ens_004,monthly,1993-2016
C3S,NCEP,dynamical,2026-07-01,2026-09,2,3.596,0.9178,2.6782,ens_004,monthly,1993-2016
C3S,NCEP,dynamical,2026-07-01,2026-10,3,3.9383,1.1051,2.8332,ens_004,monthly,1993-2016
C3S,NCEP,dynamical,2026-07-01,2026-11,4,4.3336,1.2675,3.0661,ens_004,monthly,1993-2016
C3S,NCEP,dynamical,2026-07-01,2026-12,5,4.0051,1.2703,2.7348,ens_004,monthly,1993-2016
C3S,NCEP,dynamical,2026-07-01,2026-07,0,2.0064,0.638,1.3684,ens_005,monthly,1993-2016
C3S,NCEP,dynamical,2026-07-01,2026-08,1,3.1265,0.8809,2.2456,ens_005,monthly,1993-2016
C3S,NCEP,dynamical,2026-07-01,2026-09,2,3.6538,1.0073,2.6465,ens_005,monthly,1993-2016
C3S,NCEP,dynamical,2026-07-01,2026-10,3,4.2244,1.1669,3.0575,ens_005,monthly,1993-2016
C3S,NCEP,dynamical,2026-07-01,2026-11,4,4.3447,1.2467,3.098,ens_005,monthly,1993-2016
C3S,NCEP,dynamical,2026-07-01,2026-12,5,3.2559,1.1994,2.0565,ens_005,monthly,1993-2016
C3S,NCEP,dynamical,2026-07-01,2026-07,0,1.9753,0.6394,1.3359,ens_006,monthly,1993-2016
C3S,NCEP,dynamical,2026-07-01,2026-08,1,2.9935,0.8648,2.1287,ens_006,monthly,1993-2016
C3S,NCEP,dynamical,2026-07-01,2026-09,2,3.3353,0.9692,2.366,ens_006,monthly,1993-2016
C3S,NCEP,dynamical,2026-07-01,2026-10,3,3.6759,1.105,2.5709,ens_006,monthly,1993-2016
C3S,NCEP,dynamical,2026-07-01,2026-11,4,3.8821,1.1455,2.7367,ens_006,monthly,1993-2016
C3S,NCEP,dynamical,2026-07-01,2026-12,5,3.3115,1.1195,2.1919,ens_006,monthly,1993-2016
C3S,NCEP,dynamical,2026-07-01,2026-07,0,2.0607,0.6924,1.3683,ens_007,monthly,1993-2016
C3S,NCEP,dynamical,2026-07-01,2026-08,1,3.0326,0.9821,2.0505,ens_007,monthly,1993-2016
C3S,NCEP,dynamical,2026-07-01,2026-09,2,3.3081,1.0603,2.2479,ens_007,monthly,1993-2016
C3S,NCEP,dynamical,2026-07-01,2026-10,3,4.0019,1.1144,2.8874,ens_007,monthly,1993-2016
C3S,NCEP,dynamical,2026-07-01,2026-11,4,3.9683,1.265,2.7032,ens_007,monthly,1993-2016
C3S,NCEP,dynamical,2026-07-01,2026-12,5,3.7836,1.2477,2.5358,ens_007,monthly,1993-2016
C3S,NCEP,dynamical,2026-07-01,2026-07,0,1.877,0.6079,1.2691,ens_008,monthly,1993-2016
C3S,NCEP,dynamical,2026-07-01,2026-08,1,2.7958,0.8864,1.9094,ens_008,monthly,1993-2016
C3S,NCEP,dynamical,2026-07-01,2026-09,2,3.3971,1.0772,2.3199,ens_008,monthly,1993-2016
C3S,NCEP,dynamical,2026-07-01,2026-10,3,3.7518,1.1058,2.6461,ens_008,monthly,1993-2016
C3S,NCEP,dynamical,2026-07-01,2026-11,4,4.1546,1.2019,2.9527,ens_008,monthly,1993-2016
C3S,NCEP,dynamical,2026-07-01,2026-12,5,3.6912,1.1782,2.513,ens_008,monthly,1993-2016
C3S,NCEP,dynamical,2026-07-01,2026-07,0,1.9809,0.6209,1.3601,ens_009,monthly,1993-2016
C3S,NCEP,dynamical,2026-07-01,2026-08,1,3.018,0.8539,2.164,ens_009,monthly,1993-2016
C3S,NCEP,dynamical,2026-07-01,2026-09,2,3.5797,1.048,2.5317,ens_009,monthly,1993-2016
C3S,NCEP,dynamical,2026-07-01,2026-10,3,3.8088,1.1243,2.6845,ens_009,monthly,1993-2016
C3S,NCEP,dynamical,2026-07-01,2026-11,4,3.951,1.1749,2.776,ens_009,monthly,1993-2016
C3S,NCEP,dynamical,2026-07-01,2026-12,5,3.8733,1.2173,2.656,ens_009,monthly,1993-2016
C3S,NCEP,dynamical,2026-07-01,2026-07,0,1.9671,0.6415,1.3255,ens_010,monthly,1993-2016
C3S,NCEP,dynamical,2026-07-01,2026-08,1,3.1716,0.8974,2.2742,ens_010,monthly,1993-2016
C3S,NCEP,dynamical,2026-07-01,2026-09,2,3.9121,1.0864,2.8256,ens_010,monthly,1993-2016
C3S,NCEP,dynamical,2026-07-01,2026-10,3,4.4904,1.1959,3.2945,ens_010,monthly,1993-2016
C3S,NCEP,dynamical,2026-07-01,2026-11,4,4.7986,1.2447,3.5539,ens_010,monthly,1993-2016
C3S,NCEP,dynamical,2026-07-01,2026-12,5,3.9649,1.2292,2.7357,ens_010,monthly,1993-2016
C3S,NCEP,dynamical,2026-07-01,2026-07,0,2.0032,0.5864,1.4168,ens_011,monthly,1993-2016
C3S,NCEP,dynamical,2026-07-01,2026-08,1,3.244,0.8237,2.4203,ens_011,monthly,1993-2016
C3S,NCEP,dynamical,2026-07-01,2026-09,2,3.8317,1.023,2.8087,ens_011,monthly,1993-2016
C3S,NCEP,dynamical,2026-07-01,2026-10,3,3.8236,1.0149,2.8087,ens_011,monthly,1993-2016
C3S,NCEP,dynamical,2026-07-01,2026-11,4,3.871,1.1306,2.7404,ens_011,monthly,1993-2016
C3S,NCEP,dynamical,2026-07-01,2026-12,5,3.6919,1.2514,2.4405,ens_011,monthly,1993-2016
C3S,NCEP,dynamical,2026-07-01,2026-07,0,1.9089,0.6242,1.2848,ens_012,monthly,1993-2016
C3S,NCEP,dynamical,2026-07-01,2026-08,1,3.0189,0.8491,2.1698,ens_012,monthly,1993-2016
C3S,NCEP,dynamical,2026-07-01,2026-09,2,3.497,0.9044,2.5926,ens_012,monthly,1993-2016
C3S,NCEP,dynamical,2026-07-01,2026-10,3,3.8786,1.0457,2.8329,ens_012,monthly,1993-2016
C3S,NCEP,dynamical,2026-07-01,2026-11,4,4.2542,1.1138,3.1404,ens_012,monthly,1993-2016
C3S,NCEP,dynamical,2026-07-01,2026-12,5,4.0803,1.1801,2.9003,ens_012,monthly,1993-2016
C3S,NCEP,dynamical,2026-07-01,2026-07,0,1.909,0.6318,1.2772,ens_013,monthly,1993-2016
C3S,NCEP,dynamical,2026-07-01,2026-08,1,2.9866,0.8257,2.1609,ens_013,monthly,1993-2016
C3S,NCEP,dynamical,2026-07-01,2026-09,2,3.7338,1.0008,2.733,ens_013,monthly,1993-2016
C3S,NCEP,dynamical,2026-07-01,2026-10,3,4.4433,1.2012,3.2421,ens_013,monthly,1993-2016
C3S,NCEP,dynamical,2026-07-01,2026-11,4,4.0859,1.1939,2.892,ens_013,monthly,1993-2016
C3S,NCEP,dynamical,2026-07-01,2026-12,5,3.5541,1.2013,2.3528,ens_013,monthly,1993-2016
C3S,NCEP,dynamical,2026-07-01,2026-07,0,1.9083,0.6184,1.2898,ens_014,monthly,1993-2016
C3S,NCEP,dynamical,2026-07-01,2026-08,1,2.6801,0.7819,1.8982,ens_014,monthly,1993-2016
C3S,NCEP,dynamical,2026-07-01,2026-09,2,3.4635,1.0247,2.4388,ens_014,monthly,1993-2016
C3S,NCEP,dynamical,2026-07-01,2026-10,3,3.9676,1.1019,2.8657,ens_014,monthly,1993-2016
C3S,NCEP,dynamical,2026-07-01,2026-11,4,4.4143,1.0877,3.3266,ens_014,monthly,1993-2016
C3S,NCEP,dynamical,2026-07-01,2026-12,5,4.0843,1.1919,2.8924,ens_014,monthly,1993-2016
C3S,NCEP,dynamical,2026-07-01,2026-07,0,1.9042,0.5956,1.3086,ens_015,monthly,1993-2016
C3S,NCEP,dynamical,2026-07-01,2026-08,1,2.9159,0.8791,2.0368,ens_015,monthly,1993-2016
C3S,NCEP,dynamical,2026-07-01,2026-09,2,3.2471,0.9201,2.327,ens_015,monthly,1993-2016
C3S,NCEP,dynamical,2026-07-01,2026-10,3,3.785,1.0042,2.7808,ens_015,monthly,1993-2016
C3S,NCEP,dynamical,2026-07-01,2026-11,4,4.0192,1.0472,2.9721,ens_015,monthly,1993-2016
C3S,NCEP,dynamical,2026-07-01,2026-12,5,3.5204,1.0058,2.5146,ens_015,monthly,1993-2016
C3S,NCEP,dynamical,2026-07-01,2026-07,0,1.959,0.6467,1.3123,ens_016,monthly,1993-2016
C3S,NCEP,dynamical,2026-07-01,2026-08,1,3.0099,0.8348,2.1751,ens_016,monthly,1993-2016
C3S,NCEP,dynamical,2026-07-01,2026-09,2,3.7181,0.9823,2.7358,ens_016,monthly,1993-2016
C3S,NCEP,dynamical,2026-07-01,2026-10,3,4.1981,1.1749,3.0232,ens_016,monthly,1993-2016
C3S,NCEP,dynamical,2026-07-01,2026-11,4,4.1839,1.2493,2.9346,ens_016,monthly,1993-2016
C3S,NCEP,dynamical,2026-07-01,2026-12,5,3.5482,1.2719,2.2763,ens_016,monthly,1993-2016
C3S,NCEP,dynamical,2026-07-01,2026-07,0,1.9866,0.6088,1.3777,ens_017,monthly,1993-2016
C3S,NCEP,dynamical,2026-07-01,2026-08,1,2.9264,0.7481,2.1783,ens_017,monthly,1993-2016
C3S,NCEP,dynamical,2026-07-01,2026-09,2,3.8266,0.9978,2.8288,ens_017,monthly,1993-2016
C3S,NCEP,dynamical,2026-07-01,2026-10,3,4.2113,1.1425,3.0688,ens_017,monthly,1993-2016
C3S,NCEP,dynamical,2026-07-01,2026-11,4,4.407,1.2152,3.1918,ens_017,monthly,1993-2016
C3S,NCEP,dynamical,2026-07-01,2026-12,5,3.6816,1.2321,2.4495,ens_017,monthly,1993-2016
C3S,NCEP,dynamical,2026-07-01,2026-07,0,1.9691,0.6343,1.3348,ens_018,monthly,1993-2016
C3S,NCEP,dynamical,2026-07-01,2026-08,1,2.9636,0.8281,2.1355,ens_018,monthly,1993-2016
C3S,NCEP,dynamical,2026-07-01,2026-09,2,3.3087,0.9648,2.3439,ens_018,monthly,1993-2016
C3S,NCEP,dynamical,2026-07-01,2026-10,3,3.8792,1.1274,2.7519,ens_018,monthly,1993-2016
C3S,NCEP,dynamical,2026-07-01,2026-11,4,4.223,1.2286,2.9944,ens_018,monthly,1993-2016
C3S,NCEP,dynamical,2026-07-01,2026-12,5,3.6995,1.124,2.5755,ens_018,monthly,1993-2016
C3S,NCEP,dynamical,2026-07-01,2026-07,0,1.9299,0.6579,1.272,ens_019,monthly,1993-2016
C3S,NCEP,dynamical,2026-07-01,2026-08,1,2.9504,0.8129,2.1375,ens_019,monthly,1993-2016
C3S,NCEP,dynamical,2026-07-01,2026-09,2,3.7682,0.9303,2.8379,ens_019,monthly,1993-2016
C3S,NCEP,dynamical,2026-07-01,2026-10,3,4.3393,1.0836,3.2557,ens_019,monthly,1993-2016
C3S,NCEP,dynamical,2026-07-01,2026-11,4,4.3844,1.151,3.2334,ens_019,monthly,1993-2016
C3S,NCEP,dynamical,2026-07-01,2026-12,5,4.1873,1.1592,3.0281,ens_019,monthly,1993-2016
C3S,NCEP,dynamical,2026-07-01,2026-07,0,1.9227,0.6391,1.2836,ens_020,monthly,1993-2016
C3S,NCEP,dynamical,2026-07-01,2026-08,1,2.5078,0.741,1.7668,ens_020,monthly,1993-2016
C3S,NCEP,dynamical,2026-07-01,2026-09,2,2.9859,0.8611,2.1248,ens_020,monthly,1993-2016
C3S,NCEP,dynamical,2026-07-01,2026-10,3,3.364,0.9186,2.4453,ens_020,monthly,1993-2016
C3S,NCEP,dynamical,2026-07-01,2026-11,4,3.5457,1.0328,2.5128,ens_020,monthly,1993-2016
C3S,NCEP,dynamical,2026-07-01,2026-12,5,2.9758,1.0339,1.9419,ens_020,monthly,1993-2016
C3S,NCEP,dynamical,2026-07-01,2026-07,0,2.0234,0.7004,1.323,ens_021,monthly,1993-2016
C3S,NCEP,dynamical,2026-07-01,2026-08,1,2.8438,0.8746,1.9692,ens_021,monthly,1993-2016
C3S,NCEP,dynamical,2026-07-01,2026-09,2,3.4294,1.0535,2.3759,ens_021,monthly,1993-2016
C3S,NCEP,dynamical,2026-07-01,2026-10,3,3.9183,1.1867,2.7316,ens_021,monthly,1993-2016
C3S,NCEP,dynamical,2026-07-01,2026-11,4,4.4087,1.2888,3.1199,ens_021,monthly,1993-2016
C3S,NCEP,dynamical,2026-07-01,2026-12,5,3.7884,1.2792,2.5092,ens_021,monthly,1993-2016
C3S,NCEP,dynamical,2026-07-01,2026-07,0,1.958,0.6734,1.2846,ens_022,monthly,1993-2016
C3S,NCEP,dynamical,2026-07-01,2026-08,1,2.8568,0.8346,2.0222,ens_022,monthly,1993-2016
C3S,NCEP,dynamical,2026-07-01,2026-09,2,3.4505,0.9174,2.5331,ens_022,monthly,1993-2016
C3S,NCEP,dynamical,2026-07-01,2026-10,3,3.6933,1.0064,2.6869,ens_022,monthly,1993-2016
C3S,NCEP,dynamical,2026-07-01,2026-11,4,3.7919,1.2576,2.5343,ens_022,monthly,1993-2016
C3S,NCEP,dynamical,2026-07-01,2026-12,5,3.7691,1.316,2.453,ens_022,monthly,1993-2016
C3S,NCEP,dynamical,2026-07-01,2026-07,0,2.0008,0.66,1.3409,ens_023,monthly,1993-2016
C3S,NCEP,dynamical,2026-07-01,2026-08,1,2.9733,0.8343,2.139,ens_023,monthly,1993-2016
C3S,NCEP,dynamical,2026-07-01,2026-09,2,3.7506,1.0707,2.6799,ens_023,monthly,1993-2016
C3S,NCEP,dynamical,2026-07-01,2026-10,3,4.1229,1.1238,2.9992,ens_023,monthly,1993-2016
C3S,NCEP,dynamical,2026-07-01,2026-11,4,4.3255,1.1134,3.2121,ens_023,monthly,1993-2016
C3S,NCEP,dynamical,2026-07-01,2026-12,5,3.4645,1.1695,2.295,ens_023,monthly,1993-2016
C3S,NCEP,dynamical,2026-07-01,2026-07,0,1.9395,0.6355,1.304,ens_024,monthly,1993-2016
C3S,NCEP,dynamical,2026-07-01,2026-08,1,3.0525,0.925,2.1275,ens_024,monthly,1993-2016
C3S,NCEP,dynamical,2026-07-01,2026-09,2,3.4974,1.0571,2.4403,ens_024,monthly,1993-2016
C3S,NCEP,dynamical,2026-07-01,2026-10,3,3.7389,1.1773,2.5616,ens_024,monthly,1993-2016
C3S,NCEP,dynamical,2026-07-01,2026-11,4,3.9012,1.282,2.6192,ens_024,monthly,1993-2016
C3S,NCEP,dynamical,2026-07-01,2026-12,5,3.8704,1.2275,2.643,ens_024,monthly,1993-2016
C3S,NCEP,dynamical,2026-07-01,2026-07,0,1.8838,0.6345,1.2493,ens_025,monthly,1993-2016
C3S,NCEP,dynamical,2026-07-01,2026-08,1,2.6866,0.7836,1.903,ens_025,monthly,1993-2016
C3S,NCEP,dynamical,2026-07-01,2026-09,2,3.1264,0.9274,2.1991,ens_025,monthly,1993-2016
C3S,NCEP,dynamical,2026-07-01,2026-10,3,3.5493,0.9389,2.6104,ens_025,monthly,1993-2016
C3S,NCEP,dynamical,2026-07-01,2026-11,4,3.7829,1.0766,2.7063,ens_025,monthly,1993-2016
C3S,NCEP,dynamical,2026-07-01,2026-12,5,3.6836,1.115,2.5686,ens_025,monthly,1993-2016
C3S,NCEP,dynamical,2026-07-01,2026-07,0,1.9704,0.6865,1.2838,ens_026,monthly,1993-2016
C3S,NCEP,dynamical,2026-07-01,2026-08,1,3.136,0.855,2.281,ens_026,monthly,1993-2016
C3S,NCEP,dynamical,2026-07-01,2026-09,2,3.8657,1.0736,2.7921,ens_026,monthly,1993-2016
C3S,NCEP,dynamical,2026-07-01,2026-10,3,4.2538,1.2035,3.0503,ens_026,monthly,1993-2016
C3S,NCEP,dynamical,2026-07-01,2026-11,4,4.5192,1.2532,3.2661,ens_026,monthly,1993-2016
C3S,NCEP,dynamical,2026-07-01,2026-12,5,3.8623,1.3005,2.5618,ens_026,monthly,1993-2016
C3S,NCEP,dynamical,2026-07-01,2026-07,0,1.9246,0.637,1.2876,ens_027,monthly,1993-2016
C3S,NCEP,dynamical,2026-07-01,2026-08,1,2.6954,0.7566,1.9387,ens_027,monthly,1993-2016
C3S,NCEP,dynamical,2026-07-01,2026-09,2,3.2824,0.9883,2.2941,ens_027,monthly,1993-2016
C3S,NCEP,dynamical,2026-07-01,2026-10,3,3.5416,1.1488,2.3928,ens_027,monthly,1993-2016
C3S,NCEP,dynamical,2026-07-01,2026-11,4,3.7322,1.0643,2.6679,ens_027,monthly,1993-2016
C3S,NCEP,dynamical,2026-07-01,2026-12,5,3.3779,1.1609,2.217,ens_027,monthly,1993-2016
C3S,NCEP,dynamical,2026-07-01,2026-07,0,1.8942,0.6284,1.2658,ens_028,monthly,1993-2016
C3S,NCEP,dynamical,2026-07-01,2026-08,1,2.7238,0.7873,1.9365,ens_028,monthly,1993-2016
C3S,NCEP,dynamical,2026-07-01,2026-09,2,3.2563,0.9617,2.2946,ens_028,monthly,1993-2016
C3S,NCEP,dynamical,2026-07-01,2026-10,3,3.592,1.0082,2.5838,ens_028,monthly,1993-2016
C3S,NCEP,dynamical,2026-07-01,2026-11,4,3.5697,0.9563,2.6134,ens_028,monthly,1993-2016
C3S,NCEP,dynamical,2026-07-01,2026-12,5,3.4324,0.9991,2.4333,ens_028,monthly,1993-2016
C3S,NCEP,dynamical,2026-07-01,2026-07,0,1.9147,0.6212,1.2935,ens_029,monthly,1993-2016
C3S,NCEP,dynamical,2026-07-01,2026-08,1,2.6313,0.7491,1.8821,ens_029,monthly,1993-2016
C3S,NCEP,dynamical,2026-07-01,2026-09,2,3.3813,0.9902,2.3911,ens_029,monthly,1993-2016
C3S,NCEP,dynamical,2026-07-01,2026-10,3,3.6828,1.0678,2.6151,ens_029,monthly,1993-2016
C3S,NCEP,dynamical,2026-07-01,2026-11,4,3.8481,1.1323,2.7158,ens_029,monthly,1993-2016
C3S,NCEP,dynamical,2026-07-01,2026-12,5,3.3978,1.1585,2.2393,ens_029,monthly,1993-2016
C3S,NCEP,dynamical,2026-07-01,2026-07,0,1.9431,0.627,1.3161,ens_030,monthly,1993-2016
C3S,NCEP,dynamical,2026-07-01,2026-08,1,2.8621,0.7274,2.1347,ens_030,monthly,1993-2016
C3S,NCEP,dynamical,2026-07-01,2026-09,2,3.6004,0.8945,2.7059,ens_030,monthly,1993-2016
C3S,NCEP,dynamical,2026-07-01,2026-10,3,4.1059,1.1644,2.9415,ens_030,monthly,1993-2016
C3S,NCEP,dynamical,2026-07-01,2026-11,4,4.4833,1.1743,3.3091,ens_030,monthly,1993-2016
C3S,NCEP,dynamical,2026-07-01,2026-12,5,3.6832,1.1134,2.5698,ens_030,monthly,1993-2016
C3S,NCEP,dynamical,2026-07-01,2026-07,0,2.0087,0.6975,1.3112,ens_031,monthly,1993-2016
C3S,NCEP,dynamical,2026-07-01,2026-08,1,2.9301,0.8302,2.0999,ens_031,monthly,1993-2016
C3S,NCEP,dynamical,2026-07-01,2026-09,2,3.8922,1.065,2.8272,ens_031,monthly,1993-2016
C3S,NCEP,dynamical,2026-07-01,2026-10,3,4.3014,1.2267,3.0746,ens_031,monthly,1993-2016
C3S,NCEP,dynamical,2026-07-01,2026-11,4,4.5712,1.3515,3.2196,ens_031,monthly,1993-2016
C3S,NCEP,dynamical,2026-07-01,2026-12,5,3.9454,1.3903,2.5552,ens_031,monthly,1993-2016
C3S,NCEP,dynamical,2026-07-01,2026-07,0,1.8681,0.6098,1.2584,ens_032,monthly,1993-2016
C3S,NCEP,dynamical,2026-07-01,2026-08,1,2.4843,0.7956,1.6886,ens_032,monthly,1993-2016
C3S,NCEP,dynamical,2026-07-01,2026-09,2,3.1555,1.0644,2.0911,ens_032,monthly,1993-2016
C3S,NCEP,dynamical,2026-07-01,2026-10,3,3.4892,1.1252,2.364,ens_032,monthly,1993-2016
C3S,NCEP,dynamical,2026-07-01,2026-11,4,4.1318,1.2691,2.8627,ens_032,monthly,1993-2016
C3S,NCEP,dynamical,2026-07-01,2026-12,5,3.5442,1.2163,2.328,ens_032,monthly,1993-2016
C3S,NCEP,dynamical,2026-07-01,2026-07,0,1.8929,0.6325,1.2604,ens_033,monthly,1993-2016
C3S,NCEP,dynamical,2026-07-01,2026-08,1,2.7032,0.7798,1.9234,ens_033,monthly,1993-2016
C3S,NCEP,dynamical,2026-07-01,2026-09,2,3.2085,0.9205,2.2879,ens_033,monthly,1993-2016
C3S,NCEP,dynamical,2026-07-01,2026-10,3,3.4102,1.0031,2.4072,ens_033,monthly,1993-2016
C3S,NCEP,dynamical,2026-07-01,2026-11,4,3.7283,1.0807,2.6476,ens_033,monthly,1993-2016
C3S,NCEP,dynamical,2026-07-01,2026-12,5,3.5071,1.0738,2.4333,ens_033,monthly,1993-2016
C3S,NCEP,dynamical,2026-07-01,2026-07,0,1.8615,0.5962,1.2654,ens_034,monthly,1993-2016
C3S,NCEP,dynamical,2026-07-01,2026-08,1,2.723,0.7166,2.0065,ens_034,monthly,1993-2016
C3S,NCEP,dynamical,2026-07-01,2026-09,2,3.417,0.8627,2.5543,ens_034,monthly,1993-2016
C3S,NCEP,dynamical,2026-07-01,2026-10,3,3.6534,1.1275,2.5259,ens_034,monthly,1993-2016
C3S,NCEP,dynamical,2026-07-01,2026-11,4,3.9755,1.1962,2.7793,ens_034,monthly,1993-2016
C3S,NCEP,dynamical,2026-07-01,2026-12,5,3.9226,1.1418,2.7808,ens_034,monthly,1993-2016
C3S,NCEP,dynamical,2026-07-01,2026-07,0,1.8511,0.6351,1.216,ens_035,monthly,1993-2016
C3S,NCEP,dynamical,2026-07-01,2026-08,1,2.8159,0.8435,1.9724,ens_035,monthly,1993-2016
C3S,NCEP,dynamical,2026-07-01,2026-09,2,3.3177,0.9883,2.3293,ens_035,monthly,1993-2016
C3S,NCEP,dynamical,2026-07-01,2026-10,3,3.5918,1.1053,2.4865,ens_035,monthly,1993-2016
C3S,NCEP,dynamical,2026-07-01,2026-11,4,3.9325,1.2598,2.6727,ens_035,monthly,1993-2016
C3S,NCEP,dynamical,2026-07-01,2026-12,5,3.4577,1.2134,2.2442,ens_035,monthly,1993-2016
C3S,NCEP,dynamical,2026-07-01,2026-07,0,1.9386,0.6662,1.2724,ens_036,monthly,1993-2016
C3S,NCEP,dynamical,2026-07-01,2026-08,1,2.6604,0.7832,1.8772,ens_036,monthly,1993-2016
C3S,NCEP,dynamical,2026-07-01,2026-09,2,3.3963,0.9078,2.4885,ens_036,monthly,1993-2016
C3S,NCEP,dynamical,2026-07-01,2026-10,3,3.6308,0.9427,2.6881,ens_036,monthly,1993-2016
C3S,NCEP,dynamical,2026-07-01,2026-11,4,3.8987,1.1377,2.761,ens_036,monthly,1993-2016
C3S,NCEP,dynamical,2026-07-01,2026-12,5,3.5078,1.1267,2.3811,ens_036,monthly,1993-2016
C3S,NCEP,dynamical,2026-07-01,2026-07,0,2.0769,0.6756,1.4013,ens_037,monthly,1993-2016
C3S,NCEP,dynamical,2026-07-01,2026-08,1,2.8007,0.8495,1.9512,ens_037,monthly,1993-2016
C3S,NCEP,dynamical,2026-07-01,2026-09,2,2.9365,0.9538,1.9827,ens_037,monthly,1993-2016
C3S,NCEP,dynamical,2026-07-01,2026-10,3,3.1168,0.9446,2.1722,ens_037,monthly,1993-2016
C3S,NCEP,dynamical,2026-07-01,2026-11,4,3.4698,1.1119,2.3579,ens_037,monthly,1993-2016
C3S,NCEP,dynamical,2026-07-01,2026-12,5,3.3719,1.1014,2.2705,ens_037,monthly,1993-2016
C3S,NCEP,dynamical,2026-07-01,2026-07,0,2.0376,0.7459,1.2916,ens_038,monthly,1993-2016
C3S,NCEP,dynamical,2026-07-01,2026-08,1,2.9673,0.9244,2.0429,ens_038,monthly,1993-2016
C3S,NCEP,dynamical,2026-07-01,2026-09,2,3.5054,1.0154,2.49,ens_038,monthly,1993-2016
C3S,NCEP,dynamical,2026-07-01,2026-10,3,3.9064,1.1319,2.7745,ens_038,monthly,1993-2016
C3S,NCEP,dynamical,2026-07-01,2026-11,4,4.3217,1.1648,3.1569,ens_038,monthly,1993-2016
C3S,NCEP,dynamical,2026-07-01,2026-12,5,3.8058,1.2414,2.5643,ens_038,monthly,1993-2016
C3S,NCEP,dynamical,2026-07-01,2026-07,0,1.9016,0.6368,1.2648,ens_039,monthly,1993-2016
C3S,NCEP,dynamical,2026-07-01,2026-08,1,2.6678,0.8089,1.8589,ens_039,monthly,1993-2016
C3S,NCEP,dynamical,2026-07-01,2026-09,2,3.3484,1.0082,2.3402,ens_039,monthly,1993-2016
C3S,NCEP,dynamical,2026-07-01,2026-10,3,3.7502,1.1571,2.5931,ens_039,monthly,1993-2016
C3S,NCEP,dynamical,2026-07-01,2026-11,4,3.6142,1.1205,2.4937,ens_039,monthly,1993-2016
C3S,NCEP,dynamical,2026-07-01,2026-12,5,2.9784,1.1619,1.8165,ens_039,monthly,1993-2016
C3S,NCEP,dynamical,2026-07-01,2026-07,0,1.8461,0.6104,1.2356,ens_040,monthly,1993-2016
C3S,NCEP,dynamical,2026-07-01,2026-08,1,2.4215,0.7882,1.6333,ens_040,monthly,1993-2016
C3S,NCEP,dynamical,2026-07-01,2026-09,2,2.8545,0.8771,1.9774,ens_040,monthly,1993-2016
C3S,NCEP,dynamical,2026-07-01,2026-10,3,3.2311,1.027,2.2041,ens_040,monthly,1993-2016
C3S,NCEP,dynamical,2026-07-01,2026-11,4,3.2354,1.0132,2.2222,ens_040,monthly,1993-2016
C3S,NCEP,dynamical,2026-07-01,2026-12,5,3.2325,0.96,2.2726,ens_040,monthly,1993-2016
C3S,NCEP,dynamical,2026-07-01,2026-07,0,1.9363,0.6696,1.2667,ens_041,monthly,1993-2016
C3S,NCEP,dynamical,2026-07-01,2026-08,1,2.703,0.7803,1.9227,ens_041,monthly,1993-2016
C3S,NCEP,dynamical,2026-07-01,2026-09,2,3.0101,0.8744,2.1357,ens_041,monthly,1993-2016
C3S,NCEP,dynamical,2026-07-01,2026-10,3,2.9338,0.8867,2.0471,ens_041,monthly,1993-2016
C3S,NCEP,dynamical,2026-07-01,2026-11,4,3.4505,1.0263,2.4242,ens_041,monthly,1993-2016
C3S,NCEP,dynamical,2026-07-01,2026-12,5,2.9805,0.9952,1.9853,ens_041,monthly,1993-2016
C3S,NCEP,dynamical,2026-07-01,2026-07,0,2.048,0.7013,1.3467,ens_042,monthly,1993-2016
C3S,NCEP,dynamical,2026-07-01,2026-08,1,2.9769,0.8765,2.1004,ens_042,monthly,1993-2016
C3S,NCEP,dynamical,2026-07-01,2026-09,2,3.7592,1.0966,2.6626,ens_042,monthly,1993-2016
C3S,NCEP,dynamical,2026-07-01,2026-10,3,4.2517,1.2126,3.0391,ens_042,monthly,1993-2016
C3S,NCEP,dynamical,2026-07-01,2026-11,4,4.4374,1.2314,3.206,ens_042,monthly,1993-2016
C3S,NCEP,dynamical,2026-07-01,2026-12,5,3.6575,1.185,2.4725,ens_042,monthly,1993-2016
C3S,NCEP,dynamical,2026-07-01,2026-07,0,2.0252,0.703,1.3222,ens_043,monthly,1993-2016
C3S,NCEP,dynamical,2026-07-01,2026-08,1,3.088,0.9082,2.1798,ens_043,monthly,1993-2016
C3S,NCEP,dynamical,2026-07-01,2026-09,2,3.7882,1.0012,2.787,ens_043,monthly,1993-2016
C3S,NCEP,dynamical,2026-07-01,2026-10,3,4.0774,1.0982,2.9792,ens_043,monthly,1993-2016
C3S,NCEP,dynamical,2026-07-01,2026-11,4,4.2283,1.221,3.0073,ens_043,monthly,1993-2016
C3S,NCEP,dynamical,2026-07-01,2026-12,5,3.8651,1.1889,2.6762,ens_043,monthly,1993-2016
C3S,NCEP,dynamical,2026-07-01,2026-07,0,1.9611,0.6921,1.269,ens_044,monthly,1993-2016
C3S,NCEP,dynamical,2026-07-01,2026-08,1,2.7823,0.8394,1.9429,ens_044,monthly,1993-2016
C3S,NCEP,dynamical,2026-07-01,2026-09,2,3.4235,1.0208,2.4027,ens_044,monthly,1993-2016
C3S,NCEP,dynamical,2026-07-01,2026-10,3,3.7188,1.0961,2.6227,ens_044,monthly,1993-2016
C3S,NCEP,dynamical,2026-07-01,2026-11,4,4.1414,1.2576,2.8839,ens_044,monthly,1993-2016
C3S,NCEP,dynamical,2026-07-01,2026-12,5,4.0926,1.3116,2.781,ens_044,monthly,1993-2016
C3S,NCEP,dynamical,2026-07-01,2026-07,0,2.0217,0.6888,1.3329,ens_045,monthly,1993-2016
C3S,NCEP,dynamical,2026-07-01,2026-08,1,2.9637,0.8387,2.1251,ens_045,monthly,1993-2016
C3S,NCEP,dynamical,2026-07-01,2026-09,2,3.666,1.0605,2.6055,ens_045,monthly,1993-2016
C3S,NCEP,dynamical,2026-07-01,2026-10,3,3.9378,1.0116,2.9263,ens_045,monthly,1993-2016
C3S,NCEP,dynamical,2026-07-01,2026-11,4,4.3056,1.1964,3.1091,ens_045,monthly,1993-2016
C3S,NCEP,dynamical,2026-07-01,2026-12,5,3.8598,1.2164,2.6434,ens_045,monthly,1993-2016
C3S,NCEP,dynamical,2026-07-01,2026-07,0,2.0296,0.7069,1.3228,ens_046,monthly,1993-2016
C3S,NCEP,dynamical,2026-07-01,2026-08,1,2.9797,0.9031,2.0766,ens_046,monthly,1993-2016
C3S,NCEP,dynamical,2026-07-01,2026-09,2,3.7126,1.0574,2.6553,ens_046,monthly,1993-2016
C3S,NCEP,dynamical,2026-07-01,2026-10,3,3.7748,1.2327,2.5421,ens_046,monthly,1993-2016
C3S,NCEP,dynamical,2026-07-01,2026-11,4,4.0483,1.2107,2.8376,ens_046,monthly,1993-2016
C3S,NCEP,dynamical,2026-07-01,2026-12,5,3.436,1.1785,2.2575,ens_046,monthly,1993-2016
C3S,NCEP,dynamical,2026-07-01,2026-07,0,1.9557,0.6721,1.2836,ens_047,monthly,1993-2016
C3S,NCEP,dynamical,2026-07-01,2026-08,1,2.7746,0.8013,1.9734,ens_047,monthly,1993-2016
C3S,NCEP,dynamical,2026-07-01,2026-09,2,3.4909,0.9526,2.5382,ens_047,monthly,1993-2016
C3S,NCEP,dynamical,2026-07-01,2026-10,3,3.7571,1.07,2.6871,ens_047,monthly,1993-2016
C3S,NCEP,dynamical,2026-07-01,2026-11,4,4.1802,1.2139,2.9663,ens_047,monthly,1993-2016
C3S,NCEP,dynamical,2026-07-01,2026-12,5,3.4686,1.2045,2.264,ens_047,monthly,1993-2016
C3S,NCEP,dynamical,2026-07-01,2026-07,0,1.9275,0.6436,1.2839,ens_048,monthly,1993-2016
C3S,NCEP,dynamical,2026-07-01,2026-08,1,2.8053,0.8216,1.9837,ens_048,monthly,1993-2016
C3S,NCEP,dynamical,2026-07-01,2026-09,2,3.3447,0.9585,2.3862,ens_048,monthly,1993-2016
C3S,NCEP,dynamical,2026-07-01,2026-10,3,3.5384,1.0478,2.4906,ens_048,monthly,1993-2016
C3S,NCEP,dynamical,2026-07-01,2026-11,4,3.771,1.1804,2.5906,ens_048,monthly,1993-2016
C3S,NCEP,dynamical,2026-07-01,2026-12,5,3.5813,1.2104,2.3708,ens_048,monthly,1993-2016
C3S,NCEP,dynamical,2026-07-01,2026-07,0,1.8396,0.6989,1.1407,ens_049,monthly,1993-2016
C3S,NCEP,dynamical,2026-07-01,2026-08,1,2.6733,0.8213,1.852,ens_049,monthly,1993-2016
C3S,NCEP,dynamical,2026-07-01,2026-09,2,3.2081,0.8462,2.3619,ens_049,monthly,1993-2016
C3S,NCEP,dynamical,2026-07-01,2026-10,3,3.6548,0.9996,2.6553,ens_049,monthly,1993-2016
C3S,NCEP,dynamical,2026-07-01,2026-11,4,4.2536,1.2394,3.0142,ens_049,monthly,1993-2016
C3S,NCEP,dynamical,2026-07-01,2026-12,5,3.3969,1.1599,2.2369,ens_049,monthly,1993-2016
C3S,NCEP,dynamical,2026-07-01,2026-07,0,1.96,0.6783,1.2816,ens_050,monthly,1993-2016
C3S,NCEP,dynamical,2026-07-01,2026-08,1,2.9065,0.7781,2.1284,ens_050,monthly,1993-2016
C3S,NCEP,dynamical,2026-07-01,2026-09,2,3.1141,0.8569,2.2572,ens_050,monthly,1993-2016
C3S,NCEP,dynamical,2026-07-01,2026-10,3,3.6094,0.9681,2.6413,ens_050,monthly,1993-2016
C3S,NCEP,dynamical,2026-07-01,2026-11,4,3.9631,1.0635,2.8996,ens_050,monthly,1993-2016
C3S,NCEP,dynamical,2026-07-01,2026-12,5,3.6733,1.0245,2.6488,ens_050,monthly,1993-2016
C3S,NCEP,dynamical,2026-07-01,2026-07,0,2.0206,0.7657,1.2549,ens_051,monthly,1993-2016
C3S,NCEP,dynamical,2026-07-01,2026-08,1,2.8483,0.8927,1.9557,ens_051,monthly,1993-2016
C3S,NCEP,dynamical,2026-07-01,2026-09,2,3.3144,1.0337,2.2806,ens_051,monthly,1993-2016
C3S,NCEP,dynamical,2026-07-01,2026-10,3,3.8422,1.0512,2.7909,ens_051,monthly,1993-2016
C3S,NCEP,dynamical,2026-07-01,2026-11,4,4.0635,1.1824,2.8811,ens_051,monthly,1993-2016
C3S,NCEP,dynamical,2026-07-01,2026-12,5,3.7172,1.1553,2.5619,ens_051,monthly,1993-2016
C3S,NCEP,dynamical,2026-07-01,2026-07,0,1.7993,0.6152,1.1841,ens_052,monthly,1993-2016
C3S,NCEP,dynamical,2026-07-01,2026-08,1,2.8081,0.8162,1.992,ens_052,monthly,1993-2016
C3S,NCEP,dynamical,2026-07-01,2026-09,2,3.5767,1.0343,2.5424,ens_052,monthly,1993-2016
C3S,NCEP,dynamical,2026-07-01,2026-10,3,3.8947,1.0837,2.811,ens_052,monthly,1993-2016
C3S,NCEP,dynamical,2026-07-01,2026-11,4,4.3661,1.1667,3.1994,ens_052,monthly,1993-2016
C3S,NCEP,dynamical,2026-07-01,2026-12,5,3.6787,1.149,2.5297,ens_052,monthly,1993-2016
C3S,NCEP,dynamical,2026-07-01,2026-07,0,1.9374,0.6964,1.2411,ens_053,monthly,1993-2016
C3S,NCEP,dynamical,2026-07-01,2026-08,1,2.8521,0.7763,2.0758,ens_053,monthly,1993-2016
C3S,NCEP,dynamical,2026-07-01,2026-09,2,3.3888,0.9134,2.4754,ens_053,monthly,1993-2016
C3S,NCEP,dynamical,2026-07-01,2026-10,3,3.9615,1.0335,2.928,ens_053,monthly,1993-2016
C3S,NCEP,dynamical,2026-07-01,2026-11,4,3.8213,1.1027,2.7185,ens_053,monthly,1993-2016
C3S,NCEP,dynamical,2026-07-01,2026-12,5,3.5766,1.065,2.5116,ens_053,monthly,1993-2016
C3S,NCEP,dynamical,2026-07-01,2026-07,0,1.7192,0.609,1.1102,ens_054,monthly,1993-2016
C3S,NCEP,dynamical,2026-07-01,2026-08,1,2.6345,0.8353,1.7991,ens_054,monthly,1993-2016
C3S,NCEP,dynamical,2026-07-01,2026-09,2,3.3992,0.9695,2.4297,ens_054,monthly,1993-2016
C3S,NCEP,dynamical,2026-07-01,2026-10,3,3.7691,1.038,2.731,ens_054,monthly,1993-2016
C3S,NCEP,dynamical,2026-07-01,2026-11,4,3.8585,1.1422,2.7163,ens_054,monthly,1993-2016
C3S,NCEP,dynamical,2026-07-01,2026-12,5,3.7316,1.1857,2.5459,ens_054,monthly,1993-2016
C3S,NCEP,dynamical,2026-07-01,2026-07,0,2.049,0.6805,1.3685,ens_055,monthly,1993-2016
C3S,NCEP,dynamical,2026-07-01,2026-08,1,2.6459,0.7576,1.8883,ens_055,monthly,1993-2016
C3S,NCEP,dynamical,2026-07-01,2026-09,2,3.5094,0.9052,2.6042,ens_055,monthly,1993-2016
C3S,NCEP,dynamical,2026-07-01,2026-10,3,3.7853,0.9912,2.7941,ens_055,monthly,1993-2016
C3S,NCEP,dynamical,2026-07-01,2026-11,4,3.8631,1.0419,2.8212,ens_055,monthly,1993-2016
C3S,NCEP,dynamical,2026-07-01,2026-12,5,3.1261,1.0557,2.0704,ens_055,monthly,1993-2016
C3S,NCEP,dynamical,2026-07-01,2026-07,0,1.821,0.6488,1.1722,ens_056,monthly,1993-2016
C3S,NCEP,dynamical,2026-07-01,2026-08,1,2.8984,0.8543,2.0442,ens_056,monthly,1993-2016
C3S,NCEP,dynamical,2026-07-01,2026-09,2,3.6864,1.0525,2.6339,ens_056,monthly,1993-2016
C3S,NCEP,dynamical,2026-07-01,2026-10,3,4.4401,1.1781,3.262,ens_056,monthly,1993-2016
C3S,NCEP,dynamical,2026-07-01,2026-11,4,4.3141,1.1802,3.1339,ens_056,monthly,1993-2016
C3S,NCEP,dynamical,2026-07-01,2026-12,5,3.5879,1.2716,2.3163,ens_056,monthly,1993-2016
C3S,NCEP,dynamical,2026-07-01,2026-07,0,1.8228,0.6186,1.2041,ens_057,monthly,1993-2016
C3S,NCEP,dynamical,2026-07-01,2026-08,1,2.6316,0.7452,1.8865,ens_057,monthly,1993-2016
C3S,NCEP,dynamical,2026-07-01,2026-09,2,3.6073,0.9163,2.691,ens_057,monthly,1993-2016
C3S,NCEP,dynamical,2026-07-01,2026-10,3,3.8789,0.9879,2.891,ens_057,monthly,1993-2016
C3S,NCEP,dynamical,2026-07-01,2026-11,4,4.2479,1.0978,3.1501,ens_057,monthly,1993-2016
C3S,NCEP,dynamical,2026-07-01,2026-12,5,3.9138,1.1749,2.7389,ens_057,monthly,1993-2016
C3S,NCEP,dynamical,2026-07-01,2026-07,0,1.7947,0.606,1.1887,ens_058,monthly,1993-2016
C3S,NCEP,dynamical,2026-07-01,2026-08,1,2.6857,0.7781,1.9076,ens_058,monthly,1993-2016
C3S,NCEP,dynamical,2026-07-01,2026-09,2,3.1883,0.9531,2.2352,ens_058,monthly,1993-2016
C3S,NCEP,dynamical,2026-07-01,2026-10,3,3.5969,1.0744,2.5225,ens_058,monthly,1993-2016
C3S,NCEP,dynamical,2026-07-01,2026-11,4,3.9686,1.1791,2.7896,ens_058,monthly,1993-2016
C3S,NCEP,dynamical,2026-07-01,2026-12,5,3.2984,1.1076,2.1907,ens_058,monthly,1993-2016
C3S,NCEP,dynamical,2026-07-01,2026-07,0,1.7871,0.5642,1.2229,ens_059,monthly,1993-2016
C3S,NCEP,dynamical,2026-07-01,2026-08,1,2.6431,0.7089,1.9342,ens_059,monthly,1993-2016
C3S,NCEP,dynamical,2026-07-01,2026-09,2,3.0906,0.9099,2.1807,ens_059,monthly,1993-2016
C3S,NCEP,dynamical,2026-07-01,2026-10,3,3.6196,1.1033,2.5163,ens_059,monthly,1993-2016
C3S,NCEP,dynamical,2026-07-01,2026-11,4,3.5573,1.0968,2.4605,ens_059,monthly,1993-2016
C3S,NCEP,dynamical,2026-07-01,2026-12,5,3.2914,1.0639,2.2275,ens_059,monthly,1993-2016
C3S,NCEP,dynamical,2026-07-01,2026-07,0,1.8715,0.645,1.2265,ens_060,monthly,1993-2016
C3S,NCEP,dynamical,2026-07-01,2026-08,1,2.7234,0.7957,1.9278,ens_060,monthly,1993-2016
C3S,NCEP,dynamical,2026-07-01,2026-09,2,3.2759,0.9342,2.3417,ens_060,monthly,1993-2016
C3S,NCEP,dynamical,2026-07-01,2026-10,3,3.718,1.0189,2.6991,ens_060,monthly,1993-2016
C3S,NCEP,dynamical,2026-07-01,2026-11,4,4.0211,1.1689,2.8522,ens_060,monthly,1993-2016
C3S,NCEP,dynamical,2026-07-01,2026-12,5,3.4688,1.144,2.3247,ens_060,monthly,1993-2016
C3S,NCEP,dynamical,2026-07-01,2026-07,0,1.7743,0.6348,1.1396,ens_061,monthly,1993-2016
C3S,NCEP,dynamical,2026-07-01,2026-08,1,2.638,0.7742,1.8639,ens_061,monthly,1993-2016
C3S,NCEP,dynamical,2026-07-01,2026-09,2,3.4707,0.9566,2.514,ens_061,monthly,1993-2016
C3S,NCEP,dynamical,2026-07-01,2026-10,3,3.6701,1.0957,2.5744,ens_061,monthly,1993-2016
C3S,NCEP,dynamical,2026-07-01,2026-11,4,3.7407,1.1943,2.5464,ens_061,monthly,1993-2016
C3S,NCEP,dynamical,2026-07-01,2026-12,5,3.7834,1.3104,2.473,ens_061,monthly,1993-2016
C3S,NCEP,dynamical,2026-07-01,2026-07,0,1.8617,0.6235,1.2383,ens_062,monthly,1993-2016
C3S,NCEP,dynamical,2026-07-01,2026-08,1,2.6496,0.8318,1.8178,ens_062,monthly,1993-2016
C3S,NCEP,dynamical,2026-07-01,2026-09,2,3.429,1.0829,2.346,ens_062,monthly,1993-2016
C3S,NCEP,dynamical,2026-07-01,2026-10,3,3.6427,1.2158,2.4269,ens_062,monthly,1993-2016
C3S,NCEP,dynamical,2026-07-01,2026-11,4,4.0096,1.3491,2.6605,ens_062,monthly,1993-2016
C3S,NCEP,dynamical,2026-07-01,2026-12,5,3.539,1.2967,2.2423,ens_062,monthly,1993-2016
C3S,NCEP,dynamical,2026-07-01,2026-07,0,1.8251,0.6393,1.1858,ens_063,monthly,1993-2016
C3S,NCEP,dynamical,2026-07-01,2026-08,1,2.5456,0.8245,1.7212,ens_063,monthly,1993-2016
C3S,NCEP,dynamical,2026-07-01,2026-09,2,3.1788,0.9968,2.182,ens_063,monthly,1993-2016
C3S,NCEP,dynamical,2026-07-01,2026-10,3,3.1645,1.0805,2.0841,ens_063,monthly,1993-2016
C3S,NCEP,dynamical,2026-07-01,2026-11,4,3.5157,1.1045,2.4112,ens_063,monthly,1993-2016
C3S,NCEP,dynamical,2026-07-01,2026-12,5,3.2223,1.1226,2.0997,ens_063,monthly,1993-2016
C3S,NCEP,dynamical,2026-07-01,2026-07,0,1.9146,0.7232,1.1913,ens_064,monthly,1993-2016
C3S,NCEP,dynamical,2026-07-01,2026-08,1,2.245,0.7001,1.5449,ens_064,monthly,1993-2016
C3S,NCEP,dynamical,2026-07-01,2026-09,2,2.9997,0.8182,2.1814,ens_064,monthly,1993-2016
C3S,NCEP,dynamical,2026-07-01,2026-10,3,3.4295,0.942,2.4876,ens_064,monthly,1993-2016
C3S,NCEP,dynamical,2026-07-01,2026-11,4,3.5266,1.0269,2.4996,ens_064,monthly,1993-2016
C3S,NCEP,dynamical,2026-07-01,2026-12,5,3.4695,1.0456,2.4239,ens_064,monthly,1993-2016
C3S,NCEP,dynamical,2026-07-01,2026-07,0,1.8675,0.6486,1.2189,ens_065,monthly,1993-2016
C3S,NCEP,dynamical,2026-07-01,2026-08,1,2.7341,0.8924,1.8417,ens_065,monthly,1993-2016
C3S,NCEP,dynamical,2026-07-01,2026-09,2,3.1582,0.9428,2.2154,ens_065,monthly,1993-2016
C3S,NCEP,dynamical,2026-07-01,2026-10,3,3.577,0.9788,2.5982,ens_065,monthly,1993-2016
C3S,NCEP,dynamical,2026-07-01,2026-11,4,3.8422,1.1071,2.7352,ens_065,monthly,1993-2016
C3S,NCEP,dynamical,2026-07-01,2026-12,5,3.534,1.1783,2.3557,ens_065,monthly,1993-2016
C3S,NCEP,dynamical,2026-07-01,2026-07,0,1.7743,0.6222,1.1521,ens_066,monthly,1993-2016
C3S,NCEP,dynamical,2026-07-01,2026-08,1,2.3766,0.7743,1.6024,ens_066,monthly,1993-2016
C3S,NCEP,dynamical,2026-07-01,2026-09,2,3.0365,0.8603,2.1762,ens_066,monthly,1993-2016
C3S,NCEP,dynamical,2026-07-01,2026-10,3,3.4816,0.9392,2.5425,ens_066,monthly,1993-2016
C3S,NCEP,dynamical,2026-07-01,2026-11,4,3.6215,1.0847,2.5369,ens_066,monthly,1993-2016
C3S,NCEP,dynamical,2026-07-01,2026-12,5,3.337,1.0119,2.3252,ens_066,monthly,1993-2016
C3S,NCEP,dynamical,2026-07-01,2026-07,0,1.8719,0.6247,1.2472,ens_067,monthly,1993-2016
C3S,NCEP,dynamical,2026-07-01,2026-08,1,2.7336,0.8362,1.8974,ens_067,monthly,1993-2016
C3S,NCEP,dynamical,2026-07-01,2026-09,2,3.2871,0.9879,2.2993,ens_067,monthly,1993-2016
C3S,NCEP,dynamical,2026-07-01,2026-10,3,4.0122,1.1181,2.8941,ens_067,monthly,1993-2016
C3S,NCEP,dynamical,2026-07-01,2026-11,4,4.4335,1.2672,3.1663,ens_067,monthly,1993-2016
C3S,NCEP,dynamical,2026-07-01,2026-12,5,3.8868,1.2418,2.6451,ens_067,monthly,1993-2016
C3S,NCEP,dynamical,2026-07-01,2026-07,0,1.9214,0.6808,1.2406,ens_068,monthly,1993-2016
C3S,NCEP,dynamical,2026-07-01,2026-08,1,2.6182,0.8372,1.7811,ens_068,monthly,1993-2016
C3S,NCEP,dynamical,2026-07-01,2026-09,2,3.3848,1.0536,2.3312,ens_068,monthly,1993-2016
C3S,NCEP,dynamical,2026-07-01,2026-10,3,3.9943,1.2167,2.7776,ens_068,monthly,1993-2016
C3S,NCEP,dynamical,2026-07-01,2026-11,4,4.4338,1.3611,3.0727,ens_068,monthly,1993-2016
C3S,NCEP,dynamical,2026-07-01,2026-12,5,4.0289,1.335,2.6939,ens_068,monthly,1993-2016
C3S,NCEP,dynamical,2026-07-01,2026-07,0,1.8936,0.6688,1.2249,ens_069,monthly,1993-2016
C3S,NCEP,dynamical,2026-07-01,2026-08,1,2.5873,0.7285,1.8588,ens_069,monthly,1993-2016
C3S,NCEP,dynamical,2026-07-01,2026-09,2,3.2941,0.8599,2.4342,ens_069,monthly,1993-2016
C3S,NCEP,dynamical,2026-07-01,2026-10,3,3.6748,0.978,2.6968,ens_069,monthly,1993-2016
C3S,NCEP,dynamical,2026-07-01,2026-11,4,3.8079,1.1241,2.6837,ens_069,monthly,1993-2016
C3S,NCEP,dynamical,2026-07-01,2026-12,5,3.5331,1.0824,2.4507,ens_069,monthly,1993-2016
C3S,NCEP,dynamical,2026-07-01,2026-07,0,1.7029,0.5759,1.1269,ens_070,monthly,1993-2016
C3S,NCEP,dynamical,2026-07-01,2026-08,1,2.298,0.7082,1.5898,ens_070,monthly,1993-2016
C3S,NCEP,dynamical,2026-07-01,2026-09,2,2.7233,0.8435,1.8798,ens_070,monthly,1993-2016
C3S,NCEP,dynamical,2026-07-01,2026-10,3,3.129,0.9247,2.2042,ens_070,monthly,1993-2016
C3S,NCEP,dynamical,2026-07-01,2026-11,4,3.5129,1.0164,2.4965,ens_070,monthly,1993-2016
C3S,NCEP,dynamical,2026-07-01,2026-12,5,3.5104,1.0085,2.5019,ens_070,monthly,1993-2016
C3S,NCEP,dynamical,2026-07-01,2026-07,0,1.9428,0.591,1.3518,ens_071,monthly,1993-2016
C3S,NCEP,dynamical,2026-07-01,2026-08,1,2.7999,0.7666,2.0334,ens_071,monthly,1993-2016
C3S,NCEP,dynamical,2026-07-01,2026-09,2,3.4481,0.9925,2.4556,ens_071,monthly,1993-2016
C3S,NCEP,dynamical,2026-07-01,2026-10,3,3.819,1.0573,2.7618,ens_071,monthly,1993-2016
C3S,NCEP,dynamical,2026-07-01,2026-11,4,4.1593,1.1672,2.9921,ens_071,monthly,1993-2016
C3S,NCEP,dynamical,2026-07-01,2026-12,5,3.8667,1.2205,2.6461,ens_071,monthly,1993-2016
C3S,NCEP,dynamical,2026-07-01,2026-07,0,1.9491,0.6818,1.2673,ens_072,monthly,1993-2016
C3S,NCEP,dynamical,2026-07-01,2026-08,1,2.4959,0.7762,1.7197,ens_072,monthly,1993-2016
C3S,NCEP,dynamical,2026-07-01,2026-09,2,3.1795,0.9499,2.2296,ens_072,monthly,1993-2016
C3S,NCEP,dynamical,2026-07-01,2026-10,3,3.5493,1.0096,2.5398,ens_072,monthly,1993-2016
C3S,NCEP,dynamical,2026-07-01,2026-11,4,4.0047,1.1001,2.9047,ens_072,monthly,1993-2016
C3S,NCEP,dynamical,2026-07-01,2026-12,5,3.5825,1.0188,2.5637,ens_072,monthly,1993-2016
C3S,NCEP,dynamical,2026-07-01,2026-07,0,1.922,0.6486,1.2734,ens_073,monthly,1993-2016
C3S,NCEP,dynamical,2026-07-01,2026-08,1,2.4632,0.764,1.6992,ens_073,monthly,1993-2016
C3S,NCEP,dynamical,2026-07-01,2026-09,2,3.0214,0.8722,2.1492,ens_073,monthly,1993-2016
C3S,NCEP,dynamical,2026-07-01,2026-10,3,3.1414,0.9381,2.2033,ens_073,monthly,1993-2016
C3S,NCEP,dynamical,2026-07-01,2026-11,4,3.6832,1.0331,2.6501,ens_073,monthly,1993-2016
C3S,NCEP,dynamical,2026-07-01,2026-12,5,3.4974,1.0512,2.4462,ens_073,monthly,1993-2016
C3S,NCEP,dynamical,2026-07-01,2026-07,0,1.8089,0.6023,1.2065,ens_074,monthly,1993-2016
C3S,NCEP,dynamical,2026-07-01,2026-08,1,2.8727,0.7861,2.0866,ens_074,monthly,1993-2016
C3S,NCEP,dynamical,2026-07-01,2026-09,2,3.3542,0.9281,2.426,ens_074,monthly,1993-2016
C3S,NCEP,dynamical,2026-07-01,2026-10,3,3.7687,1.0689,2.6998,ens_074,monthly,1993-2016
C3S,NCEP,dynamical,2026-07-01,2026-11,4,3.8663,1.1665,2.6998,ens_074,monthly,1993-2016
C3S,NCEP,dynamical,2026-07-01,2026-12,5,3.634,1.1961,2.4379,ens_074,monthly,1993-2016
C3S,NCEP,dynamical,2026-07-01,2026-07,0,1.8474,0.6597,1.1877,ens_075,monthly,1993-2016
C3S,NCEP,dynamical,2026-07-01,2026-08,1,2.7218,0.8718,1.8501,ens_075,monthly,1993-2016
C3S,NCEP,dynamical,2026-07-01,2026-09,2,3.3897,1.0289,2.3607,ens_075,monthly,1993-2016
C3S,NCEP,dynamical,2026-07-01,2026-10,3,3.8239,1.0906,2.7334,ens_075,monthly,1993-2016
C3S,NCEP,dynamical,2026-07-01,2026-11,4,4.0517,1.1209,2.9308,ens_075,monthly,1993-2016
C3S,NCEP,dynamical,2026-07-01,2026-12,5,3.8163,1.0968,2.7195,ens_075,monthly,1993-2016
C3S,NCEP,dynamical,2026-07-01,2026-07,0,1.6241,0.6055,1.0186,ens_076,monthly,1993-2016
C3S,NCEP,dynamical,2026-07-01,2026-08,1,2.5839,0.7982,1.7856,ens_076,monthly,1993-2016
C3S,NCEP,dynamical,2026-07-01,2026-09,2,3.2442,0.9365,2.3076,ens_076,monthly,1993-2016
C3S,NCEP,dynamical,2026-07-01,2026-10,3,3.72,1.0136,2.7064,ens_076,monthly,1993-2016
C3S,NCEP,dynamical,2026-07-01,2026-11,4,4.3326,1.0934,3.2391,ens_076,monthly,1993-2016
C3S,NCEP,dynamical,2026-07-01,2026-12,5,3.6944,1.1115,2.5829,ens_076,monthly,1993-2016
C3S,NCEP,dynamical,2026-07-01,2026-07,0,1.7122,0.6247,1.0875,ens_077,monthly,1993-2016
C3S,NCEP,dynamical,2026-07-01,2026-08,1,2.4743,0.7062,1.7681,ens_077,monthly,1993-2016
C3S,NCEP,dynamical,2026-07-01,2026-09,2,3.3105,0.8401,2.4705,ens_077,monthly,1993-2016
C3S,NCEP,dynamical,2026-07-01,2026-10,3,3.7639,0.9719,2.792,ens_077,monthly,1993-2016
C3S,NCEP,dynamical,2026-07-01,2026-11,4,3.6697,1.0161,2.6536,ens_077,monthly,1993-2016
C3S,NCEP,dynamical,2026-07-01,2026-12,5,3.5236,1.124,2.3996,ens_077,monthly,1993-2016
C3S,NCEP,dynamical,2026-07-01,2026-07,0,1.8548,0.5821,1.2727,ens_078,monthly,1993-2016
C3S,NCEP,dynamical,2026-07-01,2026-08,1,2.6724,0.7254,1.947,ens_078,monthly,1993-2016
C3S,NCEP,dynamical,2026-07-01,2026-09,2,3.3939,0.8729,2.521,ens_078,monthly,1993-2016
C3S,NCEP,dynamical,2026-07-01,2026-10,3,4.0971,1.1213,2.9758,ens_078,monthly,1993-2016
C3S,NCEP,dynamical,2026-07-01,2026-11,4,4.3036,1.1781,3.1255,ens_078,monthly,1993-2016
C3S,NCEP,dynamical,2026-07-01,2026-12,5,3.367,1.1775,2.1895,ens_078,monthly,1993-2016
C3S,NCEP,dynamical,2026-07-01,2026-07,0,1.8567,0.5627,1.294,ens_079,monthly,1993-2016
C3S,NCEP,dynamical,2026-07-01,2026-08,1,2.731,0.8015,1.9295,ens_079,monthly,1993-2016
C3S,NCEP,dynamical,2026-07-01,2026-09,2,3.6307,1.0153,2.6154,ens_079,monthly,1993-2016
C3S,NCEP,dynamical,2026-07-01,2026-10,3,3.8696,1.0726,2.797,ens_079,monthly,1993-2016
C3S,NCEP,dynamical,2026-07-01,2026-11,4,4.3918,1.208,3.1838,ens_079,monthly,1993-2016
C3S,NCEP,dynamical,2026-07-01,2026-12,5,3.3677,1.1934,2.1742,ens_079,monthly,1993-2016
C3S,NCEP,dynamical,2026-07-01,2026-07,0,1.7547,0.6788,1.0759,ens_080,monthly,1993-2016
C3S,NCEP,dynamical,2026-07-01,2026-08,1,2.8927,0.8267,2.066,ens_080,monthly,1993-2016
C3S,NCEP,dynamical,2026-07-01,2026-09,2,3.7971,0.9815,2.8155,ens_080,monthly,1993-2016
C3S,NCEP,dynamical,2026-07-01,2026-10,3,4.0354,1.0726,2.9628,ens_080,monthly,1993-2016
C3S,NCEP,dynamical,2026-07-01,2026-11,4,4.1897,1.1939,2.9958,ens_080,monthly,1993-2016
C3S,NCEP,dynamical,2026-07-01,2026-12,5,3.785,1.2152,2.5698,ens_080,monthly,1993-2016
C3S,NCEP,dynamical,2026-07-01,2026-07,0,1.7322,0.6532,1.079,ens_081,monthly,1993-2016
C3S,NCEP,dynamical,2026-07-01,2026-08,1,2.2547,0.7463,1.5083,ens_081,monthly,1993-2016
C3S,NCEP,dynamical,2026-07-01,2026-09,2,2.9248,0.907,2.0178,ens_081,monthly,1993-2016
C3S,NCEP,dynamical,2026-07-01,2026-10,3,3.4984,1.0531,2.4453,ens_081,monthly,1993-2016
C3S,NCEP,dynamical,2026-07-01,2026-11,4,3.6771,1.0421,2.635,ens_081,monthly,1993-2016
C3S,NCEP,dynamical,2026-07-01,2026-12,5,3.4539,1.1426,2.3113,ens_081,monthly,1993-2016
C3S,NCEP,dynamical,2026-07-01,2026-07,0,1.5689,0.6178,0.9511,ens_082,monthly,1993-2016
C3S,NCEP,dynamical,2026-07-01,2026-08,1,2.1226,0.6646,1.4579,ens_082,monthly,1993-2016
C3S,NCEP,dynamical,2026-07-01,2026-09,2,2.706,0.7396,1.9664,ens_082,monthly,1993-2016
C3S,NCEP,dynamical,2026-07-01,2026-10,3,3.0268,0.8202,2.2066,ens_082,monthly,1993-2016
C3S,NCEP,dynamical,2026-07-01,2026-11,4,3.4928,0.9309,2.5619,ens_082,monthly,1993-2016
C3S,NCEP,dynamical,2026-07-01,2026-12,5,3.1157,0.9369,2.1788,ens_082,monthly,1993-2016
C3S,NCEP,dynamical,2026-07-01,2026-07,0,1.6202,0.5996,1.0205,ens_083,monthly,1993-2016
C3S,NCEP,dynamical,2026-07-01,2026-08,1,2.4981,0.7541,1.7439,ens_083,monthly,1993-2016
C3S,NCEP,dynamical,2026-07-01,2026-09,2,3.0705,0.9316,2.139,ens_083,monthly,1993-2016
C3S,NCEP,dynamical,2026-07-01,2026-10,3,3.7111,1.0646,2.6464,ens_083,monthly,1993-2016
C3S,NCEP,dynamical,2026-07-01,2026-11,4,3.9524,1.1802,2.7722,ens_083,monthly,1993-2016
C3S,NCEP,dynamical,2026-07-01,2026-12,5,3.3963,1.1908,2.2055,ens_083,monthly,1993-2016
C3S,NCEP,dynamical,2026-07-01,2026-07,0,1.543,0.5569,0.986,ens_084,monthly,1993-2016
C3S,NCEP,dynamical,2026-07-01,2026-08,1,2.1262,0.6782,1.448,ens_084,monthly,1993-2016
C3S,NCEP,dynamical,2026-07-01,2026-09,2,2.5821,0.8355,1.7465,ens_084,monthly,1993-2016
C3S,NCEP,dynamical,2026-07-01,2026-10,3,3.1583,0.9711,2.1873,ens_084,monthly,1993-2016
C3S,NCEP,dynamical,2026-07-01,2026-11,4,3.0896,0.9852,2.1044,ens_084,monthly,1993-2016
C3S,NCEP,dynamical,2026-07-01,2026-12,5,2.7206,1.033,1.6876,ens_084,monthly,1993-2016
C3S,NCEP,dynamical,2026-07-01,2026-07,0,1.6395,0.6524,0.9872,ens_085,monthly,1993-2016
C3S,NCEP,dynamical,2026-07-01,2026-08,1,2.5376,0.8696,1.6681,ens_085,monthly,1993-2016
C3S,NCEP,dynamical,2026-07-01,2026-09,2,3.2167,0.9881,2.2285,ens_085,monthly,1993-2016
C3S,NCEP,dynamical,2026-07-01,2026-10,3,3.5173,1.1123,2.4051,ens_085,monthly,1993-2016
C3S,NCEP,dynamical,2026-07-01,2026-11,4,3.6447,1.2191,2.4256,ens_085,monthly,1993-2016
C3S,NCEP,dynamical,2026-07-01,2026-12,5,3.6569,1.2254,2.4314,ens_085,monthly,1993-2016
C3S,NCEP,dynamical,2026-07-01,2026-07,0,1.7667,0.6249,1.1418,ens_086,monthly,1993-2016
C3S,NCEP,dynamical,2026-07-01,2026-08,1,2.4259,0.6865,1.7394,ens_086,monthly,1993-2016
C3S,NCEP,dynamical,2026-07-01,2026-09,2,2.6928,0.7774,1.9155,ens_086,monthly,1993-2016
C3S,NCEP,dynamical,2026-07-01,2026-10,3,3.0503,0.8917,2.1586,ens_086,monthly,1993-2016
C3S,NCEP,dynamical,2026-07-01,2026-11,4,3.4298,1.0009,2.429,ens_086,monthly,1993-2016
C3S,NCEP,dynamical,2026-07-01,2026-12,5,3.046,0.875,2.171,ens_086,monthly,1993-2016
C3S,NCEP,dynamical,2026-07-01,2026-07,0,1.6716,0.6222,1.0494,ens_087,monthly,1993-2016
C3S,NCEP,dynamical,2026-07-01,2026-08,1,2.7196,0.835,1.8846,ens_087,monthly,1993-2016
C3S,NCEP,dynamical,2026-07-01,2026-09,2,3.3671,0.9578,2.4092,ens_087,monthly,1993-2016
C3S,NCEP,dynamical,2026-07-01,2026-10,3,4.0392,1.1084,2.9308,ens_087,monthly,1993-2016
C3S,NCEP,dynamical,2026-07-01,2026-11,4,4.2169,1.1433,3.0735,ens_087,monthly,1993-2016
C3S,NCEP,dynamical,2026-07-01,2026-12,5,3.8281,1.1797,2.6484,ens_087,monthly,1993-2016
C3S,NCEP,dynamical,2026-07-01,2026-07,0,1.6523,0.617,1.0352,ens_088,monthly,1993-2016
C3S,NCEP,dynamical,2026-07-01,2026-08,1,2.5088,0.8415,1.6672,ens_088,monthly,1993-2016
C3S,NCEP,dynamical,2026-07-01,2026-09,2,2.8455,0.9699,1.8756,ens_088,monthly,1993-2016
C3S,NCEP,dynamical,2026-07-01,2026-10,3,3.1443,0.9494,2.1948,ens_088,monthly,1993-2016
C3S,NCEP,dynamical,2026-07-01,2026-11,4,3.5877,0.9912,2.5965,ens_088,monthly,1993-2016
C3S,NCEP,dynamical,2026-07-01,2026-12,5,3.2923,1.0279,2.2643,ens_088,monthly,1993-2016
C3S,NCEP,dynamical,2026-07-01,2026-07,0,1.5717,0.6104,0.9612,ens_089,monthly,1993-2016
C3S,NCEP,dynamical,2026-07-01,2026-08,1,2.1957,0.7133,1.4823,ens_089,monthly,1993-2016
C3S,NCEP,dynamical,2026-07-01,2026-09,2,2.9813,0.8708,2.1105,ens_089,monthly,1993-2016
C3S,NCEP,dynamical,2026-07-01,2026-10,3,3.1133,0.9283,2.185,ens_089,monthly,1993-2016
C3S,NCEP,dynamical,2026-07-01,2026-11,4,3.5918,1.0364,2.5554,ens_089,monthly,1993-2016
C3S,NCEP,dynamical,2026-07-01,2026-12,5,3.444,1.1186,2.3254,ens_089,monthly,1993-2016
C3S,NCEP,dynamical,2026-07-01,2026-07,0,1.6748,0.6489,1.026,ens_090,monthly,1993-2016
C3S,NCEP,dynamical,2026-07-01,2026-08,1,2.2011,0.7575,1.4436,ens_090,monthly,1993-2016
C3S,NCEP,dynamical,2026-07-01,2026-09,2,3.202,0.9078,2.2941,ens_090,monthly,1993-2016
C3S,NCEP,dynamical,2026-07-01,2026-10,3,3.4563,1.0,2.4563,ens_090,monthly,1993-2016
C3S,NCEP,dynamical,2026-07-01,2026-11,4,3.8547,1.1741,2.6806,ens_090,monthly,1993-2016
C3S,NCEP,dynamical,2026-07-01,2026-12,5,3.4167,1.2044,2.2123,ens_090,monthly,1993-2016
C3S,NCEP,dynamical,2026-07-01,2026-07,0,1.7921,0.5956,1.1965,ens_091,monthly,1993-2016
C3S,NCEP,dynamical,2026-07-01,2026-08,1,2.2849,0.6586,1.6262,ens_091,monthly,1993-2016
C3S,NCEP,dynamical,2026-07-01,2026-09,2,2.9658,0.7261,2.2397,ens_091,monthly,1993-2016
C3S,NCEP,dynamical,2026-07-01,2026-10,3,3.3443,0.8912,2.4531,ens_091,monthly,1993-2016
C3S,NCEP,dynamical,2026-07-01,2026-11,4,3.5878,0.9976,2.5902,ens_091,monthly,1993-2016
C3S,NCEP,dynamical,2026-07-01,2026-12,5,3.2684,0.9866,2.2818,ens_091,monthly,1993-2016
C3S,NCEP,dynamical,2026-07-01,2026-07,0,1.6576,0.6638,0.9937,ens_092,monthly,1993-2016
C3S,NCEP,dynamical,2026-07-01,2026-08,1,2.0428,0.7199,1.3229,ens_092,monthly,1993-2016
C3S,NCEP,dynamical,2026-07-01,2026-09,2,2.613,0.8631,1.7499,ens_092,monthly,1993-2016
C3S,NCEP,dynamical,2026-07-01,2026-10,3,3.4048,0.9917,2.4131,ens_092,monthly,1993-2016
C3S,NCEP,dynamical,2026-07-01,2026-11,4,3.5108,1.0046,2.5062,ens_092,monthly,1993-2016
C3S,NCEP,dynamical,2026-07-01,2026-12,5,3.0257,1.0379,1.9878,ens_092,monthly,1993-2016
C3S,NCEP,dynamical,2026-07-01,2026-07,0,1.5452,0.6194,0.9258,ens_093,monthly,1993-2016
C3S,NCEP,dynamical,2026-07-01,2026-08,1,2.5594,0.7936,1.7658,ens_093,monthly,1993-2016
C3S,NCEP,dynamical,2026-07-01,2026-09,2,3.2354,0.9348,2.3006,ens_093,monthly,1993-2016
C3S,NCEP,dynamical,2026-07-01,2026-10,3,3.7105,1.0287,2.6819,ens_093,monthly,1993-2016
C3S,NCEP,dynamical,2026-07-01,2026-11,4,4.0406,1.1302,2.9104,ens_093,monthly,1993-2016
C3S,NCEP,dynamical,2026-07-01,2026-12,5,3.739,1.2564,2.4826,ens_093,monthly,1993-2016
C3S,NCEP,dynamical,2026-07-01,2026-07,0,1.4902,0.6141,0.8761,ens_094,monthly,1993-2016
C3S,NCEP,dynamical,2026-07-01,2026-08,1,2.2969,0.7682,1.5287,ens_094,monthly,1993-2016
C3S,NCEP,dynamical,2026-07-01,2026-09,2,2.9546,0.8688,2.0858,ens_094,monthly,1993-2016
C3S,NCEP,dynamical,2026-07-01,2026-10,3,3.4844,1.0567,2.4277,ens_094,monthly,1993-2016
C3S,NCEP,dynamical,2026-07-01,2026-11,4,3.8343,1.21,2.6243,ens_094,monthly,1993-2016
C3S,NCEP,dynamical,2026-07-01,2026-12,5,3.3649,1.2267,2.1382,ens_094,monthly,1993-2016
C3S,NCEP,dynamical,2026-07-01,2026-07,0,1.6147,0.6413,0.9734,ens_095,monthly,1993-2016
C3S,NCEP,dynamical,2026-07-01,2026-08,1,2.3511,0.7768,1.5743,ens_095,monthly,1993-2016
C3S,NCEP,dynamical,2026-07-01,2026-09,2,3.1358,0.9185,2.2173,ens_095,monthly,1993-2016
C3S,NCEP,dynamical,2026-07-01,2026-10,3,3.7731,1.0946,2.6785,ens_095,monthly,1993-2016
C3S,NCEP,dynamical,2026-07-01,2026-11,4,4.094,1.1683,2.9256,ens_095,monthly,1993-2016
C3S,NCEP,dynamical,2026-07-01,2026-12,5,3.6368,1.1366,2.5003,ens_095,monthly,1993-2016
C3S,NCEP,dynamical,2026-07-01,2026-07,0,1.6005,0.6327,0.9678,ens_096,monthly,1993-2016
C3S,NCEP,dynamical,2026-07-01,2026-08,1,2.2801,0.7358,1.5443,ens_096,monthly,1993-2016
C3S,NCEP,dynamical,2026-07-01,2026-09,2,2.8727,0.9092,1.9636,ens_096,monthly,1993-2016
C3S,NCEP,dynamical,2026-07-01,2026-10,3,3.2599,1.0577,2.2023,ens_096,monthly,1993-2016
C3S,NCEP,dynamical,2026-07-01,2026-11,4,3.714,1.1768,2.5371,ens_096,monthly,1993-2016
C3S,NCEP,dynamical,2026-07-01,2026-12,5,2.9614,1.0578,1.9036,ens_096,monthly,1993-2016
C3S,NCEP,dynamical,2026-07-01,2026-07,0,1.565,0.5617,1.0034,ens_097,monthly,1993-2016
C3S,NCEP,dynamical,2026-07-01,2026-08,1,2.2652,0.5827,1.6826,ens_097,monthly,1993-2016
C3S,NCEP,dynamical,2026-07-01,2026-09,2,3.0889,0.757,2.3319,ens_097,monthly,1993-2016
C3S,NCEP,dynamical,2026-07-01,2026-10,3,3.578,0.8681,2.7099,ens_097,monthly,1993-2016
C3S,NCEP,dynamical,2026-07-01,2026-11,4,3.9597,0.9914,2.9683,ens_097,monthly,1993-2016
C3S,NCEP,dynamical,2026-07-01,2026-12,5,3.4541,1.0179,2.4362,ens_097,monthly,1993-2016
C3S,NCEP,dynamical,2026-07-01,2026-07,0,1.6383,0.6343,1.004,ens_098,monthly,1993-2016
C3S,NCEP,dynamical,2026-07-01,2026-08,1,2.4736,0.7113,1.7624,ens_098,monthly,1993-2016
C3S,NCEP,dynamical,2026-07-01,2026-09,2,3.3034,0.9684,2.335,ens_098,monthly,1993-2016
C3S,NCEP,dynamical,2026-07-01,2026-10,3,3.9083,1.1244,2.7839,ens_098,monthly,1993-2016
C3S,NCEP,dynamical,2026-07-01,2026-11,4,4.1754,1.2459,2.9296,ens_098,monthly,1993-2016
C3S,NCEP,dynamical,2026-07-01,2026-12,5,3.3424,1.2081,2.1343,ens_098,monthly,1993-2016
C3S,NCEP,dynamical,2026-07-01,2026-07,0,1.5485,0.5598,0.9887,ens_099,monthly,1993-2016
C3S,NCEP,dynamical,2026-07-01,2026-08,1,2.1569,0.7092,1.4476,ens_099,monthly,1993-2016
C3S,NCEP,dynamical,2026-07-01,2026-09,2,2.7278,0.8826,1.8451,ens_099,monthly,1993-2016
C3S,NCEP,dynamical,2026-07-01,2026-10,3,2.8668,0.9913,1.8754,ens_099,monthly,1993-2016
C3S,NCEP,dynamical,2026-07-01,2026-11,4,3.0289,1.0712,1.9577,ens_099,monthly,1993-2016
C3S,NCEP,dynamical,2026-07-01,2026-12,5,3.1409,1.1153,2.0256,ens_099,monthly,1993-2016
C3S,NCEP,dynamical,2026-07-01,2026-07,0,1.7237,0.6427,1.081,ens_100,monthly,1993-2016
C3S,NCEP,dynamical,2026-07-01,2026-08,1,2.4312,0.7989,1.6322,ens_100,monthly,1993-2016
C3S,NCEP,dynamical,2026-07-01,2026-09,2,2.7916,0.843,1.9486,ens_100,monthly,1993-2016
C3S,NCEP,dynamical,2026-07-01,2026-10,3,3.3723,0.9436,2.4287,ens_100,monthly,1993-2016
C3S,NCEP,dynamical,2026-07-01,2026-11,4,3.8393,1.0757,2.7636,ens_100,monthly,1993-2016
C3S,NCEP,dynamical,2026-07-01,2026-12,5,3.1838,1.032,2.1518,ens_100,monthly,1993-2016
C3S,NCEP,dynamical,2026-07-01,2026-07,0,1.512,0.6365,0.8755,ens_101,monthly,1993-2016
C3S,NCEP,dynamical,2026-07-01,2026-08,1,2.5869,0.7901,1.7968,ens_101,monthly,1993-2016
C3S,NCEP,dynamical,2026-07-01,2026-09,2,3.1436,0.9944,2.1492,ens_101,monthly,1993-2016
C3S,NCEP,dynamical,2026-07-01,2026-10,3,3.6744,1.2054,2.469,ens_101,monthly,1993-2016
C3S,NCEP,dynamical,2026-07-01,2026-11,4,4.0986,1.3107,2.7879,ens_101,monthly,1993-2016
C3S,NCEP,dynamical,2026-07-01,2026-12,5,3.6814,1.2954,2.386,ens_101,monthly,1993-2016
C3S,NCEP,dynamical,2026-07-01,2026-07,0,1.1965,0.5158,0.6807,ens_102,monthly,1993-2016
C3S,NCEP,dynamical,2026-07-01,2026-08,1,1.9783,0.6687,1.3096,ens_102,monthly,1993-2016
C3S,NCEP,dynamical,2026-07-01,2026-09,2,2.5557,0.8259,1.7298,ens_102,monthly,1993-2016
C3S,NCEP,dynamical,2026-07-01,2026-10,3,2.7174,0.9211,1.7964,ens_102,monthly,1993-2016
C3S,NCEP,dynamical,2026-07-01,2026-11,4,3.0763,1.0503,2.026,ens_102,monthly,1993-2016
C3S,NCEP,dynamical,2026-07-01,2026-12,5,2.8233,1.0369,1.7864,ens_102,monthly,1993-2016
C3S,NCEP,dynamical,2026-07-01,2026-07,0,1.61,0.5965,1.0135,ens_103,monthly,1993-2016
C3S,NCEP,dynamical,2026-07-01,2026-08,1,2.4249,0.7267,1.6982,ens_103,monthly,1993-2016
C3S,NCEP,dynamical,2026-07-01,2026-09,2,3.2946,0.9748,2.3198,ens_103,monthly,1993-2016
C3S,NCEP,dynamical,2026-07-01,2026-10,3,3.7204,1.1438,2.5767,ens_103,monthly,1993-2016
C3S,NCEP,dynamical,2026-07-01,2026-11,4,3.8393,1.2268,2.6125,ens_103,monthly,1993-2016
C3S,NCEP,dynamical,2026-07-01,2026-12,5,3.6912,1.3113,2.3799,ens_103,monthly,1993-2016
C3S,NCEP,dynamical,2026-07-01,2026-07,0,1.403,0.673,0.7299,ens_104,monthly,1993-2016
C3S,NCEP,dynamical,2026-07-01,2026-08,1,1.9611,0.8013,1.1598,ens_104,monthly,1993-2016
C3S,NCEP,dynamical,2026-07-01,2026-09,2,2.6306,0.8437,1.7869,ens_104,monthly,1993-2016
C3S,NCEP,dynamical,2026-07-01,2026-10,3,3.0384,0.9086,2.1298,ens_104,monthly,1993-2016
C3S,NCEP,dynamical,2026-07-01,2026-11,4,3.5094,1.0493,2.4601,ens_104,monthly,1993-2016
C3S,NCEP,dynamical,2026-07-01,2026-12,5,3.2087,1.0254,2.1833,ens_104,monthly,1993-2016
C3S,NCEP,dynamical,2026-07-01,2026-07,0,1.4919,0.612,0.8799,ens_105,monthly,1993-2016
C3S,NCEP,dynamical,2026-07-01,2026-08,1,2.1992,0.7319,1.4674,ens_105,monthly,1993-2016
C3S,NCEP,dynamical,2026-07-01,2026-09,2,3.0188,0.8965,2.1223,ens_105,monthly,1993-2016
C3S,NCEP,dynamical,2026-07-01,2026-10,3,3.2324,0.9506,2.2818,ens_105,monthly,1993-2016
C3S,NCEP,dynamical,2026-07-01,2026-11,4,3.4196,1.1174,2.3023,ens_105,monthly,1993-2016
C3S,NCEP,dynamical,2026-07-01,2026-12,5,3.2978,1.1189,2.1789,ens_105,monthly,1993-2016
C3S,NCEP,dynamical,2026-07-01,2026-07,0,1.497,0.6777,0.8193,ens_106,monthly,1993-2016
C3S,NCEP,dynamical,2026-07-01,2026-08,1,2.0906,0.7722,1.3183,ens_106,monthly,1993-2016
C3S,NCEP,dynamical,2026-07-01,2026-09,2,2.716,0.8887,1.8273,ens_106,monthly,1993-2016
C3S,NCEP,dynamical,2026-07-01,2026-10,3,2.9106,0.8806,2.03,ens_106,monthly,1993-2016
C3S,NCEP,dynamical,2026-07-01,2026-11,4,3.0688,0.9559,2.1129,ens_106,monthly,1993-2016
C3S,NCEP,dynamical,2026-07-01,2026-12,5,3.5155,1.0512,2.4643,ens_106,monthly,1993-2016
C3S,NCEP,dynamical,2026-07-01,2026-07,0,1.5906,0.5923,0.9983,ens_107,monthly,1993-2016
C3S,NCEP,dynamical,2026-07-01,2026-08,1,2.452,0.7828,1.6692,ens_107,monthly,1993-2016
C3S,NCEP,dynamical,2026-07-01,2026-09,2,3.2101,1.0334,2.1767,ens_107,monthly,1993-2016
C3S,NCEP,dynamical,2026-07-01,2026-10,3,3.5609,1.0524,2.5085,ens_107,monthly,1993-2016
C3S,NCEP,dynamical,2026-07-01,2026-11,4,3.8428,1.0908,2.752,ens_107,monthly,1993-2016
C3S,NCEP,dynamical,2026-07-01,2026-12,5,3.7466,1.149,2.5977,ens_107,monthly,1993-2016
C3S,NCEP,dynamical,2026-07-01,2026-07,0,1.4581,0.5281,0.93,ens_108,monthly,1993-2016
C3S,NCEP,dynamical,2026-07-01,2026-08,1,2.4487,0.7602,1.6885,ens_108,monthly,1993-2016
C3S,NCEP,dynamical,2026-07-01,2026-09,2,2.8027,0.878,1.9247,ens_108,monthly,1993-2016
C3S,NCEP,dynamical,2026-07-01,2026-10,3,3.1932,0.9318,2.2614,ens_108,monthly,1993-2016
C3S,NCEP,dynamical,2026-07-01,2026-11,4,3.6459,1.0391,2.6068,ens_108,monthly,1993-2016
C3S,NCEP,dynamical,2026-07-01,2026-12,5,3.3851,1.0387,2.3464,ens_108,monthly,1993-2016
C3S,NCEP,dynamical,2026-07-01,2026-07,0,1.3482,0.6486,0.6996,ens_109,monthly,1993-2016
C3S,NCEP,dynamical,2026-07-01,2026-08,1,1.8827,0.6719,1.2109,ens_109,monthly,1993-2016
C3S,NCEP,dynamical,2026-07-01,2026-09,2,2.3077,0.7635,1.5443,ens_109,monthly,1993-2016
C3S,NCEP,dynamical,2026-07-01,2026-10,3,2.6198,0.885,1.7347,ens_109,monthly,1993-2016
C3S,NCEP,dynamical,2026-07-01,2026-11,4,2.8718,0.9727,1.899,ens_109,monthly,1993-2016
C3S,NCEP,dynamical,2026-07-01,2026-12,5,2.2342,0.9248,1.3094,ens_109,monthly,1993-2016
C3S,NCEP,dynamical,2026-07-01,2026-07,0,1.4851,0.5895,0.8955,ens_110,monthly,1993-2016
C3S,NCEP,dynamical,2026-07-01,2026-08,1,2.5936,0.8128,1.7808,ens_110,monthly,1993-2016
C3S,NCEP,dynamical,2026-07-01,2026-09,2,3.0245,0.9326,2.0919,ens_110,monthly,1993-2016
C3S,NCEP,dynamical,2026-07-01,2026-10,3,3.4184,0.9957,2.4228,ens_110,monthly,1993-2016
C3S,NCEP,dynamical,2026-07-01,2026-11,4,3.8067,1.1035,2.7032,ens_110,monthly,1993-2016
C3S,NCEP,dynamical,2026-07-01,2026-12,5,3.213,1.0246,2.1884,ens_110,monthly,1993-2016
C3S,NCEP,dynamical,2026-07-01,2026-07,0,1.5223,0.6349,0.8874,ens_111,monthly,1993-2016
C3S,NCEP,dynamical,2026-07-01,2026-08,1,2.1523,0.7439,1.4084,ens_111,monthly,1993-2016
C3S,NCEP,dynamical,2026-07-01,2026-09,2,3.0192,0.7838,2.2354,ens_111,monthly,1993-2016
C3S,NCEP,dynamical,2026-07-01,2026-10,3,3.5218,0.9509,2.5709,ens_111,monthly,1993-2016
C3S,NCEP,dynamical,2026-07-01,2026-11,4,3.8737,1.0533,2.8205,ens_111,monthly,1993-2016
C3S,NCEP,dynamical,2026-07-01,2026-12,5,3.695,1.0984,2.5966,ens_111,monthly,1993-2016
C3S,NCEP,dynamical,2026-07-01,2026-07,0,1.7466,0.5741,1.1725,ens_112,monthly,1993-2016
C3S,NCEP,dynamical,2026-07-01,2026-08,1,2.8877,0.7192,2.1685,ens_112,monthly,1993-2016
C3S,NCEP,dynamical,2026-07-01,2026-09,2,3.3038,0.8705,2.4333,ens_112,monthly,1993-2016
C3S,NCEP,dynamical,2026-07-01,2026-10,3,3.8254,1.0344,2.791,ens_112,monthly,1993-2016
C3S,NCEP,dynamical,2026-07-01,2026-11,4,4.0422,1.089,2.9533,ens_112,monthly,1993-2016
C3S,NCEP,dynamical,2026-07-01,2026-12,5,3.9532,1.1265,2.8267,ens_112,monthly,1993-2016
C3S,NCEP,dynamical,2026-07-01,2026-07,0,1.3707,0.5728,0.7979,ens_113,monthly,1993-2016
C3S,NCEP,dynamical,2026-07-01,2026-08,1,1.9907,0.651,1.3396,ens_113,monthly,1993-2016
C3S,NCEP,dynamical,2026-07-01,2026-09,2,2.4847,0.7586,1.7262,ens_113,monthly,1993-2016
C3S,NCEP,dynamical,2026-07-01,2026-10,3,2.7183,0.8728,1.8454,ens_113,monthly,1993-2016
C3S,NCEP,dynamical,2026-07-01,2026-11,4,3.035,0.9558,2.0793,ens_113,monthly,1993-2016
C3S,NCEP,dynamical,2026-07-01,2026-12,5,2.9556,0.9802,1.9753,ens_113,monthly,1993-2016
C3S,NCEP,dynamical,2026-07-01,2026-07,0,1.5417,0.5693,0.9724,ens_114,monthly,1993-2016
C3S,NCEP,dynamical,2026-07-01,2026-08,1,2.1267,0.666,1.4607,ens_114,monthly,1993-2016
C3S,NCEP,dynamical,2026-07-01,2026-09,2,2.6648,0.8412,1.8236,ens_114,monthly,1993-2016
C3S,NCEP,dynamical,2026-07-01,2026-10,3,2.9744,0.9132,2.0613,ens_114,monthly,1993-2016
C3S,NCEP,dynamical,2026-07-01,2026-11,4,3.251,1.0486,2.2024,ens_114,monthly,1993-2016
C3S,NCEP,dynamical,2026-07-01,2026-12,5,3.2864,1.0958,2.1907,ens_114,monthly,1993-2016
C3S,NCEP,dynamical,2026-07-01,2026-07,0,1.4796,0.4965,0.9831,ens_115,monthly,1993-2016
C3S,NCEP,dynamical,2026-07-01,2026-08,1,2.1871,0.6774,1.5096,ens_115,monthly,1993-2016
C3S,NCEP,dynamical,2026-07-01,2026-09,2,2.9451,0.9583,1.9868,ens_115,monthly,1993-2016
C3S,NCEP,dynamical,2026-07-01,2026-10,3,3.2749,1.0389,2.236,ens_115,monthly,1993-2016
C3S,NCEP,dynamical,2026-07-01,2026-11,4,3.8969,1.0547,2.8421,ens_115,monthly,1993-2016
C3S,NCEP,dynamical,2026-07-01,2026-12,5,3.3607,1.055,2.3057,ens_115,monthly,1993-2016
C3S,NCEP,dynamical,2026-07-01,2026-07,0,1.6078,0.583,1.0249,ens_116,monthly,1993-2016
C3S,NCEP,dynamical,2026-07-01,2026-08,1,2.446,0.7328,1.7132,ens_116,monthly,1993-2016
C3S,NCEP,dynamical,2026-07-01,2026-09,2,3.1102,0.9143,2.1959,ens_116,monthly,1993-2016
C3S,NCEP,dynamical,2026-07-01,2026-10,3,3.7485,1.0442,2.7044,ens_116,monthly,1993-2016
C3S,NCEP,dynamical,2026-07-01,2026-11,4,3.7512,1.0792,2.672,ens_116,monthly,1993-2016
C3S,NCEP,dynamical,2026-07-01,2026-12,5,3.0715,1.0297,2.0418,ens_116,monthly,1993-2016
C3S,NCEP,dynamical,2026-07-01,2026-07,0,1.5083,0.5759,0.9324,ens_117,monthly,1993-2016
C3S,NCEP,dynamical,2026-07-01,2026-08,1,2.3151,0.6468,1.6683,ens_117,monthly,1993-2016
C3S,NCEP,dynamical,2026-07-01,2026-09,2,3.0922,0.8084,2.2837,ens_117,monthly,1993-2016
C3S,NCEP,dynamical,2026-07-01,2026-10,3,3.4034,0.9881,2.4153,ens_117,monthly,1993-2016
C3S,NCEP,dynamical,2026-07-01,2026-11,4,3.4072,1.1046,2.3026,ens_117,monthly,1993-2016
C3S,NCEP,dynamical,2026-07-01,2026-12,5,3.38,1.1801,2.1999,ens_117,monthly,1993-2016
C3S,NCEP,dynamical,2026-07-01,2026-07,0,1.4828,0.5466,0.9362,ens_118,monthly,1993-2016
C3S,NCEP,dynamical,2026-07-01,2026-08,1,2.1412,0.5934,1.5477,ens_118,monthly,1993-2016
C3S,NCEP,dynamical,2026-07-01,2026-09,2,2.8899,0.8041,2.0858,ens_118,monthly,1993-2016
C3S,NCEP,dynamical,2026-07-01,2026-10,3,3.0781,0.8781,2.2,ens_118,monthly,1993-2016
C3S,NCEP,dynamical,2026-07-01,2026-11,4,3.5446,0.969,2.5756,ens_118,monthly,1993-2016
C3S,NCEP,dynamical,2026-07-01,2026-12,5,2.8627,0.9693,1.8934,ens_118,monthly,1993-2016
C3S,NCEP,dynamical,2026-07-01,2026-07,0,1.5431,0.5993,0.9438,ens_119,monthly,1993-2016
C3S,NCEP,dynamical,2026-07-01,2026-08,1,2.5822,0.8386,1.7436,ens_119,monthly,1993-2016
C3S,NCEP,dynamical,2026-07-01,2026-09,2,3.1267,0.9609,2.1658,ens_119,monthly,1993-2016
C3S,NCEP,dynamical,2026-07-01,2026-10,3,3.6604,0.9883,2.6721,ens_119,monthly,1993-2016
C3S,NCEP,dynamical,2026-07-01,2026-11,4,4.0887,1.0477,3.041,ens_119,monthly,1993-2016
C3S,NCEP,dynamical,2026-07-01,2026-12,5,3.74,1.1339,2.6061,ens_119,monthly,1993-2016
C3S,NCEP,dynamical,2026-07-01,2026-07,0,1.8006,0.6312,1.1693,mean,monthly,1993-2016
C3S,NCEP,dynamical,2026-07-01,2026-08,1,2.6427,0.7884,1.8543,mean,monthly,1993-2016
C3S,NCEP,dynamical,2026-07-01,2026-09,2,3.2661,0.9413,2.3249,mean,monthly,1993-2016
C3S,NCEP,dynamical,2026-07-01,2026-10,3,3.6561,1.0482,2.6079,mean,monthly,1993-2016
C3S,NCEP,dynamical,2026-07-01,2026-11,4,3.9195,1.1365,2.783,mean,monthly,1993-2016
C3S,NCEP,dynamical,2026-07-01,2026-12,5,3.5238,1.1434,2.3804,mean,monthly,1993-2016
C3S,BOM,dynamical,2026-07-01,2026-07,0,2.4053,0.95,1.4553,ens_000,monthly,1993-2016
C3S,BOM,dynamical,2026-07-01,2026-08,1,3.1231,1.1104,2.0126,ens_000,monthly,1993-2016
C3S,BOM,dynamical,2026-07-01,2026-09,2,3.4545,1.1999,2.2545,ens_000,monthly,1993-2016
C3S,BOM,dynamical,2026-07-01,2026-10,3,3.7465,1.3783,2.3682,ens_000,monthly,1993-2016
C3S,BOM,dynamical,2026-07-01,2026-11,4,3.8096,1.4425,2.3671,ens_000,monthly,1993-2016
C3S,BOM,dynamical,2026-07-01,2026-12,5,3.6372,1.3851,2.2521,ens_000,monthly,1993-2016
C3S,BOM,dynamical,2026-07-01,2026-07,0,2.3536,0.9057,1.4478,ens_001,monthly,1993-2016
C3S,BOM,dynamical,2026-07-01,2026-08,1,3.016,1.0804,1.9356,ens_001,monthly,1993-2016
C3S,BOM,dynamical,2026-07-01,2026-09,2,3.3531,1.1624,2.1907,ens_001,monthly,1993-2016
C3S,BOM,dynamical,2026-07-01,2026-10,3,3.46,1.3194,2.1406,ens_001,monthly,1993-2016
C3S,BOM,dynamical,2026-07-01,2026-11,4,3.4072,1.4198,1.9874,ens_001,monthly,1993-2016
C3S,BOM,dynamical,2026-07-01,2026-12,5,3.7608,1.4841,2.2767,ens_001,monthly,1993-2016
C3S,BOM,dynamical,2026-07-01,2026-07,0,2.3964,0.9156,1.4807,ens_002,monthly,1993-2016
C3S,BOM,dynamical,2026-07-01,2026-08,1,3.0962,1.0757,2.0205,ens_002,monthly,1993-2016
C3S,BOM,dynamical,2026-07-01,2026-09,2,3.3404,1.1075,2.2329,ens_002,monthly,1993-2016
C3S,BOM,dynamical,2026-07-01,2026-10,3,3.3191,1.2315,2.0875,ens_002,monthly,1993-2016
C3S,BOM,dynamical,2026-07-01,2026-11,4,3.6464,1.363,2.2834,ens_002,monthly,1993-2016
C3S,BOM,dynamical,2026-07-01,2026-12,5,3.3937,1.4472,1.9465,ens_002,monthly,1993-2016
C3S,BOM,dynamical,2026-07-01,2026-07,0,2.3605,0.9124,1.4481,ens_003,monthly,1993-2016
C3S,BOM,dynamical,2026-07-01,2026-08,1,3.0608,1.0775,1.9833,ens_003,monthly,1993-2016
C3S,BOM,dynamical,2026-07-01,2026-09,2,3.4879,1.208,2.2799,ens_003,monthly,1993-2016
C3S,BOM,dynamical,2026-07-01,2026-10,3,3.7102,1.3325,2.3777,ens_003,monthly,1993-2016
C3S,BOM,dynamical,2026-07-01,2026-11,4,3.6918,1.4179,2.2739,ens_003,monthly,1993-2016
C3S,BOM,dynamical,2026-07-01,2026-12,5,3.5603,1.4635,2.0969,ens_003,monthly,1993-2016
C3S,BOM,dynamical,2026-07-01,2026-07,0,2.3895,0.9251,1.4644,ens_004,monthly,1993-2016
C3S,BOM,dynamical,2026-07-01,2026-08,1,2.9935,1.0201,1.9734,ens_004,monthly,1993-2016
C3S,BOM,dynamical,2026-07-01,2026-09,2,3.2538,1.117,2.1369,ens_004,monthly,1993-2016
C3S,BOM,dynamical,2026-07-01,2026-10,3,3.4285,1.2333,2.1952,ens_004,monthly,1993-2016
C3S,BOM,dynamical,2026-07-01,2026-11,4,3.6303,1.4027,2.2276,ens_004,monthly,1993-2016
C3S,BOM,dynamical,2026-07-01,2026-12,5,3.6813,1.4093,2.2719,ens_004,monthly,1993-2016
C3S,BOM,dynamical,2026-07-01,2026-07,0,2.4064,0.905,1.5014,ens_005,monthly,1993-2016
C3S,BOM,dynamical,2026-07-01,2026-08,1,2.9792,1.0561,1.9231,ens_005,monthly,1993-2016
C3S,BOM,dynamical,2026-07-01,2026-09,2,3.3428,1.2196,2.1232,ens_005,monthly,1993-2016
C3S,BOM,dynamical,2026-07-01,2026-10,3,3.7513,1.3257,2.4256,ens_005,monthly,1993-2016
C3S,BOM,dynamical,2026-07-01,2026-11,4,3.8092,1.3658,2.4434,ens_005,monthly,1993-2016
C3S,BOM,dynamical,2026-07-01,2026-12,5,3.5188,1.3945,2.1243,ens_005,monthly,1993-2016
C3S,BOM,dynamical,2026-07-01,2026-07,0,2.3887,0.9283,1.4605,ens_006,monthly,1993-2016
C3S,BOM,dynamical,2026-07-01,2026-08,1,3.0268,1.0015,2.0253,ens_006,monthly,1993-2016
C3S,BOM,dynamical,2026-07-01,2026-09,2,3.3367,1.1639,2.1727,ens_006,monthly,1993-2016
C3S,BOM,dynamical,2026-07-01,2026-10,3,3.4341,1.3081,2.126,ens_006,monthly,1993-2016
C3S,BOM,dynamical,2026-07-01,2026-11,4,3.4171,1.4196,1.9976,ens_006,monthly,1993-2016
C3S,BOM,dynamical,2026-07-01,2026-12,5,3.4489,1.4473,2.0016,ens_006,monthly,1993-2016
C3S,BOM,dynamical,2026-07-01,2026-07,0,2.4619,0.931,1.5309,ens_007,monthly,1993-2016
C3S,BOM,dynamical,2026-07-01,2026-08,1,3.1511,1.0607,2.0904,ens_007,monthly,1993-2016
C3S,BOM,dynamical,2026-07-01,2026-09,2,3.5886,1.2131,2.3756,ens_007,monthly,1993-2016
C3S,BOM,dynamical,2026-07-01,2026-10,3,3.774,1.3446,2.4295,ens_007,monthly,1993-2016
C3S,BOM,dynamical,2026-07-01,2026-11,4,3.8214,1.4081,2.4133,ens_007,monthly,1993-2016
C3S,BOM,dynamical,2026-07-01,2026-12,5,3.6715,1.4365,2.235,ens_007,monthly,1993-2016
C3S,BOM,dynamical,2026-07-01,2026-07,0,2.3679,0.9272,1.4407,ens_008,monthly,1993-2016
C3S,BOM,dynamical,2026-07-01,2026-08,1,3.0275,1.1129,1.9146,ens_008,monthly,1993-2016
C3S,BOM,dynamical,2026-07-01,2026-09,2,3.2745,1.2032,2.0713,ens_008,monthly,1993-2016
C3S,BOM,dynamical,2026-07-01,2026-10,3,3.4685,1.3209,2.1476,ens_008,monthly,1993-2016
C3S,BOM,dynamical,2026-07-01,2026-11,4,3.4827,1.4599,2.0228,ens_008,monthly,1993-2016
C3S,BOM,dynamical,2026-07-01,2026-12,5,3.5318,1.5489,1.9829,ens_008,monthly,1993-2016
C3S,BOM,dynamical,2026-07-01,2026-07,0,2.4252,0.9341,1.4911,ens_009,monthly,1993-2016
C3S,BOM,dynamical,2026-07-01,2026-08,1,3.1221,1.0505,2.0716,ens_009,monthly,1993-2016
C3S,BOM,dynamical,2026-07-01,2026-09,2,3.3678,1.1839,2.1838,ens_009,monthly,1993-2016
C3S,BOM,dynamical,2026-07-01,2026-10,3,3.5464,1.2588,2.2876,ens_009,monthly,1993-2016
C3S,BOM,dynamical,2026-07-01,2026-11,4,3.6354,1.3613,2.2741,ens_009,monthly,1993-2016
C3S,BOM,dynamical,2026-07-01,2026-12,5,3.6093,1.461,2.1483,ens_009,monthly,1993-2016
C3S,BOM,dynamical,2026-07-01,2026-07,0,2.4108,0.9093,1.5016,ens_010,monthly,1993-2016
C3S,BOM,dynamical,2026-07-01,2026-08,1,3.1222,1.0816,2.0406,ens_010,monthly,1993-2016
C3S,BOM,dynamical,2026-07-01,2026-09,2,3.3888,1.1804,2.2084,ens_010,monthly,1993-2016
C3S,BOM,dynamical,2026-07-01,2026-10,3,3.49,1.3228,2.1671,ens_010,monthly,1993-2016
C3S,BOM,dynamical,2026-07-01,2026-11,4,3.5877,1.45,2.1377,ens_010,monthly,1993-2016
C3S,BOM,dynamical,2026-07-01,2026-12,5,3.6012,1.4839,2.1173,ens_010,monthly,1993-2016
C3S,BOM,dynamical,2026-07-01,2026-07,0,2.4039,0.9387,1.4651,ens_011,monthly,1993-2016
C3S,BOM,dynamical,2026-07-01,2026-08,1,3.1266,1.0507,2.0759,ens_011,monthly,1993-2016
C3S,BOM,dynamical,2026-07-01,2026-09,2,3.4283,1.1451,2.2832,ens_011,monthly,1993-2016
C3S,BOM,dynamical,2026-07-01,2026-10,3,3.6154,1.2109,2.4045,ens_011,monthly,1993-2016
C3S,BOM,dynamical,2026-07-01,2026-11,4,3.9121,1.3408,2.5714,ens_011,monthly,1993-2016
C3S,BOM,dynamical,2026-07-01,2026-12,5,3.572,1.3273,2.2447,ens_011,monthly,1993-2016
C3S,BOM,dynamical,2026-07-01,2026-07,0,2.4614,0.9202,1.5413,ens_012,monthly,1993-2016
C3S,BOM,dynamical,2026-07-01,2026-08,1,3.1887,1.036,2.1527,ens_012,monthly,1993-2016
C3S,BOM,dynamical,2026-07-01,2026-09,2,3.385,1.098,2.2871,ens_012,monthly,1993-2016
C3S,BOM,dynamical,2026-07-01,2026-10,3,3.3936,1.1922,2.2014,ens_012,monthly,1993-2016
C3S,BOM,dynamical,2026-07-01,2026-11,4,3.3235,1.3152,2.0082,ens_012,monthly,1993-2016
C3S,BOM,dynamical,2026-07-01,2026-12,5,3.5495,1.4287,2.1207,ens_012,monthly,1993-2016
C3S,BOM,dynamical,2026-07-01,2026-07,0,2.385,0.9021,1.4828,ens_013,monthly,1993-2016
C3S,BOM,dynamical,2026-07-01,2026-08,1,3.0923,1.1064,1.9859,ens_013,monthly,1993-2016
C3S,BOM,dynamical,2026-07-01,2026-09,2,3.377,1.1947,2.1823,ens_013,monthly,1993-2016
C3S,BOM,dynamical,2026-07-01,2026-10,3,3.5918,1.2333,2.3585,ens_013,monthly,1993-2016
C3S,BOM,dynamical,2026-07-01,2026-11,4,3.4415,1.2807,2.1607,ens_013,monthly,1993-2016
C3S,BOM,dynamical,2026-07-01,2026-12,5,3.622,1.4467,2.1752,ens_013,monthly,1993-2016
C3S,BOM,dynamical,2026-07-01,2026-07,0,2.4373,0.9278,1.5094,ens_014,monthly,1993-2016
C3S,BOM,dynamical,2026-07-01,2026-08,1,3.0628,1.102,1.9608,ens_014,monthly,1993-2016
C3S,BOM,dynamical,2026-07-01,2026-09,2,3.5296,1.2825,2.2471,ens_014,monthly,1993-2016
C3S,BOM,dynamical,2026-07-01,2026-10,3,3.774,1.3552,2.4188,ens_014,monthly,1993-2016
C3S,BOM,dynamical,2026-07-01,2026-11,4,3.8399,1.3989,2.441,ens_014,monthly,1993-2016
C3S,BOM,dynamical,2026-07-01,2026-12,5,3.7763,1.4807,2.2957,ens_014,monthly,1993-2016
C3S,BOM,dynamical,2026-07-01,2026-07,0,2.3458,0.904,1.4418,ens_015,monthly,1993-2016
C3S,BOM,dynamical,2026-07-01,2026-08,1,3.0521,1.0479,2.0042,ens_015,monthly,1993-2016
C3S,BOM,dynamical,2026-07-01,2026-09,2,3.3837,1.1487,2.235,ens_015,monthly,1993-2016
C3S,BOM,dynamical,2026-07-01,2026-10,3,3.5825,1.2897,2.2927,ens_015,monthly,1993-2016
C3S,BOM,dynamical,2026-07-01,2026-11,4,3.9347,1.3645,2.5702,ens_015,monthly,1993-2016
C3S,BOM,dynamical,2026-07-01,2026-12,5,3.5688,1.413,2.1558,ens_015,monthly,1993-2016
C3S,BOM,dynamical,2026-07-01,2026-07,0,2.4063,0.9319,1.4745,ens_016,monthly,1993-2016
C3S,BOM,dynamical,2026-07-01,2026-08,1,3.166,1.0882,2.0778,ens_016,monthly,1993-2016
C3S,BOM,dynamical,2026-07-01,2026-09,2,3.4426,1.1771,2.2655,ens_016,monthly,1993-2016
C3S,BOM,dynamical,2026-07-01,2026-10,3,3.5848,1.3154,2.2694,ens_016,monthly,1993-2016
C3S,BOM,dynamical,2026-07-01,2026-11,4,3.5723,1.3489,2.2234,ens_016,monthly,1993-2016
C3S,BOM,dynamical,2026-07-01,2026-12,5,3.365,1.3824,1.9826,ens_016,monthly,1993-2016
C3S,BOM,dynamical,2026-07-01,2026-07,0,2.4333,0.9444,1.4889,ens_017,monthly,1993-2016
C3S,BOM,dynamical,2026-07-01,2026-08,1,3.1279,1.0771,2.0508,ens_017,monthly,1993-2016
C3S,BOM,dynamical,2026-07-01,2026-09,2,3.4964,1.1905,2.3059,ens_017,monthly,1993-2016
C3S,BOM,dynamical,2026-07-01,2026-10,3,3.869,1.3547,2.5142,ens_017,monthly,1993-2016
C3S,BOM,dynamical,2026-07-01,2026-11,4,3.8646,1.4717,2.393,ens_017,monthly,1993-2016
C3S,BOM,dynamical,2026-07-01,2026-12,5,3.6891,1.5019,2.1872,ens_017,monthly,1993-2016
C3S,BOM,dynamical,2026-07-01,2026-07,0,2.4218,0.9391,1.4827,ens_018,monthly,1993-2016
C3S,BOM,dynamical,2026-07-01,2026-08,1,3.0992,1.0819,2.0172,ens_018,monthly,1993-2016
C3S,BOM,dynamical,2026-07-01,2026-09,2,3.3728,1.2441,2.1286,ens_018,monthly,1993-2016
C3S,BOM,dynamical,2026-07-01,2026-10,3,3.5458,1.2832,2.2626,ens_018,monthly,1993-2016
C3S,BOM,dynamical,2026-07-01,2026-11,4,3.6686,1.3256,2.343,ens_018,monthly,1993-2016
C3S,BOM,dynamical,2026-07-01,2026-12,5,3.6491,1.3963,2.2528,ens_018,monthly,1993-2016
C3S,BOM,dynamical,2026-07-01,2026-07,0,2.3796,0.9272,1.4524,ens_019,monthly,1993-2016
C3S,BOM,dynamical,2026-07-01,2026-08,1,3.1524,1.1043,2.0481,ens_019,monthly,1993-2016
C3S,BOM,dynamical,2026-07-01,2026-09,2,3.5451,1.1606,2.3846,ens_019,monthly,1993-2016
C3S,BOM,dynamical,2026-07-01,2026-10,3,3.8045,1.3048,2.4997,ens_019,monthly,1993-2016
C3S,BOM,dynamical,2026-07-01,2026-11,4,3.7169,1.3171,2.3998,ens_019,monthly,1993-2016
C3S,BOM,dynamical,2026-07-01,2026-12,5,3.6528,1.4609,2.1919,ens_019,monthly,1993-2016
C3S,BOM,dynamical,2026-07-01,2026-07,0,2.4474,0.9561,1.4913,ens_020,monthly,1993-2016
C3S,BOM,dynamical,2026-07-01,2026-08,1,3.178,1.0531,2.1249,ens_020,monthly,1993-2016
C3S,BOM,dynamical,2026-07-01,2026-09,2,3.4047,1.1725,2.2322,ens_020,monthly,1993-2016
C3S,BOM,dynamical,2026-07-01,2026-10,3,3.5672,1.2716,2.2957,ens_020,monthly,1993-2016
C3S,BOM,dynamical,2026-07-01,2026-11,4,3.8325,1.3997,2.4328,ens_020,monthly,1993-2016
C3S,BOM,dynamical,2026-07-01,2026-12,5,3.5899,1.4019,2.188,ens_020,monthly,1993-2016
C3S,BOM,dynamical,2026-07-01,2026-07,0,2.3946,0.9134,1.4811,ens_021,monthly,1993-2016
C3S,BOM,dynamical,2026-07-01,2026-08,1,2.9813,1.0183,1.9631,ens_021,monthly,1993-2016
C3S,BOM,dynamical,2026-07-01,2026-09,2,3.0661,1.0684,1.9978,ens_021,monthly,1993-2016
C3S,BOM,dynamical,2026-07-01,2026-10,3,3.0439,1.1923,1.8517,ens_021,monthly,1993-2016
C3S,BOM,dynamical,2026-07-01,2026-11,4,3.1147,1.3713,1.7433,ens_021,monthly,1993-2016
C3S,BOM,dynamical,2026-07-01,2026-12,5,3.2952,1.3922,1.9031,ens_021,monthly,1993-2016
C3S,BOM,dynamical,2026-07-01,2026-07,0,2.4021,0.9148,1.4873,ens_022,monthly,1993-2016
C3S,BOM,dynamical,2026-07-01,2026-08,1,3.0647,1.0684,1.9963,ens_022,monthly,1993-2016
C3S,BOM,dynamical,2026-07-01,2026-09,2,3.2303,1.1803,2.05,ens_022,monthly,1993-2016
C3S,BOM,dynamical,2026-07-01,2026-10,3,3.522,1.3321,2.1899,ens_022,monthly,1993-2016
C3S,BOM,dynamical,2026-07-01,2026-11,4,3.3288,1.3536,1.9752,ens_022,monthly,1993-2016
C3S,BOM,dynamical,2026-07-01,2026-12,5,3.3599,1.3705,1.9894,ens_022,monthly,1993-2016
C3S,BOM,dynamical,2026-07-01,2026-07,0,2.3975,0.8964,1.5011,ens_023,monthly,1993-2016
C3S,BOM,dynamical,2026-07-01,2026-08,1,3.1124,1.0176,2.0949,ens_023,monthly,1993-2016
C3S,BOM,dynamical,2026-07-01,2026-09,2,3.3699,1.1607,2.2093,ens_023,monthly,1993-2016
C3S,BOM,dynamical,2026-07-01,2026-10,3,3.5994,1.2963,2.3031,ens_023,monthly,1993-2016
C3S,BOM,dynamical,2026-07-01,2026-11,4,3.5209,1.3992,2.1217,ens_023,monthly,1993-2016
C3S,BOM,dynamical,2026-07-01,2026-12,5,3.4847,1.4384,2.0462,ens_023,monthly,1993-2016
C3S,BOM,dynamical,2026-07-01,2026-07,0,2.4381,0.9218,1.5163,ens_024,monthly,1993-2016
C3S,BOM,dynamical,2026-07-01,2026-08,1,3.1532,1.075,2.0782,ens_024,monthly,1993-2016
C3S,BOM,dynamical,2026-07-01,2026-09,2,3.5598,1.2493,2.3106,ens_024,monthly,1993-2016
C3S,BOM,dynamical,2026-07-01,2026-10,3,3.9535,1.3599,2.5936,ens_024,monthly,1993-2016
C3S,BOM,dynamical,2026-07-01,2026-11,4,3.7342,1.3925,2.3417,ens_024,monthly,1993-2016
C3S,BOM,dynamical,2026-07-01,2026-12,5,3.5754,1.4725,2.103,ens_024,monthly,1993-2016
C3S,BOM,dynamical,2026-07-01,2026-07,0,2.4423,0.8994,1.5429,ens_025,monthly,1993-2016
C3S,BOM,dynamical,2026-07-01,2026-08,1,3.1222,1.0021,2.12,ens_025,monthly,1993-2016
C3S,BOM,dynamical,2026-07-01,2026-09,2,3.2801,1.0799,2.2002,ens_025,monthly,1993-2016
C3S,BOM,dynamical,2026-07-01,2026-10,3,3.3537,1.1784,2.1753,ens_025,monthly,1993-2016
C3S,BOM,dynamical,2026-07-01,2026-11,4,3.5879,1.3132,2.2748,ens_025,monthly,1993-2016
C3S,BOM,dynamical,2026-07-01,2026-12,5,3.5437,1.3543,2.1894,ens_025,monthly,1993-2016
C3S,BOM,dynamical,2026-07-01,2026-07,0,2.3476,0.8992,1.4484,ens_026,monthly,1993-2016
C3S,BOM,dynamical,2026-07-01,2026-08,1,3.0231,1.0078,2.0153,ens_026,monthly,1993-2016
C3S,BOM,dynamical,2026-07-01,2026-09,2,3.5174,1.1719,2.3455,ens_026,monthly,1993-2016
C3S,BOM,dynamical,2026-07-01,2026-10,3,3.832,1.2535,2.5784,ens_026,monthly,1993-2016
C3S,BOM,dynamical,2026-07-01,2026-11,4,3.9755,1.3252,2.6503,ens_026,monthly,1993-2016
C3S,BOM,dynamical,2026-07-01,2026-12,5,3.9082,1.4611,2.4472,ens_026,monthly,1993-2016
C3S,BOM,dynamical,2026-07-01,2026-07,0,2.4412,0.8986,1.5426,ens_027,monthly,1993-2016
C3S,BOM,dynamical,2026-07-01,2026-08,1,3.2302,1.0142,2.216,ens_027,monthly,1993-2016
C3S,BOM,dynamical,2026-07-01,2026-09,2,3.815,1.1886,2.6264,ens_027,monthly,1993-2016
C3S,BOM,dynamical,2026-07-01,2026-10,3,4.143,1.3743,2.7687,ens_027,monthly,1993-2016
C3S,BOM,dynamical,2026-07-01,2026-11,4,4.1399,1.4504,2.6895,ens_027,monthly,1993-2016
C3S,BOM,dynamical,2026-07-01,2026-12,5,3.9132,1.5364,2.3768,ens_027,monthly,1993-2016
C3S,BOM,dynamical,2026-07-01,2026-07,0,2.4286,0.9354,1.4932,ens_028,monthly,1993-2016
C3S,BOM,dynamical,2026-07-01,2026-08,1,3.0938,1.1036,1.9902,ens_028,monthly,1993-2016
C3S,BOM,dynamical,2026-07-01,2026-09,2,3.4842,1.2091,2.275,ens_028,monthly,1993-2016
C3S,BOM,dynamical,2026-07-01,2026-10,3,3.6698,1.3083,2.3615,ens_028,monthly,1993-2016
C3S,BOM,dynamical,2026-07-01,2026-11,4,3.7949,1.3944,2.4005,ens_028,monthly,1993-2016
C3S,BOM,dynamical,2026-07-01,2026-12,5,3.62,1.4964,2.1236,ens_028,monthly,1993-2016
C3S,BOM,dynamical,2026-07-01,2026-07,0,2.4707,0.9254,1.5453,ens_029,monthly,1993-2016
C3S,BOM,dynamical,2026-07-01,2026-08,1,3.1917,1.0232,2.1684,ens_029,monthly,1993-2016
C3S,BOM,dynamical,2026-07-01,2026-09,2,3.5743,1.1624,2.4119,ens_029,monthly,1993-2016
C3S,BOM,dynamical,2026-07-01,2026-10,3,3.521,1.2568,2.2642,ens_029,monthly,1993-2016
C3S,BOM,dynamical,2026-07-01,2026-11,4,3.871,1.4038,2.4672,ens_029,monthly,1993-2016
C3S,BOM,dynamical,2026-07-01,2026-12,5,3.6992,1.4561,2.2431,ens_029,monthly,1993-2016
C3S,BOM,dynamical,2026-07-01,2026-07,0,2.4654,0.9123,1.5531,ens_030,monthly,1993-2016
C3S,BOM,dynamical,2026-07-01,2026-08,1,3.0145,1.068,1.9466,ens_030,monthly,1993-2016
C3S,BOM,dynamical,2026-07-01,2026-09,2,3.2981,1.1685,2.1296,ens_030,monthly,1993-2016
C3S,BOM,dynamical,2026-07-01,2026-10,3,3.672,1.2642,2.4078,ens_030,monthly,1993-2016
C3S,BOM,dynamical,2026-07-01,2026-11,4,3.4729,1.1874,2.2856,ens_030,monthly,1993-2016
C3S,BOM,dynamical,2026-07-01,2026-12,5,3.6063,1.3066,2.2998,ens_030,monthly,1993-2016
C3S,BOM,dynamical,2026-07-01,2026-07,0,2.4512,0.9163,1.5349,ens_031,monthly,1993-2016
C3S,BOM,dynamical,2026-07-01,2026-08,1,3.2112,1.1034,2.1077,ens_031,monthly,1993-2016
C3S,BOM,dynamical,2026-07-01,2026-09,2,3.6974,1.2657,2.4317,ens_031,monthly,1993-2016
C3S,BOM,dynamical,2026-07-01,2026-10,3,3.824,1.3864,2.4377,ens_031,monthly,1993-2016
C3S,BOM,dynamical,2026-07-01,2026-11,4,3.8164,1.4281,2.3883,ens_031,monthly,1993-2016
C3S,BOM,dynamical,2026-07-01,2026-12,5,3.5538,1.5105,2.0432,ens_031,monthly,1993-2016
C3S,BOM,dynamical,2026-07-01,2026-07,0,2.3908,0.9216,1.4691,ens_032,monthly,1993-2016
C3S,BOM,dynamical,2026-07-01,2026-08,1,3.0604,1.0428,2.0176,ens_032,monthly,1993-2016
C3S,BOM,dynamical,2026-07-01,2026-09,2,3.5626,1.1345,2.4282,ens_032,monthly,1993-2016
C3S,BOM,dynamical,2026-07-01,2026-10,3,3.5708,1.2162,2.3546,ens_032,monthly,1993-2016
C3S,BOM,dynamical,2026-07-01,2026-11,4,3.5726,1.3502,2.2224,ens_032,monthly,1993-2016
C3S,BOM,dynamical,2026-07-01,2026-12,5,3.5503,1.3859,2.1644,ens_032,monthly,1993-2016
C3S,BOM,dynamical,2026-07-01,2026-07,0,2.4628,0.9574,1.5054,ens_033,monthly,1993-2016
C3S,BOM,dynamical,2026-07-01,2026-08,1,3.2218,1.0788,2.143,ens_033,monthly,1993-2016
C3S,BOM,dynamical,2026-07-01,2026-09,2,3.6753,1.1946,2.4807,ens_033,monthly,1993-2016
C3S,BOM,dynamical,2026-07-01,2026-10,3,3.8919,1.3411,2.5508,ens_033,monthly,1993-2016
C3S,BOM,dynamical,2026-07-01,2026-11,4,3.8955,1.4321,2.4634,ens_033,monthly,1993-2016
C3S,BOM,dynamical,2026-07-01,2026-12,5,3.6263,1.4408,2.1854,ens_033,monthly,1993-2016
C3S,BOM,dynamical,2026-07-01,2026-07,0,2.3729,0.9663,1.4066,ens_034,monthly,1993-2016
C3S,BOM,dynamical,2026-07-01,2026-08,1,3.0594,1.0816,1.9778,ens_034,monthly,1993-2016
C3S,BOM,dynamical,2026-07-01,2026-09,2,3.5265,1.2059,2.3207,ens_034,monthly,1993-2016
C3S,BOM,dynamical,2026-07-01,2026-10,3,3.9655,1.2691,2.6964,ens_034,monthly,1993-2016
C3S,BOM,dynamical,2026-07-01,2026-11,4,3.9927,1.3523,2.6404,ens_034,monthly,1993-2016
C3S,BOM,dynamical,2026-07-01,2026-12,5,3.7599,1.4572,2.3028,ens_034,monthly,1993-2016
C3S,BOM,dynamical,2026-07-01,2026-07,0,2.3774,0.9143,1.4631,ens_035,monthly,1993-2016
C3S,BOM,dynamical,2026-07-01,2026-08,1,3.21,1.1401,2.0699,ens_035,monthly,1993-2016
C3S,BOM,dynamical,2026-07-01,2026-09,2,3.4398,1.2502,2.1896,ens_035,monthly,1993-2016
C3S,BOM,dynamical,2026-07-01,2026-10,3,3.5179,1.3436,2.1743,ens_035,monthly,1993-2016
C3S,BOM,dynamical,2026-07-01,2026-11,4,3.5163,1.388,2.1283,ens_035,monthly,1993-2016
C3S,BOM,dynamical,2026-07-01,2026-12,5,3.4147,1.4329,1.9818,ens_035,monthly,1993-2016
C3S,BOM,dynamical,2026-07-01,2026-07,0,2.4642,0.9201,1.5441,ens_036,monthly,1993-2016
C3S,BOM,dynamical,2026-07-01,2026-08,1,3.0571,1.0468,2.0103,ens_036,monthly,1993-2016
C3S,BOM,dynamical,2026-07-01,2026-09,2,3.4128,1.1494,2.2635,ens_036,monthly,1993-2016
C3S,BOM,dynamical,2026-07-01,2026-10,3,3.5855,1.2467,2.3388,ens_036,monthly,1993-2016
C3S,BOM,dynamical,2026-07-01,2026-11,4,3.6491,1.3636,2.2855,ens_036,monthly,1993-2016
C3S,BOM,dynamical,2026-07-01,2026-12,5,3.7177,1.3703,2.3474,ens_036,monthly,1993-2016
C3S,BOM,dynamical,2026-07-01,2026-07,0,2.4267,0.9541,1.4726,ens_037,monthly,1993-2016
C3S,BOM,dynamical,2026-07-01,2026-08,1,3.1811,1.135,2.046,ens_037,monthly,1993-2016
C3S,BOM,dynamical,2026-07-01,2026-09,2,3.4368,1.2391,2.1977,ens_037,monthly,1993-2016
C3S,BOM,dynamical,2026-07-01,2026-10,3,3.6676,1.3619,2.3057,ens_037,monthly,1993-2016
C3S,BOM,dynamical,2026-07-01,2026-11,4,3.7795,1.4922,2.2873,ens_037,monthly,1993-2016
C3S,BOM,dynamical,2026-07-01,2026-12,5,3.8364,1.4721,2.3643,ens_037,monthly,1993-2016
C3S,BOM,dynamical,2026-07-01,2026-07,0,2.4425,0.9469,1.4956,ens_038,monthly,1993-2016
C3S,BOM,dynamical,2026-07-01,2026-08,1,3.2291,1.1,2.1291,ens_038,monthly,1993-2016
C3S,BOM,dynamical,2026-07-01,2026-09,2,3.7801,1.2539,2.5262,ens_038,monthly,1993-2016
C3S,BOM,dynamical,2026-07-01,2026-10,3,3.8639,1.2892,2.5747,ens_038,monthly,1993-2016
C3S,BOM,dynamical,2026-07-01,2026-11,4,3.7233,1.2852,2.438,ens_038,monthly,1993-2016
C3S,BOM,dynamical,2026-07-01,2026-12,5,3.5674,1.2755,2.2919,ens_038,monthly,1993-2016
C3S,BOM,dynamical,2026-07-01,2026-07,0,2.4382,0.9276,1.5106,ens_039,monthly,1993-2016
C3S,BOM,dynamical,2026-07-01,2026-08,1,3.2806,1.1402,2.1404,ens_039,monthly,1993-2016
C3S,BOM,dynamical,2026-07-01,2026-09,2,3.4024,1.1752,2.2272,ens_039,monthly,1993-2016
C3S,BOM,dynamical,2026-07-01,2026-10,3,3.6105,1.3153,2.2952,ens_039,monthly,1993-2016
C3S,BOM,dynamical,2026-07-01,2026-11,4,3.6903,1.4906,2.1997,ens_039,monthly,1993-2016
C3S,BOM,dynamical,2026-07-01,2026-12,5,3.6047,1.4655,2.1391,ens_039,monthly,1993-2016
C3S,BOM,dynamical,2026-07-01,2026-07,0,2.4634,0.9378,1.5256,ens_040,monthly,1993-2016
C3S,BOM,dynamical,2026-07-01,2026-08,1,3.3061,1.0719,2.2342,ens_040,monthly,1993-2016
C3S,BOM,dynamical,2026-07-01,2026-09,2,3.5648,1.1747,2.3901,ens_040,monthly,1993-2016
C3S,BOM,dynamical,2026-07-01,2026-10,3,3.7462,1.2731,2.4731,ens_040,monthly,1993-2016
C3S,BOM,dynamical,2026-07-01,2026-11,4,3.8059,1.3022,2.5037,ens_040,monthly,1993-2016
C3S,BOM,dynamical,2026-07-01,2026-12,5,3.7859,1.3352,2.4506,ens_040,monthly,1993-2016
C3S,BOM,dynamical,2026-07-01,2026-07,0,2.4212,0.9591,1.4621,ens_041,monthly,1993-2016
C3S,BOM,dynamical,2026-07-01,2026-08,1,3.2395,1.1071,2.1323,ens_041,monthly,1993-2016
C3S,BOM,dynamical,2026-07-01,2026-09,2,3.6751,1.1916,2.4834,ens_041,monthly,1993-2016
C3S,BOM,dynamical,2026-07-01,2026-10,3,3.761,1.3392,2.4217,ens_041,monthly,1993-2016
C3S,BOM,dynamical,2026-07-01,2026-11,4,3.8409,1.4452,2.3956,ens_041,monthly,1993-2016
C3S,BOM,dynamical,2026-07-01,2026-12,5,3.6793,1.5151,2.1642,ens_041,monthly,1993-2016
C3S,BOM,dynamical,2026-07-01,2026-07,0,2.3482,0.9258,1.4223,ens_042,monthly,1993-2016
C3S,BOM,dynamical,2026-07-01,2026-08,1,3.1493,1.067,2.0823,ens_042,monthly,1993-2016
C3S,BOM,dynamical,2026-07-01,2026-09,2,3.5584,1.2203,2.338,ens_042,monthly,1993-2016
C3S,BOM,dynamical,2026-07-01,2026-10,3,3.8835,1.3928,2.4907,ens_042,monthly,1993-2016
C3S,BOM,dynamical,2026-07-01,2026-11,4,3.8669,1.4505,2.4164,ens_042,monthly,1993-2016
C3S,BOM,dynamical,2026-07-01,2026-12,5,3.6878,1.4454,2.2424,ens_042,monthly,1993-2016
C3S,BOM,dynamical,2026-07-01,2026-07,0,2.3757,0.9432,1.4325,ens_043,monthly,1993-2016
C3S,BOM,dynamical,2026-07-01,2026-08,1,2.9743,1.1088,1.8655,ens_043,monthly,1993-2016
C3S,BOM,dynamical,2026-07-01,2026-09,2,3.1815,1.1572,2.0243,ens_043,monthly,1993-2016
C3S,BOM,dynamical,2026-07-01,2026-10,3,3.5657,1.2152,2.3505,ens_043,monthly,1993-2016
C3S,BOM,dynamical,2026-07-01,2026-11,4,3.8251,1.2448,2.5803,ens_043,monthly,1993-2016
C3S,BOM,dynamical,2026-07-01,2026-12,5,3.4629,1.3611,2.1018,ens_043,monthly,1993-2016
C3S,BOM,dynamical,2026-07-01,2026-07,0,2.3978,0.9037,1.4941,ens_044,monthly,1993-2016
C3S,BOM,dynamical,2026-07-01,2026-08,1,3.2263,0.9996,2.2267,ens_044,monthly,1993-2016
C3S,BOM,dynamical,2026-07-01,2026-09,2,3.5871,1.1505,2.4366,ens_044,monthly,1993-2016
C3S,BOM,dynamical,2026-07-01,2026-10,3,3.8419,1.2426,2.5993,ens_044,monthly,1993-2016
C3S,BOM,dynamical,2026-07-01,2026-11,4,3.8223,1.3903,2.432,ens_044,monthly,1993-2016
C3S,BOM,dynamical,2026-07-01,2026-12,5,3.6861,1.4828,2.2034,ens_044,monthly,1993-2016
C3S,BOM,dynamical,2026-07-01,2026-07,0,2.4153,0.9311,1.4842,ens_045,monthly,1993-2016
C3S,BOM,dynamical,2026-07-01,2026-08,1,3.143,1.044,2.099,ens_045,monthly,1993-2016
C3S,BOM,dynamical,2026-07-01,2026-09,2,3.5075,1.1411,2.3664,ens_045,monthly,1993-2016
C3S,BOM,dynamical,2026-07-01,2026-10,3,3.698,1.2823,2.4157,ens_045,monthly,1993-2016
C3S,BOM,dynamical,2026-07-01,2026-11,4,3.7361,1.3915,2.3446,ens_045,monthly,1993-2016
C3S,BOM,dynamical,2026-07-01,2026-12,5,3.7229,1.4414,2.2815,ens_045,monthly,1993-2016
C3S,BOM,dynamical,2026-07-01,2026-07,0,2.3369,0.95,1.3869,ens_046,monthly,1993-2016
C3S,BOM,dynamical,2026-07-01,2026-08,1,3.0198,1.0434,1.9764,ens_046,monthly,1993-2016
C3S,BOM,dynamical,2026-07-01,2026-09,2,3.313,1.1955,2.1175,ens_046,monthly,1993-2016
C3S,BOM,dynamical,2026-07-01,2026-10,3,3.7499,1.3076,2.4423,ens_046,monthly,1993-2016
C3S,BOM,dynamical,2026-07-01,2026-11,4,3.6589,1.4201,2.2389,ens_046,monthly,1993-2016
C3S,BOM,dynamical,2026-07-01,2026-12,5,3.5766,1.4644,2.1121,ens_046,monthly,1993-2016
C3S,BOM,dynamical,2026-07-01,2026-07,0,2.4256,0.9407,1.4848,ens_047,monthly,1993-2016
C3S,BOM,dynamical,2026-07-01,2026-08,1,3.1609,1.0498,2.1111,ens_047,monthly,1993-2016
C3S,BOM,dynamical,2026-07-01,2026-09,2,3.6511,1.1705,2.4806,ens_047,monthly,1993-2016
C3S,BOM,dynamical,2026-07-01,2026-10,3,3.7533,1.2126,2.5407,ens_047,monthly,1993-2016
C3S,BOM,dynamical,2026-07-01,2026-11,4,3.6861,1.2196,2.4665,ens_047,monthly,1993-2016
C3S,BOM,dynamical,2026-07-01,2026-12,5,3.4981,1.3297,2.1684,ens_047,monthly,1993-2016
C3S,BOM,dynamical,2026-07-01,2026-07,0,2.4058,0.956,1.4498,ens_048,monthly,1993-2016
C3S,BOM,dynamical,2026-07-01,2026-08,1,3.154,1.1267,2.0273,ens_048,monthly,1993-2016
C3S,BOM,dynamical,2026-07-01,2026-09,2,3.3791,1.2248,2.1543,ens_048,monthly,1993-2016
C3S,BOM,dynamical,2026-07-01,2026-10,3,3.4099,1.2931,2.1168,ens_048,monthly,1993-2016
C3S,BOM,dynamical,2026-07-01,2026-11,4,3.7717,1.4743,2.2974,ens_048,monthly,1993-2016
C3S,BOM,dynamical,2026-07-01,2026-12,5,3.8132,1.4883,2.3248,ens_048,monthly,1993-2016
C3S,BOM,dynamical,2026-07-01,2026-07,0,2.4434,0.9779,1.4655,ens_049,monthly,1993-2016
C3S,BOM,dynamical,2026-07-01,2026-08,1,3.072,1.1035,1.9685,ens_049,monthly,1993-2016
C3S,BOM,dynamical,2026-07-01,2026-09,2,3.473,1.2032,2.2698,ens_049,monthly,1993-2016
C3S,BOM,dynamical,2026-07-01,2026-10,3,3.7949,1.2956,2.4993,ens_049,monthly,1993-2016
C3S,BOM,dynamical,2026-07-01,2026-11,4,3.8359,1.3447,2.4912,ens_049,monthly,1993-2016
C3S,BOM,dynamical,2026-07-01,2026-12,5,3.7025,1.4257,2.2769,ens_049,monthly,1993-2016
C3S,BOM,dynamical,2026-07-01,2026-07,0,2.423,0.9351,1.4879,ens_050,monthly,1993-2016
C3S,BOM,dynamical,2026-07-01,2026-08,1,3.1485,1.0486,2.0999,ens_050,monthly,1993-2016
C3S,BOM,dynamical,2026-07-01,2026-09,2,3.4901,1.1919,2.2983,ens_050,monthly,1993-2016
C3S,BOM,dynamical,2026-07-01,2026-10,3,3.6287,1.2484,2.3802,ens_050,monthly,1993-2016
C3S,BOM,dynamical,2026-07-01,2026-11,4,3.5768,1.3821,2.1947,ens_050,monthly,1993-2016
C3S,BOM,dynamical,2026-07-01,2026-12,5,3.6135,1.4187,2.1948,ens_050,monthly,1993-2016
C3S,BOM,dynamical,2026-07-01,2026-07,0,2.3896,0.9177,1.4719,ens_051,monthly,1993-2016
C3S,BOM,dynamical,2026-07-01,2026-08,1,2.9921,1.0592,1.9329,ens_051,monthly,1993-2016
C3S,BOM,dynamical,2026-07-01,2026-09,2,3.2432,1.1414,2.1018,ens_051,monthly,1993-2016
C3S,BOM,dynamical,2026-07-01,2026-10,3,3.4068,1.2489,2.1579,ens_051,monthly,1993-2016
C3S,BOM,dynamical,2026-07-01,2026-11,4,3.6384,1.3831,2.2553,ens_051,monthly,1993-2016
C3S,BOM,dynamical,2026-07-01,2026-12,5,3.5287,1.4294,2.0993,ens_051,monthly,1993-2016
C3S,BOM,dynamical,2026-07-01,2026-07,0,2.4264,0.9619,1.4645,ens_052,monthly,1993-2016
C3S,BOM,dynamical,2026-07-01,2026-08,1,3.2516,1.1029,2.1488,ens_052,monthly,1993-2016
C3S,BOM,dynamical,2026-07-01,2026-09,2,3.5818,1.2216,2.3602,ens_052,monthly,1993-2016
C3S,BOM,dynamical,2026-07-01,2026-10,3,3.589,1.301,2.288,ens_052,monthly,1993-2016
C3S,BOM,dynamical,2026-07-01,2026-11,4,3.597,1.3659,2.2311,ens_052,monthly,1993-2016
C3S,BOM,dynamical,2026-07-01,2026-12,5,3.5896,1.4525,2.1371,ens_052,monthly,1993-2016
C3S,BOM,dynamical,2026-07-01,2026-07,0,2.4068,0.941,1.4658,ens_053,monthly,1993-2016
C3S,BOM,dynamical,2026-07-01,2026-08,1,3.0051,1.0636,1.9415,ens_053,monthly,1993-2016
C3S,BOM,dynamical,2026-07-01,2026-09,2,3.3568,1.133,2.2238,ens_053,monthly,1993-2016
C3S,BOM,dynamical,2026-07-01,2026-10,3,3.5301,1.2522,2.2779,ens_053,monthly,1993-2016
C3S,BOM,dynamical,2026-07-01,2026-11,4,3.5944,1.4129,2.1815,ens_053,monthly,1993-2016
C3S,BOM,dynamical,2026-07-01,2026-12,5,3.4486,1.501,1.9475,ens_053,monthly,1993-2016
C3S,BOM,dynamical,2026-07-01,2026-07,0,2.3755,0.9711,1.4044,ens_054,monthly,1993-2016
C3S,BOM,dynamical,2026-07-01,2026-08,1,3.0384,1.1051,1.9332,ens_054,monthly,1993-2016
C3S,BOM,dynamical,2026-07-01,2026-09,2,3.2631,1.236,2.0271,ens_054,monthly,1993-2016
C3S,BOM,dynamical,2026-07-01,2026-10,3,3.1174,1.2265,1.8908,ens_054,monthly,1993-2016
C3S,BOM,dynamical,2026-07-01,2026-11,4,3.2521,1.2631,1.989,ens_054,monthly,1993-2016
C3S,BOM,dynamical,2026-07-01,2026-12,5,3.3781,1.3134,2.0647,ens_054,monthly,1993-2016
C3S,BOM,dynamical,2026-07-01,2026-07,0,2.464,0.9053,1.5586,ens_055,monthly,1993-2016
C3S,BOM,dynamical,2026-07-01,2026-08,1,3.2601,1.0197,2.2404,ens_055,monthly,1993-2016
C3S,BOM,dynamical,2026-07-01,2026-09,2,3.7876,1.1672,2.6205,ens_055,monthly,1993-2016
C3S,BOM,dynamical,2026-07-01,2026-10,3,3.9136,1.2973,2.6163,ens_055,monthly,1993-2016
C3S,BOM,dynamical,2026-07-01,2026-11,4,4.0223,1.5103,2.512,ens_055,monthly,1993-2016
C3S,BOM,dynamical,2026-07-01,2026-12,5,3.5154,1.5019,2.0135,ens_055,monthly,1993-2016
C3S,BOM,dynamical,2026-07-01,2026-07,0,2.3688,0.9286,1.4403,ens_056,monthly,1993-2016
C3S,BOM,dynamical,2026-07-01,2026-08,1,3.0462,1.0631,1.9831,ens_056,monthly,1993-2016
C3S,BOM,dynamical,2026-07-01,2026-09,2,3.4055,1.1579,2.2475,ens_056,monthly,1993-2016
C3S,BOM,dynamical,2026-07-01,2026-10,3,3.6333,1.2717,2.3616,ens_056,monthly,1993-2016
C3S,BOM,dynamical,2026-07-01,2026-11,4,3.8442,1.3308,2.5135,ens_056,monthly,1993-2016
C3S,BOM,dynamical,2026-07-01,2026-12,5,3.5183,1.3012,2.2171,ens_056,monthly,1993-2016
C3S,BOM,dynamical,2026-07-01,2026-07,0,2.4692,0.9399,1.5293,ens_057,monthly,1993-2016
C3S,BOM,dynamical,2026-07-01,2026-08,1,3.2562,1.1019,2.1543,ens_057,monthly,1993-2016
C3S,BOM,dynamical,2026-07-01,2026-09,2,3.7743,1.2431,2.5313,ens_057,monthly,1993-2016
C3S,BOM,dynamical,2026-07-01,2026-10,3,3.8228,1.3997,2.4231,ens_057,monthly,1993-2016
C3S,BOM,dynamical,2026-07-01,2026-11,4,3.728,1.4899,2.2381,ens_057,monthly,1993-2016
C3S,BOM,dynamical,2026-07-01,2026-12,5,3.6685,1.5091,2.1594,ens_057,monthly,1993-2016
C3S,BOM,dynamical,2026-07-01,2026-07,0,2.3739,0.918,1.456,ens_058,monthly,1993-2016
C3S,BOM,dynamical,2026-07-01,2026-08,1,3.0231,1.0656,1.9575,ens_058,monthly,1993-2016
C3S,BOM,dynamical,2026-07-01,2026-09,2,3.3831,1.2432,2.1399,ens_058,monthly,1993-2016
C3S,BOM,dynamical,2026-07-01,2026-10,3,3.5298,1.2945,2.2352,ens_058,monthly,1993-2016
C3S,BOM,dynamical,2026-07-01,2026-11,4,3.6756,1.4134,2.2623,ens_058,monthly,1993-2016
C3S,BOM,dynamical,2026-07-01,2026-12,5,3.6179,1.3565,2.2614,ens_058,monthly,1993-2016
C3S,BOM,dynamical,2026-07-01,2026-07,0,2.4181,0.9515,1.4666,ens_059,monthly,1993-2016
C3S,BOM,dynamical,2026-07-01,2026-08,1,3.1385,1.1242,2.0142,ens_059,monthly,1993-2016
C3S,BOM,dynamical,2026-07-01,2026-09,2,3.5724,1.1964,2.3759,ens_059,monthly,1993-2016
C3S,BOM,dynamical,2026-07-01,2026-10,3,3.6746,1.2699,2.4046,ens_059,monthly,1993-2016
C3S,BOM,dynamical,2026-07-01,2026-11,4,3.8437,1.3669,2.4769,ens_059,monthly,1993-2016
C3S,BOM,dynamical,2026-07-01,2026-12,5,3.7094,1.4407,2.2686,ens_059,monthly,1993-2016
C3S,BOM,dynamical,2026-07-01,2026-07,0,2.4337,0.8842,1.5495,ens_060,monthly,1993-2016
C3S,BOM,dynamical,2026-07-01,2026-08,1,3.0986,0.9835,2.115,ens_060,monthly,1993-2016
C3S,BOM,dynamical,2026-07-01,2026-09,2,3.4056,1.043,2.3627,ens_060,monthly,1993-2016
C3S,BOM,dynamical,2026-07-01,2026-10,3,3.7152,1.1378,2.5773,ens_060,monthly,1993-2016
C3S,BOM,dynamical,2026-07-01,2026-11,4,3.5127,1.3111,2.2016,ens_060,monthly,1993-2016
C3S,BOM,dynamical,2026-07-01,2026-12,5,3.6284,1.3554,2.273,ens_060,monthly,1993-2016
C3S,BOM,dynamical,2026-07-01,2026-07,0,2.3922,0.9247,1.4674,ens_061,monthly,1993-2016
C3S,BOM,dynamical,2026-07-01,2026-08,1,3.0976,1.0492,2.0484,ens_061,monthly,1993-2016
C3S,BOM,dynamical,2026-07-01,2026-09,2,3.4682,1.2439,2.2242,ens_061,monthly,1993-2016
C3S,BOM,dynamical,2026-07-01,2026-10,3,3.715,1.3019,2.4131,ens_061,monthly,1993-2016
C3S,BOM,dynamical,2026-07-01,2026-11,4,3.8301,1.417,2.4132,ens_061,monthly,1993-2016
C3S,BOM,dynamical,2026-07-01,2026-12,5,3.7235,1.5038,2.2197,ens_061,monthly,1993-2016
C3S,BOM,dynamical,2026-07-01,2026-07,0,2.4961,0.9385,1.5577,ens_062,monthly,1993-2016
C3S,BOM,dynamical,2026-07-01,2026-08,1,3.2552,1.1003,2.1549,ens_062,monthly,1993-2016
C3S,BOM,dynamical,2026-07-01,2026-09,2,3.6209,1.2353,2.3856,ens_062,monthly,1993-2016
C3S,BOM,dynamical,2026-07-01,2026-10,3,3.8225,1.3619,2.4606,ens_062,monthly,1993-2016
C3S,BOM,dynamical,2026-07-01,2026-11,4,3.9345,1.435,2.4995,ens_062,monthly,1993-2016
C3S,BOM,dynamical,2026-07-01,2026-12,5,3.7168,1.4903,2.2265,ens_062,monthly,1993-2016
C3S,BOM,dynamical,2026-07-01,2026-07,0,2.3776,0.9105,1.4671,ens_063,monthly,1993-2016
C3S,BOM,dynamical,2026-07-01,2026-08,1,3.1645,1.0157,2.1488,ens_063,monthly,1993-2016
C3S,BOM,dynamical,2026-07-01,2026-09,2,3.6554,1.1806,2.4749,ens_063,monthly,1993-2016
C3S,BOM,dynamical,2026-07-01,2026-10,3,3.702,1.33,2.372,ens_063,monthly,1993-2016
C3S,BOM,dynamical,2026-07-01,2026-11,4,3.5342,1.3919,2.1423,ens_063,monthly,1993-2016
C3S,BOM,dynamical,2026-07-01,2026-12,5,3.6417,1.4965,2.1452,ens_063,monthly,1993-2016
C3S,BOM,dynamical,2026-07-01,2026-07,0,2.4651,0.9373,1.5277,ens_064,monthly,1993-2016
C3S,BOM,dynamical,2026-07-01,2026-08,1,3.2032,1.0494,2.1538,ens_064,monthly,1993-2016
C3S,BOM,dynamical,2026-07-01,2026-09,2,3.5839,1.1517,2.4322,ens_064,monthly,1993-2016
C3S,BOM,dynamical,2026-07-01,2026-10,3,3.9165,1.3452,2.5712,ens_064,monthly,1993-2016
C3S,BOM,dynamical,2026-07-01,2026-11,4,4.0596,1.3774,2.6822,ens_064,monthly,1993-2016
C3S,BOM,dynamical,2026-07-01,2026-12,5,3.5721,1.384,2.188,ens_064,monthly,1993-2016
C3S,BOM,dynamical,2026-07-01,2026-07,0,2.4409,0.9349,1.506,ens_065,monthly,1993-2016
C3S,BOM,dynamical,2026-07-01,2026-08,1,3.0807,1.0738,2.0069,ens_065,monthly,1993-2016
C3S,BOM,dynamical,2026-07-01,2026-09,2,3.2924,1.1571,2.1353,ens_065,monthly,1993-2016
C3S,BOM,dynamical,2026-07-01,2026-10,3,3.5294,1.2581,2.2713,ens_065,monthly,1993-2016
C3S,BOM,dynamical,2026-07-01,2026-11,4,3.4513,1.4062,2.0451,ens_065,monthly,1993-2016
C3S,BOM,dynamical,2026-07-01,2026-12,5,3.6708,1.4396,2.2312,ens_065,monthly,1993-2016
C3S,BOM,dynamical,2026-07-01,2026-07,0,2.4728,0.9197,1.5531,ens_066,monthly,1993-2016
C3S,BOM,dynamical,2026-07-01,2026-08,1,3.1504,1.0719,2.0785,ens_066,monthly,1993-2016
C3S,BOM,dynamical,2026-07-01,2026-09,2,3.4499,1.1835,2.2663,ens_066,monthly,1993-2016
C3S,BOM,dynamical,2026-07-01,2026-10,3,3.7534,1.3078,2.4456,ens_066,monthly,1993-2016
C3S,BOM,dynamical,2026-07-01,2026-11,4,3.7951,1.4166,2.3785,ens_066,monthly,1993-2016
C3S,BOM,dynamical,2026-07-01,2026-12,5,3.5862,1.4799,2.1063,ens_066,monthly,1993-2016
C3S,BOM,dynamical,2026-07-01,2026-07,0,2.3906,0.9508,1.4398,ens_067,monthly,1993-2016
C3S,BOM,dynamical,2026-07-01,2026-08,1,3.024,1.0497,1.9743,ens_067,monthly,1993-2016
C3S,BOM,dynamical,2026-07-01,2026-09,2,3.4482,1.104,2.3443,ens_067,monthly,1993-2016
C3S,BOM,dynamical,2026-07-01,2026-10,3,3.6702,1.1641,2.5061,ens_067,monthly,1993-2016
C3S,BOM,dynamical,2026-07-01,2026-11,4,3.6637,1.3064,2.3573,ens_067,monthly,1993-2016
C3S,BOM,dynamical,2026-07-01,2026-12,5,3.5169,1.3688,2.1481,ens_067,monthly,1993-2016
C3S,BOM,dynamical,2026-07-01,2026-07,0,2.4051,0.9075,1.4977,ens_068,monthly,1993-2016
C3S,BOM,dynamical,2026-07-01,2026-08,1,3.1434,1.053,2.0904,ens_068,monthly,1993-2016
C3S,BOM,dynamical,2026-07-01,2026-09,2,3.5729,1.2056,2.3673,ens_068,monthly,1993-2016
C3S,BOM,dynamical,2026-07-01,2026-10,3,3.7226,1.2971,2.4254,ens_068,monthly,1993-2016
C3S,BOM,dynamical,2026-07-01,2026-11,4,3.7397,1.4146,2.3251,ens_068,monthly,1993-2016
C3S,BOM,dynamical,2026-07-01,2026-12,5,3.6361,1.492,2.1441,ens_068,monthly,1993-2016
C3S,BOM,dynamical,2026-07-01,2026-07,0,2.4185,0.9449,1.4736,ens_069,monthly,1993-2016
C3S,BOM,dynamical,2026-07-01,2026-08,1,3.0272,1.0544,1.9728,ens_069,monthly,1993-2016
C3S,BOM,dynamical,2026-07-01,2026-09,2,3.3685,1.2306,2.1379,ens_069,monthly,1993-2016
C3S,BOM,dynamical,2026-07-01,2026-10,3,3.5713,1.2418,2.3295,ens_069,monthly,1993-2016
C3S,BOM,dynamical,2026-07-01,2026-11,4,3.816,1.3547,2.4613,ens_069,monthly,1993-2016
C3S,BOM,dynamical,2026-07-01,2026-12,5,3.8212,1.454,2.3672,ens_069,monthly,1993-2016
C3S,BOM,dynamical,2026-07-01,2026-07,0,2.4537,0.9482,1.5054,ens_070,monthly,1993-2016
C3S,BOM,dynamical,2026-07-01,2026-08,1,3.1071,1.0523,2.0548,ens_070,monthly,1993-2016
C3S,BOM,dynamical,2026-07-01,2026-09,2,3.3769,1.1526,2.2243,ens_070,monthly,1993-2016
C3S,BOM,dynamical,2026-07-01,2026-10,3,3.6256,1.3168,2.3088,ens_070,monthly,1993-2016
C3S,BOM,dynamical,2026-07-01,2026-11,4,3.7574,1.3606,2.3969,ens_070,monthly,1993-2016
C3S,BOM,dynamical,2026-07-01,2026-12,5,3.7168,1.5035,2.2133,ens_070,monthly,1993-2016
C3S,BOM,dynamical,2026-07-01,2026-07,0,2.4057,0.8941,1.5116,ens_071,monthly,1993-2016
C3S,BOM,dynamical,2026-07-01,2026-08,1,3.0521,1.0211,2.0309,ens_071,monthly,1993-2016
C3S,BOM,dynamical,2026-07-01,2026-09,2,3.4062,1.1833,2.2229,ens_071,monthly,1993-2016
C3S,BOM,dynamical,2026-07-01,2026-10,3,3.5737,1.3098,2.2639,ens_071,monthly,1993-2016
C3S,BOM,dynamical,2026-07-01,2026-11,4,3.6788,1.4571,2.2217,ens_071,monthly,1993-2016
C3S,BOM,dynamical,2026-07-01,2026-12,5,3.5469,1.4243,2.1226,ens_071,monthly,1993-2016
C3S,BOM,dynamical,2026-07-01,2026-07,0,2.4821,0.9425,1.5396,ens_072,monthly,1993-2016
C3S,BOM,dynamical,2026-07-01,2026-08,1,3.1818,1.0793,2.1025,ens_072,monthly,1993-2016
C3S,BOM,dynamical,2026-07-01,2026-09,2,3.5666,1.2042,2.3624,ens_072,monthly,1993-2016
C3S,BOM,dynamical,2026-07-01,2026-10,3,3.697,1.2185,2.4785,ens_072,monthly,1993-2016
C3S,BOM,dynamical,2026-07-01,2026-11,4,3.9565,1.3127,2.6438,ens_072,monthly,1993-2016
C3S,BOM,dynamical,2026-07-01,2026-12,5,3.9189,1.4472,2.4717,ens_072,monthly,1993-2016
C3S,BOM,dynamical,2026-07-01,2026-07,0,2.4118,0.9464,1.4654,ens_073,monthly,1993-2016
C3S,BOM,dynamical,2026-07-01,2026-08,1,3.2545,1.0537,2.2008,ens_073,monthly,1993-2016
C3S,BOM,dynamical,2026-07-01,2026-09,2,3.6323,1.1725,2.4598,ens_073,monthly,1993-2016
C3S,BOM,dynamical,2026-07-01,2026-10,3,3.8137,1.2868,2.5269,ens_073,monthly,1993-2016
C3S,BOM,dynamical,2026-07-01,2026-11,4,3.7353,1.3491,2.3861,ens_073,monthly,1993-2016
C3S,BOM,dynamical,2026-07-01,2026-12,5,3.795,1.4345,2.3605,ens_073,monthly,1993-2016
C3S,BOM,dynamical,2026-07-01,2026-07,0,2.5051,0.9578,1.5473,ens_074,monthly,1993-2016
C3S,BOM,dynamical,2026-07-01,2026-08,1,3.1184,1.0528,2.0657,ens_074,monthly,1993-2016
C3S,BOM,dynamical,2026-07-01,2026-09,2,3.5259,1.1549,2.371,ens_074,monthly,1993-2016
C3S,BOM,dynamical,2026-07-01,2026-10,3,3.7339,1.2757,2.4582,ens_074,monthly,1993-2016
C3S,BOM,dynamical,2026-07-01,2026-11,4,3.898,1.3583,2.5397,ens_074,monthly,1993-2016
C3S,BOM,dynamical,2026-07-01,2026-12,5,3.8353,1.3728,2.4625,ens_074,monthly,1993-2016
C3S,BOM,dynamical,2026-07-01,2026-07,0,2.3854,0.8902,1.4952,ens_075,monthly,1993-2016
C3S,BOM,dynamical,2026-07-01,2026-08,1,2.9756,1.01,1.9657,ens_075,monthly,1993-2016
C3S,BOM,dynamical,2026-07-01,2026-09,2,3.2284,1.1125,2.1158,ens_075,monthly,1993-2016
C3S,BOM,dynamical,2026-07-01,2026-10,3,3.4268,1.3106,2.1162,ens_075,monthly,1993-2016
C3S,BOM,dynamical,2026-07-01,2026-11,4,3.5755,1.4015,2.174,ens_075,monthly,1993-2016
C3S,BOM,dynamical,2026-07-01,2026-12,5,3.5423,1.3544,2.188,ens_075,monthly,1993-2016
C3S,BOM,dynamical,2026-07-01,2026-07,0,2.4711,0.98,1.4911,ens_076,monthly,1993-2016
C3S,BOM,dynamical,2026-07-01,2026-08,1,3.2169,1.054,2.1628,ens_076,monthly,1993-2016
C3S,BOM,dynamical,2026-07-01,2026-09,2,3.5442,1.1462,2.3981,ens_076,monthly,1993-2016
C3S,BOM,dynamical,2026-07-01,2026-10,3,3.7283,1.361,2.3673,ens_076,monthly,1993-2016
C3S,BOM,dynamical,2026-07-01,2026-11,4,3.6301,1.4372,2.1929,ens_076,monthly,1993-2016
C3S,BOM,dynamical,2026-07-01,2026-12,5,3.772,1.4295,2.3425,ens_076,monthly,1993-2016
C3S,BOM,dynamical,2026-07-01,2026-07,0,2.4526,0.9446,1.508,ens_077,monthly,1993-2016
C3S,BOM,dynamical,2026-07-01,2026-08,1,3.0358,1.0199,2.0158,ens_077,monthly,1993-2016
C3S,BOM,dynamical,2026-07-01,2026-09,2,3.4226,1.1916,2.231,ens_077,monthly,1993-2016
C3S,BOM,dynamical,2026-07-01,2026-10,3,3.6099,1.1774,2.4325,ens_077,monthly,1993-2016
C3S,BOM,dynamical,2026-07-01,2026-11,4,3.6256,1.3409,2.2847,ens_077,monthly,1993-2016
C3S,BOM,dynamical,2026-07-01,2026-12,5,3.6228,1.3302,2.2926,ens_077,monthly,1993-2016
C3S,BOM,dynamical,2026-07-01,2026-07,0,2.4209,0.9882,1.4327,ens_078,monthly,1993-2016
C3S,BOM,dynamical,2026-07-01,2026-08,1,3.0964,1.1181,1.9783,ens_078,monthly,1993-2016
C3S,BOM,dynamical,2026-07-01,2026-09,2,3.5309,1.1947,2.3363,ens_078,monthly,1993-2016
C3S,BOM,dynamical,2026-07-01,2026-10,3,3.5792,1.323,2.2562,ens_078,monthly,1993-2016
C3S,BOM,dynamical,2026-07-01,2026-11,4,3.7037,1.3755,2.3282,ens_078,monthly,1993-2016
C3S,BOM,dynamical,2026-07-01,2026-12,5,3.7011,1.4158,2.2854,ens_078,monthly,1993-2016
C3S,BOM,dynamical,2026-07-01,2026-07,0,2.429,0.9313,1.4977,ens_079,monthly,1993-2016
C3S,BOM,dynamical,2026-07-01,2026-08,1,3.1891,1.049,2.1401,ens_079,monthly,1993-2016
C3S,BOM,dynamical,2026-07-01,2026-09,2,3.6316,1.1738,2.4578,ens_079,monthly,1993-2016
C3S,BOM,dynamical,2026-07-01,2026-10,3,3.6716,1.3315,2.3401,ens_079,monthly,1993-2016
C3S,BOM,dynamical,2026-07-01,2026-11,4,3.8444,1.4977,2.3467,ens_079,monthly,1993-2016
C3S,BOM,dynamical,2026-07-01,2026-12,5,3.912,1.532,2.38,ens_079,monthly,1993-2016
C3S,BOM,dynamical,2026-07-01,2026-07,0,2.4795,0.9109,1.5686,ens_080,monthly,1993-2016
C3S,BOM,dynamical,2026-07-01,2026-08,1,3.1242,1.0387,2.0855,ens_080,monthly,1993-2016
C3S,BOM,dynamical,2026-07-01,2026-09,2,3.4749,1.1729,2.302,ens_080,monthly,1993-2016
C3S,BOM,dynamical,2026-07-01,2026-10,3,3.5521,1.2644,2.2877,ens_080,monthly,1993-2016
C3S,BOM,dynamical,2026-07-01,2026-11,4,3.4302,1.3978,2.0324,ens_080,monthly,1993-2016
C3S,BOM,dynamical,2026-07-01,2026-12,5,3.3748,1.4806,1.8942,ens_080,monthly,1993-2016
C3S,BOM,dynamical,2026-07-01,2026-07,0,2.4788,0.9497,1.5291,ens_081,monthly,1993-2016
C3S,BOM,dynamical,2026-07-01,2026-08,1,3.1743,1.1081,2.0662,ens_081,monthly,1993-2016
C3S,BOM,dynamical,2026-07-01,2026-09,2,3.3558,1.1434,2.2124,ens_081,monthly,1993-2016
C3S,BOM,dynamical,2026-07-01,2026-10,3,3.6569,1.2781,2.3788,ens_081,monthly,1993-2016
C3S,BOM,dynamical,2026-07-01,2026-11,4,3.7492,1.3557,2.3935,ens_081,monthly,1993-2016
C3S,BOM,dynamical,2026-07-01,2026-12,5,3.5616,1.4802,2.0814,ens_081,monthly,1993-2016
C3S,BOM,dynamical,2026-07-01,2026-07,0,2.3994,0.9392,1.4601,ens_082,monthly,1993-2016
C3S,BOM,dynamical,2026-07-01,2026-08,1,2.9434,1.0679,1.8755,ens_082,monthly,1993-2016
C3S,BOM,dynamical,2026-07-01,2026-09,2,3.3688,1.1191,2.2497,ens_082,monthly,1993-2016
C3S,BOM,dynamical,2026-07-01,2026-10,3,3.5503,1.23,2.3203,ens_082,monthly,1993-2016
C3S,BOM,dynamical,2026-07-01,2026-11,4,3.4829,1.3799,2.103,ens_082,monthly,1993-2016
C3S,BOM,dynamical,2026-07-01,2026-12,5,3.4515,1.4607,1.9908,ens_082,monthly,1993-2016
C3S,BOM,dynamical,2026-07-01,2026-07,0,2.405,0.9962,1.4088,ens_083,monthly,1993-2016
C3S,BOM,dynamical,2026-07-01,2026-08,1,2.9811,1.024,1.9571,ens_083,monthly,1993-2016
C3S,BOM,dynamical,2026-07-01,2026-09,2,3.5707,1.145,2.4257,ens_083,monthly,1993-2016
C3S,BOM,dynamical,2026-07-01,2026-10,3,3.8491,1.2789,2.5702,ens_083,monthly,1993-2016
C3S,BOM,dynamical,2026-07-01,2026-11,4,4.0389,1.4318,2.6071,ens_083,monthly,1993-2016
C3S,BOM,dynamical,2026-07-01,2026-12,5,4.0823,1.515,2.5673,ens_083,monthly,1993-2016
C3S,BOM,dynamical,2026-07-01,2026-07,0,2.437,0.9575,1.4796,ens_084,monthly,1993-2016
C3S,BOM,dynamical,2026-07-01,2026-08,1,3.1771,1.1352,2.0419,ens_084,monthly,1993-2016
C3S,BOM,dynamical,2026-07-01,2026-09,2,3.5837,1.2105,2.3732,ens_084,monthly,1993-2016
C3S,BOM,dynamical,2026-07-01,2026-10,3,3.7943,1.3307,2.4635,ens_084,monthly,1993-2016
C3S,BOM,dynamical,2026-07-01,2026-11,4,3.7337,1.4434,2.2903,ens_084,monthly,1993-2016
C3S,BOM,dynamical,2026-07-01,2026-12,5,3.6553,1.4598,2.1955,ens_084,monthly,1993-2016
C3S,BOM,dynamical,2026-07-01,2026-07,0,2.3963,0.9247,1.4716,ens_085,monthly,1993-2016
C3S,BOM,dynamical,2026-07-01,2026-08,1,2.9302,1.0543,1.8759,ens_085,monthly,1993-2016
C3S,BOM,dynamical,2026-07-01,2026-09,2,3.1465,1.0851,2.0614,ens_085,monthly,1993-2016
C3S,BOM,dynamical,2026-07-01,2026-10,3,3.3672,1.1693,2.1979,ens_085,monthly,1993-2016
C3S,BOM,dynamical,2026-07-01,2026-11,4,3.4683,1.1555,2.3128,ens_085,monthly,1993-2016
C3S,BOM,dynamical,2026-07-01,2026-12,5,3.4028,1.2135,2.1893,ens_085,monthly,1993-2016
C3S,BOM,dynamical,2026-07-01,2026-07,0,2.4474,0.9535,1.4939,ens_086,monthly,1993-2016
C3S,BOM,dynamical,2026-07-01,2026-08,1,3.0734,1.0259,2.0475,ens_086,monthly,1993-2016
C3S,BOM,dynamical,2026-07-01,2026-09,2,3.3815,1.0926,2.2888,ens_086,monthly,1993-2016
C3S,BOM,dynamical,2026-07-01,2026-10,3,3.5603,1.1378,2.4225,ens_086,monthly,1993-2016
C3S,BOM,dynamical,2026-07-01,2026-11,4,3.6357,1.2163,2.4193,ens_086,monthly,1993-2016
C3S,BOM,dynamical,2026-07-01,2026-12,5,3.7862,1.3021,2.4842,ens_086,monthly,1993-2016
C3S,BOM,dynamical,2026-07-01,2026-07,0,2.4862,0.922,1.5642,ens_087,monthly,1993-2016
C3S,BOM,dynamical,2026-07-01,2026-08,1,2.9858,1.0815,1.9043,ens_087,monthly,1993-2016
C3S,BOM,dynamical,2026-07-01,2026-09,2,3.2626,1.1484,2.1143,ens_087,monthly,1993-2016
C3S,BOM,dynamical,2026-07-01,2026-10,3,3.4614,1.2321,2.2293,ens_087,monthly,1993-2016
C3S,BOM,dynamical,2026-07-01,2026-11,4,3.5424,1.3401,2.2022,ens_087,monthly,1993-2016
C3S,BOM,dynamical,2026-07-01,2026-12,5,3.477,1.4235,2.0536,ens_087,monthly,1993-2016
C3S,BOM,dynamical,2026-07-01,2026-07,0,2.3398,0.9822,1.3576,ens_088,monthly,1993-2016
C3S,BOM,dynamical,2026-07-01,2026-08,1,3.0408,1.0543,1.9865,ens_088,monthly,1993-2016
C3S,BOM,dynamical,2026-07-01,2026-09,2,3.5656,1.2266,2.339,ens_088,monthly,1993-2016
C3S,BOM,dynamical,2026-07-01,2026-10,3,3.8907,1.3157,2.575,ens_088,monthly,1993-2016
C3S,BOM,dynamical,2026-07-01,2026-11,4,3.7463,1.4708,2.2756,ens_088,monthly,1993-2016
C3S,BOM,dynamical,2026-07-01,2026-12,5,3.9928,1.5667,2.4261,ens_088,monthly,1993-2016
C3S,BOM,dynamical,2026-07-01,2026-07,0,2.4752,0.9511,1.5241,ens_089,monthly,1993-2016
C3S,BOM,dynamical,2026-07-01,2026-08,1,3.315,1.0977,2.2173,ens_089,monthly,1993-2016
C3S,BOM,dynamical,2026-07-01,2026-09,2,3.5903,1.2513,2.339,ens_089,monthly,1993-2016
C3S,BOM,dynamical,2026-07-01,2026-10,3,3.7844,1.328,2.4564,ens_089,monthly,1993-2016
C3S,BOM,dynamical,2026-07-01,2026-11,4,3.6576,1.3737,2.2839,ens_089,monthly,1993-2016
C3S,BOM,dynamical,2026-07-01,2026-12,5,3.5398,1.4369,2.1029,ens_089,monthly,1993-2016
C3S,BOM,dynamical,2026-07-01,2026-07,0,2.4258,0.9636,1.4621,ens_090,monthly,1993-2016
C3S,BOM,dynamical,2026-07-01,2026-08,1,3.1704,1.0767,2.0937,ens_090,monthly,1993-2016
C3S,BOM,dynamical,2026-07-01,2026-09,2,3.5157,1.1675,2.3483,ens_090,monthly,1993-2016
C3S,BOM,dynamical,2026-07-01,2026-10,3,3.5992,1.2841,2.3151,ens_090,monthly,1993-2016
C3S,BOM,dynamical,2026-07-01,2026-11,4,3.6114,1.3745,2.2369,ens_090,monthly,1993-2016
C3S,BOM,dynamical,2026-07-01,2026-12,5,3.7373,1.3996,2.3377,ens_090,monthly,1993-2016
C3S,BOM,dynamical,2026-07-01,2026-07,0,2.3748,0.9724,1.4024,ens_091,monthly,1993-2016
C3S,BOM,dynamical,2026-07-01,2026-08,1,3.0112,1.0546,1.9565,ens_091,monthly,1993-2016
C3S,BOM,dynamical,2026-07-01,2026-09,2,3.1842,1.1456,2.0386,ens_091,monthly,1993-2016
C3S,BOM,dynamical,2026-07-01,2026-10,3,3.3051,1.239,2.0661,ens_091,monthly,1993-2016
C3S,BOM,dynamical,2026-07-01,2026-11,4,3.36,1.3005,2.0595,ens_091,monthly,1993-2016
C3S,BOM,dynamical,2026-07-01,2026-12,5,3.4648,1.4047,2.0601,ens_091,monthly,1993-2016
C3S,BOM,dynamical,2026-07-01,2026-07,0,2.3761,0.9956,1.3804,ens_092,monthly,1993-2016
C3S,BOM,dynamical,2026-07-01,2026-08,1,3.0671,1.0605,2.0066,ens_092,monthly,1993-2016
C3S,BOM,dynamical,2026-07-01,2026-09,2,3.2527,1.0922,2.1605,ens_092,monthly,1993-2016
C3S,BOM,dynamical,2026-07-01,2026-10,3,3.1972,1.0922,2.105,ens_092,monthly,1993-2016
C3S,BOM,dynamical,2026-07-01,2026-11,4,3.2174,1.1794,2.038,ens_092,monthly,1993-2016
C3S,BOM,dynamical,2026-07-01,2026-12,5,3.4181,1.2374,2.1807,ens_092,monthly,1993-2016
C3S,BOM,dynamical,2026-07-01,2026-07,0,2.3392,0.9422,1.397,ens_093,monthly,1993-2016
C3S,BOM,dynamical,2026-07-01,2026-08,1,2.9251,1.034,1.8911,ens_093,monthly,1993-2016
C3S,BOM,dynamical,2026-07-01,2026-09,2,3.2696,1.1198,2.1498,ens_093,monthly,1993-2016
C3S,BOM,dynamical,2026-07-01,2026-10,3,3.4342,1.163,2.2713,ens_093,monthly,1993-2016
C3S,BOM,dynamical,2026-07-01,2026-11,4,3.4942,1.2583,2.2359,ens_093,monthly,1993-2016
C3S,BOM,dynamical,2026-07-01,2026-12,5,3.5332,1.3554,2.1778,ens_093,monthly,1993-2016
C3S,BOM,dynamical,2026-07-01,2026-07,0,2.2965,0.9555,1.341,ens_094,monthly,1993-2016
C3S,BOM,dynamical,2026-07-01,2026-08,1,3.0242,1.0981,1.9261,ens_094,monthly,1993-2016
C3S,BOM,dynamical,2026-07-01,2026-09,2,3.4494,1.17,2.2794,ens_094,monthly,1993-2016
C3S,BOM,dynamical,2026-07-01,2026-10,3,3.9128,1.2626,2.6502,ens_094,monthly,1993-2016
C3S,BOM,dynamical,2026-07-01,2026-11,4,3.7285,1.4191,2.3094,ens_094,monthly,1993-2016
C3S,BOM,dynamical,2026-07-01,2026-12,5,3.7392,1.4758,2.2634,ens_094,monthly,1993-2016
C3S,BOM,dynamical,2026-07-01,2026-07,0,2.4094,0.971,1.4383,ens_095,monthly,1993-2016
C3S,BOM,dynamical,2026-07-01,2026-08,1,3.0925,1.0871,2.0054,ens_095,monthly,1993-2016
C3S,BOM,dynamical,2026-07-01,2026-09,2,3.5316,1.1853,2.3464,ens_095,monthly,1993-2016
C3S,BOM,dynamical,2026-07-01,2026-10,3,3.8223,1.2514,2.5708,ens_095,monthly,1993-2016
C3S,BOM,dynamical,2026-07-01,2026-11,4,3.8546,1.3585,2.4961,ens_095,monthly,1993-2016
C3S,BOM,dynamical,2026-07-01,2026-12,5,3.8743,1.4843,2.39,ens_095,monthly,1993-2016
C3S,BOM,dynamical,2026-07-01,2026-07,0,2.3585,0.9538,1.4047,ens_096,monthly,1993-2016
C3S,BOM,dynamical,2026-07-01,2026-08,1,3.058,1.0495,2.0085,ens_096,monthly,1993-2016
C3S,BOM,dynamical,2026-07-01,2026-09,2,3.4442,1.1804,2.2638,ens_096,monthly,1993-2016
C3S,BOM,dynamical,2026-07-01,2026-10,3,3.703,1.2876,2.4153,ens_096,monthly,1993-2016
C3S,BOM,dynamical,2026-07-01,2026-11,4,3.8933,1.3447,2.5486,ens_096,monthly,1993-2016
C3S,BOM,dynamical,2026-07-01,2026-12,5,3.7992,1.3749,2.4243,ens_096,monthly,1993-2016
C3S,BOM,dynamical,2026-07-01,2026-07,0,2.3506,0.9301,1.4204,ens_097,monthly,1993-2016
C3S,BOM,dynamical,2026-07-01,2026-08,1,3.09,0.999,2.091,ens_097,monthly,1993-2016
C3S,BOM,dynamical,2026-07-01,2026-09,2,3.6352,1.2246,2.4106,ens_097,monthly,1993-2016
C3S,BOM,dynamical,2026-07-01,2026-10,3,3.7999,1.3271,2.4727,ens_097,monthly,1993-2016
C3S,BOM,dynamical,2026-07-01,2026-11,4,4.0898,1.5497,2.5402,ens_097,monthly,1993-2016
C3S,BOM,dynamical,2026-07-01,2026-12,5,3.5559,1.5671,1.9888,ens_097,monthly,1993-2016
C3S,BOM,dynamical,2026-07-01,2026-07,0,2.3887,0.968,1.4207,ens_098,monthly,1993-2016
C3S,BOM,dynamical,2026-07-01,2026-08,1,3.1681,1.0839,2.0842,ens_098,monthly,1993-2016
C3S,BOM,dynamical,2026-07-01,2026-09,2,3.5287,1.1578,2.3709,ens_098,monthly,1993-2016
C3S,BOM,dynamical,2026-07-01,2026-10,3,3.5965,1.2005,2.396,ens_098,monthly,1993-2016
C3S,BOM,dynamical,2026-07-01,2026-11,4,3.6761,1.2838,2.3923,ens_098,monthly,1993-2016
C3S,BOM,dynamical,2026-07-01,2026-12,5,3.5815,1.3349,2.2467,ens_098,monthly,1993-2016
C3S,BOM,dynamical,2026-07-01,2026-07,0,2.3896,0.9244,1.4652,ens_099,monthly,1993-2016
C3S,BOM,dynamical,2026-07-01,2026-08,1,3.1112,1.0837,2.0275,ens_099,monthly,1993-2016
C3S,BOM,dynamical,2026-07-01,2026-09,2,3.4675,1.19,2.2774,ens_099,monthly,1993-2016
C3S,BOM,dynamical,2026-07-01,2026-10,3,3.8446,1.3488,2.4958,ens_099,monthly,1993-2016
C3S,BOM,dynamical,2026-07-01,2026-11,4,3.8325,1.3366,2.4959,ens_099,monthly,1993-2016
C3S,BOM,dynamical,2026-07-01,2026-12,5,3.6616,1.3673,2.2943,ens_099,monthly,1993-2016
C3S,BOM,dynamical,2026-07-01,2026-07,0,2.3031,0.9977,1.3054,ens_100,monthly,1993-2016
C3S,BOM,dynamical,2026-07-01,2026-08,1,2.9721,1.1451,1.827,ens_100,monthly,1993-2016
C3S,BOM,dynamical,2026-07-01,2026-09,2,3.3796,1.2674,2.1122,ens_100,monthly,1993-2016
C3S,BOM,dynamical,2026-07-01,2026-10,3,3.7874,1.333,2.4544,ens_100,monthly,1993-2016
C3S,BOM,dynamical,2026-07-01,2026-11,4,3.7435,1.3978,2.3457,ens_100,monthly,1993-2016
C3S,BOM,dynamical,2026-07-01,2026-12,5,3.7425,1.5333,2.2092,ens_100,monthly,1993-2016
C3S,BOM,dynamical,2026-07-01,2026-07,0,2.299,0.9581,1.3409,ens_101,monthly,1993-2016
C3S,BOM,dynamical,2026-07-01,2026-08,1,2.8782,1.063,1.8151,ens_101,monthly,1993-2016
C3S,BOM,dynamical,2026-07-01,2026-09,2,3.1275,1.1247,2.0028,ens_101,monthly,1993-2016
C3S,BOM,dynamical,2026-07-01,2026-10,3,3.1712,1.1568,2.0144,ens_101,monthly,1993-2016
C3S,BOM,dynamical,2026-07-01,2026-11,4,3.4486,1.2333,2.2153,ens_101,monthly,1993-2016
C3S,BOM,dynamical,2026-07-01,2026-12,5,3.5601,1.2445,2.3156,ens_101,monthly,1993-2016
C3S,BOM,dynamical,2026-07-01,2026-07,0,2.4817,1.0031,1.4786,ens_102,monthly,1993-2016
C3S,BOM,dynamical,2026-07-01,2026-08,1,3.1029,1.0811,2.0219,ens_102,monthly,1993-2016
C3S,BOM,dynamical,2026-07-01,2026-09,2,3.5786,1.1612,2.4174,ens_102,monthly,1993-2016
C3S,BOM,dynamical,2026-07-01,2026-10,3,3.8023,1.2736,2.5287,ens_102,monthly,1993-2016
C3S,BOM,dynamical,2026-07-01,2026-11,4,3.831,1.304,2.527,ens_102,monthly,1993-2016
C3S,BOM,dynamical,2026-07-01,2026-12,5,3.7102,1.4524,2.2579,ens_102,monthly,1993-2016
C3S,BOM,dynamical,2026-07-01,2026-07,0,2.3322,0.9403,1.3919,ens_103,monthly,1993-2016
C3S,BOM,dynamical,2026-07-01,2026-08,1,2.9114,1.0362,1.8752,ens_103,monthly,1993-2016
C3S,BOM,dynamical,2026-07-01,2026-09,2,3.1798,1.1415,2.0382,ens_103,monthly,1993-2016
C3S,BOM,dynamical,2026-07-01,2026-10,3,3.3228,1.2083,2.1145,ens_103,monthly,1993-2016
C3S,BOM,dynamical,2026-07-01,2026-11,4,3.5275,1.2562,2.2713,ens_103,monthly,1993-2016
C3S,BOM,dynamical,2026-07-01,2026-12,5,3.5993,1.34,2.2593,ens_103,monthly,1993-2016
C3S,BOM,dynamical,2026-07-01,2026-07,0,2.324,0.9277,1.3964,ens_104,monthly,1993-2016
C3S,BOM,dynamical,2026-07-01,2026-08,1,2.6216,0.967,1.6546,ens_104,monthly,1993-2016
C3S,BOM,dynamical,2026-07-01,2026-09,2,2.823,1.0042,1.8188,ens_104,monthly,1993-2016
C3S,BOM,dynamical,2026-07-01,2026-10,3,2.9972,1.0527,1.9446,ens_104,monthly,1993-2016
C3S,BOM,dynamical,2026-07-01,2026-11,4,3.2563,1.1191,2.1372,ens_104,monthly,1993-2016
C3S,BOM,dynamical,2026-07-01,2026-12,5,3.1897,1.1936,1.9961,ens_104,monthly,1993-2016
C3S,BOM,dynamical,2026-07-01,2026-07,0,2.3177,0.9517,1.366,ens_105,monthly,1993-2016
C3S,BOM,dynamical,2026-07-01,2026-08,1,2.8435,1.0464,1.7971,ens_105,monthly,1993-2016
C3S,BOM,dynamical,2026-07-01,2026-09,2,3.1357,1.1101,2.0256,ens_105,monthly,1993-2016
C3S,BOM,dynamical,2026-07-01,2026-10,3,3.4537,1.3045,2.1492,ens_105,monthly,1993-2016
C3S,BOM,dynamical,2026-07-01,2026-11,4,3.6139,1.3461,2.2678,ens_105,monthly,1993-2016
C3S,BOM,dynamical,2026-07-01,2026-12,5,3.5914,1.3919,2.1995,ens_105,monthly,1993-2016
C3S,BOM,dynamical,2026-07-01,2026-07,0,2.4192,0.9221,1.4971,ens_106,monthly,1993-2016
C3S,BOM,dynamical,2026-07-01,2026-08,1,3.0195,1.0115,2.0081,ens_106,monthly,1993-2016
C3S,BOM,dynamical,2026-07-01,2026-09,2,3.233,1.1971,2.0359,ens_106,monthly,1993-2016
C3S,BOM,dynamical,2026-07-01,2026-10,3,3.313,1.2739,2.0391,ens_106,monthly,1993-2016
C3S,BOM,dynamical,2026-07-01,2026-11,4,3.3899,1.4317,1.9581,ens_106,monthly,1993-2016
C3S,BOM,dynamical,2026-07-01,2026-12,5,3.3112,1.3896,1.9216,ens_106,monthly,1993-2016
C3S,BOM,dynamical,2026-07-01,2026-07,0,2.4366,0.9533,1.4832,ens_107,monthly,1993-2016
C3S,BOM,dynamical,2026-07-01,2026-08,1,3.0727,1.0705,2.0023,ens_107,monthly,1993-2016
C3S,BOM,dynamical,2026-07-01,2026-09,2,3.313,1.2176,2.0954,ens_107,monthly,1993-2016
C3S,BOM,dynamical,2026-07-01,2026-10,3,3.5932,1.2617,2.3315,ens_107,monthly,1993-2016
C3S,BOM,dynamical,2026-07-01,2026-11,4,3.7536,1.3708,2.3828,ens_107,monthly,1993-2016
C3S,BOM,dynamical,2026-07-01,2026-12,5,3.6708,1.3138,2.357,ens_107,monthly,1993-2016
C3S,BOM,dynamical,2026-07-01,2026-07,0,2.39,0.9135,1.4765,ens_108,monthly,1993-2016
C3S,BOM,dynamical,2026-07-01,2026-08,1,3.1319,1.0247,2.1073,ens_108,monthly,1993-2016
C3S,BOM,dynamical,2026-07-01,2026-09,2,3.3222,1.1203,2.2019,ens_108,monthly,1993-2016
C3S,BOM,dynamical,2026-07-01,2026-10,3,3.6156,1.2574,2.3582,ens_108,monthly,1993-2016
C3S,BOM,dynamical,2026-07-01,2026-11,4,3.6286,1.3904,2.2382,ens_108,monthly,1993-2016
C3S,BOM,dynamical,2026-07-01,2026-12,5,3.6213,1.4657,2.1557,ens_108,monthly,1993-2016
C3S,BOM,dynamical,2026-07-01,2026-07,0,2.3219,0.9408,1.3812,ens_109,monthly,1993-2016
C3S,BOM,dynamical,2026-07-01,2026-08,1,3.0249,1.0315,1.9934,ens_109,monthly,1993-2016
C3S,BOM,dynamical,2026-07-01,2026-09,2,3.1717,1.1063,2.0654,ens_109,monthly,1993-2016
C3S,BOM,dynamical,2026-07-01,2026-10,3,3.5942,1.2226,2.3716,ens_109,monthly,1993-2016
C3S,BOM,dynamical,2026-07-01,2026-11,4,3.8418,1.2968,2.545,ens_109,monthly,1993-2016
C3S,BOM,dynamical,2026-07-01,2026-12,5,3.7264,1.3034,2.423,ens_109,monthly,1993-2016
C3S,BOM,dynamical,2026-07-01,2026-07,0,2.3633,0.9331,1.4301,ens_110,monthly,1993-2016
C3S,BOM,dynamical,2026-07-01,2026-08,1,3.1221,1.0888,2.0333,ens_110,monthly,1993-2016
C3S,BOM,dynamical,2026-07-01,2026-09,2,3.4269,1.1562,2.2707,ens_110,monthly,1993-2016
C3S,BOM,dynamical,2026-07-01,2026-10,3,3.4973,1.2146,2.2827,ens_110,monthly,1993-2016
C3S,BOM,dynamical,2026-07-01,2026-11,4,3.5801,1.2846,2.2956,ens_110,monthly,1993-2016
C3S,BOM,dynamical,2026-07-01,2026-12,5,3.6043,1.3873,2.217,ens_110,monthly,1993-2016
C3S,BOM,dynamical,2026-07-01,2026-07,0,2.3294,0.9358,1.3936,ens_111,monthly,1993-2016
C3S,BOM,dynamical,2026-07-01,2026-08,1,2.9655,1.0742,1.8913,ens_111,monthly,1993-2016
C3S,BOM,dynamical,2026-07-01,2026-09,2,3.4725,1.2255,2.2471,ens_111,monthly,1993-2016
C3S,BOM,dynamical,2026-07-01,2026-10,3,3.9196,1.3831,2.5365,ens_111,monthly,1993-2016
C3S,BOM,dynamical,2026-07-01,2026-11,4,3.9359,1.4729,2.4629,ens_111,monthly,1993-2016
C3S,BOM,dynamical,2026-07-01,2026-12,5,3.7169,1.3432,2.3737,ens_111,monthly,1993-2016
C3S,BOM,dynamical,2026-07-01,2026-07,0,2.3387,0.9109,1.4278,ens_112,monthly,1993-2016
C3S,BOM,dynamical,2026-07-01,2026-08,1,2.8781,1.0459,1.8322,ens_112,monthly,1993-2016
C3S,BOM,dynamical,2026-07-01,2026-09,2,3.0667,1.1538,1.9128,ens_112,monthly,1993-2016
C3S,BOM,dynamical,2026-07-01,2026-10,3,3.3875,1.2587,2.1288,ens_112,monthly,1993-2016
C3S,BOM,dynamical,2026-07-01,2026-11,4,3.4254,1.3566,2.0688,ens_112,monthly,1993-2016
C3S,BOM,dynamical,2026-07-01,2026-12,5,3.4186,1.4102,2.0084,ens_112,monthly,1993-2016
C3S,BOM,dynamical,2026-07-01,2026-07,0,2.2614,0.9243,1.3371,ens_113,monthly,1993-2016
C3S,BOM,dynamical,2026-07-01,2026-08,1,2.9488,1.1149,1.8338,ens_113,monthly,1993-2016
C3S,BOM,dynamical,2026-07-01,2026-09,2,3.3846,1.2497,2.135,ens_113,monthly,1993-2016
C3S,BOM,dynamical,2026-07-01,2026-10,3,3.6315,1.349,2.2825,ens_113,monthly,1993-2016
C3S,BOM,dynamical,2026-07-01,2026-11,4,3.5191,1.3988,2.1202,ens_113,monthly,1993-2016
C3S,BOM,dynamical,2026-07-01,2026-12,5,3.6815,1.4319,2.2496,ens_113,monthly,1993-2016
C3S,BOM,dynamical,2026-07-01,2026-07,0,2.318,0.89,1.428,ens_114,monthly,1993-2016
C3S,BOM,dynamical,2026-07-01,2026-08,1,2.8804,0.9991,1.8813,ens_114,monthly,1993-2016
C3S,BOM,dynamical,2026-07-01,2026-09,2,3.3037,1.1101,2.1936,ens_114,monthly,1993-2016
C3S,BOM,dynamical,2026-07-01,2026-10,3,3.4856,1.1915,2.2941,ens_114,monthly,1993-2016
C3S,BOM,dynamical,2026-07-01,2026-11,4,3.597,1.3362,2.2608,ens_114,monthly,1993-2016
C3S,BOM,dynamical,2026-07-01,2026-12,5,3.7565,1.4647,2.2918,ens_114,monthly,1993-2016
C3S,BOM,dynamical,2026-07-01,2026-07,0,2.3343,0.9133,1.421,ens_115,monthly,1993-2016
C3S,BOM,dynamical,2026-07-01,2026-08,1,2.9013,1.0285,1.8729,ens_115,monthly,1993-2016
C3S,BOM,dynamical,2026-07-01,2026-09,2,3.4847,1.1884,2.2963,ens_115,monthly,1993-2016
C3S,BOM,dynamical,2026-07-01,2026-10,3,3.7945,1.2483,2.5462,ens_115,monthly,1993-2016
C3S,BOM,dynamical,2026-07-01,2026-11,4,3.823,1.3882,2.4348,ens_115,monthly,1993-2016
C3S,BOM,dynamical,2026-07-01,2026-12,5,3.7663,1.3959,2.3704,ens_115,monthly,1993-2016
C3S,BOM,dynamical,2026-07-01,2026-07,0,2.3795,0.9202,1.4593,ens_116,monthly,1993-2016
C3S,BOM,dynamical,2026-07-01,2026-08,1,3.0005,1.0407,1.9598,ens_116,monthly,1993-2016
C3S,BOM,dynamical,2026-07-01,2026-09,2,3.3451,1.1933,2.1518,ens_116,monthly,1993-2016
C3S,BOM,dynamical,2026-07-01,2026-10,3,3.425,1.2243,2.2006,ens_116,monthly,1993-2016
C3S,BOM,dynamical,2026-07-01,2026-11,4,3.4689,1.2689,2.2,ens_116,monthly,1993-2016
C3S,BOM,dynamical,2026-07-01,2026-12,5,3.504,1.3098,2.1943,ens_116,monthly,1993-2016
C3S,BOM,dynamical,2026-07-01,2026-07,0,2.3198,0.9107,1.4091,ens_117,monthly,1993-2016
C3S,BOM,dynamical,2026-07-01,2026-08,1,2.9889,1.0185,1.9704,ens_117,monthly,1993-2016
C3S,BOM,dynamical,2026-07-01,2026-09,2,3.3582,1.132,2.2261,ens_117,monthly,1993-2016
C3S,BOM,dynamical,2026-07-01,2026-10,3,3.6232,1.199,2.4242,ens_117,monthly,1993-2016
C3S,BOM,dynamical,2026-07-01,2026-11,4,3.8164,1.279,2.5373,ens_117,monthly,1993-2016
C3S,BOM,dynamical,2026-07-01,2026-12,5,3.5366,1.3341,2.2025,ens_117,monthly,1993-2016
C3S,BOM,dynamical,2026-07-01,2026-07,0,2.3145,0.949,1.3655,ens_118,monthly,1993-2016
C3S,BOM,dynamical,2026-07-01,2026-08,1,3.0334,1.0983,1.9352,ens_118,monthly,1993-2016
C3S,BOM,dynamical,2026-07-01,2026-09,2,3.4515,1.2531,2.1984,ens_118,monthly,1993-2016
C3S,BOM,dynamical,2026-07-01,2026-10,3,3.4052,1.3463,2.0589,ens_118,monthly,1993-2016
C3S,BOM,dynamical,2026-07-01,2026-11,4,3.6521,1.4021,2.2501,ens_118,monthly,1993-2016
C3S,BOM,dynamical,2026-07-01,2026-12,5,3.6307,1.4856,2.1451,ens_118,monthly,1993-2016
C3S,BOM,dynamical,2026-07-01,2026-07,0,2.308,0.8964,1.4116,ens_119,monthly,1993-2016
C3S,BOM,dynamical,2026-07-01,2026-08,1,2.8153,1.0106,1.8048,ens_119,monthly,1993-2016
C3S,BOM,dynamical,2026-07-01,2026-09,2,3.2163,1.1655,2.0508,ens_119,monthly,1993-2016
C3S,BOM,dynamical,2026-07-01,2026-10,3,3.3138,1.3108,2.003,ens_119,monthly,1993-2016
C3S,BOM,dynamical,2026-07-01,2026-11,4,3.5349,1.3661,2.1688,ens_119,monthly,1993-2016
C3S,BOM,dynamical,2026-07-01,2026-12,5,3.5763,1.455,2.1213,ens_119,monthly,1993-2016
C3S,BOM,dynamical,2026-07-01,2026-07,0,2.2466,0.9392,1.3074,ens_120,monthly,1993-2016
C3S,BOM,dynamical,2026-07-01,2026-08,1,2.8701,1.0437,1.8264,ens_120,monthly,1993-2016
C3S,BOM,dynamical,2026-07-01,2026-09,2,3.2747,1.1219,2.1527,ens_120,monthly,1993-2016
C3S,BOM,dynamical,2026-07-01,2026-10,3,3.7532,1.2481,2.5051,ens_120,monthly,1993-2016
C3S,BOM,dynamical,2026-07-01,2026-11,4,3.5721,1.26,2.3121,ens_120,monthly,1993-2016
C3S,BOM,dynamical,2026-07-01,2026-12,5,3.5836,1.3803,2.2033,ens_120,monthly,1993-2016
C3S,BOM,dynamical,2026-07-01,2026-07,0,2.4016,0.9351,1.4665,mean,monthly,1993-2016
C3S,BOM,dynamical,2026-07-01,2026-08,1,3.0825,1.0627,2.0199,mean,monthly,1993-2016
C3S,BOM,dynamical,2026-07-01,2026-09,2,3.428,1.1743,2.2537,mean,monthly,1993-2016
C3S,BOM,dynamical,2026-07-01,2026-10,3,3.6236,1.2763,2.3473,mean,monthly,1993-2016
C3S,BOM,dynamical,2026-07-01,2026-11,4,3.6842,1.3678,2.3164,mean,monthly,1993-2016
C3S,BOM,dynamical,2026-07-01,2026-12,5,3.6228,1.4205,2.2022,mean,monthly,1993-2016
