source,model,model_type,init_date,target_month,lead_months,nino34_anom,tropical_mean_anom,roni_anom,member_id,temporal_resolution,anomaly_base_period
C3S,ECMWF,dynamical,2026-10-01,2026-10,0,3.5304,1.0942,2.4362,ens_000,monthly,1993-2016
C3S,ECMWF,dynamical,2026-10-01,2026-11,1,3.9552,1.2865,2.6687,ens_000,monthly,1993-2016
C3S,ECMWF,dynamical,2026-10-01,2026-12,2,3.9764,1.347,2.6294,ens_000,monthly,1993-2016
C3S,ECMWF,dynamical,2026-10-01,2027-01,3,3.7031,1.3627,2.3404,ens_000,monthly,1993-2016
C3S,ECMWF,dynamical,2026-10-01,2027-02,4,3.2297,1.3089,1.9208,ens_000,monthly,1993-2016
C3S,ECMWF,dynamical,2026-10-01,2027-03,5,2.9808,1.354,1.6269,ens_000,monthly,1993-2016
C3S,ECMWF,dynamical,2026-10-01,2026-10,0,3.5204,1.0834,2.437,ens_001,monthly,1993-2016
C3S,ECMWF,dynamical,2026-10-01,2026-11,1,3.9529,1.1837,2.7692,ens_001,monthly,1993-2016
C3S,ECMWF,dynamical,2026-10-01,2026-12,2,4.0232,1.295,2.7282,ens_001,monthly,1993-2016
C3S,ECMWF,dynamical,2026-10-01,2027-01,3,4.112,1.3644,2.7477,ens_001,monthly,1993-2016
C3S,ECMWF,dynamical,2026-10-01,2027-02,4,3.5765,1.4097,2.1668,ens_001,monthly,1993-2016
C3S,ECMWF,dynamical,2026-10-01,2027-03,5,2.8633,1.3725,1.4908,ens_001,monthly,1993-2016
C3S,ECMWF,dynamical,2026-10-01,2026-10,0,3.5729,1.1144,2.4586,ens_002,monthly,1993-2016
C3S,ECMWF,dynamical,2026-10-01,2026-11,1,4.0677,1.2491,2.8185,ens_002,monthly,1993-2016
C3S,ECMWF,dynamical,2026-10-01,2026-12,2,4.3044,1.345,2.9594,ens_002,monthly,1993-2016
C3S,ECMWF,dynamical,2026-10-01,2027-01,3,4.1244,1.4194,2.705,ens_002,monthly,1993-2016
C3S,ECMWF,dynamical,2026-10-01,2027-02,4,4.0741,1.477,2.597,ens_002,monthly,1993-2016
C3S,ECMWF,dynamical,2026-10-01,2027-03,5,3.6811,1.4662,2.2149,ens_002,monthly,1993-2016
C3S,ECMWF,dynamical,2026-10-01,2026-10,0,3.5939,1.0805,2.5135,ens_003,monthly,1993-2016
C3S,ECMWF,dynamical,2026-10-01,2026-11,1,3.9856,1.2284,2.7572,ens_003,monthly,1993-2016
C3S,ECMWF,dynamical,2026-10-01,2026-12,2,4.1436,1.3507,2.7928,ens_003,monthly,1993-2016
C3S,ECMWF,dynamical,2026-10-01,2027-01,3,4.0423,1.3552,2.6871,ens_003,monthly,1993-2016
C3S,ECMWF,dynamical,2026-10-01,2027-02,4,3.7773,1.4055,2.3718,ens_003,monthly,1993-2016
C3S,ECMWF,dynamical,2026-10-01,2027-03,5,3.5886,1.4034,2.1851,ens_003,monthly,1993-2016
C3S,ECMWF,dynamical,2026-10-01,2026-10,0,3.5822,1.1333,2.4489,ens_004,monthly,1993-2016
C3S,ECMWF,dynamical,2026-10-01,2026-11,1,3.9561,1.2041,2.752,ens_004,monthly,1993-2016
C3S,ECMWF,dynamical,2026-10-01,2026-12,2,4.0322,1.3247,2.7075,ens_004,monthly,1993-2016
C3S,ECMWF,dynamical,2026-10-01,2027-01,3,3.8828,1.3652,2.5176,ens_004,monthly,1993-2016
C3S,ECMWF,dynamical,2026-10-01,2027-02,4,3.7699,1.3694,2.4004,ens_004,monthly,1993-2016
C3S,ECMWF,dynamical,2026-10-01,2027-03,5,3.226,1.2661,1.9599,ens_004,monthly,1993-2016
C3S,ECMWF,dynamical,2026-10-01,2026-10,0,3.5787,1.1035,2.4752,ens_005,monthly,1993-2016
C3S,ECMWF,dynamical,2026-10-01,2026-11,1,4.1071,1.2507,2.8565,ens_005,monthly,1993-2016
C3S,ECMWF,dynamical,2026-10-01,2026-12,2,4.2329,1.3483,2.8846,ens_005,monthly,1993-2016
C3S,ECMWF,dynamical,2026-10-01,2027-01,3,4.2189,1.2985,2.9205,ens_005,monthly,1993-2016
C3S,ECMWF,dynamical,2026-10-01,2027-02,4,4.0475,1.301,2.7465,ens_005,monthly,1993-2016
C3S,ECMWF,dynamical,2026-10-01,2027-03,5,3.7874,1.3286,2.4588,ens_005,monthly,1993-2016
C3S,ECMWF,dynamical,2026-10-01,2026-10,0,3.5513,1.0882,2.4631,ens_006,monthly,1993-2016
C3S,ECMWF,dynamical,2026-10-01,2026-11,1,4.0205,1.2387,2.7817,ens_006,monthly,1993-2016
C3S,ECMWF,dynamical,2026-10-01,2026-12,2,4.1717,1.3119,2.8597,ens_006,monthly,1993-2016
C3S,ECMWF,dynamical,2026-10-01,2027-01,3,4.0304,1.3455,2.685,ens_006,monthly,1993-2016
C3S,ECMWF,dynamical,2026-10-01,2027-02,4,3.7947,1.3626,2.4321,ens_006,monthly,1993-2016
C3S,ECMWF,dynamical,2026-10-01,2027-03,5,3.478,1.2864,2.1916,ens_006,monthly,1993-2016
C3S,ECMWF,dynamical,2026-10-01,2026-10,0,3.501,1.1807,2.3203,ens_007,monthly,1993-2016
C3S,ECMWF,dynamical,2026-10-01,2026-11,1,3.8762,1.2875,2.5887,ens_007,monthly,1993-2016
C3S,ECMWF,dynamical,2026-10-01,2026-12,2,4.092,1.4003,2.6917,ens_007,monthly,1993-2016
C3S,ECMWF,dynamical,2026-10-01,2027-01,3,3.9098,1.4053,2.5045,ens_007,monthly,1993-2016
C3S,ECMWF,dynamical,2026-10-01,2027-02,4,3.4292,1.362,2.0671,ens_007,monthly,1993-2016
C3S,ECMWF,dynamical,2026-10-01,2027-03,5,3.046,1.2608,1.7852,ens_007,monthly,1993-2016
C3S,ECMWF,dynamical,2026-10-01,2026-10,0,3.6567,1.11,2.5466,ens_008,monthly,1993-2016
C3S,ECMWF,dynamical,2026-10-01,2026-11,1,3.8977,1.2534,2.6443,ens_008,monthly,1993-2016
C3S,ECMWF,dynamical,2026-10-01,2026-12,2,4.1815,1.3104,2.871,ens_008,monthly,1993-2016
C3S,ECMWF,dynamical,2026-10-01,2027-01,3,3.9895,1.4485,2.541,ens_008,monthly,1993-2016
C3S,ECMWF,dynamical,2026-10-01,2027-02,4,3.8559,1.4567,2.3992,ens_008,monthly,1993-2016
C3S,ECMWF,dynamical,2026-10-01,2027-03,5,3.3989,1.358,2.0409,ens_008,monthly,1993-2016
C3S,ECMWF,dynamical,2026-10-01,2026-10,0,3.6,1.1336,2.4664,ens_009,monthly,1993-2016
C3S,ECMWF,dynamical,2026-10-01,2026-11,1,4.0882,1.2701,2.8182,ens_009,monthly,1993-2016
C3S,ECMWF,dynamical,2026-10-01,2026-12,2,4.1888,1.3738,2.8149,ens_009,monthly,1993-2016
C3S,ECMWF,dynamical,2026-10-01,2027-01,3,4.1463,1.3973,2.749,ens_009,monthly,1993-2016
C3S,ECMWF,dynamical,2026-10-01,2027-02,4,3.779,1.5145,2.2645,ens_009,monthly,1993-2016
C3S,ECMWF,dynamical,2026-10-01,2027-03,5,3.2591,1.4381,1.821,ens_009,monthly,1993-2016
C3S,ECMWF,dynamical,2026-10-01,2026-10,0,3.5514,1.0804,2.4709,ens_010,monthly,1993-2016
C3S,ECMWF,dynamical,2026-10-01,2026-11,1,3.9774,1.2032,2.7742,ens_010,monthly,1993-2016
C3S,ECMWF,dynamical,2026-10-01,2026-12,2,4.2362,1.3818,2.8544,ens_010,monthly,1993-2016
C3S,ECMWF,dynamical,2026-10-01,2027-01,3,4.2343,1.4922,2.742,ens_010,monthly,1993-2016
C3S,ECMWF,dynamical,2026-10-01,2027-02,4,4.1052,1.4729,2.6323,ens_010,monthly,1993-2016
C3S,ECMWF,dynamical,2026-10-01,2027-03,5,3.795,1.4789,2.3161,ens_010,monthly,1993-2016
C3S,ECMWF,dynamical,2026-10-01,2026-10,0,3.4872,1.0454,2.4418,ens_011,monthly,1993-2016
C3S,ECMWF,dynamical,2026-10-01,2026-11,1,3.9175,1.2025,2.7151,ens_011,monthly,1993-2016
C3S,ECMWF,dynamical,2026-10-01,2026-12,2,4.164,1.2913,2.8727,ens_011,monthly,1993-2016
C3S,ECMWF,dynamical,2026-10-01,2027-01,3,4.1449,1.3072,2.8377,ens_011,monthly,1993-2016
C3S,ECMWF,dynamical,2026-10-01,2027-02,4,3.8661,1.4013,2.4648,ens_011,monthly,1993-2016
C3S,ECMWF,dynamical,2026-10-01,2027-03,5,3.2452,1.2946,1.9507,ens_011,monthly,1993-2016
C3S,ECMWF,dynamical,2026-10-01,2026-10,0,3.6113,1.1402,2.4711,ens_012,monthly,1993-2016
C3S,ECMWF,dynamical,2026-10-01,2026-11,1,3.9289,1.2944,2.6345,ens_012,monthly,1993-2016
C3S,ECMWF,dynamical,2026-10-01,2026-12,2,4.2057,1.3817,2.824,ens_012,monthly,1993-2016
C3S,ECMWF,dynamical,2026-10-01,2027-01,3,4.1202,1.46,2.6602,ens_012,monthly,1993-2016
C3S,ECMWF,dynamical,2026-10-01,2027-02,4,3.8575,1.4539,2.4036,ens_012,monthly,1993-2016
C3S,ECMWF,dynamical,2026-10-01,2027-03,5,3.584,1.4721,2.1119,ens_012,monthly,1993-2016
C3S,ECMWF,dynamical,2026-10-01,2026-10,0,3.5663,1.1074,2.4589,ens_013,monthly,1993-2016
C3S,ECMWF,dynamical,2026-10-01,2026-11,1,4.0047,1.2368,2.7679,ens_013,monthly,1993-2016
C3S,ECMWF,dynamical,2026-10-01,2026-12,2,4.3328,1.3513,2.9815,ens_013,monthly,1993-2016
C3S,ECMWF,dynamical,2026-10-01,2027-01,3,4.2544,1.4346,2.8197,ens_013,monthly,1993-2016
C3S,ECMWF,dynamical,2026-10-01,2027-02,4,3.9491,1.469,2.4801,ens_013,monthly,1993-2016
C3S,ECMWF,dynamical,2026-10-01,2027-03,5,3.5827,1.4982,2.0845,ens_013,monthly,1993-2016
C3S,ECMWF,dynamical,2026-10-01,2026-10,0,3.484,1.0715,2.4125,ens_014,monthly,1993-2016
C3S,ECMWF,dynamical,2026-10-01,2026-11,1,3.8772,1.2418,2.6354,ens_014,monthly,1993-2016
C3S,ECMWF,dynamical,2026-10-01,2026-12,2,4.1422,1.339,2.8033,ens_014,monthly,1993-2016
C3S,ECMWF,dynamical,2026-10-01,2027-01,3,4.0634,1.3957,2.6677,ens_014,monthly,1993-2016
C3S,ECMWF,dynamical,2026-10-01,2027-02,4,3.817,1.4395,2.3775,ens_014,monthly,1993-2016
C3S,ECMWF,dynamical,2026-10-01,2027-03,5,3.3424,1.4149,1.9275,ens_014,monthly,1993-2016
C3S,ECMWF,dynamical,2026-10-01,2026-10,0,3.6215,1.07,2.5515,ens_015,monthly,1993-2016
C3S,ECMWF,dynamical,2026-10-01,2026-11,1,4.0585,1.2022,2.8564,ens_015,monthly,1993-2016
C3S,ECMWF,dynamical,2026-10-01,2026-12,2,4.2174,1.2766,2.9408,ens_015,monthly,1993-2016
C3S,ECMWF,dynamical,2026-10-01,2027-01,3,4.0683,1.3217,2.7466,ens_015,monthly,1993-2016
C3S,ECMWF,dynamical,2026-10-01,2027-02,4,3.795,1.2884,2.5066,ens_015,monthly,1993-2016
C3S,ECMWF,dynamical,2026-10-01,2027-03,5,3.3286,1.2717,2.0569,ens_015,monthly,1993-2016
C3S,ECMWF,dynamical,2026-10-01,2026-10,0,3.4986,1.1288,2.3698,ens_016,monthly,1993-2016
C3S,ECMWF,dynamical,2026-10-01,2026-11,1,3.9114,1.2902,2.6212,ens_016,monthly,1993-2016
C3S,ECMWF,dynamical,2026-10-01,2026-12,2,4.1114,1.407,2.7044,ens_016,monthly,1993-2016
C3S,ECMWF,dynamical,2026-10-01,2027-01,3,3.8808,1.4171,2.4637,ens_016,monthly,1993-2016
C3S,ECMWF,dynamical,2026-10-01,2027-02,4,3.4086,1.4018,2.0069,ens_016,monthly,1993-2016
C3S,ECMWF,dynamical,2026-10-01,2027-03,5,3.245,1.38,1.865,ens_016,monthly,1993-2016
C3S,ECMWF,dynamical,2026-10-01,2026-10,0,3.6327,1.1128,2.5199,ens_017,monthly,1993-2016
C3S,ECMWF,dynamical,2026-10-01,2026-11,1,3.9488,1.2252,2.7236,ens_017,monthly,1993-2016
C3S,ECMWF,dynamical,2026-10-01,2026-12,2,4.354,1.3622,2.9918,ens_017,monthly,1993-2016
C3S,ECMWF,dynamical,2026-10-01,2027-01,3,4.3181,1.4336,2.8845,ens_017,monthly,1993-2016
C3S,ECMWF,dynamical,2026-10-01,2027-02,4,4.0459,1.4072,2.6387,ens_017,monthly,1993-2016
C3S,ECMWF,dynamical,2026-10-01,2027-03,5,3.5993,1.3188,2.2805,ens_017,monthly,1993-2016
C3S,ECMWF,dynamical,2026-10-01,2026-10,0,3.5315,1.073,2.4585,ens_018,monthly,1993-2016
C3S,ECMWF,dynamical,2026-10-01,2026-11,1,3.8954,1.2357,2.6597,ens_018,monthly,1993-2016
C3S,ECMWF,dynamical,2026-10-01,2026-12,2,4.0124,1.3333,2.6791,ens_018,monthly,1993-2016
C3S,ECMWF,dynamical,2026-10-01,2027-01,3,3.9413,1.3501,2.5912,ens_018,monthly,1993-2016
C3S,ECMWF,dynamical,2026-10-01,2027-02,4,3.7431,1.4359,2.3071,ens_018,monthly,1993-2016
C3S,ECMWF,dynamical,2026-10-01,2027-03,5,3.4556,1.3944,2.0613,ens_018,monthly,1993-2016
C3S,ECMWF,dynamical,2026-10-01,2026-10,0,3.7072,1.1365,2.5706,ens_019,monthly,1993-2016
C3S,ECMWF,dynamical,2026-10-01,2026-11,1,4.0703,1.3079,2.7624,ens_019,monthly,1993-2016
C3S,ECMWF,dynamical,2026-10-01,2026-12,2,4.2635,1.3927,2.8708,ens_019,monthly,1993-2016
C3S,ECMWF,dynamical,2026-10-01,2027-01,3,4.2995,1.5347,2.7648,ens_019,monthly,1993-2016
C3S,ECMWF,dynamical,2026-10-01,2027-02,4,3.9675,1.5325,2.435,ens_019,monthly,1993-2016
C3S,ECMWF,dynamical,2026-10-01,2027-03,5,3.8255,1.5568,2.2687,ens_019,monthly,1993-2016
C3S,ECMWF,dynamical,2026-10-01,2026-10,0,3.6116,1.078,2.5336,ens_020,monthly,1993-2016
C3S,ECMWF,dynamical,2026-10-01,2026-11,1,4.0782,1.2286,2.8496,ens_020,monthly,1993-2016
C3S,ECMWF,dynamical,2026-10-01,2026-12,2,4.1902,1.2343,2.9559,ens_020,monthly,1993-2016
C3S,ECMWF,dynamical,2026-10-01,2027-01,3,3.9,1.3214,2.5787,ens_020,monthly,1993-2016
C3S,ECMWF,dynamical,2026-10-01,2027-02,4,3.5889,1.2741,2.3147,ens_020,monthly,1993-2016
C3S,ECMWF,dynamical,2026-10-01,2027-03,5,3.4243,1.2668,2.1575,ens_020,monthly,1993-2016
C3S,ECMWF,dynamical,2026-10-01,2026-10,0,3.6562,1.1231,2.533,ens_021,monthly,1993-2016
C3S,ECMWF,dynamical,2026-10-01,2026-11,1,4.1478,1.3255,2.8223,ens_021,monthly,1993-2016
C3S,ECMWF,dynamical,2026-10-01,2026-12,2,4.3334,1.3862,2.9471,ens_021,monthly,1993-2016
C3S,ECMWF,dynamical,2026-10-01,2027-01,3,4.4093,1.4444,2.9649,ens_021,monthly,1993-2016
C3S,ECMWF,dynamical,2026-10-01,2027-02,4,4.2394,1.4407,2.7987,ens_021,monthly,1993-2016
C3S,ECMWF,dynamical,2026-10-01,2027-03,5,3.8224,1.4468,2.3756,ens_021,monthly,1993-2016
C3S,ECMWF,dynamical,2026-10-01,2026-10,0,3.4544,1.1147,2.3397,ens_022,monthly,1993-2016
C3S,ECMWF,dynamical,2026-10-01,2026-11,1,3.9713,1.2858,2.6855,ens_022,monthly,1993-2016
C3S,ECMWF,dynamical,2026-10-01,2026-12,2,4.0604,1.2757,2.7846,ens_022,monthly,1993-2016
C3S,ECMWF,dynamical,2026-10-01,2027-01,3,4.0552,1.3778,2.6774,ens_022,monthly,1993-2016
C3S,ECMWF,dynamical,2026-10-01,2027-02,4,3.7856,1.3675,2.4181,ens_022,monthly,1993-2016
C3S,ECMWF,dynamical,2026-10-01,2027-03,5,3.56,1.3275,2.2325,ens_022,monthly,1993-2016
C3S,ECMWF,dynamical,2026-10-01,2026-10,0,3.5038,1.0996,2.4042,ens_023,monthly,1993-2016
C3S,ECMWF,dynamical,2026-10-01,2026-11,1,3.8565,1.2275,2.6289,ens_023,monthly,1993-2016
C3S,ECMWF,dynamical,2026-10-01,2026-12,2,4.053,1.2797,2.7734,ens_023,monthly,1993-2016
C3S,ECMWF,dynamical,2026-10-01,2027-01,3,4.1471,1.3796,2.7675,ens_023,monthly,1993-2016
C3S,ECMWF,dynamical,2026-10-01,2027-02,4,4.0263,1.4626,2.5637,ens_023,monthly,1993-2016
C3S,ECMWF,dynamical,2026-10-01,2027-03,5,3.9333,1.4442,2.4892,ens_023,monthly,1993-2016
C3S,ECMWF,dynamical,2026-10-01,2026-10,0,3.7032,1.1092,2.594,ens_024,monthly,1993-2016
C3S,ECMWF,dynamical,2026-10-01,2026-11,1,4.1625,1.2084,2.9541,ens_024,monthly,1993-2016
C3S,ECMWF,dynamical,2026-10-01,2026-12,2,4.1978,1.277,2.9209,ens_024,monthly,1993-2016
C3S,ECMWF,dynamical,2026-10-01,2027-01,3,4.2523,1.4243,2.8281,ens_024,monthly,1993-2016
C3S,ECMWF,dynamical,2026-10-01,2027-02,4,3.8841,1.4425,2.4417,ens_024,monthly,1993-2016
C3S,ECMWF,dynamical,2026-10-01,2027-03,5,3.4891,1.3752,2.1139,ens_024,monthly,1993-2016
C3S,ECMWF,dynamical,2026-10-01,2026-10,0,3.5617,1.0678,2.494,ens_025,monthly,1993-2016
C3S,ECMWF,dynamical,2026-10-01,2026-11,1,3.8308,1.1833,2.6475,ens_025,monthly,1993-2016
C3S,ECMWF,dynamical,2026-10-01,2026-12,2,4.0503,1.2762,2.774,ens_025,monthly,1993-2016
C3S,ECMWF,dynamical,2026-10-01,2027-01,3,3.9336,1.2762,2.6574,ens_025,monthly,1993-2016
C3S,ECMWF,dynamical,2026-10-01,2027-02,4,3.4812,1.216,2.2652,ens_025,monthly,1993-2016
C3S,ECMWF,dynamical,2026-10-01,2027-03,5,3.2618,1.1351,2.1267,ens_025,monthly,1993-2016
C3S,ECMWF,dynamical,2026-10-01,2026-10,0,3.5364,1.0458,2.4907,ens_026,monthly,1993-2016
C3S,ECMWF,dynamical,2026-10-01,2026-11,1,3.9587,1.1735,2.7852,ens_026,monthly,1993-2016
C3S,ECMWF,dynamical,2026-10-01,2026-12,2,4.2053,1.2726,2.9327,ens_026,monthly,1993-2016
C3S,ECMWF,dynamical,2026-10-01,2027-01,3,3.8352,1.2861,2.5491,ens_026,monthly,1993-2016
C3S,ECMWF,dynamical,2026-10-01,2027-02,4,3.5931,1.3752,2.218,ens_026,monthly,1993-2016
C3S,ECMWF,dynamical,2026-10-01,2027-03,5,3.0929,1.3446,1.7483,ens_026,monthly,1993-2016
C3S,ECMWF,dynamical,2026-10-01,2026-10,0,3.5589,1.078,2.4808,ens_027,monthly,1993-2016
C3S,ECMWF,dynamical,2026-10-01,2026-11,1,4.1292,1.3114,2.8178,ens_027,monthly,1993-2016
C3S,ECMWF,dynamical,2026-10-01,2026-12,2,4.1767,1.4606,2.7161,ens_027,monthly,1993-2016
C3S,ECMWF,dynamical,2026-10-01,2027-01,3,4.0881,1.5556,2.5325,ens_027,monthly,1993-2016
C3S,ECMWF,dynamical,2026-10-01,2027-02,4,3.6338,1.5757,2.0582,ens_027,monthly,1993-2016
C3S,ECMWF,dynamical,2026-10-01,2027-03,5,3.0977,1.5098,1.588,ens_027,monthly,1993-2016
C3S,ECMWF,dynamical,2026-10-01,2026-10,0,3.5697,1.1123,2.4574,ens_028,monthly,1993-2016
C3S,ECMWF,dynamical,2026-10-01,2026-11,1,3.9699,1.2173,2.7526,ens_028,monthly,1993-2016
C3S,ECMWF,dynamical,2026-10-01,2026-12,2,4.3167,1.2739,3.0428,ens_028,monthly,1993-2016
C3S,ECMWF,dynamical,2026-10-01,2027-01,3,4.0915,1.4001,2.6915,ens_028,monthly,1993-2016
C3S,ECMWF,dynamical,2026-10-01,2027-02,4,3.6313,1.4665,2.1648,ens_028,monthly,1993-2016
C3S,ECMWF,dynamical,2026-10-01,2027-03,5,3.1913,1.4173,1.774,ens_028,monthly,1993-2016
C3S,ECMWF,dynamical,2026-10-01,2026-10,0,3.5949,1.0857,2.5092,ens_029,monthly,1993-2016
C3S,ECMWF,dynamical,2026-10-01,2026-11,1,4.0569,1.2799,2.777,ens_029,monthly,1993-2016
C3S,ECMWF,dynamical,2026-10-01,2026-12,2,4.049,1.3619,2.6871,ens_029,monthly,1993-2016
C3S,ECMWF,dynamical,2026-10-01,2027-01,3,4.1638,1.4682,2.6956,ens_029,monthly,1993-2016
C3S,ECMWF,dynamical,2026-10-01,2027-02,4,3.8731,1.4867,2.3865,ens_029,monthly,1993-2016
C3S,ECMWF,dynamical,2026-10-01,2027-03,5,3.5787,1.3889,2.1898,ens_029,monthly,1993-2016
C3S,ECMWF,dynamical,2026-10-01,2026-10,0,3.5298,1.1125,2.4173,ens_030,monthly,1993-2016
C3S,ECMWF,dynamical,2026-10-01,2026-11,1,4.0145,1.2307,2.7838,ens_030,monthly,1993-2016
C3S,ECMWF,dynamical,2026-10-01,2026-12,2,4.1444,1.35,2.7944,ens_030,monthly,1993-2016
C3S,ECMWF,dynamical,2026-10-01,2027-01,3,4.0547,1.3898,2.6649,ens_030,monthly,1993-2016
C3S,ECMWF,dynamical,2026-10-01,2027-02,4,3.6406,1.3696,2.271,ens_030,monthly,1993-2016
C3S,ECMWF,dynamical,2026-10-01,2027-03,5,3.2944,1.3575,1.9369,ens_030,monthly,1993-2016
C3S,ECMWF,dynamical,2026-10-01,2026-10,0,3.6276,1.1118,2.5158,ens_031,monthly,1993-2016
C3S,ECMWF,dynamical,2026-10-01,2026-11,1,3.9529,1.2346,2.7183,ens_031,monthly,1993-2016
C3S,ECMWF,dynamical,2026-10-01,2026-12,2,4.149,1.3278,2.8212,ens_031,monthly,1993-2016
C3S,ECMWF,dynamical,2026-10-01,2027-01,3,4.2396,1.5484,2.6912,ens_031,monthly,1993-2016
C3S,ECMWF,dynamical,2026-10-01,2027-02,4,3.9334,1.5811,2.3523,ens_031,monthly,1993-2016
C3S,ECMWF,dynamical,2026-10-01,2027-03,5,3.7302,1.5659,2.1642,ens_031,monthly,1993-2016
C3S,ECMWF,dynamical,2026-10-01,2026-10,0,3.5308,1.0782,2.4526,ens_032,monthly,1993-2016
C3S,ECMWF,dynamical,2026-10-01,2026-11,1,3.9928,1.2058,2.787,ens_032,monthly,1993-2016
C3S,ECMWF,dynamical,2026-10-01,2026-12,2,4.147,1.3285,2.8186,ens_032,monthly,1993-2016
C3S,ECMWF,dynamical,2026-10-01,2027-01,3,4.209,1.3724,2.8366,ens_032,monthly,1993-2016
C3S,ECMWF,dynamical,2026-10-01,2027-02,4,3.6575,1.4164,2.2411,ens_032,monthly,1993-2016
C3S,ECMWF,dynamical,2026-10-01,2027-03,5,3.0635,1.4053,1.6583,ens_032,monthly,1993-2016
C3S,ECMWF,dynamical,2026-10-01,2026-10,0,3.627,1.1199,2.5071,ens_033,monthly,1993-2016
C3S,ECMWF,dynamical,2026-10-01,2026-11,1,3.8346,1.2449,2.5897,ens_033,monthly,1993-2016
C3S,ECMWF,dynamical,2026-10-01,2026-12,2,3.9969,1.3411,2.6558,ens_033,monthly,1993-2016
C3S,ECMWF,dynamical,2026-10-01,2027-01,3,4.0138,1.4013,2.6126,ens_033,monthly,1993-2016
C3S,ECMWF,dynamical,2026-10-01,2027-02,4,3.5939,1.3301,2.2638,ens_033,monthly,1993-2016
C3S,ECMWF,dynamical,2026-10-01,2027-03,5,3.2678,1.3096,1.9582,ens_033,monthly,1993-2016
C3S,ECMWF,dynamical,2026-10-01,2026-10,0,3.5412,1.0999,2.4413,ens_034,monthly,1993-2016
C3S,ECMWF,dynamical,2026-10-01,2026-11,1,4.016,1.2769,2.7391,ens_034,monthly,1993-2016
C3S,ECMWF,dynamical,2026-10-01,2026-12,2,4.2016,1.2852,2.9164,ens_034,monthly,1993-2016
C3S,ECMWF,dynamical,2026-10-01,2027-01,3,4.1115,1.3118,2.7997,ens_034,monthly,1993-2016
C3S,ECMWF,dynamical,2026-10-01,2027-02,4,3.9781,1.3055,2.6726,ens_034,monthly,1993-2016
C3S,ECMWF,dynamical,2026-10-01,2027-03,5,3.6904,1.3306,2.3598,ens_034,monthly,1993-2016
C3S,ECMWF,dynamical,2026-10-01,2026-10,0,3.5864,1.1353,2.451,ens_035,monthly,1993-2016
C3S,ECMWF,dynamical,2026-10-01,2026-11,1,3.9611,1.336,2.6252,ens_035,monthly,1993-2016
C3S,ECMWF,dynamical,2026-10-01,2026-12,2,4.239,1.365,2.874,ens_035,monthly,1993-2016
C3S,ECMWF,dynamical,2026-10-01,2027-01,3,4.0068,1.4193,2.5876,ens_035,monthly,1993-2016
C3S,ECMWF,dynamical,2026-10-01,2027-02,4,3.7248,1.3745,2.3503,ens_035,monthly,1993-2016
C3S,ECMWF,dynamical,2026-10-01,2027-03,5,3.3883,1.2727,2.1156,ens_035,monthly,1993-2016
C3S,ECMWF,dynamical,2026-10-01,2026-10,0,3.5284,1.0604,2.468,ens_036,monthly,1993-2016
C3S,ECMWF,dynamical,2026-10-01,2026-11,1,3.8975,1.2213,2.6762,ens_036,monthly,1993-2016
C3S,ECMWF,dynamical,2026-10-01,2026-12,2,4.0303,1.3954,2.6348,ens_036,monthly,1993-2016
C3S,ECMWF,dynamical,2026-10-01,2027-01,3,4.0516,1.4981,2.5536,ens_036,monthly,1993-2016
C3S,ECMWF,dynamical,2026-10-01,2027-02,4,3.8359,1.5148,2.3211,ens_036,monthly,1993-2016
C3S,ECMWF,dynamical,2026-10-01,2027-03,5,3.3633,1.4114,1.9519,ens_036,monthly,1993-2016
C3S,ECMWF,dynamical,2026-10-01,2026-10,0,3.5101,1.0823,2.4278,ens_037,monthly,1993-2016
C3S,ECMWF,dynamical,2026-10-01,2026-11,1,3.9428,1.3151,2.6276,ens_037,monthly,1993-2016
C3S,ECMWF,dynamical,2026-10-01,2026-12,2,4.325,1.4393,2.8856,ens_037,monthly,1993-2016
C3S,ECMWF,dynamical,2026-10-01,2027-01,3,4.3929,1.5096,2.8833,ens_037,monthly,1993-2016
C3S,ECMWF,dynamical,2026-10-01,2027-02,4,4.0957,1.5241,2.5716,ens_037,monthly,1993-2016
C3S,ECMWF,dynamical,2026-10-01,2027-03,5,3.9729,1.5225,2.4504,ens_037,monthly,1993-2016
C3S,ECMWF,dynamical,2026-10-01,2026-10,0,3.5175,1.1191,2.3984,ens_038,monthly,1993-2016
C3S,ECMWF,dynamical,2026-10-01,2026-11,1,3.9308,1.3203,2.6106,ens_038,monthly,1993-2016
C3S,ECMWF,dynamical,2026-10-01,2026-12,2,4.1963,1.362,2.8343,ens_038,monthly,1993-2016
C3S,ECMWF,dynamical,2026-10-01,2027-01,3,4.1403,1.3785,2.7617,ens_038,monthly,1993-2016
C3S,ECMWF,dynamical,2026-10-01,2027-02,4,3.6276,1.3632,2.2644,ens_038,monthly,1993-2016
C3S,ECMWF,dynamical,2026-10-01,2027-03,5,3.118,1.339,1.779,ens_038,monthly,1993-2016
C3S,ECMWF,dynamical,2026-10-01,2026-10,0,3.5803,1.1269,2.4534,ens_039,monthly,1993-2016
C3S,ECMWF,dynamical,2026-10-01,2026-11,1,4.0354,1.3304,2.705,ens_039,monthly,1993-2016
C3S,ECMWF,dynamical,2026-10-01,2026-12,2,4.1907,1.4175,2.7732,ens_039,monthly,1993-2016
C3S,ECMWF,dynamical,2026-10-01,2027-01,3,4.1606,1.498,2.6626,ens_039,monthly,1993-2016
C3S,ECMWF,dynamical,2026-10-01,2027-02,4,3.9332,1.4912,2.442,ens_039,monthly,1993-2016
C3S,ECMWF,dynamical,2026-10-01,2027-03,5,3.4962,1.5431,1.953,ens_039,monthly,1993-2016
C3S,ECMWF,dynamical,2026-10-01,2026-10,0,3.6786,1.1351,2.5435,ens_040,monthly,1993-2016
C3S,ECMWF,dynamical,2026-10-01,2026-11,1,4.1924,1.2927,2.8997,ens_040,monthly,1993-2016
C3S,ECMWF,dynamical,2026-10-01,2026-12,2,4.2581,1.367,2.8911,ens_040,monthly,1993-2016
C3S,ECMWF,dynamical,2026-10-01,2027-01,3,4.1429,1.4461,2.6968,ens_040,monthly,1993-2016
C3S,ECMWF,dynamical,2026-10-01,2027-02,4,4.0072,1.4693,2.5379,ens_040,monthly,1993-2016
C3S,ECMWF,dynamical,2026-10-01,2027-03,5,3.5639,1.4509,2.113,ens_040,monthly,1993-2016
C3S,ECMWF,dynamical,2026-10-01,2026-10,0,3.496,1.0534,2.4426,ens_041,monthly,1993-2016
C3S,ECMWF,dynamical,2026-10-01,2026-11,1,3.8254,1.2784,2.547,ens_041,monthly,1993-2016
C3S,ECMWF,dynamical,2026-10-01,2026-12,2,4.0523,1.3898,2.6625,ens_041,monthly,1993-2016
C3S,ECMWF,dynamical,2026-10-01,2027-01,3,3.9014,1.4448,2.4566,ens_041,monthly,1993-2016
C3S,ECMWF,dynamical,2026-10-01,2027-02,4,3.5976,1.4573,2.1403,ens_041,monthly,1993-2016
C3S,ECMWF,dynamical,2026-10-01,2027-03,5,3.2342,1.4057,1.8285,ens_041,monthly,1993-2016
C3S,ECMWF,dynamical,2026-10-01,2026-10,0,3.6013,1.1401,2.4612,ens_042,monthly,1993-2016
C3S,ECMWF,dynamical,2026-10-01,2026-11,1,4.0443,1.2829,2.7614,ens_042,monthly,1993-2016
C3S,ECMWF,dynamical,2026-10-01,2026-12,2,4.2814,1.3667,2.9147,ens_042,monthly,1993-2016
C3S,ECMWF,dynamical,2026-10-01,2027-01,3,3.9969,1.4115,2.5854,ens_042,monthly,1993-2016
C3S,ECMWF,dynamical,2026-10-01,2027-02,4,3.9616,1.512,2.4496,ens_042,monthly,1993-2016
C3S,ECMWF,dynamical,2026-10-01,2027-03,5,3.5873,1.3821,2.2052,ens_042,monthly,1993-2016
C3S,ECMWF,dynamical,2026-10-01,2026-10,0,3.6242,1.1213,2.5029,ens_043,monthly,1993-2016
C3S,ECMWF,dynamical,2026-10-01,2026-11,1,4.0248,1.2618,2.763,ens_043,monthly,1993-2016
C3S,ECMWF,dynamical,2026-10-01,2026-12,2,4.2622,1.3353,2.9269,ens_043,monthly,1993-2016
C3S,ECMWF,dynamical,2026-10-01,2027-01,3,4.1059,1.4027,2.7032,ens_043,monthly,1993-2016
C3S,ECMWF,dynamical,2026-10-01,2027-02,4,3.8217,1.3876,2.4341,ens_043,monthly,1993-2016
C3S,ECMWF,dynamical,2026-10-01,2027-03,5,3.3691,1.417,1.9521,ens_043,monthly,1993-2016
C3S,ECMWF,dynamical,2026-10-01,2026-10,0,3.6552,1.064,2.5912,ens_044,monthly,1993-2016
C3S,ECMWF,dynamical,2026-10-01,2026-11,1,4.0709,1.2427,2.8283,ens_044,monthly,1993-2016
C3S,ECMWF,dynamical,2026-10-01,2026-12,2,4.2774,1.4281,2.8494,ens_044,monthly,1993-2016
C3S,ECMWF,dynamical,2026-10-01,2027-01,3,4.233,1.4274,2.8056,ens_044,monthly,1993-2016
C3S,ECMWF,dynamical,2026-10-01,2027-02,4,4.2671,1.5518,2.7153,ens_044,monthly,1993-2016
C3S,ECMWF,dynamical,2026-10-01,2027-03,5,3.8543,1.5163,2.338,ens_044,monthly,1993-2016
C3S,ECMWF,dynamical,2026-10-01,2026-10,0,3.6964,1.1158,2.5806,ens_045,monthly,1993-2016
C3S,ECMWF,dynamical,2026-10-01,2026-11,1,4.0919,1.2718,2.8201,ens_045,monthly,1993-2016
C3S,ECMWF,dynamical,2026-10-01,2026-12,2,4.2775,1.3823,2.8952,ens_045,monthly,1993-2016
C3S,ECMWF,dynamical,2026-10-01,2027-01,3,4.2605,1.3885,2.8719,ens_045,monthly,1993-2016
C3S,ECMWF,dynamical,2026-10-01,2027-02,4,4.1104,1.4439,2.6665,ens_045,monthly,1993-2016
C3S,ECMWF,dynamical,2026-10-01,2027-03,5,3.5511,1.4336,2.1175,ens_045,monthly,1993-2016
C3S,ECMWF,dynamical,2026-10-01,2026-10,0,3.4597,1.1118,2.3479,ens_046,monthly,1993-2016
C3S,ECMWF,dynamical,2026-10-01,2026-11,1,4.0323,1.2688,2.7635,ens_046,monthly,1993-2016
C3S,ECMWF,dynamical,2026-10-01,2026-12,2,4.277,1.389,2.888,ens_046,monthly,1993-2016
C3S,ECMWF,dynamical,2026-10-01,2027-01,3,4.3182,1.4578,2.8604,ens_046,monthly,1993-2016
C3S,ECMWF,dynamical,2026-10-01,2027-02,4,4.1961,1.5852,2.611,ens_046,monthly,1993-2016
C3S,ECMWF,dynamical,2026-10-01,2027-03,5,3.9049,1.6398,2.265,ens_046,monthly,1993-2016
C3S,ECMWF,dynamical,2026-10-01,2026-10,0,3.5891,1.1368,2.4523,ens_047,monthly,1993-2016
C3S,ECMWF,dynamical,2026-10-01,2026-11,1,4.0586,1.2978,2.7608,ens_047,monthly,1993-2016
C3S,ECMWF,dynamical,2026-10-01,2026-12,2,4.2856,1.384,2.9016,ens_047,monthly,1993-2016
C3S,ECMWF,dynamical,2026-10-01,2027-01,3,4.2761,1.46,2.8161,ens_047,monthly,1993-2016
C3S,ECMWF,dynamical,2026-10-01,2027-02,4,4.1785,1.5444,2.6341,ens_047,monthly,1993-2016
C3S,ECMWF,dynamical,2026-10-01,2027-03,5,3.5668,1.3387,2.228,ens_047,monthly,1993-2016
C3S,ECMWF,dynamical,2026-10-01,2026-10,0,3.7063,1.0909,2.6154,ens_048,monthly,1993-2016
C3S,ECMWF,dynamical,2026-10-01,2026-11,1,4.0536,1.228,2.8256,ens_048,monthly,1993-2016
C3S,ECMWF,dynamical,2026-10-01,2026-12,2,4.4003,1.3268,3.0735,ens_048,monthly,1993-2016
C3S,ECMWF,dynamical,2026-10-01,2027-01,3,4.4114,1.3833,3.0281,ens_048,monthly,1993-2016
C3S,ECMWF,dynamical,2026-10-01,2027-02,4,4.2833,1.3909,2.8925,ens_048,monthly,1993-2016
C3S,ECMWF,dynamical,2026-10-01,2027-03,5,4.0819,1.3951,2.6869,ens_048,monthly,1993-2016
C3S,ECMWF,dynamical,2026-10-01,2026-10,0,3.6613,1.1481,2.5131,ens_049,monthly,1993-2016
C3S,ECMWF,dynamical,2026-10-01,2026-11,1,3.992,1.2546,2.7374,ens_049,monthly,1993-2016
C3S,ECMWF,dynamical,2026-10-01,2026-12,2,4.0744,1.3752,2.6991,ens_049,monthly,1993-2016
C3S,ECMWF,dynamical,2026-10-01,2027-01,3,4.1154,1.3984,2.717,ens_049,monthly,1993-2016
C3S,ECMWF,dynamical,2026-10-01,2027-02,4,3.5521,1.3285,2.2235,ens_049,monthly,1993-2016
C3S,ECMWF,dynamical,2026-10-01,2027-03,5,3.4343,1.3822,2.0522,ens_049,monthly,1993-2016
C3S,ECMWF,dynamical,2026-10-01,2026-10,0,3.6428,1.0933,2.5495,ens_050,monthly,1993-2016
C3S,ECMWF,dynamical,2026-10-01,2026-11,1,4.05,1.2298,2.8202,ens_050,monthly,1993-2016
C3S,ECMWF,dynamical,2026-10-01,2026-12,2,4.1467,1.3111,2.8356,ens_050,monthly,1993-2016
C3S,ECMWF,dynamical,2026-10-01,2027-01,3,3.9991,1.4526,2.5465,ens_050,monthly,1993-2016
C3S,ECMWF,dynamical,2026-10-01,2027-02,4,3.8274,1.4148,2.4126,ens_050,monthly,1993-2016
C3S,ECMWF,dynamical,2026-10-01,2027-03,5,3.667,1.4585,2.2085,ens_050,monthly,1993-2016
C3S,ECMWF,dynamical,2026-10-01,2026-10,0,3.5788,1.1031,2.4757,mean,monthly,1993-2016
C3S,ECMWF,dynamical,2026-10-01,2026-11,1,3.9936,1.2541,2.7395,mean,monthly,1993-2016
C3S,ECMWF,dynamical,2026-10-01,2026-12,2,4.181,1.3469,2.8342,mean,monthly,1993-2016
C3S,ECMWF,dynamical,2026-10-01,2027-01,3,4.1079,1.4087,2.6992,mean,monthly,1993-2016
C3S,ECMWF,dynamical,2026-10-01,2027-02,4,3.8323,1.4261,2.4062,mean,monthly,1993-2016
C3S,ECMWF,dynamical,2026-10-01,2027-03,5,3.4699,1.3951,2.0748,mean,monthly,1993-2016
C3S,UKMO,dynamical,2026-10-01,2026-10,0,3.3478,0.9812,2.3666,ens_000,monthly,1993-2016
C3S,UKMO,dynamical,2026-10-01,2026-11,1,3.5373,1.1166,2.4207,ens_000,monthly,1993-2016
C3S,UKMO,dynamical,2026-10-01,2026-12,2,3.6943,1.194,2.5003,ens_000,monthly,1993-2016
C3S,UKMO,dynamical,2026-10-01,2027-01,3,3.4457,1.1363,2.3094,ens_000,monthly,1993-2016
C3S,UKMO,dynamical,2026-10-01,2027-02,4,2.8807,1.0594,1.8213,ens_000,monthly,1993-2016
C3S,UKMO,dynamical,2026-10-01,2027-03,5,2.4765,0.9437,1.5328,ens_000,monthly,1993-2016
C3S,UKMO,dynamical,2026-10-01,2026-10,0,3.3309,0.977,2.3539,ens_001,monthly,1993-2016
C3S,UKMO,dynamical,2026-10-01,2026-11,1,3.5203,1.1302,2.3901,ens_001,monthly,1993-2016
C3S,UKMO,dynamical,2026-10-01,2026-12,2,3.4036,1.2155,2.1881,ens_001,monthly,1993-2016
C3S,UKMO,dynamical,2026-10-01,2027-01,3,3.1416,1.2212,1.9205,ens_001,monthly,1993-2016
C3S,UKMO,dynamical,2026-10-01,2027-02,4,2.8118,1.236,1.5758,ens_001,monthly,1993-2016
C3S,UKMO,dynamical,2026-10-01,2027-03,5,1.966,1.1533,0.8127,ens_001,monthly,1993-2016
C3S,UKMO,dynamical,2026-10-01,2026-10,0,3.3389,1.0202,2.3187,ens_002,monthly,1993-2016
C3S,UKMO,dynamical,2026-10-01,2026-11,1,3.6719,1.1903,2.4816,ens_002,monthly,1993-2016
C3S,UKMO,dynamical,2026-10-01,2026-12,2,3.7372,1.2868,2.4504,ens_002,monthly,1993-2016
C3S,UKMO,dynamical,2026-10-01,2027-01,3,3.4138,1.3286,2.0852,ens_002,monthly,1993-2016
C3S,UKMO,dynamical,2026-10-01,2027-02,4,2.9334,1.2696,1.6637,ens_002,monthly,1993-2016
C3S,UKMO,dynamical,2026-10-01,2027-03,5,2.2299,1.1028,1.1272,ens_002,monthly,1993-2016
C3S,UKMO,dynamical,2026-10-01,2026-10,0,3.3783,1.044,2.3343,ens_003,monthly,1993-2016
C3S,UKMO,dynamical,2026-10-01,2026-11,1,3.4999,1.2178,2.2821,ens_003,monthly,1993-2016
C3S,UKMO,dynamical,2026-10-01,2026-12,2,3.562,1.2572,2.3047,ens_003,monthly,1993-2016
C3S,UKMO,dynamical,2026-10-01,2027-01,3,3.4399,1.311,2.1289,ens_003,monthly,1993-2016
C3S,UKMO,dynamical,2026-10-01,2027-02,4,3.0704,1.2147,1.8556,ens_003,monthly,1993-2016
C3S,UKMO,dynamical,2026-10-01,2027-03,5,2.5549,1.0663,1.4886,ens_003,monthly,1993-2016
C3S,UKMO,dynamical,2026-10-01,2026-10,0,3.4053,1.0167,2.3886,ens_004,monthly,1993-2016
C3S,UKMO,dynamical,2026-10-01,2026-11,1,3.6471,1.1745,2.4726,ens_004,monthly,1993-2016
C3S,UKMO,dynamical,2026-10-01,2026-12,2,3.5758,1.1626,2.4132,ens_004,monthly,1993-2016
C3S,UKMO,dynamical,2026-10-01,2027-01,3,3.4842,1.1982,2.286,ens_004,monthly,1993-2016
C3S,UKMO,dynamical,2026-10-01,2027-02,4,2.8367,1.1165,1.7201,ens_004,monthly,1993-2016
C3S,UKMO,dynamical,2026-10-01,2027-03,5,2.0864,0.9717,1.1146,ens_004,monthly,1993-2016
C3S,UKMO,dynamical,2026-10-01,2026-10,0,3.3269,0.9875,2.3393,ens_005,monthly,1993-2016
C3S,UKMO,dynamical,2026-10-01,2026-11,1,3.6229,1.1475,2.4753,ens_005,monthly,1993-2016
C3S,UKMO,dynamical,2026-10-01,2026-12,2,3.6554,1.1659,2.4895,ens_005,monthly,1993-2016
C3S,UKMO,dynamical,2026-10-01,2027-01,3,3.2855,1.105,2.1805,ens_005,monthly,1993-2016
C3S,UKMO,dynamical,2026-10-01,2027-02,4,2.7023,1.0964,1.6059,ens_005,monthly,1993-2016
C3S,UKMO,dynamical,2026-10-01,2027-03,5,1.9828,1.0608,0.922,ens_005,monthly,1993-2016
C3S,UKMO,dynamical,2026-10-01,2026-10,0,3.3755,1.0222,2.3533,ens_006,monthly,1993-2016
C3S,UKMO,dynamical,2026-10-01,2026-11,1,3.6444,1.1604,2.4839,ens_006,monthly,1993-2016
C3S,UKMO,dynamical,2026-10-01,2026-12,2,3.5737,1.2137,2.3601,ens_006,monthly,1993-2016
C3S,UKMO,dynamical,2026-10-01,2027-01,3,3.3406,1.1518,2.1888,ens_006,monthly,1993-2016
C3S,UKMO,dynamical,2026-10-01,2027-02,4,2.9319,1.0914,1.8405,ens_006,monthly,1993-2016
C3S,UKMO,dynamical,2026-10-01,2027-03,5,2.4943,1.0797,1.4146,ens_006,monthly,1993-2016
C3S,UKMO,dynamical,2026-10-01,2026-10,0,3.4195,0.9961,2.4234,ens_007,monthly,1993-2016
C3S,UKMO,dynamical,2026-10-01,2026-11,1,3.6871,1.1631,2.524,ens_007,monthly,1993-2016
C3S,UKMO,dynamical,2026-10-01,2026-12,2,3.6138,1.2308,2.383,ens_007,monthly,1993-2016
C3S,UKMO,dynamical,2026-10-01,2027-01,3,3.4123,1.2639,2.1484,ens_007,monthly,1993-2016
C3S,UKMO,dynamical,2026-10-01,2027-02,4,2.8378,1.1423,1.6954,ens_007,monthly,1993-2016
C3S,UKMO,dynamical,2026-10-01,2027-03,5,2.1525,1.0847,1.0678,ens_007,monthly,1993-2016
C3S,UKMO,dynamical,2026-10-01,2026-10,0,3.269,1.0024,2.2665,ens_008,monthly,1993-2016
C3S,UKMO,dynamical,2026-10-01,2026-11,1,3.5279,1.1517,2.3762,ens_008,monthly,1993-2016
C3S,UKMO,dynamical,2026-10-01,2026-12,2,3.4589,1.194,2.2648,ens_008,monthly,1993-2016
C3S,UKMO,dynamical,2026-10-01,2027-01,3,3.2843,1.1789,2.1055,ens_008,monthly,1993-2016
C3S,UKMO,dynamical,2026-10-01,2027-02,4,2.7521,1.1679,1.5842,ens_008,monthly,1993-2016
C3S,UKMO,dynamical,2026-10-01,2027-03,5,2.012,1.1381,0.8739,ens_008,monthly,1993-2016
C3S,UKMO,dynamical,2026-10-01,2026-10,0,3.4314,1.0413,2.3901,ens_009,monthly,1993-2016
C3S,UKMO,dynamical,2026-10-01,2026-11,1,3.7062,1.2099,2.4963,ens_009,monthly,1993-2016
C3S,UKMO,dynamical,2026-10-01,2026-12,2,3.6973,1.3996,2.2977,ens_009,monthly,1993-2016
C3S,UKMO,dynamical,2026-10-01,2027-01,3,3.517,1.3369,2.1801,ens_009,monthly,1993-2016
C3S,UKMO,dynamical,2026-10-01,2027-02,4,3.0384,1.2407,1.7977,ens_009,monthly,1993-2016
C3S,UKMO,dynamical,2026-10-01,2027-03,5,2.4509,1.1701,1.2808,ens_009,monthly,1993-2016
C3S,UKMO,dynamical,2026-10-01,2026-10,0,3.5127,1.0208,2.4919,ens_010,monthly,1993-2016
C3S,UKMO,dynamical,2026-10-01,2026-11,1,3.6845,1.1903,2.4942,ens_010,monthly,1993-2016
C3S,UKMO,dynamical,2026-10-01,2026-12,2,3.635,1.3009,2.3341,ens_010,monthly,1993-2016
C3S,UKMO,dynamical,2026-10-01,2027-01,3,3.4574,1.2383,2.2191,ens_010,monthly,1993-2016
C3S,UKMO,dynamical,2026-10-01,2027-02,4,2.9518,1.2985,1.6533,ens_010,monthly,1993-2016
C3S,UKMO,dynamical,2026-10-01,2027-03,5,2.3343,1.237,1.0974,ens_010,monthly,1993-2016
C3S,UKMO,dynamical,2026-10-01,2026-10,0,3.5127,1.0383,2.4744,ens_011,monthly,1993-2016
C3S,UKMO,dynamical,2026-10-01,2026-11,1,3.7583,1.1468,2.6116,ens_011,monthly,1993-2016
C3S,UKMO,dynamical,2026-10-01,2026-12,2,3.7541,1.2159,2.5383,ens_011,monthly,1993-2016
C3S,UKMO,dynamical,2026-10-01,2027-01,3,3.3283,1.1626,2.1657,ens_011,monthly,1993-2016
C3S,UKMO,dynamical,2026-10-01,2027-02,4,2.9058,1.0361,1.8697,ens_011,monthly,1993-2016
C3S,UKMO,dynamical,2026-10-01,2027-03,5,2.1992,0.996,1.2033,ens_011,monthly,1993-2016
C3S,UKMO,dynamical,2026-10-01,2026-10,0,3.3636,1.0178,2.3458,ens_012,monthly,1993-2016
C3S,UKMO,dynamical,2026-10-01,2026-11,1,3.5714,1.1693,2.4021,ens_012,monthly,1993-2016
C3S,UKMO,dynamical,2026-10-01,2026-12,2,3.4036,1.2363,2.1673,ens_012,monthly,1993-2016
C3S,UKMO,dynamical,2026-10-01,2027-01,3,3.3221,1.2678,2.0543,ens_012,monthly,1993-2016
C3S,UKMO,dynamical,2026-10-01,2027-02,4,2.9006,1.1822,1.7184,ens_012,monthly,1993-2016
C3S,UKMO,dynamical,2026-10-01,2027-03,5,2.1582,1.0943,1.0639,ens_012,monthly,1993-2016
C3S,UKMO,dynamical,2026-10-01,2026-10,0,3.447,1.0815,2.3655,ens_013,monthly,1993-2016
C3S,UKMO,dynamical,2026-10-01,2026-11,1,3.5378,1.1912,2.3466,ens_013,monthly,1993-2016
C3S,UKMO,dynamical,2026-10-01,2026-12,2,3.6177,1.2945,2.3232,ens_013,monthly,1993-2016
C3S,UKMO,dynamical,2026-10-01,2027-01,3,3.3093,1.2717,2.0375,ens_013,monthly,1993-2016
C3S,UKMO,dynamical,2026-10-01,2027-02,4,3.0584,1.2352,1.8232,ens_013,monthly,1993-2016
C3S,UKMO,dynamical,2026-10-01,2027-03,5,2.3169,1.2017,1.1152,ens_013,monthly,1993-2016
C3S,UKMO,dynamical,2026-10-01,2026-10,0,3.4081,0.9682,2.4399,ens_014,monthly,1993-2016
C3S,UKMO,dynamical,2026-10-01,2026-11,1,3.6042,1.0643,2.5399,ens_014,monthly,1993-2016
C3S,UKMO,dynamical,2026-10-01,2026-12,2,3.5488,1.1996,2.3492,ens_014,monthly,1993-2016
C3S,UKMO,dynamical,2026-10-01,2027-01,3,3.4052,1.172,2.2332,ens_014,monthly,1993-2016
C3S,UKMO,dynamical,2026-10-01,2027-02,4,2.9171,1.0174,1.8997,ens_014,monthly,1993-2016
C3S,UKMO,dynamical,2026-10-01,2027-03,5,2.1137,0.9854,1.1284,ens_014,monthly,1993-2016
C3S,UKMO,dynamical,2026-10-01,2026-10,0,3.4384,0.9983,2.44,ens_015,monthly,1993-2016
C3S,UKMO,dynamical,2026-10-01,2026-11,1,3.5768,1.087,2.4898,ens_015,monthly,1993-2016
C3S,UKMO,dynamical,2026-10-01,2026-12,2,3.4567,1.0865,2.3701,ens_015,monthly,1993-2016
C3S,UKMO,dynamical,2026-10-01,2027-01,3,3.3124,1.1079,2.2045,ens_015,monthly,1993-2016
C3S,UKMO,dynamical,2026-10-01,2027-02,4,2.8592,1.0721,1.7871,ens_015,monthly,1993-2016
C3S,UKMO,dynamical,2026-10-01,2027-03,5,2.2417,1.053,1.1886,ens_015,monthly,1993-2016
C3S,UKMO,dynamical,2026-10-01,2026-10,0,3.3292,1.0252,2.304,ens_016,monthly,1993-2016
C3S,UKMO,dynamical,2026-10-01,2026-11,1,3.5777,1.1625,2.4152,ens_016,monthly,1993-2016
C3S,UKMO,dynamical,2026-10-01,2026-12,2,3.5405,1.2711,2.2693,ens_016,monthly,1993-2016
C3S,UKMO,dynamical,2026-10-01,2027-01,3,3.555,1.3351,2.2199,ens_016,monthly,1993-2016
C3S,UKMO,dynamical,2026-10-01,2027-02,4,3.1942,1.1885,2.0057,ens_016,monthly,1993-2016
C3S,UKMO,dynamical,2026-10-01,2027-03,5,2.478,1.1937,1.2843,ens_016,monthly,1993-2016
C3S,UKMO,dynamical,2026-10-01,2026-10,0,3.3169,1.0161,2.3009,ens_017,monthly,1993-2016
C3S,UKMO,dynamical,2026-10-01,2026-11,1,3.5432,1.1216,2.4216,ens_017,monthly,1993-2016
C3S,UKMO,dynamical,2026-10-01,2026-12,2,3.5883,1.1925,2.3958,ens_017,monthly,1993-2016
C3S,UKMO,dynamical,2026-10-01,2027-01,3,3.463,1.2288,2.2342,ens_017,monthly,1993-2016
C3S,UKMO,dynamical,2026-10-01,2027-02,4,2.9012,1.153,1.7482,ens_017,monthly,1993-2016
C3S,UKMO,dynamical,2026-10-01,2027-03,5,2.351,1.0664,1.2846,ens_017,monthly,1993-2016
C3S,UKMO,dynamical,2026-10-01,2026-10,0,3.4191,0.9903,2.4288,ens_018,monthly,1993-2016
C3S,UKMO,dynamical,2026-10-01,2026-11,1,3.6375,1.1213,2.5162,ens_018,monthly,1993-2016
C3S,UKMO,dynamical,2026-10-01,2026-12,2,3.5498,1.2309,2.3189,ens_018,monthly,1993-2016
C3S,UKMO,dynamical,2026-10-01,2027-01,3,3.4162,1.2336,2.1827,ens_018,monthly,1993-2016
C3S,UKMO,dynamical,2026-10-01,2027-02,4,2.9001,1.1437,1.7564,ens_018,monthly,1993-2016
C3S,UKMO,dynamical,2026-10-01,2027-03,5,2.0881,1.0306,1.0575,ens_018,monthly,1993-2016
C3S,UKMO,dynamical,2026-10-01,2026-10,0,3.3456,1.0021,2.3435,ens_019,monthly,1993-2016
C3S,UKMO,dynamical,2026-10-01,2026-11,1,3.5481,1.1731,2.375,ens_019,monthly,1993-2016
C3S,UKMO,dynamical,2026-10-01,2026-12,2,3.4545,1.2306,2.2239,ens_019,monthly,1993-2016
C3S,UKMO,dynamical,2026-10-01,2027-01,3,3.0663,1.2022,1.8641,ens_019,monthly,1993-2016
C3S,UKMO,dynamical,2026-10-01,2027-02,4,2.6171,1.0924,1.5247,ens_019,monthly,1993-2016
C3S,UKMO,dynamical,2026-10-01,2027-03,5,1.9443,0.9705,0.9738,ens_019,monthly,1993-2016
C3S,UKMO,dynamical,2026-10-01,2026-10,0,3.4491,1.0062,2.4429,ens_020,monthly,1993-2016
C3S,UKMO,dynamical,2026-10-01,2026-11,1,3.564,1.1661,2.398,ens_020,monthly,1993-2016
C3S,UKMO,dynamical,2026-10-01,2026-12,2,3.545,1.2515,2.2936,ens_020,monthly,1993-2016
C3S,UKMO,dynamical,2026-10-01,2027-01,3,3.2693,1.263,2.0064,ens_020,monthly,1993-2016
C3S,UKMO,dynamical,2026-10-01,2027-02,4,2.8829,1.1508,1.7321,ens_020,monthly,1993-2016
C3S,UKMO,dynamical,2026-10-01,2027-03,5,1.9901,1.1317,0.8583,ens_020,monthly,1993-2016
C3S,UKMO,dynamical,2026-10-01,2026-10,0,3.3324,1.0118,2.3206,ens_021,monthly,1993-2016
C3S,UKMO,dynamical,2026-10-01,2026-11,1,3.5186,1.1485,2.3701,ens_021,monthly,1993-2016
C3S,UKMO,dynamical,2026-10-01,2026-12,2,3.6532,1.3384,2.3148,ens_021,monthly,1993-2016
C3S,UKMO,dynamical,2026-10-01,2027-01,3,3.3024,1.2504,2.052,ens_021,monthly,1993-2016
C3S,UKMO,dynamical,2026-10-01,2027-02,4,2.5423,1.1079,1.4344,ens_021,monthly,1993-2016
C3S,UKMO,dynamical,2026-10-01,2027-03,5,1.7757,0.9604,0.8153,ens_021,monthly,1993-2016
C3S,UKMO,dynamical,2026-10-01,2026-10,0,3.3213,0.9776,2.3437,ens_022,monthly,1993-2016
C3S,UKMO,dynamical,2026-10-01,2026-11,1,3.5697,1.1061,2.4636,ens_022,monthly,1993-2016
C3S,UKMO,dynamical,2026-10-01,2026-12,2,3.585,1.3156,2.2694,ens_022,monthly,1993-2016
C3S,UKMO,dynamical,2026-10-01,2027-01,3,3.3227,1.2794,2.0433,ens_022,monthly,1993-2016
C3S,UKMO,dynamical,2026-10-01,2027-02,4,2.9581,1.2124,1.7457,ens_022,monthly,1993-2016
C3S,UKMO,dynamical,2026-10-01,2027-03,5,2.3546,1.1104,1.2442,ens_022,monthly,1993-2016
C3S,UKMO,dynamical,2026-10-01,2026-10,0,3.346,0.9994,2.3466,ens_023,monthly,1993-2016
C3S,UKMO,dynamical,2026-10-01,2026-11,1,3.6599,1.124,2.5359,ens_023,monthly,1993-2016
C3S,UKMO,dynamical,2026-10-01,2026-12,2,3.6473,1.2203,2.427,ens_023,monthly,1993-2016
C3S,UKMO,dynamical,2026-10-01,2027-01,3,3.4394,1.2425,2.197,ens_023,monthly,1993-2016
C3S,UKMO,dynamical,2026-10-01,2027-02,4,2.7512,1.1445,1.6067,ens_023,monthly,1993-2016
C3S,UKMO,dynamical,2026-10-01,2027-03,5,2.1825,1.0768,1.1058,ens_023,monthly,1993-2016
C3S,UKMO,dynamical,2026-10-01,2026-10,0,3.4072,1.0273,2.3799,ens_024,monthly,1993-2016
C3S,UKMO,dynamical,2026-10-01,2026-11,1,3.7077,1.1995,2.5083,ens_024,monthly,1993-2016
C3S,UKMO,dynamical,2026-10-01,2026-12,2,3.5819,1.3081,2.2738,ens_024,monthly,1993-2016
C3S,UKMO,dynamical,2026-10-01,2027-01,3,3.4705,1.3554,2.1151,ens_024,monthly,1993-2016
C3S,UKMO,dynamical,2026-10-01,2027-02,4,2.8831,1.283,1.6001,ens_024,monthly,1993-2016
C3S,UKMO,dynamical,2026-10-01,2027-03,5,1.8615,1.2099,0.6516,ens_024,monthly,1993-2016
C3S,UKMO,dynamical,2026-10-01,2026-10,0,3.3985,1.0239,2.3746,ens_025,monthly,1993-2016
C3S,UKMO,dynamical,2026-10-01,2026-11,1,3.552,1.1839,2.3681,ens_025,monthly,1993-2016
C3S,UKMO,dynamical,2026-10-01,2026-12,2,3.5615,1.3098,2.2517,ens_025,monthly,1993-2016
C3S,UKMO,dynamical,2026-10-01,2027-01,3,3.2882,1.2437,2.0446,ens_025,monthly,1993-2016
C3S,UKMO,dynamical,2026-10-01,2027-02,4,2.805,1.1344,1.6706,ens_025,monthly,1993-2016
C3S,UKMO,dynamical,2026-10-01,2027-03,5,2.0445,1.0419,1.0026,ens_025,monthly,1993-2016
C3S,UKMO,dynamical,2026-10-01,2026-10,0,3.4621,1.0125,2.4496,ens_026,monthly,1993-2016
C3S,UKMO,dynamical,2026-10-01,2026-11,1,3.5966,1.0946,2.502,ens_026,monthly,1993-2016
C3S,UKMO,dynamical,2026-10-01,2026-12,2,3.6145,1.2238,2.3907,ens_026,monthly,1993-2016
C3S,UKMO,dynamical,2026-10-01,2027-01,3,3.4784,1.1395,2.3389,ens_026,monthly,1993-2016
C3S,UKMO,dynamical,2026-10-01,2027-02,4,2.7309,1.1081,1.6227,ens_026,monthly,1993-2016
C3S,UKMO,dynamical,2026-10-01,2027-03,5,1.6591,1.0128,0.6463,ens_026,monthly,1993-2016
C3S,UKMO,dynamical,2026-10-01,2026-10,0,3.4989,1.0434,2.4555,ens_027,monthly,1993-2016
C3S,UKMO,dynamical,2026-10-01,2026-11,1,3.6173,1.0281,2.5892,ens_027,monthly,1993-2016
C3S,UKMO,dynamical,2026-10-01,2026-12,2,3.6431,1.1668,2.4763,ens_027,monthly,1993-2016
C3S,UKMO,dynamical,2026-10-01,2027-01,3,3.499,1.1448,2.3542,ens_027,monthly,1993-2016
C3S,UKMO,dynamical,2026-10-01,2027-02,4,3.1511,1.0539,2.0972,ens_027,monthly,1993-2016
C3S,UKMO,dynamical,2026-10-01,2027-03,5,2.4024,1.0696,1.3328,ens_027,monthly,1993-2016
C3S,UKMO,dynamical,2026-10-01,2026-10,0,3.3851,0.9914,2.3937,ens_028,monthly,1993-2016
C3S,UKMO,dynamical,2026-10-01,2026-11,1,3.6738,1.14,2.5338,ens_028,monthly,1993-2016
C3S,UKMO,dynamical,2026-10-01,2026-12,2,3.5418,1.1906,2.3512,ens_028,monthly,1993-2016
C3S,UKMO,dynamical,2026-10-01,2027-01,3,3.3871,1.0772,2.3099,ens_028,monthly,1993-2016
C3S,UKMO,dynamical,2026-10-01,2027-02,4,2.8726,0.9877,1.8849,ens_028,monthly,1993-2016
C3S,UKMO,dynamical,2026-10-01,2027-03,5,2.2268,0.9467,1.2801,ens_028,monthly,1993-2016
C3S,UKMO,dynamical,2026-10-01,2026-10,0,3.546,1.0338,2.5122,ens_029,monthly,1993-2016
C3S,UKMO,dynamical,2026-10-01,2026-11,1,3.7044,1.0784,2.626,ens_029,monthly,1993-2016
C3S,UKMO,dynamical,2026-10-01,2026-12,2,3.5825,1.1987,2.3838,ens_029,monthly,1993-2016
C3S,UKMO,dynamical,2026-10-01,2027-01,3,3.3901,1.2132,2.177,ens_029,monthly,1993-2016
C3S,UKMO,dynamical,2026-10-01,2027-02,4,2.6978,1.085,1.6128,ens_029,monthly,1993-2016
C3S,UKMO,dynamical,2026-10-01,2027-03,5,1.7481,0.9767,0.7713,ens_029,monthly,1993-2016
C3S,UKMO,dynamical,2026-10-01,2026-10,0,3.5518,1.0689,2.4829,ens_030,monthly,1993-2016
C3S,UKMO,dynamical,2026-10-01,2026-11,1,3.8009,1.2123,2.5886,ens_030,monthly,1993-2016
C3S,UKMO,dynamical,2026-10-01,2026-12,2,3.4898,1.2644,2.2254,ens_030,monthly,1993-2016
C3S,UKMO,dynamical,2026-10-01,2027-01,3,3.3551,1.329,2.0261,ens_030,monthly,1993-2016
C3S,UKMO,dynamical,2026-10-01,2027-02,4,2.8482,1.3291,1.5191,ens_030,monthly,1993-2016
C3S,UKMO,dynamical,2026-10-01,2027-03,5,2.3763,1.226,1.1504,ens_030,monthly,1993-2016
C3S,UKMO,dynamical,2026-10-01,2026-10,0,3.4317,1.0459,2.3858,ens_031,monthly,1993-2016
C3S,UKMO,dynamical,2026-10-01,2026-11,1,3.6078,1.1433,2.4645,ens_031,monthly,1993-2016
C3S,UKMO,dynamical,2026-10-01,2026-12,2,3.5613,1.2137,2.3477,ens_031,monthly,1993-2016
C3S,UKMO,dynamical,2026-10-01,2027-01,3,3.3498,1.2501,2.0997,ens_031,monthly,1993-2016
C3S,UKMO,dynamical,2026-10-01,2027-02,4,2.911,1.1566,1.7544,ens_031,monthly,1993-2016
C3S,UKMO,dynamical,2026-10-01,2027-03,5,2.3318,1.0389,1.2929,ens_031,monthly,1993-2016
C3S,UKMO,dynamical,2026-10-01,2026-10,0,3.5047,1.0428,2.4618,ens_032,monthly,1993-2016
C3S,UKMO,dynamical,2026-10-01,2026-11,1,3.7457,1.2165,2.5292,ens_032,monthly,1993-2016
C3S,UKMO,dynamical,2026-10-01,2026-12,2,3.5552,1.2549,2.3003,ens_032,monthly,1993-2016
C3S,UKMO,dynamical,2026-10-01,2027-01,3,3.3363,1.2447,2.0917,ens_032,monthly,1993-2016
C3S,UKMO,dynamical,2026-10-01,2027-02,4,2.7505,1.1185,1.632,ens_032,monthly,1993-2016
C3S,UKMO,dynamical,2026-10-01,2027-03,5,1.8272,0.9718,0.8554,ens_032,monthly,1993-2016
C3S,UKMO,dynamical,2026-10-01,2026-10,0,3.4794,1.0728,2.4066,ens_033,monthly,1993-2016
C3S,UKMO,dynamical,2026-10-01,2026-11,1,3.7446,1.1847,2.5599,ens_033,monthly,1993-2016
C3S,UKMO,dynamical,2026-10-01,2026-12,2,3.6841,1.2695,2.4146,ens_033,monthly,1993-2016
C3S,UKMO,dynamical,2026-10-01,2027-01,3,3.3207,1.222,2.0987,ens_033,monthly,1993-2016
C3S,UKMO,dynamical,2026-10-01,2027-02,4,2.8263,1.1031,1.7233,ens_033,monthly,1993-2016
C3S,UKMO,dynamical,2026-10-01,2027-03,5,2.1259,0.942,1.1839,ens_033,monthly,1993-2016
C3S,UKMO,dynamical,2026-10-01,2026-10,0,3.3291,1.0256,2.3035,ens_034,monthly,1993-2016
C3S,UKMO,dynamical,2026-10-01,2026-11,1,3.5542,1.2023,2.3518,ens_034,monthly,1993-2016
C3S,UKMO,dynamical,2026-10-01,2026-12,2,3.7646,1.2726,2.4919,ens_034,monthly,1993-2016
C3S,UKMO,dynamical,2026-10-01,2027-01,3,3.6193,1.2437,2.3756,ens_034,monthly,1993-2016
C3S,UKMO,dynamical,2026-10-01,2027-02,4,2.9822,1.2143,1.768,ens_034,monthly,1993-2016
C3S,UKMO,dynamical,2026-10-01,2027-03,5,2.2268,1.2228,1.0041,ens_034,monthly,1993-2016
C3S,UKMO,dynamical,2026-10-01,2026-10,0,3.5599,1.0506,2.5093,ens_035,monthly,1993-2016
C3S,UKMO,dynamical,2026-10-01,2026-11,1,3.7942,1.2205,2.5737,ens_035,monthly,1993-2016
C3S,UKMO,dynamical,2026-10-01,2026-12,2,3.5834,1.2672,2.3161,ens_035,monthly,1993-2016
C3S,UKMO,dynamical,2026-10-01,2027-01,3,3.4878,1.2417,2.2461,ens_035,monthly,1993-2016
C3S,UKMO,dynamical,2026-10-01,2027-02,4,2.9334,1.0976,1.8358,ens_035,monthly,1993-2016
C3S,UKMO,dynamical,2026-10-01,2027-03,5,1.9718,1.0265,0.9454,ens_035,monthly,1993-2016
C3S,UKMO,dynamical,2026-10-01,2026-10,0,3.5126,1.0263,2.4863,ens_036,monthly,1993-2016
C3S,UKMO,dynamical,2026-10-01,2026-11,1,3.851,1.1867,2.6643,ens_036,monthly,1993-2016
C3S,UKMO,dynamical,2026-10-01,2026-12,2,3.6917,1.2295,2.4621,ens_036,monthly,1993-2016
C3S,UKMO,dynamical,2026-10-01,2027-01,3,3.4738,1.2535,2.2203,ens_036,monthly,1993-2016
C3S,UKMO,dynamical,2026-10-01,2027-02,4,2.835,1.2215,1.6135,ens_036,monthly,1993-2016
C3S,UKMO,dynamical,2026-10-01,2027-03,5,2.1465,1.0762,1.0703,ens_036,monthly,1993-2016
C3S,UKMO,dynamical,2026-10-01,2026-10,0,3.553,1.0296,2.5234,ens_037,monthly,1993-2016
C3S,UKMO,dynamical,2026-10-01,2026-11,1,3.5984,1.0693,2.529,ens_037,monthly,1993-2016
C3S,UKMO,dynamical,2026-10-01,2026-12,2,3.6601,1.2327,2.4274,ens_037,monthly,1993-2016
C3S,UKMO,dynamical,2026-10-01,2027-01,3,3.4914,1.247,2.2444,ens_037,monthly,1993-2016
C3S,UKMO,dynamical,2026-10-01,2027-02,4,2.7172,1.1446,1.5727,ens_037,monthly,1993-2016
C3S,UKMO,dynamical,2026-10-01,2027-03,5,2.0185,1.1194,0.8992,ens_037,monthly,1993-2016
C3S,UKMO,dynamical,2026-10-01,2026-10,0,3.4233,1.025,2.3983,ens_038,monthly,1993-2016
C3S,UKMO,dynamical,2026-10-01,2026-11,1,3.6361,1.1739,2.4622,ens_038,monthly,1993-2016
C3S,UKMO,dynamical,2026-10-01,2026-12,2,3.6966,1.3028,2.3938,ens_038,monthly,1993-2016
C3S,UKMO,dynamical,2026-10-01,2027-01,3,3.6298,1.3067,2.3231,ens_038,monthly,1993-2016
C3S,UKMO,dynamical,2026-10-01,2027-02,4,3.2257,1.2145,2.0113,ens_038,monthly,1993-2016
C3S,UKMO,dynamical,2026-10-01,2027-03,5,2.4373,1.2806,1.1568,ens_038,monthly,1993-2016
C3S,UKMO,dynamical,2026-10-01,2026-10,0,3.4332,1.0335,2.3997,ens_039,monthly,1993-2016
C3S,UKMO,dynamical,2026-10-01,2026-11,1,3.67,1.1563,2.5137,ens_039,monthly,1993-2016
C3S,UKMO,dynamical,2026-10-01,2026-12,2,3.5621,1.2326,2.3295,ens_039,monthly,1993-2016
C3S,UKMO,dynamical,2026-10-01,2027-01,3,3.4076,1.3104,2.0971,ens_039,monthly,1993-2016
C3S,UKMO,dynamical,2026-10-01,2027-02,4,2.9326,1.2328,1.6998,ens_039,monthly,1993-2016
C3S,UKMO,dynamical,2026-10-01,2027-03,5,2.3168,1.0892,1.2276,ens_039,monthly,1993-2016
C3S,UKMO,dynamical,2026-10-01,2026-10,0,3.4282,1.0083,2.42,ens_040,monthly,1993-2016
C3S,UKMO,dynamical,2026-10-01,2026-11,1,3.5831,1.115,2.4682,ens_040,monthly,1993-2016
C3S,UKMO,dynamical,2026-10-01,2026-12,2,3.5174,1.1395,2.3779,ens_040,monthly,1993-2016
C3S,UKMO,dynamical,2026-10-01,2027-01,3,3.3886,1.1825,2.2061,ens_040,monthly,1993-2016
C3S,UKMO,dynamical,2026-10-01,2027-02,4,2.853,1.1252,1.7278,ens_040,monthly,1993-2016
C3S,UKMO,dynamical,2026-10-01,2027-03,5,2.1626,1.03,1.1325,ens_040,monthly,1993-2016
C3S,UKMO,dynamical,2026-10-01,2026-10,0,3.4235,1.0188,2.4047,ens_041,monthly,1993-2016
C3S,UKMO,dynamical,2026-10-01,2026-11,1,3.6806,1.1452,2.5354,ens_041,monthly,1993-2016
C3S,UKMO,dynamical,2026-10-01,2026-12,2,3.4904,1.2209,2.2696,ens_041,monthly,1993-2016
C3S,UKMO,dynamical,2026-10-01,2027-01,3,3.3159,1.2353,2.0806,ens_041,monthly,1993-2016
C3S,UKMO,dynamical,2026-10-01,2027-02,4,2.828,1.1304,1.6976,ens_041,monthly,1993-2016
C3S,UKMO,dynamical,2026-10-01,2027-03,5,2.1534,0.969,1.1844,ens_041,monthly,1993-2016
C3S,UKMO,dynamical,2026-10-01,2026-10,0,3.5311,1.0519,2.4793,ens_042,monthly,1993-2016
C3S,UKMO,dynamical,2026-10-01,2026-11,1,3.7749,1.1864,2.5885,ens_042,monthly,1993-2016
C3S,UKMO,dynamical,2026-10-01,2026-12,2,3.7587,1.2488,2.5099,ens_042,monthly,1993-2016
C3S,UKMO,dynamical,2026-10-01,2027-01,3,3.7237,1.2142,2.5095,ens_042,monthly,1993-2016
C3S,UKMO,dynamical,2026-10-01,2027-02,4,3.1429,1.2803,1.8626,ens_042,monthly,1993-2016
C3S,UKMO,dynamical,2026-10-01,2027-03,5,2.5154,1.2101,1.3054,ens_042,monthly,1993-2016
C3S,UKMO,dynamical,2026-10-01,2026-10,0,3.426,1.0575,2.3685,ens_043,monthly,1993-2016
C3S,UKMO,dynamical,2026-10-01,2026-11,1,3.5827,1.1447,2.438,ens_043,monthly,1993-2016
C3S,UKMO,dynamical,2026-10-01,2026-12,2,3.5386,1.234,2.3045,ens_043,monthly,1993-2016
C3S,UKMO,dynamical,2026-10-01,2027-01,3,3.4042,1.2451,2.1591,ens_043,monthly,1993-2016
C3S,UKMO,dynamical,2026-10-01,2027-02,4,2.9471,1.1354,1.8118,ens_043,monthly,1993-2016
C3S,UKMO,dynamical,2026-10-01,2027-03,5,2.2411,1.0678,1.1733,ens_043,monthly,1993-2016
C3S,UKMO,dynamical,2026-10-01,2026-10,0,3.5341,1.0608,2.4733,ens_044,monthly,1993-2016
C3S,UKMO,dynamical,2026-10-01,2026-11,1,3.9255,1.1888,2.7367,ens_044,monthly,1993-2016
C3S,UKMO,dynamical,2026-10-01,2026-12,2,3.7512,1.233,2.5182,ens_044,monthly,1993-2016
C3S,UKMO,dynamical,2026-10-01,2027-01,3,3.4707,1.231,2.2396,ens_044,monthly,1993-2016
C3S,UKMO,dynamical,2026-10-01,2027-02,4,2.9921,1.1653,1.8267,ens_044,monthly,1993-2016
C3S,UKMO,dynamical,2026-10-01,2027-03,5,2.406,1.0866,1.3194,ens_044,monthly,1993-2016
C3S,UKMO,dynamical,2026-10-01,2026-10,0,3.5722,1.0085,2.5637,ens_045,monthly,1993-2016
C3S,UKMO,dynamical,2026-10-01,2026-11,1,3.7167,1.1751,2.5415,ens_045,monthly,1993-2016
C3S,UKMO,dynamical,2026-10-01,2026-12,2,3.6158,1.2675,2.3483,ens_045,monthly,1993-2016
C3S,UKMO,dynamical,2026-10-01,2027-01,3,3.3601,1.205,2.1552,ens_045,monthly,1993-2016
C3S,UKMO,dynamical,2026-10-01,2027-02,4,3.0004,1.1986,1.8018,ens_045,monthly,1993-2016
C3S,UKMO,dynamical,2026-10-01,2027-03,5,2.4359,1.1418,1.2941,ens_045,monthly,1993-2016
C3S,UKMO,dynamical,2026-10-01,2026-10,0,3.336,1.0136,2.3224,ens_046,monthly,1993-2016
C3S,UKMO,dynamical,2026-10-01,2026-11,1,3.6542,1.1527,2.5015,ens_046,monthly,1993-2016
C3S,UKMO,dynamical,2026-10-01,2026-12,2,3.7439,1.3148,2.4291,ens_046,monthly,1993-2016
C3S,UKMO,dynamical,2026-10-01,2027-01,3,3.494,1.2346,2.2594,ens_046,monthly,1993-2016
C3S,UKMO,dynamical,2026-10-01,2027-02,4,3.0239,1.1209,1.903,ens_046,monthly,1993-2016
C3S,UKMO,dynamical,2026-10-01,2027-03,5,2.4606,1.0066,1.454,ens_046,monthly,1993-2016
C3S,UKMO,dynamical,2026-10-01,2026-10,0,3.5094,1.0193,2.4901,ens_047,monthly,1993-2016
C3S,UKMO,dynamical,2026-10-01,2026-11,1,3.6787,1.1649,2.5137,ens_047,monthly,1993-2016
C3S,UKMO,dynamical,2026-10-01,2026-12,2,3.6332,1.1928,2.4404,ens_047,monthly,1993-2016
C3S,UKMO,dynamical,2026-10-01,2027-01,3,3.3683,1.1623,2.206,ens_047,monthly,1993-2016
C3S,UKMO,dynamical,2026-10-01,2027-02,4,2.7352,1.059,1.6762,ens_047,monthly,1993-2016
C3S,UKMO,dynamical,2026-10-01,2027-03,5,2.2332,0.955,1.2781,ens_047,monthly,1993-2016
C3S,UKMO,dynamical,2026-10-01,2026-10,0,3.6622,0.9824,2.6799,ens_048,monthly,1993-2016
C3S,UKMO,dynamical,2026-10-01,2026-11,1,3.7231,1.1656,2.5575,ens_048,monthly,1993-2016
C3S,UKMO,dynamical,2026-10-01,2026-12,2,3.572,1.2357,2.3363,ens_048,monthly,1993-2016
C3S,UKMO,dynamical,2026-10-01,2027-01,3,3.243,1.2367,2.0063,ens_048,monthly,1993-2016
C3S,UKMO,dynamical,2026-10-01,2027-02,4,2.8467,1.1255,1.7212,ens_048,monthly,1993-2016
C3S,UKMO,dynamical,2026-10-01,2027-03,5,2.132,1.109,1.023,ens_048,monthly,1993-2016
C3S,UKMO,dynamical,2026-10-01,2026-10,0,3.6207,1.0485,2.5722,ens_049,monthly,1993-2016
C3S,UKMO,dynamical,2026-10-01,2026-11,1,3.8083,1.1374,2.6709,ens_049,monthly,1993-2016
C3S,UKMO,dynamical,2026-10-01,2026-12,2,3.5376,1.1959,2.3416,ens_049,monthly,1993-2016
C3S,UKMO,dynamical,2026-10-01,2027-01,3,3.4287,1.2161,2.2127,ens_049,monthly,1993-2016
C3S,UKMO,dynamical,2026-10-01,2027-02,4,2.7971,1.1939,1.6032,ens_049,monthly,1993-2016
C3S,UKMO,dynamical,2026-10-01,2027-03,5,2.2591,1.1245,1.1346,ens_049,monthly,1993-2016
C3S,UKMO,dynamical,2026-10-01,2026-10,0,3.4382,1.0332,2.405,ens_050,monthly,1993-2016
C3S,UKMO,dynamical,2026-10-01,2026-11,1,3.7528,1.1183,2.6345,ens_050,monthly,1993-2016
C3S,UKMO,dynamical,2026-10-01,2026-12,2,3.6802,1.1942,2.4861,ens_050,monthly,1993-2016
C3S,UKMO,dynamical,2026-10-01,2027-01,3,3.586,1.2082,2.3779,ens_050,monthly,1993-2016
C3S,UKMO,dynamical,2026-10-01,2027-02,4,3.145,1.1015,2.0435,ens_050,monthly,1993-2016
C3S,UKMO,dynamical,2026-10-01,2027-03,5,1.9292,1.0285,0.9007,ens_050,monthly,1993-2016
C3S,UKMO,dynamical,2026-10-01,2026-10,0,3.4974,1.0557,2.4416,ens_051,monthly,1993-2016
C3S,UKMO,dynamical,2026-10-01,2026-11,1,3.6271,1.1577,2.4695,ens_051,monthly,1993-2016
C3S,UKMO,dynamical,2026-10-01,2026-12,2,3.466,1.2328,2.2331,ens_051,monthly,1993-2016
C3S,UKMO,dynamical,2026-10-01,2027-01,3,3.0597,1.1884,1.8714,ens_051,monthly,1993-2016
C3S,UKMO,dynamical,2026-10-01,2027-02,4,2.5895,1.0604,1.529,ens_051,monthly,1993-2016
C3S,UKMO,dynamical,2026-10-01,2027-03,5,1.7372,1.0563,0.6809,ens_051,monthly,1993-2016
C3S,UKMO,dynamical,2026-10-01,2026-10,0,3.399,1.0713,2.3277,ens_052,monthly,1993-2016
C3S,UKMO,dynamical,2026-10-01,2026-11,1,3.7483,1.1902,2.5581,ens_052,monthly,1993-2016
C3S,UKMO,dynamical,2026-10-01,2026-12,2,3.5435,1.1714,2.3721,ens_052,monthly,1993-2016
C3S,UKMO,dynamical,2026-10-01,2027-01,3,3.2159,1.1854,2.0305,ens_052,monthly,1993-2016
C3S,UKMO,dynamical,2026-10-01,2027-02,4,2.6896,1.0113,1.6784,ens_052,monthly,1993-2016
C3S,UKMO,dynamical,2026-10-01,2027-03,5,2.1891,0.9367,1.2524,ens_052,monthly,1993-2016
C3S,UKMO,dynamical,2026-10-01,2026-10,0,3.4118,1.0675,2.3444,ens_053,monthly,1993-2016
C3S,UKMO,dynamical,2026-10-01,2026-11,1,3.5764,1.1064,2.47,ens_053,monthly,1993-2016
C3S,UKMO,dynamical,2026-10-01,2026-12,2,3.4522,1.1496,2.3026,ens_053,monthly,1993-2016
C3S,UKMO,dynamical,2026-10-01,2027-01,3,3.2368,1.1417,2.0951,ens_053,monthly,1993-2016
C3S,UKMO,dynamical,2026-10-01,2027-02,4,2.9064,1.1051,1.8013,ens_053,monthly,1993-2016
C3S,UKMO,dynamical,2026-10-01,2027-03,5,2.1627,1.0115,1.1512,ens_053,monthly,1993-2016
C3S,UKMO,dynamical,2026-10-01,2026-10,0,3.3763,1.065,2.3114,ens_054,monthly,1993-2016
C3S,UKMO,dynamical,2026-10-01,2026-11,1,3.7932,1.1151,2.6782,ens_054,monthly,1993-2016
C3S,UKMO,dynamical,2026-10-01,2026-12,2,3.676,1.1977,2.4783,ens_054,monthly,1993-2016
C3S,UKMO,dynamical,2026-10-01,2027-01,3,3.6485,1.1214,2.5271,ens_054,monthly,1993-2016
C3S,UKMO,dynamical,2026-10-01,2027-02,4,3.1255,1.107,2.0185,ens_054,monthly,1993-2016
C3S,UKMO,dynamical,2026-10-01,2027-03,5,2.2014,1.0294,1.172,ens_054,monthly,1993-2016
C3S,UKMO,dynamical,2026-10-01,2026-10,0,3.4371,1.0268,2.4103,ens_055,monthly,1993-2016
C3S,UKMO,dynamical,2026-10-01,2026-11,1,3.7748,1.0889,2.6858,ens_055,monthly,1993-2016
C3S,UKMO,dynamical,2026-10-01,2026-12,2,3.827,1.1827,2.6444,ens_055,monthly,1993-2016
C3S,UKMO,dynamical,2026-10-01,2027-01,3,3.5784,1.1752,2.4032,ens_055,monthly,1993-2016
C3S,UKMO,dynamical,2026-10-01,2027-02,4,3.0918,1.1901,1.9017,ens_055,monthly,1993-2016
C3S,UKMO,dynamical,2026-10-01,2027-03,5,2.3228,1.0722,1.2506,ens_055,monthly,1993-2016
C3S,UKMO,dynamical,2026-10-01,2026-10,0,3.4805,1.0302,2.4503,ens_056,monthly,1993-2016
C3S,UKMO,dynamical,2026-10-01,2026-11,1,3.6395,1.1409,2.4986,ens_056,monthly,1993-2016
C3S,UKMO,dynamical,2026-10-01,2026-12,2,3.6527,1.1763,2.4764,ens_056,monthly,1993-2016
C3S,UKMO,dynamical,2026-10-01,2027-01,3,3.39,1.151,2.239,ens_056,monthly,1993-2016
C3S,UKMO,dynamical,2026-10-01,2027-02,4,2.7768,1.1099,1.6668,ens_056,monthly,1993-2016
C3S,UKMO,dynamical,2026-10-01,2027-03,5,2.1341,1.0554,1.0787,ens_056,monthly,1993-2016
C3S,UKMO,dynamical,2026-10-01,2026-10,0,3.5535,1.0785,2.4749,ens_057,monthly,1993-2016
C3S,UKMO,dynamical,2026-10-01,2026-11,1,3.9401,1.2132,2.7269,ens_057,monthly,1993-2016
C3S,UKMO,dynamical,2026-10-01,2026-12,2,3.8312,1.2464,2.5848,ens_057,monthly,1993-2016
C3S,UKMO,dynamical,2026-10-01,2027-01,3,3.7058,1.2053,2.5005,ens_057,monthly,1993-2016
C3S,UKMO,dynamical,2026-10-01,2027-02,4,3.1619,1.1222,2.0398,ens_057,monthly,1993-2016
C3S,UKMO,dynamical,2026-10-01,2027-03,5,2.4539,0.9647,1.4893,ens_057,monthly,1993-2016
C3S,UKMO,dynamical,2026-10-01,2026-10,0,3.6219,1.123,2.4989,ens_058,monthly,1993-2016
C3S,UKMO,dynamical,2026-10-01,2026-11,1,3.6186,1.1836,2.435,ens_058,monthly,1993-2016
C3S,UKMO,dynamical,2026-10-01,2026-12,2,3.523,1.3039,2.2192,ens_058,monthly,1993-2016
C3S,UKMO,dynamical,2026-10-01,2027-01,3,3.3424,1.2025,2.1399,ens_058,monthly,1993-2016
C3S,UKMO,dynamical,2026-10-01,2027-02,4,2.7488,1.1244,1.6244,ens_058,monthly,1993-2016
C3S,UKMO,dynamical,2026-10-01,2027-03,5,1.9143,1.0456,0.8688,ens_058,monthly,1993-2016
C3S,UKMO,dynamical,2026-10-01,2026-10,0,3.5038,1.0193,2.4845,ens_059,monthly,1993-2016
C3S,UKMO,dynamical,2026-10-01,2026-11,1,3.6676,1.1291,2.5385,ens_059,monthly,1993-2016
C3S,UKMO,dynamical,2026-10-01,2026-12,2,3.6573,1.1875,2.4698,ens_059,monthly,1993-2016
C3S,UKMO,dynamical,2026-10-01,2027-01,3,3.2595,1.1859,2.0736,ens_059,monthly,1993-2016
C3S,UKMO,dynamical,2026-10-01,2027-02,4,2.9545,1.1597,1.7949,ens_059,monthly,1993-2016
C3S,UKMO,dynamical,2026-10-01,2027-03,5,2.2309,1.0407,1.1902,ens_059,monthly,1993-2016
C3S,UKMO,dynamical,2026-10-01,2026-10,0,3.4401,1.0273,2.4128,mean,monthly,1993-2016
C3S,UKMO,dynamical,2026-10-01,2026-11,1,3.659,1.1524,2.5066,mean,monthly,1993-2016
C3S,UKMO,dynamical,2026-10-01,2026-12,2,3.6032,1.2328,2.3704,mean,monthly,1993-2016
C3S,UKMO,dynamical,2026-10-01,2027-01,3,3.399,1.2206,2.1784,mean,monthly,1993-2016
C3S,UKMO,dynamical,2026-10-01,2027-02,4,2.8932,1.1463,1.7469,mean,monthly,1993-2016
C3S,UKMO,dynamical,2026-10-01,2027-03,5,2.1822,1.0679,1.1143,mean,monthly,1993-2016
C3S,Meteo-France,dynamical,2026-10-01,2026-10,0,3.6305,1.0064,2.6241,ens_000,monthly,1993-2016
C3S,Meteo-France,dynamical,2026-10-01,2026-11,1,4.2599,1.1877,3.0722,ens_000,monthly,1993-2016
C3S,Meteo-France,dynamical,2026-10-01,2026-12,2,3.8908,1.1884,2.7024,ens_000,monthly,1993-2016
C3S,Meteo-France,dynamical,2026-10-01,2027-01,3,3.7227,1.1897,2.533,ens_000,monthly,1993-2016
C3S,Meteo-France,dynamical,2026-10-01,2027-02,4,2.9933,1.1875,1.8058,ens_000,monthly,1993-2016
C3S,Meteo-France,dynamical,2026-10-01,2027-03,5,1.8248,1.0194,0.8054,ens_000,monthly,1993-2016
C3S,Meteo-France,dynamical,2026-10-01,2026-10,0,3.9124,1.0261,2.8864,ens_001,monthly,1993-2016
C3S,Meteo-France,dynamical,2026-10-01,2026-11,1,4.26,1.2453,3.0147,ens_001,monthly,1993-2016
C3S,Meteo-France,dynamical,2026-10-01,2026-12,2,4.3549,1.2284,3.1265,ens_001,monthly,1993-2016
C3S,Meteo-France,dynamical,2026-10-01,2027-01,3,3.8931,1.253,2.6401,ens_001,monthly,1993-2016
C3S,Meteo-France,dynamical,2026-10-01,2027-02,4,3.1526,1.1802,1.9724,ens_001,monthly,1993-2016
C3S,Meteo-France,dynamical,2026-10-01,2027-03,5,2.3492,1.131,1.2182,ens_001,monthly,1993-2016
C3S,Meteo-France,dynamical,2026-10-01,2026-10,0,3.8259,0.9922,2.8337,ens_002,monthly,1993-2016
C3S,Meteo-France,dynamical,2026-10-01,2026-11,1,4.216,1.1763,3.0398,ens_002,monthly,1993-2016
C3S,Meteo-France,dynamical,2026-10-01,2026-12,2,4.3305,1.2705,3.06,ens_002,monthly,1993-2016
C3S,Meteo-France,dynamical,2026-10-01,2027-01,3,3.9637,1.3041,2.6596,ens_002,monthly,1993-2016
C3S,Meteo-France,dynamical,2026-10-01,2027-02,4,3.0601,1.2935,1.7666,ens_002,monthly,1993-2016
C3S,Meteo-France,dynamical,2026-10-01,2027-03,5,1.9837,1.2009,0.7828,ens_002,monthly,1993-2016
C3S,Meteo-France,dynamical,2026-10-01,2026-10,0,3.8439,1.029,2.815,ens_003,monthly,1993-2016
C3S,Meteo-France,dynamical,2026-10-01,2026-11,1,4.0704,1.093,2.9774,ens_003,monthly,1993-2016
C3S,Meteo-France,dynamical,2026-10-01,2026-12,2,4.0589,1.106,2.953,ens_003,monthly,1993-2016
C3S,Meteo-France,dynamical,2026-10-01,2027-01,3,3.6835,1.0361,2.6474,ens_003,monthly,1993-2016
C3S,Meteo-France,dynamical,2026-10-01,2027-02,4,3.1069,1.1042,2.0027,ens_003,monthly,1993-2016
C3S,Meteo-France,dynamical,2026-10-01,2027-03,5,2.4017,0.9489,1.4528,ens_003,monthly,1993-2016
C3S,Meteo-France,dynamical,2026-10-01,2026-10,0,3.9448,1.0178,2.927,ens_004,monthly,1993-2016
C3S,Meteo-France,dynamical,2026-10-01,2026-11,1,4.2065,1.134,3.0724,ens_004,monthly,1993-2016
C3S,Meteo-France,dynamical,2026-10-01,2026-12,2,4.0021,1.164,2.838,ens_004,monthly,1993-2016
C3S,Meteo-France,dynamical,2026-10-01,2027-01,3,3.8399,1.1338,2.7061,ens_004,monthly,1993-2016
C3S,Meteo-France,dynamical,2026-10-01,2027-02,4,2.8429,1.0928,1.7501,ens_004,monthly,1993-2016
C3S,Meteo-France,dynamical,2026-10-01,2027-03,5,1.5552,1.0157,0.5395,ens_004,monthly,1993-2016
C3S,Meteo-France,dynamical,2026-10-01,2026-10,0,3.8517,0.9775,2.8742,ens_005,monthly,1993-2016
C3S,Meteo-France,dynamical,2026-10-01,2026-11,1,3.8686,1.0738,2.7948,ens_005,monthly,1993-2016
C3S,Meteo-France,dynamical,2026-10-01,2026-12,2,3.9664,1.067,2.8994,ens_005,monthly,1993-2016
C3S,Meteo-France,dynamical,2026-10-01,2027-01,3,3.871,1.1043,2.7667,ens_005,monthly,1993-2016
C3S,Meteo-France,dynamical,2026-10-01,2027-02,4,3.0912,1.0251,2.0661,ens_005,monthly,1993-2016
C3S,Meteo-France,dynamical,2026-10-01,2027-03,5,1.8164,0.9005,0.916,ens_005,monthly,1993-2016
C3S,Meteo-France,dynamical,2026-10-01,2026-10,0,3.917,0.9666,2.9504,ens_006,monthly,1993-2016
C3S,Meteo-France,dynamical,2026-10-01,2026-11,1,4.0268,1.0483,2.9785,ens_006,monthly,1993-2016
C3S,Meteo-France,dynamical,2026-10-01,2026-12,2,4.0852,1.1349,2.9503,ens_006,monthly,1993-2016
C3S,Meteo-France,dynamical,2026-10-01,2027-01,3,3.6277,1.1807,2.447,ens_006,monthly,1993-2016
C3S,Meteo-France,dynamical,2026-10-01,2027-02,4,2.9727,1.1349,1.8377,ens_006,monthly,1993-2016
C3S,Meteo-France,dynamical,2026-10-01,2027-03,5,1.7349,0.9567,0.7783,ens_006,monthly,1993-2016
C3S,Meteo-France,dynamical,2026-10-01,2026-10,0,3.8317,1.0352,2.7965,ens_007,monthly,1993-2016
C3S,Meteo-France,dynamical,2026-10-01,2026-11,1,4.0721,1.1551,2.9169,ens_007,monthly,1993-2016
C3S,Meteo-France,dynamical,2026-10-01,2026-12,2,4.2685,1.2352,3.0333,ens_007,monthly,1993-2016
C3S,Meteo-France,dynamical,2026-10-01,2027-01,3,3.9452,1.1552,2.79,ens_007,monthly,1993-2016
C3S,Meteo-France,dynamical,2026-10-01,2027-02,4,3.2942,1.1611,2.1332,ens_007,monthly,1993-2016
C3S,Meteo-France,dynamical,2026-10-01,2027-03,5,2.3359,1.0766,1.2593,ens_007,monthly,1993-2016
C3S,Meteo-France,dynamical,2026-10-01,2026-10,0,3.8969,0.9712,2.9257,ens_008,monthly,1993-2016
C3S,Meteo-France,dynamical,2026-10-01,2026-11,1,4.2647,1.1046,3.1601,ens_008,monthly,1993-2016
C3S,Meteo-France,dynamical,2026-10-01,2026-12,2,4.3963,1.2194,3.1769,ens_008,monthly,1993-2016
C3S,Meteo-France,dynamical,2026-10-01,2027-01,3,4.0152,1.2141,2.8011,ens_008,monthly,1993-2016
C3S,Meteo-France,dynamical,2026-10-01,2027-02,4,3.2332,1.147,2.0861,ens_008,monthly,1993-2016
C3S,Meteo-France,dynamical,2026-10-01,2027-03,5,2.316,1.0677,1.2483,ens_008,monthly,1993-2016
C3S,Meteo-France,dynamical,2026-10-01,2026-10,0,4.0071,0.9964,3.0107,ens_009,monthly,1993-2016
C3S,Meteo-France,dynamical,2026-10-01,2026-11,1,4.245,1.2027,3.0424,ens_009,monthly,1993-2016
C3S,Meteo-France,dynamical,2026-10-01,2026-12,2,4.4772,1.2324,3.2448,ens_009,monthly,1993-2016
C3S,Meteo-France,dynamical,2026-10-01,2027-01,3,4.0964,1.1761,2.9203,ens_009,monthly,1993-2016
C3S,Meteo-France,dynamical,2026-10-01,2027-02,4,3.1512,1.0855,2.0657,ens_009,monthly,1993-2016
C3S,Meteo-France,dynamical,2026-10-01,2027-03,5,2.4296,1.1684,1.2612,ens_009,monthly,1993-2016
C3S,Meteo-France,dynamical,2026-10-01,2026-10,0,3.9271,0.996,2.9311,ens_010,monthly,1993-2016
C3S,Meteo-France,dynamical,2026-10-01,2026-11,1,4.2325,1.0871,3.1454,ens_010,monthly,1993-2016
C3S,Meteo-France,dynamical,2026-10-01,2026-12,2,4.2074,1.0434,3.164,ens_010,monthly,1993-2016
C3S,Meteo-France,dynamical,2026-10-01,2027-01,3,3.788,1.0957,2.6923,ens_010,monthly,1993-2016
C3S,Meteo-France,dynamical,2026-10-01,2027-02,4,3.0547,1.1384,1.9163,ens_010,monthly,1993-2016
C3S,Meteo-France,dynamical,2026-10-01,2027-03,5,1.9922,1.0333,0.9589,ens_010,monthly,1993-2016
C3S,Meteo-France,dynamical,2026-10-01,2026-10,0,3.7238,1.011,2.7128,ens_011,monthly,1993-2016
C3S,Meteo-France,dynamical,2026-10-01,2026-11,1,4.079,1.1159,2.9631,ens_011,monthly,1993-2016
C3S,Meteo-France,dynamical,2026-10-01,2026-12,2,4.2537,1.2082,3.0455,ens_011,monthly,1993-2016
C3S,Meteo-France,dynamical,2026-10-01,2027-01,3,4.0039,1.2727,2.7312,ens_011,monthly,1993-2016
C3S,Meteo-France,dynamical,2026-10-01,2027-02,4,3.0783,1.2538,1.8245,ens_011,monthly,1993-2016
C3S,Meteo-France,dynamical,2026-10-01,2027-03,5,2.1679,1.1018,1.0661,ens_011,monthly,1993-2016
C3S,Meteo-France,dynamical,2026-10-01,2026-10,0,3.7724,0.9678,2.8046,ens_012,monthly,1993-2016
C3S,Meteo-France,dynamical,2026-10-01,2026-11,1,4.0974,1.1194,2.978,ens_012,monthly,1993-2016
C3S,Meteo-France,dynamical,2026-10-01,2026-12,2,4.0992,1.2052,2.894,ens_012,monthly,1993-2016
C3S,Meteo-France,dynamical,2026-10-01,2027-01,3,3.457,1.1981,2.2589,ens_012,monthly,1993-2016
C3S,Meteo-France,dynamical,2026-10-01,2027-02,4,2.512,1.125,1.3871,ens_012,monthly,1993-2016
C3S,Meteo-France,dynamical,2026-10-01,2027-03,5,1.4544,0.9428,0.5116,ens_012,monthly,1993-2016
C3S,Meteo-France,dynamical,2026-10-01,2026-10,0,3.7652,0.9881,2.7771,ens_013,monthly,1993-2016
C3S,Meteo-France,dynamical,2026-10-01,2026-11,1,4.0599,1.1289,2.931,ens_013,monthly,1993-2016
C3S,Meteo-France,dynamical,2026-10-01,2026-12,2,4.2404,1.2749,2.9655,ens_013,monthly,1993-2016
C3S,Meteo-France,dynamical,2026-10-01,2027-01,3,3.9241,1.2115,2.7125,ens_013,monthly,1993-2016
C3S,Meteo-France,dynamical,2026-10-01,2027-02,4,2.9457,1.0392,1.9066,ens_013,monthly,1993-2016
C3S,Meteo-France,dynamical,2026-10-01,2027-03,5,1.845,1.0024,0.8426,ens_013,monthly,1993-2016
C3S,Meteo-France,dynamical,2026-10-01,2026-10,0,3.7813,1.0613,2.72,ens_014,monthly,1993-2016
C3S,Meteo-France,dynamical,2026-10-01,2026-11,1,4.0923,1.1523,2.94,ens_014,monthly,1993-2016
C3S,Meteo-France,dynamical,2026-10-01,2026-12,2,4.2348,1.2412,2.9936,ens_014,monthly,1993-2016
C3S,Meteo-France,dynamical,2026-10-01,2027-01,3,3.843,1.2697,2.5733,ens_014,monthly,1993-2016
C3S,Meteo-France,dynamical,2026-10-01,2027-02,4,3.046,1.1163,1.9297,ens_014,monthly,1993-2016
C3S,Meteo-France,dynamical,2026-10-01,2027-03,5,1.8726,0.9893,0.8833,ens_014,monthly,1993-2016
C3S,Meteo-France,dynamical,2026-10-01,2026-10,0,3.8589,0.9595,2.8993,ens_015,monthly,1993-2016
C3S,Meteo-France,dynamical,2026-10-01,2026-11,1,4.09,1.0909,2.9991,ens_015,monthly,1993-2016
C3S,Meteo-France,dynamical,2026-10-01,2026-12,2,4.1503,1.0429,3.1074,ens_015,monthly,1993-2016
C3S,Meteo-France,dynamical,2026-10-01,2027-01,3,3.6963,1.0606,2.6356,ens_015,monthly,1993-2016
C3S,Meteo-France,dynamical,2026-10-01,2027-02,4,3.1113,1.0145,2.0967,ens_015,monthly,1993-2016
C3S,Meteo-France,dynamical,2026-10-01,2027-03,5,1.7666,0.9134,0.8532,ens_015,monthly,1993-2016
C3S,Meteo-France,dynamical,2026-10-01,2026-10,0,3.8597,1.0281,2.8316,ens_016,monthly,1993-2016
C3S,Meteo-France,dynamical,2026-10-01,2026-11,1,4.3054,1.15,3.1554,ens_016,monthly,1993-2016
C3S,Meteo-France,dynamical,2026-10-01,2026-12,2,4.2017,1.1333,3.0683,ens_016,monthly,1993-2016
C3S,Meteo-France,dynamical,2026-10-01,2027-01,3,3.5348,1.168,2.3667,ens_016,monthly,1993-2016
C3S,Meteo-France,dynamical,2026-10-01,2027-02,4,2.5534,1.0841,1.4694,ens_016,monthly,1993-2016
C3S,Meteo-France,dynamical,2026-10-01,2027-03,5,1.8342,1.0191,0.8151,ens_016,monthly,1993-2016
C3S,Meteo-France,dynamical,2026-10-01,2026-10,0,3.8726,0.9889,2.8837,ens_017,monthly,1993-2016
C3S,Meteo-France,dynamical,2026-10-01,2026-11,1,3.9441,1.1598,2.7843,ens_017,monthly,1993-2016
C3S,Meteo-France,dynamical,2026-10-01,2026-12,2,4.1865,1.2627,2.9238,ens_017,monthly,1993-2016
C3S,Meteo-France,dynamical,2026-10-01,2027-01,3,3.9223,1.2269,2.6955,ens_017,monthly,1993-2016
C3S,Meteo-France,dynamical,2026-10-01,2027-02,4,2.8774,1.0485,1.8289,ens_017,monthly,1993-2016
C3S,Meteo-France,dynamical,2026-10-01,2027-03,5,1.7056,1.0077,0.6979,ens_017,monthly,1993-2016
C3S,Meteo-France,dynamical,2026-10-01,2026-10,0,3.8999,1.0051,2.8948,ens_018,monthly,1993-2016
C3S,Meteo-France,dynamical,2026-10-01,2026-11,1,4.0284,1.0638,2.9646,ens_018,monthly,1993-2016
C3S,Meteo-France,dynamical,2026-10-01,2026-12,2,4.3158,1.1983,3.1175,ens_018,monthly,1993-2016
C3S,Meteo-France,dynamical,2026-10-01,2027-01,3,4.0518,1.1564,2.8953,ens_018,monthly,1993-2016
C3S,Meteo-France,dynamical,2026-10-01,2027-02,4,3.1418,1.1177,2.0241,ens_018,monthly,1993-2016
C3S,Meteo-France,dynamical,2026-10-01,2027-03,5,2.3299,1.1223,1.2075,ens_018,monthly,1993-2016
C3S,Meteo-France,dynamical,2026-10-01,2026-10,0,4.0031,1.0196,2.9835,ens_019,monthly,1993-2016
C3S,Meteo-France,dynamical,2026-10-01,2026-11,1,4.1214,1.0736,3.0478,ens_019,monthly,1993-2016
C3S,Meteo-France,dynamical,2026-10-01,2026-12,2,4.3765,1.1606,3.2159,ens_019,monthly,1993-2016
C3S,Meteo-France,dynamical,2026-10-01,2027-01,3,3.9924,1.2594,2.733,ens_019,monthly,1993-2016
C3S,Meteo-France,dynamical,2026-10-01,2027-02,4,3.3546,1.0943,2.2603,ens_019,monthly,1993-2016
C3S,Meteo-France,dynamical,2026-10-01,2027-03,5,2.3757,1.0341,1.3416,ens_019,monthly,1993-2016
C3S,Meteo-France,dynamical,2026-10-01,2026-10,0,3.8553,0.9842,2.8711,ens_020,monthly,1993-2016
C3S,Meteo-France,dynamical,2026-10-01,2026-11,1,4.3408,1.2443,3.0965,ens_020,monthly,1993-2016
C3S,Meteo-France,dynamical,2026-10-01,2026-12,2,4.4254,1.2399,3.1855,ens_020,monthly,1993-2016
C3S,Meteo-France,dynamical,2026-10-01,2027-01,3,3.9391,1.2509,2.6883,ens_020,monthly,1993-2016
C3S,Meteo-France,dynamical,2026-10-01,2027-02,4,2.9638,1.1143,1.8495,ens_020,monthly,1993-2016
C3S,Meteo-France,dynamical,2026-10-01,2027-03,5,1.8443,0.9327,0.9117,ens_020,monthly,1993-2016
C3S,Meteo-France,dynamical,2026-10-01,2026-10,0,3.8351,1.0102,2.8249,ens_021,monthly,1993-2016
C3S,Meteo-France,dynamical,2026-10-01,2026-11,1,4.2254,1.1039,3.1215,ens_021,monthly,1993-2016
C3S,Meteo-France,dynamical,2026-10-01,2026-12,2,4.1539,1.1915,2.9624,ens_021,monthly,1993-2016
C3S,Meteo-France,dynamical,2026-10-01,2027-01,3,3.9177,1.1943,2.7234,ens_021,monthly,1993-2016
C3S,Meteo-France,dynamical,2026-10-01,2027-02,4,2.9752,1.2089,1.7663,ens_021,monthly,1993-2016
C3S,Meteo-France,dynamical,2026-10-01,2027-03,5,1.7883,0.9771,0.8112,ens_021,monthly,1993-2016
C3S,Meteo-France,dynamical,2026-10-01,2026-10,0,3.8746,1.0094,2.8652,ens_022,monthly,1993-2016
C3S,Meteo-France,dynamical,2026-10-01,2026-11,1,4.0818,1.1634,2.9184,ens_022,monthly,1993-2016
C3S,Meteo-France,dynamical,2026-10-01,2026-12,2,4.1825,1.209,2.9735,ens_022,monthly,1993-2016
C3S,Meteo-France,dynamical,2026-10-01,2027-01,3,3.9861,1.1717,2.8143,ens_022,monthly,1993-2016
C3S,Meteo-France,dynamical,2026-10-01,2027-02,4,2.7154,1.0735,1.6419,ens_022,monthly,1993-2016
C3S,Meteo-France,dynamical,2026-10-01,2027-03,5,1.3217,0.9724,0.3493,ens_022,monthly,1993-2016
C3S,Meteo-France,dynamical,2026-10-01,2026-10,0,3.8166,0.9911,2.8255,ens_023,monthly,1993-2016
C3S,Meteo-France,dynamical,2026-10-01,2026-11,1,4.0763,1.0226,3.0537,ens_023,monthly,1993-2016
C3S,Meteo-France,dynamical,2026-10-01,2026-12,2,4.1005,1.1603,2.9402,ens_023,monthly,1993-2016
C3S,Meteo-France,dynamical,2026-10-01,2027-01,3,3.8047,1.1677,2.6369,ens_023,monthly,1993-2016
C3S,Meteo-France,dynamical,2026-10-01,2027-02,4,2.9724,1.008,1.9644,ens_023,monthly,1993-2016
C3S,Meteo-France,dynamical,2026-10-01,2027-03,5,2.1902,0.9576,1.2326,ens_023,monthly,1993-2016
C3S,Meteo-France,dynamical,2026-10-01,2026-10,0,3.8377,0.9691,2.8686,ens_024,monthly,1993-2016
C3S,Meteo-France,dynamical,2026-10-01,2026-11,1,4.0049,1.0658,2.9392,ens_024,monthly,1993-2016
C3S,Meteo-France,dynamical,2026-10-01,2026-12,2,4.064,1.0251,3.0389,ens_024,monthly,1993-2016
C3S,Meteo-France,dynamical,2026-10-01,2027-01,3,3.6617,1.0772,2.5846,ens_024,monthly,1993-2016
C3S,Meteo-France,dynamical,2026-10-01,2027-02,4,2.7464,1.0168,1.7296,ens_024,monthly,1993-2016
C3S,Meteo-France,dynamical,2026-10-01,2027-03,5,1.5367,0.9392,0.5974,ens_024,monthly,1993-2016
C3S,Meteo-France,dynamical,2026-10-01,2026-10,0,3.8872,1.0218,2.8654,ens_025,monthly,1993-2016
C3S,Meteo-France,dynamical,2026-10-01,2026-11,1,4.1076,1.1228,2.9848,ens_025,monthly,1993-2016
C3S,Meteo-France,dynamical,2026-10-01,2026-12,2,4.3162,1.2244,3.0918,ens_025,monthly,1993-2016
C3S,Meteo-France,dynamical,2026-10-01,2027-01,3,4.0479,1.2411,2.8068,ens_025,monthly,1993-2016
C3S,Meteo-France,dynamical,2026-10-01,2027-02,4,3.2849,1.2008,2.084,ens_025,monthly,1993-2016
C3S,Meteo-France,dynamical,2026-10-01,2027-03,5,1.9925,1.1152,0.8773,ens_025,monthly,1993-2016
C3S,Meteo-France,dynamical,2026-10-01,2026-10,0,3.8929,0.9828,2.9102,ens_026,monthly,1993-2016
C3S,Meteo-France,dynamical,2026-10-01,2026-11,1,4.1684,1.0758,3.0926,ens_026,monthly,1993-2016
C3S,Meteo-France,dynamical,2026-10-01,2026-12,2,4.2772,1.0511,3.226,ens_026,monthly,1993-2016
C3S,Meteo-France,dynamical,2026-10-01,2027-01,3,3.9662,1.1377,2.8285,ens_026,monthly,1993-2016
C3S,Meteo-France,dynamical,2026-10-01,2027-02,4,3.2588,1.0018,2.257,ens_026,monthly,1993-2016
C3S,Meteo-France,dynamical,2026-10-01,2027-03,5,2.1998,0.9315,1.2684,ens_026,monthly,1993-2016
C3S,Meteo-France,dynamical,2026-10-01,2026-10,0,3.6177,0.962,2.6557,ens_027,monthly,1993-2016
C3S,Meteo-France,dynamical,2026-10-01,2026-11,1,3.9857,1.0966,2.8891,ens_027,monthly,1993-2016
C3S,Meteo-France,dynamical,2026-10-01,2026-12,2,4.1162,1.1514,2.9648,ens_027,monthly,1993-2016
C3S,Meteo-France,dynamical,2026-10-01,2027-01,3,3.726,1.2316,2.4943,ens_027,monthly,1993-2016
C3S,Meteo-France,dynamical,2026-10-01,2027-02,4,2.6957,1.1055,1.5902,ens_027,monthly,1993-2016
C3S,Meteo-France,dynamical,2026-10-01,2027-03,5,1.7062,1.0051,0.701,ens_027,monthly,1993-2016
C3S,Meteo-France,dynamical,2026-10-01,2026-10,0,3.7864,1.0006,2.7858,ens_028,monthly,1993-2016
C3S,Meteo-France,dynamical,2026-10-01,2026-11,1,4.1398,1.0853,3.0545,ens_028,monthly,1993-2016
C3S,Meteo-France,dynamical,2026-10-01,2026-12,2,4.1946,1.0856,3.109,ens_028,monthly,1993-2016
C3S,Meteo-France,dynamical,2026-10-01,2027-01,3,3.736,1.0927,2.6433,ens_028,monthly,1993-2016
C3S,Meteo-France,dynamical,2026-10-01,2027-02,4,2.9145,1.0338,1.8807,ens_028,monthly,1993-2016
C3S,Meteo-France,dynamical,2026-10-01,2027-03,5,1.8775,0.8959,0.9816,ens_028,monthly,1993-2016
C3S,Meteo-France,dynamical,2026-10-01,2026-10,0,3.8328,1.0399,2.7929,ens_029,monthly,1993-2016
C3S,Meteo-France,dynamical,2026-10-01,2026-11,1,4.2411,1.1225,3.1186,ens_029,monthly,1993-2016
C3S,Meteo-France,dynamical,2026-10-01,2026-12,2,4.2697,1.0885,3.1813,ens_029,monthly,1993-2016
C3S,Meteo-France,dynamical,2026-10-01,2027-01,3,3.588,1.0204,2.5676,ens_029,monthly,1993-2016
C3S,Meteo-France,dynamical,2026-10-01,2027-02,4,2.7541,0.9675,1.7867,ens_029,monthly,1993-2016
C3S,Meteo-France,dynamical,2026-10-01,2027-03,5,2.1011,0.9416,1.1596,ens_029,monthly,1993-2016
C3S,Meteo-France,dynamical,2026-10-01,2026-10,0,3.9522,1.0422,2.9101,ens_030,monthly,1993-2016
C3S,Meteo-France,dynamical,2026-10-01,2026-11,1,3.9656,1.0824,2.8832,ens_030,monthly,1993-2016
C3S,Meteo-France,dynamical,2026-10-01,2026-12,2,4.259,1.1148,3.1442,ens_030,monthly,1993-2016
C3S,Meteo-France,dynamical,2026-10-01,2027-01,3,3.8352,1.149,2.6862,ens_030,monthly,1993-2016
C3S,Meteo-France,dynamical,2026-10-01,2027-02,4,2.8228,1.0867,1.7361,ens_030,monthly,1993-2016
C3S,Meteo-France,dynamical,2026-10-01,2027-03,5,1.9717,0.9442,1.0275,ens_030,monthly,1993-2016
C3S,Meteo-France,dynamical,2026-10-01,2026-10,0,3.7509,1.0529,2.698,ens_031,monthly,1993-2016
C3S,Meteo-France,dynamical,2026-10-01,2026-11,1,4.0598,1.1187,2.9412,ens_031,monthly,1993-2016
C3S,Meteo-France,dynamical,2026-10-01,2026-12,2,3.8688,1.1319,2.7369,ens_031,monthly,1993-2016
C3S,Meteo-France,dynamical,2026-10-01,2027-01,3,3.7123,1.1952,2.5171,ens_031,monthly,1993-2016
C3S,Meteo-France,dynamical,2026-10-01,2027-02,4,3.0165,1.1131,1.9034,ens_031,monthly,1993-2016
C3S,Meteo-France,dynamical,2026-10-01,2027-03,5,1.88,0.9748,0.9051,ens_031,monthly,1993-2016
C3S,Meteo-France,dynamical,2026-10-01,2026-10,0,3.7272,1.0005,2.7267,ens_032,monthly,1993-2016
C3S,Meteo-France,dynamical,2026-10-01,2026-11,1,4.1508,1.0942,3.0566,ens_032,monthly,1993-2016
C3S,Meteo-France,dynamical,2026-10-01,2026-12,2,4.2709,1.1493,3.1216,ens_032,monthly,1993-2016
C3S,Meteo-France,dynamical,2026-10-01,2027-01,3,4.1511,1.1103,3.0408,ens_032,monthly,1993-2016
C3S,Meteo-France,dynamical,2026-10-01,2027-02,4,3.1563,1.004,2.1523,ens_032,monthly,1993-2016
C3S,Meteo-France,dynamical,2026-10-01,2027-03,5,2.5103,0.9651,1.5452,ens_032,monthly,1993-2016
C3S,Meteo-France,dynamical,2026-10-01,2026-10,0,3.8627,1.0074,2.8553,ens_033,monthly,1993-2016
C3S,Meteo-France,dynamical,2026-10-01,2026-11,1,4.1583,1.0597,3.0986,ens_033,monthly,1993-2016
C3S,Meteo-France,dynamical,2026-10-01,2026-12,2,4.1961,1.1041,3.0921,ens_033,monthly,1993-2016
C3S,Meteo-France,dynamical,2026-10-01,2027-01,3,3.6888,0.989,2.6998,ens_033,monthly,1993-2016
C3S,Meteo-France,dynamical,2026-10-01,2027-02,4,3.086,0.9082,2.1778,ens_033,monthly,1993-2016
C3S,Meteo-France,dynamical,2026-10-01,2027-03,5,2.0158,0.7541,1.2617,ens_033,monthly,1993-2016
C3S,Meteo-France,dynamical,2026-10-01,2026-10,0,3.6677,1.0471,2.6207,ens_034,monthly,1993-2016
C3S,Meteo-France,dynamical,2026-10-01,2026-11,1,4.275,1.1742,3.1008,ens_034,monthly,1993-2016
C3S,Meteo-France,dynamical,2026-10-01,2026-12,2,4.1138,1.2099,2.9039,ens_034,monthly,1993-2016
C3S,Meteo-France,dynamical,2026-10-01,2027-01,3,3.7431,1.1541,2.589,ens_034,monthly,1993-2016
C3S,Meteo-France,dynamical,2026-10-01,2027-02,4,2.7506,1.0179,1.7326,ens_034,monthly,1993-2016
C3S,Meteo-France,dynamical,2026-10-01,2027-03,5,1.8673,0.944,0.9233,ens_034,monthly,1993-2016
C3S,Meteo-France,dynamical,2026-10-01,2026-10,0,3.7032,1.0019,2.7013,ens_035,monthly,1993-2016
C3S,Meteo-France,dynamical,2026-10-01,2026-11,1,4.1178,1.1503,2.9675,ens_035,monthly,1993-2016
C3S,Meteo-France,dynamical,2026-10-01,2026-12,2,4.1819,1.2387,2.9432,ens_035,monthly,1993-2016
C3S,Meteo-France,dynamical,2026-10-01,2027-01,3,3.7698,1.2041,2.5657,ens_035,monthly,1993-2016
C3S,Meteo-France,dynamical,2026-10-01,2027-02,4,3.1556,1.1366,2.019,ens_035,monthly,1993-2016
C3S,Meteo-France,dynamical,2026-10-01,2027-03,5,2.2153,1.0324,1.1829,ens_035,monthly,1993-2016
C3S,Meteo-France,dynamical,2026-10-01,2026-10,0,3.8029,1.0071,2.7958,ens_036,monthly,1993-2016
C3S,Meteo-France,dynamical,2026-10-01,2026-11,1,4.1407,1.0284,3.1123,ens_036,monthly,1993-2016
C3S,Meteo-France,dynamical,2026-10-01,2026-12,2,4.2794,1.0223,3.2571,ens_036,monthly,1993-2016
C3S,Meteo-France,dynamical,2026-10-01,2027-01,3,3.904,1.1841,2.7199,ens_036,monthly,1993-2016
C3S,Meteo-France,dynamical,2026-10-01,2027-02,4,3.066,1.0497,2.0163,ens_036,monthly,1993-2016
C3S,Meteo-France,dynamical,2026-10-01,2027-03,5,1.9677,1.1092,0.8585,ens_036,monthly,1993-2016
C3S,Meteo-France,dynamical,2026-10-01,2026-10,0,3.7913,1.0262,2.765,ens_037,monthly,1993-2016
C3S,Meteo-France,dynamical,2026-10-01,2026-11,1,4.2132,1.1759,3.0373,ens_037,monthly,1993-2016
C3S,Meteo-France,dynamical,2026-10-01,2026-12,2,4.259,1.3069,2.9521,ens_037,monthly,1993-2016
C3S,Meteo-France,dynamical,2026-10-01,2027-01,3,3.9539,1.238,2.7159,ens_037,monthly,1993-2016
C3S,Meteo-France,dynamical,2026-10-01,2027-02,4,3.1095,1.0649,2.0446,ens_037,monthly,1993-2016
C3S,Meteo-France,dynamical,2026-10-01,2027-03,5,1.9829,0.9191,1.0639,ens_037,monthly,1993-2016
C3S,Meteo-France,dynamical,2026-10-01,2026-10,0,3.9858,1.0341,2.9517,ens_038,monthly,1993-2016
C3S,Meteo-France,dynamical,2026-10-01,2026-11,1,4.1236,1.1813,2.9423,ens_038,monthly,1993-2016
C3S,Meteo-France,dynamical,2026-10-01,2026-12,2,4.1398,1.1645,2.9753,ens_038,monthly,1993-2016
C3S,Meteo-France,dynamical,2026-10-01,2027-01,3,3.8038,1.1764,2.6274,ens_038,monthly,1993-2016
C3S,Meteo-France,dynamical,2026-10-01,2027-02,4,3.0326,1.0362,1.9965,ens_038,monthly,1993-2016
C3S,Meteo-France,dynamical,2026-10-01,2027-03,5,1.9305,0.9573,0.9732,ens_038,monthly,1993-2016
C3S,Meteo-France,dynamical,2026-10-01,2026-10,0,3.7395,0.9964,2.7431,ens_039,monthly,1993-2016
C3S,Meteo-France,dynamical,2026-10-01,2026-11,1,4.2347,1.1332,3.1015,ens_039,monthly,1993-2016
C3S,Meteo-France,dynamical,2026-10-01,2026-12,2,4.033,1.1604,2.8726,ens_039,monthly,1993-2016
C3S,Meteo-France,dynamical,2026-10-01,2027-01,3,3.9388,1.0328,2.906,ens_039,monthly,1993-2016
C3S,Meteo-France,dynamical,2026-10-01,2027-02,4,3.3499,1.0915,2.2584,ens_039,monthly,1993-2016
C3S,Meteo-France,dynamical,2026-10-01,2027-03,5,2.391,1.0482,1.3428,ens_039,monthly,1993-2016
C3S,Meteo-France,dynamical,2026-10-01,2026-10,0,3.7748,0.984,2.7908,ens_040,monthly,1993-2016
C3S,Meteo-France,dynamical,2026-10-01,2026-11,1,4.1994,1.1443,3.0551,ens_040,monthly,1993-2016
C3S,Meteo-France,dynamical,2026-10-01,2026-12,2,4.2715,1.1694,3.102,ens_040,monthly,1993-2016
C3S,Meteo-France,dynamical,2026-10-01,2027-01,3,3.996,1.1528,2.8432,ens_040,monthly,1993-2016
C3S,Meteo-France,dynamical,2026-10-01,2027-02,4,3.1829,1.0429,2.14,ens_040,monthly,1993-2016
C3S,Meteo-France,dynamical,2026-10-01,2027-03,5,2.2188,0.9588,1.26,ens_040,monthly,1993-2016
C3S,Meteo-France,dynamical,2026-10-01,2026-10,0,3.7714,0.9947,2.7767,ens_041,monthly,1993-2016
C3S,Meteo-France,dynamical,2026-10-01,2026-11,1,4.1631,1.1716,2.9914,ens_041,monthly,1993-2016
C3S,Meteo-France,dynamical,2026-10-01,2026-12,2,4.208,1.1749,3.0331,ens_041,monthly,1993-2016
C3S,Meteo-France,dynamical,2026-10-01,2027-01,3,3.8429,1.1662,2.6767,ens_041,monthly,1993-2016
C3S,Meteo-France,dynamical,2026-10-01,2027-02,4,2.812,1.1586,1.6535,ens_041,monthly,1993-2016
C3S,Meteo-France,dynamical,2026-10-01,2027-03,5,1.5974,1.0328,0.5646,ens_041,monthly,1993-2016
C3S,Meteo-France,dynamical,2026-10-01,2026-10,0,3.6653,1.0111,2.6542,ens_042,monthly,1993-2016
C3S,Meteo-France,dynamical,2026-10-01,2026-11,1,4.16,1.1222,3.0378,ens_042,monthly,1993-2016
C3S,Meteo-France,dynamical,2026-10-01,2026-12,2,4.2953,1.1563,3.1391,ens_042,monthly,1993-2016
C3S,Meteo-France,dynamical,2026-10-01,2027-01,3,3.901,1.1597,2.7414,ens_042,monthly,1993-2016
C3S,Meteo-France,dynamical,2026-10-01,2027-02,4,3.0652,1.0608,2.0044,ens_042,monthly,1993-2016
C3S,Meteo-France,dynamical,2026-10-01,2027-03,5,2.2995,0.9488,1.3507,ens_042,monthly,1993-2016
C3S,Meteo-France,dynamical,2026-10-01,2026-10,0,3.7726,0.9802,2.7925,ens_043,monthly,1993-2016
C3S,Meteo-France,dynamical,2026-10-01,2026-11,1,4.1678,1.1586,3.0091,ens_043,monthly,1993-2016
C3S,Meteo-France,dynamical,2026-10-01,2026-12,2,4.5219,1.1454,3.3764,ens_043,monthly,1993-2016
C3S,Meteo-France,dynamical,2026-10-01,2027-01,3,4.0816,1.1391,2.9424,ens_043,monthly,1993-2016
C3S,Meteo-France,dynamical,2026-10-01,2027-02,4,3.153,1.1046,2.0484,ens_043,monthly,1993-2016
C3S,Meteo-France,dynamical,2026-10-01,2027-03,5,2.3922,1.0775,1.3147,ens_043,monthly,1993-2016
C3S,Meteo-France,dynamical,2026-10-01,2026-10,0,3.8127,1.032,2.7807,ens_044,monthly,1993-2016
C3S,Meteo-France,dynamical,2026-10-01,2026-11,1,4.1917,1.067,3.1247,ens_044,monthly,1993-2016
C3S,Meteo-France,dynamical,2026-10-01,2026-12,2,4.0315,1.1448,2.8867,ens_044,monthly,1993-2016
C3S,Meteo-France,dynamical,2026-10-01,2027-01,3,3.479,1.1075,2.3716,ens_044,monthly,1993-2016
C3S,Meteo-France,dynamical,2026-10-01,2027-02,4,2.4467,0.9273,1.5194,ens_044,monthly,1993-2016
C3S,Meteo-France,dynamical,2026-10-01,2027-03,5,1.5811,0.7605,0.8206,ens_044,monthly,1993-2016
C3S,Meteo-France,dynamical,2026-10-01,2026-10,0,3.6628,0.9796,2.6832,ens_045,monthly,1993-2016
C3S,Meteo-France,dynamical,2026-10-01,2026-11,1,3.9589,0.9429,3.016,ens_045,monthly,1993-2016
C3S,Meteo-France,dynamical,2026-10-01,2026-12,2,4.3259,1.0537,3.2722,ens_045,monthly,1993-2016
C3S,Meteo-France,dynamical,2026-10-01,2027-01,3,3.9075,1.1443,2.7631,ens_045,monthly,1993-2016
C3S,Meteo-France,dynamical,2026-10-01,2027-02,4,3.3193,1.1425,2.1767,ens_045,monthly,1993-2016
C3S,Meteo-France,dynamical,2026-10-01,2027-03,5,1.918,0.9828,0.9352,ens_045,monthly,1993-2016
C3S,Meteo-France,dynamical,2026-10-01,2026-10,0,3.6644,0.968,2.6965,ens_046,monthly,1993-2016
C3S,Meteo-France,dynamical,2026-10-01,2026-11,1,4.1655,1.2333,2.9322,ens_046,monthly,1993-2016
C3S,Meteo-France,dynamical,2026-10-01,2026-12,2,4.2815,1.315,2.9664,ens_046,monthly,1993-2016
C3S,Meteo-France,dynamical,2026-10-01,2027-01,3,3.8004,1.2076,2.5928,ens_046,monthly,1993-2016
C3S,Meteo-France,dynamical,2026-10-01,2027-02,4,2.7587,1.1133,1.6454,ens_046,monthly,1993-2016
C3S,Meteo-France,dynamical,2026-10-01,2027-03,5,1.7991,1.0116,0.7875,ens_046,monthly,1993-2016
C3S,Meteo-France,dynamical,2026-10-01,2026-10,0,3.7089,0.9892,2.7197,ens_047,monthly,1993-2016
C3S,Meteo-France,dynamical,2026-10-01,2026-11,1,3.9773,1.1499,2.8274,ens_047,monthly,1993-2016
C3S,Meteo-France,dynamical,2026-10-01,2026-12,2,4.0597,1.1509,2.9088,ens_047,monthly,1993-2016
C3S,Meteo-France,dynamical,2026-10-01,2027-01,3,3.7444,1.0895,2.6549,ens_047,monthly,1993-2016
C3S,Meteo-France,dynamical,2026-10-01,2027-02,4,2.8934,1.0325,1.8608,ens_047,monthly,1993-2016
C3S,Meteo-France,dynamical,2026-10-01,2027-03,5,1.6707,0.8941,0.7766,ens_047,monthly,1993-2016
C3S,Meteo-France,dynamical,2026-10-01,2026-10,0,3.6763,1.0204,2.6559,ens_048,monthly,1993-2016
C3S,Meteo-France,dynamical,2026-10-01,2026-11,1,4.3935,1.2016,3.1919,ens_048,monthly,1993-2016
C3S,Meteo-France,dynamical,2026-10-01,2026-12,2,4.0382,1.1809,2.8573,ens_048,monthly,1993-2016
C3S,Meteo-France,dynamical,2026-10-01,2027-01,3,3.8875,1.1613,2.7262,ens_048,monthly,1993-2016
C3S,Meteo-France,dynamical,2026-10-01,2027-02,4,3.0343,1.098,1.9363,ens_048,monthly,1993-2016
C3S,Meteo-France,dynamical,2026-10-01,2027-03,5,1.8224,1.0224,0.8,ens_048,monthly,1993-2016
C3S,Meteo-France,dynamical,2026-10-01,2026-10,0,3.726,0.9727,2.7533,ens_049,monthly,1993-2016
C3S,Meteo-France,dynamical,2026-10-01,2026-11,1,3.9911,1.1128,2.8782,ens_049,monthly,1993-2016
C3S,Meteo-France,dynamical,2026-10-01,2026-12,2,4.1889,1.1184,3.0705,ens_049,monthly,1993-2016
C3S,Meteo-France,dynamical,2026-10-01,2027-01,3,3.8691,1.1466,2.7225,ens_049,monthly,1993-2016
C3S,Meteo-France,dynamical,2026-10-01,2027-02,4,2.9393,1.1265,1.8128,ens_049,monthly,1993-2016
C3S,Meteo-France,dynamical,2026-10-01,2027-03,5,1.8893,0.9522,0.9372,ens_049,monthly,1993-2016
C3S,Meteo-France,dynamical,2026-10-01,2026-10,0,3.7394,1.0105,2.7289,ens_050,monthly,1993-2016
C3S,Meteo-France,dynamical,2026-10-01,2026-11,1,4.1012,1.1251,2.9761,ens_050,monthly,1993-2016
C3S,Meteo-France,dynamical,2026-10-01,2026-12,2,3.981,1.1596,2.8214,ens_050,monthly,1993-2016
C3S,Meteo-France,dynamical,2026-10-01,2027-01,3,3.3865,1.1144,2.2721,ens_050,monthly,1993-2016
C3S,Meteo-France,dynamical,2026-10-01,2027-02,4,2.5139,1.0393,1.4746,ens_050,monthly,1993-2016
C3S,Meteo-France,dynamical,2026-10-01,2027-03,5,1.5187,0.9675,0.5513,ens_050,monthly,1993-2016
C3S,Meteo-France,dynamical,2026-10-01,2026-10,0,3.8102,1.0034,2.8068,mean,monthly,1993-2016
C3S,Meteo-France,dynamical,2026-10-01,2026-11,1,4.1337,1.1234,3.0104,mean,monthly,1993-2016
C3S,Meteo-France,dynamical,2026-10-01,2026-12,2,4.1961,1.165,3.0311,mean,monthly,1993-2016
C3S,Meteo-France,dynamical,2026-10-01,2027-01,3,3.8361,1.1622,2.6739,mean,monthly,1993-2016
C3S,Meteo-France,dynamical,2026-10-01,2027-02,4,2.9906,1.0888,1.9018,mean,monthly,1993-2016
C3S,Meteo-France,dynamical,2026-10-01,2027-03,5,1.9625,0.9917,0.9708,mean,monthly,1993-2016
C3S,DWD,dynamical,2026-10-01,2026-10,0,3.9083,0.7037,3.2047,ens_000,monthly,1993-2016
C3S,DWD,dynamical,2026-10-01,2026-11,1,4.3755,0.8604,3.5151,ens_000,monthly,1993-2016
C3S,DWD,dynamical,2026-10-01,2026-12,2,4.5996,0.9833,3.6163,ens_000,monthly,1993-2016
C3S,DWD,dynamical,2026-10-01,2027-01,3,4.6175,1.0188,3.5987,ens_000,monthly,1993-2016
C3S,DWD,dynamical,2026-10-01,2027-02,4,4.2731,1.016,3.2571,ens_000,monthly,1993-2016
C3S,DWD,dynamical,2026-10-01,2027-03,5,3.874,0.9837,2.8903,ens_000,monthly,1993-2016
C3S,DWD,dynamical,2026-10-01,2026-10,0,3.8749,0.6679,3.207,ens_001,monthly,1993-2016
C3S,DWD,dynamical,2026-10-01,2026-11,1,4.1148,0.8126,3.3022,ens_001,monthly,1993-2016
C3S,DWD,dynamical,2026-10-01,2026-12,2,4.4361,0.9014,3.5347,ens_001,monthly,1993-2016
C3S,DWD,dynamical,2026-10-01,2027-01,3,4.5354,0.9871,3.5483,ens_001,monthly,1993-2016
C3S,DWD,dynamical,2026-10-01,2027-02,4,4.5531,1.0785,3.4746,ens_001,monthly,1993-2016
C3S,DWD,dynamical,2026-10-01,2027-03,5,4.0759,0.9813,3.0946,ens_001,monthly,1993-2016
C3S,DWD,dynamical,2026-10-01,2026-10,0,3.9331,0.6954,3.2377,ens_002,monthly,1993-2016
C3S,DWD,dynamical,2026-10-01,2026-11,1,4.3213,0.8461,3.4752,ens_002,monthly,1993-2016
C3S,DWD,dynamical,2026-10-01,2026-12,2,4.6373,0.8866,3.7508,ens_002,monthly,1993-2016
C3S,DWD,dynamical,2026-10-01,2027-01,3,4.6865,1.0647,3.6218,ens_002,monthly,1993-2016
C3S,DWD,dynamical,2026-10-01,2027-02,4,5.1497,0.9925,4.1572,ens_002,monthly,1993-2016
C3S,DWD,dynamical,2026-10-01,2027-03,5,4.646,0.9261,3.7199,ens_002,monthly,1993-2016
C3S,DWD,dynamical,2026-10-01,2026-10,0,3.8743,0.6872,3.1871,ens_003,monthly,1993-2016
C3S,DWD,dynamical,2026-10-01,2026-11,1,4.1509,0.8893,3.2616,ens_003,monthly,1993-2016
C3S,DWD,dynamical,2026-10-01,2026-12,2,4.5635,0.9808,3.5827,ens_003,monthly,1993-2016
C3S,DWD,dynamical,2026-10-01,2027-01,3,4.799,1.0257,3.7733,ens_003,monthly,1993-2016
C3S,DWD,dynamical,2026-10-01,2027-02,4,4.385,1.0604,3.3246,ens_003,monthly,1993-2016
C3S,DWD,dynamical,2026-10-01,2027-03,5,4.1107,0.9879,3.1228,ens_003,monthly,1993-2016
C3S,DWD,dynamical,2026-10-01,2026-10,0,3.916,0.6903,3.2256,ens_004,monthly,1993-2016
C3S,DWD,dynamical,2026-10-01,2026-11,1,4.2616,0.8318,3.4298,ens_004,monthly,1993-2016
C3S,DWD,dynamical,2026-10-01,2026-12,2,4.6545,0.9335,3.7211,ens_004,monthly,1993-2016
C3S,DWD,dynamical,2026-10-01,2027-01,3,4.3708,0.9522,3.4186,ens_004,monthly,1993-2016
C3S,DWD,dynamical,2026-10-01,2027-02,4,4.4477,0.8974,3.5503,ens_004,monthly,1993-2016
C3S,DWD,dynamical,2026-10-01,2027-03,5,4.1531,0.927,3.2262,ens_004,monthly,1993-2016
C3S,DWD,dynamical,2026-10-01,2026-10,0,3.8818,0.6905,3.1912,ens_005,monthly,1993-2016
C3S,DWD,dynamical,2026-10-01,2026-11,1,4.0851,0.8957,3.1894,ens_005,monthly,1993-2016
C3S,DWD,dynamical,2026-10-01,2026-12,2,4.4784,1.03,3.4485,ens_005,monthly,1993-2016
C3S,DWD,dynamical,2026-10-01,2027-01,3,4.778,1.0852,3.6927,ens_005,monthly,1993-2016
C3S,DWD,dynamical,2026-10-01,2027-02,4,4.2395,0.955,3.2845,ens_005,monthly,1993-2016
C3S,DWD,dynamical,2026-10-01,2027-03,5,4.0311,1.0075,3.0236,ens_005,monthly,1993-2016
C3S,DWD,dynamical,2026-10-01,2026-10,0,3.9024,0.6889,3.2136,ens_006,monthly,1993-2016
C3S,DWD,dynamical,2026-10-01,2026-11,1,4.1423,0.8791,3.2632,ens_006,monthly,1993-2016
C3S,DWD,dynamical,2026-10-01,2026-12,2,4.5768,1.0576,3.5193,ens_006,monthly,1993-2016
C3S,DWD,dynamical,2026-10-01,2027-01,3,4.8398,1.0894,3.7505,ens_006,monthly,1993-2016
C3S,DWD,dynamical,2026-10-01,2027-02,4,4.7295,1.0626,3.6669,ens_006,monthly,1993-2016
C3S,DWD,dynamical,2026-10-01,2027-03,5,4.5431,1.01,3.5331,ens_006,monthly,1993-2016
C3S,DWD,dynamical,2026-10-01,2026-10,0,3.9222,0.6818,3.2404,ens_007,monthly,1993-2016
C3S,DWD,dynamical,2026-10-01,2026-11,1,4.1043,0.7475,3.3568,ens_007,monthly,1993-2016
C3S,DWD,dynamical,2026-10-01,2026-12,2,4.5505,0.8148,3.7357,ens_007,monthly,1993-2016
C3S,DWD,dynamical,2026-10-01,2027-01,3,4.5905,0.824,3.7665,ens_007,monthly,1993-2016
C3S,DWD,dynamical,2026-10-01,2027-02,4,4.5806,0.8654,3.7151,ens_007,monthly,1993-2016
C3S,DWD,dynamical,2026-10-01,2027-03,5,4.3964,0.8609,3.5355,ens_007,monthly,1993-2016
C3S,DWD,dynamical,2026-10-01,2026-10,0,3.9085,0.64,3.2685,ens_008,monthly,1993-2016
C3S,DWD,dynamical,2026-10-01,2026-11,1,4.1387,0.7932,3.3454,ens_008,monthly,1993-2016
C3S,DWD,dynamical,2026-10-01,2026-12,2,4.5307,0.8624,3.6683,ens_008,monthly,1993-2016
C3S,DWD,dynamical,2026-10-01,2027-01,3,4.5349,0.9003,3.6346,ens_008,monthly,1993-2016
C3S,DWD,dynamical,2026-10-01,2027-02,4,4.2457,0.8762,3.3695,ens_008,monthly,1993-2016
C3S,DWD,dynamical,2026-10-01,2027-03,5,4.1763,0.8389,3.3374,ens_008,monthly,1993-2016
C3S,DWD,dynamical,2026-10-01,2026-10,0,3.8659,0.6605,3.2054,ens_009,monthly,1993-2016
C3S,DWD,dynamical,2026-10-01,2026-11,1,4.1816,0.7407,3.4409,ens_009,monthly,1993-2016
C3S,DWD,dynamical,2026-10-01,2026-12,2,4.5143,0.8792,3.6351,ens_009,monthly,1993-2016
C3S,DWD,dynamical,2026-10-01,2027-01,3,4.6086,0.9781,3.6305,ens_009,monthly,1993-2016
C3S,DWD,dynamical,2026-10-01,2027-02,4,4.6441,0.989,3.6551,ens_009,monthly,1993-2016
C3S,DWD,dynamical,2026-10-01,2027-03,5,4.2225,0.9484,3.2741,ens_009,monthly,1993-2016
C3S,DWD,dynamical,2026-10-01,2026-10,0,3.8926,0.6749,3.2177,ens_010,monthly,1993-2016
C3S,DWD,dynamical,2026-10-01,2026-11,1,4.2072,0.9103,3.2969,ens_010,monthly,1993-2016
C3S,DWD,dynamical,2026-10-01,2026-12,2,4.7434,0.9696,3.7738,ens_010,monthly,1993-2016
C3S,DWD,dynamical,2026-10-01,2027-01,3,4.4955,0.8955,3.6,ens_010,monthly,1993-2016
C3S,DWD,dynamical,2026-10-01,2027-02,4,4.3766,0.9112,3.4654,ens_010,monthly,1993-2016
C3S,DWD,dynamical,2026-10-01,2027-03,5,3.8044,0.8617,2.9427,ens_010,monthly,1993-2016
C3S,DWD,dynamical,2026-10-01,2026-10,0,3.9351,0.6539,3.2812,ens_011,monthly,1993-2016
C3S,DWD,dynamical,2026-10-01,2026-11,1,4.2375,0.8621,3.3754,ens_011,monthly,1993-2016
C3S,DWD,dynamical,2026-10-01,2026-12,2,4.7365,1.0438,3.6926,ens_011,monthly,1993-2016
C3S,DWD,dynamical,2026-10-01,2027-01,3,4.7207,1.0793,3.6414,ens_011,monthly,1993-2016
C3S,DWD,dynamical,2026-10-01,2027-02,4,4.4272,1.1613,3.2659,ens_011,monthly,1993-2016
C3S,DWD,dynamical,2026-10-01,2027-03,5,3.9966,1.1517,2.8449,ens_011,monthly,1993-2016
C3S,DWD,dynamical,2026-10-01,2026-10,0,3.9095,0.6342,3.2753,ens_012,monthly,1993-2016
C3S,DWD,dynamical,2026-10-01,2026-11,1,4.1546,0.7751,3.3795,ens_012,monthly,1993-2016
C3S,DWD,dynamical,2026-10-01,2026-12,2,4.3449,0.9005,3.4444,ens_012,monthly,1993-2016
C3S,DWD,dynamical,2026-10-01,2027-01,3,4.5636,0.981,3.5826,ens_012,monthly,1993-2016
C3S,DWD,dynamical,2026-10-01,2027-02,4,4.5901,0.8723,3.7178,ens_012,monthly,1993-2016
C3S,DWD,dynamical,2026-10-01,2027-03,5,3.9407,0.9215,3.0193,ens_012,monthly,1993-2016
C3S,DWD,dynamical,2026-10-01,2026-10,0,3.904,0.6695,3.2345,ens_013,monthly,1993-2016
C3S,DWD,dynamical,2026-10-01,2026-11,1,4.1252,0.8405,3.2846,ens_013,monthly,1993-2016
C3S,DWD,dynamical,2026-10-01,2026-12,2,4.4142,0.9386,3.4756,ens_013,monthly,1993-2016
C3S,DWD,dynamical,2026-10-01,2027-01,3,4.4645,0.9608,3.5038,ens_013,monthly,1993-2016
C3S,DWD,dynamical,2026-10-01,2027-02,4,4.4462,0.9889,3.4573,ens_013,monthly,1993-2016
C3S,DWD,dynamical,2026-10-01,2027-03,5,4.5398,0.8658,3.674,ens_013,monthly,1993-2016
C3S,DWD,dynamical,2026-10-01,2026-10,0,3.926,0.664,3.262,ens_014,monthly,1993-2016
C3S,DWD,dynamical,2026-10-01,2026-11,1,4.175,0.7816,3.3933,ens_014,monthly,1993-2016
C3S,DWD,dynamical,2026-10-01,2026-12,2,4.5461,0.924,3.6222,ens_014,monthly,1993-2016
C3S,DWD,dynamical,2026-10-01,2027-01,3,4.6135,1.0443,3.5692,ens_014,monthly,1993-2016
C3S,DWD,dynamical,2026-10-01,2027-02,4,4.4659,0.9903,3.4755,ens_014,monthly,1993-2016
C3S,DWD,dynamical,2026-10-01,2027-03,5,4.2753,0.9516,3.3237,ens_014,monthly,1993-2016
C3S,DWD,dynamical,2026-10-01,2026-10,0,3.8869,0.6654,3.2215,ens_015,monthly,1993-2016
C3S,DWD,dynamical,2026-10-01,2026-11,1,4.1013,0.8332,3.2681,ens_015,monthly,1993-2016
C3S,DWD,dynamical,2026-10-01,2026-12,2,4.7289,0.9248,3.8041,ens_015,monthly,1993-2016
C3S,DWD,dynamical,2026-10-01,2027-01,3,4.832,0.9852,3.8468,ens_015,monthly,1993-2016
C3S,DWD,dynamical,2026-10-01,2027-02,4,4.6945,1.0419,3.6525,ens_015,monthly,1993-2016
C3S,DWD,dynamical,2026-10-01,2027-03,5,4.2116,0.972,3.2397,ens_015,monthly,1993-2016
C3S,DWD,dynamical,2026-10-01,2026-10,0,3.9132,0.6701,3.2431,ens_016,monthly,1993-2016
C3S,DWD,dynamical,2026-10-01,2026-11,1,4.1849,0.8041,3.3808,ens_016,monthly,1993-2016
C3S,DWD,dynamical,2026-10-01,2026-12,2,4.5121,0.9104,3.6017,ens_016,monthly,1993-2016
C3S,DWD,dynamical,2026-10-01,2027-01,3,4.9684,0.9361,4.0322,ens_016,monthly,1993-2016
C3S,DWD,dynamical,2026-10-01,2027-02,4,4.3688,0.873,3.4958,ens_016,monthly,1993-2016
C3S,DWD,dynamical,2026-10-01,2027-03,5,4.2767,0.9176,3.359,ens_016,monthly,1993-2016
C3S,DWD,dynamical,2026-10-01,2026-10,0,3.8901,0.6782,3.2119,ens_017,monthly,1993-2016
C3S,DWD,dynamical,2026-10-01,2026-11,1,4.0725,0.7899,3.2826,ens_017,monthly,1993-2016
C3S,DWD,dynamical,2026-10-01,2026-12,2,4.4796,0.9456,3.5339,ens_017,monthly,1993-2016
C3S,DWD,dynamical,2026-10-01,2027-01,3,4.8027,0.9306,3.8721,ens_017,monthly,1993-2016
C3S,DWD,dynamical,2026-10-01,2027-02,4,4.3896,0.987,3.4026,ens_017,monthly,1993-2016
C3S,DWD,dynamical,2026-10-01,2027-03,5,4.1907,0.9872,3.2035,ens_017,monthly,1993-2016
C3S,DWD,dynamical,2026-10-01,2026-10,0,3.8779,0.6915,3.1865,ens_018,monthly,1993-2016
C3S,DWD,dynamical,2026-10-01,2026-11,1,4.0932,0.84,3.2532,ens_018,monthly,1993-2016
C3S,DWD,dynamical,2026-10-01,2026-12,2,4.5351,0.9114,3.6237,ens_018,monthly,1993-2016
C3S,DWD,dynamical,2026-10-01,2027-01,3,4.3549,0.9459,3.4089,ens_018,monthly,1993-2016
C3S,DWD,dynamical,2026-10-01,2027-02,4,4.5147,0.9006,3.6141,ens_018,monthly,1993-2016
C3S,DWD,dynamical,2026-10-01,2027-03,5,4.5453,0.8726,3.6726,ens_018,monthly,1993-2016
C3S,DWD,dynamical,2026-10-01,2026-10,0,3.9287,0.6744,3.2542,ens_019,monthly,1993-2016
C3S,DWD,dynamical,2026-10-01,2026-11,1,4.2049,0.7919,3.413,ens_019,monthly,1993-2016
C3S,DWD,dynamical,2026-10-01,2026-12,2,4.6266,0.9105,3.7161,ens_019,monthly,1993-2016
C3S,DWD,dynamical,2026-10-01,2027-01,3,4.6418,0.9098,3.732,ens_019,monthly,1993-2016
C3S,DWD,dynamical,2026-10-01,2027-02,4,4.2289,0.9069,3.322,ens_019,monthly,1993-2016
C3S,DWD,dynamical,2026-10-01,2027-03,5,4.4058,0.9271,3.4787,ens_019,monthly,1993-2016
C3S,DWD,dynamical,2026-10-01,2026-10,0,3.9065,0.6768,3.2297,ens_020,monthly,1993-2016
C3S,DWD,dynamical,2026-10-01,2026-11,1,4.1843,0.8312,3.353,ens_020,monthly,1993-2016
C3S,DWD,dynamical,2026-10-01,2026-12,2,4.4881,0.9225,3.5657,ens_020,monthly,1993-2016
C3S,DWD,dynamical,2026-10-01,2027-01,3,4.6172,0.9935,3.6237,ens_020,monthly,1993-2016
C3S,DWD,dynamical,2026-10-01,2027-02,4,4.6893,0.9568,3.7325,ens_020,monthly,1993-2016
C3S,DWD,dynamical,2026-10-01,2027-03,5,4.1246,0.8628,3.2619,ens_020,monthly,1993-2016
C3S,DWD,dynamical,2026-10-01,2026-10,0,3.9004,0.6813,3.2191,ens_021,monthly,1993-2016
C3S,DWD,dynamical,2026-10-01,2026-11,1,4.205,0.8305,3.3745,ens_021,monthly,1993-2016
C3S,DWD,dynamical,2026-10-01,2026-12,2,4.3578,0.8425,3.5153,ens_021,monthly,1993-2016
C3S,DWD,dynamical,2026-10-01,2027-01,3,4.4733,0.9226,3.5507,ens_021,monthly,1993-2016
C3S,DWD,dynamical,2026-10-01,2027-02,4,4.4113,0.9634,3.4479,ens_021,monthly,1993-2016
C3S,DWD,dynamical,2026-10-01,2027-03,5,4.0643,1.0303,3.034,ens_021,monthly,1993-2016
C3S,DWD,dynamical,2026-10-01,2026-10,0,3.8639,0.6527,3.2111,ens_022,monthly,1993-2016
C3S,DWD,dynamical,2026-10-01,2026-11,1,4.1186,0.7332,3.3854,ens_022,monthly,1993-2016
C3S,DWD,dynamical,2026-10-01,2026-12,2,4.2619,0.7999,3.462,ens_022,monthly,1993-2016
C3S,DWD,dynamical,2026-10-01,2027-01,3,3.9238,0.8324,3.0914,ens_022,monthly,1993-2016
C3S,DWD,dynamical,2026-10-01,2027-02,4,3.8984,0.7756,3.1228,ens_022,monthly,1993-2016
C3S,DWD,dynamical,2026-10-01,2027-03,5,3.5759,0.8399,2.736,ens_022,monthly,1993-2016
C3S,DWD,dynamical,2026-10-01,2026-10,0,3.8601,0.7045,3.1556,ens_023,monthly,1993-2016
C3S,DWD,dynamical,2026-10-01,2026-11,1,4.1135,0.9399,3.1736,ens_023,monthly,1993-2016
C3S,DWD,dynamical,2026-10-01,2026-12,2,4.5269,1.0274,3.4996,ens_023,monthly,1993-2016
C3S,DWD,dynamical,2026-10-01,2027-01,3,4.8335,0.9744,3.8591,ens_023,monthly,1993-2016
C3S,DWD,dynamical,2026-10-01,2027-02,4,4.6876,1.018,3.6696,ens_023,monthly,1993-2016
C3S,DWD,dynamical,2026-10-01,2027-03,5,4.7721,0.9358,3.8363,ens_023,monthly,1993-2016
C3S,DWD,dynamical,2026-10-01,2026-10,0,3.9139,0.6773,3.2365,ens_024,monthly,1993-2016
C3S,DWD,dynamical,2026-10-01,2026-11,1,4.2017,0.8182,3.3834,ens_024,monthly,1993-2016
C3S,DWD,dynamical,2026-10-01,2026-12,2,4.4012,0.8807,3.5204,ens_024,monthly,1993-2016
C3S,DWD,dynamical,2026-10-01,2027-01,3,4.8948,0.9206,3.9742,ens_024,monthly,1993-2016
C3S,DWD,dynamical,2026-10-01,2027-02,4,4.8104,0.9553,3.8551,ens_024,monthly,1993-2016
C3S,DWD,dynamical,2026-10-01,2027-03,5,4.1822,0.9232,3.259,ens_024,monthly,1993-2016
C3S,DWD,dynamical,2026-10-01,2026-10,0,3.8639,0.6762,3.1877,ens_025,monthly,1993-2016
C3S,DWD,dynamical,2026-10-01,2026-11,1,4.1396,0.8289,3.3107,ens_025,monthly,1993-2016
C3S,DWD,dynamical,2026-10-01,2026-12,2,4.4912,0.9686,3.5226,ens_025,monthly,1993-2016
C3S,DWD,dynamical,2026-10-01,2027-01,3,4.5069,1.0162,3.4908,ens_025,monthly,1993-2016
C3S,DWD,dynamical,2026-10-01,2027-02,4,4.218,0.8927,3.3253,ens_025,monthly,1993-2016
C3S,DWD,dynamical,2026-10-01,2027-03,5,3.9359,0.8889,3.047,ens_025,monthly,1993-2016
C3S,DWD,dynamical,2026-10-01,2026-10,0,3.9237,0.6773,3.2464,ens_026,monthly,1993-2016
C3S,DWD,dynamical,2026-10-01,2026-11,1,4.2839,0.8053,3.4786,ens_026,monthly,1993-2016
C3S,DWD,dynamical,2026-10-01,2026-12,2,4.6433,0.8671,3.7762,ens_026,monthly,1993-2016
C3S,DWD,dynamical,2026-10-01,2027-01,3,4.9452,0.8816,4.0636,ens_026,monthly,1993-2016
C3S,DWD,dynamical,2026-10-01,2027-02,4,4.5584,0.8641,3.6943,ens_026,monthly,1993-2016
C3S,DWD,dynamical,2026-10-01,2027-03,5,4.1609,0.8628,3.2981,ens_026,monthly,1993-2016
C3S,DWD,dynamical,2026-10-01,2026-10,0,3.8952,0.6728,3.2224,ens_027,monthly,1993-2016
C3S,DWD,dynamical,2026-10-01,2026-11,1,4.0805,0.8746,3.2059,ens_027,monthly,1993-2016
C3S,DWD,dynamical,2026-10-01,2026-12,2,4.4435,1.0569,3.3866,ens_027,monthly,1993-2016
C3S,DWD,dynamical,2026-10-01,2027-01,3,4.4348,1.1444,3.2905,ens_027,monthly,1993-2016
C3S,DWD,dynamical,2026-10-01,2027-02,4,4.5305,1.1357,3.3948,ens_027,monthly,1993-2016
C3S,DWD,dynamical,2026-10-01,2027-03,5,4.0847,1.1597,2.925,ens_027,monthly,1993-2016
C3S,DWD,dynamical,2026-10-01,2026-10,0,3.8992,0.6643,3.2349,ens_028,monthly,1993-2016
C3S,DWD,dynamical,2026-10-01,2026-11,1,4.1339,0.754,3.3799,ens_028,monthly,1993-2016
C3S,DWD,dynamical,2026-10-01,2026-12,2,4.4708,0.8547,3.6161,ens_028,monthly,1993-2016
C3S,DWD,dynamical,2026-10-01,2027-01,3,4.6046,1.0028,3.6018,ens_028,monthly,1993-2016
C3S,DWD,dynamical,2026-10-01,2027-02,4,4.4568,0.9597,3.4971,ens_028,monthly,1993-2016
C3S,DWD,dynamical,2026-10-01,2027-03,5,4.3339,0.9654,3.3686,ens_028,monthly,1993-2016
C3S,DWD,dynamical,2026-10-01,2026-10,0,3.9002,0.6697,3.2306,ens_029,monthly,1993-2016
C3S,DWD,dynamical,2026-10-01,2026-11,1,4.2297,0.8043,3.4254,ens_029,monthly,1993-2016
C3S,DWD,dynamical,2026-10-01,2026-12,2,4.4408,0.8884,3.5524,ens_029,monthly,1993-2016
C3S,DWD,dynamical,2026-10-01,2027-01,3,4.8143,0.9194,3.8949,ens_029,monthly,1993-2016
C3S,DWD,dynamical,2026-10-01,2027-02,4,4.7702,0.9772,3.793,ens_029,monthly,1993-2016
C3S,DWD,dynamical,2026-10-01,2027-03,5,4.2983,0.9612,3.3371,ens_029,monthly,1993-2016
C3S,DWD,dynamical,2026-10-01,2026-10,0,3.8973,0.6908,3.2065,ens_030,monthly,1993-2016
C3S,DWD,dynamical,2026-10-01,2026-11,1,4.1509,0.84,3.3109,ens_030,monthly,1993-2016
C3S,DWD,dynamical,2026-10-01,2026-12,2,4.4801,0.9362,3.544,ens_030,monthly,1993-2016
C3S,DWD,dynamical,2026-10-01,2027-01,3,4.3472,1.0,3.3472,ens_030,monthly,1993-2016
C3S,DWD,dynamical,2026-10-01,2027-02,4,3.9082,0.8755,3.0327,ens_030,monthly,1993-2016
C3S,DWD,dynamical,2026-10-01,2027-03,5,3.2887,0.8029,2.4858,ens_030,monthly,1993-2016
C3S,DWD,dynamical,2026-10-01,2026-10,0,3.9178,0.6681,3.2498,ens_031,monthly,1993-2016
C3S,DWD,dynamical,2026-10-01,2026-11,1,4.2702,0.8032,3.467,ens_031,monthly,1993-2016
C3S,DWD,dynamical,2026-10-01,2026-12,2,4.4656,0.8967,3.5688,ens_031,monthly,1993-2016
C3S,DWD,dynamical,2026-10-01,2027-01,3,4.4996,0.9521,3.5475,ens_031,monthly,1993-2016
C3S,DWD,dynamical,2026-10-01,2027-02,4,4.7785,0.8731,3.9055,ens_031,monthly,1993-2016
C3S,DWD,dynamical,2026-10-01,2027-03,5,4.1932,0.991,3.2022,ens_031,monthly,1993-2016
C3S,DWD,dynamical,2026-10-01,2026-10,0,3.8676,0.6862,3.1813,ens_032,monthly,1993-2016
C3S,DWD,dynamical,2026-10-01,2026-11,1,4.3045,0.8492,3.4554,ens_032,monthly,1993-2016
C3S,DWD,dynamical,2026-10-01,2026-12,2,4.65,0.9736,3.6764,ens_032,monthly,1993-2016
C3S,DWD,dynamical,2026-10-01,2027-01,3,4.662,1.0196,3.6424,ens_032,monthly,1993-2016
C3S,DWD,dynamical,2026-10-01,2027-02,4,4.5882,0.9739,3.6143,ens_032,monthly,1993-2016
C3S,DWD,dynamical,2026-10-01,2027-03,5,3.9739,0.9088,3.0651,ens_032,monthly,1993-2016
C3S,DWD,dynamical,2026-10-01,2026-10,0,3.8813,0.6827,3.1986,ens_033,monthly,1993-2016
C3S,DWD,dynamical,2026-10-01,2026-11,1,4.0985,0.8658,3.2327,ens_033,monthly,1993-2016
C3S,DWD,dynamical,2026-10-01,2026-12,2,4.4382,0.8748,3.5634,ens_033,monthly,1993-2016
C3S,DWD,dynamical,2026-10-01,2027-01,3,4.7508,0.9651,3.7857,ens_033,monthly,1993-2016
C3S,DWD,dynamical,2026-10-01,2027-02,4,4.3901,0.871,3.519,ens_033,monthly,1993-2016
C3S,DWD,dynamical,2026-10-01,2027-03,5,4.2442,0.9356,3.3086,ens_033,monthly,1993-2016
C3S,DWD,dynamical,2026-10-01,2026-10,0,3.9388,0.6992,3.2396,ens_034,monthly,1993-2016
C3S,DWD,dynamical,2026-10-01,2026-11,1,4.3333,0.9585,3.3747,ens_034,monthly,1993-2016
C3S,DWD,dynamical,2026-10-01,2026-12,2,4.7811,1.0786,3.7025,ens_034,monthly,1993-2016
C3S,DWD,dynamical,2026-10-01,2027-01,3,4.6302,0.9841,3.6462,ens_034,monthly,1993-2016
C3S,DWD,dynamical,2026-10-01,2027-02,4,4.3561,0.8919,3.4643,ens_034,monthly,1993-2016
C3S,DWD,dynamical,2026-10-01,2027-03,5,4.189,0.9092,3.2797,ens_034,monthly,1993-2016
C3S,DWD,dynamical,2026-10-01,2026-10,0,3.8854,0.681,3.2044,ens_035,monthly,1993-2016
C3S,DWD,dynamical,2026-10-01,2026-11,1,4.2556,0.8483,3.4072,ens_035,monthly,1993-2016
C3S,DWD,dynamical,2026-10-01,2026-12,2,4.5555,0.9143,3.6412,ens_035,monthly,1993-2016
C3S,DWD,dynamical,2026-10-01,2027-01,3,4.8088,0.9986,3.8102,ens_035,monthly,1993-2016
C3S,DWD,dynamical,2026-10-01,2027-02,4,4.5864,0.9627,3.6236,ens_035,monthly,1993-2016
C3S,DWD,dynamical,2026-10-01,2027-03,5,3.7323,0.9212,2.8111,ens_035,monthly,1993-2016
C3S,DWD,dynamical,2026-10-01,2026-10,0,3.9021,0.6748,3.2272,ens_036,monthly,1993-2016
C3S,DWD,dynamical,2026-10-01,2026-11,1,4.0808,0.8059,3.2748,ens_036,monthly,1993-2016
C3S,DWD,dynamical,2026-10-01,2026-12,2,4.4476,0.9187,3.5289,ens_036,monthly,1993-2016
C3S,DWD,dynamical,2026-10-01,2027-01,3,4.5379,0.9492,3.5887,ens_036,monthly,1993-2016
C3S,DWD,dynamical,2026-10-01,2027-02,4,4.2767,1.0278,3.2488,ens_036,monthly,1993-2016
C3S,DWD,dynamical,2026-10-01,2027-03,5,4.3076,1.0498,3.2578,ens_036,monthly,1993-2016
C3S,DWD,dynamical,2026-10-01,2026-10,0,3.9462,0.6745,3.2718,ens_037,monthly,1993-2016
C3S,DWD,dynamical,2026-10-01,2026-11,1,4.1721,0.7941,3.378,ens_037,monthly,1993-2016
C3S,DWD,dynamical,2026-10-01,2026-12,2,4.7028,0.919,3.7838,ens_037,monthly,1993-2016
C3S,DWD,dynamical,2026-10-01,2027-01,3,4.7219,0.9255,3.7964,ens_037,monthly,1993-2016
C3S,DWD,dynamical,2026-10-01,2027-02,4,4.4091,0.9418,3.4673,ens_037,monthly,1993-2016
C3S,DWD,dynamical,2026-10-01,2027-03,5,4.1984,0.9434,3.255,ens_037,monthly,1993-2016
C3S,DWD,dynamical,2026-10-01,2026-10,0,3.8864,0.6613,3.2251,ens_038,monthly,1993-2016
C3S,DWD,dynamical,2026-10-01,2026-11,1,4.1903,0.8156,3.3747,ens_038,monthly,1993-2016
C3S,DWD,dynamical,2026-10-01,2026-12,2,4.4877,0.8876,3.6001,ens_038,monthly,1993-2016
C3S,DWD,dynamical,2026-10-01,2027-01,3,4.5366,0.9221,3.6145,ens_038,monthly,1993-2016
C3S,DWD,dynamical,2026-10-01,2027-02,4,4.4179,0.8755,3.5423,ens_038,monthly,1993-2016
C3S,DWD,dynamical,2026-10-01,2027-03,5,3.9974,0.9602,3.0372,ens_038,monthly,1993-2016
C3S,DWD,dynamical,2026-10-01,2026-10,0,3.8952,0.674,3.2211,ens_039,monthly,1993-2016
C3S,DWD,dynamical,2026-10-01,2026-11,1,4.0989,0.848,3.2508,ens_039,monthly,1993-2016
C3S,DWD,dynamical,2026-10-01,2026-12,2,4.6985,0.9205,3.778,ens_039,monthly,1993-2016
C3S,DWD,dynamical,2026-10-01,2027-01,3,4.7476,0.9302,3.8174,ens_039,monthly,1993-2016
C3S,DWD,dynamical,2026-10-01,2027-02,4,4.3349,0.9654,3.3695,ens_039,monthly,1993-2016
C3S,DWD,dynamical,2026-10-01,2027-03,5,4.1518,0.9109,3.2409,ens_039,monthly,1993-2016
C3S,DWD,dynamical,2026-10-01,2026-10,0,3.9053,0.708,3.1973,ens_040,monthly,1993-2016
C3S,DWD,dynamical,2026-10-01,2026-11,1,4.073,0.9152,3.1578,ens_040,monthly,1993-2016
C3S,DWD,dynamical,2026-10-01,2026-12,2,4.472,0.9453,3.5267,ens_040,monthly,1993-2016
C3S,DWD,dynamical,2026-10-01,2027-01,3,4.4751,0.9941,3.4811,ens_040,monthly,1993-2016
C3S,DWD,dynamical,2026-10-01,2027-02,4,4.6686,0.9271,3.7415,ens_040,monthly,1993-2016
C3S,DWD,dynamical,2026-10-01,2027-03,5,3.8716,0.8638,3.0078,ens_040,monthly,1993-2016
C3S,DWD,dynamical,2026-10-01,2026-10,0,3.9149,0.6693,3.2455,ens_041,monthly,1993-2016
C3S,DWD,dynamical,2026-10-01,2026-11,1,4.2492,0.8319,3.4173,ens_041,monthly,1993-2016
C3S,DWD,dynamical,2026-10-01,2026-12,2,4.7616,0.8967,3.8649,ens_041,monthly,1993-2016
C3S,DWD,dynamical,2026-10-01,2027-01,3,4.5929,0.9952,3.5977,ens_041,monthly,1993-2016
C3S,DWD,dynamical,2026-10-01,2027-02,4,4.6993,0.9763,3.723,ens_041,monthly,1993-2016
C3S,DWD,dynamical,2026-10-01,2027-03,5,4.1884,1.0297,3.1587,ens_041,monthly,1993-2016
C3S,DWD,dynamical,2026-10-01,2026-10,0,3.8616,0.658,3.2036,ens_042,monthly,1993-2016
C3S,DWD,dynamical,2026-10-01,2026-11,1,4.1226,0.8168,3.3058,ens_042,monthly,1993-2016
C3S,DWD,dynamical,2026-10-01,2026-12,2,4.4445,0.884,3.5605,ens_042,monthly,1993-2016
C3S,DWD,dynamical,2026-10-01,2027-01,3,4.3414,0.993,3.3484,ens_042,monthly,1993-2016
C3S,DWD,dynamical,2026-10-01,2027-02,4,4.5244,0.9617,3.5627,ens_042,monthly,1993-2016
C3S,DWD,dynamical,2026-10-01,2027-03,5,4.1937,0.9441,3.2495,ens_042,monthly,1993-2016
C3S,DWD,dynamical,2026-10-01,2026-10,0,3.8637,0.6718,3.1919,ens_043,monthly,1993-2016
C3S,DWD,dynamical,2026-10-01,2026-11,1,4.103,0.8157,3.2873,ens_043,monthly,1993-2016
C3S,DWD,dynamical,2026-10-01,2026-12,2,4.617,0.943,3.674,ens_043,monthly,1993-2016
C3S,DWD,dynamical,2026-10-01,2027-01,3,4.6234,0.9996,3.6237,ens_043,monthly,1993-2016
C3S,DWD,dynamical,2026-10-01,2027-02,4,4.3875,0.8964,3.4911,ens_043,monthly,1993-2016
C3S,DWD,dynamical,2026-10-01,2027-03,5,4.2756,0.8904,3.3851,ens_043,monthly,1993-2016
C3S,DWD,dynamical,2026-10-01,2026-10,0,3.9011,0.6708,3.2302,ens_044,monthly,1993-2016
C3S,DWD,dynamical,2026-10-01,2026-11,1,4.1225,0.7588,3.3637,ens_044,monthly,1993-2016
C3S,DWD,dynamical,2026-10-01,2026-12,2,4.5903,0.8913,3.699,ens_044,monthly,1993-2016
C3S,DWD,dynamical,2026-10-01,2027-01,3,4.7937,0.8858,3.9079,ens_044,monthly,1993-2016
C3S,DWD,dynamical,2026-10-01,2027-02,4,4.5476,0.9188,3.6288,ens_044,monthly,1993-2016
C3S,DWD,dynamical,2026-10-01,2027-03,5,3.9796,0.8617,3.1179,ens_044,monthly,1993-2016
C3S,DWD,dynamical,2026-10-01,2026-10,0,3.8946,0.6737,3.2209,ens_045,monthly,1993-2016
C3S,DWD,dynamical,2026-10-01,2026-11,1,4.1817,0.8254,3.3563,ens_045,monthly,1993-2016
C3S,DWD,dynamical,2026-10-01,2026-12,2,4.6228,0.8457,3.777,ens_045,monthly,1993-2016
C3S,DWD,dynamical,2026-10-01,2027-01,3,4.7735,0.9397,3.8338,ens_045,monthly,1993-2016
C3S,DWD,dynamical,2026-10-01,2027-02,4,4.5522,0.9033,3.6489,ens_045,monthly,1993-2016
C3S,DWD,dynamical,2026-10-01,2027-03,5,4.1982,0.9127,3.2855,ens_045,monthly,1993-2016
C3S,DWD,dynamical,2026-10-01,2026-10,0,3.8847,0.6794,3.2053,ens_046,monthly,1993-2016
C3S,DWD,dynamical,2026-10-01,2026-11,1,4.1895,0.8875,3.3021,ens_046,monthly,1993-2016
C3S,DWD,dynamical,2026-10-01,2026-12,2,4.5214,1.0,3.5213,ens_046,monthly,1993-2016
C3S,DWD,dynamical,2026-10-01,2027-01,3,4.8494,1.0575,3.7918,ens_046,monthly,1993-2016
C3S,DWD,dynamical,2026-10-01,2027-02,4,4.4659,1.0871,3.3788,ens_046,monthly,1993-2016
C3S,DWD,dynamical,2026-10-01,2027-03,5,4.3995,1.0799,3.3197,ens_046,monthly,1993-2016
C3S,DWD,dynamical,2026-10-01,2026-10,0,3.906,0.6902,3.2158,ens_047,monthly,1993-2016
C3S,DWD,dynamical,2026-10-01,2026-11,1,4.1555,0.8676,3.2879,ens_047,monthly,1993-2016
C3S,DWD,dynamical,2026-10-01,2026-12,2,4.3044,0.9666,3.3379,ens_047,monthly,1993-2016
C3S,DWD,dynamical,2026-10-01,2027-01,3,4.2152,0.9785,3.2366,ens_047,monthly,1993-2016
C3S,DWD,dynamical,2026-10-01,2027-02,4,4.4148,0.9499,3.4648,ens_047,monthly,1993-2016
C3S,DWD,dynamical,2026-10-01,2027-03,5,4.1327,1.0148,3.1179,ens_047,monthly,1993-2016
C3S,DWD,dynamical,2026-10-01,2026-10,0,3.8864,0.6565,3.2299,ens_048,monthly,1993-2016
C3S,DWD,dynamical,2026-10-01,2026-11,1,4.1197,0.8018,3.318,ens_048,monthly,1993-2016
C3S,DWD,dynamical,2026-10-01,2026-12,2,4.4477,0.9138,3.5338,ens_048,monthly,1993-2016
C3S,DWD,dynamical,2026-10-01,2027-01,3,4.5876,0.9762,3.6114,ens_048,monthly,1993-2016
C3S,DWD,dynamical,2026-10-01,2027-02,4,4.5847,1.0394,3.5454,ens_048,monthly,1993-2016
C3S,DWD,dynamical,2026-10-01,2027-03,5,4.2486,0.9898,3.2588,ens_048,monthly,1993-2016
C3S,DWD,dynamical,2026-10-01,2026-10,0,3.8993,0.6817,3.2176,ens_049,monthly,1993-2016
C3S,DWD,dynamical,2026-10-01,2026-11,1,4.2617,0.8864,3.3752,ens_049,monthly,1993-2016
C3S,DWD,dynamical,2026-10-01,2026-12,2,4.8977,1.0677,3.8299,ens_049,monthly,1993-2016
C3S,DWD,dynamical,2026-10-01,2027-01,3,5.057,1.1117,3.9453,ens_049,monthly,1993-2016
C3S,DWD,dynamical,2026-10-01,2027-02,4,4.7037,1.1266,3.5771,ens_049,monthly,1993-2016
C3S,DWD,dynamical,2026-10-01,2027-03,5,4.2287,1.1204,3.1083,ens_049,monthly,1993-2016
C3S,DWD,dynamical,2026-10-01,2026-10,0,3.8983,0.6757,3.2225,mean,monthly,1993-2016
C3S,DWD,dynamical,2026-10-01,2026-11,1,4.1731,0.8316,3.3415,mean,monthly,1993-2016
C3S,DWD,dynamical,2026-10-01,2026-12,2,4.5424,0.9298,3.6126,mean,monthly,1993-2016
C3S,DWD,dynamical,2026-10-01,2027-01,3,4.6284,0.9756,3.6528,mean,monthly,1993-2016
C3S,DWD,dynamical,2026-10-01,2027-02,4,4.4875,0.9594,3.5281,mean,monthly,1993-2016
C3S,DWD,dynamical,2026-10-01,2027-03,5,4.1588,0.9474,3.2114,mean,monthly,1993-2016
C3S,CMCC,dynamical,2026-10-01,2026-10,0,3.422,1.0318,2.3902,ens_000,monthly,1993-2016
C3S,CMCC,dynamical,2026-10-01,2026-11,1,3.7113,1.0675,2.6438,ens_000,monthly,1993-2016
C3S,CMCC,dynamical,2026-10-01,2026-12,2,3.9597,1.254,2.7057,ens_000,monthly,1993-2016
C3S,CMCC,dynamical,2026-10-01,2027-01,3,4.1195,1.3953,2.7243,ens_000,monthly,1993-2016
C3S,CMCC,dynamical,2026-10-01,2027-02,4,3.7819,1.2799,2.502,ens_000,monthly,1993-2016
C3S,CMCC,dynamical,2026-10-01,2027-03,5,3.3863,1.2914,2.0949,ens_000,monthly,1993-2016
C3S,CMCC,dynamical,2026-10-01,2026-10,0,3.3972,1.0182,2.379,ens_001,monthly,1993-2016
C3S,CMCC,dynamical,2026-10-01,2026-11,1,3.7574,1.2177,2.5397,ens_001,monthly,1993-2016
C3S,CMCC,dynamical,2026-10-01,2026-12,2,3.9539,1.3395,2.6144,ens_001,monthly,1993-2016
C3S,CMCC,dynamical,2026-10-01,2027-01,3,4.0464,1.3881,2.6583,ens_001,monthly,1993-2016
C3S,CMCC,dynamical,2026-10-01,2027-02,4,3.5501,1.2485,2.3016,ens_001,monthly,1993-2016
C3S,CMCC,dynamical,2026-10-01,2027-03,5,3.2657,1.2101,2.0555,ens_001,monthly,1993-2016
C3S,CMCC,dynamical,2026-10-01,2026-10,0,3.5357,1.0418,2.494,ens_002,monthly,1993-2016
C3S,CMCC,dynamical,2026-10-01,2026-11,1,4.0912,1.2716,2.8196,ens_002,monthly,1993-2016
C3S,CMCC,dynamical,2026-10-01,2026-12,2,4.3271,1.395,2.9321,ens_002,monthly,1993-2016
C3S,CMCC,dynamical,2026-10-01,2027-01,3,4.4366,1.4929,2.9437,ens_002,monthly,1993-2016
C3S,CMCC,dynamical,2026-10-01,2027-02,4,3.8906,1.4164,2.4742,ens_002,monthly,1993-2016
C3S,CMCC,dynamical,2026-10-01,2027-03,5,3.1877,1.3457,1.842,ens_002,monthly,1993-2016
C3S,CMCC,dynamical,2026-10-01,2026-10,0,3.441,1.0092,2.4318,ens_003,monthly,1993-2016
C3S,CMCC,dynamical,2026-10-01,2026-11,1,3.83,1.2095,2.6205,ens_003,monthly,1993-2016
C3S,CMCC,dynamical,2026-10-01,2026-12,2,4.0521,1.3326,2.7195,ens_003,monthly,1993-2016
C3S,CMCC,dynamical,2026-10-01,2027-01,3,4.0631,1.3513,2.7118,ens_003,monthly,1993-2016
C3S,CMCC,dynamical,2026-10-01,2027-02,4,3.7463,1.3163,2.43,ens_003,monthly,1993-2016
C3S,CMCC,dynamical,2026-10-01,2027-03,5,3.2938,1.2335,2.0604,ens_003,monthly,1993-2016
C3S,CMCC,dynamical,2026-10-01,2026-10,0,3.4381,1.0297,2.4085,ens_004,monthly,1993-2016
C3S,CMCC,dynamical,2026-10-01,2026-11,1,3.9702,1.2648,2.7054,ens_004,monthly,1993-2016
C3S,CMCC,dynamical,2026-10-01,2026-12,2,4.2547,1.3788,2.8759,ens_004,monthly,1993-2016
C3S,CMCC,dynamical,2026-10-01,2027-01,3,4.5407,1.4672,3.0735,ens_004,monthly,1993-2016
C3S,CMCC,dynamical,2026-10-01,2027-02,4,4.1221,1.3966,2.7255,ens_004,monthly,1993-2016
C3S,CMCC,dynamical,2026-10-01,2027-03,5,3.6428,1.2867,2.3562,ens_004,monthly,1993-2016
C3S,CMCC,dynamical,2026-10-01,2026-10,0,3.5022,1.0677,2.4345,ens_005,monthly,1993-2016
C3S,CMCC,dynamical,2026-10-01,2026-11,1,3.871,1.2139,2.6571,ens_005,monthly,1993-2016
C3S,CMCC,dynamical,2026-10-01,2026-12,2,3.8861,1.3375,2.5485,ens_005,monthly,1993-2016
C3S,CMCC,dynamical,2026-10-01,2027-01,3,3.9319,1.5058,2.4261,ens_005,monthly,1993-2016
C3S,CMCC,dynamical,2026-10-01,2027-02,4,3.6087,1.3965,2.2122,ens_005,monthly,1993-2016
C3S,CMCC,dynamical,2026-10-01,2027-03,5,3.6297,1.362,2.2676,ens_005,monthly,1993-2016
C3S,CMCC,dynamical,2026-10-01,2026-10,0,3.4609,1.0293,2.4316,ens_006,monthly,1993-2016
C3S,CMCC,dynamical,2026-10-01,2026-11,1,4.0581,1.3499,2.7082,ens_006,monthly,1993-2016
C3S,CMCC,dynamical,2026-10-01,2026-12,2,4.4167,1.554,2.8626,ens_006,monthly,1993-2016
C3S,CMCC,dynamical,2026-10-01,2027-01,3,4.5566,1.6071,2.9495,ens_006,monthly,1993-2016
C3S,CMCC,dynamical,2026-10-01,2027-02,4,4.1344,1.5166,2.6178,ens_006,monthly,1993-2016
C3S,CMCC,dynamical,2026-10-01,2027-03,5,3.6779,1.5646,2.1134,ens_006,monthly,1993-2016
C3S,CMCC,dynamical,2026-10-01,2026-10,0,3.4455,1.0561,2.3894,ens_007,monthly,1993-2016
C3S,CMCC,dynamical,2026-10-01,2026-11,1,4.0956,1.2995,2.7962,ens_007,monthly,1993-2016
C3S,CMCC,dynamical,2026-10-01,2026-12,2,4.4164,1.4734,2.9431,ens_007,monthly,1993-2016
C3S,CMCC,dynamical,2026-10-01,2027-01,3,4.7074,1.6581,3.0492,ens_007,monthly,1993-2016
C3S,CMCC,dynamical,2026-10-01,2027-02,4,4.2044,1.5734,2.631,ens_007,monthly,1993-2016
C3S,CMCC,dynamical,2026-10-01,2027-03,5,3.8426,1.4295,2.4131,ens_007,monthly,1993-2016
C3S,CMCC,dynamical,2026-10-01,2026-10,0,3.475,1.0397,2.4353,ens_008,monthly,1993-2016
C3S,CMCC,dynamical,2026-10-01,2026-11,1,3.8815,1.2945,2.587,ens_008,monthly,1993-2016
C3S,CMCC,dynamical,2026-10-01,2026-12,2,4.4516,1.5388,2.9127,ens_008,monthly,1993-2016
C3S,CMCC,dynamical,2026-10-01,2027-01,3,4.3975,1.5361,2.8614,ens_008,monthly,1993-2016
C3S,CMCC,dynamical,2026-10-01,2027-02,4,4.0444,1.4757,2.5687,ens_008,monthly,1993-2016
C3S,CMCC,dynamical,2026-10-01,2027-03,5,3.6455,1.4603,2.1851,ens_008,monthly,1993-2016
C3S,CMCC,dynamical,2026-10-01,2026-10,0,3.4282,1.0227,2.4055,ens_009,monthly,1993-2016
C3S,CMCC,dynamical,2026-10-01,2026-11,1,3.9867,1.1732,2.8134,ens_009,monthly,1993-2016
C3S,CMCC,dynamical,2026-10-01,2026-12,2,4.4314,1.3598,3.0716,ens_009,monthly,1993-2016
C3S,CMCC,dynamical,2026-10-01,2027-01,3,4.5597,1.5076,3.0521,ens_009,monthly,1993-2016
C3S,CMCC,dynamical,2026-10-01,2027-02,4,4.0829,1.4239,2.659,ens_009,monthly,1993-2016
C3S,CMCC,dynamical,2026-10-01,2027-03,5,3.5912,1.3658,2.2254,ens_009,monthly,1993-2016
C3S,CMCC,dynamical,2026-10-01,2026-10,0,3.5393,1.036,2.5034,ens_010,monthly,1993-2016
C3S,CMCC,dynamical,2026-10-01,2026-11,1,3.8924,1.3067,2.5858,ens_010,monthly,1993-2016
C3S,CMCC,dynamical,2026-10-01,2026-12,2,4.1015,1.4417,2.6598,ens_010,monthly,1993-2016
C3S,CMCC,dynamical,2026-10-01,2027-01,3,3.9878,1.4596,2.5282,ens_010,monthly,1993-2016
C3S,CMCC,dynamical,2026-10-01,2027-02,4,3.8612,1.5672,2.294,ens_010,monthly,1993-2016
C3S,CMCC,dynamical,2026-10-01,2027-03,5,3.3245,1.3226,2.0019,ens_010,monthly,1993-2016
C3S,CMCC,dynamical,2026-10-01,2026-10,0,3.4281,1.0069,2.4212,ens_011,monthly,1993-2016
C3S,CMCC,dynamical,2026-10-01,2026-11,1,4.2391,1.3526,2.8866,ens_011,monthly,1993-2016
C3S,CMCC,dynamical,2026-10-01,2026-12,2,4.3387,1.4632,2.8755,ens_011,monthly,1993-2016
C3S,CMCC,dynamical,2026-10-01,2027-01,3,4.4273,1.5886,2.8387,ens_011,monthly,1993-2016
C3S,CMCC,dynamical,2026-10-01,2027-02,4,3.9563,1.5679,2.3884,ens_011,monthly,1993-2016
C3S,CMCC,dynamical,2026-10-01,2027-03,5,3.0897,1.5428,1.5469,ens_011,monthly,1993-2016
C3S,CMCC,dynamical,2026-10-01,2026-10,0,3.5229,1.0417,2.4811,ens_012,monthly,1993-2016
C3S,CMCC,dynamical,2026-10-01,2026-11,1,3.8057,1.1896,2.6162,ens_012,monthly,1993-2016
C3S,CMCC,dynamical,2026-10-01,2026-12,2,4.227,1.3719,2.8551,ens_012,monthly,1993-2016
C3S,CMCC,dynamical,2026-10-01,2027-01,3,4.4771,1.4604,3.0167,ens_012,monthly,1993-2016
C3S,CMCC,dynamical,2026-10-01,2027-02,4,4.1582,1.4983,2.6599,ens_012,monthly,1993-2016
C3S,CMCC,dynamical,2026-10-01,2027-03,5,3.4009,1.49,1.911,ens_012,monthly,1993-2016
C3S,CMCC,dynamical,2026-10-01,2026-10,0,3.348,1.0236,2.3244,ens_013,monthly,1993-2016
C3S,CMCC,dynamical,2026-10-01,2026-11,1,3.8189,1.1845,2.6344,ens_013,monthly,1993-2016
C3S,CMCC,dynamical,2026-10-01,2026-12,2,4.0778,1.2845,2.7933,ens_013,monthly,1993-2016
C3S,CMCC,dynamical,2026-10-01,2027-01,3,4.0528,1.346,2.7068,ens_013,monthly,1993-2016
C3S,CMCC,dynamical,2026-10-01,2027-02,4,3.6944,1.2914,2.403,ens_013,monthly,1993-2016
C3S,CMCC,dynamical,2026-10-01,2027-03,5,3.1249,1.3103,1.8146,ens_013,monthly,1993-2016
C3S,CMCC,dynamical,2026-10-01,2026-10,0,3.5707,1.0961,2.4746,ens_014,monthly,1993-2016
C3S,CMCC,dynamical,2026-10-01,2026-11,1,3.8335,1.299,2.5346,ens_014,monthly,1993-2016
C3S,CMCC,dynamical,2026-10-01,2026-12,2,4.2572,1.543,2.7142,ens_014,monthly,1993-2016
C3S,CMCC,dynamical,2026-10-01,2027-01,3,4.3213,1.6151,2.7062,ens_014,monthly,1993-2016
C3S,CMCC,dynamical,2026-10-01,2027-02,4,4.0863,1.6169,2.4694,ens_014,monthly,1993-2016
C3S,CMCC,dynamical,2026-10-01,2027-03,5,3.8671,1.5175,2.3496,ens_014,monthly,1993-2016
C3S,CMCC,dynamical,2026-10-01,2026-10,0,3.5285,1.064,2.4645,ens_015,monthly,1993-2016
C3S,CMCC,dynamical,2026-10-01,2026-11,1,4.1323,1.3838,2.7485,ens_015,monthly,1993-2016
C3S,CMCC,dynamical,2026-10-01,2026-12,2,4.229,1.4789,2.7502,ens_015,monthly,1993-2016
C3S,CMCC,dynamical,2026-10-01,2027-01,3,4.4361,1.5003,2.9358,ens_015,monthly,1993-2016
C3S,CMCC,dynamical,2026-10-01,2027-02,4,4.0603,1.4806,2.5797,ens_015,monthly,1993-2016
C3S,CMCC,dynamical,2026-10-01,2027-03,5,3.6575,1.4767,2.1808,ens_015,monthly,1993-2016
C3S,CMCC,dynamical,2026-10-01,2026-10,0,3.4721,1.0473,2.4248,ens_016,monthly,1993-2016
C3S,CMCC,dynamical,2026-10-01,2026-11,1,3.8541,1.2375,2.6166,ens_016,monthly,1993-2016
C3S,CMCC,dynamical,2026-10-01,2026-12,2,4.012,1.4042,2.6077,ens_016,monthly,1993-2016
C3S,CMCC,dynamical,2026-10-01,2027-01,3,4.1245,1.5047,2.6198,ens_016,monthly,1993-2016
C3S,CMCC,dynamical,2026-10-01,2027-02,4,3.6591,1.4754,2.1837,ens_016,monthly,1993-2016
C3S,CMCC,dynamical,2026-10-01,2027-03,5,2.9758,1.3811,1.5946,ens_016,monthly,1993-2016
C3S,CMCC,dynamical,2026-10-01,2026-10,0,3.476,1.0442,2.4319,ens_017,monthly,1993-2016
C3S,CMCC,dynamical,2026-10-01,2026-11,1,3.8124,1.3079,2.5045,ens_017,monthly,1993-2016
C3S,CMCC,dynamical,2026-10-01,2026-12,2,4.0736,1.3972,2.6764,ens_017,monthly,1993-2016
C3S,CMCC,dynamical,2026-10-01,2027-01,3,4.259,1.4676,2.7914,ens_017,monthly,1993-2016
C3S,CMCC,dynamical,2026-10-01,2027-02,4,3.9308,1.3403,2.5904,ens_017,monthly,1993-2016
C3S,CMCC,dynamical,2026-10-01,2027-03,5,3.1405,1.3037,1.8368,ens_017,monthly,1993-2016
C3S,CMCC,dynamical,2026-10-01,2026-10,0,3.4494,1.0773,2.3722,ens_018,monthly,1993-2016
C3S,CMCC,dynamical,2026-10-01,2026-11,1,3.9731,1.2857,2.6874,ens_018,monthly,1993-2016
C3S,CMCC,dynamical,2026-10-01,2026-12,2,4.2495,1.4803,2.7692,ens_018,monthly,1993-2016
C3S,CMCC,dynamical,2026-10-01,2027-01,3,4.3417,1.5715,2.7702,ens_018,monthly,1993-2016
C3S,CMCC,dynamical,2026-10-01,2027-02,4,3.8969,1.4852,2.4117,ens_018,monthly,1993-2016
C3S,CMCC,dynamical,2026-10-01,2027-03,5,3.6659,1.5067,2.1592,ens_018,monthly,1993-2016
C3S,CMCC,dynamical,2026-10-01,2026-10,0,3.407,1.0243,2.3828,ens_019,monthly,1993-2016
C3S,CMCC,dynamical,2026-10-01,2026-11,1,3.741,1.202,2.539,ens_019,monthly,1993-2016
C3S,CMCC,dynamical,2026-10-01,2026-12,2,4.1914,1.356,2.8354,ens_019,monthly,1993-2016
C3S,CMCC,dynamical,2026-10-01,2027-01,3,4.3556,1.425,2.9306,ens_019,monthly,1993-2016
C3S,CMCC,dynamical,2026-10-01,2027-02,4,3.9482,1.3649,2.5833,ens_019,monthly,1993-2016
C3S,CMCC,dynamical,2026-10-01,2027-03,5,3.1172,1.3275,1.7897,ens_019,monthly,1993-2016
C3S,CMCC,dynamical,2026-10-01,2026-10,0,3.3986,1.0373,2.3614,ens_020,monthly,1993-2016
C3S,CMCC,dynamical,2026-10-01,2026-11,1,4.0233,1.2001,2.8232,ens_020,monthly,1993-2016
C3S,CMCC,dynamical,2026-10-01,2026-12,2,4.1093,1.4276,2.6817,ens_020,monthly,1993-2016
C3S,CMCC,dynamical,2026-10-01,2027-01,3,4.2567,1.5396,2.7172,ens_020,monthly,1993-2016
C3S,CMCC,dynamical,2026-10-01,2027-02,4,4.0236,1.5283,2.4953,ens_020,monthly,1993-2016
C3S,CMCC,dynamical,2026-10-01,2027-03,5,3.9209,1.3968,2.5241,ens_020,monthly,1993-2016
C3S,CMCC,dynamical,2026-10-01,2026-10,0,3.3651,1.0178,2.3473,ens_021,monthly,1993-2016
C3S,CMCC,dynamical,2026-10-01,2026-11,1,3.8359,1.2084,2.6275,ens_021,monthly,1993-2016
C3S,CMCC,dynamical,2026-10-01,2026-12,2,4.2539,1.4183,2.8357,ens_021,monthly,1993-2016
C3S,CMCC,dynamical,2026-10-01,2027-01,3,4.3804,1.5001,2.8804,ens_021,monthly,1993-2016
C3S,CMCC,dynamical,2026-10-01,2027-02,4,4.2947,1.5613,2.7335,ens_021,monthly,1993-2016
C3S,CMCC,dynamical,2026-10-01,2027-03,5,3.442,1.4418,2.0001,ens_021,monthly,1993-2016
C3S,CMCC,dynamical,2026-10-01,2026-10,0,3.3795,1.0387,2.3408,ens_022,monthly,1993-2016
C3S,CMCC,dynamical,2026-10-01,2026-11,1,3.6969,1.2688,2.4281,ens_022,monthly,1993-2016
C3S,CMCC,dynamical,2026-10-01,2026-12,2,4.0438,1.4543,2.5895,ens_022,monthly,1993-2016
C3S,CMCC,dynamical,2026-10-01,2027-01,3,4.0865,1.5354,2.5511,ens_022,monthly,1993-2016
C3S,CMCC,dynamical,2026-10-01,2027-02,4,4.0872,1.4858,2.6014,ens_022,monthly,1993-2016
C3S,CMCC,dynamical,2026-10-01,2027-03,5,3.7127,1.4238,2.2889,ens_022,monthly,1993-2016
C3S,CMCC,dynamical,2026-10-01,2026-10,0,3.4876,1.0309,2.4567,ens_023,monthly,1993-2016
C3S,CMCC,dynamical,2026-10-01,2026-11,1,4.0275,1.1496,2.8779,ens_023,monthly,1993-2016
C3S,CMCC,dynamical,2026-10-01,2026-12,2,4.4532,1.3761,3.0771,ens_023,monthly,1993-2016
C3S,CMCC,dynamical,2026-10-01,2027-01,3,4.5836,1.4242,3.1594,ens_023,monthly,1993-2016
C3S,CMCC,dynamical,2026-10-01,2027-02,4,4.2148,1.4284,2.7863,ens_023,monthly,1993-2016
C3S,CMCC,dynamical,2026-10-01,2027-03,5,3.859,1.3244,2.5347,ens_023,monthly,1993-2016
C3S,CMCC,dynamical,2026-10-01,2026-10,0,3.4065,1.0563,2.3502,ens_024,monthly,1993-2016
C3S,CMCC,dynamical,2026-10-01,2026-11,1,4.0235,1.2565,2.7669,ens_024,monthly,1993-2016
C3S,CMCC,dynamical,2026-10-01,2026-12,2,4.3255,1.5143,2.8112,ens_024,monthly,1993-2016
C3S,CMCC,dynamical,2026-10-01,2027-01,3,4.3331,1.5509,2.7822,ens_024,monthly,1993-2016
C3S,CMCC,dynamical,2026-10-01,2027-02,4,4.1575,1.5188,2.6388,ens_024,monthly,1993-2016
C3S,CMCC,dynamical,2026-10-01,2027-03,5,3.5311,1.397,2.1341,ens_024,monthly,1993-2016
C3S,CMCC,dynamical,2026-10-01,2026-10,0,3.533,1.0804,2.4526,ens_025,monthly,1993-2016
C3S,CMCC,dynamical,2026-10-01,2026-11,1,3.8908,1.2694,2.6214,ens_025,monthly,1993-2016
C3S,CMCC,dynamical,2026-10-01,2026-12,2,4.0621,1.4069,2.6552,ens_025,monthly,1993-2016
C3S,CMCC,dynamical,2026-10-01,2027-01,3,4.0534,1.4717,2.5817,ens_025,monthly,1993-2016
C3S,CMCC,dynamical,2026-10-01,2027-02,4,3.6022,1.4314,2.1708,ens_025,monthly,1993-2016
C3S,CMCC,dynamical,2026-10-01,2027-03,5,3.2598,1.4022,1.8575,ens_025,monthly,1993-2016
C3S,CMCC,dynamical,2026-10-01,2026-10,0,3.5279,1.0818,2.446,ens_026,monthly,1993-2016
C3S,CMCC,dynamical,2026-10-01,2026-11,1,4.067,1.27,2.7969,ens_026,monthly,1993-2016
C3S,CMCC,dynamical,2026-10-01,2026-12,2,4.3345,1.4133,2.9212,ens_026,monthly,1993-2016
C3S,CMCC,dynamical,2026-10-01,2027-01,3,4.5693,1.5226,3.0466,ens_026,monthly,1993-2016
C3S,CMCC,dynamical,2026-10-01,2027-02,4,4.2823,1.4064,2.8759,ens_026,monthly,1993-2016
C3S,CMCC,dynamical,2026-10-01,2027-03,5,3.582,1.3519,2.2301,ens_026,monthly,1993-2016
C3S,CMCC,dynamical,2026-10-01,2026-10,0,3.4434,1.0157,2.4277,ens_027,monthly,1993-2016
C3S,CMCC,dynamical,2026-10-01,2026-11,1,3.7192,1.1814,2.5378,ens_027,monthly,1993-2016
C3S,CMCC,dynamical,2026-10-01,2026-12,2,4.0759,1.4088,2.667,ens_027,monthly,1993-2016
C3S,CMCC,dynamical,2026-10-01,2027-01,3,4.1479,1.4417,2.7062,ens_027,monthly,1993-2016
C3S,CMCC,dynamical,2026-10-01,2027-02,4,3.7698,1.3488,2.421,ens_027,monthly,1993-2016
C3S,CMCC,dynamical,2026-10-01,2027-03,5,3.5175,1.3812,2.1363,ens_027,monthly,1993-2016
C3S,CMCC,dynamical,2026-10-01,2026-10,0,3.5181,1.0342,2.4839,ens_028,monthly,1993-2016
C3S,CMCC,dynamical,2026-10-01,2026-11,1,3.873,1.1849,2.688,ens_028,monthly,1993-2016
C3S,CMCC,dynamical,2026-10-01,2026-12,2,3.9961,1.3248,2.6712,ens_028,monthly,1993-2016
C3S,CMCC,dynamical,2026-10-01,2027-01,3,4.1967,1.5129,2.6837,ens_028,monthly,1993-2016
C3S,CMCC,dynamical,2026-10-01,2027-02,4,3.9645,1.5087,2.4557,ens_028,monthly,1993-2016
C3S,CMCC,dynamical,2026-10-01,2027-03,5,3.2571,1.4887,1.7685,ens_028,monthly,1993-2016
C3S,CMCC,dynamical,2026-10-01,2026-10,0,3.4574,1.0415,2.4159,ens_029,monthly,1993-2016
C3S,CMCC,dynamical,2026-10-01,2026-11,1,3.8232,1.1945,2.6287,ens_029,monthly,1993-2016
C3S,CMCC,dynamical,2026-10-01,2026-12,2,4.1549,1.4727,2.6822,ens_029,monthly,1993-2016
C3S,CMCC,dynamical,2026-10-01,2027-01,3,4.3056,1.5058,2.7998,ens_029,monthly,1993-2016
C3S,CMCC,dynamical,2026-10-01,2027-02,4,4.1494,1.4839,2.6655,ens_029,monthly,1993-2016
C3S,CMCC,dynamical,2026-10-01,2027-03,5,3.713,1.4651,2.2479,ens_029,monthly,1993-2016
C3S,CMCC,dynamical,2026-10-01,2026-10,0,3.4682,1.041,2.4273,ens_030,monthly,1993-2016
C3S,CMCC,dynamical,2026-10-01,2026-11,1,3.8245,1.2133,2.6112,ens_030,monthly,1993-2016
C3S,CMCC,dynamical,2026-10-01,2026-12,2,4.164,1.3834,2.7806,ens_030,monthly,1993-2016
C3S,CMCC,dynamical,2026-10-01,2027-01,3,4.4052,1.5668,2.8384,ens_030,monthly,1993-2016
C3S,CMCC,dynamical,2026-10-01,2027-02,4,4.4311,1.5229,2.9081,ens_030,monthly,1993-2016
C3S,CMCC,dynamical,2026-10-01,2027-03,5,3.9079,1.5065,2.4015,ens_030,monthly,1993-2016
C3S,CMCC,dynamical,2026-10-01,2026-10,0,3.4328,1.0797,2.3531,ens_031,monthly,1993-2016
C3S,CMCC,dynamical,2026-10-01,2026-11,1,3.6755,1.3143,2.3612,ens_031,monthly,1993-2016
C3S,CMCC,dynamical,2026-10-01,2026-12,2,4.1339,1.529,2.6049,ens_031,monthly,1993-2016
C3S,CMCC,dynamical,2026-10-01,2027-01,3,4.153,1.5526,2.6004,ens_031,monthly,1993-2016
C3S,CMCC,dynamical,2026-10-01,2027-02,4,4.2398,1.5659,2.6739,ens_031,monthly,1993-2016
C3S,CMCC,dynamical,2026-10-01,2027-03,5,3.8382,1.3577,2.4805,ens_031,monthly,1993-2016
C3S,CMCC,dynamical,2026-10-01,2026-10,0,3.4433,1.0622,2.381,ens_032,monthly,1993-2016
C3S,CMCC,dynamical,2026-10-01,2026-11,1,3.9322,1.1959,2.7364,ens_032,monthly,1993-2016
C3S,CMCC,dynamical,2026-10-01,2026-12,2,4.1357,1.3698,2.7659,ens_032,monthly,1993-2016
C3S,CMCC,dynamical,2026-10-01,2027-01,3,4.2055,1.4177,2.7878,ens_032,monthly,1993-2016
C3S,CMCC,dynamical,2026-10-01,2027-02,4,3.7966,1.3684,2.4282,ens_032,monthly,1993-2016
C3S,CMCC,dynamical,2026-10-01,2027-03,5,3.3165,1.2869,2.0296,ens_032,monthly,1993-2016
C3S,CMCC,dynamical,2026-10-01,2026-10,0,3.4687,1.0739,2.3948,ens_033,monthly,1993-2016
C3S,CMCC,dynamical,2026-10-01,2026-11,1,3.9496,1.2583,2.6913,ens_033,monthly,1993-2016
C3S,CMCC,dynamical,2026-10-01,2026-12,2,4.3269,1.4639,2.863,ens_033,monthly,1993-2016
C3S,CMCC,dynamical,2026-10-01,2027-01,3,4.2817,1.517,2.7647,ens_033,monthly,1993-2016
C3S,CMCC,dynamical,2026-10-01,2027-02,4,3.9077,1.5197,2.388,ens_033,monthly,1993-2016
C3S,CMCC,dynamical,2026-10-01,2027-03,5,2.8712,1.453,1.4183,ens_033,monthly,1993-2016
C3S,CMCC,dynamical,2026-10-01,2026-10,0,3.5294,1.0885,2.4409,ens_034,monthly,1993-2016
C3S,CMCC,dynamical,2026-10-01,2026-11,1,3.9578,1.2514,2.7064,ens_034,monthly,1993-2016
C3S,CMCC,dynamical,2026-10-01,2026-12,2,4.1699,1.3812,2.7887,ens_034,monthly,1993-2016
C3S,CMCC,dynamical,2026-10-01,2027-01,3,4.5312,1.5567,2.9745,ens_034,monthly,1993-2016
C3S,CMCC,dynamical,2026-10-01,2027-02,4,4.1766,1.5184,2.6582,ens_034,monthly,1993-2016
C3S,CMCC,dynamical,2026-10-01,2027-03,5,3.3453,1.4885,1.8568,ens_034,monthly,1993-2016
C3S,CMCC,dynamical,2026-10-01,2026-10,0,3.4991,1.0892,2.4098,ens_035,monthly,1993-2016
C3S,CMCC,dynamical,2026-10-01,2026-11,1,3.8784,1.2384,2.64,ens_035,monthly,1993-2016
C3S,CMCC,dynamical,2026-10-01,2026-12,2,4.1835,1.3292,2.8543,ens_035,monthly,1993-2016
C3S,CMCC,dynamical,2026-10-01,2027-01,3,4.2019,1.5133,2.6886,ens_035,monthly,1993-2016
C3S,CMCC,dynamical,2026-10-01,2027-02,4,3.7249,1.6197,2.1053,ens_035,monthly,1993-2016
C3S,CMCC,dynamical,2026-10-01,2027-03,5,3.1507,1.479,1.6717,ens_035,monthly,1993-2016
C3S,CMCC,dynamical,2026-10-01,2026-10,0,3.4524,1.0656,2.3868,ens_036,monthly,1993-2016
C3S,CMCC,dynamical,2026-10-01,2026-11,1,3.9108,1.2848,2.626,ens_036,monthly,1993-2016
C3S,CMCC,dynamical,2026-10-01,2026-12,2,4.214,1.4738,2.7402,ens_036,monthly,1993-2016
C3S,CMCC,dynamical,2026-10-01,2027-01,3,4.4524,1.5439,2.9085,ens_036,monthly,1993-2016
C3S,CMCC,dynamical,2026-10-01,2027-02,4,3.9839,1.4484,2.5355,ens_036,monthly,1993-2016
C3S,CMCC,dynamical,2026-10-01,2027-03,5,3.2739,1.4637,1.8103,ens_036,monthly,1993-2016
C3S,CMCC,dynamical,2026-10-01,2026-10,0,3.5762,1.0534,2.5229,ens_037,monthly,1993-2016
C3S,CMCC,dynamical,2026-10-01,2026-11,1,3.993,1.2666,2.7264,ens_037,monthly,1993-2016
C3S,CMCC,dynamical,2026-10-01,2026-12,2,4.0511,1.3626,2.6885,ens_037,monthly,1993-2016
C3S,CMCC,dynamical,2026-10-01,2027-01,3,4.1997,1.5078,2.6919,ens_037,monthly,1993-2016
C3S,CMCC,dynamical,2026-10-01,2027-02,4,3.8624,1.4233,2.4391,ens_037,monthly,1993-2016
C3S,CMCC,dynamical,2026-10-01,2027-03,5,3.7599,1.3829,2.377,ens_037,monthly,1993-2016
C3S,CMCC,dynamical,2026-10-01,2026-10,0,3.4658,1.0403,2.4255,ens_038,monthly,1993-2016
C3S,CMCC,dynamical,2026-10-01,2026-11,1,3.9463,1.2866,2.6597,ens_038,monthly,1993-2016
C3S,CMCC,dynamical,2026-10-01,2026-12,2,4.2995,1.4734,2.8261,ens_038,monthly,1993-2016
C3S,CMCC,dynamical,2026-10-01,2027-01,3,4.3817,1.5735,2.8082,ens_038,monthly,1993-2016
C3S,CMCC,dynamical,2026-10-01,2027-02,4,4.2008,1.4759,2.7249,ens_038,monthly,1993-2016
C3S,CMCC,dynamical,2026-10-01,2027-03,5,3.8922,1.4374,2.4548,ens_038,monthly,1993-2016
C3S,CMCC,dynamical,2026-10-01,2026-10,0,3.4751,1.013,2.4621,ens_039,monthly,1993-2016
C3S,CMCC,dynamical,2026-10-01,2026-11,1,3.9968,1.2952,2.7016,ens_039,monthly,1993-2016
C3S,CMCC,dynamical,2026-10-01,2026-12,2,4.2115,1.3629,2.8486,ens_039,monthly,1993-2016
C3S,CMCC,dynamical,2026-10-01,2027-01,3,4.4338,1.4247,3.0091,ens_039,monthly,1993-2016
C3S,CMCC,dynamical,2026-10-01,2027-02,4,4.2442,1.4081,2.8361,ens_039,monthly,1993-2016
C3S,CMCC,dynamical,2026-10-01,2027-03,5,3.6477,1.4637,2.1841,ens_039,monthly,1993-2016
C3S,CMCC,dynamical,2026-10-01,2026-10,0,3.5053,1.0337,2.4716,ens_040,monthly,1993-2016
C3S,CMCC,dynamical,2026-10-01,2026-11,1,3.9122,1.2325,2.6797,ens_040,monthly,1993-2016
C3S,CMCC,dynamical,2026-10-01,2026-12,2,4.3463,1.448,2.8983,ens_040,monthly,1993-2016
C3S,CMCC,dynamical,2026-10-01,2027-01,3,4.547,1.5889,2.9581,ens_040,monthly,1993-2016
C3S,CMCC,dynamical,2026-10-01,2027-02,4,4.4792,1.5961,2.8831,ens_040,monthly,1993-2016
C3S,CMCC,dynamical,2026-10-01,2027-03,5,4.205,1.5536,2.6514,ens_040,monthly,1993-2016
C3S,CMCC,dynamical,2026-10-01,2026-10,0,3.4214,1.0724,2.3489,ens_041,monthly,1993-2016
C3S,CMCC,dynamical,2026-10-01,2026-11,1,4.0507,1.3178,2.7329,ens_041,monthly,1993-2016
C3S,CMCC,dynamical,2026-10-01,2026-12,2,4.1652,1.4276,2.7375,ens_041,monthly,1993-2016
C3S,CMCC,dynamical,2026-10-01,2027-01,3,4.1829,1.4661,2.7168,ens_041,monthly,1993-2016
C3S,CMCC,dynamical,2026-10-01,2027-02,4,3.7456,1.4098,2.3358,ens_041,monthly,1993-2016
C3S,CMCC,dynamical,2026-10-01,2027-03,5,3.3954,1.3484,2.047,ens_041,monthly,1993-2016
C3S,CMCC,dynamical,2026-10-01,2026-10,0,3.4708,1.0442,2.4266,ens_042,monthly,1993-2016
C3S,CMCC,dynamical,2026-10-01,2026-11,1,4.0426,1.2599,2.7828,ens_042,monthly,1993-2016
C3S,CMCC,dynamical,2026-10-01,2026-12,2,4.1942,1.4128,2.7814,ens_042,monthly,1993-2016
C3S,CMCC,dynamical,2026-10-01,2027-01,3,4.3022,1.4344,2.8678,ens_042,monthly,1993-2016
C3S,CMCC,dynamical,2026-10-01,2027-02,4,4.1014,1.3052,2.7962,ens_042,monthly,1993-2016
C3S,CMCC,dynamical,2026-10-01,2027-03,5,3.4811,1.2949,2.1862,ens_042,monthly,1993-2016
C3S,CMCC,dynamical,2026-10-01,2026-10,0,3.498,1.0987,2.3993,ens_043,monthly,1993-2016
C3S,CMCC,dynamical,2026-10-01,2026-11,1,4.0759,1.3072,2.7687,ens_043,monthly,1993-2016
C3S,CMCC,dynamical,2026-10-01,2026-12,2,4.231,1.5124,2.7185,ens_043,monthly,1993-2016
C3S,CMCC,dynamical,2026-10-01,2027-01,3,4.3307,1.6206,2.7102,ens_043,monthly,1993-2016
C3S,CMCC,dynamical,2026-10-01,2027-02,4,4.0131,1.5907,2.4224,ens_043,monthly,1993-2016
C3S,CMCC,dynamical,2026-10-01,2027-03,5,3.2427,1.4885,1.7541,ens_043,monthly,1993-2016
C3S,CMCC,dynamical,2026-10-01,2026-10,0,3.5471,1.0383,2.5089,ens_044,monthly,1993-2016
C3S,CMCC,dynamical,2026-10-01,2026-11,1,3.9152,1.3325,2.5826,ens_044,monthly,1993-2016
C3S,CMCC,dynamical,2026-10-01,2026-12,2,4.0861,1.4369,2.6493,ens_044,monthly,1993-2016
C3S,CMCC,dynamical,2026-10-01,2027-01,3,4.2208,1.4143,2.8066,ens_044,monthly,1993-2016
C3S,CMCC,dynamical,2026-10-01,2027-02,4,4.2241,1.4732,2.7509,ens_044,monthly,1993-2016
C3S,CMCC,dynamical,2026-10-01,2027-03,5,3.7838,1.4527,2.3311,ens_044,monthly,1993-2016
C3S,CMCC,dynamical,2026-10-01,2026-10,0,3.4307,1.0578,2.3729,ens_045,monthly,1993-2016
C3S,CMCC,dynamical,2026-10-01,2026-11,1,3.8507,1.1899,2.6608,ens_045,monthly,1993-2016
C3S,CMCC,dynamical,2026-10-01,2026-12,2,4.2628,1.4029,2.8599,ens_045,monthly,1993-2016
C3S,CMCC,dynamical,2026-10-01,2027-01,3,4.2362,1.4091,2.8271,ens_045,monthly,1993-2016
C3S,CMCC,dynamical,2026-10-01,2027-02,4,4.2639,1.4028,2.8611,ens_045,monthly,1993-2016
C3S,CMCC,dynamical,2026-10-01,2027-03,5,3.573,1.2819,2.2911,ens_045,monthly,1993-2016
C3S,CMCC,dynamical,2026-10-01,2026-10,0,3.463,1.0075,2.4555,ens_046,monthly,1993-2016
C3S,CMCC,dynamical,2026-10-01,2026-11,1,3.8339,1.1753,2.6586,ens_046,monthly,1993-2016
C3S,CMCC,dynamical,2026-10-01,2026-12,2,3.9979,1.3821,2.6158,ens_046,monthly,1993-2016
C3S,CMCC,dynamical,2026-10-01,2027-01,3,4.0599,1.4155,2.6443,ens_046,monthly,1993-2016
C3S,CMCC,dynamical,2026-10-01,2027-02,4,3.7058,1.3719,2.3339,ens_046,monthly,1993-2016
C3S,CMCC,dynamical,2026-10-01,2027-03,5,3.2756,1.4073,1.8683,ens_046,monthly,1993-2016
C3S,CMCC,dynamical,2026-10-01,2026-10,0,3.4016,1.0638,2.3378,ens_047,monthly,1993-2016
C3S,CMCC,dynamical,2026-10-01,2026-11,1,3.8281,1.3727,2.4554,ens_047,monthly,1993-2016
C3S,CMCC,dynamical,2026-10-01,2026-12,2,4.1048,1.536,2.5688,ens_047,monthly,1993-2016
C3S,CMCC,dynamical,2026-10-01,2027-01,3,4.2182,1.6197,2.5984,ens_047,monthly,1993-2016
C3S,CMCC,dynamical,2026-10-01,2027-02,4,4.1193,1.6049,2.5144,ens_047,monthly,1993-2016
C3S,CMCC,dynamical,2026-10-01,2027-03,5,3.6697,1.482,2.1877,ens_047,monthly,1993-2016
C3S,CMCC,dynamical,2026-10-01,2026-10,0,3.5663,1.0898,2.4765,ens_048,monthly,1993-2016
C3S,CMCC,dynamical,2026-10-01,2026-11,1,3.9099,1.3498,2.5601,ens_048,monthly,1993-2016
C3S,CMCC,dynamical,2026-10-01,2026-12,2,4.2706,1.5493,2.7213,ens_048,monthly,1993-2016
C3S,CMCC,dynamical,2026-10-01,2027-01,3,4.2883,1.6836,2.6047,ens_048,monthly,1993-2016
C3S,CMCC,dynamical,2026-10-01,2027-02,4,4.0681,1.6297,2.4384,ens_048,monthly,1993-2016
C3S,CMCC,dynamical,2026-10-01,2027-03,5,3.3638,1.5668,1.797,ens_048,monthly,1993-2016
C3S,CMCC,dynamical,2026-10-01,2026-10,0,3.4434,1.0361,2.4073,ens_049,monthly,1993-2016
C3S,CMCC,dynamical,2026-10-01,2026-11,1,3.7405,1.1917,2.5488,ens_049,monthly,1993-2016
C3S,CMCC,dynamical,2026-10-01,2026-12,2,4.0642,1.3438,2.7204,ens_049,monthly,1993-2016
C3S,CMCC,dynamical,2026-10-01,2027-01,3,4.1607,1.4024,2.7583,ens_049,monthly,1993-2016
C3S,CMCC,dynamical,2026-10-01,2027-02,4,3.697,1.3639,2.3331,ens_049,monthly,1993-2016
C3S,CMCC,dynamical,2026-10-01,2027-03,5,3.1698,1.2882,1.8816,ens_049,monthly,1993-2016
C3S,CMCC,dynamical,2026-10-01,2026-10,0,3.4673,1.0478,2.4194,mean,monthly,1993-2016
C3S,CMCC,dynamical,2026-10-01,2026-11,1,3.9112,1.2526,2.6586,mean,monthly,1993-2016
C3S,CMCC,dynamical,2026-10-01,2026-12,2,4.1866,1.4197,2.7669,mean,monthly,1993-2016
C3S,CMCC,dynamical,2026-10-01,2027-01,3,4.297,1.5016,2.7953,mean,monthly,1993-2016
C3S,CMCC,dynamical,2026-10-01,2027-02,4,3.999,1.4611,2.5379,mean,monthly,1993-2016
C3S,CMCC,dynamical,2026-10-01,2027-03,5,3.4897,1.4057,2.084,mean,monthly,1993-2016
C3S,JMA,dynamical,2026-10-01,2026-10,0,3.5439,1.2072,2.3367,ens_000,monthly,1993-2016
C3S,JMA,dynamical,2026-10-01,2026-11,1,3.9814,1.3909,2.5905,ens_000,monthly,1993-2016
C3S,JMA,dynamical,2026-10-01,2026-12,2,4.1469,1.4732,2.6737,ens_000,monthly,1993-2016
C3S,JMA,dynamical,2026-10-01,2027-01,3,4.065,1.4726,2.5924,ens_000,monthly,1993-2016
C3S,JMA,dynamical,2026-10-01,2027-02,4,3.8331,1.4411,2.3919,ens_000,monthly,1993-2016
C3S,JMA,dynamical,2026-10-01,2027-03,5,3.378,1.393,1.9849,ens_000,monthly,1993-2016
C3S,JMA,dynamical,2026-10-01,2026-10,0,3.4285,1.1583,2.2701,ens_001,monthly,1993-2016
C3S,JMA,dynamical,2026-10-01,2026-11,1,3.8235,1.2429,2.5805,ens_001,monthly,1993-2016
C3S,JMA,dynamical,2026-10-01,2026-12,2,3.9621,1.2744,2.6877,ens_001,monthly,1993-2016
C3S,JMA,dynamical,2026-10-01,2027-01,3,3.9381,1.3464,2.5917,ens_001,monthly,1993-2016
C3S,JMA,dynamical,2026-10-01,2027-02,4,3.9981,1.3626,2.6355,ens_001,monthly,1993-2016
C3S,JMA,dynamical,2026-10-01,2027-03,5,3.3585,1.3455,2.013,ens_001,monthly,1993-2016
C3S,JMA,dynamical,2026-10-01,2026-10,0,3.7193,1.1759,2.5434,ens_002,monthly,1993-2016
C3S,JMA,dynamical,2026-10-01,2026-11,1,3.8715,1.3125,2.559,ens_002,monthly,1993-2016
C3S,JMA,dynamical,2026-10-01,2026-12,2,3.9697,1.4017,2.568,ens_002,monthly,1993-2016
C3S,JMA,dynamical,2026-10-01,2027-01,3,4.1315,1.4076,2.724,ens_002,monthly,1993-2016
C3S,JMA,dynamical,2026-10-01,2027-02,4,4.0365,1.4859,2.5505,ens_002,monthly,1993-2016
C3S,JMA,dynamical,2026-10-01,2027-03,5,3.3994,1.4227,1.9768,ens_002,monthly,1993-2016
C3S,JMA,dynamical,2026-10-01,2026-10,0,3.4963,1.1587,2.3377,ens_003,monthly,1993-2016
C3S,JMA,dynamical,2026-10-01,2026-11,1,3.7612,1.2894,2.4718,ens_003,monthly,1993-2016
C3S,JMA,dynamical,2026-10-01,2026-12,2,4.0074,1.3266,2.6808,ens_003,monthly,1993-2016
C3S,JMA,dynamical,2026-10-01,2027-01,3,3.9193,1.3332,2.5861,ens_003,monthly,1993-2016
C3S,JMA,dynamical,2026-10-01,2027-02,4,3.8488,1.3457,2.5031,ens_003,monthly,1993-2016
C3S,JMA,dynamical,2026-10-01,2027-03,5,3.4567,1.3345,2.1223,ens_003,monthly,1993-2016
C3S,JMA,dynamical,2026-10-01,2026-10,0,3.5121,1.1814,2.3307,ens_004,monthly,1993-2016
C3S,JMA,dynamical,2026-10-01,2026-11,1,3.9061,1.2879,2.6183,ens_004,monthly,1993-2016
C3S,JMA,dynamical,2026-10-01,2026-12,2,3.9681,1.2968,2.6714,ens_004,monthly,1993-2016
C3S,JMA,dynamical,2026-10-01,2027-01,3,3.943,1.3867,2.5563,ens_004,monthly,1993-2016
C3S,JMA,dynamical,2026-10-01,2027-02,4,3.5458,1.3382,2.2076,ens_004,monthly,1993-2016
C3S,JMA,dynamical,2026-10-01,2027-03,5,3.051,1.2724,1.7786,ens_004,monthly,1993-2016
C3S,JMA,dynamical,2026-10-01,2026-10,0,3.5059,1.1977,2.3083,ens_005,monthly,1993-2016
C3S,JMA,dynamical,2026-10-01,2026-11,1,3.9474,1.3447,2.6027,ens_005,monthly,1993-2016
C3S,JMA,dynamical,2026-10-01,2026-12,2,4.0666,1.4562,2.6104,ens_005,monthly,1993-2016
C3S,JMA,dynamical,2026-10-01,2027-01,3,3.9553,1.5338,2.4215,ens_005,monthly,1993-2016
C3S,JMA,dynamical,2026-10-01,2027-02,4,3.7309,1.528,2.203,ens_005,monthly,1993-2016
C3S,JMA,dynamical,2026-10-01,2027-03,5,3.5268,1.4925,2.0343,ens_005,monthly,1993-2016
C3S,JMA,dynamical,2026-10-01,2026-10,0,3.6263,1.1739,2.4524,ens_006,monthly,1993-2016
C3S,JMA,dynamical,2026-10-01,2026-11,1,3.942,1.2318,2.7102,ens_006,monthly,1993-2016
C3S,JMA,dynamical,2026-10-01,2026-12,2,4.1025,1.2405,2.862,ens_006,monthly,1993-2016
C3S,JMA,dynamical,2026-10-01,2027-01,3,3.9942,1.2645,2.7297,ens_006,monthly,1993-2016
C3S,JMA,dynamical,2026-10-01,2027-02,4,3.7891,1.2613,2.5277,ens_006,monthly,1993-2016
C3S,JMA,dynamical,2026-10-01,2027-03,5,3.3934,1.2461,2.1473,ens_006,monthly,1993-2016
C3S,JMA,dynamical,2026-10-01,2026-10,0,3.4714,1.166,2.3054,ens_007,monthly,1993-2016
C3S,JMA,dynamical,2026-10-01,2026-11,1,3.7499,1.2909,2.459,ens_007,monthly,1993-2016
C3S,JMA,dynamical,2026-10-01,2026-12,2,3.8692,1.3324,2.5368,ens_007,monthly,1993-2016
C3S,JMA,dynamical,2026-10-01,2027-01,3,3.9321,1.353,2.5791,ens_007,monthly,1993-2016
C3S,JMA,dynamical,2026-10-01,2027-02,4,3.5754,1.366,2.2094,ens_007,monthly,1993-2016
C3S,JMA,dynamical,2026-10-01,2027-03,5,3.3288,1.3017,2.0271,ens_007,monthly,1993-2016
C3S,JMA,dynamical,2026-10-01,2026-10,0,3.4517,1.1407,2.311,ens_008,monthly,1993-2016
C3S,JMA,dynamical,2026-10-01,2026-11,1,3.8764,1.254,2.6224,ens_008,monthly,1993-2016
C3S,JMA,dynamical,2026-10-01,2026-12,2,4.0164,1.3646,2.6518,ens_008,monthly,1993-2016
C3S,JMA,dynamical,2026-10-01,2027-01,3,3.9999,1.3807,2.6192,ens_008,monthly,1993-2016
C3S,JMA,dynamical,2026-10-01,2027-02,4,3.541,1.3781,2.163,ens_008,monthly,1993-2016
C3S,JMA,dynamical,2026-10-01,2027-03,5,2.7407,1.2894,1.4513,ens_008,monthly,1993-2016
C3S,JMA,dynamical,2026-10-01,2026-10,0,3.5155,1.1642,2.3512,ens_009,monthly,1993-2016
C3S,JMA,dynamical,2026-10-01,2026-11,1,3.9185,1.2544,2.6641,ens_009,monthly,1993-2016
C3S,JMA,dynamical,2026-10-01,2026-12,2,4.087,1.3069,2.7801,ens_009,monthly,1993-2016
C3S,JMA,dynamical,2026-10-01,2027-01,3,3.9921,1.3151,2.677,ens_009,monthly,1993-2016
C3S,JMA,dynamical,2026-10-01,2027-02,4,3.7759,1.3006,2.4753,ens_009,monthly,1993-2016
C3S,JMA,dynamical,2026-10-01,2027-03,5,3.0862,1.3239,1.7623,ens_009,monthly,1993-2016
C3S,JMA,dynamical,2026-10-01,2026-10,0,3.4815,1.1823,2.2992,ens_010,monthly,1993-2016
C3S,JMA,dynamical,2026-10-01,2026-11,1,3.7599,1.3581,2.4018,ens_010,monthly,1993-2016
C3S,JMA,dynamical,2026-10-01,2026-12,2,3.9332,1.4238,2.5094,ens_010,monthly,1993-2016
C3S,JMA,dynamical,2026-10-01,2027-01,3,3.96,1.466,2.494,ens_010,monthly,1993-2016
C3S,JMA,dynamical,2026-10-01,2027-02,4,3.8179,1.4199,2.3979,ens_010,monthly,1993-2016
C3S,JMA,dynamical,2026-10-01,2027-03,5,3.2727,1.4276,1.8451,ens_010,monthly,1993-2016
C3S,JMA,dynamical,2026-10-01,2026-10,0,3.5466,1.144,2.4026,ens_011,monthly,1993-2016
C3S,JMA,dynamical,2026-10-01,2026-11,1,3.8649,1.2156,2.6492,ens_011,monthly,1993-2016
C3S,JMA,dynamical,2026-10-01,2026-12,2,3.9944,1.2635,2.7309,ens_011,monthly,1993-2016
C3S,JMA,dynamical,2026-10-01,2027-01,3,3.9951,1.3197,2.6753,ens_011,monthly,1993-2016
C3S,JMA,dynamical,2026-10-01,2027-02,4,3.5633,1.3149,2.2484,ens_011,monthly,1993-2016
C3S,JMA,dynamical,2026-10-01,2027-03,5,2.8935,1.208,1.6855,ens_011,monthly,1993-2016
C3S,JMA,dynamical,2026-10-01,2026-10,0,3.4957,1.1946,2.3011,ens_012,monthly,1993-2016
C3S,JMA,dynamical,2026-10-01,2026-11,1,3.9069,1.3173,2.5896,ens_012,monthly,1993-2016
C3S,JMA,dynamical,2026-10-01,2026-12,2,4.093,1.3597,2.7333,ens_012,monthly,1993-2016
C3S,JMA,dynamical,2026-10-01,2027-01,3,4.0509,1.3546,2.6964,ens_012,monthly,1993-2016
C3S,JMA,dynamical,2026-10-01,2027-02,4,3.7762,1.3221,2.4541,ens_012,monthly,1993-2016
C3S,JMA,dynamical,2026-10-01,2027-03,5,3.2372,1.2786,1.9586,ens_012,monthly,1993-2016
C3S,JMA,dynamical,2026-10-01,2026-10,0,3.6915,1.1615,2.53,ens_013,monthly,1993-2016
C3S,JMA,dynamical,2026-10-01,2026-11,1,3.9818,1.2695,2.7123,ens_013,monthly,1993-2016
C3S,JMA,dynamical,2026-10-01,2026-12,2,3.903,1.3108,2.5922,ens_013,monthly,1993-2016
C3S,JMA,dynamical,2026-10-01,2027-01,3,3.979,1.3537,2.6253,ens_013,monthly,1993-2016
C3S,JMA,dynamical,2026-10-01,2027-02,4,3.6252,1.3928,2.2324,ens_013,monthly,1993-2016
C3S,JMA,dynamical,2026-10-01,2027-03,5,3.1944,1.3621,1.8323,ens_013,monthly,1993-2016
C3S,JMA,dynamical,2026-10-01,2026-10,0,3.4643,1.1448,2.3195,ens_014,monthly,1993-2016
C3S,JMA,dynamical,2026-10-01,2026-11,1,3.7847,1.2588,2.5259,ens_014,monthly,1993-2016
C3S,JMA,dynamical,2026-10-01,2026-12,2,4.0401,1.2706,2.7695,ens_014,monthly,1993-2016
C3S,JMA,dynamical,2026-10-01,2027-01,3,4.0906,1.319,2.7716,ens_014,monthly,1993-2016
C3S,JMA,dynamical,2026-10-01,2027-02,4,3.8481,1.3561,2.492,ens_014,monthly,1993-2016
C3S,JMA,dynamical,2026-10-01,2027-03,5,3.3233,1.3116,2.0117,ens_014,monthly,1993-2016
C3S,JMA,dynamical,2026-10-01,2026-10,0,3.5867,1.1895,2.3971,ens_015,monthly,1993-2016
C3S,JMA,dynamical,2026-10-01,2026-11,1,3.8774,1.2877,2.5897,ens_015,monthly,1993-2016
C3S,JMA,dynamical,2026-10-01,2026-12,2,3.7957,1.3182,2.4775,ens_015,monthly,1993-2016
C3S,JMA,dynamical,2026-10-01,2027-01,3,3.9313,1.3349,2.5964,ens_015,monthly,1993-2016
C3S,JMA,dynamical,2026-10-01,2027-02,4,3.7917,1.3649,2.4267,ens_015,monthly,1993-2016
C3S,JMA,dynamical,2026-10-01,2027-03,5,3.199,1.2833,1.9157,ens_015,monthly,1993-2016
C3S,JMA,dynamical,2026-10-01,2026-10,0,3.6877,1.1537,2.534,ens_016,monthly,1993-2016
C3S,JMA,dynamical,2026-10-01,2026-11,1,4.0467,1.3317,2.7149,ens_016,monthly,1993-2016
C3S,JMA,dynamical,2026-10-01,2026-12,2,4.1472,1.379,2.7682,ens_016,monthly,1993-2016
C3S,JMA,dynamical,2026-10-01,2027-01,3,4.0497,1.3749,2.6748,ens_016,monthly,1993-2016
C3S,JMA,dynamical,2026-10-01,2027-02,4,3.6815,1.3599,2.3217,ens_016,monthly,1993-2016
C3S,JMA,dynamical,2026-10-01,2027-03,5,3.1421,1.2836,1.8585,ens_016,monthly,1993-2016
C3S,JMA,dynamical,2026-10-01,2026-10,0,3.5408,1.1506,2.3903,ens_017,monthly,1993-2016
C3S,JMA,dynamical,2026-10-01,2026-11,1,3.8873,1.2535,2.6338,ens_017,monthly,1993-2016
C3S,JMA,dynamical,2026-10-01,2026-12,2,3.9461,1.2662,2.6799,ens_017,monthly,1993-2016
C3S,JMA,dynamical,2026-10-01,2027-01,3,3.8885,1.3563,2.5321,ens_017,monthly,1993-2016
C3S,JMA,dynamical,2026-10-01,2027-02,4,3.7968,1.3136,2.4832,ens_017,monthly,1993-2016
C3S,JMA,dynamical,2026-10-01,2027-03,5,3.1101,1.2138,1.8963,ens_017,monthly,1993-2016
C3S,JMA,dynamical,2026-10-01,2026-10,0,3.5408,1.1454,2.3954,ens_018,monthly,1993-2016
C3S,JMA,dynamical,2026-10-01,2026-11,1,3.9524,1.2725,2.6799,ens_018,monthly,1993-2016
C3S,JMA,dynamical,2026-10-01,2026-12,2,4.0773,1.3043,2.773,ens_018,monthly,1993-2016
C3S,JMA,dynamical,2026-10-01,2027-01,3,3.9203,1.3339,2.5864,ens_018,monthly,1993-2016
C3S,JMA,dynamical,2026-10-01,2027-02,4,3.752,1.3098,2.4422,ens_018,monthly,1993-2016
C3S,JMA,dynamical,2026-10-01,2027-03,5,3.0565,1.2586,1.7979,ens_018,monthly,1993-2016
C3S,JMA,dynamical,2026-10-01,2026-10,0,3.6061,1.1427,2.4633,ens_019,monthly,1993-2016
C3S,JMA,dynamical,2026-10-01,2026-11,1,3.9233,1.2924,2.6309,ens_019,monthly,1993-2016
C3S,JMA,dynamical,2026-10-01,2026-12,2,4.1026,1.3507,2.7518,ens_019,monthly,1993-2016
C3S,JMA,dynamical,2026-10-01,2027-01,3,4.187,1.4404,2.7465,ens_019,monthly,1993-2016
C3S,JMA,dynamical,2026-10-01,2027-02,4,4.1926,1.4711,2.7215,ens_019,monthly,1993-2016
C3S,JMA,dynamical,2026-10-01,2027-03,5,3.5198,1.4647,2.0551,ens_019,monthly,1993-2016
C3S,JMA,dynamical,2026-10-01,2026-10,0,3.5284,1.1871,2.3413,ens_020,monthly,1993-2016
C3S,JMA,dynamical,2026-10-01,2026-11,1,3.9094,1.3556,2.5538,ens_020,monthly,1993-2016
C3S,JMA,dynamical,2026-10-01,2026-12,2,4.1211,1.4134,2.7077,ens_020,monthly,1993-2016
C3S,JMA,dynamical,2026-10-01,2027-01,3,4.0313,1.4867,2.5446,ens_020,monthly,1993-2016
C3S,JMA,dynamical,2026-10-01,2027-02,4,3.7947,1.5215,2.2732,ens_020,monthly,1993-2016
C3S,JMA,dynamical,2026-10-01,2027-03,5,3.0476,1.4123,1.6353,ens_020,monthly,1993-2016
C3S,JMA,dynamical,2026-10-01,2026-10,0,3.7041,1.1307,2.5734,ens_021,monthly,1993-2016
C3S,JMA,dynamical,2026-10-01,2026-11,1,3.8948,1.2325,2.6622,ens_021,monthly,1993-2016
C3S,JMA,dynamical,2026-10-01,2026-12,2,3.9829,1.2905,2.6924,ens_021,monthly,1993-2016
C3S,JMA,dynamical,2026-10-01,2027-01,3,3.9556,1.2667,2.6889,ens_021,monthly,1993-2016
C3S,JMA,dynamical,2026-10-01,2027-02,4,3.5967,1.2011,2.3956,ens_021,monthly,1993-2016
C3S,JMA,dynamical,2026-10-01,2027-03,5,2.9499,1.1071,1.8428,ens_021,monthly,1993-2016
C3S,JMA,dynamical,2026-10-01,2026-10,0,3.485,1.1071,2.378,ens_022,monthly,1993-2016
C3S,JMA,dynamical,2026-10-01,2026-11,1,3.8416,1.1968,2.6448,ens_022,monthly,1993-2016
C3S,JMA,dynamical,2026-10-01,2026-12,2,4.0066,1.2352,2.7714,ens_022,monthly,1993-2016
C3S,JMA,dynamical,2026-10-01,2027-01,3,3.9595,1.199,2.7605,ens_022,monthly,1993-2016
C3S,JMA,dynamical,2026-10-01,2027-02,4,3.8602,1.2393,2.6209,ens_022,monthly,1993-2016
C3S,JMA,dynamical,2026-10-01,2027-03,5,3.2792,1.2693,2.01,ens_022,monthly,1993-2016
C3S,JMA,dynamical,2026-10-01,2026-10,0,3.54,1.1317,2.4083,ens_023,monthly,1993-2016
C3S,JMA,dynamical,2026-10-01,2026-11,1,3.7763,1.2249,2.5514,ens_023,monthly,1993-2016
C3S,JMA,dynamical,2026-10-01,2026-12,2,3.9437,1.2869,2.6567,ens_023,monthly,1993-2016
C3S,JMA,dynamical,2026-10-01,2027-01,3,3.8983,1.3745,2.5239,ens_023,monthly,1993-2016
C3S,JMA,dynamical,2026-10-01,2027-02,4,3.9218,1.3964,2.5255,ens_023,monthly,1993-2016
C3S,JMA,dynamical,2026-10-01,2027-03,5,3.5139,1.3357,2.1782,ens_023,monthly,1993-2016
C3S,JMA,dynamical,2026-10-01,2026-10,0,3.6396,1.1506,2.489,ens_024,monthly,1993-2016
C3S,JMA,dynamical,2026-10-01,2026-11,1,4.0157,1.277,2.7387,ens_024,monthly,1993-2016
C3S,JMA,dynamical,2026-10-01,2026-12,2,4.1739,1.3088,2.8651,ens_024,monthly,1993-2016
C3S,JMA,dynamical,2026-10-01,2027-01,3,4.2066,1.3123,2.8942,ens_024,monthly,1993-2016
C3S,JMA,dynamical,2026-10-01,2027-02,4,3.7792,1.3018,2.4774,ens_024,monthly,1993-2016
C3S,JMA,dynamical,2026-10-01,2027-03,5,3.0708,1.2468,1.824,ens_024,monthly,1993-2016
C3S,JMA,dynamical,2026-10-01,2026-10,0,3.5508,1.1635,2.3873,ens_025,monthly,1993-2016
C3S,JMA,dynamical,2026-10-01,2026-11,1,3.7977,1.3542,2.4435,ens_025,monthly,1993-2016
C3S,JMA,dynamical,2026-10-01,2026-12,2,3.8141,1.3973,2.4168,ens_025,monthly,1993-2016
C3S,JMA,dynamical,2026-10-01,2027-01,3,3.9088,1.4632,2.4456,ens_025,monthly,1993-2016
C3S,JMA,dynamical,2026-10-01,2027-02,4,3.9304,1.5335,2.3969,ens_025,monthly,1993-2016
C3S,JMA,dynamical,2026-10-01,2027-03,5,3.4045,1.4879,1.9167,ens_025,monthly,1993-2016
C3S,JMA,dynamical,2026-10-01,2026-10,0,3.5563,1.1219,2.4344,ens_026,monthly,1993-2016
C3S,JMA,dynamical,2026-10-01,2026-11,1,3.814,1.2189,2.5951,ens_026,monthly,1993-2016
C3S,JMA,dynamical,2026-10-01,2026-12,2,3.9714,1.3614,2.61,ens_026,monthly,1993-2016
C3S,JMA,dynamical,2026-10-01,2027-01,3,4.2331,1.3812,2.8519,ens_026,monthly,1993-2016
C3S,JMA,dynamical,2026-10-01,2027-02,4,3.9494,1.4185,2.5309,ens_026,monthly,1993-2016
C3S,JMA,dynamical,2026-10-01,2027-03,5,3.3736,1.4116,1.9619,ens_026,monthly,1993-2016
C3S,JMA,dynamical,2026-10-01,2026-10,0,3.635,1.1266,2.5084,ens_027,monthly,1993-2016
C3S,JMA,dynamical,2026-10-01,2026-11,1,3.9559,1.2142,2.7417,ens_027,monthly,1993-2016
C3S,JMA,dynamical,2026-10-01,2026-12,2,4.0102,1.3122,2.698,ens_027,monthly,1993-2016
C3S,JMA,dynamical,2026-10-01,2027-01,3,4.0352,1.3928,2.6424,ens_027,monthly,1993-2016
C3S,JMA,dynamical,2026-10-01,2027-02,4,3.8766,1.3483,2.5283,ens_027,monthly,1993-2016
C3S,JMA,dynamical,2026-10-01,2027-03,5,3.4237,1.3096,2.114,ens_027,monthly,1993-2016
C3S,JMA,dynamical,2026-10-01,2026-10,0,3.697,1.1672,2.5298,ens_028,monthly,1993-2016
C3S,JMA,dynamical,2026-10-01,2026-11,1,4.0632,1.3341,2.7291,ens_028,monthly,1993-2016
C3S,JMA,dynamical,2026-10-01,2026-12,2,4.192,1.3932,2.7987,ens_028,monthly,1993-2016
C3S,JMA,dynamical,2026-10-01,2027-01,3,4.1594,1.4051,2.7544,ens_028,monthly,1993-2016
C3S,JMA,dynamical,2026-10-01,2027-02,4,3.6827,1.4021,2.2806,ens_028,monthly,1993-2016
C3S,JMA,dynamical,2026-10-01,2027-03,5,3.2982,1.411,1.8872,ens_028,monthly,1993-2016
C3S,JMA,dynamical,2026-10-01,2026-10,0,3.4812,1.1342,2.3471,ens_029,monthly,1993-2016
C3S,JMA,dynamical,2026-10-01,2026-11,1,3.8193,1.2591,2.5602,ens_029,monthly,1993-2016
C3S,JMA,dynamical,2026-10-01,2026-12,2,4.0449,1.2856,2.7593,ens_029,monthly,1993-2016
C3S,JMA,dynamical,2026-10-01,2027-01,3,3.9073,1.3386,2.5687,ens_029,monthly,1993-2016
C3S,JMA,dynamical,2026-10-01,2027-02,4,3.8057,1.3719,2.4338,ens_029,monthly,1993-2016
C3S,JMA,dynamical,2026-10-01,2027-03,5,3.1934,1.3541,1.8393,ens_029,monthly,1993-2016
C3S,JMA,dynamical,2026-10-01,2026-10,0,3.6223,1.1138,2.5085,ens_030,monthly,1993-2016
C3S,JMA,dynamical,2026-10-01,2026-11,1,3.7589,1.2567,2.5021,ens_030,monthly,1993-2016
C3S,JMA,dynamical,2026-10-01,2026-12,2,3.7751,1.3441,2.431,ens_030,monthly,1993-2016
C3S,JMA,dynamical,2026-10-01,2027-01,3,3.7468,1.4101,2.3367,ens_030,monthly,1993-2016
C3S,JMA,dynamical,2026-10-01,2027-02,4,3.4869,1.4158,2.0712,ens_030,monthly,1993-2016
C3S,JMA,dynamical,2026-10-01,2027-03,5,3.0109,1.3916,1.6193,ens_030,monthly,1993-2016
C3S,JMA,dynamical,2026-10-01,2026-10,0,3.3021,1.0899,2.2122,ens_031,monthly,1993-2016
C3S,JMA,dynamical,2026-10-01,2026-11,1,3.6549,1.2123,2.4427,ens_031,monthly,1993-2016
C3S,JMA,dynamical,2026-10-01,2026-12,2,3.9332,1.3025,2.6306,ens_031,monthly,1993-2016
C3S,JMA,dynamical,2026-10-01,2027-01,3,4.0547,1.3376,2.7171,ens_031,monthly,1993-2016
C3S,JMA,dynamical,2026-10-01,2027-02,4,3.8721,1.3724,2.4997,ens_031,monthly,1993-2016
C3S,JMA,dynamical,2026-10-01,2027-03,5,3.3265,1.3659,1.9606,ens_031,monthly,1993-2016
C3S,JMA,dynamical,2026-10-01,2026-10,0,3.7714,1.1451,2.6263,ens_032,monthly,1993-2016
C3S,JMA,dynamical,2026-10-01,2026-11,1,4.0058,1.2022,2.8036,ens_032,monthly,1993-2016
C3S,JMA,dynamical,2026-10-01,2026-12,2,4.1922,1.2565,2.9357,ens_032,monthly,1993-2016
C3S,JMA,dynamical,2026-10-01,2027-01,3,4.154,1.3281,2.8258,ens_032,monthly,1993-2016
C3S,JMA,dynamical,2026-10-01,2027-02,4,3.7204,1.3198,2.4007,ens_032,monthly,1993-2016
C3S,JMA,dynamical,2026-10-01,2027-03,5,2.9807,1.312,1.6687,ens_032,monthly,1993-2016
C3S,JMA,dynamical,2026-10-01,2026-10,0,3.6709,1.146,2.5249,ens_033,monthly,1993-2016
C3S,JMA,dynamical,2026-10-01,2026-11,1,4.0401,1.3149,2.7252,ens_033,monthly,1993-2016
C3S,JMA,dynamical,2026-10-01,2026-12,2,4.0432,1.3458,2.6974,ens_033,monthly,1993-2016
C3S,JMA,dynamical,2026-10-01,2027-01,3,4.0106,1.4401,2.5705,ens_033,monthly,1993-2016
C3S,JMA,dynamical,2026-10-01,2027-02,4,3.7096,1.3936,2.316,ens_033,monthly,1993-2016
C3S,JMA,dynamical,2026-10-01,2027-03,5,3.0527,1.3633,1.6893,ens_033,monthly,1993-2016
C3S,JMA,dynamical,2026-10-01,2026-10,0,3.6894,1.1273,2.562,ens_034,monthly,1993-2016
C3S,JMA,dynamical,2026-10-01,2026-11,1,3.9656,1.2387,2.7269,ens_034,monthly,1993-2016
C3S,JMA,dynamical,2026-10-01,2026-12,2,4.0311,1.2584,2.7727,ens_034,monthly,1993-2016
C3S,JMA,dynamical,2026-10-01,2027-01,3,3.928,1.2953,2.6328,ens_034,monthly,1993-2016
C3S,JMA,dynamical,2026-10-01,2027-02,4,3.7307,1.2756,2.4551,ens_034,monthly,1993-2016
C3S,JMA,dynamical,2026-10-01,2027-03,5,3.2619,1.257,2.0049,ens_034,monthly,1993-2016
C3S,JMA,dynamical,2026-10-01,2026-10,0,3.5684,1.139,2.4294,ens_035,monthly,1993-2016
C3S,JMA,dynamical,2026-10-01,2026-11,1,4.0453,1.2608,2.7844,ens_035,monthly,1993-2016
C3S,JMA,dynamical,2026-10-01,2026-12,2,4.1422,1.3343,2.808,ens_035,monthly,1993-2016
C3S,JMA,dynamical,2026-10-01,2027-01,3,3.9535,1.4013,2.5522,ens_035,monthly,1993-2016
C3S,JMA,dynamical,2026-10-01,2027-02,4,3.9032,1.4419,2.4613,ens_035,monthly,1993-2016
C3S,JMA,dynamical,2026-10-01,2027-03,5,3.2897,1.3521,1.9376,ens_035,monthly,1993-2016
C3S,JMA,dynamical,2026-10-01,2026-10,0,3.4858,1.1356,2.3501,ens_036,monthly,1993-2016
C3S,JMA,dynamical,2026-10-01,2026-11,1,3.7697,1.22,2.5497,ens_036,monthly,1993-2016
C3S,JMA,dynamical,2026-10-01,2026-12,2,3.811,1.2166,2.5945,ens_036,monthly,1993-2016
C3S,JMA,dynamical,2026-10-01,2027-01,3,3.772,1.2311,2.541,ens_036,monthly,1993-2016
C3S,JMA,dynamical,2026-10-01,2027-02,4,3.5589,1.2089,2.35,ens_036,monthly,1993-2016
C3S,JMA,dynamical,2026-10-01,2027-03,5,3.0652,1.1816,1.8836,ens_036,monthly,1993-2016
C3S,JMA,dynamical,2026-10-01,2026-10,0,3.5564,1.1297,2.4268,ens_037,monthly,1993-2016
C3S,JMA,dynamical,2026-10-01,2026-11,1,3.9046,1.2813,2.6233,ens_037,monthly,1993-2016
C3S,JMA,dynamical,2026-10-01,2026-12,2,4.1272,1.3414,2.7858,ens_037,monthly,1993-2016
C3S,JMA,dynamical,2026-10-01,2027-01,3,4.0823,1.3986,2.6837,ens_037,monthly,1993-2016
C3S,JMA,dynamical,2026-10-01,2027-02,4,3.7968,1.4368,2.3599,ens_037,monthly,1993-2016
C3S,JMA,dynamical,2026-10-01,2027-03,5,3.1404,1.355,1.7854,ens_037,monthly,1993-2016
C3S,JMA,dynamical,2026-10-01,2026-10,0,3.5115,1.132,2.3795,ens_038,monthly,1993-2016
C3S,JMA,dynamical,2026-10-01,2026-11,1,3.8274,1.2486,2.5788,ens_038,monthly,1993-2016
C3S,JMA,dynamical,2026-10-01,2026-12,2,3.9256,1.3047,2.6209,ens_038,monthly,1993-2016
C3S,JMA,dynamical,2026-10-01,2027-01,3,3.9257,1.3398,2.5859,ens_038,monthly,1993-2016
C3S,JMA,dynamical,2026-10-01,2027-02,4,3.5891,1.3098,2.2793,ens_038,monthly,1993-2016
C3S,JMA,dynamical,2026-10-01,2027-03,5,3.1326,1.2133,1.9193,ens_038,monthly,1993-2016
C3S,JMA,dynamical,2026-10-01,2026-10,0,3.6256,1.0947,2.5309,ens_039,monthly,1993-2016
C3S,JMA,dynamical,2026-10-01,2026-11,1,3.9725,1.1928,2.7797,ens_039,monthly,1993-2016
C3S,JMA,dynamical,2026-10-01,2026-12,2,4.0139,1.2361,2.7778,ens_039,monthly,1993-2016
C3S,JMA,dynamical,2026-10-01,2027-01,3,3.7152,1.2835,2.4317,ens_039,monthly,1993-2016
C3S,JMA,dynamical,2026-10-01,2027-02,4,3.5258,1.3366,2.1892,ens_039,monthly,1993-2016
C3S,JMA,dynamical,2026-10-01,2027-03,5,3.039,1.1783,1.8606,ens_039,monthly,1993-2016
C3S,JMA,dynamical,2026-10-01,2026-10,0,3.5049,1.1468,2.3581,ens_040,monthly,1993-2016
C3S,JMA,dynamical,2026-10-01,2026-11,1,3.9055,1.2694,2.636,ens_040,monthly,1993-2016
C3S,JMA,dynamical,2026-10-01,2026-12,2,3.964,1.358,2.606,ens_040,monthly,1993-2016
C3S,JMA,dynamical,2026-10-01,2027-01,3,3.8511,1.4187,2.4325,ens_040,monthly,1993-2016
C3S,JMA,dynamical,2026-10-01,2027-02,4,3.6757,1.4545,2.2212,ens_040,monthly,1993-2016
C3S,JMA,dynamical,2026-10-01,2027-03,5,3.409,1.4679,1.9411,ens_040,monthly,1993-2016
C3S,JMA,dynamical,2026-10-01,2026-10,0,3.5482,1.1354,2.4128,ens_041,monthly,1993-2016
C3S,JMA,dynamical,2026-10-01,2026-11,1,3.8325,1.2811,2.5514,ens_041,monthly,1993-2016
C3S,JMA,dynamical,2026-10-01,2026-12,2,4.1328,1.3975,2.7353,ens_041,monthly,1993-2016
C3S,JMA,dynamical,2026-10-01,2027-01,3,4.0766,1.4493,2.6272,ens_041,monthly,1993-2016
C3S,JMA,dynamical,2026-10-01,2027-02,4,3.7679,1.3946,2.3733,ens_041,monthly,1993-2016
C3S,JMA,dynamical,2026-10-01,2027-03,5,2.9063,1.3735,1.5328,ens_041,monthly,1993-2016
C3S,JMA,dynamical,2026-10-01,2026-10,0,3.4798,1.1083,2.3715,ens_042,monthly,1993-2016
C3S,JMA,dynamical,2026-10-01,2026-11,1,3.9223,1.1991,2.7231,ens_042,monthly,1993-2016
C3S,JMA,dynamical,2026-10-01,2026-12,2,4.1036,1.3179,2.7858,ens_042,monthly,1993-2016
C3S,JMA,dynamical,2026-10-01,2027-01,3,3.9007,1.3655,2.5353,ens_042,monthly,1993-2016
C3S,JMA,dynamical,2026-10-01,2027-02,4,3.7618,1.3485,2.4133,ens_042,monthly,1993-2016
C3S,JMA,dynamical,2026-10-01,2027-03,5,3.2654,1.3476,1.9178,ens_042,monthly,1993-2016
C3S,JMA,dynamical,2026-10-01,2026-10,0,3.4635,1.128,2.3355,ens_043,monthly,1993-2016
C3S,JMA,dynamical,2026-10-01,2026-11,1,3.7036,1.2239,2.4797,ens_043,monthly,1993-2016
C3S,JMA,dynamical,2026-10-01,2026-12,2,3.8267,1.2694,2.5573,ens_043,monthly,1993-2016
C3S,JMA,dynamical,2026-10-01,2027-01,3,3.8273,1.308,2.5193,ens_043,monthly,1993-2016
C3S,JMA,dynamical,2026-10-01,2027-02,4,3.5167,1.2796,2.2371,ens_043,monthly,1993-2016
C3S,JMA,dynamical,2026-10-01,2027-03,5,3.0485,1.2749,1.7736,ens_043,monthly,1993-2016
C3S,JMA,dynamical,2026-10-01,2026-10,0,3.4712,1.1289,2.3423,ens_044,monthly,1993-2016
C3S,JMA,dynamical,2026-10-01,2026-11,1,3.8017,1.2234,2.5784,ens_044,monthly,1993-2016
C3S,JMA,dynamical,2026-10-01,2026-12,2,3.9337,1.2488,2.6849,ens_044,monthly,1993-2016
C3S,JMA,dynamical,2026-10-01,2027-01,3,4.0292,1.3533,2.6759,ens_044,monthly,1993-2016
C3S,JMA,dynamical,2026-10-01,2027-02,4,3.6193,1.3685,2.2508,ens_044,monthly,1993-2016
C3S,JMA,dynamical,2026-10-01,2027-03,5,2.6961,1.2387,1.4574,ens_044,monthly,1993-2016
C3S,JMA,dynamical,2026-10-01,2026-10,0,3.5135,1.1522,2.3614,ens_045,monthly,1993-2016
C3S,JMA,dynamical,2026-10-01,2026-11,1,3.9218,1.3015,2.6203,ens_045,monthly,1993-2016
C3S,JMA,dynamical,2026-10-01,2026-12,2,4.098,1.4196,2.6784,ens_045,monthly,1993-2016
C3S,JMA,dynamical,2026-10-01,2027-01,3,3.8752,1.4864,2.3888,ens_045,monthly,1993-2016
C3S,JMA,dynamical,2026-10-01,2027-02,4,3.8288,1.4676,2.3612,ens_045,monthly,1993-2016
C3S,JMA,dynamical,2026-10-01,2027-03,5,3.5006,1.5003,2.0003,ens_045,monthly,1993-2016
C3S,JMA,dynamical,2026-10-01,2026-10,0,3.3849,1.1047,2.2803,ens_046,monthly,1993-2016
C3S,JMA,dynamical,2026-10-01,2026-11,1,3.6236,1.192,2.4316,ens_046,monthly,1993-2016
C3S,JMA,dynamical,2026-10-01,2026-12,2,3.9204,1.256,2.6645,ens_046,monthly,1993-2016
C3S,JMA,dynamical,2026-10-01,2027-01,3,3.9444,1.265,2.6794,ens_046,monthly,1993-2016
C3S,JMA,dynamical,2026-10-01,2027-02,4,3.6609,1.242,2.4189,ens_046,monthly,1993-2016
C3S,JMA,dynamical,2026-10-01,2027-03,5,3.1072,1.2617,1.8455,ens_046,monthly,1993-2016
C3S,JMA,dynamical,2026-10-01,2026-10,0,3.6495,1.1483,2.5013,ens_047,monthly,1993-2016
C3S,JMA,dynamical,2026-10-01,2026-11,1,3.977,1.2632,2.7138,ens_047,monthly,1993-2016
C3S,JMA,dynamical,2026-10-01,2026-12,2,4.012,1.2457,2.7663,ens_047,monthly,1993-2016
C3S,JMA,dynamical,2026-10-01,2027-01,3,3.9162,1.3233,2.5929,ens_047,monthly,1993-2016
C3S,JMA,dynamical,2026-10-01,2027-02,4,3.7466,1.2664,2.4802,ens_047,monthly,1993-2016
C3S,JMA,dynamical,2026-10-01,2027-03,5,3.02,1.1883,1.8316,ens_047,monthly,1993-2016
C3S,JMA,dynamical,2026-10-01,2026-10,0,3.5536,1.15,2.4036,ens_048,monthly,1993-2016
C3S,JMA,dynamical,2026-10-01,2026-11,1,3.9717,1.3243,2.6475,ens_048,monthly,1993-2016
C3S,JMA,dynamical,2026-10-01,2026-12,2,4.0111,1.3234,2.6877,ens_048,monthly,1993-2016
C3S,JMA,dynamical,2026-10-01,2027-01,3,3.8857,1.3612,2.5244,ens_048,monthly,1993-2016
C3S,JMA,dynamical,2026-10-01,2027-02,4,3.5938,1.3149,2.2788,ens_048,monthly,1993-2016
C3S,JMA,dynamical,2026-10-01,2027-03,5,3.1519,1.2823,1.8696,ens_048,monthly,1993-2016
C3S,JMA,dynamical,2026-10-01,2026-10,0,3.4057,1.0941,2.3116,ens_049,monthly,1993-2016
C3S,JMA,dynamical,2026-10-01,2026-11,1,3.7867,1.2073,2.5794,ens_049,monthly,1993-2016
C3S,JMA,dynamical,2026-10-01,2026-12,2,3.9903,1.2554,2.7349,ens_049,monthly,1993-2016
C3S,JMA,dynamical,2026-10-01,2027-01,3,3.956,1.3364,2.6196,ens_049,monthly,1993-2016
C3S,JMA,dynamical,2026-10-01,2027-02,4,3.8427,1.3631,2.4796,ens_049,monthly,1993-2016
C3S,JMA,dynamical,2026-10-01,2027-03,5,3.3307,1.3913,1.9394,ens_049,monthly,1993-2016
C3S,JMA,dynamical,2026-10-01,2026-10,0,3.4065,1.1465,2.26,ens_050,monthly,1993-2016
C3S,JMA,dynamical,2026-10-01,2026-11,1,3.8757,1.3209,2.5548,ens_050,monthly,1993-2016
C3S,JMA,dynamical,2026-10-01,2026-12,2,4.0364,1.4425,2.594,ens_050,monthly,1993-2016
C3S,JMA,dynamical,2026-10-01,2027-01,3,3.9124,1.5275,2.385,ens_050,monthly,1993-2016
C3S,JMA,dynamical,2026-10-01,2027-02,4,3.7268,1.6156,2.1112,ens_050,monthly,1993-2016
C3S,JMA,dynamical,2026-10-01,2027-03,5,3.2207,1.5322,1.6885,ens_050,monthly,1993-2016
C3S,JMA,dynamical,2026-10-01,2026-10,0,3.2359,1.1223,2.1136,ens_051,monthly,1993-2016
C3S,JMA,dynamical,2026-10-01,2026-11,1,3.7114,1.2425,2.4688,ens_051,monthly,1993-2016
C3S,JMA,dynamical,2026-10-01,2026-12,2,3.7986,1.286,2.5126,ens_051,monthly,1993-2016
C3S,JMA,dynamical,2026-10-01,2027-01,3,3.7791,1.3295,2.4496,ens_051,monthly,1993-2016
C3S,JMA,dynamical,2026-10-01,2027-02,4,3.5749,1.337,2.2379,ens_051,monthly,1993-2016
C3S,JMA,dynamical,2026-10-01,2027-03,5,3.1912,1.3047,1.8865,ens_051,monthly,1993-2016
C3S,JMA,dynamical,2026-10-01,2026-10,0,3.6179,1.117,2.501,ens_052,monthly,1993-2016
C3S,JMA,dynamical,2026-10-01,2026-11,1,3.9883,1.2109,2.7774,ens_052,monthly,1993-2016
C3S,JMA,dynamical,2026-10-01,2026-12,2,4.0614,1.2562,2.8052,ens_052,monthly,1993-2016
C3S,JMA,dynamical,2026-10-01,2027-01,3,4.021,1.3191,2.7019,ens_052,monthly,1993-2016
C3S,JMA,dynamical,2026-10-01,2027-02,4,3.5464,1.2494,2.2969,ens_052,monthly,1993-2016
C3S,JMA,dynamical,2026-10-01,2027-03,5,2.694,1.1815,1.5125,ens_052,monthly,1993-2016
C3S,JMA,dynamical,2026-10-01,2026-10,0,3.3724,1.1706,2.2018,ens_053,monthly,1993-2016
C3S,JMA,dynamical,2026-10-01,2026-11,1,3.926,1.3098,2.6162,ens_053,monthly,1993-2016
C3S,JMA,dynamical,2026-10-01,2026-12,2,4.0734,1.3498,2.7237,ens_053,monthly,1993-2016
C3S,JMA,dynamical,2026-10-01,2027-01,3,3.9662,1.4092,2.557,ens_053,monthly,1993-2016
C3S,JMA,dynamical,2026-10-01,2027-02,4,3.8968,1.4222,2.4745,ens_053,monthly,1993-2016
C3S,JMA,dynamical,2026-10-01,2027-03,5,3.5062,1.3548,2.1514,ens_053,monthly,1993-2016
C3S,JMA,dynamical,2026-10-01,2026-10,0,3.5241,1.1414,2.3827,ens_054,monthly,1993-2016
C3S,JMA,dynamical,2026-10-01,2026-11,1,3.8631,1.2027,2.6604,ens_054,monthly,1993-2016
C3S,JMA,dynamical,2026-10-01,2026-12,2,3.9516,1.1574,2.7941,ens_054,monthly,1993-2016
C3S,JMA,dynamical,2026-10-01,2027-01,3,3.9254,1.2742,2.6512,ens_054,monthly,1993-2016
C3S,JMA,dynamical,2026-10-01,2027-02,4,3.6374,1.2588,2.3786,ens_054,monthly,1993-2016
C3S,JMA,dynamical,2026-10-01,2027-03,5,3.0162,1.2398,1.7765,ens_054,monthly,1993-2016
C3S,JMA,dynamical,2026-10-01,2026-10,0,3.4765,1.1681,2.3083,ens_055,monthly,1993-2016
C3S,JMA,dynamical,2026-10-01,2026-11,1,3.989,1.316,2.673,ens_055,monthly,1993-2016
C3S,JMA,dynamical,2026-10-01,2026-12,2,3.9674,1.4712,2.4962,ens_055,monthly,1993-2016
C3S,JMA,dynamical,2026-10-01,2027-01,3,3.9832,1.5318,2.4513,ens_055,monthly,1993-2016
C3S,JMA,dynamical,2026-10-01,2027-02,4,3.514,1.5423,1.9718,ens_055,monthly,1993-2016
C3S,JMA,dynamical,2026-10-01,2027-03,5,3.0821,1.4945,1.5877,ens_055,monthly,1993-2016
C3S,JMA,dynamical,2026-10-01,2026-10,0,3.292,1.118,2.1741,ens_056,monthly,1993-2016
C3S,JMA,dynamical,2026-10-01,2026-11,1,3.63,1.163,2.467,ens_056,monthly,1993-2016
C3S,JMA,dynamical,2026-10-01,2026-12,2,3.8983,1.2343,2.664,ens_056,monthly,1993-2016
C3S,JMA,dynamical,2026-10-01,2027-01,3,3.9344,1.3219,2.6126,ens_056,monthly,1993-2016
C3S,JMA,dynamical,2026-10-01,2027-02,4,3.6582,1.3631,2.2951,ens_056,monthly,1993-2016
C3S,JMA,dynamical,2026-10-01,2027-03,5,2.8851,1.2968,1.5883,ens_056,monthly,1993-2016
C3S,JMA,dynamical,2026-10-01,2026-10,0,3.601,1.1469,2.4542,ens_057,monthly,1993-2016
C3S,JMA,dynamical,2026-10-01,2026-11,1,3.9017,1.2592,2.6425,ens_057,monthly,1993-2016
C3S,JMA,dynamical,2026-10-01,2026-12,2,3.9778,1.34,2.6378,ens_057,monthly,1993-2016
C3S,JMA,dynamical,2026-10-01,2027-01,3,3.9829,1.4114,2.5715,ens_057,monthly,1993-2016
C3S,JMA,dynamical,2026-10-01,2027-02,4,3.8572,1.4096,2.4476,ens_057,monthly,1993-2016
C3S,JMA,dynamical,2026-10-01,2027-03,5,3.5797,1.4157,2.1639,ens_057,monthly,1993-2016
C3S,JMA,dynamical,2026-10-01,2026-10,0,3.3737,1.1248,2.2489,ens_058,monthly,1993-2016
C3S,JMA,dynamical,2026-10-01,2026-11,1,3.6017,1.2534,2.3483,ens_058,monthly,1993-2016
C3S,JMA,dynamical,2026-10-01,2026-12,2,3.8046,1.3298,2.4748,ens_058,monthly,1993-2016
C3S,JMA,dynamical,2026-10-01,2027-01,3,3.9695,1.4045,2.5651,ens_058,monthly,1993-2016
C3S,JMA,dynamical,2026-10-01,2027-02,4,3.6852,1.3379,2.3473,ens_058,monthly,1993-2016
C3S,JMA,dynamical,2026-10-01,2027-03,5,3.1693,1.2808,1.8885,ens_058,monthly,1993-2016
C3S,JMA,dynamical,2026-10-01,2026-10,0,3.6894,1.1444,2.545,ens_059,monthly,1993-2016
C3S,JMA,dynamical,2026-10-01,2026-11,1,4.0137,1.2705,2.7432,ens_059,monthly,1993-2016
C3S,JMA,dynamical,2026-10-01,2026-12,2,4.0435,1.3578,2.6857,ens_059,monthly,1993-2016
C3S,JMA,dynamical,2026-10-01,2027-01,3,3.93,1.3591,2.5709,ens_059,monthly,1993-2016
C3S,JMA,dynamical,2026-10-01,2027-02,4,3.5116,1.3905,2.1211,ens_059,monthly,1993-2016
C3S,JMA,dynamical,2026-10-01,2027-03,5,2.958,1.2577,1.7003,ens_059,monthly,1993-2016
C3S,JMA,dynamical,2026-10-01,2026-10,0,3.4589,1.1623,2.2966,ens_060,monthly,1993-2016
C3S,JMA,dynamical,2026-10-01,2026-11,1,3.8195,1.2645,2.555,ens_060,monthly,1993-2016
C3S,JMA,dynamical,2026-10-01,2026-12,2,3.8127,1.3469,2.4658,ens_060,monthly,1993-2016
C3S,JMA,dynamical,2026-10-01,2027-01,3,3.7674,1.3705,2.3969,ens_060,monthly,1993-2016
C3S,JMA,dynamical,2026-10-01,2027-02,4,3.7591,1.355,2.4041,ens_060,monthly,1993-2016
C3S,JMA,dynamical,2026-10-01,2027-03,5,3.1783,1.3182,1.8601,ens_060,monthly,1993-2016
C3S,JMA,dynamical,2026-10-01,2026-10,0,3.4345,1.0954,2.3391,ens_061,monthly,1993-2016
C3S,JMA,dynamical,2026-10-01,2026-11,1,3.8814,1.2296,2.6518,ens_061,monthly,1993-2016
C3S,JMA,dynamical,2026-10-01,2026-12,2,4.02,1.3242,2.6958,ens_061,monthly,1993-2016
C3S,JMA,dynamical,2026-10-01,2027-01,3,4.0237,1.3593,2.6645,ens_061,monthly,1993-2016
C3S,JMA,dynamical,2026-10-01,2027-02,4,3.7271,1.4217,2.3054,ens_061,monthly,1993-2016
C3S,JMA,dynamical,2026-10-01,2027-03,5,3.2939,1.331,1.9629,ens_061,monthly,1993-2016
C3S,JMA,dynamical,2026-10-01,2026-10,0,3.4172,1.1477,2.2695,ens_062,monthly,1993-2016
C3S,JMA,dynamical,2026-10-01,2026-11,1,3.6804,1.2103,2.4701,ens_062,monthly,1993-2016
C3S,JMA,dynamical,2026-10-01,2026-12,2,4.0038,1.249,2.7548,ens_062,monthly,1993-2016
C3S,JMA,dynamical,2026-10-01,2027-01,3,3.9005,1.2657,2.6348,ens_062,monthly,1993-2016
C3S,JMA,dynamical,2026-10-01,2027-02,4,3.6615,1.2705,2.391,ens_062,monthly,1993-2016
C3S,JMA,dynamical,2026-10-01,2027-03,5,2.8453,1.2496,1.5958,ens_062,monthly,1993-2016
C3S,JMA,dynamical,2026-10-01,2026-10,0,3.3118,1.1295,2.1822,ens_063,monthly,1993-2016
C3S,JMA,dynamical,2026-10-01,2026-11,1,3.7339,1.1639,2.57,ens_063,monthly,1993-2016
C3S,JMA,dynamical,2026-10-01,2026-12,2,3.8332,1.2138,2.6194,ens_063,monthly,1993-2016
C3S,JMA,dynamical,2026-10-01,2027-01,3,3.8559,1.2746,2.5812,ens_063,monthly,1993-2016
C3S,JMA,dynamical,2026-10-01,2027-02,4,3.6324,1.3582,2.2742,ens_063,monthly,1993-2016
C3S,JMA,dynamical,2026-10-01,2027-03,5,3.0583,1.2703,1.788,ens_063,monthly,1993-2016
C3S,JMA,dynamical,2026-10-01,2026-10,0,3.4888,1.0785,2.4103,ens_064,monthly,1993-2016
C3S,JMA,dynamical,2026-10-01,2026-11,1,3.8937,1.235,2.6587,ens_064,monthly,1993-2016
C3S,JMA,dynamical,2026-10-01,2026-12,2,4.1446,1.2883,2.8563,ens_064,monthly,1993-2016
C3S,JMA,dynamical,2026-10-01,2027-01,3,4.0593,1.3244,2.7348,ens_064,monthly,1993-2016
C3S,JMA,dynamical,2026-10-01,2027-02,4,3.8139,1.2888,2.5252,ens_064,monthly,1993-2016
C3S,JMA,dynamical,2026-10-01,2027-03,5,3.4934,1.2471,2.2463,ens_064,monthly,1993-2016
C3S,JMA,dynamical,2026-10-01,2026-10,0,3.4757,1.1601,2.3156,ens_065,monthly,1993-2016
C3S,JMA,dynamical,2026-10-01,2026-11,1,3.9274,1.3155,2.6119,ens_065,monthly,1993-2016
C3S,JMA,dynamical,2026-10-01,2026-12,2,3.9393,1.3648,2.5745,ens_065,monthly,1993-2016
C3S,JMA,dynamical,2026-10-01,2027-01,3,3.8336,1.3887,2.4449,ens_065,monthly,1993-2016
C3S,JMA,dynamical,2026-10-01,2027-02,4,3.7388,1.4454,2.2935,ens_065,monthly,1993-2016
C3S,JMA,dynamical,2026-10-01,2027-03,5,3.0922,1.3688,1.7234,ens_065,monthly,1993-2016
C3S,JMA,dynamical,2026-10-01,2026-10,0,3.2964,1.0951,2.2014,ens_066,monthly,1993-2016
C3S,JMA,dynamical,2026-10-01,2026-11,1,3.8589,1.2337,2.6252,ens_066,monthly,1993-2016
C3S,JMA,dynamical,2026-10-01,2026-12,2,4.1496,1.2904,2.8592,ens_066,monthly,1993-2016
C3S,JMA,dynamical,2026-10-01,2027-01,3,4.1283,1.3738,2.7545,ens_066,monthly,1993-2016
C3S,JMA,dynamical,2026-10-01,2027-02,4,3.8173,1.3785,2.4388,ens_066,monthly,1993-2016
C3S,JMA,dynamical,2026-10-01,2027-03,5,3.2425,1.2853,1.9572,ens_066,monthly,1993-2016
C3S,JMA,dynamical,2026-10-01,2026-10,0,3.3406,1.084,2.2566,ens_067,monthly,1993-2016
C3S,JMA,dynamical,2026-10-01,2026-11,1,3.7362,1.2287,2.5075,ens_067,monthly,1993-2016
C3S,JMA,dynamical,2026-10-01,2026-12,2,3.8711,1.2571,2.614,ens_067,monthly,1993-2016
C3S,JMA,dynamical,2026-10-01,2027-01,3,3.9136,1.2839,2.6298,ens_067,monthly,1993-2016
C3S,JMA,dynamical,2026-10-01,2027-02,4,3.7446,1.3063,2.4383,ens_067,monthly,1993-2016
C3S,JMA,dynamical,2026-10-01,2027-03,5,3.2161,1.2877,1.9284,ens_067,monthly,1993-2016
C3S,JMA,dynamical,2026-10-01,2026-10,0,3.3915,1.1135,2.278,ens_068,monthly,1993-2016
C3S,JMA,dynamical,2026-10-01,2026-11,1,3.7874,1.1977,2.5898,ens_068,monthly,1993-2016
C3S,JMA,dynamical,2026-10-01,2026-12,2,4.0552,1.2611,2.7941,ens_068,monthly,1993-2016
C3S,JMA,dynamical,2026-10-01,2027-01,3,4.0221,1.3218,2.7002,ens_068,monthly,1993-2016
C3S,JMA,dynamical,2026-10-01,2027-02,4,3.6627,1.3344,2.3284,ens_068,monthly,1993-2016
C3S,JMA,dynamical,2026-10-01,2027-03,5,3.2442,1.2957,1.9485,ens_068,monthly,1993-2016
C3S,JMA,dynamical,2026-10-01,2026-10,0,3.4849,1.0957,2.3893,ens_069,monthly,1993-2016
C3S,JMA,dynamical,2026-10-01,2026-11,1,3.8567,1.2094,2.6473,ens_069,monthly,1993-2016
C3S,JMA,dynamical,2026-10-01,2026-12,2,4.0545,1.2357,2.8188,ens_069,monthly,1993-2016
C3S,JMA,dynamical,2026-10-01,2027-01,3,3.9959,1.3094,2.6865,ens_069,monthly,1993-2016
C3S,JMA,dynamical,2026-10-01,2027-02,4,3.5501,1.2468,2.3033,ens_069,monthly,1993-2016
C3S,JMA,dynamical,2026-10-01,2027-03,5,3.0865,1.1671,1.9194,ens_069,monthly,1993-2016
C3S,JMA,dynamical,2026-10-01,2026-10,0,3.5265,1.1691,2.3574,ens_070,monthly,1993-2016
C3S,JMA,dynamical,2026-10-01,2026-11,1,3.8913,1.2745,2.6168,ens_070,monthly,1993-2016
C3S,JMA,dynamical,2026-10-01,2026-12,2,4.0509,1.3314,2.7195,ens_070,monthly,1993-2016
C3S,JMA,dynamical,2026-10-01,2027-01,3,3.6805,1.3857,2.2948,ens_070,monthly,1993-2016
C3S,JMA,dynamical,2026-10-01,2027-02,4,3.7392,1.3625,2.3766,ens_070,monthly,1993-2016
C3S,JMA,dynamical,2026-10-01,2027-03,5,3.3516,1.3058,2.0458,ens_070,monthly,1993-2016
C3S,JMA,dynamical,2026-10-01,2026-10,0,3.3237,1.0649,2.2587,ens_071,monthly,1993-2016
C3S,JMA,dynamical,2026-10-01,2026-11,1,3.6856,1.1696,2.516,ens_071,monthly,1993-2016
C3S,JMA,dynamical,2026-10-01,2026-12,2,3.8625,1.2121,2.6504,ens_071,monthly,1993-2016
C3S,JMA,dynamical,2026-10-01,2027-01,3,3.917,1.2378,2.6792,ens_071,monthly,1993-2016
C3S,JMA,dynamical,2026-10-01,2027-02,4,3.6441,1.2396,2.4046,ens_071,monthly,1993-2016
C3S,JMA,dynamical,2026-10-01,2027-03,5,3.0102,1.1663,1.844,ens_071,monthly,1993-2016
C3S,JMA,dynamical,2026-10-01,2026-10,0,3.5054,1.1315,2.3739,ens_072,monthly,1993-2016
C3S,JMA,dynamical,2026-10-01,2026-11,1,3.9275,1.2653,2.6622,ens_072,monthly,1993-2016
C3S,JMA,dynamical,2026-10-01,2026-12,2,4.1553,1.3399,2.8153,ens_072,monthly,1993-2016
C3S,JMA,dynamical,2026-10-01,2027-01,3,3.9127,1.3509,2.5618,ens_072,monthly,1993-2016
C3S,JMA,dynamical,2026-10-01,2027-02,4,3.5684,1.3055,2.2629,ens_072,monthly,1993-2016
C3S,JMA,dynamical,2026-10-01,2027-03,5,2.8375,1.296,1.5414,ens_072,monthly,1993-2016
C3S,JMA,dynamical,2026-10-01,2026-10,0,3.3216,1.0601,2.2615,ens_073,monthly,1993-2016
C3S,JMA,dynamical,2026-10-01,2026-11,1,3.6992,1.1723,2.5269,ens_073,monthly,1993-2016
C3S,JMA,dynamical,2026-10-01,2026-12,2,3.8995,1.2176,2.6819,ens_073,monthly,1993-2016
C3S,JMA,dynamical,2026-10-01,2027-01,3,3.9314,1.2865,2.6449,ens_073,monthly,1993-2016
C3S,JMA,dynamical,2026-10-01,2027-02,4,3.7205,1.3059,2.4145,ens_073,monthly,1993-2016
C3S,JMA,dynamical,2026-10-01,2027-03,5,3.5378,1.3363,2.2015,ens_073,monthly,1993-2016
C3S,JMA,dynamical,2026-10-01,2026-10,0,3.543,1.0927,2.4503,ens_074,monthly,1993-2016
C3S,JMA,dynamical,2026-10-01,2026-11,1,3.7362,1.1702,2.5661,ens_074,monthly,1993-2016
C3S,JMA,dynamical,2026-10-01,2026-12,2,3.9577,1.2382,2.7195,ens_074,monthly,1993-2016
C3S,JMA,dynamical,2026-10-01,2027-01,3,3.9863,1.2565,2.7298,ens_074,monthly,1993-2016
C3S,JMA,dynamical,2026-10-01,2027-02,4,3.7852,1.3076,2.4776,ens_074,monthly,1993-2016
C3S,JMA,dynamical,2026-10-01,2027-03,5,3.3804,1.2878,2.0926,ens_074,monthly,1993-2016
C3S,JMA,dynamical,2026-10-01,2026-10,0,3.3644,1.1928,2.1716,ens_075,monthly,1993-2016
C3S,JMA,dynamical,2026-10-01,2026-11,1,3.9766,1.31,2.6666,ens_075,monthly,1993-2016
C3S,JMA,dynamical,2026-10-01,2026-12,2,3.9728,1.3672,2.6055,ens_075,monthly,1993-2016
C3S,JMA,dynamical,2026-10-01,2027-01,3,3.7405,1.378,2.3625,ens_075,monthly,1993-2016
C3S,JMA,dynamical,2026-10-01,2027-02,4,3.7351,1.4163,2.3188,ens_075,monthly,1993-2016
C3S,JMA,dynamical,2026-10-01,2027-03,5,3.182,1.3763,1.8056,ens_075,monthly,1993-2016
C3S,JMA,dynamical,2026-10-01,2026-10,0,3.3583,1.066,2.2922,ens_076,monthly,1993-2016
C3S,JMA,dynamical,2026-10-01,2026-11,1,3.8357,1.2149,2.6208,ens_076,monthly,1993-2016
C3S,JMA,dynamical,2026-10-01,2026-12,2,4.1171,1.2718,2.8453,ens_076,monthly,1993-2016
C3S,JMA,dynamical,2026-10-01,2027-01,3,4.0305,1.2916,2.7388,ens_076,monthly,1993-2016
C3S,JMA,dynamical,2026-10-01,2027-02,4,3.7005,1.3042,2.3964,ens_076,monthly,1993-2016
C3S,JMA,dynamical,2026-10-01,2027-03,5,3.2604,1.3415,1.9188,ens_076,monthly,1993-2016
C3S,JMA,dynamical,2026-10-01,2026-10,0,3.294,1.0809,2.2131,ens_077,monthly,1993-2016
C3S,JMA,dynamical,2026-10-01,2026-11,1,3.6351,1.1505,2.4846,ens_077,monthly,1993-2016
C3S,JMA,dynamical,2026-10-01,2026-12,2,3.8396,1.2044,2.6352,ens_077,monthly,1993-2016
C3S,JMA,dynamical,2026-10-01,2027-01,3,3.9613,1.3017,2.6596,ens_077,monthly,1993-2016
C3S,JMA,dynamical,2026-10-01,2027-02,4,3.8017,1.2559,2.5458,ens_077,monthly,1993-2016
C3S,JMA,dynamical,2026-10-01,2027-03,5,3.2432,1.1707,2.0725,ens_077,monthly,1993-2016
C3S,JMA,dynamical,2026-10-01,2026-10,0,3.3453,1.0726,2.2727,ens_078,monthly,1993-2016
C3S,JMA,dynamical,2026-10-01,2026-11,1,3.7663,1.1694,2.5969,ens_078,monthly,1993-2016
C3S,JMA,dynamical,2026-10-01,2026-12,2,3.9032,1.2578,2.6454,ens_078,monthly,1993-2016
C3S,JMA,dynamical,2026-10-01,2027-01,3,3.9637,1.3734,2.5903,ens_078,monthly,1993-2016
C3S,JMA,dynamical,2026-10-01,2027-02,4,3.6457,1.4075,2.2381,ens_078,monthly,1993-2016
C3S,JMA,dynamical,2026-10-01,2027-03,5,3.2162,1.3638,1.8524,ens_078,monthly,1993-2016
C3S,JMA,dynamical,2026-10-01,2026-10,0,3.5169,1.098,2.4189,ens_079,monthly,1993-2016
C3S,JMA,dynamical,2026-10-01,2026-11,1,3.8201,1.1493,2.6709,ens_079,monthly,1993-2016
C3S,JMA,dynamical,2026-10-01,2026-12,2,3.8761,1.252,2.6241,ens_079,monthly,1993-2016
C3S,JMA,dynamical,2026-10-01,2027-01,3,3.8304,1.3408,2.4895,ens_079,monthly,1993-2016
C3S,JMA,dynamical,2026-10-01,2027-02,4,3.6833,1.3412,2.3421,ens_079,monthly,1993-2016
C3S,JMA,dynamical,2026-10-01,2027-03,5,3.2779,1.3232,1.9547,ens_079,monthly,1993-2016
C3S,JMA,dynamical,2026-10-01,2026-10,0,3.2806,1.0674,2.2132,ens_080,monthly,1993-2016
C3S,JMA,dynamical,2026-10-01,2026-11,1,3.6917,1.1701,2.5215,ens_080,monthly,1993-2016
C3S,JMA,dynamical,2026-10-01,2026-12,2,3.7674,1.2645,2.5029,ens_080,monthly,1993-2016
C3S,JMA,dynamical,2026-10-01,2027-01,3,3.7551,1.372,2.3831,ens_080,monthly,1993-2016
C3S,JMA,dynamical,2026-10-01,2027-02,4,3.66,1.4095,2.2505,ens_080,monthly,1993-2016
C3S,JMA,dynamical,2026-10-01,2027-03,5,3.0875,1.3841,1.7035,ens_080,monthly,1993-2016
C3S,JMA,dynamical,2026-10-01,2026-10,0,3.3916,1.1146,2.2771,ens_081,monthly,1993-2016
C3S,JMA,dynamical,2026-10-01,2026-11,1,3.827,1.2298,2.5972,ens_081,monthly,1993-2016
C3S,JMA,dynamical,2026-10-01,2026-12,2,4.0389,1.2997,2.7392,ens_081,monthly,1993-2016
C3S,JMA,dynamical,2026-10-01,2027-01,3,4.0624,1.3659,2.6965,ens_081,monthly,1993-2016
C3S,JMA,dynamical,2026-10-01,2027-02,4,3.8673,1.414,2.4532,ens_081,monthly,1993-2016
C3S,JMA,dynamical,2026-10-01,2027-03,5,3.3297,1.2862,2.0434,ens_081,monthly,1993-2016
C3S,JMA,dynamical,2026-10-01,2026-10,0,3.1464,1.1443,2.0021,ens_082,monthly,1993-2016
C3S,JMA,dynamical,2026-10-01,2026-11,1,3.527,1.1995,2.3275,ens_082,monthly,1993-2016
C3S,JMA,dynamical,2026-10-01,2026-12,2,3.7319,1.1411,2.5908,ens_082,monthly,1993-2016
C3S,JMA,dynamical,2026-10-01,2027-01,3,3.7981,1.1752,2.623,ens_082,monthly,1993-2016
C3S,JMA,dynamical,2026-10-01,2027-02,4,3.5842,1.243,2.3412,ens_082,monthly,1993-2016
C3S,JMA,dynamical,2026-10-01,2027-03,5,3.2021,1.1958,2.0063,ens_082,monthly,1993-2016
C3S,JMA,dynamical,2026-10-01,2026-10,0,3.4343,1.0944,2.3399,ens_083,monthly,1993-2016
C3S,JMA,dynamical,2026-10-01,2026-11,1,3.8285,1.167,2.6615,ens_083,monthly,1993-2016
C3S,JMA,dynamical,2026-10-01,2026-12,2,4.0621,1.3221,2.74,ens_083,monthly,1993-2016
C3S,JMA,dynamical,2026-10-01,2027-01,3,4.1282,1.4518,2.6764,ens_083,monthly,1993-2016
C3S,JMA,dynamical,2026-10-01,2027-02,4,3.8528,1.5542,2.2986,ens_083,monthly,1993-2016
C3S,JMA,dynamical,2026-10-01,2027-03,5,3.332,1.4863,1.8457,ens_083,monthly,1993-2016
C3S,JMA,dynamical,2026-10-01,2026-10,0,3.2362,1.0844,2.1518,ens_084,monthly,1993-2016
C3S,JMA,dynamical,2026-10-01,2026-11,1,3.7348,1.1964,2.5384,ens_084,monthly,1993-2016
C3S,JMA,dynamical,2026-10-01,2026-12,2,3.9625,1.3191,2.6434,ens_084,monthly,1993-2016
C3S,JMA,dynamical,2026-10-01,2027-01,3,3.7966,1.3501,2.4465,ens_084,monthly,1993-2016
C3S,JMA,dynamical,2026-10-01,2027-02,4,3.4344,1.3651,2.0694,ens_084,monthly,1993-2016
C3S,JMA,dynamical,2026-10-01,2027-03,5,2.8272,1.2892,1.538,ens_084,monthly,1993-2016
C3S,JMA,dynamical,2026-10-01,2026-10,0,3.3512,1.1127,2.2385,ens_085,monthly,1993-2016
C3S,JMA,dynamical,2026-10-01,2026-11,1,3.8231,1.2034,2.6197,ens_085,monthly,1993-2016
C3S,JMA,dynamical,2026-10-01,2026-12,2,3.9786,1.2959,2.6827,ens_085,monthly,1993-2016
C3S,JMA,dynamical,2026-10-01,2027-01,3,4.0171,1.4091,2.608,ens_085,monthly,1993-2016
C3S,JMA,dynamical,2026-10-01,2027-02,4,3.7723,1.4001,2.3721,ens_085,monthly,1993-2016
C3S,JMA,dynamical,2026-10-01,2027-03,5,2.89,1.3618,1.5282,ens_085,monthly,1993-2016
C3S,JMA,dynamical,2026-10-01,2026-10,0,3.3735,1.0782,2.2953,ens_086,monthly,1993-2016
C3S,JMA,dynamical,2026-10-01,2026-11,1,3.7174,1.2194,2.498,ens_086,monthly,1993-2016
C3S,JMA,dynamical,2026-10-01,2026-12,2,3.9627,1.2797,2.683,ens_086,monthly,1993-2016
C3S,JMA,dynamical,2026-10-01,2027-01,3,3.8573,1.3708,2.4865,ens_086,monthly,1993-2016
C3S,JMA,dynamical,2026-10-01,2027-02,4,3.5063,1.3556,2.1507,ens_086,monthly,1993-2016
C3S,JMA,dynamical,2026-10-01,2027-03,5,3.0695,1.3435,1.7259,ens_086,monthly,1993-2016
C3S,JMA,dynamical,2026-10-01,2026-10,0,3.2778,1.0521,2.2257,ens_087,monthly,1993-2016
C3S,JMA,dynamical,2026-10-01,2026-11,1,3.6869,1.1144,2.5725,ens_087,monthly,1993-2016
C3S,JMA,dynamical,2026-10-01,2026-12,2,3.8668,1.197,2.6698,ens_087,monthly,1993-2016
C3S,JMA,dynamical,2026-10-01,2027-01,3,3.7457,1.2095,2.5362,ens_087,monthly,1993-2016
C3S,JMA,dynamical,2026-10-01,2027-02,4,3.6091,1.1966,2.4126,ens_087,monthly,1993-2016
C3S,JMA,dynamical,2026-10-01,2027-03,5,2.9892,1.1494,1.8398,ens_087,monthly,1993-2016
C3S,JMA,dynamical,2026-10-01,2026-10,0,3.4109,1.103,2.3079,ens_088,monthly,1993-2016
C3S,JMA,dynamical,2026-10-01,2026-11,1,3.901,1.2575,2.6435,ens_088,monthly,1993-2016
C3S,JMA,dynamical,2026-10-01,2026-12,2,3.9388,1.2758,2.663,ens_088,monthly,1993-2016
C3S,JMA,dynamical,2026-10-01,2027-01,3,3.9089,1.2951,2.6138,ens_088,monthly,1993-2016
C3S,JMA,dynamical,2026-10-01,2027-02,4,3.6665,1.2328,2.4337,ens_088,monthly,1993-2016
C3S,JMA,dynamical,2026-10-01,2027-03,5,3.1068,1.1775,1.9294,ens_088,monthly,1993-2016
C3S,JMA,dynamical,2026-10-01,2026-10,0,3.2722,1.0398,2.2324,ens_089,monthly,1993-2016
C3S,JMA,dynamical,2026-10-01,2026-11,1,3.7532,1.1433,2.6098,ens_089,monthly,1993-2016
C3S,JMA,dynamical,2026-10-01,2026-12,2,3.9752,1.1863,2.7888,ens_089,monthly,1993-2016
C3S,JMA,dynamical,2026-10-01,2027-01,3,4.0076,1.2785,2.7291,ens_089,monthly,1993-2016
C3S,JMA,dynamical,2026-10-01,2027-02,4,3.6601,1.3494,2.3107,ens_089,monthly,1993-2016
C3S,JMA,dynamical,2026-10-01,2027-03,5,3.1412,1.3366,1.8047,ens_089,monthly,1993-2016
C3S,JMA,dynamical,2026-10-01,2026-10,0,3.291,1.103,2.1879,ens_090,monthly,1993-2016
C3S,JMA,dynamical,2026-10-01,2026-11,1,3.8843,1.2374,2.6469,ens_090,monthly,1993-2016
C3S,JMA,dynamical,2026-10-01,2026-12,2,4.1161,1.354,2.762,ens_090,monthly,1993-2016
C3S,JMA,dynamical,2026-10-01,2027-01,3,4.1621,1.4305,2.7316,ens_090,monthly,1993-2016
C3S,JMA,dynamical,2026-10-01,2027-02,4,3.9391,1.4315,2.5075,ens_090,monthly,1993-2016
C3S,JMA,dynamical,2026-10-01,2027-03,5,3.4154,1.4008,2.0146,ens_090,monthly,1993-2016
C3S,JMA,dynamical,2026-10-01,2026-10,0,3.3863,1.1223,2.264,ens_091,monthly,1993-2016
C3S,JMA,dynamical,2026-10-01,2026-11,1,3.7843,1.274,2.5104,ens_091,monthly,1993-2016
C3S,JMA,dynamical,2026-10-01,2026-12,2,3.9774,1.3635,2.6139,ens_091,monthly,1993-2016
C3S,JMA,dynamical,2026-10-01,2027-01,3,4.08,1.4319,2.6481,ens_091,monthly,1993-2016
C3S,JMA,dynamical,2026-10-01,2027-02,4,3.8501,1.4594,2.3906,ens_091,monthly,1993-2016
C3S,JMA,dynamical,2026-10-01,2027-03,5,3.1853,1.3946,1.7907,ens_091,monthly,1993-2016
C3S,JMA,dynamical,2026-10-01,2026-10,0,3.146,1.0717,2.0742,ens_092,monthly,1993-2016
C3S,JMA,dynamical,2026-10-01,2026-11,1,3.6048,1.1575,2.4472,ens_092,monthly,1993-2016
C3S,JMA,dynamical,2026-10-01,2026-12,2,3.8334,1.2212,2.6122,ens_092,monthly,1993-2016
C3S,JMA,dynamical,2026-10-01,2027-01,3,3.6928,1.3025,2.3903,ens_092,monthly,1993-2016
C3S,JMA,dynamical,2026-10-01,2027-02,4,3.6298,1.3141,2.3157,ens_092,monthly,1993-2016
C3S,JMA,dynamical,2026-10-01,2027-03,5,3.0923,1.2962,1.7961,ens_092,monthly,1993-2016
C3S,JMA,dynamical,2026-10-01,2026-10,0,3.49,1.1231,2.3669,ens_093,monthly,1993-2016
C3S,JMA,dynamical,2026-10-01,2026-11,1,3.9207,1.295,2.6257,ens_093,monthly,1993-2016
C3S,JMA,dynamical,2026-10-01,2026-12,2,4.1542,1.3505,2.8037,ens_093,monthly,1993-2016
C3S,JMA,dynamical,2026-10-01,2027-01,3,4.0644,1.3769,2.6875,ens_093,monthly,1993-2016
C3S,JMA,dynamical,2026-10-01,2027-02,4,3.9986,1.4739,2.5247,ens_093,monthly,1993-2016
C3S,JMA,dynamical,2026-10-01,2027-03,5,3.5154,1.4649,2.0505,ens_093,monthly,1993-2016
C3S,JMA,dynamical,2026-10-01,2026-10,0,3.1968,1.0638,2.133,ens_094,monthly,1993-2016
C3S,JMA,dynamical,2026-10-01,2026-11,1,3.554,1.1553,2.3987,ens_094,monthly,1993-2016
C3S,JMA,dynamical,2026-10-01,2026-12,2,3.7977,1.1801,2.6176,ens_094,monthly,1993-2016
C3S,JMA,dynamical,2026-10-01,2027-01,3,3.6601,1.2286,2.4315,ens_094,monthly,1993-2016
C3S,JMA,dynamical,2026-10-01,2027-02,4,3.5457,1.1822,2.3635,ens_094,monthly,1993-2016
C3S,JMA,dynamical,2026-10-01,2027-03,5,2.9688,1.1265,1.8424,ens_094,monthly,1993-2016
C3S,JMA,dynamical,2026-10-01,2026-10,0,3.3076,1.0939,2.2137,ens_095,monthly,1993-2016
C3S,JMA,dynamical,2026-10-01,2026-11,1,3.6357,1.2064,2.4293,ens_095,monthly,1993-2016
C3S,JMA,dynamical,2026-10-01,2026-12,2,3.857,1.2305,2.6265,ens_095,monthly,1993-2016
C3S,JMA,dynamical,2026-10-01,2027-01,3,3.9563,1.3361,2.6202,ens_095,monthly,1993-2016
C3S,JMA,dynamical,2026-10-01,2027-02,4,4.0226,1.4095,2.6131,ens_095,monthly,1993-2016
C3S,JMA,dynamical,2026-10-01,2027-03,5,3.5798,1.3993,2.1804,ens_095,monthly,1993-2016
C3S,JMA,dynamical,2026-10-01,2026-10,0,3.4475,1.1322,2.3153,ens_096,monthly,1993-2016
C3S,JMA,dynamical,2026-10-01,2026-11,1,3.8659,1.2905,2.5754,ens_096,monthly,1993-2016
C3S,JMA,dynamical,2026-10-01,2026-12,2,3.9837,1.2855,2.6982,ens_096,monthly,1993-2016
C3S,JMA,dynamical,2026-10-01,2027-01,3,3.9725,1.3085,2.664,ens_096,monthly,1993-2016
C3S,JMA,dynamical,2026-10-01,2027-02,4,3.824,1.2647,2.5593,ens_096,monthly,1993-2016
C3S,JMA,dynamical,2026-10-01,2027-03,5,3.1858,1.22,1.9658,ens_096,monthly,1993-2016
C3S,JMA,dynamical,2026-10-01,2026-10,0,3.2054,1.0697,2.1357,ens_097,monthly,1993-2016
C3S,JMA,dynamical,2026-10-01,2026-11,1,3.7121,1.2375,2.4746,ens_097,monthly,1993-2016
C3S,JMA,dynamical,2026-10-01,2026-12,2,3.9997,1.2827,2.7169,ens_097,monthly,1993-2016
C3S,JMA,dynamical,2026-10-01,2027-01,3,3.9849,1.3008,2.6842,ens_097,monthly,1993-2016
C3S,JMA,dynamical,2026-10-01,2027-02,4,3.5874,1.2893,2.2981,ens_097,monthly,1993-2016
C3S,JMA,dynamical,2026-10-01,2027-03,5,2.9913,1.1867,1.8045,ens_097,monthly,1993-2016
C3S,JMA,dynamical,2026-10-01,2026-10,0,3.4462,1.0851,2.3611,ens_098,monthly,1993-2016
C3S,JMA,dynamical,2026-10-01,2026-11,1,3.7913,1.2151,2.5762,ens_098,monthly,1993-2016
C3S,JMA,dynamical,2026-10-01,2026-12,2,3.9346,1.2752,2.6594,ens_098,monthly,1993-2016
C3S,JMA,dynamical,2026-10-01,2027-01,3,3.8126,1.3419,2.4708,ens_098,monthly,1993-2016
C3S,JMA,dynamical,2026-10-01,2027-02,4,3.7404,1.2633,2.4771,ens_098,monthly,1993-2016
C3S,JMA,dynamical,2026-10-01,2027-03,5,2.8239,1.2193,1.6047,ens_098,monthly,1993-2016
C3S,JMA,dynamical,2026-10-01,2026-10,0,3.2337,1.0598,2.1739,ens_099,monthly,1993-2016
C3S,JMA,dynamical,2026-10-01,2026-11,1,3.7496,1.1935,2.5561,ens_099,monthly,1993-2016
C3S,JMA,dynamical,2026-10-01,2026-12,2,3.9913,1.3172,2.6741,ens_099,monthly,1993-2016
C3S,JMA,dynamical,2026-10-01,2027-01,3,3.9406,1.3613,2.5793,ens_099,monthly,1993-2016
C3S,JMA,dynamical,2026-10-01,2027-02,4,3.6845,1.3636,2.3209,ens_099,monthly,1993-2016
C3S,JMA,dynamical,2026-10-01,2027-03,5,3.1248,1.3055,1.8192,ens_099,monthly,1993-2016
C3S,JMA,dynamical,2026-10-01,2026-10,0,3.234,1.1363,2.0976,ens_100,monthly,1993-2016
C3S,JMA,dynamical,2026-10-01,2026-11,1,3.7773,1.3055,2.4718,ens_100,monthly,1993-2016
C3S,JMA,dynamical,2026-10-01,2026-12,2,4.0067,1.3468,2.6599,ens_100,monthly,1993-2016
C3S,JMA,dynamical,2026-10-01,2027-01,3,3.911,1.4707,2.4403,ens_100,monthly,1993-2016
C3S,JMA,dynamical,2026-10-01,2027-02,4,3.8772,1.5734,2.3038,ens_100,monthly,1993-2016
C3S,JMA,dynamical,2026-10-01,2027-03,5,3.4498,1.478,1.9718,ens_100,monthly,1993-2016
C3S,JMA,dynamical,2026-10-01,2026-10,0,3.2436,1.0396,2.204,ens_101,monthly,1993-2016
C3S,JMA,dynamical,2026-10-01,2026-11,1,3.63,1.131,2.4991,ens_101,monthly,1993-2016
C3S,JMA,dynamical,2026-10-01,2026-12,2,3.8624,1.2208,2.6416,ens_101,monthly,1993-2016
C3S,JMA,dynamical,2026-10-01,2027-01,3,3.6639,1.1903,2.4736,ens_101,monthly,1993-2016
C3S,JMA,dynamical,2026-10-01,2027-02,4,3.4266,1.2084,2.2182,ens_101,monthly,1993-2016
C3S,JMA,dynamical,2026-10-01,2027-03,5,2.8393,1.1069,1.7324,ens_101,monthly,1993-2016
C3S,JMA,dynamical,2026-10-01,2026-10,0,3.3369,1.1687,2.1682,ens_102,monthly,1993-2016
C3S,JMA,dynamical,2026-10-01,2026-11,1,3.8373,1.2896,2.5477,ens_102,monthly,1993-2016
C3S,JMA,dynamical,2026-10-01,2026-12,2,4.1483,1.3182,2.83,ens_102,monthly,1993-2016
C3S,JMA,dynamical,2026-10-01,2027-01,3,3.9993,1.3333,2.666,ens_102,monthly,1993-2016
C3S,JMA,dynamical,2026-10-01,2027-02,4,3.6747,1.3748,2.2999,ens_102,monthly,1993-2016
C3S,JMA,dynamical,2026-10-01,2027-03,5,3.2484,1.3379,1.9105,ens_102,monthly,1993-2016
C3S,JMA,dynamical,2026-10-01,2026-10,0,3.3547,1.0539,2.3008,ens_103,monthly,1993-2016
C3S,JMA,dynamical,2026-10-01,2026-11,1,3.6975,1.1547,2.5428,ens_103,monthly,1993-2016
C3S,JMA,dynamical,2026-10-01,2026-12,2,3.8097,1.2095,2.6002,ens_103,monthly,1993-2016
C3S,JMA,dynamical,2026-10-01,2027-01,3,3.795,1.3189,2.476,ens_103,monthly,1993-2016
C3S,JMA,dynamical,2026-10-01,2027-02,4,3.7018,1.3367,2.3651,ens_103,monthly,1993-2016
C3S,JMA,dynamical,2026-10-01,2027-03,5,3.1229,1.2482,1.8747,ens_103,monthly,1993-2016
C3S,JMA,dynamical,2026-10-01,2026-10,0,3.2493,1.0661,2.1832,ens_104,monthly,1993-2016
C3S,JMA,dynamical,2026-10-01,2026-11,1,3.7709,1.2234,2.5475,ens_104,monthly,1993-2016
C3S,JMA,dynamical,2026-10-01,2026-12,2,3.9747,1.223,2.7517,ens_104,monthly,1993-2016
C3S,JMA,dynamical,2026-10-01,2027-01,3,3.8707,1.2674,2.6032,ens_104,monthly,1993-2016
C3S,JMA,dynamical,2026-10-01,2027-02,4,3.5894,1.2687,2.3207,ens_104,monthly,1993-2016
C3S,JMA,dynamical,2026-10-01,2027-03,5,3.0747,1.1328,1.9419,ens_104,monthly,1993-2016
C3S,JMA,dynamical,2026-10-01,2026-10,0,3.4338,1.0886,2.3452,ens_105,monthly,1993-2016
C3S,JMA,dynamical,2026-10-01,2026-11,1,3.7783,1.2225,2.5559,ens_105,monthly,1993-2016
C3S,JMA,dynamical,2026-10-01,2026-12,2,3.7991,1.31,2.4891,ens_105,monthly,1993-2016
C3S,JMA,dynamical,2026-10-01,2027-01,3,3.9265,1.409,2.5175,ens_105,monthly,1993-2016
C3S,JMA,dynamical,2026-10-01,2027-02,4,3.7377,1.4211,2.3166,ens_105,monthly,1993-2016
C3S,JMA,dynamical,2026-10-01,2027-03,5,3.1531,1.3935,1.7596,ens_105,monthly,1993-2016
C3S,JMA,dynamical,2026-10-01,2026-10,0,3.4489,1.1136,2.3353,ens_106,monthly,1993-2016
C3S,JMA,dynamical,2026-10-01,2026-11,1,3.919,1.1682,2.7508,ens_106,monthly,1993-2016
C3S,JMA,dynamical,2026-10-01,2026-12,2,3.9584,1.2228,2.7356,ens_106,monthly,1993-2016
C3S,JMA,dynamical,2026-10-01,2027-01,3,3.9882,1.2989,2.6894,ens_106,monthly,1993-2016
C3S,JMA,dynamical,2026-10-01,2027-02,4,3.663,1.2931,2.37,ens_106,monthly,1993-2016
C3S,JMA,dynamical,2026-10-01,2027-03,5,3.0511,1.2255,1.8255,ens_106,monthly,1993-2016
C3S,JMA,dynamical,2026-10-01,2026-10,0,3.293,1.095,2.198,ens_107,monthly,1993-2016
C3S,JMA,dynamical,2026-10-01,2026-11,1,3.7785,1.2026,2.5758,ens_107,monthly,1993-2016
C3S,JMA,dynamical,2026-10-01,2026-12,2,3.9063,1.2782,2.6281,ens_107,monthly,1993-2016
C3S,JMA,dynamical,2026-10-01,2027-01,3,3.824,1.3181,2.5059,ens_107,monthly,1993-2016
C3S,JMA,dynamical,2026-10-01,2027-02,4,3.6002,1.3249,2.2753,ens_107,monthly,1993-2016
C3S,JMA,dynamical,2026-10-01,2027-03,5,3.1517,1.2629,1.8888,ens_107,monthly,1993-2016
C3S,JMA,dynamical,2026-10-01,2026-10,0,3.2653,1.0543,2.211,ens_108,monthly,1993-2016
C3S,JMA,dynamical,2026-10-01,2026-11,1,3.721,1.2105,2.5105,ens_108,monthly,1993-2016
C3S,JMA,dynamical,2026-10-01,2026-12,2,3.9815,1.2785,2.703,ens_108,monthly,1993-2016
C3S,JMA,dynamical,2026-10-01,2027-01,3,3.9036,1.2885,2.6151,ens_108,monthly,1993-2016
C3S,JMA,dynamical,2026-10-01,2027-02,4,3.808,1.2987,2.5092,ens_108,monthly,1993-2016
C3S,JMA,dynamical,2026-10-01,2027-03,5,3.1405,1.2112,1.9292,ens_108,monthly,1993-2016
C3S,JMA,dynamical,2026-10-01,2026-10,0,3.4671,1.1257,2.3414,ens_109,monthly,1993-2016
C3S,JMA,dynamical,2026-10-01,2026-11,1,3.857,1.2394,2.6176,ens_109,monthly,1993-2016
C3S,JMA,dynamical,2026-10-01,2026-12,2,4.0125,1.2507,2.7618,ens_109,monthly,1993-2016
C3S,JMA,dynamical,2026-10-01,2027-01,3,3.9578,1.2833,2.6746,ens_109,monthly,1993-2016
C3S,JMA,dynamical,2026-10-01,2027-02,4,3.796,1.3127,2.4832,ens_109,monthly,1993-2016
C3S,JMA,dynamical,2026-10-01,2027-03,5,3.2007,1.2385,1.9622,ens_109,monthly,1993-2016
C3S,JMA,dynamical,2026-10-01,2026-10,0,3.33,1.1087,2.2213,ens_110,monthly,1993-2016
C3S,JMA,dynamical,2026-10-01,2026-11,1,3.7565,1.2343,2.5222,ens_110,monthly,1993-2016
C3S,JMA,dynamical,2026-10-01,2026-12,2,3.8844,1.291,2.5933,ens_110,monthly,1993-2016
C3S,JMA,dynamical,2026-10-01,2027-01,3,3.8903,1.346,2.5443,ens_110,monthly,1993-2016
C3S,JMA,dynamical,2026-10-01,2027-02,4,3.8223,1.3685,2.4538,ens_110,monthly,1993-2016
C3S,JMA,dynamical,2026-10-01,2027-03,5,3.2429,1.239,2.0039,ens_110,monthly,1993-2016
C3S,JMA,dynamical,2026-10-01,2026-10,0,3.5446,1.1029,2.4417,ens_111,monthly,1993-2016
C3S,JMA,dynamical,2026-10-01,2026-11,1,3.8179,1.2463,2.5716,ens_111,monthly,1993-2016
C3S,JMA,dynamical,2026-10-01,2026-12,2,3.9751,1.3111,2.6641,ens_111,monthly,1993-2016
C3S,JMA,dynamical,2026-10-01,2027-01,3,3.8996,1.3469,2.5527,ens_111,monthly,1993-2016
C3S,JMA,dynamical,2026-10-01,2027-02,4,3.7412,1.4031,2.3381,ens_111,monthly,1993-2016
C3S,JMA,dynamical,2026-10-01,2027-03,5,3.2936,1.3126,1.9809,ens_111,monthly,1993-2016
C3S,JMA,dynamical,2026-10-01,2026-10,0,3.1209,1.0636,2.0574,ens_112,monthly,1993-2016
C3S,JMA,dynamical,2026-10-01,2026-11,1,3.5725,1.134,2.4385,ens_112,monthly,1993-2016
C3S,JMA,dynamical,2026-10-01,2026-12,2,3.7653,1.1772,2.5881,ens_112,monthly,1993-2016
C3S,JMA,dynamical,2026-10-01,2027-01,3,3.7805,1.2467,2.5338,ens_112,monthly,1993-2016
C3S,JMA,dynamical,2026-10-01,2027-02,4,3.7764,1.2579,2.5184,ens_112,monthly,1993-2016
C3S,JMA,dynamical,2026-10-01,2027-03,5,3.2952,1.2426,2.0526,ens_112,monthly,1993-2016
C3S,JMA,dynamical,2026-10-01,2026-10,0,3.4126,1.0871,2.3256,ens_113,monthly,1993-2016
C3S,JMA,dynamical,2026-10-01,2026-11,1,3.8596,1.2299,2.6297,ens_113,monthly,1993-2016
C3S,JMA,dynamical,2026-10-01,2026-12,2,3.8781,1.2625,2.6156,ens_113,monthly,1993-2016
C3S,JMA,dynamical,2026-10-01,2027-01,3,3.7379,1.2498,2.4881,ens_113,monthly,1993-2016
C3S,JMA,dynamical,2026-10-01,2027-02,4,3.6164,1.2832,2.3333,ens_113,monthly,1993-2016
C3S,JMA,dynamical,2026-10-01,2027-03,5,3.1128,1.1934,1.9194,ens_113,monthly,1993-2016
C3S,JMA,dynamical,2026-10-01,2026-10,0,3.1718,1.0571,2.1147,ens_114,monthly,1993-2016
C3S,JMA,dynamical,2026-10-01,2026-11,1,3.6044,1.1776,2.4268,ens_114,monthly,1993-2016
C3S,JMA,dynamical,2026-10-01,2026-12,2,3.8007,1.2325,2.5682,ens_114,monthly,1993-2016
C3S,JMA,dynamical,2026-10-01,2027-01,3,3.789,1.243,2.546,ens_114,monthly,1993-2016
C3S,JMA,dynamical,2026-10-01,2027-02,4,3.6203,1.2055,2.4147,ens_114,monthly,1993-2016
C3S,JMA,dynamical,2026-10-01,2027-03,5,3.2665,1.206,2.0605,ens_114,monthly,1993-2016
C3S,JMA,dynamical,2026-10-01,2026-10,0,3.3839,1.1022,2.2816,ens_115,monthly,1993-2016
C3S,JMA,dynamical,2026-10-01,2026-11,1,3.7256,1.2318,2.4937,ens_115,monthly,1993-2016
C3S,JMA,dynamical,2026-10-01,2026-12,2,3.8523,1.3169,2.5354,ens_115,monthly,1993-2016
C3S,JMA,dynamical,2026-10-01,2027-01,3,3.9011,1.3788,2.5223,ens_115,monthly,1993-2016
C3S,JMA,dynamical,2026-10-01,2027-02,4,3.7737,1.4243,2.3494,ens_115,monthly,1993-2016
C3S,JMA,dynamical,2026-10-01,2027-03,5,2.9833,1.2469,1.7364,ens_115,monthly,1993-2016
C3S,JMA,dynamical,2026-10-01,2026-10,0,3.3331,1.1052,2.228,ens_116,monthly,1993-2016
C3S,JMA,dynamical,2026-10-01,2026-11,1,3.8033,1.265,2.5383,ens_116,monthly,1993-2016
C3S,JMA,dynamical,2026-10-01,2026-12,2,4.1248,1.3367,2.7881,ens_116,monthly,1993-2016
C3S,JMA,dynamical,2026-10-01,2027-01,3,4.1011,1.3758,2.7253,ens_116,monthly,1993-2016
C3S,JMA,dynamical,2026-10-01,2027-02,4,4.0026,1.427,2.5756,ens_116,monthly,1993-2016
C3S,JMA,dynamical,2026-10-01,2027-03,5,3.7383,1.385,2.3533,ens_116,monthly,1993-2016
C3S,JMA,dynamical,2026-10-01,2026-10,0,3.3187,1.1171,2.2016,ens_117,monthly,1993-2016
C3S,JMA,dynamical,2026-10-01,2026-11,1,3.8151,1.242,2.5731,ens_117,monthly,1993-2016
C3S,JMA,dynamical,2026-10-01,2026-12,2,3.9721,1.2338,2.7383,ens_117,monthly,1993-2016
C3S,JMA,dynamical,2026-10-01,2027-01,3,3.939,1.3101,2.629,ens_117,monthly,1993-2016
C3S,JMA,dynamical,2026-10-01,2027-02,4,3.7717,1.2813,2.4904,ens_117,monthly,1993-2016
C3S,JMA,dynamical,2026-10-01,2027-03,5,3.2528,1.2611,1.9918,ens_117,monthly,1993-2016
C3S,JMA,dynamical,2026-10-01,2026-10,0,3.4029,1.0559,2.347,ens_118,monthly,1993-2016
C3S,JMA,dynamical,2026-10-01,2026-11,1,3.7948,1.1758,2.619,ens_118,monthly,1993-2016
C3S,JMA,dynamical,2026-10-01,2026-12,2,4.0228,1.246,2.7769,ens_118,monthly,1993-2016
C3S,JMA,dynamical,2026-10-01,2027-01,3,3.914,1.3046,2.6095,ens_118,monthly,1993-2016
C3S,JMA,dynamical,2026-10-01,2027-02,4,3.707,1.308,2.399,ens_118,monthly,1993-2016
C3S,JMA,dynamical,2026-10-01,2027-03,5,2.9788,1.2498,1.729,ens_118,monthly,1993-2016
C3S,JMA,dynamical,2026-10-01,2026-10,0,3.2257,1.0383,2.1874,ens_119,monthly,1993-2016
C3S,JMA,dynamical,2026-10-01,2026-11,1,3.6977,1.1862,2.5115,ens_119,monthly,1993-2016
C3S,JMA,dynamical,2026-10-01,2026-12,2,3.8535,1.1983,2.6552,ens_119,monthly,1993-2016
C3S,JMA,dynamical,2026-10-01,2027-01,3,3.9387,1.2884,2.6502,ens_119,monthly,1993-2016
C3S,JMA,dynamical,2026-10-01,2027-02,4,3.7446,1.3364,2.4081,ens_119,monthly,1993-2016
C3S,JMA,dynamical,2026-10-01,2027-03,5,3.158,1.2327,1.9253,ens_119,monthly,1993-2016
C3S,JMA,dynamical,2026-10-01,2026-10,0,3.3151,1.1338,2.1813,ens_120,monthly,1993-2016
C3S,JMA,dynamical,2026-10-01,2026-11,1,3.7709,1.2383,2.5326,ens_120,monthly,1993-2016
C3S,JMA,dynamical,2026-10-01,2026-12,2,3.8676,1.255,2.6125,ens_120,monthly,1993-2016
C3S,JMA,dynamical,2026-10-01,2027-01,3,3.8824,1.296,2.5864,ens_120,monthly,1993-2016
C3S,JMA,dynamical,2026-10-01,2027-02,4,3.6523,1.3554,2.2969,ens_120,monthly,1993-2016
C3S,JMA,dynamical,2026-10-01,2027-03,5,3.3283,1.2687,2.0595,ens_120,monthly,1993-2016
C3S,JMA,dynamical,2026-10-01,2026-10,0,3.3413,1.1401,2.2012,ens_121,monthly,1993-2016
C3S,JMA,dynamical,2026-10-01,2026-11,1,3.7062,1.2444,2.4618,ens_121,monthly,1993-2016
C3S,JMA,dynamical,2026-10-01,2026-12,2,3.8253,1.2797,2.5455,ens_121,monthly,1993-2016
C3S,JMA,dynamical,2026-10-01,2027-01,3,3.8939,1.2982,2.5957,ens_121,monthly,1993-2016
C3S,JMA,dynamical,2026-10-01,2027-02,4,3.3385,1.2738,2.0647,ens_121,monthly,1993-2016
C3S,JMA,dynamical,2026-10-01,2027-03,5,2.6679,1.1915,1.4764,ens_121,monthly,1993-2016
C3S,JMA,dynamical,2026-10-01,2026-10,0,3.1969,1.0737,2.1232,ens_122,monthly,1993-2016
C3S,JMA,dynamical,2026-10-01,2026-11,1,3.7159,1.1959,2.5201,ens_122,monthly,1993-2016
C3S,JMA,dynamical,2026-10-01,2026-12,2,3.8562,1.2637,2.5925,ens_122,monthly,1993-2016
C3S,JMA,dynamical,2026-10-01,2027-01,3,3.9288,1.3058,2.6231,ens_122,monthly,1993-2016
C3S,JMA,dynamical,2026-10-01,2027-02,4,3.5912,1.3251,2.266,ens_122,monthly,1993-2016
C3S,JMA,dynamical,2026-10-01,2027-03,5,3.1527,1.2203,1.9324,ens_122,monthly,1993-2016
C3S,JMA,dynamical,2026-10-01,2026-10,0,3.201,1.1291,2.0719,ens_123,monthly,1993-2016
C3S,JMA,dynamical,2026-10-01,2026-11,1,3.6805,1.2817,2.3989,ens_123,monthly,1993-2016
C3S,JMA,dynamical,2026-10-01,2026-12,2,3.8325,1.2723,2.5602,ens_123,monthly,1993-2016
C3S,JMA,dynamical,2026-10-01,2027-01,3,3.8767,1.2816,2.595,ens_123,monthly,1993-2016
C3S,JMA,dynamical,2026-10-01,2027-02,4,3.6576,1.3167,2.3409,ens_123,monthly,1993-2016
C3S,JMA,dynamical,2026-10-01,2027-03,5,3.0232,1.2554,1.7678,ens_123,monthly,1993-2016
C3S,JMA,dynamical,2026-10-01,2026-10,0,3.3257,1.1313,2.1944,ens_124,monthly,1993-2016
C3S,JMA,dynamical,2026-10-01,2026-11,1,3.77,1.2461,2.5239,ens_124,monthly,1993-2016
C3S,JMA,dynamical,2026-10-01,2026-12,2,3.8589,1.2954,2.5634,ens_124,monthly,1993-2016
C3S,JMA,dynamical,2026-10-01,2027-01,3,3.9038,1.3494,2.5543,ens_124,monthly,1993-2016
C3S,JMA,dynamical,2026-10-01,2027-02,4,3.7439,1.3002,2.4437,ens_124,monthly,1993-2016
C3S,JMA,dynamical,2026-10-01,2027-03,5,3.3182,1.3168,2.0013,ens_124,monthly,1993-2016
C3S,JMA,dynamical,2026-10-01,2026-10,0,3.4402,1.132,2.3082,ens_125,monthly,1993-2016
C3S,JMA,dynamical,2026-10-01,2026-11,1,3.932,1.2817,2.6503,ens_125,monthly,1993-2016
C3S,JMA,dynamical,2026-10-01,2026-12,2,3.8014,1.3568,2.4445,ens_125,monthly,1993-2016
C3S,JMA,dynamical,2026-10-01,2027-01,3,3.8586,1.4084,2.4502,ens_125,monthly,1993-2016
C3S,JMA,dynamical,2026-10-01,2027-02,4,3.7172,1.4041,2.3131,ens_125,monthly,1993-2016
C3S,JMA,dynamical,2026-10-01,2027-03,5,3.4714,1.3917,2.0797,ens_125,monthly,1993-2016
C3S,JMA,dynamical,2026-10-01,2026-10,0,3.122,1.0613,2.0607,ens_126,monthly,1993-2016
C3S,JMA,dynamical,2026-10-01,2026-11,1,3.7398,1.1789,2.5609,ens_126,monthly,1993-2016
C3S,JMA,dynamical,2026-10-01,2026-12,2,3.8682,1.2243,2.6439,ens_126,monthly,1993-2016
C3S,JMA,dynamical,2026-10-01,2027-01,3,4.0136,1.244,2.7696,ens_126,monthly,1993-2016
C3S,JMA,dynamical,2026-10-01,2027-02,4,3.9316,1.3138,2.6177,ens_126,monthly,1993-2016
C3S,JMA,dynamical,2026-10-01,2027-03,5,3.1789,1.3254,1.8535,ens_126,monthly,1993-2016
C3S,JMA,dynamical,2026-10-01,2026-10,0,3.4391,1.1443,2.2949,ens_127,monthly,1993-2016
C3S,JMA,dynamical,2026-10-01,2026-11,1,3.964,1.2262,2.7378,ens_127,monthly,1993-2016
C3S,JMA,dynamical,2026-10-01,2026-12,2,3.9873,1.2654,2.7219,ens_127,monthly,1993-2016
C3S,JMA,dynamical,2026-10-01,2027-01,3,3.8645,1.3386,2.5259,ens_127,monthly,1993-2016
C3S,JMA,dynamical,2026-10-01,2027-02,4,3.5596,1.3125,2.2471,ens_127,monthly,1993-2016
C3S,JMA,dynamical,2026-10-01,2027-03,5,2.9081,1.2122,1.696,ens_127,monthly,1993-2016
C3S,JMA,dynamical,2026-10-01,2026-10,0,3.2443,1.0577,2.1865,ens_128,monthly,1993-2016
C3S,JMA,dynamical,2026-10-01,2026-11,1,3.7639,1.2082,2.5558,ens_128,monthly,1993-2016
C3S,JMA,dynamical,2026-10-01,2026-12,2,3.9212,1.3222,2.599,ens_128,monthly,1993-2016
C3S,JMA,dynamical,2026-10-01,2027-01,3,3.9777,1.3485,2.6292,ens_128,monthly,1993-2016
C3S,JMA,dynamical,2026-10-01,2027-02,4,3.7885,1.3424,2.4462,ens_128,monthly,1993-2016
C3S,JMA,dynamical,2026-10-01,2027-03,5,3.3452,1.3092,2.0359,ens_128,monthly,1993-2016
C3S,JMA,dynamical,2026-10-01,2026-10,0,3.2352,1.0756,2.1596,ens_129,monthly,1993-2016
C3S,JMA,dynamical,2026-10-01,2026-11,1,3.6663,1.1727,2.4936,ens_129,monthly,1993-2016
C3S,JMA,dynamical,2026-10-01,2026-12,2,3.7272,1.162,2.5652,ens_129,monthly,1993-2016
C3S,JMA,dynamical,2026-10-01,2027-01,3,3.6515,1.219,2.4325,ens_129,monthly,1993-2016
C3S,JMA,dynamical,2026-10-01,2027-02,4,3.7117,1.2907,2.4211,ens_129,monthly,1993-2016
C3S,JMA,dynamical,2026-10-01,2027-03,5,3.5403,1.2018,2.3384,ens_129,monthly,1993-2016
C3S,JMA,dynamical,2026-10-01,2026-10,0,3.3702,1.132,2.2382,ens_130,monthly,1993-2016
C3S,JMA,dynamical,2026-10-01,2026-11,1,3.8157,1.2623,2.5533,ens_130,monthly,1993-2016
C3S,JMA,dynamical,2026-10-01,2026-12,2,3.8457,1.3331,2.5126,ens_130,monthly,1993-2016
C3S,JMA,dynamical,2026-10-01,2027-01,3,3.7642,1.3487,2.4156,ens_130,monthly,1993-2016
C3S,JMA,dynamical,2026-10-01,2027-02,4,3.6808,1.477,2.2038,ens_130,monthly,1993-2016
C3S,JMA,dynamical,2026-10-01,2027-03,5,3.4703,1.3919,2.0784,ens_130,monthly,1993-2016
C3S,JMA,dynamical,2026-10-01,2026-10,0,3.4389,1.1551,2.2837,ens_131,monthly,1993-2016
C3S,JMA,dynamical,2026-10-01,2026-11,1,3.9226,1.2471,2.6754,ens_131,monthly,1993-2016
C3S,JMA,dynamical,2026-10-01,2026-12,2,4.0081,1.2642,2.7439,ens_131,monthly,1993-2016
C3S,JMA,dynamical,2026-10-01,2027-01,3,4.0903,1.359,2.7313,ens_131,monthly,1993-2016
C3S,JMA,dynamical,2026-10-01,2027-02,4,3.799,1.3481,2.4509,ens_131,monthly,1993-2016
C3S,JMA,dynamical,2026-10-01,2027-03,5,3.1237,1.3273,1.7964,ens_131,monthly,1993-2016
C3S,JMA,dynamical,2026-10-01,2026-10,0,3.3655,1.0838,2.2817,ens_132,monthly,1993-2016
C3S,JMA,dynamical,2026-10-01,2026-11,1,3.9105,1.2186,2.692,ens_132,monthly,1993-2016
C3S,JMA,dynamical,2026-10-01,2026-12,2,4.0505,1.2707,2.7798,ens_132,monthly,1993-2016
C3S,JMA,dynamical,2026-10-01,2027-01,3,3.8705,1.3194,2.5511,ens_132,monthly,1993-2016
C3S,JMA,dynamical,2026-10-01,2027-02,4,3.7545,1.3108,2.4436,ens_132,monthly,1993-2016
C3S,JMA,dynamical,2026-10-01,2027-03,5,3.2144,1.2871,1.9274,ens_132,monthly,1993-2016
C3S,JMA,dynamical,2026-10-01,2026-10,0,3.3395,1.0723,2.2672,ens_133,monthly,1993-2016
C3S,JMA,dynamical,2026-10-01,2026-11,1,3.7994,1.1047,2.6947,ens_133,monthly,1993-2016
C3S,JMA,dynamical,2026-10-01,2026-12,2,3.9446,1.1806,2.764,ens_133,monthly,1993-2016
C3S,JMA,dynamical,2026-10-01,2027-01,3,3.8658,1.1862,2.6796,ens_133,monthly,1993-2016
C3S,JMA,dynamical,2026-10-01,2027-02,4,3.7829,1.2539,2.5291,ens_133,monthly,1993-2016
C3S,JMA,dynamical,2026-10-01,2027-03,5,3.3117,1.2141,2.0977,ens_133,monthly,1993-2016
C3S,JMA,dynamical,2026-10-01,2026-10,0,3.3881,1.1263,2.2619,ens_134,monthly,1993-2016
C3S,JMA,dynamical,2026-10-01,2026-11,1,3.6257,1.1912,2.4345,ens_134,monthly,1993-2016
C3S,JMA,dynamical,2026-10-01,2026-12,2,3.9141,1.1899,2.7242,ens_134,monthly,1993-2016
C3S,JMA,dynamical,2026-10-01,2027-01,3,3.9399,1.2277,2.7122,ens_134,monthly,1993-2016
C3S,JMA,dynamical,2026-10-01,2027-02,4,3.6557,1.2139,2.4418,ens_134,monthly,1993-2016
C3S,JMA,dynamical,2026-10-01,2027-03,5,3.1897,1.2181,1.9716,ens_134,monthly,1993-2016
C3S,JMA,dynamical,2026-10-01,2026-10,0,3.2852,1.1217,2.1635,ens_135,monthly,1993-2016
C3S,JMA,dynamical,2026-10-01,2026-11,1,3.6965,1.2694,2.4272,ens_135,monthly,1993-2016
C3S,JMA,dynamical,2026-10-01,2026-12,2,3.785,1.2804,2.5045,ens_135,monthly,1993-2016
C3S,JMA,dynamical,2026-10-01,2027-01,3,3.7078,1.3725,2.3352,ens_135,monthly,1993-2016
C3S,JMA,dynamical,2026-10-01,2027-02,4,3.6558,1.341,2.3148,ens_135,monthly,1993-2016
C3S,JMA,dynamical,2026-10-01,2027-03,5,3.07,1.3289,1.7411,ens_135,monthly,1993-2016
C3S,JMA,dynamical,2026-10-01,2026-10,0,3.294,1.0779,2.2161,ens_136,monthly,1993-2016
C3S,JMA,dynamical,2026-10-01,2026-11,1,3.7147,1.165,2.5496,ens_136,monthly,1993-2016
C3S,JMA,dynamical,2026-10-01,2026-12,2,4.0431,1.2219,2.8212,ens_136,monthly,1993-2016
C3S,JMA,dynamical,2026-10-01,2027-01,3,3.99,1.2207,2.7693,ens_136,monthly,1993-2016
C3S,JMA,dynamical,2026-10-01,2027-02,4,3.5812,1.1967,2.3846,ens_136,monthly,1993-2016
C3S,JMA,dynamical,2026-10-01,2027-03,5,2.9632,1.1781,1.7852,ens_136,monthly,1993-2016
C3S,JMA,dynamical,2026-10-01,2026-10,0,3.184,1.0811,2.1029,ens_137,monthly,1993-2016
C3S,JMA,dynamical,2026-10-01,2026-11,1,3.7986,1.2296,2.569,ens_137,monthly,1993-2016
C3S,JMA,dynamical,2026-10-01,2026-12,2,4.0559,1.2738,2.7821,ens_137,monthly,1993-2016
C3S,JMA,dynamical,2026-10-01,2027-01,3,4.0464,1.2698,2.7766,ens_137,monthly,1993-2016
C3S,JMA,dynamical,2026-10-01,2027-02,4,3.7627,1.2574,2.5053,ens_137,monthly,1993-2016
C3S,JMA,dynamical,2026-10-01,2027-03,5,3.4009,1.2339,2.167,ens_137,monthly,1993-2016
C3S,JMA,dynamical,2026-10-01,2026-10,0,3.2097,1.0763,2.1334,ens_138,monthly,1993-2016
C3S,JMA,dynamical,2026-10-01,2026-11,1,3.6884,1.2591,2.4293,ens_138,monthly,1993-2016
C3S,JMA,dynamical,2026-10-01,2026-12,2,3.7634,1.2859,2.4775,ens_138,monthly,1993-2016
C3S,JMA,dynamical,2026-10-01,2027-01,3,3.8559,1.2812,2.5747,ens_138,monthly,1993-2016
C3S,JMA,dynamical,2026-10-01,2027-02,4,3.6468,1.3445,2.3023,ens_138,monthly,1993-2016
C3S,JMA,dynamical,2026-10-01,2027-03,5,2.916,1.2794,1.6366,ens_138,monthly,1993-2016
C3S,JMA,dynamical,2026-10-01,2026-10,0,3.35,1.1092,2.2408,ens_139,monthly,1993-2016
C3S,JMA,dynamical,2026-10-01,2026-11,1,3.8127,1.2689,2.5438,ens_139,monthly,1993-2016
C3S,JMA,dynamical,2026-10-01,2026-12,2,4.0076,1.3005,2.7071,ens_139,monthly,1993-2016
C3S,JMA,dynamical,2026-10-01,2027-01,3,4.0118,1.373,2.6387,ens_139,monthly,1993-2016
C3S,JMA,dynamical,2026-10-01,2027-02,4,3.4785,1.3595,2.1189,ens_139,monthly,1993-2016
C3S,JMA,dynamical,2026-10-01,2027-03,5,2.9426,1.3296,1.613,ens_139,monthly,1993-2016
C3S,JMA,dynamical,2026-10-01,2026-10,0,3.4026,1.1269,2.2757,ens_140,monthly,1993-2016
C3S,JMA,dynamical,2026-10-01,2026-11,1,3.7615,1.2677,2.4938,ens_140,monthly,1993-2016
C3S,JMA,dynamical,2026-10-01,2026-12,2,4.0404,1.3528,2.6876,ens_140,monthly,1993-2016
C3S,JMA,dynamical,2026-10-01,2027-01,3,3.951,1.3998,2.5512,ens_140,monthly,1993-2016
C3S,JMA,dynamical,2026-10-01,2027-02,4,3.5809,1.389,2.192,ens_140,monthly,1993-2016
C3S,JMA,dynamical,2026-10-01,2027-03,5,3.0674,1.2949,1.7725,ens_140,monthly,1993-2016
C3S,JMA,dynamical,2026-10-01,2026-10,0,3.282,1.1098,2.1722,ens_141,monthly,1993-2016
C3S,JMA,dynamical,2026-10-01,2026-11,1,3.8099,1.1873,2.6226,ens_141,monthly,1993-2016
C3S,JMA,dynamical,2026-10-01,2026-12,2,4.0733,1.2509,2.8224,ens_141,monthly,1993-2016
C3S,JMA,dynamical,2026-10-01,2027-01,3,3.9534,1.2955,2.6579,ens_141,monthly,1993-2016
C3S,JMA,dynamical,2026-10-01,2027-02,4,3.7887,1.3334,2.4552,ens_141,monthly,1993-2016
C3S,JMA,dynamical,2026-10-01,2027-03,5,3.3837,1.3184,2.0653,ens_141,monthly,1993-2016
C3S,JMA,dynamical,2026-10-01,2026-10,0,3.1329,1.1088,2.0241,ens_142,monthly,1993-2016
C3S,JMA,dynamical,2026-10-01,2026-11,1,3.6608,1.1858,2.475,ens_142,monthly,1993-2016
C3S,JMA,dynamical,2026-10-01,2026-12,2,4.0232,1.2671,2.7561,ens_142,monthly,1993-2016
C3S,JMA,dynamical,2026-10-01,2027-01,3,3.9755,1.3271,2.6484,ens_142,monthly,1993-2016
C3S,JMA,dynamical,2026-10-01,2027-02,4,3.7825,1.3149,2.4675,ens_142,monthly,1993-2016
C3S,JMA,dynamical,2026-10-01,2027-03,5,3.2069,1.226,1.981,ens_142,monthly,1993-2016
C3S,JMA,dynamical,2026-10-01,2026-10,0,3.4308,1.0634,2.3674,ens_143,monthly,1993-2016
C3S,JMA,dynamical,2026-10-01,2026-11,1,3.9198,1.2293,2.6906,ens_143,monthly,1993-2016
C3S,JMA,dynamical,2026-10-01,2026-12,2,4.1452,1.2915,2.8537,ens_143,monthly,1993-2016
C3S,JMA,dynamical,2026-10-01,2027-01,3,4.0266,1.3513,2.6753,ens_143,monthly,1993-2016
C3S,JMA,dynamical,2026-10-01,2027-02,4,3.8583,1.344,2.5143,ens_143,monthly,1993-2016
C3S,JMA,dynamical,2026-10-01,2027-03,5,3.4941,1.2766,2.2175,ens_143,monthly,1993-2016
C3S,JMA,dynamical,2026-10-01,2026-10,0,3.3607,1.1114,2.2492,ens_144,monthly,1993-2016
C3S,JMA,dynamical,2026-10-01,2026-11,1,3.7856,1.2467,2.5389,ens_144,monthly,1993-2016
C3S,JMA,dynamical,2026-10-01,2026-12,2,3.928,1.3027,2.6253,ens_144,monthly,1993-2016
C3S,JMA,dynamical,2026-10-01,2027-01,3,3.8793,1.3611,2.5182,ens_144,monthly,1993-2016
C3S,JMA,dynamical,2026-10-01,2027-02,4,3.8656,1.3341,2.5315,ens_144,monthly,1993-2016
C3S,JMA,dynamical,2026-10-01,2027-03,5,3.2171,1.3216,1.8955,ens_144,monthly,1993-2016
C3S,JMA,dynamical,2026-10-01,2026-10,0,3.5101,1.1578,2.3523,ens_145,monthly,1993-2016
C3S,JMA,dynamical,2026-10-01,2026-11,1,3.9121,1.2893,2.6228,ens_145,monthly,1993-2016
C3S,JMA,dynamical,2026-10-01,2026-12,2,3.9599,1.3931,2.5668,ens_145,monthly,1993-2016
C3S,JMA,dynamical,2026-10-01,2027-01,3,4.0191,1.4979,2.5213,ens_145,monthly,1993-2016
C3S,JMA,dynamical,2026-10-01,2027-02,4,3.6651,1.4908,2.1743,ens_145,monthly,1993-2016
C3S,JMA,dynamical,2026-10-01,2027-03,5,3.0711,1.4791,1.592,ens_145,monthly,1993-2016
C3S,JMA,dynamical,2026-10-01,2026-10,0,3.3608,1.126,2.2348,ens_146,monthly,1993-2016
C3S,JMA,dynamical,2026-10-01,2026-11,1,3.7142,1.2336,2.4806,ens_146,monthly,1993-2016
C3S,JMA,dynamical,2026-10-01,2026-12,2,3.6685,1.2066,2.4619,ens_146,monthly,1993-2016
C3S,JMA,dynamical,2026-10-01,2027-01,3,3.8402,1.2211,2.6191,ens_146,monthly,1993-2016
C3S,JMA,dynamical,2026-10-01,2027-02,4,3.8128,1.2673,2.5455,ens_146,monthly,1993-2016
C3S,JMA,dynamical,2026-10-01,2027-03,5,3.2375,1.2313,2.0061,ens_146,monthly,1993-2016
C3S,JMA,dynamical,2026-10-01,2026-10,0,3.4259,1.0886,2.3373,ens_147,monthly,1993-2016
C3S,JMA,dynamical,2026-10-01,2026-11,1,3.9444,1.1391,2.8053,ens_147,monthly,1993-2016
C3S,JMA,dynamical,2026-10-01,2026-12,2,3.9246,1.1389,2.7857,ens_147,monthly,1993-2016
C3S,JMA,dynamical,2026-10-01,2027-01,3,4.0314,1.2177,2.8137,ens_147,monthly,1993-2016
C3S,JMA,dynamical,2026-10-01,2027-02,4,3.57,1.209,2.361,ens_147,monthly,1993-2016
C3S,JMA,dynamical,2026-10-01,2027-03,5,3.0315,1.2085,1.823,ens_147,monthly,1993-2016
C3S,JMA,dynamical,2026-10-01,2026-10,0,3.4331,1.0806,2.3526,ens_148,monthly,1993-2016
C3S,JMA,dynamical,2026-10-01,2026-11,1,3.7669,1.1311,2.6359,ens_148,monthly,1993-2016
C3S,JMA,dynamical,2026-10-01,2026-12,2,3.8231,1.1639,2.6592,ens_148,monthly,1993-2016
C3S,JMA,dynamical,2026-10-01,2027-01,3,3.7222,1.2089,2.5133,ens_148,monthly,1993-2016
C3S,JMA,dynamical,2026-10-01,2027-02,4,3.6856,1.241,2.4446,ens_148,monthly,1993-2016
C3S,JMA,dynamical,2026-10-01,2027-03,5,3.3001,1.2363,2.0638,ens_148,monthly,1993-2016
C3S,JMA,dynamical,2026-10-01,2026-10,0,3.3941,1.0828,2.3113,ens_149,monthly,1993-2016
C3S,JMA,dynamical,2026-10-01,2026-11,1,3.7496,1.167,2.5825,ens_149,monthly,1993-2016
C3S,JMA,dynamical,2026-10-01,2026-12,2,3.9408,1.2396,2.7013,ens_149,monthly,1993-2016
C3S,JMA,dynamical,2026-10-01,2027-01,3,3.9244,1.2693,2.6551,ens_149,monthly,1993-2016
C3S,JMA,dynamical,2026-10-01,2027-02,4,3.7408,1.32,2.4208,ens_149,monthly,1993-2016
C3S,JMA,dynamical,2026-10-01,2027-03,5,3.3393,1.2791,2.0602,ens_149,monthly,1993-2016
C3S,JMA,dynamical,2026-10-01,2026-10,0,3.4201,1.1177,2.3024,mean,monthly,1993-2016
C3S,JMA,dynamical,2026-10-01,2026-11,1,3.8161,1.2348,2.5813,mean,monthly,1993-2016
C3S,JMA,dynamical,2026-10-01,2026-12,2,3.9641,1.2893,2.6748,mean,monthly,1993-2016
C3S,JMA,dynamical,2026-10-01,2027-01,3,3.9342,1.3382,2.5961,mean,monthly,1993-2016
C3S,JMA,dynamical,2026-10-01,2027-02,4,3.7206,1.3468,2.3738,mean,monthly,1993-2016
C3S,JMA,dynamical,2026-10-01,2027-03,5,3.1854,1.2992,1.8861,mean,monthly,1993-2016
C3S,ECCC,dynamical,2026-10-01,2026-10,0,3.7536,1.0371,2.7166,ens_000,monthly,1993-2016
C3S,ECCC,dynamical,2026-10-01,2026-11,1,4.3544,1.1265,3.2279,ens_000,monthly,1993-2016
C3S,ECCC,dynamical,2026-10-01,2026-12,2,4.3155,1.1781,3.1373,ens_000,monthly,1993-2016
C3S,ECCC,dynamical,2026-10-01,2027-01,3,3.9191,1.2062,2.7129,ens_000,monthly,1993-2016
C3S,ECCC,dynamical,2026-10-01,2027-02,4,3.3184,1.1763,2.1421,ens_000,monthly,1993-2016
C3S,ECCC,dynamical,2026-10-01,2027-03,5,2.9177,1.2014,1.7163,ens_000,monthly,1993-2016
C3S,ECCC,dynamical,2026-10-01,2026-10,0,3.8439,1.0272,2.8167,ens_001,monthly,1993-2016
C3S,ECCC,dynamical,2026-10-01,2026-11,1,4.4118,1.1309,3.2809,ens_001,monthly,1993-2016
C3S,ECCC,dynamical,2026-10-01,2026-12,2,4.4571,1.1742,3.2829,ens_001,monthly,1993-2016
C3S,ECCC,dynamical,2026-10-01,2027-01,3,4.3891,1.1495,3.2397,ens_001,monthly,1993-2016
C3S,ECCC,dynamical,2026-10-01,2027-02,4,4.0204,1.1455,2.8749,ens_001,monthly,1993-2016
C3S,ECCC,dynamical,2026-10-01,2027-03,5,3.4498,1.1768,2.273,ens_001,monthly,1993-2016
C3S,ECCC,dynamical,2026-10-01,2026-10,0,3.8741,1.0429,2.8311,ens_002,monthly,1993-2016
C3S,ECCC,dynamical,2026-10-01,2026-11,1,4.4246,1.1193,3.3054,ens_002,monthly,1993-2016
C3S,ECCC,dynamical,2026-10-01,2026-12,2,4.5061,1.1848,3.3213,ens_002,monthly,1993-2016
C3S,ECCC,dynamical,2026-10-01,2027-01,3,4.1265,1.122,3.0046,ens_002,monthly,1993-2016
C3S,ECCC,dynamical,2026-10-01,2027-02,4,3.627,1.1406,2.4864,ens_002,monthly,1993-2016
C3S,ECCC,dynamical,2026-10-01,2027-03,5,2.8402,1.1382,1.7019,ens_002,monthly,1993-2016
C3S,ECCC,dynamical,2026-10-01,2026-10,0,3.8119,1.0314,2.7805,ens_003,monthly,1993-2016
C3S,ECCC,dynamical,2026-10-01,2026-11,1,4.4516,1.1654,3.2862,ens_003,monthly,1993-2016
C3S,ECCC,dynamical,2026-10-01,2026-12,2,4.374,1.1601,3.2139,ens_003,monthly,1993-2016
C3S,ECCC,dynamical,2026-10-01,2027-01,3,3.9884,1.1583,2.8301,ens_003,monthly,1993-2016
C3S,ECCC,dynamical,2026-10-01,2027-02,4,3.8469,1.1504,2.6965,ens_003,monthly,1993-2016
C3S,ECCC,dynamical,2026-10-01,2027-03,5,3.488,1.0757,2.4124,ens_003,monthly,1993-2016
C3S,ECCC,dynamical,2026-10-01,2026-10,0,3.8092,1.0671,2.7422,ens_004,monthly,1993-2016
C3S,ECCC,dynamical,2026-10-01,2026-11,1,4.3191,1.1574,3.1617,ens_004,monthly,1993-2016
C3S,ECCC,dynamical,2026-10-01,2026-12,2,4.4033,1.2254,3.1779,ens_004,monthly,1993-2016
C3S,ECCC,dynamical,2026-10-01,2027-01,3,4.0939,1.1787,2.9151,ens_004,monthly,1993-2016
C3S,ECCC,dynamical,2026-10-01,2027-02,4,3.6561,1.142,2.5141,ens_004,monthly,1993-2016
C3S,ECCC,dynamical,2026-10-01,2027-03,5,3.4705,1.1185,2.352,ens_004,monthly,1993-2016
C3S,ECCC,dynamical,2026-10-01,2026-10,0,3.8002,1.0298,2.7704,ens_005,monthly,1993-2016
C3S,ECCC,dynamical,2026-10-01,2026-11,1,4.3942,1.2086,3.1856,ens_005,monthly,1993-2016
C3S,ECCC,dynamical,2026-10-01,2026-12,2,4.5406,1.2994,3.2412,ens_005,monthly,1993-2016
C3S,ECCC,dynamical,2026-10-01,2027-01,3,4.3374,1.2808,3.0565,ens_005,monthly,1993-2016
C3S,ECCC,dynamical,2026-10-01,2027-02,4,3.8153,1.2831,2.5322,ens_005,monthly,1993-2016
C3S,ECCC,dynamical,2026-10-01,2027-03,5,3.305,1.2642,2.0408,ens_005,monthly,1993-2016
C3S,ECCC,dynamical,2026-10-01,2026-10,0,3.8337,1.0008,2.8329,ens_006,monthly,1993-2016
C3S,ECCC,dynamical,2026-10-01,2026-11,1,4.4462,1.1605,3.2857,ens_006,monthly,1993-2016
C3S,ECCC,dynamical,2026-10-01,2026-12,2,4.2785,1.2119,3.0666,ens_006,monthly,1993-2016
C3S,ECCC,dynamical,2026-10-01,2027-01,3,4.027,1.218,2.809,ens_006,monthly,1993-2016
C3S,ECCC,dynamical,2026-10-01,2027-02,4,3.7047,1.211,2.4937,ens_006,monthly,1993-2016
C3S,ECCC,dynamical,2026-10-01,2027-03,5,3.3502,1.1083,2.2419,ens_006,monthly,1993-2016
C3S,ECCC,dynamical,2026-10-01,2026-10,0,3.9211,1.0235,2.8976,ens_007,monthly,1993-2016
C3S,ECCC,dynamical,2026-10-01,2026-11,1,4.4977,1.1432,3.3545,ens_007,monthly,1993-2016
C3S,ECCC,dynamical,2026-10-01,2026-12,2,4.3565,1.1714,3.185,ens_007,monthly,1993-2016
C3S,ECCC,dynamical,2026-10-01,2027-01,3,4.2097,1.1671,3.0426,ens_007,monthly,1993-2016
C3S,ECCC,dynamical,2026-10-01,2027-02,4,3.75,1.1054,2.6445,ens_007,monthly,1993-2016
C3S,ECCC,dynamical,2026-10-01,2027-03,5,3.3486,1.1067,2.2419,ens_007,monthly,1993-2016
C3S,ECCC,dynamical,2026-10-01,2026-10,0,3.7488,1.0352,2.7136,ens_008,monthly,1993-2016
C3S,ECCC,dynamical,2026-10-01,2026-11,1,4.3484,1.1734,3.175,ens_008,monthly,1993-2016
C3S,ECCC,dynamical,2026-10-01,2026-12,2,4.2268,1.2165,3.0103,ens_008,monthly,1993-2016
C3S,ECCC,dynamical,2026-10-01,2027-01,3,3.8916,1.1862,2.7054,ens_008,monthly,1993-2016
C3S,ECCC,dynamical,2026-10-01,2027-02,4,3.4146,1.1841,2.2306,ens_008,monthly,1993-2016
C3S,ECCC,dynamical,2026-10-01,2027-03,5,2.7222,1.12,1.6022,ens_008,monthly,1993-2016
C3S,ECCC,dynamical,2026-10-01,2026-10,0,3.8333,1.0463,2.7871,ens_009,monthly,1993-2016
C3S,ECCC,dynamical,2026-10-01,2026-11,1,4.4374,1.1321,3.3052,ens_009,monthly,1993-2016
C3S,ECCC,dynamical,2026-10-01,2026-12,2,4.522,1.1819,3.3401,ens_009,monthly,1993-2016
C3S,ECCC,dynamical,2026-10-01,2027-01,3,4.1296,1.2507,2.8789,ens_009,monthly,1993-2016
C3S,ECCC,dynamical,2026-10-01,2027-02,4,3.3835,1.1663,2.2172,ens_009,monthly,1993-2016
C3S,ECCC,dynamical,2026-10-01,2027-03,5,2.7636,1.0442,1.7194,ens_009,monthly,1993-2016
C3S,ECCC,dynamical,2026-10-01,2026-10,0,3.9093,1.0358,2.8735,ens_010,monthly,1993-2016
C3S,ECCC,dynamical,2026-10-01,2026-11,1,4.3592,1.2252,3.134,ens_010,monthly,1993-2016
C3S,ECCC,dynamical,2026-10-01,2026-12,2,4.3769,1.2504,3.1265,ens_010,monthly,1993-2016
C3S,ECCC,dynamical,2026-10-01,2027-01,3,4.1624,1.2328,2.9297,ens_010,monthly,1993-2016
C3S,ECCC,dynamical,2026-10-01,2027-02,4,3.6749,1.173,2.5018,ens_010,monthly,1993-2016
C3S,ECCC,dynamical,2026-10-01,2027-03,5,2.9666,1.0666,1.9,ens_010,monthly,1993-2016
C3S,ECCC,dynamical,2026-10-01,2026-10,0,3.8396,1.006,2.8336,ens_011,monthly,1993-2016
C3S,ECCC,dynamical,2026-10-01,2026-11,1,4.4556,1.0839,3.3716,ens_011,monthly,1993-2016
C3S,ECCC,dynamical,2026-10-01,2026-12,2,4.5076,1.2123,3.2953,ens_011,monthly,1993-2016
C3S,ECCC,dynamical,2026-10-01,2027-01,3,4.2962,1.1682,3.1281,ens_011,monthly,1993-2016
C3S,ECCC,dynamical,2026-10-01,2027-02,4,3.5737,1.1356,2.4381,ens_011,monthly,1993-2016
C3S,ECCC,dynamical,2026-10-01,2027-03,5,2.9743,1.1238,1.8505,ens_011,monthly,1993-2016
C3S,ECCC,dynamical,2026-10-01,2026-10,0,3.8181,0.9986,2.8195,ens_012,monthly,1993-2016
C3S,ECCC,dynamical,2026-10-01,2026-11,1,4.2923,1.0752,3.2171,ens_012,monthly,1993-2016
C3S,ECCC,dynamical,2026-10-01,2026-12,2,4.3192,1.0927,3.2265,ens_012,monthly,1993-2016
C3S,ECCC,dynamical,2026-10-01,2027-01,3,4.0077,1.041,2.9667,ens_012,monthly,1993-2016
C3S,ECCC,dynamical,2026-10-01,2027-02,4,3.53,0.9845,2.5455,ens_012,monthly,1993-2016
C3S,ECCC,dynamical,2026-10-01,2027-03,5,2.9606,0.9258,2.0348,ens_012,monthly,1993-2016
C3S,ECCC,dynamical,2026-10-01,2026-10,0,3.8376,1.0138,2.8238,ens_013,monthly,1993-2016
C3S,ECCC,dynamical,2026-10-01,2026-11,1,4.4869,1.1297,3.3572,ens_013,monthly,1993-2016
C3S,ECCC,dynamical,2026-10-01,2026-12,2,4.5595,1.2047,3.3547,ens_013,monthly,1993-2016
C3S,ECCC,dynamical,2026-10-01,2027-01,3,4.3927,1.2138,3.179,ens_013,monthly,1993-2016
C3S,ECCC,dynamical,2026-10-01,2027-02,4,4.1052,1.1758,2.9294,ens_013,monthly,1993-2016
C3S,ECCC,dynamical,2026-10-01,2027-03,5,3.5453,1.0705,2.4748,ens_013,monthly,1993-2016
C3S,ECCC,dynamical,2026-10-01,2026-10,0,3.9534,1.0018,2.9516,ens_014,monthly,1993-2016
C3S,ECCC,dynamical,2026-10-01,2026-11,1,4.5425,1.1414,3.4011,ens_014,monthly,1993-2016
C3S,ECCC,dynamical,2026-10-01,2026-12,2,4.3041,1.1934,3.1108,ens_014,monthly,1993-2016
C3S,ECCC,dynamical,2026-10-01,2027-01,3,3.8679,1.1783,2.6896,ens_014,monthly,1993-2016
C3S,ECCC,dynamical,2026-10-01,2027-02,4,3.2126,1.1645,2.0481,ens_014,monthly,1993-2016
C3S,ECCC,dynamical,2026-10-01,2027-03,5,2.1041,1.0338,1.0703,ens_014,monthly,1993-2016
C3S,ECCC,dynamical,2026-10-01,2026-10,0,3.7855,1.0209,2.7645,ens_015,monthly,1993-2016
C3S,ECCC,dynamical,2026-10-01,2026-11,1,4.4854,1.2094,3.276,ens_015,monthly,1993-2016
C3S,ECCC,dynamical,2026-10-01,2026-12,2,4.3676,1.2851,3.0825,ens_015,monthly,1993-2016
C3S,ECCC,dynamical,2026-10-01,2027-01,3,3.8727,1.2108,2.6619,ens_015,monthly,1993-2016
C3S,ECCC,dynamical,2026-10-01,2027-02,4,3.5111,1.2476,2.2635,ens_015,monthly,1993-2016
C3S,ECCC,dynamical,2026-10-01,2027-03,5,2.7615,1.193,1.5684,ens_015,monthly,1993-2016
C3S,ECCC,dynamical,2026-10-01,2026-10,0,3.787,0.9978,2.7892,ens_016,monthly,1993-2016
C3S,ECCC,dynamical,2026-10-01,2026-11,1,4.59,1.1687,3.4213,ens_016,monthly,1993-2016
C3S,ECCC,dynamical,2026-10-01,2026-12,2,4.5065,1.2234,3.2831,ens_016,monthly,1993-2016
C3S,ECCC,dynamical,2026-10-01,2027-01,3,4.0768,1.2252,2.8515,ens_016,monthly,1993-2016
C3S,ECCC,dynamical,2026-10-01,2027-02,4,3.5521,1.2382,2.3139,ens_016,monthly,1993-2016
C3S,ECCC,dynamical,2026-10-01,2027-03,5,3.3426,1.1583,2.1842,ens_016,monthly,1993-2016
C3S,ECCC,dynamical,2026-10-01,2026-10,0,3.9005,0.9579,2.9426,ens_017,monthly,1993-2016
C3S,ECCC,dynamical,2026-10-01,2026-11,1,4.3959,1.0525,3.3434,ens_017,monthly,1993-2016
C3S,ECCC,dynamical,2026-10-01,2026-12,2,4.5436,1.12,3.4236,ens_017,monthly,1993-2016
C3S,ECCC,dynamical,2026-10-01,2027-01,3,4.2462,1.1111,3.1352,ens_017,monthly,1993-2016
C3S,ECCC,dynamical,2026-10-01,2027-02,4,3.8374,1.101,2.7364,ens_017,monthly,1993-2016
C3S,ECCC,dynamical,2026-10-01,2027-03,5,3.1919,1.012,2.1799,ens_017,monthly,1993-2016
C3S,ECCC,dynamical,2026-10-01,2026-10,0,3.801,1.046,2.755,ens_018,monthly,1993-2016
C3S,ECCC,dynamical,2026-10-01,2026-11,1,4.3296,1.1318,3.1978,ens_018,monthly,1993-2016
C3S,ECCC,dynamical,2026-10-01,2026-12,2,4.324,1.1188,3.2053,ens_018,monthly,1993-2016
C3S,ECCC,dynamical,2026-10-01,2027-01,3,3.9985,1.1135,2.885,ens_018,monthly,1993-2016
C3S,ECCC,dynamical,2026-10-01,2027-02,4,3.3634,1.0129,2.3504,ens_018,monthly,1993-2016
C3S,ECCC,dynamical,2026-10-01,2027-03,5,2.531,0.9065,1.6245,ens_018,monthly,1993-2016
C3S,ECCC,dynamical,2026-10-01,2026-10,0,3.8152,1.0303,2.7849,ens_019,monthly,1993-2016
C3S,ECCC,dynamical,2026-10-01,2026-11,1,4.3411,1.1445,3.1967,ens_019,monthly,1993-2016
C3S,ECCC,dynamical,2026-10-01,2026-12,2,4.3506,1.0834,3.2672,ens_019,monthly,1993-2016
C3S,ECCC,dynamical,2026-10-01,2027-01,3,4.0378,1.0556,2.9822,ens_019,monthly,1993-2016
C3S,ECCC,dynamical,2026-10-01,2027-02,4,3.7182,1.0737,2.6445,ens_019,monthly,1993-2016
C3S,ECCC,dynamical,2026-10-01,2027-03,5,3.2942,1.016,2.2782,ens_019,monthly,1993-2016
C3S,ECCC,dynamical,2026-10-01,2026-10,0,3.8338,1.0225,2.8113,mean,monthly,1993-2016
C3S,ECCC,dynamical,2026-10-01,2026-11,1,4.4182,1.144,3.2742,mean,monthly,1993-2016
C3S,ECCC,dynamical,2026-10-01,2026-12,2,4.407,1.1894,3.2176,mean,monthly,1993-2016
C3S,ECCC,dynamical,2026-10-01,2027-01,3,4.1036,1.1734,2.9302,mean,monthly,1993-2016
C3S,ECCC,dynamical,2026-10-01,2027-02,4,3.6308,1.1506,2.4802,mean,monthly,1993-2016
C3S,ECCC,dynamical,2026-10-01,2027-03,5,3.0664,1.093,1.9734,mean,monthly,1993-2016
C3S,NCEP,dynamical,2026-10-01,2026-10,0,3.2454,0.8587,2.3867,ens_000,monthly,1993-2016
C3S,NCEP,dynamical,2026-10-01,2026-11,1,3.2834,1.0957,2.1877,ens_000,monthly,1993-2016
C3S,NCEP,dynamical,2026-10-01,2026-12,2,3.4775,1.1345,2.343,ens_000,monthly,1993-2016
C3S,NCEP,dynamical,2026-10-01,2027-01,3,3.2929,1.1314,2.1615,ens_000,monthly,1993-2016
C3S,NCEP,dynamical,2026-10-01,2027-02,4,2.6592,0.9744,1.6848,ens_000,monthly,1993-2016
C3S,NCEP,dynamical,2026-10-01,2027-03,5,1.9594,1.0427,0.9167,ens_000,monthly,1993-2016
C3S,NCEP,dynamical,2026-10-01,2026-10,0,3.2501,0.8671,2.3831,ens_001,monthly,1993-2016
C3S,NCEP,dynamical,2026-10-01,2026-11,1,3.3557,1.0733,2.2825,ens_001,monthly,1993-2016
C3S,NCEP,dynamical,2026-10-01,2026-12,2,3.6674,1.2102,2.4573,ens_001,monthly,1993-2016
C3S,NCEP,dynamical,2026-10-01,2027-01,3,2.9066,1.1484,1.7582,ens_001,monthly,1993-2016
C3S,NCEP,dynamical,2026-10-01,2027-02,4,2.3898,1.1165,1.2734,ens_001,monthly,1993-2016
C3S,NCEP,dynamical,2026-10-01,2027-03,5,1.9585,1.0135,0.9451,ens_001,monthly,1993-2016
C3S,NCEP,dynamical,2026-10-01,2026-10,0,3.175,0.8175,2.3575,ens_002,monthly,1993-2016
C3S,NCEP,dynamical,2026-10-01,2026-11,1,3.3811,1.1248,2.2562,ens_002,monthly,1993-2016
C3S,NCEP,dynamical,2026-10-01,2026-12,2,3.3306,1.0798,2.2508,ens_002,monthly,1993-2016
C3S,NCEP,dynamical,2026-10-01,2027-01,3,2.537,1.1019,1.4351,ens_002,monthly,1993-2016
C3S,NCEP,dynamical,2026-10-01,2027-02,4,2.394,0.8918,1.5021,ens_002,monthly,1993-2016
C3S,NCEP,dynamical,2026-10-01,2027-03,5,1.6654,0.8852,0.7802,ens_002,monthly,1993-2016
C3S,NCEP,dynamical,2026-10-01,2026-10,0,3.1968,0.8483,2.3485,ens_003,monthly,1993-2016
C3S,NCEP,dynamical,2026-10-01,2026-11,1,3.43,1.0418,2.3881,ens_003,monthly,1993-2016
C3S,NCEP,dynamical,2026-10-01,2026-12,2,3.6694,1.1616,2.5078,ens_003,monthly,1993-2016
C3S,NCEP,dynamical,2026-10-01,2027-01,3,2.8514,1.1313,1.7201,ens_003,monthly,1993-2016
C3S,NCEP,dynamical,2026-10-01,2027-02,4,2.9502,1.0209,1.9292,ens_003,monthly,1993-2016
C3S,NCEP,dynamical,2026-10-01,2027-03,5,2.142,0.9118,1.2302,ens_003,monthly,1993-2016
C3S,NCEP,dynamical,2026-10-01,2026-10,0,3.2943,0.8782,2.4161,ens_004,monthly,1993-2016
C3S,NCEP,dynamical,2026-10-01,2026-11,1,3.6559,0.9704,2.6855,ens_004,monthly,1993-2016
C3S,NCEP,dynamical,2026-10-01,2026-12,2,3.2794,1.0006,2.2787,ens_004,monthly,1993-2016
C3S,NCEP,dynamical,2026-10-01,2027-01,3,2.8027,0.9421,1.8605,ens_004,monthly,1993-2016
C3S,NCEP,dynamical,2026-10-01,2027-02,4,2.0116,0.9445,1.0671,ens_004,monthly,1993-2016
C3S,NCEP,dynamical,2026-10-01,2027-03,5,1.3932,0.9128,0.4804,ens_004,monthly,1993-2016
C3S,NCEP,dynamical,2026-10-01,2026-10,0,3.4131,0.8802,2.5329,ens_005,monthly,1993-2016
C3S,NCEP,dynamical,2026-10-01,2026-11,1,3.4232,1.0039,2.4193,ens_005,monthly,1993-2016
C3S,NCEP,dynamical,2026-10-01,2026-12,2,3.4639,1.0944,2.3695,ens_005,monthly,1993-2016
C3S,NCEP,dynamical,2026-10-01,2027-01,3,3.0333,1.0896,1.9437,ens_005,monthly,1993-2016
C3S,NCEP,dynamical,2026-10-01,2027-02,4,2.6427,0.9608,1.6819,ens_005,monthly,1993-2016
C3S,NCEP,dynamical,2026-10-01,2027-03,5,2.1076,0.8867,1.2209,ens_005,monthly,1993-2016
C3S,NCEP,dynamical,2026-10-01,2026-10,0,3.2608,0.8381,2.4227,ens_006,monthly,1993-2016
C3S,NCEP,dynamical,2026-10-01,2026-11,1,3.6948,1.0272,2.6676,ens_006,monthly,1993-2016
C3S,NCEP,dynamical,2026-10-01,2026-12,2,3.3295,1.0192,2.3104,ens_006,monthly,1993-2016
C3S,NCEP,dynamical,2026-10-01,2027-01,3,2.6169,1.0137,1.6032,ens_006,monthly,1993-2016
C3S,NCEP,dynamical,2026-10-01,2027-02,4,2.386,0.9794,1.4066,ens_006,monthly,1993-2016
C3S,NCEP,dynamical,2026-10-01,2027-03,5,1.6088,0.8788,0.73,ens_006,monthly,1993-2016
C3S,NCEP,dynamical,2026-10-01,2026-10,0,3.2878,0.8902,2.3976,ens_007,monthly,1993-2016
C3S,NCEP,dynamical,2026-10-01,2026-11,1,3.7432,1.0918,2.6514,ens_007,monthly,1993-2016
C3S,NCEP,dynamical,2026-10-01,2026-12,2,3.5645,1.1501,2.4144,ens_007,monthly,1993-2016
C3S,NCEP,dynamical,2026-10-01,2027-01,3,2.5242,1.1458,1.3784,ens_007,monthly,1993-2016
C3S,NCEP,dynamical,2026-10-01,2027-02,4,2.2128,1.0547,1.1581,ens_007,monthly,1993-2016
C3S,NCEP,dynamical,2026-10-01,2027-03,5,1.9871,1.0777,0.9094,ens_007,monthly,1993-2016
C3S,NCEP,dynamical,2026-10-01,2026-10,0,3.4808,0.9376,2.5432,ens_008,monthly,1993-2016
C3S,NCEP,dynamical,2026-10-01,2026-11,1,3.5397,1.162,2.3777,ens_008,monthly,1993-2016
C3S,NCEP,dynamical,2026-10-01,2026-12,2,3.3133,1.2101,2.1032,ens_008,monthly,1993-2016
C3S,NCEP,dynamical,2026-10-01,2027-01,3,2.9957,1.2197,1.776,ens_008,monthly,1993-2016
C3S,NCEP,dynamical,2026-10-01,2027-02,4,2.539,1.0592,1.4798,ens_008,monthly,1993-2016
C3S,NCEP,dynamical,2026-10-01,2027-03,5,2.069,1.0061,1.0629,ens_008,monthly,1993-2016
C3S,NCEP,dynamical,2026-10-01,2026-10,0,3.3258,0.8743,2.4514,ens_009,monthly,1993-2016
C3S,NCEP,dynamical,2026-10-01,2026-11,1,3.2754,1.019,2.2564,ens_009,monthly,1993-2016
C3S,NCEP,dynamical,2026-10-01,2026-12,2,2.972,1.0266,1.9454,ens_009,monthly,1993-2016
C3S,NCEP,dynamical,2026-10-01,2027-01,3,2.8039,1.0522,1.7517,ens_009,monthly,1993-2016
C3S,NCEP,dynamical,2026-10-01,2027-02,4,2.8076,0.9624,1.8452,ens_009,monthly,1993-2016
C3S,NCEP,dynamical,2026-10-01,2027-03,5,1.703,0.871,0.832,ens_009,monthly,1993-2016
C3S,NCEP,dynamical,2026-10-01,2026-10,0,3.2825,0.8681,2.4144,ens_010,monthly,1993-2016
C3S,NCEP,dynamical,2026-10-01,2026-11,1,3.4235,1.0507,2.3728,ens_010,monthly,1993-2016
C3S,NCEP,dynamical,2026-10-01,2026-12,2,3.5651,1.0356,2.5296,ens_010,monthly,1993-2016
C3S,NCEP,dynamical,2026-10-01,2027-01,3,2.7918,1.004,1.7878,ens_010,monthly,1993-2016
C3S,NCEP,dynamical,2026-10-01,2027-02,4,2.2571,0.993,1.2642,ens_010,monthly,1993-2016
C3S,NCEP,dynamical,2026-10-01,2027-03,5,1.9138,0.938,0.9757,ens_010,monthly,1993-2016
C3S,NCEP,dynamical,2026-10-01,2026-10,0,3.2551,0.8829,2.3722,ens_011,monthly,1993-2016
C3S,NCEP,dynamical,2026-10-01,2026-11,1,3.3694,1.1089,2.2606,ens_011,monthly,1993-2016
C3S,NCEP,dynamical,2026-10-01,2026-12,2,3.4049,1.1847,2.2202,ens_011,monthly,1993-2016
C3S,NCEP,dynamical,2026-10-01,2027-01,3,2.7828,1.188,1.5948,ens_011,monthly,1993-2016
C3S,NCEP,dynamical,2026-10-01,2027-02,4,2.364,1.1886,1.1754,ens_011,monthly,1993-2016
C3S,NCEP,dynamical,2026-10-01,2027-03,5,1.6331,1.1369,0.4962,ens_011,monthly,1993-2016
C3S,NCEP,dynamical,2026-10-01,2026-10,0,3.2868,0.8813,2.4055,ens_012,monthly,1993-2016
C3S,NCEP,dynamical,2026-10-01,2026-11,1,3.4522,1.0323,2.4199,ens_012,monthly,1993-2016
C3S,NCEP,dynamical,2026-10-01,2026-12,2,3.816,1.1594,2.6565,ens_012,monthly,1993-2016
C3S,NCEP,dynamical,2026-10-01,2027-01,3,3.0907,1.1039,1.9868,ens_012,monthly,1993-2016
C3S,NCEP,dynamical,2026-10-01,2027-02,4,2.5994,0.957,1.6425,ens_012,monthly,1993-2016
C3S,NCEP,dynamical,2026-10-01,2027-03,5,2.2548,1.0298,1.2249,ens_012,monthly,1993-2016
C3S,NCEP,dynamical,2026-10-01,2026-10,0,3.2454,0.9001,2.3453,ens_013,monthly,1993-2016
C3S,NCEP,dynamical,2026-10-01,2026-11,1,3.1981,1.0689,2.1292,ens_013,monthly,1993-2016
C3S,NCEP,dynamical,2026-10-01,2026-12,2,2.9636,1.1532,1.8104,ens_013,monthly,1993-2016
C3S,NCEP,dynamical,2026-10-01,2027-01,3,2.7111,1.1572,1.5538,ens_013,monthly,1993-2016
C3S,NCEP,dynamical,2026-10-01,2027-02,4,2.1322,0.995,1.1372,ens_013,monthly,1993-2016
C3S,NCEP,dynamical,2026-10-01,2027-03,5,1.8194,0.9233,0.8961,ens_013,monthly,1993-2016
C3S,NCEP,dynamical,2026-10-01,2026-10,0,3.4033,0.9082,2.4951,ens_014,monthly,1993-2016
C3S,NCEP,dynamical,2026-10-01,2026-11,1,3.6123,1.0758,2.5365,ens_014,monthly,1993-2016
C3S,NCEP,dynamical,2026-10-01,2026-12,2,3.4273,1.153,2.2743,ens_014,monthly,1993-2016
C3S,NCEP,dynamical,2026-10-01,2027-01,3,3.118,1.0788,2.0392,ens_014,monthly,1993-2016
C3S,NCEP,dynamical,2026-10-01,2027-02,4,2.4059,1.075,1.3309,ens_014,monthly,1993-2016
C3S,NCEP,dynamical,2026-10-01,2027-03,5,1.6365,0.9799,0.6567,ens_014,monthly,1993-2016
C3S,NCEP,dynamical,2026-10-01,2026-10,0,3.4519,0.9308,2.5211,ens_015,monthly,1993-2016
C3S,NCEP,dynamical,2026-10-01,2026-11,1,3.5221,1.0879,2.4342,ens_015,monthly,1993-2016
C3S,NCEP,dynamical,2026-10-01,2026-12,2,3.6152,1.0345,2.5807,ens_015,monthly,1993-2016
C3S,NCEP,dynamical,2026-10-01,2027-01,3,2.9373,1.0369,1.9004,ens_015,monthly,1993-2016
C3S,NCEP,dynamical,2026-10-01,2027-02,4,2.29,0.971,1.319,ens_015,monthly,1993-2016
C3S,NCEP,dynamical,2026-10-01,2027-03,5,1.7282,0.921,0.8072,ens_015,monthly,1993-2016
C3S,NCEP,dynamical,2026-10-01,2026-10,0,3.3281,0.8999,2.4282,ens_016,monthly,1993-2016
C3S,NCEP,dynamical,2026-10-01,2026-11,1,3.4619,1.0632,2.3986,ens_016,monthly,1993-2016
C3S,NCEP,dynamical,2026-10-01,2026-12,2,3.1074,1.0882,2.0192,ens_016,monthly,1993-2016
C3S,NCEP,dynamical,2026-10-01,2027-01,3,2.6761,1.1568,1.5193,ens_016,monthly,1993-2016
C3S,NCEP,dynamical,2026-10-01,2027-02,4,2.5135,1.1311,1.3824,ens_016,monthly,1993-2016
C3S,NCEP,dynamical,2026-10-01,2027-03,5,2.1084,1.0614,1.047,ens_016,monthly,1993-2016
C3S,NCEP,dynamical,2026-10-01,2026-10,0,3.3734,0.8748,2.4986,ens_017,monthly,1993-2016
C3S,NCEP,dynamical,2026-10-01,2026-11,1,3.5156,0.9741,2.5415,ens_017,monthly,1993-2016
C3S,NCEP,dynamical,2026-10-01,2026-12,2,3.5533,1.0661,2.4872,ens_017,monthly,1993-2016
C3S,NCEP,dynamical,2026-10-01,2027-01,3,2.6666,1.0967,1.5698,ens_017,monthly,1993-2016
C3S,NCEP,dynamical,2026-10-01,2027-02,4,2.4037,1.1641,1.2396,ens_017,monthly,1993-2016
C3S,NCEP,dynamical,2026-10-01,2027-03,5,1.81,1.0266,0.7834,ens_017,monthly,1993-2016
C3S,NCEP,dynamical,2026-10-01,2026-10,0,3.2689,0.8703,2.3986,ens_018,monthly,1993-2016
C3S,NCEP,dynamical,2026-10-01,2026-11,1,3.5468,1.0267,2.5201,ens_018,monthly,1993-2016
C3S,NCEP,dynamical,2026-10-01,2026-12,2,3.1747,1.112,2.0627,ens_018,monthly,1993-2016
C3S,NCEP,dynamical,2026-10-01,2027-01,3,2.6492,1.1599,1.4893,ens_018,monthly,1993-2016
C3S,NCEP,dynamical,2026-10-01,2027-02,4,2.0784,1.1131,0.9653,ens_018,monthly,1993-2016
C3S,NCEP,dynamical,2026-10-01,2027-03,5,2.1457,1.0674,1.0782,ens_018,monthly,1993-2016
C3S,NCEP,dynamical,2026-10-01,2026-10,0,3.4119,0.8786,2.5333,ens_019,monthly,1993-2016
C3S,NCEP,dynamical,2026-10-01,2026-11,1,3.4569,0.965,2.4919,ens_019,monthly,1993-2016
C3S,NCEP,dynamical,2026-10-01,2026-12,2,3.479,0.9872,2.4918,ens_019,monthly,1993-2016
C3S,NCEP,dynamical,2026-10-01,2027-01,3,2.7582,1.0377,1.7205,ens_019,monthly,1993-2016
C3S,NCEP,dynamical,2026-10-01,2027-02,4,2.359,1.0215,1.3376,ens_019,monthly,1993-2016
C3S,NCEP,dynamical,2026-10-01,2027-03,5,1.6297,0.9281,0.7016,ens_019,monthly,1993-2016
C3S,NCEP,dynamical,2026-10-01,2026-10,0,3.2264,0.8776,2.3488,ens_020,monthly,1993-2016
C3S,NCEP,dynamical,2026-10-01,2026-11,1,3.2749,1.0447,2.2301,ens_020,monthly,1993-2016
C3S,NCEP,dynamical,2026-10-01,2026-12,2,3.4441,1.1515,2.2926,ens_020,monthly,1993-2016
C3S,NCEP,dynamical,2026-10-01,2027-01,3,2.7599,1.1297,1.6302,ens_020,monthly,1993-2016
C3S,NCEP,dynamical,2026-10-01,2027-02,4,2.3675,0.9917,1.3758,ens_020,monthly,1993-2016
C3S,NCEP,dynamical,2026-10-01,2027-03,5,1.6386,0.9489,0.6897,ens_020,monthly,1993-2016
C3S,NCEP,dynamical,2026-10-01,2026-10,0,3.074,0.8825,2.1915,ens_021,monthly,1993-2016
C3S,NCEP,dynamical,2026-10-01,2026-11,1,3.492,1.1288,2.3632,ens_021,monthly,1993-2016
C3S,NCEP,dynamical,2026-10-01,2026-12,2,3.2993,1.1378,2.1615,ens_021,monthly,1993-2016
C3S,NCEP,dynamical,2026-10-01,2027-01,3,2.5571,1.0505,1.5066,ens_021,monthly,1993-2016
C3S,NCEP,dynamical,2026-10-01,2027-02,4,2.096,1.0296,1.0664,ens_021,monthly,1993-2016
C3S,NCEP,dynamical,2026-10-01,2027-03,5,2.1077,1.1053,1.0024,ens_021,monthly,1993-2016
C3S,NCEP,dynamical,2026-10-01,2026-10,0,3.1224,0.9249,2.1975,ens_022,monthly,1993-2016
C3S,NCEP,dynamical,2026-10-01,2026-11,1,3.7298,1.0398,2.69,ens_022,monthly,1993-2016
C3S,NCEP,dynamical,2026-10-01,2026-12,2,3.5167,1.0406,2.4762,ens_022,monthly,1993-2016
C3S,NCEP,dynamical,2026-10-01,2027-01,3,2.8321,1.0154,1.8167,ens_022,monthly,1993-2016
C3S,NCEP,dynamical,2026-10-01,2027-02,4,2.4123,0.9529,1.4594,ens_022,monthly,1993-2016
C3S,NCEP,dynamical,2026-10-01,2027-03,5,1.7536,0.933,0.8207,ens_022,monthly,1993-2016
C3S,NCEP,dynamical,2026-10-01,2026-10,0,3.2011,0.9146,2.2865,ens_023,monthly,1993-2016
C3S,NCEP,dynamical,2026-10-01,2026-11,1,3.6589,1.0686,2.5903,ens_023,monthly,1993-2016
C3S,NCEP,dynamical,2026-10-01,2026-12,2,3.3119,1.1869,2.125,ens_023,monthly,1993-2016
C3S,NCEP,dynamical,2026-10-01,2027-01,3,2.6409,1.1954,1.4456,ens_023,monthly,1993-2016
C3S,NCEP,dynamical,2026-10-01,2027-02,4,2.3715,1.1147,1.2568,ens_023,monthly,1993-2016
C3S,NCEP,dynamical,2026-10-01,2027-03,5,1.899,0.9858,0.9132,ens_023,monthly,1993-2016
C3S,NCEP,dynamical,2026-10-01,2026-10,0,3.1284,0.8597,2.2688,ens_024,monthly,1993-2016
C3S,NCEP,dynamical,2026-10-01,2026-11,1,3.1805,1.0254,2.1551,ens_024,monthly,1993-2016
C3S,NCEP,dynamical,2026-10-01,2026-12,2,3.0081,0.9855,2.0225,ens_024,monthly,1993-2016
C3S,NCEP,dynamical,2026-10-01,2027-01,3,2.4303,1.0113,1.419,ens_024,monthly,1993-2016
C3S,NCEP,dynamical,2026-10-01,2027-02,4,2.4583,0.9948,1.4635,ens_024,monthly,1993-2016
C3S,NCEP,dynamical,2026-10-01,2027-03,5,1.9362,0.851,1.0852,ens_024,monthly,1993-2016
C3S,NCEP,dynamical,2026-10-01,2026-10,0,3.1783,0.8988,2.2795,ens_025,monthly,1993-2016
C3S,NCEP,dynamical,2026-10-01,2026-11,1,3.2188,1.0812,2.1377,ens_025,monthly,1993-2016
C3S,NCEP,dynamical,2026-10-01,2026-12,2,3.2323,1.1683,2.064,ens_025,monthly,1993-2016
C3S,NCEP,dynamical,2026-10-01,2027-01,3,2.8945,1.175,1.7195,ens_025,monthly,1993-2016
C3S,NCEP,dynamical,2026-10-01,2027-02,4,2.6612,1.0398,1.6214,ens_025,monthly,1993-2016
C3S,NCEP,dynamical,2026-10-01,2027-03,5,1.77,0.9007,0.8693,ens_025,monthly,1993-2016
C3S,NCEP,dynamical,2026-10-01,2026-10,0,3.1345,0.8496,2.285,ens_026,monthly,1993-2016
C3S,NCEP,dynamical,2026-10-01,2026-11,1,3.5341,0.94,2.5941,ens_026,monthly,1993-2016
C3S,NCEP,dynamical,2026-10-01,2026-12,2,3.4762,1.1011,2.3751,ens_026,monthly,1993-2016
C3S,NCEP,dynamical,2026-10-01,2027-01,3,2.8679,1.1727,1.6952,ens_026,monthly,1993-2016
C3S,NCEP,dynamical,2026-10-01,2027-02,4,2.2846,1.0768,1.2078,ens_026,monthly,1993-2016
C3S,NCEP,dynamical,2026-10-01,2027-03,5,2.2716,1.0187,1.2529,ens_026,monthly,1993-2016
C3S,NCEP,dynamical,2026-10-01,2026-10,0,3.1531,0.8455,2.3076,ens_027,monthly,1993-2016
C3S,NCEP,dynamical,2026-10-01,2026-11,1,3.3853,1.0307,2.3546,ens_027,monthly,1993-2016
C3S,NCEP,dynamical,2026-10-01,2026-12,2,3.3309,1.1207,2.2102,ens_027,monthly,1993-2016
C3S,NCEP,dynamical,2026-10-01,2027-01,3,3.0823,1.0735,2.0088,ens_027,monthly,1993-2016
C3S,NCEP,dynamical,2026-10-01,2027-02,4,2.9665,1.0246,1.9419,ens_027,monthly,1993-2016
C3S,NCEP,dynamical,2026-10-01,2027-03,5,2.3579,0.8281,1.5299,ens_027,monthly,1993-2016
C3S,NCEP,dynamical,2026-10-01,2026-10,0,2.9911,0.8907,2.1004,ens_028,monthly,1993-2016
C3S,NCEP,dynamical,2026-10-01,2026-11,1,3.2691,0.969,2.3001,ens_028,monthly,1993-2016
C3S,NCEP,dynamical,2026-10-01,2026-12,2,3.3091,1.0626,2.2465,ens_028,monthly,1993-2016
C3S,NCEP,dynamical,2026-10-01,2027-01,3,3.0767,1.0468,2.0299,ens_028,monthly,1993-2016
C3S,NCEP,dynamical,2026-10-01,2027-02,4,2.2534,1.1391,1.1143,ens_028,monthly,1993-2016
C3S,NCEP,dynamical,2026-10-01,2027-03,5,1.5773,0.9652,0.6121,ens_028,monthly,1993-2016
C3S,NCEP,dynamical,2026-10-01,2026-10,0,3.0438,0.9374,2.1063,ens_029,monthly,1993-2016
C3S,NCEP,dynamical,2026-10-01,2026-11,1,3.667,1.0521,2.6148,ens_029,monthly,1993-2016
C3S,NCEP,dynamical,2026-10-01,2026-12,2,3.4554,1.0716,2.3838,ens_029,monthly,1993-2016
C3S,NCEP,dynamical,2026-10-01,2027-01,3,2.3993,1.0501,1.3492,ens_029,monthly,1993-2016
C3S,NCEP,dynamical,2026-10-01,2027-02,4,2.1933,1.0472,1.1461,ens_029,monthly,1993-2016
C3S,NCEP,dynamical,2026-10-01,2027-03,5,1.6275,0.8331,0.7944,ens_029,monthly,1993-2016
C3S,NCEP,dynamical,2026-10-01,2026-10,0,3.0919,0.8907,2.2012,ens_030,monthly,1993-2016
C3S,NCEP,dynamical,2026-10-01,2026-11,1,3.061,1.0168,2.0442,ens_030,monthly,1993-2016
C3S,NCEP,dynamical,2026-10-01,2026-12,2,3.1185,1.1769,1.9416,ens_030,monthly,1993-2016
C3S,NCEP,dynamical,2026-10-01,2027-01,3,2.396,1.1535,1.2426,ens_030,monthly,1993-2016
C3S,NCEP,dynamical,2026-10-01,2027-02,4,1.73,1.0435,0.6865,ens_030,monthly,1993-2016
C3S,NCEP,dynamical,2026-10-01,2027-03,5,1.7141,0.9143,0.7998,ens_030,monthly,1993-2016
C3S,NCEP,dynamical,2026-10-01,2026-10,0,3.1445,0.8904,2.2541,ens_031,monthly,1993-2016
C3S,NCEP,dynamical,2026-10-01,2026-11,1,3.124,1.0364,2.0876,ens_031,monthly,1993-2016
C3S,NCEP,dynamical,2026-10-01,2026-12,2,3.3529,1.1017,2.2512,ens_031,monthly,1993-2016
C3S,NCEP,dynamical,2026-10-01,2027-01,3,2.733,1.0736,1.6594,ens_031,monthly,1993-2016
C3S,NCEP,dynamical,2026-10-01,2027-02,4,2.8029,1.0062,1.7967,ens_031,monthly,1993-2016
C3S,NCEP,dynamical,2026-10-01,2027-03,5,2.0641,0.9538,1.1104,ens_031,monthly,1993-2016
C3S,NCEP,dynamical,2026-10-01,2026-10,0,3.1968,0.8681,2.3286,ens_032,monthly,1993-2016
C3S,NCEP,dynamical,2026-10-01,2026-11,1,3.429,0.9802,2.4489,ens_032,monthly,1993-2016
C3S,NCEP,dynamical,2026-10-01,2026-12,2,3.7346,1.0424,2.6922,ens_032,monthly,1993-2016
C3S,NCEP,dynamical,2026-10-01,2027-01,3,2.8127,0.9818,1.8309,ens_032,monthly,1993-2016
C3S,NCEP,dynamical,2026-10-01,2027-02,4,1.9265,0.9369,0.9895,ens_032,monthly,1993-2016
C3S,NCEP,dynamical,2026-10-01,2027-03,5,1.441,0.8435,0.5975,ens_032,monthly,1993-2016
C3S,NCEP,dynamical,2026-10-01,2026-10,0,3.2623,0.9196,2.3427,ens_033,monthly,1993-2016
C3S,NCEP,dynamical,2026-10-01,2026-11,1,3.1182,1.097,2.0213,ens_033,monthly,1993-2016
C3S,NCEP,dynamical,2026-10-01,2026-12,2,3.3117,1.2163,2.0954,ens_033,monthly,1993-2016
C3S,NCEP,dynamical,2026-10-01,2027-01,3,2.9312,1.1534,1.7778,ens_033,monthly,1993-2016
C3S,NCEP,dynamical,2026-10-01,2027-02,4,2.6619,1.0379,1.6241,ens_033,monthly,1993-2016
C3S,NCEP,dynamical,2026-10-01,2027-03,5,2.2155,1.0027,1.2128,ens_033,monthly,1993-2016
C3S,NCEP,dynamical,2026-10-01,2026-10,0,3.0693,0.9277,2.1416,ens_034,monthly,1993-2016
C3S,NCEP,dynamical,2026-10-01,2026-11,1,3.6851,1.1809,2.5043,ens_034,monthly,1993-2016
C3S,NCEP,dynamical,2026-10-01,2026-12,2,3.1786,1.1153,2.0632,ens_034,monthly,1993-2016
C3S,NCEP,dynamical,2026-10-01,2027-01,3,2.8429,1.0751,1.7677,ens_034,monthly,1993-2016
C3S,NCEP,dynamical,2026-10-01,2027-02,4,2.5432,0.9966,1.5466,ens_034,monthly,1993-2016
C3S,NCEP,dynamical,2026-10-01,2027-03,5,1.7286,0.9162,0.8124,ens_034,monthly,1993-2016
C3S,NCEP,dynamical,2026-10-01,2026-10,0,3.2022,0.8941,2.3082,ens_035,monthly,1993-2016
C3S,NCEP,dynamical,2026-10-01,2026-11,1,3.8843,1.1185,2.7657,ens_035,monthly,1993-2016
C3S,NCEP,dynamical,2026-10-01,2026-12,2,3.2043,1.1515,2.0528,ens_035,monthly,1993-2016
C3S,NCEP,dynamical,2026-10-01,2027-01,3,2.3888,1.0825,1.3063,ens_035,monthly,1993-2016
C3S,NCEP,dynamical,2026-10-01,2027-02,4,2.2305,1.0521,1.1784,ens_035,monthly,1993-2016
C3S,NCEP,dynamical,2026-10-01,2027-03,5,1.5773,0.9162,0.661,ens_035,monthly,1993-2016
C3S,NCEP,dynamical,2026-10-01,2026-10,0,3.0784,0.9196,2.1588,ens_036,monthly,1993-2016
C3S,NCEP,dynamical,2026-10-01,2026-11,1,3.5899,1.1032,2.4867,ens_036,monthly,1993-2016
C3S,NCEP,dynamical,2026-10-01,2026-12,2,3.4334,1.1039,2.3294,ens_036,monthly,1993-2016
C3S,NCEP,dynamical,2026-10-01,2027-01,3,2.9225,1.2183,1.7042,ens_036,monthly,1993-2016
C3S,NCEP,dynamical,2026-10-01,2027-02,4,2.8947,1.0669,1.8277,ens_036,monthly,1993-2016
C3S,NCEP,dynamical,2026-10-01,2027-03,5,2.403,0.9648,1.4382,ens_036,monthly,1993-2016
C3S,NCEP,dynamical,2026-10-01,2026-10,0,2.955,0.8983,2.0567,ens_037,monthly,1993-2016
C3S,NCEP,dynamical,2026-10-01,2026-11,1,3.4698,1.0647,2.4051,ens_037,monthly,1993-2016
C3S,NCEP,dynamical,2026-10-01,2026-12,2,3.3301,1.1008,2.2293,ens_037,monthly,1993-2016
C3S,NCEP,dynamical,2026-10-01,2027-01,3,2.6947,1.1027,1.592,ens_037,monthly,1993-2016
C3S,NCEP,dynamical,2026-10-01,2027-02,4,2.3491,0.9876,1.3615,ens_037,monthly,1993-2016
C3S,NCEP,dynamical,2026-10-01,2027-03,5,2.0352,0.8528,1.1825,ens_037,monthly,1993-2016
C3S,NCEP,dynamical,2026-10-01,2026-10,0,3.0616,0.8733,2.1883,ens_038,monthly,1993-2016
C3S,NCEP,dynamical,2026-10-01,2026-11,1,3.5919,1.0555,2.5364,ens_038,monthly,1993-2016
C3S,NCEP,dynamical,2026-10-01,2026-12,2,3.4895,1.0663,2.4232,ens_038,monthly,1993-2016
C3S,NCEP,dynamical,2026-10-01,2027-01,3,2.9323,1.1455,1.7868,ens_038,monthly,1993-2016
C3S,NCEP,dynamical,2026-10-01,2027-02,4,2.1814,1.0595,1.1218,ens_038,monthly,1993-2016
C3S,NCEP,dynamical,2026-10-01,2027-03,5,1.9703,0.9549,1.0153,ens_038,monthly,1993-2016
C3S,NCEP,dynamical,2026-10-01,2026-10,0,2.8715,0.8496,2.0219,ens_039,monthly,1993-2016
C3S,NCEP,dynamical,2026-10-01,2026-11,1,3.2984,0.8867,2.4117,ens_039,monthly,1993-2016
C3S,NCEP,dynamical,2026-10-01,2026-12,2,3.0345,0.9544,2.0801,ens_039,monthly,1993-2016
C3S,NCEP,dynamical,2026-10-01,2027-01,3,2.4311,0.9587,1.4724,ens_039,monthly,1993-2016
C3S,NCEP,dynamical,2026-10-01,2027-02,4,2.186,0.8735,1.3125,ens_039,monthly,1993-2016
C3S,NCEP,dynamical,2026-10-01,2027-03,5,1.784,0.7817,1.0023,ens_039,monthly,1993-2016
C3S,NCEP,dynamical,2026-10-01,2026-10,0,3.1412,0.8969,2.2442,ens_040,monthly,1993-2016
C3S,NCEP,dynamical,2026-10-01,2026-11,1,3.241,0.9708,2.2702,ens_040,monthly,1993-2016
C3S,NCEP,dynamical,2026-10-01,2026-12,2,3.2485,1.1053,2.1432,ens_040,monthly,1993-2016
C3S,NCEP,dynamical,2026-10-01,2027-01,3,2.8148,1.1428,1.6719,ens_040,monthly,1993-2016
C3S,NCEP,dynamical,2026-10-01,2027-02,4,2.3305,1.0252,1.3052,ens_040,monthly,1993-2016
C3S,NCEP,dynamical,2026-10-01,2027-03,5,1.776,0.9654,0.8106,ens_040,monthly,1993-2016
C3S,NCEP,dynamical,2026-10-01,2026-10,0,3.2758,0.9315,2.3442,ens_041,monthly,1993-2016
C3S,NCEP,dynamical,2026-10-01,2026-11,1,3.4937,1.0178,2.476,ens_041,monthly,1993-2016
C3S,NCEP,dynamical,2026-10-01,2026-12,2,3.2011,1.0388,2.1623,ens_041,monthly,1993-2016
C3S,NCEP,dynamical,2026-10-01,2027-01,3,2.69,1.0889,1.6011,ens_041,monthly,1993-2016
C3S,NCEP,dynamical,2026-10-01,2027-02,4,2.2389,1.0166,1.2222,ens_041,monthly,1993-2016
C3S,NCEP,dynamical,2026-10-01,2027-03,5,1.8429,0.8556,0.9873,ens_041,monthly,1993-2016
C3S,NCEP,dynamical,2026-10-01,2026-10,0,3.0537,0.9399,2.1138,ens_042,monthly,1993-2016
C3S,NCEP,dynamical,2026-10-01,2026-11,1,3.417,1.0992,2.3178,ens_042,monthly,1993-2016
C3S,NCEP,dynamical,2026-10-01,2026-12,2,3.2416,1.11,2.1316,ens_042,monthly,1993-2016
C3S,NCEP,dynamical,2026-10-01,2027-01,3,2.493,1.0345,1.4585,ens_042,monthly,1993-2016
C3S,NCEP,dynamical,2026-10-01,2027-02,4,2.1562,0.9831,1.173,ens_042,monthly,1993-2016
C3S,NCEP,dynamical,2026-10-01,2027-03,5,1.8808,0.9768,0.904,ens_042,monthly,1993-2016
C3S,NCEP,dynamical,2026-10-01,2026-10,0,3.1061,0.9352,2.1709,ens_043,monthly,1993-2016
C3S,NCEP,dynamical,2026-10-01,2026-11,1,3.5364,1.1098,2.4266,ens_043,monthly,1993-2016
C3S,NCEP,dynamical,2026-10-01,2026-12,2,3.7082,1.3187,2.3894,ens_043,monthly,1993-2016
C3S,NCEP,dynamical,2026-10-01,2027-01,3,2.8139,1.1871,1.6268,ens_043,monthly,1993-2016
C3S,NCEP,dynamical,2026-10-01,2027-02,4,2.4026,1.1794,1.2232,ens_043,monthly,1993-2016
C3S,NCEP,dynamical,2026-10-01,2027-03,5,2.3805,0.9959,1.3846,ens_043,monthly,1993-2016
C3S,NCEP,dynamical,2026-10-01,2026-10,0,3.0787,0.918,2.1607,ens_044,monthly,1993-2016
C3S,NCEP,dynamical,2026-10-01,2026-11,1,3.3725,1.0256,2.3468,ens_044,monthly,1993-2016
C3S,NCEP,dynamical,2026-10-01,2026-12,2,3.4121,1.1462,2.2659,ens_044,monthly,1993-2016
C3S,NCEP,dynamical,2026-10-01,2027-01,3,2.4798,1.1796,1.3002,ens_044,monthly,1993-2016
C3S,NCEP,dynamical,2026-10-01,2027-02,4,2.2478,1.2155,1.0323,ens_044,monthly,1993-2016
C3S,NCEP,dynamical,2026-10-01,2027-03,5,1.7557,0.9773,0.7784,ens_044,monthly,1993-2016
C3S,NCEP,dynamical,2026-10-01,2026-10,0,3.1227,0.8876,2.2351,ens_045,monthly,1993-2016
C3S,NCEP,dynamical,2026-10-01,2026-11,1,3.2428,0.9155,2.3272,ens_045,monthly,1993-2016
C3S,NCEP,dynamical,2026-10-01,2026-12,2,3.5498,1.0053,2.5445,ens_045,monthly,1993-2016
C3S,NCEP,dynamical,2026-10-01,2027-01,3,2.925,1.0077,1.9173,ens_045,monthly,1993-2016
C3S,NCEP,dynamical,2026-10-01,2027-02,4,2.5808,0.9689,1.6119,ens_045,monthly,1993-2016
C3S,NCEP,dynamical,2026-10-01,2027-03,5,2.4331,0.8447,1.5883,ens_045,monthly,1993-2016
C3S,NCEP,dynamical,2026-10-01,2026-10,0,3.2209,0.9253,2.2957,ens_046,monthly,1993-2016
C3S,NCEP,dynamical,2026-10-01,2026-11,1,3.3819,1.0452,2.3367,ens_046,monthly,1993-2016
C3S,NCEP,dynamical,2026-10-01,2026-12,2,3.3834,1.1589,2.2245,ens_046,monthly,1993-2016
C3S,NCEP,dynamical,2026-10-01,2027-01,3,3.0325,1.0921,1.9404,ens_046,monthly,1993-2016
C3S,NCEP,dynamical,2026-10-01,2027-02,4,2.3439,0.9272,1.4167,ens_046,monthly,1993-2016
C3S,NCEP,dynamical,2026-10-01,2027-03,5,1.3739,0.95,0.4239,ens_046,monthly,1993-2016
C3S,NCEP,dynamical,2026-10-01,2026-10,0,3.3316,0.8887,2.4429,ens_047,monthly,1993-2016
C3S,NCEP,dynamical,2026-10-01,2026-11,1,3.2541,1.0274,2.2267,ens_047,monthly,1993-2016
C3S,NCEP,dynamical,2026-10-01,2026-12,2,3.3474,1.105,2.2424,ens_047,monthly,1993-2016
C3S,NCEP,dynamical,2026-10-01,2027-01,3,3.0141,1.078,1.9361,ens_047,monthly,1993-2016
C3S,NCEP,dynamical,2026-10-01,2027-02,4,2.5159,1.0761,1.4398,ens_047,monthly,1993-2016
C3S,NCEP,dynamical,2026-10-01,2027-03,5,1.9437,1.0086,0.9351,ens_047,monthly,1993-2016
C3S,NCEP,dynamical,2026-10-01,2026-10,0,3.0543,0.8615,2.1928,ens_048,monthly,1993-2016
C3S,NCEP,dynamical,2026-10-01,2026-11,1,3.6958,1.1241,2.5717,ens_048,monthly,1993-2016
C3S,NCEP,dynamical,2026-10-01,2026-12,2,3.3052,1.0379,2.2673,ens_048,monthly,1993-2016
C3S,NCEP,dynamical,2026-10-01,2027-01,3,2.6893,0.9708,1.7185,ens_048,monthly,1993-2016
C3S,NCEP,dynamical,2026-10-01,2027-02,4,2.0862,1.0561,1.0301,ens_048,monthly,1993-2016
C3S,NCEP,dynamical,2026-10-01,2027-03,5,2.2837,1.0082,1.2755,ens_048,monthly,1993-2016
C3S,NCEP,dynamical,2026-10-01,2026-10,0,3.0665,0.8837,2.1829,ens_049,monthly,1993-2016
C3S,NCEP,dynamical,2026-10-01,2026-11,1,3.4985,0.9623,2.5362,ens_049,monthly,1993-2016
C3S,NCEP,dynamical,2026-10-01,2026-12,2,3.7001,1.1329,2.5672,ens_049,monthly,1993-2016
C3S,NCEP,dynamical,2026-10-01,2027-01,3,3.0077,0.9965,2.0113,ens_049,monthly,1993-2016
C3S,NCEP,dynamical,2026-10-01,2027-02,4,2.2083,0.9348,1.2735,ens_049,monthly,1993-2016
C3S,NCEP,dynamical,2026-10-01,2027-03,5,1.9547,0.9407,1.014,ens_049,monthly,1993-2016
C3S,NCEP,dynamical,2026-10-01,2026-10,0,3.1457,0.8951,2.2506,ens_050,monthly,1993-2016
C3S,NCEP,dynamical,2026-10-01,2026-11,1,3.2987,0.9856,2.3131,ens_050,monthly,1993-2016
C3S,NCEP,dynamical,2026-10-01,2026-12,2,2.9266,1.0999,1.8267,ens_050,monthly,1993-2016
C3S,NCEP,dynamical,2026-10-01,2027-01,3,2.921,1.0837,1.8373,ens_050,monthly,1993-2016
C3S,NCEP,dynamical,2026-10-01,2027-02,4,2.3503,0.9637,1.3866,ens_050,monthly,1993-2016
C3S,NCEP,dynamical,2026-10-01,2027-03,5,2.0164,1.0274,0.989,ens_050,monthly,1993-2016
C3S,NCEP,dynamical,2026-10-01,2026-10,0,3.2054,0.9437,2.2617,ens_051,monthly,1993-2016
C3S,NCEP,dynamical,2026-10-01,2026-11,1,3.648,1.0353,2.6126,ens_051,monthly,1993-2016
C3S,NCEP,dynamical,2026-10-01,2026-12,2,3.398,1.036,2.362,ens_051,monthly,1993-2016
C3S,NCEP,dynamical,2026-10-01,2027-01,3,2.7201,1.1658,1.5543,ens_051,monthly,1993-2016
C3S,NCEP,dynamical,2026-10-01,2027-02,4,2.5644,1.0973,1.4671,ens_051,monthly,1993-2016
C3S,NCEP,dynamical,2026-10-01,2027-03,5,2.0639,0.9273,1.1367,ens_051,monthly,1993-2016
C3S,NCEP,dynamical,2026-10-01,2026-10,0,3.0537,0.8929,2.1608,ens_052,monthly,1993-2016
C3S,NCEP,dynamical,2026-10-01,2026-11,1,3.4782,1.0213,2.457,ens_052,monthly,1993-2016
C3S,NCEP,dynamical,2026-10-01,2026-12,2,3.3069,1.1506,2.1563,ens_052,monthly,1993-2016
C3S,NCEP,dynamical,2026-10-01,2027-01,3,2.8218,1.1212,1.7006,ens_052,monthly,1993-2016
C3S,NCEP,dynamical,2026-10-01,2027-02,4,2.3908,1.2489,1.1419,ens_052,monthly,1993-2016
C3S,NCEP,dynamical,2026-10-01,2027-03,5,2.4456,1.1264,1.3192,ens_052,monthly,1993-2016
C3S,NCEP,dynamical,2026-10-01,2026-10,0,3.0759,0.8685,2.2074,ens_053,monthly,1993-2016
C3S,NCEP,dynamical,2026-10-01,2026-11,1,3.7295,1.0459,2.6836,ens_053,monthly,1993-2016
C3S,NCEP,dynamical,2026-10-01,2026-12,2,3.4997,1.0615,2.4382,ens_053,monthly,1993-2016
C3S,NCEP,dynamical,2026-10-01,2027-01,3,2.6529,1.1126,1.5404,ens_053,monthly,1993-2016
C3S,NCEP,dynamical,2026-10-01,2027-02,4,2.5585,0.8978,1.6608,ens_053,monthly,1993-2016
C3S,NCEP,dynamical,2026-10-01,2027-03,5,1.761,0.9047,0.8564,ens_053,monthly,1993-2016
C3S,NCEP,dynamical,2026-10-01,2026-10,0,3.028,0.8687,2.1594,ens_054,monthly,1993-2016
C3S,NCEP,dynamical,2026-10-01,2026-11,1,3.2345,1.0368,2.1977,ens_054,monthly,1993-2016
C3S,NCEP,dynamical,2026-10-01,2026-12,2,3.3404,1.0479,2.2925,ens_054,monthly,1993-2016
C3S,NCEP,dynamical,2026-10-01,2027-01,3,2.8099,0.9846,1.8252,ens_054,monthly,1993-2016
C3S,NCEP,dynamical,2026-10-01,2027-02,4,2.1568,0.9823,1.1745,ens_054,monthly,1993-2016
C3S,NCEP,dynamical,2026-10-01,2027-03,5,1.481,0.8683,0.6126,ens_054,monthly,1993-2016
C3S,NCEP,dynamical,2026-10-01,2026-10,0,3.0374,0.9889,2.0486,ens_055,monthly,1993-2016
C3S,NCEP,dynamical,2026-10-01,2026-11,1,3.4726,1.0693,2.4033,ens_055,monthly,1993-2016
C3S,NCEP,dynamical,2026-10-01,2026-12,2,3.5998,1.0875,2.5124,ens_055,monthly,1993-2016
C3S,NCEP,dynamical,2026-10-01,2027-01,3,3.0325,1.1297,1.9029,ens_055,monthly,1993-2016
C3S,NCEP,dynamical,2026-10-01,2027-02,4,2.4076,1.1705,1.2371,ens_055,monthly,1993-2016
C3S,NCEP,dynamical,2026-10-01,2027-03,5,1.9369,1.039,0.898,ens_055,monthly,1993-2016
C3S,NCEP,dynamical,2026-10-01,2026-10,0,3.0059,0.8533,2.1525,ens_056,monthly,1993-2016
C3S,NCEP,dynamical,2026-10-01,2026-11,1,3.4249,1.0296,2.3952,ens_056,monthly,1993-2016
C3S,NCEP,dynamical,2026-10-01,2026-12,2,3.4524,1.0432,2.4092,ens_056,monthly,1993-2016
C3S,NCEP,dynamical,2026-10-01,2027-01,3,2.5002,1.0416,1.4586,ens_056,monthly,1993-2016
C3S,NCEP,dynamical,2026-10-01,2027-02,4,2.1674,0.9846,1.1828,ens_056,monthly,1993-2016
C3S,NCEP,dynamical,2026-10-01,2027-03,5,1.7619,1.0484,0.7135,ens_056,monthly,1993-2016
C3S,NCEP,dynamical,2026-10-01,2026-10,0,2.9654,0.8513,2.1142,ens_057,monthly,1993-2016
C3S,NCEP,dynamical,2026-10-01,2026-11,1,3.1402,1.1353,2.0049,ens_057,monthly,1993-2016
C3S,NCEP,dynamical,2026-10-01,2026-12,2,3.1089,1.1688,1.94,ens_057,monthly,1993-2016
C3S,NCEP,dynamical,2026-10-01,2027-01,3,2.7032,1.2066,1.4967,ens_057,monthly,1993-2016
C3S,NCEP,dynamical,2026-10-01,2027-02,4,2.5279,1.1092,1.4187,ens_057,monthly,1993-2016
C3S,NCEP,dynamical,2026-10-01,2027-03,5,1.744,0.9766,0.7674,ens_057,monthly,1993-2016
C3S,NCEP,dynamical,2026-10-01,2026-10,0,3.0187,0.9339,2.0848,ens_058,monthly,1993-2016
C3S,NCEP,dynamical,2026-10-01,2026-11,1,3.3425,1.0989,2.2436,ens_058,monthly,1993-2016
C3S,NCEP,dynamical,2026-10-01,2026-12,2,3.2655,1.1258,2.1397,ens_058,monthly,1993-2016
C3S,NCEP,dynamical,2026-10-01,2027-01,3,2.9906,1.1394,1.8511,ens_058,monthly,1993-2016
C3S,NCEP,dynamical,2026-10-01,2027-02,4,2.2946,1.0226,1.2719,ens_058,monthly,1993-2016
C3S,NCEP,dynamical,2026-10-01,2027-03,5,1.7921,0.9851,0.807,ens_058,monthly,1993-2016
C3S,NCEP,dynamical,2026-10-01,2026-10,0,3.0207,0.9168,2.1039,ens_059,monthly,1993-2016
C3S,NCEP,dynamical,2026-10-01,2026-11,1,3.5771,1.1565,2.4207,ens_059,monthly,1993-2016
C3S,NCEP,dynamical,2026-10-01,2026-12,2,3.4198,1.0784,2.3414,ens_059,monthly,1993-2016
C3S,NCEP,dynamical,2026-10-01,2027-01,3,2.67,1.1242,1.5458,ens_059,monthly,1993-2016
C3S,NCEP,dynamical,2026-10-01,2027-02,4,2.1097,1.0309,1.0787,ens_059,monthly,1993-2016
C3S,NCEP,dynamical,2026-10-01,2027-03,5,1.3448,0.8715,0.4733,ens_059,monthly,1993-2016
C3S,NCEP,dynamical,2026-10-01,2026-10,0,3.2507,0.977,2.2737,ens_060,monthly,1993-2016
C3S,NCEP,dynamical,2026-10-01,2026-11,1,3.2522,1.0385,2.2137,ens_060,monthly,1993-2016
C3S,NCEP,dynamical,2026-10-01,2026-12,2,3.1655,1.0344,2.1311,ens_060,monthly,1993-2016
C3S,NCEP,dynamical,2026-10-01,2027-01,3,2.7129,0.9826,1.7304,ens_060,monthly,1993-2016
C3S,NCEP,dynamical,2026-10-01,2027-02,4,2.6015,1.0033,1.5981,ens_060,monthly,1993-2016
C3S,NCEP,dynamical,2026-10-01,2027-03,5,2.1931,0.7668,1.4263,ens_060,monthly,1993-2016
C3S,NCEP,dynamical,2026-10-01,2026-10,0,3.2566,0.9252,2.3314,ens_061,monthly,1993-2016
C3S,NCEP,dynamical,2026-10-01,2026-11,1,3.5578,1.0017,2.5561,ens_061,monthly,1993-2016
C3S,NCEP,dynamical,2026-10-01,2026-12,2,3.2055,1.0393,2.1663,ens_061,monthly,1993-2016
C3S,NCEP,dynamical,2026-10-01,2027-01,3,2.9435,1.0666,1.8769,ens_061,monthly,1993-2016
C3S,NCEP,dynamical,2026-10-01,2027-02,4,2.4962,0.9458,1.5504,ens_061,monthly,1993-2016
C3S,NCEP,dynamical,2026-10-01,2027-03,5,2.0335,0.897,1.1365,ens_061,monthly,1993-2016
C3S,NCEP,dynamical,2026-10-01,2026-10,0,3.1814,0.9558,2.2256,ens_062,monthly,1993-2016
C3S,NCEP,dynamical,2026-10-01,2026-11,1,3.3822,0.9865,2.3956,ens_062,monthly,1993-2016
C3S,NCEP,dynamical,2026-10-01,2026-12,2,3.1549,1.0324,2.1225,ens_062,monthly,1993-2016
C3S,NCEP,dynamical,2026-10-01,2027-01,3,2.6081,0.9978,1.6102,ens_062,monthly,1993-2016
C3S,NCEP,dynamical,2026-10-01,2027-02,4,2.1877,0.9081,1.2796,ens_062,monthly,1993-2016
C3S,NCEP,dynamical,2026-10-01,2027-03,5,1.7873,0.8997,0.8875,ens_062,monthly,1993-2016
C3S,NCEP,dynamical,2026-10-01,2026-10,0,2.9948,0.8547,2.1401,ens_063,monthly,1993-2016
C3S,NCEP,dynamical,2026-10-01,2026-11,1,3.2015,0.9399,2.2616,ens_063,monthly,1993-2016
C3S,NCEP,dynamical,2026-10-01,2026-12,2,3.3297,1.082,2.2476,ens_063,monthly,1993-2016
C3S,NCEP,dynamical,2026-10-01,2027-01,3,2.5043,1.1249,1.3794,ens_063,monthly,1993-2016
C3S,NCEP,dynamical,2026-10-01,2027-02,4,2.3091,1.0461,1.2631,ens_063,monthly,1993-2016
C3S,NCEP,dynamical,2026-10-01,2027-03,5,1.8012,0.9971,0.8042,ens_063,monthly,1993-2016
C3S,NCEP,dynamical,2026-10-01,2026-10,0,2.9542,0.9469,2.0073,ens_064,monthly,1993-2016
C3S,NCEP,dynamical,2026-10-01,2026-11,1,3.4531,1.1176,2.3354,ens_064,monthly,1993-2016
C3S,NCEP,dynamical,2026-10-01,2026-12,2,3.2021,1.1425,2.0596,ens_064,monthly,1993-2016
C3S,NCEP,dynamical,2026-10-01,2027-01,3,2.8901,1.1094,1.7807,ens_064,monthly,1993-2016
C3S,NCEP,dynamical,2026-10-01,2027-02,4,2.6035,1.047,1.5564,ens_064,monthly,1993-2016
C3S,NCEP,dynamical,2026-10-01,2027-03,5,1.9943,1.1303,0.864,ens_064,monthly,1993-2016
C3S,NCEP,dynamical,2026-10-01,2026-10,0,2.9927,0.8902,2.1024,ens_065,monthly,1993-2016
C3S,NCEP,dynamical,2026-10-01,2026-11,1,3.3898,0.9821,2.4077,ens_065,monthly,1993-2016
C3S,NCEP,dynamical,2026-10-01,2026-12,2,3.2219,1.0234,2.1985,ens_065,monthly,1993-2016
C3S,NCEP,dynamical,2026-10-01,2027-01,3,2.491,1.0285,1.4625,ens_065,monthly,1993-2016
C3S,NCEP,dynamical,2026-10-01,2027-02,4,2.3958,0.9587,1.4372,ens_065,monthly,1993-2016
C3S,NCEP,dynamical,2026-10-01,2027-03,5,1.7751,0.889,0.8861,ens_065,monthly,1993-2016
C3S,NCEP,dynamical,2026-10-01,2026-10,0,3.0213,0.9063,2.115,ens_066,monthly,1993-2016
C3S,NCEP,dynamical,2026-10-01,2026-11,1,3.358,1.0491,2.3089,ens_066,monthly,1993-2016
C3S,NCEP,dynamical,2026-10-01,2026-12,2,3.1587,1.1498,2.0089,ens_066,monthly,1993-2016
C3S,NCEP,dynamical,2026-10-01,2027-01,3,2.7386,1.143,1.5957,ens_066,monthly,1993-2016
C3S,NCEP,dynamical,2026-10-01,2027-02,4,2.2156,1.0694,1.1462,ens_066,monthly,1993-2016
C3S,NCEP,dynamical,2026-10-01,2027-03,5,1.9306,0.8991,1.0314,ens_066,monthly,1993-2016
C3S,NCEP,dynamical,2026-10-01,2026-10,0,2.9273,0.9036,2.0237,ens_067,monthly,1993-2016
C3S,NCEP,dynamical,2026-10-01,2026-11,1,3.2547,1.0277,2.227,ens_067,monthly,1993-2016
C3S,NCEP,dynamical,2026-10-01,2026-12,2,3.586,1.1383,2.4477,ens_067,monthly,1993-2016
C3S,NCEP,dynamical,2026-10-01,2027-01,3,3.2902,1.1187,2.1715,ens_067,monthly,1993-2016
C3S,NCEP,dynamical,2026-10-01,2027-02,4,2.9322,1.0575,1.8748,ens_067,monthly,1993-2016
C3S,NCEP,dynamical,2026-10-01,2027-03,5,2.0463,0.8992,1.1471,ens_067,monthly,1993-2016
C3S,NCEP,dynamical,2026-10-01,2026-10,0,3.0341,0.8843,2.1498,ens_068,monthly,1993-2016
C3S,NCEP,dynamical,2026-10-01,2026-11,1,3.435,0.9265,2.5085,ens_068,monthly,1993-2016
C3S,NCEP,dynamical,2026-10-01,2026-12,2,3.2298,1.0176,2.2122,ens_068,monthly,1993-2016
C3S,NCEP,dynamical,2026-10-01,2027-01,3,3.2564,1.1824,2.074,ens_068,monthly,1993-2016
C3S,NCEP,dynamical,2026-10-01,2027-02,4,2.6475,1.0713,1.5762,ens_068,monthly,1993-2016
C3S,NCEP,dynamical,2026-10-01,2027-03,5,1.7695,0.9795,0.79,ens_068,monthly,1993-2016
C3S,NCEP,dynamical,2026-10-01,2026-10,0,3.0631,0.905,2.1582,ens_069,monthly,1993-2016
C3S,NCEP,dynamical,2026-10-01,2026-11,1,3.6414,0.9518,2.6896,ens_069,monthly,1993-2016
C3S,NCEP,dynamical,2026-10-01,2026-12,2,3.3973,1.0312,2.3661,ens_069,monthly,1993-2016
C3S,NCEP,dynamical,2026-10-01,2027-01,3,2.4537,1.0092,1.4445,ens_069,monthly,1993-2016
C3S,NCEP,dynamical,2026-10-01,2027-02,4,2.3488,0.9286,1.4202,ens_069,monthly,1993-2016
C3S,NCEP,dynamical,2026-10-01,2027-03,5,1.8533,0.8333,1.0199,ens_069,monthly,1993-2016
C3S,NCEP,dynamical,2026-10-01,2026-10,0,2.9697,0.9064,2.0633,ens_070,monthly,1993-2016
C3S,NCEP,dynamical,2026-10-01,2026-11,1,3.5977,1.03,2.5677,ens_070,monthly,1993-2016
C3S,NCEP,dynamical,2026-10-01,2026-12,2,3.5044,1.1006,2.4038,ens_070,monthly,1993-2016
C3S,NCEP,dynamical,2026-10-01,2027-01,3,3.0787,1.0615,2.0171,ens_070,monthly,1993-2016
C3S,NCEP,dynamical,2026-10-01,2027-02,4,2.4606,1.0068,1.4538,ens_070,monthly,1993-2016
C3S,NCEP,dynamical,2026-10-01,2027-03,5,1.9341,0.9404,0.9937,ens_070,monthly,1993-2016
C3S,NCEP,dynamical,2026-10-01,2026-10,0,3.1901,1.0226,2.1675,ens_071,monthly,1993-2016
C3S,NCEP,dynamical,2026-10-01,2026-11,1,3.6428,1.1073,2.5356,ens_071,monthly,1993-2016
C3S,NCEP,dynamical,2026-10-01,2026-12,2,3.185,1.1382,2.0468,ens_071,monthly,1993-2016
C3S,NCEP,dynamical,2026-10-01,2027-01,3,2.8119,1.1283,1.6837,ens_071,monthly,1993-2016
C3S,NCEP,dynamical,2026-10-01,2027-02,4,2.5979,0.9691,1.6287,ens_071,monthly,1993-2016
C3S,NCEP,dynamical,2026-10-01,2027-03,5,2.0168,0.8495,1.1673,ens_071,monthly,1993-2016
C3S,NCEP,dynamical,2026-10-01,2026-10,0,3.1045,0.8151,2.2894,ens_072,monthly,1993-2016
C3S,NCEP,dynamical,2026-10-01,2026-11,1,3.3693,0.8396,2.5297,ens_072,monthly,1993-2016
C3S,NCEP,dynamical,2026-10-01,2026-12,2,3.1567,0.9171,2.2396,ens_072,monthly,1993-2016
C3S,NCEP,dynamical,2026-10-01,2027-01,3,2.8119,0.9604,1.8514,ens_072,monthly,1993-2016
C3S,NCEP,dynamical,2026-10-01,2027-02,4,2.2615,0.896,1.3655,ens_072,monthly,1993-2016
C3S,NCEP,dynamical,2026-10-01,2027-03,5,1.6579,0.8653,0.7926,ens_072,monthly,1993-2016
C3S,NCEP,dynamical,2026-10-01,2026-10,0,2.89,0.8986,1.9914,ens_073,monthly,1993-2016
C3S,NCEP,dynamical,2026-10-01,2026-11,1,3.2958,1.0326,2.2632,ens_073,monthly,1993-2016
C3S,NCEP,dynamical,2026-10-01,2026-12,2,3.5171,1.1456,2.3715,ens_073,monthly,1993-2016
C3S,NCEP,dynamical,2026-10-01,2027-01,3,2.8415,1.2395,1.602,ens_073,monthly,1993-2016
C3S,NCEP,dynamical,2026-10-01,2027-02,4,2.4125,1.1375,1.275,ens_073,monthly,1993-2016
C3S,NCEP,dynamical,2026-10-01,2027-03,5,1.8793,0.901,0.9784,ens_073,monthly,1993-2016
C3S,NCEP,dynamical,2026-10-01,2026-10,0,3.1499,0.9032,2.2467,ens_074,monthly,1993-2016
C3S,NCEP,dynamical,2026-10-01,2026-11,1,3.2824,0.9939,2.2885,ens_074,monthly,1993-2016
C3S,NCEP,dynamical,2026-10-01,2026-12,2,3.2343,0.9415,2.2928,ens_074,monthly,1993-2016
C3S,NCEP,dynamical,2026-10-01,2027-01,3,2.889,0.9268,1.9622,ens_074,monthly,1993-2016
C3S,NCEP,dynamical,2026-10-01,2027-02,4,2.3479,0.8912,1.4566,ens_074,monthly,1993-2016
C3S,NCEP,dynamical,2026-10-01,2027-03,5,1.9723,0.8164,1.156,ens_074,monthly,1993-2016
C3S,NCEP,dynamical,2026-10-01,2026-10,0,2.8578,0.9523,1.9056,ens_075,monthly,1993-2016
C3S,NCEP,dynamical,2026-10-01,2026-11,1,3.1772,1.0973,2.0798,ens_075,monthly,1993-2016
C3S,NCEP,dynamical,2026-10-01,2026-12,2,3.2303,1.0883,2.142,ens_075,monthly,1993-2016
C3S,NCEP,dynamical,2026-10-01,2027-01,3,2.6596,1.0497,1.6099,ens_075,monthly,1993-2016
C3S,NCEP,dynamical,2026-10-01,2027-02,4,2.2912,1.1283,1.163,ens_075,monthly,1993-2016
C3S,NCEP,dynamical,2026-10-01,2027-03,5,1.531,1.0484,0.4826,ens_075,monthly,1993-2016
C3S,NCEP,dynamical,2026-10-01,2026-10,0,2.9072,0.9207,1.9865,ens_076,monthly,1993-2016
C3S,NCEP,dynamical,2026-10-01,2026-11,1,3.527,1.01,2.5171,ens_076,monthly,1993-2016
C3S,NCEP,dynamical,2026-10-01,2026-12,2,3.3247,1.0973,2.2274,ens_076,monthly,1993-2016
C3S,NCEP,dynamical,2026-10-01,2027-01,3,2.7242,1.1524,1.5718,ens_076,monthly,1993-2016
C3S,NCEP,dynamical,2026-10-01,2027-02,4,1.9982,1.1088,0.8894,ens_076,monthly,1993-2016
C3S,NCEP,dynamical,2026-10-01,2027-03,5,1.6169,1.0742,0.5427,ens_076,monthly,1993-2016
C3S,NCEP,dynamical,2026-10-01,2026-10,0,3.1077,0.941,2.1667,ens_077,monthly,1993-2016
C3S,NCEP,dynamical,2026-10-01,2026-11,1,3.4005,1.0031,2.3974,ens_077,monthly,1993-2016
C3S,NCEP,dynamical,2026-10-01,2026-12,2,3.2076,0.9698,2.2378,ens_077,monthly,1993-2016
C3S,NCEP,dynamical,2026-10-01,2027-01,3,2.7861,0.9987,1.7873,ens_077,monthly,1993-2016
C3S,NCEP,dynamical,2026-10-01,2027-02,4,1.9714,0.9924,0.979,ens_077,monthly,1993-2016
C3S,NCEP,dynamical,2026-10-01,2027-03,5,1.316,0.9565,0.3595,ens_077,monthly,1993-2016
C3S,NCEP,dynamical,2026-10-01,2026-10,0,3.0215,0.9032,2.1183,ens_078,monthly,1993-2016
C3S,NCEP,dynamical,2026-10-01,2026-11,1,3.4031,0.9346,2.4685,ens_078,monthly,1993-2016
C3S,NCEP,dynamical,2026-10-01,2026-12,2,3.19,0.9884,2.2016,ens_078,monthly,1993-2016
C3S,NCEP,dynamical,2026-10-01,2027-01,3,2.8775,0.9137,1.9639,ens_078,monthly,1993-2016
C3S,NCEP,dynamical,2026-10-01,2027-02,4,2.3664,0.9032,1.4631,ens_078,monthly,1993-2016
C3S,NCEP,dynamical,2026-10-01,2027-03,5,1.9864,0.8881,1.0984,ens_078,monthly,1993-2016
C3S,NCEP,dynamical,2026-10-01,2026-10,0,3.0767,0.9444,2.1324,ens_079,monthly,1993-2016
C3S,NCEP,dynamical,2026-10-01,2026-11,1,3.2724,1.0788,2.1936,ens_079,monthly,1993-2016
C3S,NCEP,dynamical,2026-10-01,2026-12,2,3.239,1.0653,2.1737,ens_079,monthly,1993-2016
C3S,NCEP,dynamical,2026-10-01,2027-01,3,2.7129,1.0506,1.6623,ens_079,monthly,1993-2016
C3S,NCEP,dynamical,2026-10-01,2027-02,4,2.3579,1.0451,1.3128,ens_079,monthly,1993-2016
C3S,NCEP,dynamical,2026-10-01,2027-03,5,1.9366,1.024,0.9126,ens_079,monthly,1993-2016
C3S,NCEP,dynamical,2026-10-01,2026-10,0,3.0367,0.8997,2.137,ens_080,monthly,1993-2016
C3S,NCEP,dynamical,2026-10-01,2026-11,1,3.347,0.9727,2.3743,ens_080,monthly,1993-2016
C3S,NCEP,dynamical,2026-10-01,2026-12,2,3.3335,1.0288,2.3047,ens_080,monthly,1993-2016
C3S,NCEP,dynamical,2026-10-01,2027-01,3,2.5625,1.0885,1.474,ens_080,monthly,1993-2016
C3S,NCEP,dynamical,2026-10-01,2027-02,4,2.4531,0.9853,1.4679,ens_080,monthly,1993-2016
C3S,NCEP,dynamical,2026-10-01,2027-03,5,1.7741,0.8947,0.8794,ens_080,monthly,1993-2016
C3S,NCEP,dynamical,2026-10-01,2026-10,0,3.0336,0.9111,2.1226,ens_081,monthly,1993-2016
C3S,NCEP,dynamical,2026-10-01,2026-11,1,3.5319,1.083,2.4489,ens_081,monthly,1993-2016
C3S,NCEP,dynamical,2026-10-01,2026-12,2,3.5467,1.0995,2.4472,ens_081,monthly,1993-2016
C3S,NCEP,dynamical,2026-10-01,2027-01,3,2.8142,1.1133,1.7009,ens_081,monthly,1993-2016
C3S,NCEP,dynamical,2026-10-01,2027-02,4,2.3243,1.0507,1.2736,ens_081,monthly,1993-2016
C3S,NCEP,dynamical,2026-10-01,2027-03,5,1.6862,0.942,0.7442,ens_081,monthly,1993-2016
C3S,NCEP,dynamical,2026-10-01,2026-10,0,2.7694,0.9194,1.85,ens_082,monthly,1993-2016
C3S,NCEP,dynamical,2026-10-01,2026-11,1,3.2276,1.1132,2.1144,ens_082,monthly,1993-2016
C3S,NCEP,dynamical,2026-10-01,2026-12,2,3.4131,1.0415,2.3716,ens_082,monthly,1993-2016
C3S,NCEP,dynamical,2026-10-01,2027-01,3,2.8093,1.1014,1.7079,ens_082,monthly,1993-2016
C3S,NCEP,dynamical,2026-10-01,2027-02,4,2.2546,1.1454,1.1092,ens_082,monthly,1993-2016
C3S,NCEP,dynamical,2026-10-01,2027-03,5,1.9652,1.0154,0.9497,ens_082,monthly,1993-2016
C3S,NCEP,dynamical,2026-10-01,2026-10,0,2.9389,0.9179,2.021,ens_083,monthly,1993-2016
C3S,NCEP,dynamical,2026-10-01,2026-11,1,3.26,1.046,2.2141,ens_083,monthly,1993-2016
C3S,NCEP,dynamical,2026-10-01,2026-12,2,3.5381,1.1382,2.3998,ens_083,monthly,1993-2016
C3S,NCEP,dynamical,2026-10-01,2027-01,3,2.9669,1.1315,1.8354,ens_083,monthly,1993-2016
C3S,NCEP,dynamical,2026-10-01,2027-02,4,2.1052,1.0915,1.0137,ens_083,monthly,1993-2016
C3S,NCEP,dynamical,2026-10-01,2027-03,5,2.0316,0.9954,1.0362,ens_083,monthly,1993-2016
C3S,NCEP,dynamical,2026-10-01,2026-10,0,2.9165,0.946,1.9705,ens_084,monthly,1993-2016
C3S,NCEP,dynamical,2026-10-01,2026-11,1,3.2371,1.0374,2.1998,ens_084,monthly,1993-2016
C3S,NCEP,dynamical,2026-10-01,2026-12,2,3.4154,1.0617,2.3537,ens_084,monthly,1993-2016
C3S,NCEP,dynamical,2026-10-01,2027-01,3,2.8485,1.0876,1.7608,ens_084,monthly,1993-2016
C3S,NCEP,dynamical,2026-10-01,2027-02,4,2.1993,1.0084,1.1908,ens_084,monthly,1993-2016
C3S,NCEP,dynamical,2026-10-01,2027-03,5,1.7679,0.8538,0.9141,ens_084,monthly,1993-2016
C3S,NCEP,dynamical,2026-10-01,2026-10,0,3.1808,0.8625,2.3183,ens_085,monthly,1993-2016
C3S,NCEP,dynamical,2026-10-01,2026-11,1,3.8609,1.0261,2.8348,ens_085,monthly,1993-2016
C3S,NCEP,dynamical,2026-10-01,2026-12,2,3.8404,1.0527,2.7877,ens_085,monthly,1993-2016
C3S,NCEP,dynamical,2026-10-01,2027-01,3,2.9852,1.0167,1.9685,ens_085,monthly,1993-2016
C3S,NCEP,dynamical,2026-10-01,2027-02,4,2.306,1.1114,1.1946,ens_085,monthly,1993-2016
C3S,NCEP,dynamical,2026-10-01,2027-03,5,2.2019,1.1007,1.1012,ens_085,monthly,1993-2016
C3S,NCEP,dynamical,2026-10-01,2026-10,0,3.1015,0.9672,2.1342,ens_086,monthly,1993-2016
C3S,NCEP,dynamical,2026-10-01,2026-11,1,3.6799,1.0325,2.6474,ens_086,monthly,1993-2016
C3S,NCEP,dynamical,2026-10-01,2026-12,2,3.3041,1.0673,2.2368,ens_086,monthly,1993-2016
C3S,NCEP,dynamical,2026-10-01,2027-01,3,2.7559,1.0174,1.7385,ens_086,monthly,1993-2016
C3S,NCEP,dynamical,2026-10-01,2027-02,4,2.3972,0.9751,1.4221,ens_086,monthly,1993-2016
C3S,NCEP,dynamical,2026-10-01,2027-03,5,1.8893,0.834,1.0553,ens_086,monthly,1993-2016
C3S,NCEP,dynamical,2026-10-01,2026-10,0,2.9155,0.9387,1.9767,ens_087,monthly,1993-2016
C3S,NCEP,dynamical,2026-10-01,2026-11,1,3.1988,1.0792,2.1196,ens_087,monthly,1993-2016
C3S,NCEP,dynamical,2026-10-01,2026-12,2,3.056,1.118,1.938,ens_087,monthly,1993-2016
C3S,NCEP,dynamical,2026-10-01,2027-01,3,2.3088,1.1183,1.1905,ens_087,monthly,1993-2016
C3S,NCEP,dynamical,2026-10-01,2027-02,4,2.056,1.1226,0.9334,ens_087,monthly,1993-2016
C3S,NCEP,dynamical,2026-10-01,2027-03,5,1.4209,0.9554,0.4655,ens_087,monthly,1993-2016
C3S,NCEP,dynamical,2026-10-01,2026-10,0,3.0515,0.898,2.1535,ens_088,monthly,1993-2016
C3S,NCEP,dynamical,2026-10-01,2026-11,1,3.5501,1.0872,2.4629,ens_088,monthly,1993-2016
C3S,NCEP,dynamical,2026-10-01,2026-12,2,3.3633,1.1245,2.2389,ens_088,monthly,1993-2016
C3S,NCEP,dynamical,2026-10-01,2027-01,3,2.9583,1.1962,1.7621,ens_088,monthly,1993-2016
C3S,NCEP,dynamical,2026-10-01,2027-02,4,2.4426,1.0845,1.3581,ens_088,monthly,1993-2016
C3S,NCEP,dynamical,2026-10-01,2027-03,5,1.5354,0.8698,0.6656,ens_088,monthly,1993-2016
C3S,NCEP,dynamical,2026-10-01,2026-10,0,3.0961,0.9561,2.14,ens_089,monthly,1993-2016
C3S,NCEP,dynamical,2026-10-01,2026-11,1,3.5431,1.1202,2.4229,ens_089,monthly,1993-2016
C3S,NCEP,dynamical,2026-10-01,2026-12,2,3.5426,1.1778,2.3648,ens_089,monthly,1993-2016
C3S,NCEP,dynamical,2026-10-01,2027-01,3,2.4507,1.2183,1.2324,ens_089,monthly,1993-2016
C3S,NCEP,dynamical,2026-10-01,2027-02,4,2.0883,1.0714,1.0169,ens_089,monthly,1993-2016
C3S,NCEP,dynamical,2026-10-01,2027-03,5,1.555,0.9872,0.5678,ens_089,monthly,1993-2016
C3S,NCEP,dynamical,2026-10-01,2026-10,0,2.9309,0.9308,2.0001,ens_090,monthly,1993-2016
C3S,NCEP,dynamical,2026-10-01,2026-11,1,3.5911,1.08,2.5111,ens_090,monthly,1993-2016
C3S,NCEP,dynamical,2026-10-01,2026-12,2,3.4807,1.1399,2.3408,ens_090,monthly,1993-2016
C3S,NCEP,dynamical,2026-10-01,2027-01,3,2.6402,1.0744,1.5658,ens_090,monthly,1993-2016
C3S,NCEP,dynamical,2026-10-01,2027-02,4,2.5259,0.9582,1.5677,ens_090,monthly,1993-2016
C3S,NCEP,dynamical,2026-10-01,2027-03,5,2.2684,0.939,1.3295,ens_090,monthly,1993-2016
C3S,NCEP,dynamical,2026-10-01,2026-10,0,3.0457,0.8239,2.2219,ens_091,monthly,1993-2016
C3S,NCEP,dynamical,2026-10-01,2026-11,1,3.6059,1.0405,2.5654,ens_091,monthly,1993-2016
C3S,NCEP,dynamical,2026-10-01,2026-12,2,3.3631,1.1576,2.2054,ens_091,monthly,1993-2016
C3S,NCEP,dynamical,2026-10-01,2027-01,3,3.1762,1.1142,2.062,ens_091,monthly,1993-2016
C3S,NCEP,dynamical,2026-10-01,2027-02,4,2.4853,1.0905,1.3948,ens_091,monthly,1993-2016
C3S,NCEP,dynamical,2026-10-01,2027-03,5,1.6437,0.9658,0.6778,ens_091,monthly,1993-2016
C3S,NCEP,dynamical,2026-10-01,2026-10,0,3.0857,0.9251,2.1606,ens_092,monthly,1993-2016
C3S,NCEP,dynamical,2026-10-01,2026-11,1,3.3941,1.1797,2.2144,ens_092,monthly,1993-2016
C3S,NCEP,dynamical,2026-10-01,2026-12,2,3.1899,1.2249,1.965,ens_092,monthly,1993-2016
C3S,NCEP,dynamical,2026-10-01,2027-01,3,2.6508,1.2072,1.4436,ens_092,monthly,1993-2016
C3S,NCEP,dynamical,2026-10-01,2027-02,4,2.3013,1.1662,1.1351,ens_092,monthly,1993-2016
C3S,NCEP,dynamical,2026-10-01,2027-03,5,1.5361,1.0754,0.4606,ens_092,monthly,1993-2016
C3S,NCEP,dynamical,2026-10-01,2026-10,0,3.0249,0.8587,2.1662,ens_093,monthly,1993-2016
C3S,NCEP,dynamical,2026-10-01,2026-11,1,3.2607,1.0283,2.2324,ens_093,monthly,1993-2016
C3S,NCEP,dynamical,2026-10-01,2026-12,2,3.5187,1.1119,2.4068,ens_093,monthly,1993-2016
C3S,NCEP,dynamical,2026-10-01,2027-01,3,2.9078,1.0466,1.8612,ens_093,monthly,1993-2016
C3S,NCEP,dynamical,2026-10-01,2027-02,4,2.8048,1.0237,1.7811,ens_093,monthly,1993-2016
C3S,NCEP,dynamical,2026-10-01,2027-03,5,2.2781,0.9124,1.3657,ens_093,monthly,1993-2016
C3S,NCEP,dynamical,2026-10-01,2026-10,0,3.1582,0.8763,2.2819,ens_094,monthly,1993-2016
C3S,NCEP,dynamical,2026-10-01,2026-11,1,2.9857,0.916,2.0697,ens_094,monthly,1993-2016
C3S,NCEP,dynamical,2026-10-01,2026-12,2,2.98,1.0326,1.9474,ens_094,monthly,1993-2016
C3S,NCEP,dynamical,2026-10-01,2027-01,3,2.6057,1.032,1.5737,ens_094,monthly,1993-2016
C3S,NCEP,dynamical,2026-10-01,2027-02,4,2.0058,1.0173,0.9885,ens_094,monthly,1993-2016
C3S,NCEP,dynamical,2026-10-01,2027-03,5,1.7984,1.024,0.7744,ens_094,monthly,1993-2016
C3S,NCEP,dynamical,2026-10-01,2026-10,0,2.9575,0.8773,2.0802,ens_095,monthly,1993-2016
C3S,NCEP,dynamical,2026-10-01,2026-11,1,3.3511,1.0374,2.3137,ens_095,monthly,1993-2016
C3S,NCEP,dynamical,2026-10-01,2026-12,2,3.3218,1.0376,2.2842,ens_095,monthly,1993-2016
C3S,NCEP,dynamical,2026-10-01,2027-01,3,2.6061,1.1545,1.4517,ens_095,monthly,1993-2016
C3S,NCEP,dynamical,2026-10-01,2027-02,4,2.4704,1.0818,1.3886,ens_095,monthly,1993-2016
C3S,NCEP,dynamical,2026-10-01,2027-03,5,1.8433,0.9637,0.8796,ens_095,monthly,1993-2016
C3S,NCEP,dynamical,2026-10-01,2026-10,0,3.3106,0.9497,2.3609,ens_096,monthly,1993-2016
C3S,NCEP,dynamical,2026-10-01,2026-11,1,3.8467,1.0834,2.7633,ens_096,monthly,1993-2016
C3S,NCEP,dynamical,2026-10-01,2026-12,2,3.2825,1.133,2.1495,ens_096,monthly,1993-2016
C3S,NCEP,dynamical,2026-10-01,2027-01,3,2.7065,1.0956,1.6109,ens_096,monthly,1993-2016
C3S,NCEP,dynamical,2026-10-01,2027-02,4,2.2652,1.0488,1.2165,ens_096,monthly,1993-2016
C3S,NCEP,dynamical,2026-10-01,2027-03,5,1.4701,0.9179,0.5522,ens_096,monthly,1993-2016
C3S,NCEP,dynamical,2026-10-01,2026-10,0,3.1336,0.9291,2.2045,ens_097,monthly,1993-2016
C3S,NCEP,dynamical,2026-10-01,2026-11,1,3.4536,1.0407,2.413,ens_097,monthly,1993-2016
C3S,NCEP,dynamical,2026-10-01,2026-12,2,3.6037,1.1089,2.4948,ens_097,monthly,1993-2016
C3S,NCEP,dynamical,2026-10-01,2027-01,3,2.8029,1.1674,1.6356,ens_097,monthly,1993-2016
C3S,NCEP,dynamical,2026-10-01,2027-02,4,2.4019,1.1066,1.2952,ens_097,monthly,1993-2016
C3S,NCEP,dynamical,2026-10-01,2027-03,5,1.9326,0.9798,0.9528,ens_097,monthly,1993-2016
C3S,NCEP,dynamical,2026-10-01,2026-10,0,3.0474,1.0013,2.0461,ens_098,monthly,1993-2016
C3S,NCEP,dynamical,2026-10-01,2026-11,1,3.4462,1.1454,2.3008,ens_098,monthly,1993-2016
C3S,NCEP,dynamical,2026-10-01,2026-12,2,3.2539,1.2279,2.0259,ens_098,monthly,1993-2016
C3S,NCEP,dynamical,2026-10-01,2027-01,3,2.8019,1.2635,1.5385,ens_098,monthly,1993-2016
C3S,NCEP,dynamical,2026-10-01,2027-02,4,2.6489,1.2207,1.4281,ens_098,monthly,1993-2016
C3S,NCEP,dynamical,2026-10-01,2027-03,5,2.046,1.1131,0.9329,ens_098,monthly,1993-2016
C3S,NCEP,dynamical,2026-10-01,2026-10,0,2.9856,0.9246,2.0611,ens_099,monthly,1993-2016
C3S,NCEP,dynamical,2026-10-01,2026-11,1,3.8145,1.0954,2.7191,ens_099,monthly,1993-2016
C3S,NCEP,dynamical,2026-10-01,2026-12,2,3.2057,1.1114,2.0943,ens_099,monthly,1993-2016
C3S,NCEP,dynamical,2026-10-01,2027-01,3,2.7313,1.1757,1.5556,ens_099,monthly,1993-2016
C3S,NCEP,dynamical,2026-10-01,2027-02,4,2.7125,1.0473,1.6652,ens_099,monthly,1993-2016
C3S,NCEP,dynamical,2026-10-01,2027-03,5,2.1569,1.1349,1.0219,ens_099,monthly,1993-2016
C3S,NCEP,dynamical,2026-10-01,2026-10,0,2.9288,0.821,2.1078,ens_100,monthly,1993-2016
C3S,NCEP,dynamical,2026-10-01,2026-11,1,3.433,0.9761,2.4569,ens_100,monthly,1993-2016
C3S,NCEP,dynamical,2026-10-01,2026-12,2,3.6676,1.1228,2.5448,ens_100,monthly,1993-2016
C3S,NCEP,dynamical,2026-10-01,2027-01,3,2.7922,1.1465,1.6457,ens_100,monthly,1993-2016
C3S,NCEP,dynamical,2026-10-01,2027-02,4,2.3003,1.155,1.1453,ens_100,monthly,1993-2016
C3S,NCEP,dynamical,2026-10-01,2027-03,5,1.8348,1.0313,0.8035,ens_100,monthly,1993-2016
C3S,NCEP,dynamical,2026-10-01,2026-10,0,3.0203,0.9541,2.0662,ens_101,monthly,1993-2016
C3S,NCEP,dynamical,2026-10-01,2026-11,1,3.5051,1.0873,2.4178,ens_101,monthly,1993-2016
C3S,NCEP,dynamical,2026-10-01,2026-12,2,3.517,1.1383,2.3787,ens_101,monthly,1993-2016
C3S,NCEP,dynamical,2026-10-01,2027-01,3,2.8212,1.0709,1.7504,ens_101,monthly,1993-2016
C3S,NCEP,dynamical,2026-10-01,2027-02,4,2.4196,1.013,1.4066,ens_101,monthly,1993-2016
C3S,NCEP,dynamical,2026-10-01,2027-03,5,1.6473,1.0406,0.6067,ens_101,monthly,1993-2016
C3S,NCEP,dynamical,2026-10-01,2026-10,0,3.115,0.9546,2.1604,ens_102,monthly,1993-2016
C3S,NCEP,dynamical,2026-10-01,2026-11,1,3.6438,1.0123,2.6315,ens_102,monthly,1993-2016
C3S,NCEP,dynamical,2026-10-01,2026-12,2,3.4908,1.1396,2.3512,ens_102,monthly,1993-2016
C3S,NCEP,dynamical,2026-10-01,2027-01,3,2.9753,1.1615,1.8138,ens_102,monthly,1993-2016
C3S,NCEP,dynamical,2026-10-01,2027-02,4,2.3823,1.102,1.2803,ens_102,monthly,1993-2016
C3S,NCEP,dynamical,2026-10-01,2027-03,5,2.1876,1.0939,1.0937,ens_102,monthly,1993-2016
C3S,NCEP,dynamical,2026-10-01,2026-10,0,3.0582,0.9416,2.1166,ens_103,monthly,1993-2016
C3S,NCEP,dynamical,2026-10-01,2026-11,1,3.4679,1.0676,2.4003,ens_103,monthly,1993-2016
C3S,NCEP,dynamical,2026-10-01,2026-12,2,3.4512,1.105,2.3461,ens_103,monthly,1993-2016
C3S,NCEP,dynamical,2026-10-01,2027-01,3,2.7886,1.1527,1.6359,ens_103,monthly,1993-2016
C3S,NCEP,dynamical,2026-10-01,2027-02,4,2.4336,1.1177,1.3159,ens_103,monthly,1993-2016
C3S,NCEP,dynamical,2026-10-01,2027-03,5,1.8486,0.9942,0.8545,ens_103,monthly,1993-2016
C3S,NCEP,dynamical,2026-10-01,2026-10,0,2.9318,0.8638,2.068,ens_104,monthly,1993-2016
C3S,NCEP,dynamical,2026-10-01,2026-11,1,3.6675,1.1284,2.5391,ens_104,monthly,1993-2016
C3S,NCEP,dynamical,2026-10-01,2026-12,2,3.3359,1.2464,2.0895,ens_104,monthly,1993-2016
C3S,NCEP,dynamical,2026-10-01,2027-01,3,2.9589,1.1834,1.7755,ens_104,monthly,1993-2016
C3S,NCEP,dynamical,2026-10-01,2027-02,4,2.1052,1.1153,0.9899,ens_104,monthly,1993-2016
C3S,NCEP,dynamical,2026-10-01,2027-03,5,1.6484,1.0906,0.5578,ens_104,monthly,1993-2016
C3S,NCEP,dynamical,2026-10-01,2026-10,0,3.2738,1.0066,2.2672,ens_105,monthly,1993-2016
C3S,NCEP,dynamical,2026-10-01,2026-11,1,3.7096,1.2166,2.493,ens_105,monthly,1993-2016
C3S,NCEP,dynamical,2026-10-01,2026-12,2,3.4694,1.2454,2.224,ens_105,monthly,1993-2016
C3S,NCEP,dynamical,2026-10-01,2027-01,3,3.0233,1.2449,1.7785,ens_105,monthly,1993-2016
C3S,NCEP,dynamical,2026-10-01,2027-02,4,2.4551,1.1333,1.3218,ens_105,monthly,1993-2016
C3S,NCEP,dynamical,2026-10-01,2027-03,5,1.2136,0.9556,0.258,ens_105,monthly,1993-2016
C3S,NCEP,dynamical,2026-10-01,2026-10,0,3.1694,0.9273,2.2422,ens_106,monthly,1993-2016
C3S,NCEP,dynamical,2026-10-01,2026-11,1,3.4896,0.9529,2.5367,ens_106,monthly,1993-2016
C3S,NCEP,dynamical,2026-10-01,2026-12,2,3.4606,0.9437,2.5169,ens_106,monthly,1993-2016
C3S,NCEP,dynamical,2026-10-01,2027-01,3,2.3588,1.0357,1.3231,ens_106,monthly,1993-2016
C3S,NCEP,dynamical,2026-10-01,2027-02,4,2.0846,0.9769,1.1077,ens_106,monthly,1993-2016
C3S,NCEP,dynamical,2026-10-01,2027-03,5,1.3756,0.8579,0.5178,ens_106,monthly,1993-2016
C3S,NCEP,dynamical,2026-10-01,2026-10,0,3.3127,1.0014,2.3113,ens_107,monthly,1993-2016
C3S,NCEP,dynamical,2026-10-01,2026-11,1,3.8241,1.1389,2.6852,ens_107,monthly,1993-2016
C3S,NCEP,dynamical,2026-10-01,2026-12,2,3.2562,1.2005,2.0557,ens_107,monthly,1993-2016
C3S,NCEP,dynamical,2026-10-01,2027-01,3,2.7925,1.2044,1.5881,ens_107,monthly,1993-2016
C3S,NCEP,dynamical,2026-10-01,2027-02,4,2.3394,1.083,1.2564,ens_107,monthly,1993-2016
C3S,NCEP,dynamical,2026-10-01,2027-03,5,1.6289,0.9756,0.6533,ens_107,monthly,1993-2016
C3S,NCEP,dynamical,2026-10-01,2026-10,0,3.2147,0.9534,2.2613,ens_108,monthly,1993-2016
C3S,NCEP,dynamical,2026-10-01,2026-11,1,3.8953,1.1429,2.7524,ens_108,monthly,1993-2016
C3S,NCEP,dynamical,2026-10-01,2026-12,2,3.6615,1.0709,2.5906,ens_108,monthly,1993-2016
C3S,NCEP,dynamical,2026-10-01,2027-01,3,2.7582,1.0418,1.7164,ens_108,monthly,1993-2016
C3S,NCEP,dynamical,2026-10-01,2027-02,4,2.0862,0.9949,1.0913,ens_108,monthly,1993-2016
C3S,NCEP,dynamical,2026-10-01,2027-03,5,1.4225,0.9548,0.4678,ens_108,monthly,1993-2016
C3S,NCEP,dynamical,2026-10-01,2026-10,0,3.0573,0.9422,2.1151,ens_109,monthly,1993-2016
C3S,NCEP,dynamical,2026-10-01,2026-11,1,3.848,1.1075,2.7405,ens_109,monthly,1993-2016
C3S,NCEP,dynamical,2026-10-01,2026-12,2,3.4307,1.1263,2.3044,ens_109,monthly,1993-2016
C3S,NCEP,dynamical,2026-10-01,2027-01,3,2.8848,1.1429,1.7419,ens_109,monthly,1993-2016
C3S,NCEP,dynamical,2026-10-01,2027-02,4,1.9366,1.0404,0.8961,ens_109,monthly,1993-2016
C3S,NCEP,dynamical,2026-10-01,2027-03,5,1.9927,1.0071,0.9856,ens_109,monthly,1993-2016
C3S,NCEP,dynamical,2026-10-01,2026-10,0,3.0958,0.9822,2.1136,ens_110,monthly,1993-2016
C3S,NCEP,dynamical,2026-10-01,2026-11,1,3.5438,1.094,2.4499,ens_110,monthly,1993-2016
C3S,NCEP,dynamical,2026-10-01,2026-12,2,3.2699,1.0971,2.1728,ens_110,monthly,1993-2016
C3S,NCEP,dynamical,2026-10-01,2027-01,3,2.7966,1.023,1.7736,ens_110,monthly,1993-2016
C3S,NCEP,dynamical,2026-10-01,2027-02,4,2.1872,1.0105,1.1767,ens_110,monthly,1993-2016
C3S,NCEP,dynamical,2026-10-01,2027-03,5,1.7491,0.8876,0.8615,ens_110,monthly,1993-2016
C3S,NCEP,dynamical,2026-10-01,2026-10,0,3.2372,0.9979,2.2393,ens_111,monthly,1993-2016
C3S,NCEP,dynamical,2026-10-01,2026-11,1,3.7207,1.1274,2.5933,ens_111,monthly,1993-2016
C3S,NCEP,dynamical,2026-10-01,2026-12,2,3.6581,1.0879,2.5702,ens_111,monthly,1993-2016
C3S,NCEP,dynamical,2026-10-01,2027-01,3,3.0053,1.0837,1.9216,ens_111,monthly,1993-2016
C3S,NCEP,dynamical,2026-10-01,2027-02,4,2.6673,1.0994,1.5679,ens_111,monthly,1993-2016
C3S,NCEP,dynamical,2026-10-01,2027-03,5,2.3879,1.0789,1.309,ens_111,monthly,1993-2016
C3S,NCEP,dynamical,2026-10-01,2026-10,0,3.0095,0.9405,2.069,ens_112,monthly,1993-2016
C3S,NCEP,dynamical,2026-10-01,2026-11,1,3.6826,1.0412,2.6415,ens_112,monthly,1993-2016
C3S,NCEP,dynamical,2026-10-01,2026-12,2,3.3575,1.0189,2.3387,ens_112,monthly,1993-2016
C3S,NCEP,dynamical,2026-10-01,2027-01,3,3.0226,1.0774,1.9452,ens_112,monthly,1993-2016
C3S,NCEP,dynamical,2026-10-01,2027-02,4,2.2722,0.9799,1.2923,ens_112,monthly,1993-2016
C3S,NCEP,dynamical,2026-10-01,2027-03,5,1.9118,0.9212,0.9906,ens_112,monthly,1993-2016
C3S,NCEP,dynamical,2026-10-01,2026-10,0,3.2062,0.8738,2.3324,ens_113,monthly,1993-2016
C3S,NCEP,dynamical,2026-10-01,2026-11,1,3.7354,0.9585,2.7769,ens_113,monthly,1993-2016
C3S,NCEP,dynamical,2026-10-01,2026-12,2,3.4833,0.9993,2.484,ens_113,monthly,1993-2016
C3S,NCEP,dynamical,2026-10-01,2027-01,3,2.6806,1.034,1.6466,ens_113,monthly,1993-2016
C3S,NCEP,dynamical,2026-10-01,2027-02,4,2.4646,0.9918,1.4728,ens_113,monthly,1993-2016
C3S,NCEP,dynamical,2026-10-01,2027-03,5,1.9159,0.9638,0.9521,ens_113,monthly,1993-2016
C3S,NCEP,dynamical,2026-10-01,2026-10,0,3.0384,0.8624,2.176,ens_114,monthly,1993-2016
C3S,NCEP,dynamical,2026-10-01,2026-11,1,3.3473,1.1316,2.2157,ens_114,monthly,1993-2016
C3S,NCEP,dynamical,2026-10-01,2026-12,2,3.1932,1.1636,2.0296,ens_114,monthly,1993-2016
C3S,NCEP,dynamical,2026-10-01,2027-01,3,2.7911,1.0947,1.6963,ens_114,monthly,1993-2016
C3S,NCEP,dynamical,2026-10-01,2027-02,4,2.4633,1.07,1.3933,ens_114,monthly,1993-2016
C3S,NCEP,dynamical,2026-10-01,2027-03,5,1.841,1.0185,0.8225,ens_114,monthly,1993-2016
C3S,NCEP,dynamical,2026-10-01,2026-10,0,3.1434,0.9396,2.2038,ens_115,monthly,1993-2016
C3S,NCEP,dynamical,2026-10-01,2026-11,1,3.687,1.116,2.571,ens_115,monthly,1993-2016
C3S,NCEP,dynamical,2026-10-01,2026-12,2,3.6192,1.0868,2.5324,ens_115,monthly,1993-2016
C3S,NCEP,dynamical,2026-10-01,2027-01,3,2.6753,1.1396,1.5357,ens_115,monthly,1993-2016
C3S,NCEP,dynamical,2026-10-01,2027-02,4,2.5064,1.0547,1.4517,ens_115,monthly,1993-2016
C3S,NCEP,dynamical,2026-10-01,2027-03,5,1.8048,0.985,0.8197,ens_115,monthly,1993-2016
C3S,NCEP,dynamical,2026-10-01,2026-10,0,3.0484,0.9707,2.0777,ens_116,monthly,1993-2016
C3S,NCEP,dynamical,2026-10-01,2026-11,1,3.8238,1.196,2.6278,ens_116,monthly,1993-2016
C3S,NCEP,dynamical,2026-10-01,2026-12,2,3.7996,1.2613,2.5383,ens_116,monthly,1993-2016
C3S,NCEP,dynamical,2026-10-01,2027-01,3,3.2367,1.2544,1.9822,ens_116,monthly,1993-2016
C3S,NCEP,dynamical,2026-10-01,2027-02,4,2.5296,1.1489,1.3807,ens_116,monthly,1993-2016
C3S,NCEP,dynamical,2026-10-01,2027-03,5,1.8116,1.0691,0.7425,ens_116,monthly,1993-2016
C3S,NCEP,dynamical,2026-10-01,2026-10,0,3.1973,0.9589,2.2384,ens_117,monthly,1993-2016
C3S,NCEP,dynamical,2026-10-01,2026-11,1,3.7071,1.1386,2.5685,ens_117,monthly,1993-2016
C3S,NCEP,dynamical,2026-10-01,2026-12,2,3.4867,1.1663,2.3204,ens_117,monthly,1993-2016
C3S,NCEP,dynamical,2026-10-01,2027-01,3,2.4903,1.0615,1.4289,ens_117,monthly,1993-2016
C3S,NCEP,dynamical,2026-10-01,2027-02,4,2.0281,1.0133,1.0149,ens_117,monthly,1993-2016
C3S,NCEP,dynamical,2026-10-01,2027-03,5,1.3428,0.797,0.5458,ens_117,monthly,1993-2016
C3S,NCEP,dynamical,2026-10-01,2026-10,0,2.931,0.9806,1.9503,ens_118,monthly,1993-2016
C3S,NCEP,dynamical,2026-10-01,2026-11,1,3.5162,1.0966,2.4196,ens_118,monthly,1993-2016
C3S,NCEP,dynamical,2026-10-01,2026-12,2,3.3539,1.0636,2.2903,ens_118,monthly,1993-2016
C3S,NCEP,dynamical,2026-10-01,2027-01,3,2.5355,0.9738,1.5617,ens_118,monthly,1993-2016
C3S,NCEP,dynamical,2026-10-01,2027-02,4,2.3676,0.958,1.4096,ens_118,monthly,1993-2016
C3S,NCEP,dynamical,2026-10-01,2027-03,5,1.9587,0.8489,1.1098,ens_118,monthly,1993-2016
C3S,NCEP,dynamical,2026-10-01,2026-10,0,3.2156,0.9657,2.2499,ens_119,monthly,1993-2016
C3S,NCEP,dynamical,2026-10-01,2026-11,1,3.7044,1.0527,2.6517,ens_119,monthly,1993-2016
C3S,NCEP,dynamical,2026-10-01,2026-12,2,3.2902,1.1403,2.1499,ens_119,monthly,1993-2016
C3S,NCEP,dynamical,2026-10-01,2027-01,3,3.0243,1.1436,1.8807,ens_119,monthly,1993-2016
C3S,NCEP,dynamical,2026-10-01,2027-02,4,2.4344,1.0455,1.3889,ens_119,monthly,1993-2016
C3S,NCEP,dynamical,2026-10-01,2027-03,5,1.5946,0.9791,0.6155,ens_119,monthly,1993-2016
C3S,NCEP,dynamical,2026-10-01,2026-10,0,3.1192,0.9082,2.211,mean,monthly,1993-2016
C3S,NCEP,dynamical,2026-10-01,2026-11,1,3.471,1.0506,2.4204,mean,monthly,1993-2016
C3S,NCEP,dynamical,2026-10-01,2026-12,2,3.3701,1.0995,2.2706,mean,monthly,1993-2016
C3S,NCEP,dynamical,2026-10-01,2027-01,3,2.7878,1.0974,1.6905,mean,monthly,1993-2016
C3S,NCEP,dynamical,2026-10-01,2027-02,4,2.3677,1.038,1.3297,mean,monthly,1993-2016
C3S,NCEP,dynamical,2026-10-01,2027-03,5,1.8506,0.9571,0.8935,mean,monthly,1993-2016
C3S,BOM,dynamical,2026-10-01,2026-10,0,3.7554,1.3139,2.4415,ens_000,monthly,1993-2016
C3S,BOM,dynamical,2026-10-01,2026-11,1,4.1941,1.541,2.6531,ens_000,monthly,1993-2016
C3S,BOM,dynamical,2026-10-01,2026-12,2,4.2349,1.6304,2.6045,ens_000,monthly,1993-2016
C3S,BOM,dynamical,2026-10-01,2027-01,3,4.0919,1.6243,2.4676,ens_000,monthly,1993-2016
C3S,BOM,dynamical,2026-10-01,2027-02,4,3.5876,1.5105,2.0771,ens_000,monthly,1993-2016
C3S,BOM,dynamical,2026-10-01,2027-03,5,2.6347,1.5579,1.0768,ens_000,monthly,1993-2016
C3S,BOM,dynamical,2026-10-01,2026-10,0,3.8879,1.32,2.5679,ens_001,monthly,1993-2016
C3S,BOM,dynamical,2026-10-01,2026-11,1,4.3664,1.4835,2.883,ens_001,monthly,1993-2016
C3S,BOM,dynamical,2026-10-01,2026-12,2,4.3631,1.619,2.7441,ens_001,monthly,1993-2016
C3S,BOM,dynamical,2026-10-01,2027-01,3,4.164,1.6128,2.5511,ens_001,monthly,1993-2016
C3S,BOM,dynamical,2026-10-01,2027-02,4,3.1152,1.434,1.6812,ens_001,monthly,1993-2016
C3S,BOM,dynamical,2026-10-01,2027-03,5,2.3947,1.3082,1.0865,ens_001,monthly,1993-2016
C3S,BOM,dynamical,2026-10-01,2026-10,0,3.7268,1.3463,2.3805,ens_002,monthly,1993-2016
C3S,BOM,dynamical,2026-10-01,2026-11,1,4.1788,1.5166,2.6622,ens_002,monthly,1993-2016
C3S,BOM,dynamical,2026-10-01,2026-12,2,4.191,1.4979,2.6932,ens_002,monthly,1993-2016
C3S,BOM,dynamical,2026-10-01,2027-01,3,3.8444,1.5018,2.3426,ens_002,monthly,1993-2016
C3S,BOM,dynamical,2026-10-01,2027-02,4,3.2455,1.4033,1.8422,ens_002,monthly,1993-2016
C3S,BOM,dynamical,2026-10-01,2027-03,5,2.4915,1.3816,1.1098,ens_002,monthly,1993-2016
C3S,BOM,dynamical,2026-10-01,2026-10,0,3.84,1.2993,2.5408,ens_003,monthly,1993-2016
C3S,BOM,dynamical,2026-10-01,2026-11,1,4.3338,1.482,2.8518,ens_003,monthly,1993-2016
C3S,BOM,dynamical,2026-10-01,2026-12,2,4.2666,1.5326,2.734,ens_003,monthly,1993-2016
C3S,BOM,dynamical,2026-10-01,2027-01,3,3.7711,1.525,2.2461,ens_003,monthly,1993-2016
C3S,BOM,dynamical,2026-10-01,2027-02,4,3.3586,1.4679,1.8907,ens_003,monthly,1993-2016
C3S,BOM,dynamical,2026-10-01,2027-03,5,2.9948,1.4151,1.5796,ens_003,monthly,1993-2016
C3S,BOM,dynamical,2026-10-01,2026-10,0,3.8449,1.3299,2.5151,ens_004,monthly,1993-2016
C3S,BOM,dynamical,2026-10-01,2026-11,1,4.1418,1.4905,2.6512,ens_004,monthly,1993-2016
C3S,BOM,dynamical,2026-10-01,2026-12,2,4.0288,1.5584,2.4704,ens_004,monthly,1993-2016
C3S,BOM,dynamical,2026-10-01,2027-01,3,3.7939,1.5054,2.2886,ens_004,monthly,1993-2016
C3S,BOM,dynamical,2026-10-01,2027-02,4,3.3997,1.4131,1.9867,ens_004,monthly,1993-2016
C3S,BOM,dynamical,2026-10-01,2027-03,5,2.3681,1.2666,1.1014,ens_004,monthly,1993-2016
C3S,BOM,dynamical,2026-10-01,2026-10,0,3.8355,1.3248,2.5107,ens_005,monthly,1993-2016
C3S,BOM,dynamical,2026-10-01,2026-11,1,4.2319,1.5759,2.6559,ens_005,monthly,1993-2016
C3S,BOM,dynamical,2026-10-01,2026-12,2,4.4735,1.675,2.7985,ens_005,monthly,1993-2016
C3S,BOM,dynamical,2026-10-01,2027-01,3,4.3502,1.6556,2.6946,ens_005,monthly,1993-2016
C3S,BOM,dynamical,2026-10-01,2027-02,4,3.3541,1.5937,1.7604,ens_005,monthly,1993-2016
C3S,BOM,dynamical,2026-10-01,2027-03,5,2.5909,1.4486,1.1423,ens_005,monthly,1993-2016
C3S,BOM,dynamical,2026-10-01,2026-10,0,3.9094,1.2942,2.6152,ens_006,monthly,1993-2016
C3S,BOM,dynamical,2026-10-01,2026-11,1,4.1077,1.503,2.6047,ens_006,monthly,1993-2016
C3S,BOM,dynamical,2026-10-01,2026-12,2,4.1613,1.614,2.5473,ens_006,monthly,1993-2016
C3S,BOM,dynamical,2026-10-01,2027-01,3,3.8403,1.5921,2.2482,ens_006,monthly,1993-2016
C3S,BOM,dynamical,2026-10-01,2027-02,4,3.4097,1.5905,1.8192,ens_006,monthly,1993-2016
C3S,BOM,dynamical,2026-10-01,2027-03,5,2.9762,1.5137,1.4625,ens_006,monthly,1993-2016
C3S,BOM,dynamical,2026-10-01,2026-10,0,3.8125,1.3125,2.5,ens_007,monthly,1993-2016
C3S,BOM,dynamical,2026-10-01,2026-11,1,4.2825,1.5636,2.7189,ens_007,monthly,1993-2016
C3S,BOM,dynamical,2026-10-01,2026-12,2,4.3467,1.5998,2.7469,ens_007,monthly,1993-2016
C3S,BOM,dynamical,2026-10-01,2027-01,3,4.1353,1.6191,2.5162,ens_007,monthly,1993-2016
C3S,BOM,dynamical,2026-10-01,2027-02,4,3.6013,1.5947,2.0066,ens_007,monthly,1993-2016
C3S,BOM,dynamical,2026-10-01,2027-03,5,3.0113,1.5405,1.4707,ens_007,monthly,1993-2016
C3S,BOM,dynamical,2026-10-01,2026-10,0,3.7434,1.3229,2.4205,ens_008,monthly,1993-2016
C3S,BOM,dynamical,2026-10-01,2026-11,1,4.3145,1.6189,2.6957,ens_008,monthly,1993-2016
C3S,BOM,dynamical,2026-10-01,2026-12,2,4.3857,1.6574,2.7283,ens_008,monthly,1993-2016
C3S,BOM,dynamical,2026-10-01,2027-01,3,4.1746,1.603,2.5717,ens_008,monthly,1993-2016
C3S,BOM,dynamical,2026-10-01,2027-02,4,3.4902,1.5541,1.9361,ens_008,monthly,1993-2016
C3S,BOM,dynamical,2026-10-01,2027-03,5,3.0765,1.4517,1.6248,ens_008,monthly,1993-2016
C3S,BOM,dynamical,2026-10-01,2026-10,0,3.7964,1.2973,2.4991,ens_009,monthly,1993-2016
C3S,BOM,dynamical,2026-10-01,2026-11,1,4.1793,1.4431,2.7362,ens_009,monthly,1993-2016
C3S,BOM,dynamical,2026-10-01,2026-12,2,4.2579,1.5242,2.7337,ens_009,monthly,1993-2016
C3S,BOM,dynamical,2026-10-01,2027-01,3,3.8597,1.5378,2.3219,ens_009,monthly,1993-2016
C3S,BOM,dynamical,2026-10-01,2027-02,4,3.274,1.5275,1.7464,ens_009,monthly,1993-2016
C3S,BOM,dynamical,2026-10-01,2027-03,5,2.8417,1.4124,1.4293,ens_009,monthly,1993-2016
C3S,BOM,dynamical,2026-10-01,2026-10,0,3.8744,1.347,2.5274,ens_010,monthly,1993-2016
C3S,BOM,dynamical,2026-10-01,2026-11,1,4.3094,1.6891,2.6203,ens_010,monthly,1993-2016
C3S,BOM,dynamical,2026-10-01,2026-12,2,4.3415,1.6738,2.6677,ens_010,monthly,1993-2016
C3S,BOM,dynamical,2026-10-01,2027-01,3,3.9162,1.6994,2.2168,ens_010,monthly,1993-2016
C3S,BOM,dynamical,2026-10-01,2027-02,4,3.2067,1.6069,1.5998,ens_010,monthly,1993-2016
C3S,BOM,dynamical,2026-10-01,2027-03,5,2.7406,1.5478,1.1928,ens_010,monthly,1993-2016
C3S,BOM,dynamical,2026-10-01,2026-10,0,3.8284,1.3259,2.5025,ens_011,monthly,1993-2016
C3S,BOM,dynamical,2026-10-01,2026-11,1,4.2122,1.5341,2.6781,ens_011,monthly,1993-2016
C3S,BOM,dynamical,2026-10-01,2026-12,2,4.2663,1.668,2.5983,ens_011,monthly,1993-2016
C3S,BOM,dynamical,2026-10-01,2027-01,3,4.0668,1.62,2.4468,ens_011,monthly,1993-2016
C3S,BOM,dynamical,2026-10-01,2027-02,4,3.3795,1.551,1.8285,ens_011,monthly,1993-2016
C3S,BOM,dynamical,2026-10-01,2027-03,5,2.7226,1.4635,1.2591,ens_011,monthly,1993-2016
C3S,BOM,dynamical,2026-10-01,2026-10,0,3.8139,1.3085,2.5054,ens_012,monthly,1993-2016
C3S,BOM,dynamical,2026-10-01,2026-11,1,4.1546,1.5044,2.6502,ens_012,monthly,1993-2016
C3S,BOM,dynamical,2026-10-01,2026-12,2,4.2201,1.6278,2.5923,ens_012,monthly,1993-2016
C3S,BOM,dynamical,2026-10-01,2027-01,3,4.0816,1.5883,2.4933,ens_012,monthly,1993-2016
C3S,BOM,dynamical,2026-10-01,2027-02,4,3.4784,1.4739,2.0045,ens_012,monthly,1993-2016
C3S,BOM,dynamical,2026-10-01,2027-03,5,3.1002,1.4103,1.6899,ens_012,monthly,1993-2016
C3S,BOM,dynamical,2026-10-01,2026-10,0,3.8175,1.2918,2.5257,ens_013,monthly,1993-2016
C3S,BOM,dynamical,2026-10-01,2026-11,1,4.3339,1.4445,2.8894,ens_013,monthly,1993-2016
C3S,BOM,dynamical,2026-10-01,2026-12,2,4.3434,1.5837,2.7597,ens_013,monthly,1993-2016
C3S,BOM,dynamical,2026-10-01,2027-01,3,4.053,1.6435,2.4095,ens_013,monthly,1993-2016
C3S,BOM,dynamical,2026-10-01,2027-02,4,3.3479,1.5873,1.7605,ens_013,monthly,1993-2016
C3S,BOM,dynamical,2026-10-01,2027-03,5,2.4604,1.4131,1.0473,ens_013,monthly,1993-2016
C3S,BOM,dynamical,2026-10-01,2026-10,0,3.9033,1.2673,2.6359,ens_014,monthly,1993-2016
C3S,BOM,dynamical,2026-10-01,2026-11,1,4.2828,1.4017,2.8811,ens_014,monthly,1993-2016
C3S,BOM,dynamical,2026-10-01,2026-12,2,4.2571,1.5265,2.7305,ens_014,monthly,1993-2016
C3S,BOM,dynamical,2026-10-01,2027-01,3,3.8618,1.4942,2.3676,ens_014,monthly,1993-2016
C3S,BOM,dynamical,2026-10-01,2027-02,4,3.186,1.3568,1.8292,ens_014,monthly,1993-2016
C3S,BOM,dynamical,2026-10-01,2027-03,5,2.7708,1.3997,1.3711,ens_014,monthly,1993-2016
C3S,BOM,dynamical,2026-10-01,2026-10,0,3.8055,1.3082,2.4973,ens_015,monthly,1993-2016
C3S,BOM,dynamical,2026-10-01,2026-11,1,4.3025,1.5396,2.7629,ens_015,monthly,1993-2016
C3S,BOM,dynamical,2026-10-01,2026-12,2,4.332,1.6405,2.6915,ens_015,monthly,1993-2016
C3S,BOM,dynamical,2026-10-01,2027-01,3,4.1169,1.6948,2.4221,ens_015,monthly,1993-2016
C3S,BOM,dynamical,2026-10-01,2027-02,4,3.5964,1.5171,2.0793,ens_015,monthly,1993-2016
C3S,BOM,dynamical,2026-10-01,2027-03,5,2.8888,1.4003,1.4886,ens_015,monthly,1993-2016
C3S,BOM,dynamical,2026-10-01,2026-10,0,3.7666,1.3106,2.456,ens_016,monthly,1993-2016
C3S,BOM,dynamical,2026-10-01,2026-11,1,4.2016,1.4624,2.7392,ens_016,monthly,1993-2016
C3S,BOM,dynamical,2026-10-01,2026-12,2,4.1561,1.5517,2.6045,ens_016,monthly,1993-2016
C3S,BOM,dynamical,2026-10-01,2027-01,3,4.0681,1.5784,2.4897,ens_016,monthly,1993-2016
C3S,BOM,dynamical,2026-10-01,2027-02,4,3.4788,1.5598,1.919,ens_016,monthly,1993-2016
C3S,BOM,dynamical,2026-10-01,2027-03,5,2.864,1.4441,1.42,ens_016,monthly,1993-2016
C3S,BOM,dynamical,2026-10-01,2026-10,0,3.7953,1.2824,2.5129,ens_017,monthly,1993-2016
C3S,BOM,dynamical,2026-10-01,2026-11,1,4.3205,1.5114,2.809,ens_017,monthly,1993-2016
C3S,BOM,dynamical,2026-10-01,2026-12,2,4.4434,1.6204,2.823,ens_017,monthly,1993-2016
C3S,BOM,dynamical,2026-10-01,2027-01,3,4.1098,1.6323,2.4775,ens_017,monthly,1993-2016
C3S,BOM,dynamical,2026-10-01,2027-02,4,3.4654,1.5401,1.9253,ens_017,monthly,1993-2016
C3S,BOM,dynamical,2026-10-01,2027-03,5,2.8981,1.3699,1.5282,ens_017,monthly,1993-2016
C3S,BOM,dynamical,2026-10-01,2026-10,0,3.8267,1.2808,2.546,ens_018,monthly,1993-2016
C3S,BOM,dynamical,2026-10-01,2026-11,1,4.2158,1.4114,2.8043,ens_018,monthly,1993-2016
C3S,BOM,dynamical,2026-10-01,2026-12,2,4.0266,1.5245,2.5021,ens_018,monthly,1993-2016
C3S,BOM,dynamical,2026-10-01,2027-01,3,3.7265,1.4742,2.2523,ens_018,monthly,1993-2016
C3S,BOM,dynamical,2026-10-01,2027-02,4,3.1698,1.4125,1.7573,ens_018,monthly,1993-2016
C3S,BOM,dynamical,2026-10-01,2027-03,5,2.435,1.3178,1.1172,ens_018,monthly,1993-2016
C3S,BOM,dynamical,2026-10-01,2026-10,0,3.8168,1.2742,2.5426,ens_019,monthly,1993-2016
C3S,BOM,dynamical,2026-10-01,2026-11,1,4.1454,1.4736,2.6718,ens_019,monthly,1993-2016
C3S,BOM,dynamical,2026-10-01,2026-12,2,4.1545,1.6286,2.5259,ens_019,monthly,1993-2016
C3S,BOM,dynamical,2026-10-01,2027-01,3,3.9381,1.7014,2.2367,ens_019,monthly,1993-2016
C3S,BOM,dynamical,2026-10-01,2027-02,4,3.2937,1.5628,1.7309,ens_019,monthly,1993-2016
C3S,BOM,dynamical,2026-10-01,2027-03,5,2.635,1.4813,1.1537,ens_019,monthly,1993-2016
C3S,BOM,dynamical,2026-10-01,2026-10,0,3.8424,1.2801,2.5622,ens_020,monthly,1993-2016
C3S,BOM,dynamical,2026-10-01,2026-11,1,4.1795,1.4897,2.6899,ens_020,monthly,1993-2016
C3S,BOM,dynamical,2026-10-01,2026-12,2,4.2115,1.567,2.6445,ens_020,monthly,1993-2016
C3S,BOM,dynamical,2026-10-01,2027-01,3,3.8933,1.5364,2.3569,ens_020,monthly,1993-2016
C3S,BOM,dynamical,2026-10-01,2027-02,4,3.318,1.5601,1.7579,ens_020,monthly,1993-2016
C3S,BOM,dynamical,2026-10-01,2027-03,5,2.6499,1.4265,1.2233,ens_020,monthly,1993-2016
C3S,BOM,dynamical,2026-10-01,2026-10,0,3.819,1.3137,2.5053,ens_021,monthly,1993-2016
C3S,BOM,dynamical,2026-10-01,2026-11,1,4.2861,1.4968,2.7893,ens_021,monthly,1993-2016
C3S,BOM,dynamical,2026-10-01,2026-12,2,4.2296,1.6012,2.6284,ens_021,monthly,1993-2016
C3S,BOM,dynamical,2026-10-01,2027-01,3,3.941,1.5215,2.4196,ens_021,monthly,1993-2016
C3S,BOM,dynamical,2026-10-01,2027-02,4,3.3551,1.547,1.8081,ens_021,monthly,1993-2016
C3S,BOM,dynamical,2026-10-01,2027-03,5,2.7298,1.2938,1.436,ens_021,monthly,1993-2016
C3S,BOM,dynamical,2026-10-01,2026-10,0,3.816,1.3178,2.4982,ens_022,monthly,1993-2016
C3S,BOM,dynamical,2026-10-01,2026-11,1,4.0171,1.5071,2.51,ens_022,monthly,1993-2016
C3S,BOM,dynamical,2026-10-01,2026-12,2,4.2768,1.6702,2.6066,ens_022,monthly,1993-2016
C3S,BOM,dynamical,2026-10-01,2027-01,3,3.8204,1.681,2.1395,ens_022,monthly,1993-2016
C3S,BOM,dynamical,2026-10-01,2027-02,4,3.1025,1.54,1.5625,ens_022,monthly,1993-2016
C3S,BOM,dynamical,2026-10-01,2027-03,5,2.4975,1.4701,1.0274,ens_022,monthly,1993-2016
C3S,BOM,dynamical,2026-10-01,2026-10,0,3.8248,1.251,2.5737,ens_023,monthly,1993-2016
C3S,BOM,dynamical,2026-10-01,2026-11,1,4.2894,1.4513,2.8381,ens_023,monthly,1993-2016
C3S,BOM,dynamical,2026-10-01,2026-12,2,4.1574,1.5658,2.5916,ens_023,monthly,1993-2016
C3S,BOM,dynamical,2026-10-01,2027-01,3,3.7833,1.5074,2.2759,ens_023,monthly,1993-2016
C3S,BOM,dynamical,2026-10-01,2027-02,4,2.9844,1.3999,1.5845,ens_023,monthly,1993-2016
C3S,BOM,dynamical,2026-10-01,2027-03,5,2.3616,1.2148,1.1467,ens_023,monthly,1993-2016
C3S,BOM,dynamical,2026-10-01,2026-10,0,3.7587,1.2596,2.499,ens_024,monthly,1993-2016
C3S,BOM,dynamical,2026-10-01,2026-11,1,4.0971,1.4595,2.6376,ens_024,monthly,1993-2016
C3S,BOM,dynamical,2026-10-01,2026-12,2,4.1458,1.5981,2.5477,ens_024,monthly,1993-2016
C3S,BOM,dynamical,2026-10-01,2027-01,3,4.0835,1.6037,2.4797,ens_024,monthly,1993-2016
C3S,BOM,dynamical,2026-10-01,2027-02,4,3.5333,1.5389,1.9944,ens_024,monthly,1993-2016
C3S,BOM,dynamical,2026-10-01,2027-03,5,2.8746,1.5105,1.364,ens_024,monthly,1993-2016
C3S,BOM,dynamical,2026-10-01,2026-10,0,3.7487,1.2875,2.4612,ens_025,monthly,1993-2016
C3S,BOM,dynamical,2026-10-01,2026-11,1,4.1455,1.5512,2.5943,ens_025,monthly,1993-2016
C3S,BOM,dynamical,2026-10-01,2026-12,2,4.3099,1.718,2.5918,ens_025,monthly,1993-2016
C3S,BOM,dynamical,2026-10-01,2027-01,3,4.1341,1.589,2.5451,ens_025,monthly,1993-2016
C3S,BOM,dynamical,2026-10-01,2027-02,4,3.4751,1.5043,1.9709,ens_025,monthly,1993-2016
C3S,BOM,dynamical,2026-10-01,2027-03,5,2.7052,1.4022,1.3031,ens_025,monthly,1993-2016
C3S,BOM,dynamical,2026-10-01,2026-10,0,3.9166,1.2948,2.6218,ens_026,monthly,1993-2016
C3S,BOM,dynamical,2026-10-01,2026-11,1,4.4129,1.5701,2.8428,ens_026,monthly,1993-2016
C3S,BOM,dynamical,2026-10-01,2026-12,2,4.1625,1.5848,2.5777,ens_026,monthly,1993-2016
C3S,BOM,dynamical,2026-10-01,2027-01,3,3.9509,1.6286,2.3223,ens_026,monthly,1993-2016
C3S,BOM,dynamical,2026-10-01,2027-02,4,3.3612,1.6077,1.7535,ens_026,monthly,1993-2016
C3S,BOM,dynamical,2026-10-01,2027-03,5,2.6737,1.4705,1.2032,ens_026,monthly,1993-2016
C3S,BOM,dynamical,2026-10-01,2026-10,0,3.8583,1.2869,2.5714,ens_027,monthly,1993-2016
C3S,BOM,dynamical,2026-10-01,2026-11,1,4.3791,1.438,2.9411,ens_027,monthly,1993-2016
C3S,BOM,dynamical,2026-10-01,2026-12,2,4.6052,1.5408,3.0645,ens_027,monthly,1993-2016
C3S,BOM,dynamical,2026-10-01,2027-01,3,4.2607,1.5538,2.707,ens_027,monthly,1993-2016
C3S,BOM,dynamical,2026-10-01,2027-02,4,3.8087,1.4081,2.4007,ens_027,monthly,1993-2016
C3S,BOM,dynamical,2026-10-01,2027-03,5,2.9798,1.3661,1.6137,ens_027,monthly,1993-2016
C3S,BOM,dynamical,2026-10-01,2026-10,0,3.6796,1.2807,2.399,ens_028,monthly,1993-2016
C3S,BOM,dynamical,2026-10-01,2026-11,1,4.2706,1.4511,2.8196,ens_028,monthly,1993-2016
C3S,BOM,dynamical,2026-10-01,2026-12,2,4.3849,1.5694,2.8155,ens_028,monthly,1993-2016
C3S,BOM,dynamical,2026-10-01,2027-01,3,3.9431,1.5887,2.3544,ens_028,monthly,1993-2016
C3S,BOM,dynamical,2026-10-01,2027-02,4,3.2177,1.4216,1.7961,ens_028,monthly,1993-2016
C3S,BOM,dynamical,2026-10-01,2027-03,5,2.7265,1.5089,1.2176,ens_028,monthly,1993-2016
C3S,BOM,dynamical,2026-10-01,2026-10,0,3.7535,1.2479,2.5056,ens_029,monthly,1993-2016
C3S,BOM,dynamical,2026-10-01,2026-11,1,4.1308,1.4269,2.7039,ens_029,monthly,1993-2016
C3S,BOM,dynamical,2026-10-01,2026-12,2,4.2094,1.6024,2.607,ens_029,monthly,1993-2016
C3S,BOM,dynamical,2026-10-01,2027-01,3,4.0954,1.6526,2.4427,ens_029,monthly,1993-2016
C3S,BOM,dynamical,2026-10-01,2027-02,4,3.2985,1.5079,1.7906,ens_029,monthly,1993-2016
C3S,BOM,dynamical,2026-10-01,2027-03,5,2.5643,1.3566,1.2077,ens_029,monthly,1993-2016
C3S,BOM,dynamical,2026-10-01,2026-10,0,3.8915,1.2873,2.6043,ens_030,monthly,1993-2016
C3S,BOM,dynamical,2026-10-01,2026-11,1,4.3068,1.4197,2.8871,ens_030,monthly,1993-2016
C3S,BOM,dynamical,2026-10-01,2026-12,2,4.2245,1.5769,2.6475,ens_030,monthly,1993-2016
C3S,BOM,dynamical,2026-10-01,2027-01,3,3.9238,1.5055,2.4183,ens_030,monthly,1993-2016
C3S,BOM,dynamical,2026-10-01,2027-02,4,3.4888,1.3868,2.102,ens_030,monthly,1993-2016
C3S,BOM,dynamical,2026-10-01,2027-03,5,3.1143,1.3102,1.8041,ens_030,monthly,1993-2016
C3S,BOM,dynamical,2026-10-01,2026-10,0,3.7483,1.3479,2.4005,ens_031,monthly,1993-2016
C3S,BOM,dynamical,2026-10-01,2026-11,1,4.2528,1.5125,2.7403,ens_031,monthly,1993-2016
C3S,BOM,dynamical,2026-10-01,2026-12,2,4.2084,1.6105,2.5979,ens_031,monthly,1993-2016
C3S,BOM,dynamical,2026-10-01,2027-01,3,4.0261,1.572,2.4542,ens_031,monthly,1993-2016
C3S,BOM,dynamical,2026-10-01,2027-02,4,3.325,1.4953,1.8297,ens_031,monthly,1993-2016
C3S,BOM,dynamical,2026-10-01,2027-03,5,2.7208,1.4265,1.2943,ens_031,monthly,1993-2016
C3S,BOM,dynamical,2026-10-01,2026-10,0,3.8069,1.2893,2.5176,ens_032,monthly,1993-2016
C3S,BOM,dynamical,2026-10-01,2026-11,1,4.1834,1.4933,2.6901,ens_032,monthly,1993-2016
C3S,BOM,dynamical,2026-10-01,2026-12,2,4.1689,1.5991,2.5698,ens_032,monthly,1993-2016
C3S,BOM,dynamical,2026-10-01,2027-01,3,3.9511,1.6255,2.3257,ens_032,monthly,1993-2016
C3S,BOM,dynamical,2026-10-01,2027-02,4,3.632,1.5366,2.0954,ens_032,monthly,1993-2016
C3S,BOM,dynamical,2026-10-01,2027-03,5,2.6963,1.4742,1.222,ens_032,monthly,1993-2016
C3S,BOM,dynamical,2026-10-01,2026-10,0,3.8321,1.2906,2.5416,ens_033,monthly,1993-2016
C3S,BOM,dynamical,2026-10-01,2026-11,1,4.3542,1.5151,2.839,ens_033,monthly,1993-2016
C3S,BOM,dynamical,2026-10-01,2026-12,2,4.5519,1.6513,2.9006,ens_033,monthly,1993-2016
C3S,BOM,dynamical,2026-10-01,2027-01,3,3.9552,1.6526,2.3027,ens_033,monthly,1993-2016
C3S,BOM,dynamical,2026-10-01,2027-02,4,3.2517,1.53,1.7217,ens_033,monthly,1993-2016
C3S,BOM,dynamical,2026-10-01,2027-03,5,2.4653,1.4426,1.0227,ens_033,monthly,1993-2016
C3S,BOM,dynamical,2026-10-01,2026-10,0,3.6985,1.2463,2.4521,ens_034,monthly,1993-2016
C3S,BOM,dynamical,2026-10-01,2026-11,1,4.2442,1.4312,2.813,ens_034,monthly,1993-2016
C3S,BOM,dynamical,2026-10-01,2026-12,2,4.3023,1.4875,2.8148,ens_034,monthly,1993-2016
C3S,BOM,dynamical,2026-10-01,2027-01,3,4.0825,1.5645,2.518,ens_034,monthly,1993-2016
C3S,BOM,dynamical,2026-10-01,2027-02,4,3.4701,1.5261,1.944,ens_034,monthly,1993-2016
C3S,BOM,dynamical,2026-10-01,2027-03,5,2.9059,1.4397,1.4662,ens_034,monthly,1993-2016
C3S,BOM,dynamical,2026-10-01,2026-10,0,3.8355,1.2908,2.5448,ens_035,monthly,1993-2016
C3S,BOM,dynamical,2026-10-01,2026-11,1,4.1837,1.4641,2.7196,ens_035,monthly,1993-2016
C3S,BOM,dynamical,2026-10-01,2026-12,2,4.2332,1.5023,2.7309,ens_035,monthly,1993-2016
C3S,BOM,dynamical,2026-10-01,2027-01,3,3.7283,1.4592,2.2692,ens_035,monthly,1993-2016
C3S,BOM,dynamical,2026-10-01,2027-02,4,3.4948,1.4698,2.025,ens_035,monthly,1993-2016
C3S,BOM,dynamical,2026-10-01,2027-03,5,2.904,1.4121,1.492,ens_035,monthly,1993-2016
C3S,BOM,dynamical,2026-10-01,2026-10,0,3.8098,1.2901,2.5197,ens_036,monthly,1993-2016
C3S,BOM,dynamical,2026-10-01,2026-11,1,4.242,1.4385,2.8035,ens_036,monthly,1993-2016
C3S,BOM,dynamical,2026-10-01,2026-12,2,4.4023,1.5798,2.8224,ens_036,monthly,1993-2016
C3S,BOM,dynamical,2026-10-01,2027-01,3,4.2685,1.5541,2.7143,ens_036,monthly,1993-2016
C3S,BOM,dynamical,2026-10-01,2027-02,4,3.403,1.4815,1.9214,ens_036,monthly,1993-2016
C3S,BOM,dynamical,2026-10-01,2027-03,5,2.9181,1.4028,1.5154,ens_036,monthly,1993-2016
C3S,BOM,dynamical,2026-10-01,2026-10,0,3.7367,1.2896,2.4471,ens_037,monthly,1993-2016
C3S,BOM,dynamical,2026-10-01,2026-11,1,4.2779,1.5292,2.7487,ens_037,monthly,1993-2016
C3S,BOM,dynamical,2026-10-01,2026-12,2,4.4096,1.5785,2.8311,ens_037,monthly,1993-2016
C3S,BOM,dynamical,2026-10-01,2027-01,3,4.0101,1.6371,2.373,ens_037,monthly,1993-2016
C3S,BOM,dynamical,2026-10-01,2027-02,4,3.5916,1.4919,2.0997,ens_037,monthly,1993-2016
C3S,BOM,dynamical,2026-10-01,2027-03,5,2.7905,1.4905,1.3001,ens_037,monthly,1993-2016
C3S,BOM,dynamical,2026-10-01,2026-10,0,3.9015,1.3015,2.6,ens_038,monthly,1993-2016
C3S,BOM,dynamical,2026-10-01,2026-11,1,4.1827,1.4935,2.6893,ens_038,monthly,1993-2016
C3S,BOM,dynamical,2026-10-01,2026-12,2,4.2265,1.6314,2.595,ens_038,monthly,1993-2016
C3S,BOM,dynamical,2026-10-01,2027-01,3,3.8542,1.5637,2.2905,ens_038,monthly,1993-2016
C3S,BOM,dynamical,2026-10-01,2027-02,4,3.4443,1.4739,1.9704,ens_038,monthly,1993-2016
C3S,BOM,dynamical,2026-10-01,2027-03,5,2.8171,1.4324,1.3847,ens_038,monthly,1993-2016
C3S,BOM,dynamical,2026-10-01,2026-10,0,3.8149,1.3198,2.4951,ens_039,monthly,1993-2016
C3S,BOM,dynamical,2026-10-01,2026-11,1,4.1299,1.3947,2.7353,ens_039,monthly,1993-2016
C3S,BOM,dynamical,2026-10-01,2026-12,2,3.9915,1.5473,2.4441,ens_039,monthly,1993-2016
C3S,BOM,dynamical,2026-10-01,2027-01,3,3.4665,1.5718,1.8947,ens_039,monthly,1993-2016
C3S,BOM,dynamical,2026-10-01,2027-02,4,2.9776,1.422,1.5556,ens_039,monthly,1993-2016
C3S,BOM,dynamical,2026-10-01,2027-03,5,2.446,1.3471,1.0989,ens_039,monthly,1993-2016
C3S,BOM,dynamical,2026-10-01,2026-10,0,3.6672,1.2802,2.387,ens_040,monthly,1993-2016
C3S,BOM,dynamical,2026-10-01,2026-11,1,4.0281,1.4225,2.6056,ens_040,monthly,1993-2016
C3S,BOM,dynamical,2026-10-01,2026-12,2,4.1763,1.5848,2.5915,ens_040,monthly,1993-2016
C3S,BOM,dynamical,2026-10-01,2027-01,3,3.9817,1.6266,2.3551,ens_040,monthly,1993-2016
C3S,BOM,dynamical,2026-10-01,2027-02,4,3.5158,1.5452,1.9706,ens_040,monthly,1993-2016
C3S,BOM,dynamical,2026-10-01,2027-03,5,2.9152,1.4734,1.4418,ens_040,monthly,1993-2016
C3S,BOM,dynamical,2026-10-01,2026-10,0,3.8033,1.2578,2.5455,ens_041,monthly,1993-2016
C3S,BOM,dynamical,2026-10-01,2026-11,1,4.317,1.5325,2.7845,ens_041,monthly,1993-2016
C3S,BOM,dynamical,2026-10-01,2026-12,2,4.501,1.7062,2.7947,ens_041,monthly,1993-2016
C3S,BOM,dynamical,2026-10-01,2027-01,3,4.0037,1.6091,2.3946,ens_041,monthly,1993-2016
C3S,BOM,dynamical,2026-10-01,2027-02,4,3.5079,1.5559,1.9519,ens_041,monthly,1993-2016
C3S,BOM,dynamical,2026-10-01,2027-03,5,2.907,1.4231,1.4839,ens_041,monthly,1993-2016
C3S,BOM,dynamical,2026-10-01,2026-10,0,3.7938,1.2858,2.508,ens_042,monthly,1993-2016
C3S,BOM,dynamical,2026-10-01,2026-11,1,4.1142,1.4961,2.618,ens_042,monthly,1993-2016
C3S,BOM,dynamical,2026-10-01,2026-12,2,4.2212,1.5659,2.6553,ens_042,monthly,1993-2016
C3S,BOM,dynamical,2026-10-01,2027-01,3,4.0413,1.6202,2.4211,ens_042,monthly,1993-2016
C3S,BOM,dynamical,2026-10-01,2027-02,4,3.5451,1.4833,2.0618,ens_042,monthly,1993-2016
C3S,BOM,dynamical,2026-10-01,2027-03,5,2.9337,1.3872,1.5465,ens_042,monthly,1993-2016
C3S,BOM,dynamical,2026-10-01,2026-10,0,3.7408,1.3096,2.4312,ens_043,monthly,1993-2016
C3S,BOM,dynamical,2026-10-01,2026-11,1,4.3384,1.4832,2.8552,ens_043,monthly,1993-2016
C3S,BOM,dynamical,2026-10-01,2026-12,2,4.2731,1.5695,2.7036,ens_043,monthly,1993-2016
C3S,BOM,dynamical,2026-10-01,2027-01,3,3.898,1.4997,2.3983,ens_043,monthly,1993-2016
C3S,BOM,dynamical,2026-10-01,2027-02,4,3.3162,1.4319,1.8843,ens_043,monthly,1993-2016
C3S,BOM,dynamical,2026-10-01,2027-03,5,2.8645,1.4692,1.3952,ens_043,monthly,1993-2016
C3S,BOM,dynamical,2026-10-01,2026-10,0,3.7223,1.2194,2.5029,ens_044,monthly,1993-2016
C3S,BOM,dynamical,2026-10-01,2026-11,1,4.1098,1.4319,2.6779,ens_044,monthly,1993-2016
C3S,BOM,dynamical,2026-10-01,2026-12,2,4.0776,1.5543,2.5233,ens_044,monthly,1993-2016
C3S,BOM,dynamical,2026-10-01,2027-01,3,3.9682,1.5296,2.4386,ens_044,monthly,1993-2016
C3S,BOM,dynamical,2026-10-01,2027-02,4,3.4816,1.484,1.9976,ens_044,monthly,1993-2016
C3S,BOM,dynamical,2026-10-01,2027-03,5,2.9141,1.4458,1.4683,ens_044,monthly,1993-2016
C3S,BOM,dynamical,2026-10-01,2026-10,0,3.8904,1.2447,2.6457,ens_045,monthly,1993-2016
C3S,BOM,dynamical,2026-10-01,2026-11,1,4.0271,1.4065,2.6206,ens_045,monthly,1993-2016
C3S,BOM,dynamical,2026-10-01,2026-12,2,4.1628,1.515,2.6478,ens_045,monthly,1993-2016
C3S,BOM,dynamical,2026-10-01,2027-01,3,4.0819,1.4635,2.6185,ens_045,monthly,1993-2016
C3S,BOM,dynamical,2026-10-01,2027-02,4,3.4832,1.4188,2.0644,ens_045,monthly,1993-2016
C3S,BOM,dynamical,2026-10-01,2027-03,5,2.7959,1.2521,1.5437,ens_045,monthly,1993-2016
C3S,BOM,dynamical,2026-10-01,2026-10,0,3.812,1.2397,2.5723,ens_046,monthly,1993-2016
C3S,BOM,dynamical,2026-10-01,2026-11,1,4.2628,1.4444,2.8184,ens_046,monthly,1993-2016
C3S,BOM,dynamical,2026-10-01,2026-12,2,4.0729,1.5844,2.4886,ens_046,monthly,1993-2016
C3S,BOM,dynamical,2026-10-01,2027-01,3,3.7216,1.5394,2.1822,ens_046,monthly,1993-2016
C3S,BOM,dynamical,2026-10-01,2027-02,4,3.1719,1.4104,1.7615,ens_046,monthly,1993-2016
C3S,BOM,dynamical,2026-10-01,2027-03,5,2.4098,1.4047,1.0051,ens_046,monthly,1993-2016
C3S,BOM,dynamical,2026-10-01,2026-10,0,3.8266,1.2424,2.5842,ens_047,monthly,1993-2016
C3S,BOM,dynamical,2026-10-01,2026-11,1,4.5054,1.4499,3.0556,ens_047,monthly,1993-2016
C3S,BOM,dynamical,2026-10-01,2026-12,2,4.3045,1.5273,2.7772,ens_047,monthly,1993-2016
C3S,BOM,dynamical,2026-10-01,2027-01,3,3.8232,1.5064,2.3168,ens_047,monthly,1993-2016
C3S,BOM,dynamical,2026-10-01,2027-02,4,3.3732,1.4095,1.9638,ens_047,monthly,1993-2016
C3S,BOM,dynamical,2026-10-01,2027-03,5,2.7958,1.3392,1.4566,ens_047,monthly,1993-2016
C3S,BOM,dynamical,2026-10-01,2026-10,0,3.9084,1.277,2.6314,ens_048,monthly,1993-2016
C3S,BOM,dynamical,2026-10-01,2026-11,1,4.3325,1.5259,2.8067,ens_048,monthly,1993-2016
C3S,BOM,dynamical,2026-10-01,2026-12,2,4.2623,1.6129,2.6495,ens_048,monthly,1993-2016
C3S,BOM,dynamical,2026-10-01,2027-01,3,4.149,1.629,2.5199,ens_048,monthly,1993-2016
C3S,BOM,dynamical,2026-10-01,2027-02,4,3.4964,1.5029,1.9934,ens_048,monthly,1993-2016
C3S,BOM,dynamical,2026-10-01,2027-03,5,2.6661,1.4927,1.1734,ens_048,monthly,1993-2016
C3S,BOM,dynamical,2026-10-01,2026-10,0,3.8528,1.2986,2.5542,ens_049,monthly,1993-2016
C3S,BOM,dynamical,2026-10-01,2026-11,1,4.261,1.4643,2.7967,ens_049,monthly,1993-2016
C3S,BOM,dynamical,2026-10-01,2026-12,2,4.5223,1.5686,2.9537,ens_049,monthly,1993-2016
C3S,BOM,dynamical,2026-10-01,2027-01,3,4.1045,1.6245,2.48,ens_049,monthly,1993-2016
C3S,BOM,dynamical,2026-10-01,2027-02,4,3.6482,1.5807,2.0675,ens_049,monthly,1993-2016
C3S,BOM,dynamical,2026-10-01,2027-03,5,3.1923,1.5769,1.6154,ens_049,monthly,1993-2016
C3S,BOM,dynamical,2026-10-01,2026-10,0,3.7716,1.2049,2.5667,ens_050,monthly,1993-2016
C3S,BOM,dynamical,2026-10-01,2026-11,1,4.2398,1.4083,2.8316,ens_050,monthly,1993-2016
C3S,BOM,dynamical,2026-10-01,2026-12,2,4.3373,1.5955,2.7419,ens_050,monthly,1993-2016
C3S,BOM,dynamical,2026-10-01,2027-01,3,4.0683,1.5482,2.5201,ens_050,monthly,1993-2016
C3S,BOM,dynamical,2026-10-01,2027-02,4,3.4239,1.5182,1.9056,ens_050,monthly,1993-2016
C3S,BOM,dynamical,2026-10-01,2027-03,5,2.7886,1.4361,1.3526,ens_050,monthly,1993-2016
C3S,BOM,dynamical,2026-10-01,2026-10,0,3.7714,1.3338,2.4375,ens_051,monthly,1993-2016
C3S,BOM,dynamical,2026-10-01,2026-11,1,4.2144,1.5884,2.626,ens_051,monthly,1993-2016
C3S,BOM,dynamical,2026-10-01,2026-12,2,4.3778,1.6426,2.7352,ens_051,monthly,1993-2016
C3S,BOM,dynamical,2026-10-01,2027-01,3,3.7658,1.6237,2.1421,ens_051,monthly,1993-2016
C3S,BOM,dynamical,2026-10-01,2027-02,4,3.1565,1.5481,1.6084,ens_051,monthly,1993-2016
C3S,BOM,dynamical,2026-10-01,2027-03,5,2.4855,1.5151,0.9704,ens_051,monthly,1993-2016
C3S,BOM,dynamical,2026-10-01,2026-10,0,3.7555,1.2689,2.4866,ens_052,monthly,1993-2016
C3S,BOM,dynamical,2026-10-01,2026-11,1,4.1704,1.4371,2.7333,ens_052,monthly,1993-2016
C3S,BOM,dynamical,2026-10-01,2026-12,2,4.2025,1.5299,2.6726,ens_052,monthly,1993-2016
C3S,BOM,dynamical,2026-10-01,2027-01,3,4.0007,1.6035,2.3973,ens_052,monthly,1993-2016
C3S,BOM,dynamical,2026-10-01,2027-02,4,3.5579,1.477,2.0809,ens_052,monthly,1993-2016
C3S,BOM,dynamical,2026-10-01,2027-03,5,2.6149,1.3929,1.222,ens_052,monthly,1993-2016
C3S,BOM,dynamical,2026-10-01,2026-10,0,3.7028,1.3026,2.4002,ens_053,monthly,1993-2016
C3S,BOM,dynamical,2026-10-01,2026-11,1,4.0918,1.5355,2.5563,ens_053,monthly,1993-2016
C3S,BOM,dynamical,2026-10-01,2026-12,2,4.2178,1.5719,2.6459,ens_053,monthly,1993-2016
C3S,BOM,dynamical,2026-10-01,2027-01,3,3.9392,1.6167,2.3226,ens_053,monthly,1993-2016
C3S,BOM,dynamical,2026-10-01,2027-02,4,3.4053,1.4289,1.9764,ens_053,monthly,1993-2016
C3S,BOM,dynamical,2026-10-01,2027-03,5,2.6087,1.42,1.1887,ens_053,monthly,1993-2016
C3S,BOM,dynamical,2026-10-01,2026-10,0,3.8271,1.2197,2.6074,ens_054,monthly,1993-2016
C3S,BOM,dynamical,2026-10-01,2026-11,1,4.1463,1.337,2.8093,ens_054,monthly,1993-2016
C3S,BOM,dynamical,2026-10-01,2026-12,2,4.2373,1.5636,2.6737,ens_054,monthly,1993-2016
C3S,BOM,dynamical,2026-10-01,2027-01,3,3.9424,1.5736,2.3689,ens_054,monthly,1993-2016
C3S,BOM,dynamical,2026-10-01,2027-02,4,3.497,1.4395,2.0575,ens_054,monthly,1993-2016
C3S,BOM,dynamical,2026-10-01,2027-03,5,2.9787,1.3785,1.6002,ens_054,monthly,1993-2016
C3S,BOM,dynamical,2026-10-01,2026-10,0,3.9472,1.3191,2.6281,ens_055,monthly,1993-2016
C3S,BOM,dynamical,2026-10-01,2026-11,1,4.3768,1.5079,2.8689,ens_055,monthly,1993-2016
C3S,BOM,dynamical,2026-10-01,2026-12,2,4.2997,1.5647,2.735,ens_055,monthly,1993-2016
C3S,BOM,dynamical,2026-10-01,2027-01,3,4.271,1.5875,2.6834,ens_055,monthly,1993-2016
C3S,BOM,dynamical,2026-10-01,2027-02,4,3.6827,1.4831,2.1996,ens_055,monthly,1993-2016
C3S,BOM,dynamical,2026-10-01,2027-03,5,2.8649,1.4564,1.4084,ens_055,monthly,1993-2016
C3S,BOM,dynamical,2026-10-01,2026-10,0,3.8146,1.2738,2.5408,ens_056,monthly,1993-2016
C3S,BOM,dynamical,2026-10-01,2026-11,1,4.1881,1.3861,2.802,ens_056,monthly,1993-2016
C3S,BOM,dynamical,2026-10-01,2026-12,2,4.2427,1.4833,2.7594,ens_056,monthly,1993-2016
C3S,BOM,dynamical,2026-10-01,2027-01,3,3.9937,1.5301,2.4636,ens_056,monthly,1993-2016
C3S,BOM,dynamical,2026-10-01,2027-02,4,3.3109,1.4931,1.8178,ens_056,monthly,1993-2016
C3S,BOM,dynamical,2026-10-01,2027-03,5,2.7449,1.3517,1.3933,ens_056,monthly,1993-2016
C3S,BOM,dynamical,2026-10-01,2026-10,0,3.8254,1.2729,2.5525,ens_057,monthly,1993-2016
C3S,BOM,dynamical,2026-10-01,2026-11,1,4.4071,1.4686,2.9385,ens_057,monthly,1993-2016
C3S,BOM,dynamical,2026-10-01,2026-12,2,4.4208,1.6438,2.777,ens_057,monthly,1993-2016
C3S,BOM,dynamical,2026-10-01,2027-01,3,4.2531,1.7118,2.5412,ens_057,monthly,1993-2016
C3S,BOM,dynamical,2026-10-01,2027-02,4,3.4601,1.7169,1.7431,ens_057,monthly,1993-2016
C3S,BOM,dynamical,2026-10-01,2027-03,5,2.9332,1.5479,1.3853,ens_057,monthly,1993-2016
C3S,BOM,dynamical,2026-10-01,2026-10,0,3.8898,1.2954,2.5944,ens_058,monthly,1993-2016
C3S,BOM,dynamical,2026-10-01,2026-11,1,4.2483,1.4825,2.7659,ens_058,monthly,1993-2016
C3S,BOM,dynamical,2026-10-01,2026-12,2,4.0225,1.6223,2.4003,ens_058,monthly,1993-2016
C3S,BOM,dynamical,2026-10-01,2027-01,3,3.6836,1.4997,2.1839,ens_058,monthly,1993-2016
C3S,BOM,dynamical,2026-10-01,2027-02,4,3.02,1.4261,1.5939,ens_058,monthly,1993-2016
C3S,BOM,dynamical,2026-10-01,2027-03,5,2.5524,1.3557,1.1967,ens_058,monthly,1993-2016
C3S,BOM,dynamical,2026-10-01,2026-10,0,3.9438,1.2873,2.6565,ens_059,monthly,1993-2016
C3S,BOM,dynamical,2026-10-01,2026-11,1,4.1218,1.4079,2.7138,ens_059,monthly,1993-2016
C3S,BOM,dynamical,2026-10-01,2026-12,2,4.2001,1.563,2.6371,ens_059,monthly,1993-2016
C3S,BOM,dynamical,2026-10-01,2027-01,3,4.1276,1.5674,2.5602,ens_059,monthly,1993-2016
C3S,BOM,dynamical,2026-10-01,2027-02,4,3.5017,1.4698,2.032,ens_059,monthly,1993-2016
C3S,BOM,dynamical,2026-10-01,2027-03,5,2.7175,1.4221,1.2954,ens_059,monthly,1993-2016
C3S,BOM,dynamical,2026-10-01,2026-10,0,3.8403,1.3211,2.5192,ens_060,monthly,1993-2016
C3S,BOM,dynamical,2026-10-01,2026-11,1,4.4488,1.5232,2.9256,ens_060,monthly,1993-2016
C3S,BOM,dynamical,2026-10-01,2026-12,2,4.2271,1.5844,2.6427,ens_060,monthly,1993-2016
C3S,BOM,dynamical,2026-10-01,2027-01,3,3.8807,1.5534,2.3274,ens_060,monthly,1993-2016
C3S,BOM,dynamical,2026-10-01,2027-02,4,3.3067,1.4944,1.8122,ens_060,monthly,1993-2016
C3S,BOM,dynamical,2026-10-01,2027-03,5,2.6075,1.3303,1.2772,ens_060,monthly,1993-2016
C3S,BOM,dynamical,2026-10-01,2026-10,0,3.7637,1.2584,2.5053,ens_061,monthly,1993-2016
C3S,BOM,dynamical,2026-10-01,2026-11,1,4.2562,1.4142,2.8419,ens_061,monthly,1993-2016
C3S,BOM,dynamical,2026-10-01,2026-12,2,4.3432,1.6184,2.7248,ens_061,monthly,1993-2016
C3S,BOM,dynamical,2026-10-01,2027-01,3,4.0491,1.5749,2.4743,ens_061,monthly,1993-2016
C3S,BOM,dynamical,2026-10-01,2027-02,4,3.4983,1.3893,2.109,ens_061,monthly,1993-2016
C3S,BOM,dynamical,2026-10-01,2027-03,5,2.6843,1.3779,1.3064,ens_061,monthly,1993-2016
C3S,BOM,dynamical,2026-10-01,2026-10,0,3.7667,1.2417,2.525,ens_062,monthly,1993-2016
C3S,BOM,dynamical,2026-10-01,2026-11,1,4.1334,1.4868,2.6465,ens_062,monthly,1993-2016
C3S,BOM,dynamical,2026-10-01,2026-12,2,4.1435,1.5691,2.5744,ens_062,monthly,1993-2016
C3S,BOM,dynamical,2026-10-01,2027-01,3,3.9534,1.4855,2.4679,ens_062,monthly,1993-2016
C3S,BOM,dynamical,2026-10-01,2027-02,4,3.3088,1.363,1.9458,ens_062,monthly,1993-2016
C3S,BOM,dynamical,2026-10-01,2027-03,5,2.6442,1.307,1.3372,ens_062,monthly,1993-2016
C3S,BOM,dynamical,2026-10-01,2026-10,0,3.9141,1.237,2.6771,ens_063,monthly,1993-2016
C3S,BOM,dynamical,2026-10-01,2026-11,1,4.2439,1.408,2.836,ens_063,monthly,1993-2016
C3S,BOM,dynamical,2026-10-01,2026-12,2,4.4238,1.5564,2.8675,ens_063,monthly,1993-2016
C3S,BOM,dynamical,2026-10-01,2027-01,3,4.0622,1.5356,2.5266,ens_063,monthly,1993-2016
C3S,BOM,dynamical,2026-10-01,2027-02,4,3.3717,1.4155,1.9563,ens_063,monthly,1993-2016
C3S,BOM,dynamical,2026-10-01,2027-03,5,2.9901,1.3796,1.6105,ens_063,monthly,1993-2016
C3S,BOM,dynamical,2026-10-01,2026-10,0,3.8855,1.2577,2.6278,ens_064,monthly,1993-2016
C3S,BOM,dynamical,2026-10-01,2026-11,1,4.2539,1.4584,2.7955,ens_064,monthly,1993-2016
C3S,BOM,dynamical,2026-10-01,2026-12,2,4.2696,1.5877,2.6819,ens_064,monthly,1993-2016
C3S,BOM,dynamical,2026-10-01,2027-01,3,3.8642,1.6741,2.1901,ens_064,monthly,1993-2016
C3S,BOM,dynamical,2026-10-01,2027-02,4,3.2121,1.5825,1.6296,ens_064,monthly,1993-2016
C3S,BOM,dynamical,2026-10-01,2027-03,5,2.8779,1.4937,1.3842,ens_064,monthly,1993-2016
C3S,BOM,dynamical,2026-10-01,2026-10,0,3.7336,1.2696,2.464,ens_065,monthly,1993-2016
C3S,BOM,dynamical,2026-10-01,2026-11,1,4.0861,1.4605,2.6256,ens_065,monthly,1993-2016
C3S,BOM,dynamical,2026-10-01,2026-12,2,4.3077,1.5065,2.8012,ens_065,monthly,1993-2016
C3S,BOM,dynamical,2026-10-01,2027-01,3,4.1232,1.5179,2.6053,ens_065,monthly,1993-2016
C3S,BOM,dynamical,2026-10-01,2027-02,4,3.4021,1.4095,1.9925,ens_065,monthly,1993-2016
C3S,BOM,dynamical,2026-10-01,2027-03,5,2.8666,1.4268,1.4398,ens_065,monthly,1993-2016
C3S,BOM,dynamical,2026-10-01,2026-10,0,3.7998,1.2586,2.5411,ens_066,monthly,1993-2016
C3S,BOM,dynamical,2026-10-01,2026-11,1,4.0816,1.3987,2.6829,ens_066,monthly,1993-2016
C3S,BOM,dynamical,2026-10-01,2026-12,2,4.123,1.5512,2.5718,ens_066,monthly,1993-2016
C3S,BOM,dynamical,2026-10-01,2027-01,3,4.019,1.5231,2.4959,ens_066,monthly,1993-2016
C3S,BOM,dynamical,2026-10-01,2027-02,4,3.3516,1.4263,1.9252,ens_066,monthly,1993-2016
C3S,BOM,dynamical,2026-10-01,2027-03,5,2.8414,1.3322,1.5093,ens_066,monthly,1993-2016
C3S,BOM,dynamical,2026-10-01,2026-10,0,3.9112,1.2753,2.6359,ens_067,monthly,1993-2016
C3S,BOM,dynamical,2026-10-01,2026-11,1,4.172,1.3721,2.7999,ens_067,monthly,1993-2016
C3S,BOM,dynamical,2026-10-01,2026-12,2,4.1095,1.5092,2.6003,ens_067,monthly,1993-2016
C3S,BOM,dynamical,2026-10-01,2027-01,3,3.8161,1.4726,2.3434,ens_067,monthly,1993-2016
C3S,BOM,dynamical,2026-10-01,2027-02,4,3.3447,1.3934,1.9513,ens_067,monthly,1993-2016
C3S,BOM,dynamical,2026-10-01,2027-03,5,2.5542,1.3709,1.1833,ens_067,monthly,1993-2016
C3S,BOM,dynamical,2026-10-01,2026-10,0,3.7539,1.2477,2.5062,ens_068,monthly,1993-2016
C3S,BOM,dynamical,2026-10-01,2026-11,1,4.2388,1.4419,2.7969,ens_068,monthly,1993-2016
C3S,BOM,dynamical,2026-10-01,2026-12,2,4.2198,1.6317,2.5881,ens_068,monthly,1993-2016
C3S,BOM,dynamical,2026-10-01,2027-01,3,3.8594,1.5971,2.2623,ens_068,monthly,1993-2016
C3S,BOM,dynamical,2026-10-01,2027-02,4,3.3561,1.5561,1.8,ens_068,monthly,1993-2016
C3S,BOM,dynamical,2026-10-01,2027-03,5,2.9031,1.4167,1.4864,ens_068,monthly,1993-2016
C3S,BOM,dynamical,2026-10-01,2026-10,0,3.7228,1.2486,2.4742,ens_069,monthly,1993-2016
C3S,BOM,dynamical,2026-10-01,2026-11,1,4.1156,1.4442,2.6714,ens_069,monthly,1993-2016
C3S,BOM,dynamical,2026-10-01,2026-12,2,4.4434,1.6237,2.8198,ens_069,monthly,1993-2016
C3S,BOM,dynamical,2026-10-01,2027-01,3,4.11,1.7182,2.3918,ens_069,monthly,1993-2016
C3S,BOM,dynamical,2026-10-01,2027-02,4,3.5825,1.613,1.9695,ens_069,monthly,1993-2016
C3S,BOM,dynamical,2026-10-01,2027-03,5,2.9518,1.4779,1.4739,ens_069,monthly,1993-2016
C3S,BOM,dynamical,2026-10-01,2026-10,0,3.8164,1.2576,2.5588,ens_070,monthly,1993-2016
C3S,BOM,dynamical,2026-10-01,2026-11,1,4.3314,1.4875,2.8439,ens_070,monthly,1993-2016
C3S,BOM,dynamical,2026-10-01,2026-12,2,4.2858,1.5233,2.7625,ens_070,monthly,1993-2016
C3S,BOM,dynamical,2026-10-01,2027-01,3,4.0125,1.4749,2.5376,ens_070,monthly,1993-2016
C3S,BOM,dynamical,2026-10-01,2027-02,4,3.3584,1.5463,1.8121,ens_070,monthly,1993-2016
C3S,BOM,dynamical,2026-10-01,2027-03,5,2.7504,1.4805,1.2699,ens_070,monthly,1993-2016
C3S,BOM,dynamical,2026-10-01,2026-10,0,3.7949,1.241,2.5539,ens_071,monthly,1993-2016
C3S,BOM,dynamical,2026-10-01,2026-11,1,4.0982,1.4619,2.6363,ens_071,monthly,1993-2016
C3S,BOM,dynamical,2026-10-01,2026-12,2,4.1421,1.5605,2.5816,ens_071,monthly,1993-2016
C3S,BOM,dynamical,2026-10-01,2027-01,3,4.0896,1.5367,2.553,ens_071,monthly,1993-2016
C3S,BOM,dynamical,2026-10-01,2027-02,4,3.2065,1.4129,1.7936,ens_071,monthly,1993-2016
C3S,BOM,dynamical,2026-10-01,2027-03,5,2.5604,1.4047,1.1557,ens_071,monthly,1993-2016
C3S,BOM,dynamical,2026-10-01,2026-10,0,3.7999,1.2599,2.54,ens_072,monthly,1993-2016
C3S,BOM,dynamical,2026-10-01,2026-11,1,4.2518,1.457,2.7948,ens_072,monthly,1993-2016
C3S,BOM,dynamical,2026-10-01,2026-12,2,4.2937,1.567,2.7267,ens_072,monthly,1993-2016
C3S,BOM,dynamical,2026-10-01,2027-01,3,3.901,1.5716,2.3293,ens_072,monthly,1993-2016
C3S,BOM,dynamical,2026-10-01,2027-02,4,3.4767,1.5806,1.8961,ens_072,monthly,1993-2016
C3S,BOM,dynamical,2026-10-01,2027-03,5,2.8524,1.5654,1.287,ens_072,monthly,1993-2016
C3S,BOM,dynamical,2026-10-01,2026-10,0,3.9031,1.2861,2.617,ens_073,monthly,1993-2016
C3S,BOM,dynamical,2026-10-01,2026-11,1,4.3145,1.565,2.7496,ens_073,monthly,1993-2016
C3S,BOM,dynamical,2026-10-01,2026-12,2,4.4483,1.6534,2.7949,ens_073,monthly,1993-2016
C3S,BOM,dynamical,2026-10-01,2027-01,3,4.1653,1.6586,2.5067,ens_073,monthly,1993-2016
C3S,BOM,dynamical,2026-10-01,2027-02,4,3.45,1.56,1.8899,ens_073,monthly,1993-2016
C3S,BOM,dynamical,2026-10-01,2027-03,5,2.7818,1.4179,1.3639,ens_073,monthly,1993-2016
C3S,BOM,dynamical,2026-10-01,2026-10,0,3.8019,1.3142,2.4877,ens_074,monthly,1993-2016
C3S,BOM,dynamical,2026-10-01,2026-11,1,4.2764,1.4628,2.8136,ens_074,monthly,1993-2016
C3S,BOM,dynamical,2026-10-01,2026-12,2,4.2314,1.5391,2.6922,ens_074,monthly,1993-2016
C3S,BOM,dynamical,2026-10-01,2027-01,3,3.9168,1.584,2.3328,ens_074,monthly,1993-2016
C3S,BOM,dynamical,2026-10-01,2027-02,4,3.4102,1.5123,1.8979,ens_074,monthly,1993-2016
C3S,BOM,dynamical,2026-10-01,2027-03,5,2.812,1.4654,1.3466,ens_074,monthly,1993-2016
C3S,BOM,dynamical,2026-10-01,2026-10,0,3.824,1.2374,2.5865,ens_075,monthly,1993-2016
C3S,BOM,dynamical,2026-10-01,2026-11,1,4.1829,1.3898,2.7931,ens_075,monthly,1993-2016
C3S,BOM,dynamical,2026-10-01,2026-12,2,4.0957,1.4587,2.637,ens_075,monthly,1993-2016
C3S,BOM,dynamical,2026-10-01,2027-01,3,3.8372,1.5083,2.3289,ens_075,monthly,1993-2016
C3S,BOM,dynamical,2026-10-01,2027-02,4,3.341,1.4057,1.9353,ens_075,monthly,1993-2016
C3S,BOM,dynamical,2026-10-01,2027-03,5,2.4121,1.3455,1.0666,ens_075,monthly,1993-2016
C3S,BOM,dynamical,2026-10-01,2026-10,0,3.9255,1.28,2.6455,ens_076,monthly,1993-2016
C3S,BOM,dynamical,2026-10-01,2026-11,1,4.3534,1.4639,2.8895,ens_076,monthly,1993-2016
C3S,BOM,dynamical,2026-10-01,2026-12,2,4.2088,1.5276,2.6812,ens_076,monthly,1993-2016
C3S,BOM,dynamical,2026-10-01,2027-01,3,4.0027,1.4966,2.5061,ens_076,monthly,1993-2016
C3S,BOM,dynamical,2026-10-01,2027-02,4,3.2249,1.4105,1.8144,ens_076,monthly,1993-2016
C3S,BOM,dynamical,2026-10-01,2027-03,5,2.8141,1.4576,1.3565,ens_076,monthly,1993-2016
C3S,BOM,dynamical,2026-10-01,2026-10,0,3.7852,1.2046,2.5806,ens_077,monthly,1993-2016
C3S,BOM,dynamical,2026-10-01,2026-11,1,4.2498,1.4196,2.8302,ens_077,monthly,1993-2016
C3S,BOM,dynamical,2026-10-01,2026-12,2,4.2866,1.5604,2.7262,ens_077,monthly,1993-2016
C3S,BOM,dynamical,2026-10-01,2027-01,3,3.984,1.6273,2.3567,ens_077,monthly,1993-2016
C3S,BOM,dynamical,2026-10-01,2027-02,4,3.4489,1.485,1.9639,ens_077,monthly,1993-2016
C3S,BOM,dynamical,2026-10-01,2027-03,5,2.7978,1.3936,1.4042,ens_077,monthly,1993-2016
C3S,BOM,dynamical,2026-10-01,2026-10,0,3.8955,1.2578,2.6377,ens_078,monthly,1993-2016
C3S,BOM,dynamical,2026-10-01,2026-11,1,4.1841,1.4059,2.7782,ens_078,monthly,1993-2016
C3S,BOM,dynamical,2026-10-01,2026-12,2,4.2852,1.5426,2.7426,ens_078,monthly,1993-2016
C3S,BOM,dynamical,2026-10-01,2027-01,3,4.0686,1.4994,2.5692,ens_078,monthly,1993-2016
C3S,BOM,dynamical,2026-10-01,2027-02,4,3.4535,1.4664,1.9871,ens_078,monthly,1993-2016
C3S,BOM,dynamical,2026-10-01,2027-03,5,2.7607,1.3948,1.3659,ens_078,monthly,1993-2016
C3S,BOM,dynamical,2026-10-01,2026-10,0,3.7755,1.2208,2.5548,ens_079,monthly,1993-2016
C3S,BOM,dynamical,2026-10-01,2026-11,1,4.2759,1.4128,2.8631,ens_079,monthly,1993-2016
C3S,BOM,dynamical,2026-10-01,2026-12,2,4.2025,1.5324,2.6701,ens_079,monthly,1993-2016
C3S,BOM,dynamical,2026-10-01,2027-01,3,3.8152,1.5875,2.2277,ens_079,monthly,1993-2016
C3S,BOM,dynamical,2026-10-01,2027-02,4,3.2437,1.4817,1.762,ens_079,monthly,1993-2016
C3S,BOM,dynamical,2026-10-01,2027-03,5,2.3778,1.3886,0.9892,ens_079,monthly,1993-2016
C3S,BOM,dynamical,2026-10-01,2026-10,0,3.8255,1.2745,2.551,ens_080,monthly,1993-2016
C3S,BOM,dynamical,2026-10-01,2026-11,1,4.2989,1.3967,2.9022,ens_080,monthly,1993-2016
C3S,BOM,dynamical,2026-10-01,2026-12,2,4.2452,1.477,2.7682,ens_080,monthly,1993-2016
C3S,BOM,dynamical,2026-10-01,2027-01,3,4.0144,1.6369,2.3776,ens_080,monthly,1993-2016
C3S,BOM,dynamical,2026-10-01,2027-02,4,3.4436,1.6683,1.7753,ens_080,monthly,1993-2016
C3S,BOM,dynamical,2026-10-01,2027-03,5,2.8669,1.54,1.327,ens_080,monthly,1993-2016
C3S,BOM,dynamical,2026-10-01,2026-10,0,3.8711,1.2367,2.6344,ens_081,monthly,1993-2016
C3S,BOM,dynamical,2026-10-01,2026-11,1,4.2028,1.4103,2.7925,ens_081,monthly,1993-2016
C3S,BOM,dynamical,2026-10-01,2026-12,2,4.1042,1.5745,2.5297,ens_081,monthly,1993-2016
C3S,BOM,dynamical,2026-10-01,2027-01,3,3.9211,1.5694,2.3517,ens_081,monthly,1993-2016
C3S,BOM,dynamical,2026-10-01,2027-02,4,3.3248,1.4754,1.8494,ens_081,monthly,1993-2016
C3S,BOM,dynamical,2026-10-01,2027-03,5,2.7296,1.3683,1.3613,ens_081,monthly,1993-2016
C3S,BOM,dynamical,2026-10-01,2026-10,0,3.856,1.2878,2.5682,ens_082,monthly,1993-2016
C3S,BOM,dynamical,2026-10-01,2026-11,1,4.0845,1.3859,2.6987,ens_082,monthly,1993-2016
C3S,BOM,dynamical,2026-10-01,2026-12,2,4.2665,1.5689,2.6976,ens_082,monthly,1993-2016
C3S,BOM,dynamical,2026-10-01,2027-01,3,4.1658,1.5897,2.5761,ens_082,monthly,1993-2016
C3S,BOM,dynamical,2026-10-01,2027-02,4,3.5275,1.5566,1.9709,ens_082,monthly,1993-2016
C3S,BOM,dynamical,2026-10-01,2027-03,5,3.0125,1.4459,1.5666,ens_082,monthly,1993-2016
C3S,BOM,dynamical,2026-10-01,2026-10,0,3.8437,1.2264,2.6173,ens_083,monthly,1993-2016
C3S,BOM,dynamical,2026-10-01,2026-11,1,4.2985,1.4041,2.8944,ens_083,monthly,1993-2016
C3S,BOM,dynamical,2026-10-01,2026-12,2,4.3118,1.5409,2.7709,ens_083,monthly,1993-2016
C3S,BOM,dynamical,2026-10-01,2027-01,3,3.9849,1.5271,2.4577,ens_083,monthly,1993-2016
C3S,BOM,dynamical,2026-10-01,2027-02,4,3.2024,1.4713,1.7311,ens_083,monthly,1993-2016
C3S,BOM,dynamical,2026-10-01,2027-03,5,2.4822,1.3974,1.0848,ens_083,monthly,1993-2016
C3S,BOM,dynamical,2026-10-01,2026-10,0,3.7756,1.2602,2.5155,ens_084,monthly,1993-2016
C3S,BOM,dynamical,2026-10-01,2026-11,1,4.0834,1.3546,2.7288,ens_084,monthly,1993-2016
C3S,BOM,dynamical,2026-10-01,2026-12,2,3.9704,1.5424,2.4281,ens_084,monthly,1993-2016
C3S,BOM,dynamical,2026-10-01,2027-01,3,3.7508,1.5287,2.222,ens_084,monthly,1993-2016
C3S,BOM,dynamical,2026-10-01,2027-02,4,3.2612,1.3993,1.8619,ens_084,monthly,1993-2016
C3S,BOM,dynamical,2026-10-01,2027-03,5,2.5297,1.3138,1.2159,ens_084,monthly,1993-2016
C3S,BOM,dynamical,2026-10-01,2026-10,0,3.8399,1.2911,2.5488,ens_085,monthly,1993-2016
C3S,BOM,dynamical,2026-10-01,2026-11,1,4.4136,1.4851,2.9285,ens_085,monthly,1993-2016
C3S,BOM,dynamical,2026-10-01,2026-12,2,4.3257,1.553,2.7727,ens_085,monthly,1993-2016
C3S,BOM,dynamical,2026-10-01,2027-01,3,4.0887,1.5487,2.54,ens_085,monthly,1993-2016
C3S,BOM,dynamical,2026-10-01,2027-02,4,3.5102,1.5435,1.9666,ens_085,monthly,1993-2016
C3S,BOM,dynamical,2026-10-01,2027-03,5,2.7838,1.5031,1.2807,ens_085,monthly,1993-2016
C3S,BOM,dynamical,2026-10-01,2026-10,0,3.7634,1.2444,2.519,ens_086,monthly,1993-2016
C3S,BOM,dynamical,2026-10-01,2026-11,1,4.3819,1.3852,2.9966,ens_086,monthly,1993-2016
C3S,BOM,dynamical,2026-10-01,2026-12,2,4.3981,1.6248,2.7733,ens_086,monthly,1993-2016
C3S,BOM,dynamical,2026-10-01,2027-01,3,3.9668,1.4898,2.477,ens_086,monthly,1993-2016
C3S,BOM,dynamical,2026-10-01,2027-02,4,3.4567,1.3626,2.0941,ens_086,monthly,1993-2016
C3S,BOM,dynamical,2026-10-01,2027-03,5,2.7256,1.3392,1.3863,ens_086,monthly,1993-2016
C3S,BOM,dynamical,2026-10-01,2026-10,0,3.8487,1.2819,2.5668,ens_087,monthly,1993-2016
C3S,BOM,dynamical,2026-10-01,2026-11,1,4.3307,1.4738,2.8569,ens_087,monthly,1993-2016
C3S,BOM,dynamical,2026-10-01,2026-12,2,4.2317,1.6154,2.6163,ens_087,monthly,1993-2016
C3S,BOM,dynamical,2026-10-01,2027-01,3,4.0978,1.6627,2.4351,ens_087,monthly,1993-2016
C3S,BOM,dynamical,2026-10-01,2027-02,4,3.552,1.5465,2.0054,ens_087,monthly,1993-2016
C3S,BOM,dynamical,2026-10-01,2027-03,5,3.0989,1.5251,1.5739,ens_087,monthly,1993-2016
C3S,BOM,dynamical,2026-10-01,2026-10,0,3.7931,1.2658,2.5273,ens_088,monthly,1993-2016
C3S,BOM,dynamical,2026-10-01,2026-11,1,4.2663,1.3923,2.874,ens_088,monthly,1993-2016
C3S,BOM,dynamical,2026-10-01,2026-12,2,4.4821,1.4678,3.0143,ens_088,monthly,1993-2016
C3S,BOM,dynamical,2026-10-01,2027-01,3,4.0802,1.5722,2.508,ens_088,monthly,1993-2016
C3S,BOM,dynamical,2026-10-01,2027-02,4,3.5187,1.4404,2.0783,ens_088,monthly,1993-2016
C3S,BOM,dynamical,2026-10-01,2027-03,5,2.7808,1.4574,1.3234,ens_088,monthly,1993-2016
C3S,BOM,dynamical,2026-10-01,2026-10,0,3.8176,1.2297,2.5879,ens_089,monthly,1993-2016
C3S,BOM,dynamical,2026-10-01,2026-11,1,4.3068,1.4907,2.8162,ens_089,monthly,1993-2016
C3S,BOM,dynamical,2026-10-01,2026-12,2,4.4656,1.6999,2.7657,ens_089,monthly,1993-2016
C3S,BOM,dynamical,2026-10-01,2027-01,3,4.4405,1.6298,2.8107,ens_089,monthly,1993-2016
C3S,BOM,dynamical,2026-10-01,2027-02,4,3.6945,1.5879,2.1066,ens_089,monthly,1993-2016
C3S,BOM,dynamical,2026-10-01,2027-03,5,2.9957,1.4029,1.5928,ens_089,monthly,1993-2016
C3S,BOM,dynamical,2026-10-01,2026-10,0,3.7463,1.2636,2.4827,ens_090,monthly,1993-2016
C3S,BOM,dynamical,2026-10-01,2026-11,1,4.2018,1.4669,2.7349,ens_090,monthly,1993-2016
C3S,BOM,dynamical,2026-10-01,2026-12,2,4.2452,1.6041,2.6411,ens_090,monthly,1993-2016
C3S,BOM,dynamical,2026-10-01,2027-01,3,3.9108,1.6921,2.2187,ens_090,monthly,1993-2016
C3S,BOM,dynamical,2026-10-01,2027-02,4,3.2767,1.5536,1.7231,ens_090,monthly,1993-2016
C3S,BOM,dynamical,2026-10-01,2027-03,5,2.6016,1.4915,1.1101,ens_090,monthly,1993-2016
C3S,BOM,dynamical,2026-10-01,2026-10,0,3.8485,1.3033,2.5452,ens_091,monthly,1993-2016
C3S,BOM,dynamical,2026-10-01,2026-11,1,4.3064,1.4042,2.9022,ens_091,monthly,1993-2016
C3S,BOM,dynamical,2026-10-01,2026-12,2,4.2249,1.4978,2.727,ens_091,monthly,1993-2016
C3S,BOM,dynamical,2026-10-01,2027-01,3,3.9378,1.4618,2.476,ens_091,monthly,1993-2016
C3S,BOM,dynamical,2026-10-01,2027-02,4,3.4487,1.3647,2.084,ens_091,monthly,1993-2016
C3S,BOM,dynamical,2026-10-01,2027-03,5,2.8729,1.3066,1.5664,ens_091,monthly,1993-2016
C3S,BOM,dynamical,2026-10-01,2026-10,0,3.6628,1.2447,2.4181,ens_092,monthly,1993-2016
C3S,BOM,dynamical,2026-10-01,2026-11,1,4.1217,1.4091,2.7126,ens_092,monthly,1993-2016
C3S,BOM,dynamical,2026-10-01,2026-12,2,4.1921,1.5774,2.6147,ens_092,monthly,1993-2016
C3S,BOM,dynamical,2026-10-01,2027-01,3,3.9315,1.5441,2.3874,ens_092,monthly,1993-2016
C3S,BOM,dynamical,2026-10-01,2027-02,4,3.2215,1.446,1.7754,ens_092,monthly,1993-2016
C3S,BOM,dynamical,2026-10-01,2027-03,5,2.6803,1.3838,1.2965,ens_092,monthly,1993-2016
C3S,BOM,dynamical,2026-10-01,2026-10,0,3.7308,1.322,2.4088,ens_093,monthly,1993-2016
C3S,BOM,dynamical,2026-10-01,2026-11,1,4.1439,1.4488,2.695,ens_093,monthly,1993-2016
C3S,BOM,dynamical,2026-10-01,2026-12,2,4.2968,1.6689,2.6278,ens_093,monthly,1993-2016
C3S,BOM,dynamical,2026-10-01,2027-01,3,3.9272,1.7418,2.1854,ens_093,monthly,1993-2016
C3S,BOM,dynamical,2026-10-01,2027-02,4,3.4149,1.6284,1.7865,ens_093,monthly,1993-2016
C3S,BOM,dynamical,2026-10-01,2027-03,5,2.7863,1.5128,1.2736,ens_093,monthly,1993-2016
C3S,BOM,dynamical,2026-10-01,2026-10,0,3.6862,1.2881,2.3981,ens_094,monthly,1993-2016
C3S,BOM,dynamical,2026-10-01,2026-11,1,4.2377,1.4686,2.7692,ens_094,monthly,1993-2016
C3S,BOM,dynamical,2026-10-01,2026-12,2,4.2507,1.6043,2.6464,ens_094,monthly,1993-2016
C3S,BOM,dynamical,2026-10-01,2027-01,3,4.1418,1.5941,2.5477,ens_094,monthly,1993-2016
C3S,BOM,dynamical,2026-10-01,2027-02,4,3.7791,1.526,2.2532,ens_094,monthly,1993-2016
C3S,BOM,dynamical,2026-10-01,2027-03,5,3.0535,1.4993,1.5542,ens_094,monthly,1993-2016
C3S,BOM,dynamical,2026-10-01,2026-10,0,3.9184,1.2774,2.641,ens_095,monthly,1993-2016
C3S,BOM,dynamical,2026-10-01,2026-11,1,4.3166,1.4439,2.8727,ens_095,monthly,1993-2016
C3S,BOM,dynamical,2026-10-01,2026-12,2,4.1039,1.5425,2.5614,ens_095,monthly,1993-2016
C3S,BOM,dynamical,2026-10-01,2027-01,3,3.8433,1.5339,2.3094,ens_095,monthly,1993-2016
C3S,BOM,dynamical,2026-10-01,2027-02,4,3.3786,1.5866,1.792,ens_095,monthly,1993-2016
C3S,BOM,dynamical,2026-10-01,2027-03,5,2.7833,1.4845,1.2988,ens_095,monthly,1993-2016
C3S,BOM,dynamical,2026-10-01,2026-10,0,3.6984,1.2324,2.466,ens_096,monthly,1993-2016
C3S,BOM,dynamical,2026-10-01,2026-11,1,4.2353,1.4855,2.7499,ens_096,monthly,1993-2016
C3S,BOM,dynamical,2026-10-01,2026-12,2,4.161,1.6446,2.5163,ens_096,monthly,1993-2016
C3S,BOM,dynamical,2026-10-01,2027-01,3,3.8736,1.6136,2.2599,ens_096,monthly,1993-2016
C3S,BOM,dynamical,2026-10-01,2027-02,4,3.5079,1.3915,2.1164,ens_096,monthly,1993-2016
C3S,BOM,dynamical,2026-10-01,2027-03,5,2.7182,1.3391,1.3792,ens_096,monthly,1993-2016
C3S,BOM,dynamical,2026-10-01,2026-10,0,3.7581,1.2827,2.4754,ens_097,monthly,1993-2016
C3S,BOM,dynamical,2026-10-01,2026-11,1,4.134,1.4763,2.6577,ens_097,monthly,1993-2016
C3S,BOM,dynamical,2026-10-01,2026-12,2,4.2161,1.5554,2.6607,ens_097,monthly,1993-2016
C3S,BOM,dynamical,2026-10-01,2027-01,3,3.8397,1.5697,2.27,ens_097,monthly,1993-2016
C3S,BOM,dynamical,2026-10-01,2027-02,4,3.327,1.4518,1.8752,ens_097,monthly,1993-2016
C3S,BOM,dynamical,2026-10-01,2027-03,5,2.9045,1.3922,1.5123,ens_097,monthly,1993-2016
C3S,BOM,dynamical,2026-10-01,2026-10,0,3.8135,1.2351,2.5784,ens_098,monthly,1993-2016
C3S,BOM,dynamical,2026-10-01,2026-11,1,4.2032,1.4468,2.7564,ens_098,monthly,1993-2016
C3S,BOM,dynamical,2026-10-01,2026-12,2,4.2991,1.6059,2.6931,ens_098,monthly,1993-2016
C3S,BOM,dynamical,2026-10-01,2027-01,3,4.0047,1.5803,2.4244,ens_098,monthly,1993-2016
C3S,BOM,dynamical,2026-10-01,2027-02,4,3.5272,1.5084,2.0187,ens_098,monthly,1993-2016
C3S,BOM,dynamical,2026-10-01,2027-03,5,2.8191,1.389,1.4302,ens_098,monthly,1993-2016
C3S,BOM,dynamical,2026-10-01,2026-10,0,3.761,1.2631,2.4979,ens_099,monthly,1993-2016
C3S,BOM,dynamical,2026-10-01,2026-11,1,4.1331,1.4784,2.6547,ens_099,monthly,1993-2016
C3S,BOM,dynamical,2026-10-01,2026-12,2,4.313,1.6143,2.6987,ens_099,monthly,1993-2016
C3S,BOM,dynamical,2026-10-01,2027-01,3,4.0288,1.5856,2.4432,ens_099,monthly,1993-2016
C3S,BOM,dynamical,2026-10-01,2027-02,4,3.4553,1.6298,1.8255,ens_099,monthly,1993-2016
C3S,BOM,dynamical,2026-10-01,2027-03,5,2.8425,1.4704,1.3721,ens_099,monthly,1993-2016
C3S,BOM,dynamical,2026-10-01,2026-10,0,3.8221,1.2537,2.5684,ens_100,monthly,1993-2016
C3S,BOM,dynamical,2026-10-01,2026-11,1,4.3185,1.4239,2.8946,ens_100,monthly,1993-2016
C3S,BOM,dynamical,2026-10-01,2026-12,2,4.2905,1.5041,2.7864,ens_100,monthly,1993-2016
C3S,BOM,dynamical,2026-10-01,2027-01,3,4.0378,1.528,2.5098,ens_100,monthly,1993-2016
C3S,BOM,dynamical,2026-10-01,2027-02,4,3.4728,1.4418,2.031,ens_100,monthly,1993-2016
C3S,BOM,dynamical,2026-10-01,2027-03,5,3.0267,1.3377,1.689,ens_100,monthly,1993-2016
C3S,BOM,dynamical,2026-10-01,2026-10,0,3.7576,1.2763,2.4813,ens_101,monthly,1993-2016
C3S,BOM,dynamical,2026-10-01,2026-11,1,4.2245,1.4842,2.7404,ens_101,monthly,1993-2016
C3S,BOM,dynamical,2026-10-01,2026-12,2,4.2746,1.6626,2.612,ens_101,monthly,1993-2016
C3S,BOM,dynamical,2026-10-01,2027-01,3,3.989,1.6969,2.2921,ens_101,monthly,1993-2016
C3S,BOM,dynamical,2026-10-01,2027-02,4,3.8147,1.5759,2.2389,ens_101,monthly,1993-2016
C3S,BOM,dynamical,2026-10-01,2027-03,5,2.7198,1.4418,1.2781,ens_101,monthly,1993-2016
C3S,BOM,dynamical,2026-10-01,2026-10,0,3.7333,1.2819,2.4514,ens_102,monthly,1993-2016
C3S,BOM,dynamical,2026-10-01,2026-11,1,4.027,1.403,2.624,ens_102,monthly,1993-2016
C3S,BOM,dynamical,2026-10-01,2026-12,2,4.0648,1.6242,2.4406,ens_102,monthly,1993-2016
C3S,BOM,dynamical,2026-10-01,2027-01,3,3.8482,1.5493,2.2989,ens_102,monthly,1993-2016
C3S,BOM,dynamical,2026-10-01,2027-02,4,3.3652,1.4542,1.911,ens_102,monthly,1993-2016
C3S,BOM,dynamical,2026-10-01,2027-03,5,2.8806,1.4817,1.3989,ens_102,monthly,1993-2016
C3S,BOM,dynamical,2026-10-01,2026-10,0,3.9504,1.2512,2.6992,ens_103,monthly,1993-2016
C3S,BOM,dynamical,2026-10-01,2026-11,1,4.4011,1.3942,3.0069,ens_103,monthly,1993-2016
C3S,BOM,dynamical,2026-10-01,2026-12,2,4.4527,1.5088,2.9439,ens_103,monthly,1993-2016
C3S,BOM,dynamical,2026-10-01,2027-01,3,4.1725,1.5291,2.6434,ens_103,monthly,1993-2016
C3S,BOM,dynamical,2026-10-01,2027-02,4,3.5759,1.4867,2.0892,ens_103,monthly,1993-2016
C3S,BOM,dynamical,2026-10-01,2027-03,5,2.74,1.4624,1.2776,ens_103,monthly,1993-2016
C3S,BOM,dynamical,2026-10-01,2026-10,0,3.7549,1.3088,2.4461,ens_104,monthly,1993-2016
C3S,BOM,dynamical,2026-10-01,2026-11,1,4.2453,1.4451,2.8003,ens_104,monthly,1993-2016
C3S,BOM,dynamical,2026-10-01,2026-12,2,4.2354,1.5312,2.7042,ens_104,monthly,1993-2016
C3S,BOM,dynamical,2026-10-01,2027-01,3,3.9988,1.5086,2.4902,ens_104,monthly,1993-2016
C3S,BOM,dynamical,2026-10-01,2027-02,4,3.5193,1.4603,2.0589,ens_104,monthly,1993-2016
C3S,BOM,dynamical,2026-10-01,2027-03,5,3.0668,1.3961,1.6707,ens_104,monthly,1993-2016
C3S,BOM,dynamical,2026-10-01,2026-10,0,3.7293,1.261,2.4683,ens_105,monthly,1993-2016
C3S,BOM,dynamical,2026-10-01,2026-11,1,4.1708,1.5201,2.6507,ens_105,monthly,1993-2016
C3S,BOM,dynamical,2026-10-01,2026-12,2,4.2361,1.598,2.6381,ens_105,monthly,1993-2016
C3S,BOM,dynamical,2026-10-01,2027-01,3,4.0949,1.4935,2.6015,ens_105,monthly,1993-2016
C3S,BOM,dynamical,2026-10-01,2027-02,4,3.3707,1.4335,1.9373,ens_105,monthly,1993-2016
C3S,BOM,dynamical,2026-10-01,2027-03,5,2.8309,1.3525,1.4785,ens_105,monthly,1993-2016
C3S,BOM,dynamical,2026-10-01,2026-10,0,3.8772,1.3208,2.5565,ens_106,monthly,1993-2016
C3S,BOM,dynamical,2026-10-01,2026-11,1,4.2901,1.5726,2.7175,ens_106,monthly,1993-2016
C3S,BOM,dynamical,2026-10-01,2026-12,2,4.4663,1.7033,2.7631,ens_106,monthly,1993-2016
C3S,BOM,dynamical,2026-10-01,2027-01,3,4.0032,1.7172,2.286,ens_106,monthly,1993-2016
C3S,BOM,dynamical,2026-10-01,2027-02,4,3.4345,1.6439,1.7906,ens_106,monthly,1993-2016
C3S,BOM,dynamical,2026-10-01,2027-03,5,2.7727,1.4316,1.3411,ens_106,monthly,1993-2016
C3S,BOM,dynamical,2026-10-01,2026-10,0,3.7331,1.3119,2.4212,ens_107,monthly,1993-2016
C3S,BOM,dynamical,2026-10-01,2026-11,1,4.2772,1.5294,2.7478,ens_107,monthly,1993-2016
C3S,BOM,dynamical,2026-10-01,2026-12,2,4.3387,1.6227,2.7161,ens_107,monthly,1993-2016
C3S,BOM,dynamical,2026-10-01,2027-01,3,4.2243,1.691,2.5333,ens_107,monthly,1993-2016
C3S,BOM,dynamical,2026-10-01,2027-02,4,3.6514,1.6444,2.0071,ens_107,monthly,1993-2016
C3S,BOM,dynamical,2026-10-01,2027-03,5,3.1787,1.4922,1.6865,ens_107,monthly,1993-2016
C3S,BOM,dynamical,2026-10-01,2026-10,0,3.7537,1.2871,2.4665,ens_108,monthly,1993-2016
C3S,BOM,dynamical,2026-10-01,2026-11,1,4.3287,1.4918,2.8368,ens_108,monthly,1993-2016
C3S,BOM,dynamical,2026-10-01,2026-12,2,4.2602,1.5803,2.68,ens_108,monthly,1993-2016
C3S,BOM,dynamical,2026-10-01,2027-01,3,3.9303,1.6259,2.3044,ens_108,monthly,1993-2016
C3S,BOM,dynamical,2026-10-01,2027-02,4,3.5264,1.5181,2.0083,ens_108,monthly,1993-2016
C3S,BOM,dynamical,2026-10-01,2027-03,5,2.8796,1.4413,1.4383,ens_108,monthly,1993-2016
C3S,BOM,dynamical,2026-10-01,2026-10,0,3.6938,1.3091,2.3847,ens_109,monthly,1993-2016
C3S,BOM,dynamical,2026-10-01,2026-11,1,4.3061,1.5029,2.8032,ens_109,monthly,1993-2016
C3S,BOM,dynamical,2026-10-01,2026-12,2,4.3954,1.6507,2.7447,ens_109,monthly,1993-2016
C3S,BOM,dynamical,2026-10-01,2027-01,3,4.0967,1.5855,2.5112,ens_109,monthly,1993-2016
C3S,BOM,dynamical,2026-10-01,2027-02,4,3.5186,1.4979,2.0206,ens_109,monthly,1993-2016
C3S,BOM,dynamical,2026-10-01,2027-03,5,3.0518,1.4968,1.5549,ens_109,monthly,1993-2016
C3S,BOM,dynamical,2026-10-01,2026-10,0,3.8076,1.2792,2.5284,mean,monthly,1993-2016
C3S,BOM,dynamical,2026-10-01,2026-11,1,4.2338,1.4668,2.767,mean,monthly,1993-2016
C3S,BOM,dynamical,2026-10-01,2026-12,2,4.2637,1.5825,2.6812,mean,monthly,1993-2016
C3S,BOM,dynamical,2026-10-01,2027-01,3,3.9894,1.5798,2.4096,mean,monthly,1993-2016
C3S,BOM,dynamical,2026-10-01,2027-02,4,3.4087,1.4975,1.9111,mean,monthly,1993-2016
C3S,BOM,dynamical,2026-10-01,2027-03,5,2.7743,1.4219,1.3525,mean,monthly,1993-2016
