source,model,model_type,init_date,target_month,lead_months,nino34_anom,tropical_mean_anom,roni_anom,member_id,temporal_resolution,anomaly_base_period
C3S,ECMWF,dynamical,2026-09-01,2026-09,0,3.2711,0.9643,2.3068,ens_000,monthly,1993-2016
C3S,ECMWF,dynamical,2026-09-01,2026-10,1,3.8611,1.1147,2.7465,ens_000,monthly,1993-2016
C3S,ECMWF,dynamical,2026-09-01,2026-11,2,4.185,1.2168,2.9682,ens_000,monthly,1993-2016
C3S,ECMWF,dynamical,2026-09-01,2026-12,3,4.2943,1.27,3.0244,ens_000,monthly,1993-2016
C3S,ECMWF,dynamical,2026-09-01,2027-01,4,4.1273,1.3788,2.7485,ens_000,monthly,1993-2016
C3S,ECMWF,dynamical,2026-09-01,2027-02,5,3.794,1.4384,2.3556,ens_000,monthly,1993-2016
C3S,ECMWF,dynamical,2026-09-01,2026-09,0,3.3582,0.9658,2.3924,ens_001,monthly,1993-2016
C3S,ECMWF,dynamical,2026-09-01,2026-10,1,3.956,1.1838,2.7722,ens_001,monthly,1993-2016
C3S,ECMWF,dynamical,2026-09-01,2026-11,2,3.9646,1.2217,2.7429,ens_001,monthly,1993-2016
C3S,ECMWF,dynamical,2026-09-01,2026-12,3,4.0806,1.2728,2.8077,ens_001,monthly,1993-2016
C3S,ECMWF,dynamical,2026-09-01,2027-01,4,4.1273,1.4224,2.7049,ens_001,monthly,1993-2016
C3S,ECMWF,dynamical,2026-09-01,2027-02,5,3.9171,1.4214,2.4957,ens_001,monthly,1993-2016
C3S,ECMWF,dynamical,2026-09-01,2026-09,0,3.138,0.9228,2.2152,ens_002,monthly,1993-2016
C3S,ECMWF,dynamical,2026-09-01,2026-10,1,3.5714,1.0786,2.4929,ens_002,monthly,1993-2016
C3S,ECMWF,dynamical,2026-09-01,2026-11,2,4.0001,1.1861,2.814,ens_002,monthly,1993-2016
C3S,ECMWF,dynamical,2026-09-01,2026-12,3,4.028,1.2686,2.7594,ens_002,monthly,1993-2016
C3S,ECMWF,dynamical,2026-09-01,2027-01,4,3.8291,1.3233,2.5058,ens_002,monthly,1993-2016
C3S,ECMWF,dynamical,2026-09-01,2027-02,5,3.507,1.2948,2.2122,ens_002,monthly,1993-2016
C3S,ECMWF,dynamical,2026-09-01,2026-09,0,3.2121,0.9557,2.2563,ens_003,monthly,1993-2016
C3S,ECMWF,dynamical,2026-09-01,2026-10,1,3.7602,1.1067,2.6535,ens_003,monthly,1993-2016
C3S,ECMWF,dynamical,2026-09-01,2026-11,2,3.9838,1.201,2.7828,ens_003,monthly,1993-2016
C3S,ECMWF,dynamical,2026-09-01,2026-12,3,4.1897,1.2872,2.9025,ens_003,monthly,1993-2016
C3S,ECMWF,dynamical,2026-09-01,2027-01,4,4.1012,1.3878,2.7134,ens_003,monthly,1993-2016
C3S,ECMWF,dynamical,2026-09-01,2027-02,5,3.7183,1.4138,2.3045,ens_003,monthly,1993-2016
C3S,ECMWF,dynamical,2026-09-01,2026-09,0,3.2958,0.9578,2.338,ens_004,monthly,1993-2016
C3S,ECMWF,dynamical,2026-09-01,2026-10,1,3.9614,1.1039,2.8576,ens_004,monthly,1993-2016
C3S,ECMWF,dynamical,2026-09-01,2026-11,2,4.2144,1.2391,2.9753,ens_004,monthly,1993-2016
C3S,ECMWF,dynamical,2026-09-01,2026-12,3,4.2411,1.2754,2.9656,ens_004,monthly,1993-2016
C3S,ECMWF,dynamical,2026-09-01,2027-01,4,4.1594,1.3278,2.8316,ens_004,monthly,1993-2016
C3S,ECMWF,dynamical,2026-09-01,2027-02,5,3.815,1.3208,2.4942,ens_004,monthly,1993-2016
C3S,ECMWF,dynamical,2026-09-01,2026-09,0,3.2167,0.929,2.2877,ens_005,monthly,1993-2016
C3S,ECMWF,dynamical,2026-09-01,2026-10,1,3.6553,1.0712,2.5841,ens_005,monthly,1993-2016
C3S,ECMWF,dynamical,2026-09-01,2026-11,2,3.8762,1.1776,2.6986,ens_005,monthly,1993-2016
C3S,ECMWF,dynamical,2026-09-01,2026-12,3,4.1002,1.2585,2.8417,ens_005,monthly,1993-2016
C3S,ECMWF,dynamical,2026-09-01,2027-01,4,3.9098,1.3239,2.5859,ens_005,monthly,1993-2016
C3S,ECMWF,dynamical,2026-09-01,2027-02,5,3.6552,1.3015,2.3538,ens_005,monthly,1993-2016
C3S,ECMWF,dynamical,2026-09-01,2026-09,0,3.2615,1.0032,2.2583,ens_006,monthly,1993-2016
C3S,ECMWF,dynamical,2026-09-01,2026-10,1,3.7723,1.1765,2.5959,ens_006,monthly,1993-2016
C3S,ECMWF,dynamical,2026-09-01,2026-11,2,4.0348,1.2993,2.7355,ens_006,monthly,1993-2016
C3S,ECMWF,dynamical,2026-09-01,2026-12,3,4.1027,1.3681,2.7345,ens_006,monthly,1993-2016
C3S,ECMWF,dynamical,2026-09-01,2027-01,4,4.006,1.457,2.549,ens_006,monthly,1993-2016
C3S,ECMWF,dynamical,2026-09-01,2027-02,5,3.7484,1.4202,2.3282,ens_006,monthly,1993-2016
C3S,ECMWF,dynamical,2026-09-01,2026-09,0,3.3508,0.9639,2.3869,ens_007,monthly,1993-2016
C3S,ECMWF,dynamical,2026-09-01,2026-10,1,3.8226,1.0925,2.7301,ens_007,monthly,1993-2016
C3S,ECMWF,dynamical,2026-09-01,2026-11,2,4.0896,1.1995,2.8901,ens_007,monthly,1993-2016
C3S,ECMWF,dynamical,2026-09-01,2026-12,3,4.3521,1.3532,2.9989,ens_007,monthly,1993-2016
C3S,ECMWF,dynamical,2026-09-01,2027-01,4,4.3389,1.3946,2.9443,ens_007,monthly,1993-2016
C3S,ECMWF,dynamical,2026-09-01,2027-02,5,3.9813,1.3784,2.6029,ens_007,monthly,1993-2016
C3S,ECMWF,dynamical,2026-09-01,2026-09,0,3.1838,0.922,2.2618,ens_008,monthly,1993-2016
C3S,ECMWF,dynamical,2026-09-01,2026-10,1,3.745,1.0711,2.6739,ens_008,monthly,1993-2016
C3S,ECMWF,dynamical,2026-09-01,2026-11,2,3.9491,1.2092,2.7399,ens_008,monthly,1993-2016
C3S,ECMWF,dynamical,2026-09-01,2026-12,3,3.9692,1.3156,2.6537,ens_008,monthly,1993-2016
C3S,ECMWF,dynamical,2026-09-01,2027-01,4,3.5856,1.2724,2.3132,ens_008,monthly,1993-2016
C3S,ECMWF,dynamical,2026-09-01,2027-02,5,3.5939,1.3447,2.2493,ens_008,monthly,1993-2016
C3S,ECMWF,dynamical,2026-09-01,2026-09,0,3.3395,1.0154,2.3241,ens_009,monthly,1993-2016
C3S,ECMWF,dynamical,2026-09-01,2026-10,1,3.8895,1.179,2.7105,ens_009,monthly,1993-2016
C3S,ECMWF,dynamical,2026-09-01,2026-11,2,4.1557,1.2984,2.8573,ens_009,monthly,1993-2016
C3S,ECMWF,dynamical,2026-09-01,2026-12,3,4.0969,1.369,2.728,ens_009,monthly,1993-2016
C3S,ECMWF,dynamical,2026-09-01,2027-01,4,3.9182,1.3883,2.53,ens_009,monthly,1993-2016
C3S,ECMWF,dynamical,2026-09-01,2027-02,5,3.7896,1.4491,2.3405,ens_009,monthly,1993-2016
C3S,ECMWF,dynamical,2026-09-01,2026-09,0,3.1832,0.9656,2.2176,ens_010,monthly,1993-2016
C3S,ECMWF,dynamical,2026-09-01,2026-10,1,3.5731,1.0874,2.4857,ens_010,monthly,1993-2016
C3S,ECMWF,dynamical,2026-09-01,2026-11,2,3.8314,1.2211,2.6104,ens_010,monthly,1993-2016
C3S,ECMWF,dynamical,2026-09-01,2026-12,3,3.936,1.3012,2.6348,ens_010,monthly,1993-2016
C3S,ECMWF,dynamical,2026-09-01,2027-01,4,3.8254,1.3973,2.4281,ens_010,monthly,1993-2016
C3S,ECMWF,dynamical,2026-09-01,2027-02,5,3.6192,1.496,2.1233,ens_010,monthly,1993-2016
C3S,ECMWF,dynamical,2026-09-01,2026-09,0,3.1986,0.9556,2.2431,ens_011,monthly,1993-2016
C3S,ECMWF,dynamical,2026-09-01,2026-10,1,3.7281,1.1135,2.6146,ens_011,monthly,1993-2016
C3S,ECMWF,dynamical,2026-09-01,2026-11,2,4.055,1.289,2.766,ens_011,monthly,1993-2016
C3S,ECMWF,dynamical,2026-09-01,2026-12,3,4.2357,1.341,2.8947,ens_011,monthly,1993-2016
C3S,ECMWF,dynamical,2026-09-01,2027-01,4,4.0347,1.4186,2.6161,ens_011,monthly,1993-2016
C3S,ECMWF,dynamical,2026-09-01,2027-02,5,3.5215,1.3018,2.2196,ens_011,monthly,1993-2016
C3S,ECMWF,dynamical,2026-09-01,2026-09,0,3.2822,0.9509,2.3313,ens_012,monthly,1993-2016
C3S,ECMWF,dynamical,2026-09-01,2026-10,1,3.7637,1.1167,2.647,ens_012,monthly,1993-2016
C3S,ECMWF,dynamical,2026-09-01,2026-11,2,4.0634,1.2429,2.8204,ens_012,monthly,1993-2016
C3S,ECMWF,dynamical,2026-09-01,2026-12,3,4.1432,1.2595,2.8837,ens_012,monthly,1993-2016
C3S,ECMWF,dynamical,2026-09-01,2027-01,4,4.2833,1.3548,2.9285,ens_012,monthly,1993-2016
C3S,ECMWF,dynamical,2026-09-01,2027-02,5,4.027,1.3242,2.7028,ens_012,monthly,1993-2016
C3S,ECMWF,dynamical,2026-09-01,2026-09,0,3.2781,0.9427,2.3354,ens_013,monthly,1993-2016
C3S,ECMWF,dynamical,2026-09-01,2026-10,1,3.8319,1.1082,2.7238,ens_013,monthly,1993-2016
C3S,ECMWF,dynamical,2026-09-01,2026-11,2,4.01,1.208,2.802,ens_013,monthly,1993-2016
C3S,ECMWF,dynamical,2026-09-01,2026-12,3,3.9869,1.3043,2.6827,ens_013,monthly,1993-2016
C3S,ECMWF,dynamical,2026-09-01,2027-01,4,3.682,1.3038,2.3781,ens_013,monthly,1993-2016
C3S,ECMWF,dynamical,2026-09-01,2027-02,5,3.594,1.4304,2.1636,ens_013,monthly,1993-2016
C3S,ECMWF,dynamical,2026-09-01,2026-09,0,3.2616,0.9684,2.2933,ens_014,monthly,1993-2016
C3S,ECMWF,dynamical,2026-09-01,2026-10,1,3.7787,1.1809,2.5978,ens_014,monthly,1993-2016
C3S,ECMWF,dynamical,2026-09-01,2026-11,2,4.1394,1.2316,2.9078,ens_014,monthly,1993-2016
C3S,ECMWF,dynamical,2026-09-01,2026-12,3,4.2148,1.3121,2.9027,ens_014,monthly,1993-2016
C3S,ECMWF,dynamical,2026-09-01,2027-01,4,4.0826,1.3974,2.6852,ens_014,monthly,1993-2016
C3S,ECMWF,dynamical,2026-09-01,2027-02,5,3.7291,1.3955,2.3336,ens_014,monthly,1993-2016
C3S,ECMWF,dynamical,2026-09-01,2026-09,0,3.2486,1.0046,2.244,ens_015,monthly,1993-2016
C3S,ECMWF,dynamical,2026-09-01,2026-10,1,3.8158,1.0999,2.7159,ens_015,monthly,1993-2016
C3S,ECMWF,dynamical,2026-09-01,2026-11,2,4.2571,1.1996,3.0575,ens_015,monthly,1993-2016
C3S,ECMWF,dynamical,2026-09-01,2026-12,3,4.2562,1.2672,2.989,ens_015,monthly,1993-2016
C3S,ECMWF,dynamical,2026-09-01,2027-01,4,4.0548,1.3108,2.7439,ens_015,monthly,1993-2016
C3S,ECMWF,dynamical,2026-09-01,2027-02,5,3.8061,1.2548,2.5513,ens_015,monthly,1993-2016
C3S,ECMWF,dynamical,2026-09-01,2026-09,0,3.2698,0.9484,2.3214,ens_016,monthly,1993-2016
C3S,ECMWF,dynamical,2026-09-01,2026-10,1,3.7568,1.1172,2.6396,ens_016,monthly,1993-2016
C3S,ECMWF,dynamical,2026-09-01,2026-11,2,4.0753,1.1946,2.8807,ens_016,monthly,1993-2016
C3S,ECMWF,dynamical,2026-09-01,2026-12,3,4.238,1.3129,2.9251,ens_016,monthly,1993-2016
C3S,ECMWF,dynamical,2026-09-01,2027-01,4,4.2559,1.3544,2.9015,ens_016,monthly,1993-2016
C3S,ECMWF,dynamical,2026-09-01,2027-02,5,4.2158,1.372,2.8438,ens_016,monthly,1993-2016
C3S,ECMWF,dynamical,2026-09-01,2026-09,0,3.1643,0.9665,2.1977,ens_017,monthly,1993-2016
C3S,ECMWF,dynamical,2026-09-01,2026-10,1,3.527,1.1225,2.4046,ens_017,monthly,1993-2016
C3S,ECMWF,dynamical,2026-09-01,2026-11,2,3.6495,1.2131,2.4364,ens_017,monthly,1993-2016
C3S,ECMWF,dynamical,2026-09-01,2026-12,3,3.7567,1.3049,2.4518,ens_017,monthly,1993-2016
C3S,ECMWF,dynamical,2026-09-01,2027-01,4,3.6314,1.3509,2.2806,ens_017,monthly,1993-2016
C3S,ECMWF,dynamical,2026-09-01,2027-02,5,3.235,1.3579,1.8771,ens_017,monthly,1993-2016
C3S,ECMWF,dynamical,2026-09-01,2026-09,0,3.3368,0.9329,2.4038,ens_018,monthly,1993-2016
C3S,ECMWF,dynamical,2026-09-01,2026-10,1,3.9676,1.0885,2.8792,ens_018,monthly,1993-2016
C3S,ECMWF,dynamical,2026-09-01,2026-11,2,4.0798,1.2064,2.8734,ens_018,monthly,1993-2016
C3S,ECMWF,dynamical,2026-09-01,2026-12,3,4.0653,1.2738,2.7915,ens_018,monthly,1993-2016
C3S,ECMWF,dynamical,2026-09-01,2027-01,4,4.0275,1.3729,2.6546,ens_018,monthly,1993-2016
C3S,ECMWF,dynamical,2026-09-01,2027-02,5,3.5746,1.3978,2.1768,ens_018,monthly,1993-2016
C3S,ECMWF,dynamical,2026-09-01,2026-09,0,3.3695,1.0398,2.3296,ens_019,monthly,1993-2016
C3S,ECMWF,dynamical,2026-09-01,2026-10,1,3.8069,1.153,2.654,ens_019,monthly,1993-2016
C3S,ECMWF,dynamical,2026-09-01,2026-11,2,4.1627,1.2339,2.9288,ens_019,monthly,1993-2016
C3S,ECMWF,dynamical,2026-09-01,2026-12,3,4.3058,1.3732,2.9326,ens_019,monthly,1993-2016
C3S,ECMWF,dynamical,2026-09-01,2027-01,4,4.2108,1.4347,2.7761,ens_019,monthly,1993-2016
C3S,ECMWF,dynamical,2026-09-01,2027-02,5,4.1021,1.4673,2.6348,ens_019,monthly,1993-2016
C3S,ECMWF,dynamical,2026-09-01,2026-09,0,3.2006,0.9285,2.2721,ens_020,monthly,1993-2016
C3S,ECMWF,dynamical,2026-09-01,2026-10,1,3.7622,1.0883,2.6738,ens_020,monthly,1993-2016
C3S,ECMWF,dynamical,2026-09-01,2026-11,2,3.9584,1.221,2.7374,ens_020,monthly,1993-2016
C3S,ECMWF,dynamical,2026-09-01,2026-12,3,4.1155,1.2642,2.8513,ens_020,monthly,1993-2016
C3S,ECMWF,dynamical,2026-09-01,2027-01,4,4.192,1.3368,2.8553,ens_020,monthly,1993-2016
C3S,ECMWF,dynamical,2026-09-01,2027-02,5,3.8509,1.3309,2.52,ens_020,monthly,1993-2016
C3S,ECMWF,dynamical,2026-09-01,2026-09,0,3.1738,0.9791,2.1947,ens_021,monthly,1993-2016
C3S,ECMWF,dynamical,2026-09-01,2026-10,1,3.6011,1.0973,2.5038,ens_021,monthly,1993-2016
C3S,ECMWF,dynamical,2026-09-01,2026-11,2,3.8269,1.159,2.6679,ens_021,monthly,1993-2016
C3S,ECMWF,dynamical,2026-09-01,2026-12,3,3.9198,1.2639,2.6559,ens_021,monthly,1993-2016
C3S,ECMWF,dynamical,2026-09-01,2027-01,4,3.5104,1.268,2.2424,ens_021,monthly,1993-2016
C3S,ECMWF,dynamical,2026-09-01,2027-02,5,3.2934,1.2853,2.0081,ens_021,monthly,1993-2016
C3S,ECMWF,dynamical,2026-09-01,2026-09,0,3.3842,0.9486,2.4355,ens_022,monthly,1993-2016
C3S,ECMWF,dynamical,2026-09-01,2026-10,1,3.9926,1.1009,2.8917,ens_022,monthly,1993-2016
C3S,ECMWF,dynamical,2026-09-01,2026-11,2,4.2976,1.1916,3.106,ens_022,monthly,1993-2016
C3S,ECMWF,dynamical,2026-09-01,2026-12,3,4.3764,1.3476,3.0288,ens_022,monthly,1993-2016
C3S,ECMWF,dynamical,2026-09-01,2027-01,4,4.1962,1.4028,2.7934,ens_022,monthly,1993-2016
C3S,ECMWF,dynamical,2026-09-01,2027-02,5,3.715,1.3489,2.366,ens_022,monthly,1993-2016
C3S,ECMWF,dynamical,2026-09-01,2026-09,0,3.2106,0.9553,2.2553,ens_023,monthly,1993-2016
C3S,ECMWF,dynamical,2026-09-01,2026-10,1,3.54,1.1082,2.4318,ens_023,monthly,1993-2016
C3S,ECMWF,dynamical,2026-09-01,2026-11,2,3.7868,1.2365,2.5503,ens_023,monthly,1993-2016
C3S,ECMWF,dynamical,2026-09-01,2026-12,3,3.9986,1.285,2.7136,ens_023,monthly,1993-2016
C3S,ECMWF,dynamical,2026-09-01,2027-01,4,3.6593,1.2901,2.3692,ens_023,monthly,1993-2016
C3S,ECMWF,dynamical,2026-09-01,2027-02,5,3.6821,1.41,2.2721,ens_023,monthly,1993-2016
C3S,ECMWF,dynamical,2026-09-01,2026-09,0,3.3225,0.9854,2.3371,ens_024,monthly,1993-2016
C3S,ECMWF,dynamical,2026-09-01,2026-10,1,3.8574,1.174,2.6834,ens_024,monthly,1993-2016
C3S,ECMWF,dynamical,2026-09-01,2026-11,2,4.0921,1.2653,2.8268,ens_024,monthly,1993-2016
C3S,ECMWF,dynamical,2026-09-01,2026-12,3,4.145,1.3719,2.7731,ens_024,monthly,1993-2016
C3S,ECMWF,dynamical,2026-09-01,2027-01,4,4.1457,1.396,2.7497,ens_024,monthly,1993-2016
C3S,ECMWF,dynamical,2026-09-01,2027-02,5,3.9597,1.34,2.6197,ens_024,monthly,1993-2016
C3S,ECMWF,dynamical,2026-09-01,2026-09,0,3.2847,0.9721,2.3126,ens_025,monthly,1993-2016
C3S,ECMWF,dynamical,2026-09-01,2026-10,1,3.9494,1.1789,2.7706,ens_025,monthly,1993-2016
C3S,ECMWF,dynamical,2026-09-01,2026-11,2,4.2705,1.2551,3.0154,ens_025,monthly,1993-2016
C3S,ECMWF,dynamical,2026-09-01,2026-12,3,4.3425,1.316,3.0265,ens_025,monthly,1993-2016
C3S,ECMWF,dynamical,2026-09-01,2027-01,4,4.1512,1.3449,2.8063,ens_025,monthly,1993-2016
C3S,ECMWF,dynamical,2026-09-01,2027-02,5,4.0423,1.4352,2.6071,ens_025,monthly,1993-2016
C3S,ECMWF,dynamical,2026-09-01,2026-09,0,3.1817,0.9647,2.217,ens_026,monthly,1993-2016
C3S,ECMWF,dynamical,2026-09-01,2026-10,1,3.5967,1.1192,2.4775,ens_026,monthly,1993-2016
C3S,ECMWF,dynamical,2026-09-01,2026-11,2,3.8598,1.235,2.6248,ens_026,monthly,1993-2016
C3S,ECMWF,dynamical,2026-09-01,2026-12,3,4.0855,1.3923,2.6932,ens_026,monthly,1993-2016
C3S,ECMWF,dynamical,2026-09-01,2027-01,4,3.9243,1.4169,2.5074,ens_026,monthly,1993-2016
C3S,ECMWF,dynamical,2026-09-01,2027-02,5,3.667,1.4658,2.2012,ens_026,monthly,1993-2016
C3S,ECMWF,dynamical,2026-09-01,2026-09,0,3.2816,0.9493,2.3323,ens_027,monthly,1993-2016
C3S,ECMWF,dynamical,2026-09-01,2026-10,1,3.7102,1.0659,2.6443,ens_027,monthly,1993-2016
C3S,ECMWF,dynamical,2026-09-01,2026-11,2,3.9846,1.1758,2.8087,ens_027,monthly,1993-2016
C3S,ECMWF,dynamical,2026-09-01,2026-12,3,4.1361,1.2572,2.8789,ens_027,monthly,1993-2016
C3S,ECMWF,dynamical,2026-09-01,2027-01,4,3.9442,1.2752,2.669,ens_027,monthly,1993-2016
C3S,ECMWF,dynamical,2026-09-01,2027-02,5,3.6657,1.2702,2.3955,ens_027,monthly,1993-2016
C3S,ECMWF,dynamical,2026-09-01,2026-09,0,3.2509,0.9055,2.3454,ens_028,monthly,1993-2016
C3S,ECMWF,dynamical,2026-09-01,2026-10,1,3.7913,1.092,2.6993,ens_028,monthly,1993-2016
C3S,ECMWF,dynamical,2026-09-01,2026-11,2,3.8861,1.2306,2.6556,ens_028,monthly,1993-2016
C3S,ECMWF,dynamical,2026-09-01,2026-12,3,4.0365,1.3442,2.6923,ens_028,monthly,1993-2016
C3S,ECMWF,dynamical,2026-09-01,2027-01,4,4.0997,1.3828,2.7169,ens_028,monthly,1993-2016
C3S,ECMWF,dynamical,2026-09-01,2027-02,5,3.6822,1.3422,2.34,ens_028,monthly,1993-2016
C3S,ECMWF,dynamical,2026-09-01,2026-09,0,3.3342,1.0188,2.3154,ens_029,monthly,1993-2016
C3S,ECMWF,dynamical,2026-09-01,2026-10,1,3.8435,1.2186,2.6249,ens_029,monthly,1993-2016
C3S,ECMWF,dynamical,2026-09-01,2026-11,2,4.2242,1.3466,2.8775,ens_029,monthly,1993-2016
C3S,ECMWF,dynamical,2026-09-01,2026-12,3,4.3781,1.4397,2.9384,ens_029,monthly,1993-2016
C3S,ECMWF,dynamical,2026-09-01,2027-01,4,4.1838,1.4988,2.6849,ens_029,monthly,1993-2016
C3S,ECMWF,dynamical,2026-09-01,2027-02,5,3.9832,1.394,2.5892,ens_029,monthly,1993-2016
C3S,ECMWF,dynamical,2026-09-01,2026-09,0,3.1747,0.9476,2.227,ens_030,monthly,1993-2016
C3S,ECMWF,dynamical,2026-09-01,2026-10,1,3.7954,1.0626,2.7328,ens_030,monthly,1993-2016
C3S,ECMWF,dynamical,2026-09-01,2026-11,2,4.1987,1.2092,2.9895,ens_030,monthly,1993-2016
C3S,ECMWF,dynamical,2026-09-01,2026-12,3,4.0783,1.2799,2.7984,ens_030,monthly,1993-2016
C3S,ECMWF,dynamical,2026-09-01,2027-01,4,4.0633,1.3501,2.7132,ens_030,monthly,1993-2016
C3S,ECMWF,dynamical,2026-09-01,2027-02,5,3.854,1.3873,2.4668,ens_030,monthly,1993-2016
C3S,ECMWF,dynamical,2026-09-01,2026-09,0,3.2415,0.9816,2.2599,ens_031,monthly,1993-2016
C3S,ECMWF,dynamical,2026-09-01,2026-10,1,3.8055,1.1702,2.6353,ens_031,monthly,1993-2016
C3S,ECMWF,dynamical,2026-09-01,2026-11,2,4.1455,1.2075,2.9381,ens_031,monthly,1993-2016
C3S,ECMWF,dynamical,2026-09-01,2026-12,3,4.3728,1.3303,3.0425,ens_031,monthly,1993-2016
C3S,ECMWF,dynamical,2026-09-01,2027-01,4,4.1262,1.3225,2.8036,ens_031,monthly,1993-2016
C3S,ECMWF,dynamical,2026-09-01,2027-02,5,3.7157,1.3379,2.3778,ens_031,monthly,1993-2016
C3S,ECMWF,dynamical,2026-09-01,2026-09,0,3.2822,0.9392,2.343,ens_032,monthly,1993-2016
C3S,ECMWF,dynamical,2026-09-01,2026-10,1,3.7655,1.0611,2.7044,ens_032,monthly,1993-2016
C3S,ECMWF,dynamical,2026-09-01,2026-11,2,4.0223,1.1704,2.8519,ens_032,monthly,1993-2016
C3S,ECMWF,dynamical,2026-09-01,2026-12,3,4.1096,1.2787,2.8309,ens_032,monthly,1993-2016
C3S,ECMWF,dynamical,2026-09-01,2027-01,4,4.0065,1.373,2.6336,ens_032,monthly,1993-2016
C3S,ECMWF,dynamical,2026-09-01,2027-02,5,3.7543,1.3263,2.4279,ens_032,monthly,1993-2016
C3S,ECMWF,dynamical,2026-09-01,2026-09,0,3.2407,0.9607,2.28,ens_033,monthly,1993-2016
C3S,ECMWF,dynamical,2026-09-01,2026-10,1,3.9152,1.1467,2.7685,ens_033,monthly,1993-2016
C3S,ECMWF,dynamical,2026-09-01,2026-11,2,3.9083,1.2333,2.675,ens_033,monthly,1993-2016
C3S,ECMWF,dynamical,2026-09-01,2026-12,3,3.8535,1.3016,2.5519,ens_033,monthly,1993-2016
C3S,ECMWF,dynamical,2026-09-01,2027-01,4,3.7867,1.3503,2.4364,ens_033,monthly,1993-2016
C3S,ECMWF,dynamical,2026-09-01,2027-02,5,3.4169,1.3913,2.0256,ens_033,monthly,1993-2016
C3S,ECMWF,dynamical,2026-09-01,2026-09,0,3.3109,1.0152,2.2958,ens_034,monthly,1993-2016
C3S,ECMWF,dynamical,2026-09-01,2026-10,1,3.7634,1.2041,2.5592,ens_034,monthly,1993-2016
C3S,ECMWF,dynamical,2026-09-01,2026-11,2,3.9246,1.3045,2.6202,ens_034,monthly,1993-2016
C3S,ECMWF,dynamical,2026-09-01,2026-12,3,4.0528,1.4178,2.6349,ens_034,monthly,1993-2016
C3S,ECMWF,dynamical,2026-09-01,2027-01,4,3.9181,1.4513,2.4668,ens_034,monthly,1993-2016
C3S,ECMWF,dynamical,2026-09-01,2027-02,5,3.6941,1.4583,2.2358,ens_034,monthly,1993-2016
C3S,ECMWF,dynamical,2026-09-01,2026-09,0,3.1997,0.9611,2.2385,ens_035,monthly,1993-2016
C3S,ECMWF,dynamical,2026-09-01,2026-10,1,3.7119,1.1703,2.5417,ens_035,monthly,1993-2016
C3S,ECMWF,dynamical,2026-09-01,2026-11,2,3.8842,1.2558,2.6284,ens_035,monthly,1993-2016
C3S,ECMWF,dynamical,2026-09-01,2026-12,3,4.0529,1.3191,2.7338,ens_035,monthly,1993-2016
C3S,ECMWF,dynamical,2026-09-01,2027-01,4,3.9734,1.3399,2.6335,ens_035,monthly,1993-2016
C3S,ECMWF,dynamical,2026-09-01,2027-02,5,3.6399,1.3223,2.3176,ens_035,monthly,1993-2016
C3S,ECMWF,dynamical,2026-09-01,2026-09,0,3.2684,0.9478,2.3206,ens_036,monthly,1993-2016
C3S,ECMWF,dynamical,2026-09-01,2026-10,1,3.7787,1.1098,2.6689,ens_036,monthly,1993-2016
C3S,ECMWF,dynamical,2026-09-01,2026-11,2,4.2594,1.1831,3.0763,ens_036,monthly,1993-2016
C3S,ECMWF,dynamical,2026-09-01,2026-12,3,4.3892,1.3138,3.0755,ens_036,monthly,1993-2016
C3S,ECMWF,dynamical,2026-09-01,2027-01,4,4.2842,1.3999,2.8843,ens_036,monthly,1993-2016
C3S,ECMWF,dynamical,2026-09-01,2027-02,5,4.0835,1.4643,2.6193,ens_036,monthly,1993-2016
C3S,ECMWF,dynamical,2026-09-01,2026-09,0,3.2247,0.9484,2.2763,ens_037,monthly,1993-2016
C3S,ECMWF,dynamical,2026-09-01,2026-10,1,3.643,1.0392,2.6038,ens_037,monthly,1993-2016
C3S,ECMWF,dynamical,2026-09-01,2026-11,2,3.9198,1.0832,2.8366,ens_037,monthly,1993-2016
C3S,ECMWF,dynamical,2026-09-01,2026-12,3,4.0737,1.1979,2.8758,ens_037,monthly,1993-2016
C3S,ECMWF,dynamical,2026-09-01,2027-01,4,3.7951,1.1803,2.6148,ens_037,monthly,1993-2016
C3S,ECMWF,dynamical,2026-09-01,2027-02,5,3.7044,1.2478,2.4566,ens_037,monthly,1993-2016
C3S,ECMWF,dynamical,2026-09-01,2026-09,0,3.2238,0.898,2.3258,ens_038,monthly,1993-2016
C3S,ECMWF,dynamical,2026-09-01,2026-10,1,3.7394,1.1047,2.6347,ens_038,monthly,1993-2016
C3S,ECMWF,dynamical,2026-09-01,2026-11,2,3.9908,1.2004,2.7904,ens_038,monthly,1993-2016
C3S,ECMWF,dynamical,2026-09-01,2026-12,3,3.9977,1.2646,2.7332,ens_038,monthly,1993-2016
C3S,ECMWF,dynamical,2026-09-01,2027-01,4,3.8943,1.3055,2.5887,ens_038,monthly,1993-2016
C3S,ECMWF,dynamical,2026-09-01,2027-02,5,3.7151,1.3022,2.413,ens_038,monthly,1993-2016
C3S,ECMWF,dynamical,2026-09-01,2026-09,0,3.2767,0.9786,2.2981,ens_039,monthly,1993-2016
C3S,ECMWF,dynamical,2026-09-01,2026-10,1,3.7626,1.2304,2.5322,ens_039,monthly,1993-2016
C3S,ECMWF,dynamical,2026-09-01,2026-11,2,3.8699,1.3039,2.566,ens_039,monthly,1993-2016
C3S,ECMWF,dynamical,2026-09-01,2026-12,3,3.9153,1.31,2.6053,ens_039,monthly,1993-2016
C3S,ECMWF,dynamical,2026-09-01,2027-01,4,3.7539,1.3009,2.4531,ens_039,monthly,1993-2016
C3S,ECMWF,dynamical,2026-09-01,2027-02,5,3.4098,1.358,2.0518,ens_039,monthly,1993-2016
C3S,ECMWF,dynamical,2026-09-01,2026-09,0,3.2037,0.9623,2.2413,ens_040,monthly,1993-2016
C3S,ECMWF,dynamical,2026-09-01,2026-10,1,3.6546,1.112,2.5425,ens_040,monthly,1993-2016
C3S,ECMWF,dynamical,2026-09-01,2026-11,2,4.1273,1.2761,2.8513,ens_040,monthly,1993-2016
C3S,ECMWF,dynamical,2026-09-01,2026-12,3,4.1184,1.3597,2.7588,ens_040,monthly,1993-2016
C3S,ECMWF,dynamical,2026-09-01,2027-01,4,3.9651,1.3927,2.5724,ens_040,monthly,1993-2016
C3S,ECMWF,dynamical,2026-09-01,2027-02,5,3.7044,1.3905,2.3138,ens_040,monthly,1993-2016
C3S,ECMWF,dynamical,2026-09-01,2026-09,0,3.338,0.9948,2.3432,ens_041,monthly,1993-2016
C3S,ECMWF,dynamical,2026-09-01,2026-10,1,3.8516,1.1755,2.6761,ens_041,monthly,1993-2016
C3S,ECMWF,dynamical,2026-09-01,2026-11,2,4.1657,1.2643,2.9014,ens_041,monthly,1993-2016
C3S,ECMWF,dynamical,2026-09-01,2026-12,3,4.2678,1.3685,2.8993,ens_041,monthly,1993-2016
C3S,ECMWF,dynamical,2026-09-01,2027-01,4,4.1206,1.4422,2.6784,ens_041,monthly,1993-2016
C3S,ECMWF,dynamical,2026-09-01,2027-02,5,4.0678,1.4494,2.6184,ens_041,monthly,1993-2016
C3S,ECMWF,dynamical,2026-09-01,2026-09,0,3.199,0.9472,2.2519,ens_042,monthly,1993-2016
C3S,ECMWF,dynamical,2026-09-01,2026-10,1,3.7115,1.0612,2.6503,ens_042,monthly,1993-2016
C3S,ECMWF,dynamical,2026-09-01,2026-11,2,4.1107,1.2086,2.9021,ens_042,monthly,1993-2016
C3S,ECMWF,dynamical,2026-09-01,2026-12,3,4.1201,1.3958,2.7242,ens_042,monthly,1993-2016
C3S,ECMWF,dynamical,2026-09-01,2027-01,4,4.0071,1.4297,2.5774,ens_042,monthly,1993-2016
C3S,ECMWF,dynamical,2026-09-01,2027-02,5,3.7194,1.513,2.2064,ens_042,monthly,1993-2016
C3S,ECMWF,dynamical,2026-09-01,2026-09,0,3.2593,0.9098,2.3496,ens_043,monthly,1993-2016
C3S,ECMWF,dynamical,2026-09-01,2026-10,1,3.7605,1.0598,2.7007,ens_043,monthly,1993-2016
C3S,ECMWF,dynamical,2026-09-01,2026-11,2,4.1041,1.1808,2.9234,ens_043,monthly,1993-2016
C3S,ECMWF,dynamical,2026-09-01,2026-12,3,4.2195,1.2525,2.967,ens_043,monthly,1993-2016
C3S,ECMWF,dynamical,2026-09-01,2027-01,4,3.6972,1.2776,2.4196,ens_043,monthly,1993-2016
C3S,ECMWF,dynamical,2026-09-01,2027-02,5,3.3654,1.2867,2.0787,ens_043,monthly,1993-2016
C3S,ECMWF,dynamical,2026-09-01,2026-09,0,3.3294,1.0087,2.3207,ens_044,monthly,1993-2016
C3S,ECMWF,dynamical,2026-09-01,2026-10,1,3.8142,1.157,2.6572,ens_044,monthly,1993-2016
C3S,ECMWF,dynamical,2026-09-01,2026-11,2,4.0169,1.1927,2.8241,ens_044,monthly,1993-2016
C3S,ECMWF,dynamical,2026-09-01,2026-12,3,4.0414,1.3588,2.6826,ens_044,monthly,1993-2016
C3S,ECMWF,dynamical,2026-09-01,2027-01,4,3.9311,1.4315,2.4997,ens_044,monthly,1993-2016
C3S,ECMWF,dynamical,2026-09-01,2027-02,5,3.5907,1.4188,2.1719,ens_044,monthly,1993-2016
C3S,ECMWF,dynamical,2026-09-01,2026-09,0,3.2124,0.9293,2.2831,ens_045,monthly,1993-2016
C3S,ECMWF,dynamical,2026-09-01,2026-10,1,3.6255,1.0612,2.5642,ens_045,monthly,1993-2016
C3S,ECMWF,dynamical,2026-09-01,2026-11,2,3.8604,1.1486,2.7118,ens_045,monthly,1993-2016
C3S,ECMWF,dynamical,2026-09-01,2026-12,3,4.0506,1.1754,2.8752,ens_045,monthly,1993-2016
C3S,ECMWF,dynamical,2026-09-01,2027-01,4,3.8483,1.248,2.6003,ens_045,monthly,1993-2016
C3S,ECMWF,dynamical,2026-09-01,2027-02,5,3.6459,1.3353,2.3106,ens_045,monthly,1993-2016
C3S,ECMWF,dynamical,2026-09-01,2026-09,0,3.2129,0.9701,2.2427,ens_046,monthly,1993-2016
C3S,ECMWF,dynamical,2026-09-01,2026-10,1,3.5823,1.1038,2.4785,ens_046,monthly,1993-2016
C3S,ECMWF,dynamical,2026-09-01,2026-11,2,3.8472,1.2304,2.6168,ens_046,monthly,1993-2016
C3S,ECMWF,dynamical,2026-09-01,2026-12,3,4.1017,1.3283,2.7733,ens_046,monthly,1993-2016
C3S,ECMWF,dynamical,2026-09-01,2027-01,4,3.9535,1.3262,2.6273,ens_046,monthly,1993-2016
C3S,ECMWF,dynamical,2026-09-01,2027-02,5,3.5647,1.2583,2.3064,ens_046,monthly,1993-2016
C3S,ECMWF,dynamical,2026-09-01,2026-09,0,3.2896,0.9283,2.3613,ens_047,monthly,1993-2016
C3S,ECMWF,dynamical,2026-09-01,2026-10,1,3.8288,1.1083,2.7205,ens_047,monthly,1993-2016
C3S,ECMWF,dynamical,2026-09-01,2026-11,2,4.2917,1.171,3.1207,ens_047,monthly,1993-2016
C3S,ECMWF,dynamical,2026-09-01,2026-12,3,4.1822,1.2466,2.9356,ens_047,monthly,1993-2016
C3S,ECMWF,dynamical,2026-09-01,2027-01,4,3.9975,1.3046,2.6928,ens_047,monthly,1993-2016
C3S,ECMWF,dynamical,2026-09-01,2027-02,5,3.5493,1.2725,2.2768,ens_047,monthly,1993-2016
C3S,ECMWF,dynamical,2026-09-01,2026-09,0,3.1528,0.9346,2.2182,ens_048,monthly,1993-2016
C3S,ECMWF,dynamical,2026-09-01,2026-10,1,3.8434,1.1021,2.7414,ens_048,monthly,1993-2016
C3S,ECMWF,dynamical,2026-09-01,2026-11,2,4.0429,1.2022,2.8407,ens_048,monthly,1993-2016
C3S,ECMWF,dynamical,2026-09-01,2026-12,3,4.1739,1.3363,2.8376,ens_048,monthly,1993-2016
C3S,ECMWF,dynamical,2026-09-01,2027-01,4,3.9492,1.4318,2.5174,ens_048,monthly,1993-2016
C3S,ECMWF,dynamical,2026-09-01,2027-02,5,3.7748,1.513,2.2618,ens_048,monthly,1993-2016
C3S,ECMWF,dynamical,2026-09-01,2026-09,0,3.3432,1.0135,2.3298,ens_049,monthly,1993-2016
C3S,ECMWF,dynamical,2026-09-01,2026-10,1,3.9936,1.195,2.7986,ens_049,monthly,1993-2016
C3S,ECMWF,dynamical,2026-09-01,2026-11,2,4.2771,1.2757,3.0014,ens_049,monthly,1993-2016
C3S,ECMWF,dynamical,2026-09-01,2026-12,3,4.4013,1.3899,3.0114,ens_049,monthly,1993-2016
C3S,ECMWF,dynamical,2026-09-01,2027-01,4,4.3388,1.4602,2.8786,ens_049,monthly,1993-2016
C3S,ECMWF,dynamical,2026-09-01,2027-02,5,4.0436,1.3764,2.6671,ens_049,monthly,1993-2016
C3S,ECMWF,dynamical,2026-09-01,2026-09,0,3.2087,0.9681,2.2406,ens_050,monthly,1993-2016
C3S,ECMWF,dynamical,2026-09-01,2026-10,1,3.7323,1.1358,2.5965,ens_050,monthly,1993-2016
C3S,ECMWF,dynamical,2026-09-01,2026-11,2,4.006,1.2418,2.7642,ens_050,monthly,1993-2016
C3S,ECMWF,dynamical,2026-09-01,2026-12,3,3.9284,1.2971,2.6313,ens_050,monthly,1993-2016
C3S,ECMWF,dynamical,2026-09-01,2027-01,4,3.6758,1.3135,2.3623,ens_050,monthly,1993-2016
C3S,ECMWF,dynamical,2026-09-01,2027-02,5,3.4314,1.3871,2.0443,ens_050,monthly,1993-2016
C3S,ECMWF,dynamical,2026-09-01,2026-09,0,3.2556,0.9613,2.2943,mean,monthly,1993-2016
C3S,ECMWF,dynamical,2026-09-01,2026-10,1,3.77,1.1212,2.6488,mean,monthly,1993-2016
C3S,ECMWF,dynamical,2026-09-01,2026-11,2,4.038,1.2225,2.8155,mean,monthly,1993-2016
C3S,ECMWF,dynamical,2026-09-01,2026-12,3,4.13,1.3116,2.8183,mean,monthly,1993-2016
C3S,ECMWF,dynamical,2026-09-01,2027-01,4,3.986,1.3611,2.6249,mean,monthly,1993-2016
C3S,ECMWF,dynamical,2026-09-01,2027-02,5,3.7241,1.3726,2.3516,mean,monthly,1993-2016
C3S,UKMO,dynamical,2026-09-01,2026-09,0,3.0605,0.8853,2.1752,ens_000,monthly,1993-2016
C3S,UKMO,dynamical,2026-09-01,2026-10,1,3.2675,1.0504,2.217,ens_000,monthly,1993-2016
C3S,UKMO,dynamical,2026-09-01,2026-11,2,3.2877,1.1576,2.1301,ens_000,monthly,1993-2016
C3S,UKMO,dynamical,2026-09-01,2026-12,3,3.3458,1.286,2.0598,ens_000,monthly,1993-2016
C3S,UKMO,dynamical,2026-09-01,2027-01,4,3.2209,1.2638,1.9571,ens_000,monthly,1993-2016
C3S,UKMO,dynamical,2026-09-01,2027-02,5,2.653,1.1706,1.4824,ens_000,monthly,1993-2016
C3S,UKMO,dynamical,2026-09-01,2026-09,0,3.0639,0.8877,2.1762,ens_001,monthly,1993-2016
C3S,UKMO,dynamical,2026-09-01,2026-10,1,3.4053,0.9711,2.4343,ens_001,monthly,1993-2016
C3S,UKMO,dynamical,2026-09-01,2026-11,2,3.567,1.0815,2.4855,ens_001,monthly,1993-2016
C3S,UKMO,dynamical,2026-09-01,2026-12,3,3.4766,1.1534,2.3232,ens_001,monthly,1993-2016
C3S,UKMO,dynamical,2026-09-01,2027-01,4,3.2991,1.138,2.1612,ens_001,monthly,1993-2016
C3S,UKMO,dynamical,2026-09-01,2027-02,5,2.7614,1.1415,1.6199,ens_001,monthly,1993-2016
C3S,UKMO,dynamical,2026-09-01,2026-09,0,3.01,0.8927,2.1173,ens_002,monthly,1993-2016
C3S,UKMO,dynamical,2026-09-01,2026-10,1,3.2561,0.9593,2.2968,ens_002,monthly,1993-2016
C3S,UKMO,dynamical,2026-09-01,2026-11,2,3.4481,1.0595,2.3886,ens_002,monthly,1993-2016
C3S,UKMO,dynamical,2026-09-01,2026-12,3,3.5504,1.1153,2.4351,ens_002,monthly,1993-2016
C3S,UKMO,dynamical,2026-09-01,2027-01,4,3.349,1.1584,2.1906,ens_002,monthly,1993-2016
C3S,UKMO,dynamical,2026-09-01,2027-02,5,2.9073,1.0301,1.8771,ens_002,monthly,1993-2016
C3S,UKMO,dynamical,2026-09-01,2026-09,0,2.9528,0.882,2.0708,ens_003,monthly,1993-2016
C3S,UKMO,dynamical,2026-09-01,2026-10,1,3.2699,1.0247,2.2453,ens_003,monthly,1993-2016
C3S,UKMO,dynamical,2026-09-01,2026-11,2,3.3272,1.0961,2.2311,ens_003,monthly,1993-2016
C3S,UKMO,dynamical,2026-09-01,2026-12,3,3.1441,1.2032,1.9409,ens_003,monthly,1993-2016
C3S,UKMO,dynamical,2026-09-01,2027-01,4,3.0884,1.212,1.8764,ens_003,monthly,1993-2016
C3S,UKMO,dynamical,2026-09-01,2027-02,5,2.4948,1.1334,1.3614,ens_003,monthly,1993-2016
C3S,UKMO,dynamical,2026-09-01,2026-09,0,3.0029,0.8713,2.1316,ens_004,monthly,1993-2016
C3S,UKMO,dynamical,2026-09-01,2026-10,1,3.356,0.9923,2.3638,ens_004,monthly,1993-2016
C3S,UKMO,dynamical,2026-09-01,2026-11,2,3.5278,1.1126,2.4152,ens_004,monthly,1993-2016
C3S,UKMO,dynamical,2026-09-01,2026-12,3,3.4028,1.1883,2.2145,ens_004,monthly,1993-2016
C3S,UKMO,dynamical,2026-09-01,2027-01,4,3.1435,1.124,2.0195,ens_004,monthly,1993-2016
C3S,UKMO,dynamical,2026-09-01,2027-02,5,2.9219,1.0952,1.8267,ens_004,monthly,1993-2016
C3S,UKMO,dynamical,2026-09-01,2026-09,0,3.0742,0.8896,2.1846,ens_005,monthly,1993-2016
C3S,UKMO,dynamical,2026-09-01,2026-10,1,3.5232,1.0335,2.4897,ens_005,monthly,1993-2016
C3S,UKMO,dynamical,2026-09-01,2026-11,2,3.5639,1.0976,2.4663,ens_005,monthly,1993-2016
C3S,UKMO,dynamical,2026-09-01,2026-12,3,3.4249,1.2755,2.1494,ens_005,monthly,1993-2016
C3S,UKMO,dynamical,2026-09-01,2027-01,4,3.173,1.1386,2.0344,ens_005,monthly,1993-2016
C3S,UKMO,dynamical,2026-09-01,2027-02,5,2.7245,1.0324,1.6921,ens_005,monthly,1993-2016
C3S,UKMO,dynamical,2026-09-01,2026-09,0,3.0499,0.939,2.1109,ens_006,monthly,1993-2016
C3S,UKMO,dynamical,2026-09-01,2026-10,1,3.2293,1.0228,2.2065,ens_006,monthly,1993-2016
C3S,UKMO,dynamical,2026-09-01,2026-11,2,3.4223,1.1507,2.2716,ens_006,monthly,1993-2016
C3S,UKMO,dynamical,2026-09-01,2026-12,3,3.2616,1.1676,2.0941,ens_006,monthly,1993-2016
C3S,UKMO,dynamical,2026-09-01,2027-01,4,3.0395,1.1476,1.8919,ens_006,monthly,1993-2016
C3S,UKMO,dynamical,2026-09-01,2027-02,5,2.4106,1.1576,1.253,ens_006,monthly,1993-2016
C3S,UKMO,dynamical,2026-09-01,2026-09,0,3.0452,0.8815,2.1637,ens_007,monthly,1993-2016
C3S,UKMO,dynamical,2026-09-01,2026-10,1,3.23,0.9696,2.2604,ens_007,monthly,1993-2016
C3S,UKMO,dynamical,2026-09-01,2026-11,2,3.3493,1.0748,2.2745,ens_007,monthly,1993-2016
C3S,UKMO,dynamical,2026-09-01,2026-12,3,3.3862,1.1448,2.2413,ens_007,monthly,1993-2016
C3S,UKMO,dynamical,2026-09-01,2027-01,4,3.1095,1.1575,1.952,ens_007,monthly,1993-2016
C3S,UKMO,dynamical,2026-09-01,2027-02,5,2.2438,0.992,1.2519,ens_007,monthly,1993-2016
C3S,UKMO,dynamical,2026-09-01,2026-09,0,3.0565,0.8838,2.1727,ens_008,monthly,1993-2016
C3S,UKMO,dynamical,2026-09-01,2026-10,1,3.4151,0.9965,2.4186,ens_008,monthly,1993-2016
C3S,UKMO,dynamical,2026-09-01,2026-11,2,3.5736,1.104,2.4696,ens_008,monthly,1993-2016
C3S,UKMO,dynamical,2026-09-01,2026-12,3,3.519,1.186,2.333,ens_008,monthly,1993-2016
C3S,UKMO,dynamical,2026-09-01,2027-01,4,3.5218,1.1987,2.3231,ens_008,monthly,1993-2016
C3S,UKMO,dynamical,2026-09-01,2027-02,5,2.8477,1.1567,1.691,ens_008,monthly,1993-2016
C3S,UKMO,dynamical,2026-09-01,2026-09,0,3.0336,0.874,2.1597,ens_009,monthly,1993-2016
C3S,UKMO,dynamical,2026-09-01,2026-10,1,3.2896,0.9694,2.3202,ens_009,monthly,1993-2016
C3S,UKMO,dynamical,2026-09-01,2026-11,2,3.3526,0.999,2.3536,ens_009,monthly,1993-2016
C3S,UKMO,dynamical,2026-09-01,2026-12,3,3.359,1.0587,2.3003,ens_009,monthly,1993-2016
C3S,UKMO,dynamical,2026-09-01,2027-01,4,3.1278,1.028,2.0998,ens_009,monthly,1993-2016
C3S,UKMO,dynamical,2026-09-01,2027-02,5,2.3804,0.9529,1.4276,ens_009,monthly,1993-2016
C3S,UKMO,dynamical,2026-09-01,2026-09,0,3.0476,0.9003,2.1474,ens_010,monthly,1993-2016
C3S,UKMO,dynamical,2026-09-01,2026-10,1,3.4096,0.9712,2.4384,ens_010,monthly,1993-2016
C3S,UKMO,dynamical,2026-09-01,2026-11,2,3.6041,1.085,2.5191,ens_010,monthly,1993-2016
C3S,UKMO,dynamical,2026-09-01,2026-12,3,3.2669,1.1154,2.1515,ens_010,monthly,1993-2016
C3S,UKMO,dynamical,2026-09-01,2027-01,4,3.1201,1.1494,1.9707,ens_010,monthly,1993-2016
C3S,UKMO,dynamical,2026-09-01,2027-02,5,2.6391,1.0992,1.54,ens_010,monthly,1993-2016
C3S,UKMO,dynamical,2026-09-01,2026-09,0,3.0957,0.869,2.2267,ens_011,monthly,1993-2016
C3S,UKMO,dynamical,2026-09-01,2026-10,1,3.4064,0.9807,2.4257,ens_011,monthly,1993-2016
C3S,UKMO,dynamical,2026-09-01,2026-11,2,3.6112,1.108,2.5032,ens_011,monthly,1993-2016
C3S,UKMO,dynamical,2026-09-01,2026-12,3,3.4742,1.1179,2.3563,ens_011,monthly,1993-2016
C3S,UKMO,dynamical,2026-09-01,2027-01,4,3.2663,1.0526,2.2137,ens_011,monthly,1993-2016
C3S,UKMO,dynamical,2026-09-01,2027-02,5,2.5612,1.1164,1.4448,ens_011,monthly,1993-2016
C3S,UKMO,dynamical,2026-09-01,2026-09,0,3.0859,0.8988,2.1872,ens_012,monthly,1993-2016
C3S,UKMO,dynamical,2026-09-01,2026-10,1,3.2379,0.9553,2.2826,ens_012,monthly,1993-2016
C3S,UKMO,dynamical,2026-09-01,2026-11,2,3.2358,1.1057,2.1301,ens_012,monthly,1993-2016
C3S,UKMO,dynamical,2026-09-01,2026-12,3,3.4145,1.2213,2.1932,ens_012,monthly,1993-2016
C3S,UKMO,dynamical,2026-09-01,2027-01,4,3.2415,1.1858,2.0557,ens_012,monthly,1993-2016
C3S,UKMO,dynamical,2026-09-01,2027-02,5,2.6467,1.126,1.5207,ens_012,monthly,1993-2016
C3S,UKMO,dynamical,2026-09-01,2026-09,0,3.0542,0.9024,2.1518,ens_013,monthly,1993-2016
C3S,UKMO,dynamical,2026-09-01,2026-10,1,3.2849,0.9592,2.3258,ens_013,monthly,1993-2016
C3S,UKMO,dynamical,2026-09-01,2026-11,2,3.3783,1.0931,2.2853,ens_013,monthly,1993-2016
C3S,UKMO,dynamical,2026-09-01,2026-12,3,3.2892,1.1499,2.1392,ens_013,monthly,1993-2016
C3S,UKMO,dynamical,2026-09-01,2027-01,4,3.3202,1.1949,2.1254,ens_013,monthly,1993-2016
C3S,UKMO,dynamical,2026-09-01,2027-02,5,2.705,1.1051,1.6,ens_013,monthly,1993-2016
C3S,UKMO,dynamical,2026-09-01,2026-09,0,3.1575,0.9063,2.2513,ens_014,monthly,1993-2016
C3S,UKMO,dynamical,2026-09-01,2026-10,1,3.5601,1.0345,2.5256,ens_014,monthly,1993-2016
C3S,UKMO,dynamical,2026-09-01,2026-11,2,3.4338,1.0655,2.3684,ens_014,monthly,1993-2016
C3S,UKMO,dynamical,2026-09-01,2026-12,3,3.4566,1.1472,2.3094,ens_014,monthly,1993-2016
C3S,UKMO,dynamical,2026-09-01,2027-01,4,3.2309,1.1908,2.04,ens_014,monthly,1993-2016
C3S,UKMO,dynamical,2026-09-01,2027-02,5,2.7977,1.2071,1.5906,ens_014,monthly,1993-2016
C3S,UKMO,dynamical,2026-09-01,2026-09,0,3.0862,0.8814,2.2048,ens_015,monthly,1993-2016
C3S,UKMO,dynamical,2026-09-01,2026-10,1,3.2672,1.008,2.2592,ens_015,monthly,1993-2016
C3S,UKMO,dynamical,2026-09-01,2026-11,2,3.3144,1.1075,2.207,ens_015,monthly,1993-2016
C3S,UKMO,dynamical,2026-09-01,2026-12,3,3.3272,1.2247,2.1025,ens_015,monthly,1993-2016
C3S,UKMO,dynamical,2026-09-01,2027-01,4,3.148,1.1857,1.9623,ens_015,monthly,1993-2016
C3S,UKMO,dynamical,2026-09-01,2027-02,5,2.4749,1.0853,1.3897,ens_015,monthly,1993-2016
C3S,UKMO,dynamical,2026-09-01,2026-09,0,2.9956,0.8974,2.0982,ens_016,monthly,1993-2016
C3S,UKMO,dynamical,2026-09-01,2026-10,1,3.279,1.003,2.276,ens_016,monthly,1993-2016
C3S,UKMO,dynamical,2026-09-01,2026-11,2,3.2531,1.0693,2.1838,ens_016,monthly,1993-2016
C3S,UKMO,dynamical,2026-09-01,2026-12,3,3.2729,1.248,2.0248,ens_016,monthly,1993-2016
C3S,UKMO,dynamical,2026-09-01,2027-01,4,3.1716,1.2085,1.9632,ens_016,monthly,1993-2016
C3S,UKMO,dynamical,2026-09-01,2027-02,5,2.7023,1.1344,1.5679,ens_016,monthly,1993-2016
C3S,UKMO,dynamical,2026-09-01,2026-09,0,3.0134,0.9145,2.0989,ens_017,monthly,1993-2016
C3S,UKMO,dynamical,2026-09-01,2026-10,1,3.3348,1.0424,2.2924,ens_017,monthly,1993-2016
C3S,UKMO,dynamical,2026-09-01,2026-11,2,3.3876,1.112,2.2756,ens_017,monthly,1993-2016
C3S,UKMO,dynamical,2026-09-01,2026-12,3,3.3999,1.1908,2.209,ens_017,monthly,1993-2016
C3S,UKMO,dynamical,2026-09-01,2027-01,4,3.2019,1.1443,2.0576,ens_017,monthly,1993-2016
C3S,UKMO,dynamical,2026-09-01,2027-02,5,2.643,0.9962,1.6468,ens_017,monthly,1993-2016
C3S,UKMO,dynamical,2026-09-01,2026-09,0,3.1167,0.9125,2.2042,ens_018,monthly,1993-2016
C3S,UKMO,dynamical,2026-09-01,2026-10,1,3.472,1.0263,2.4457,ens_018,monthly,1993-2016
C3S,UKMO,dynamical,2026-09-01,2026-11,2,3.6842,1.1567,2.5275,ens_018,monthly,1993-2016
C3S,UKMO,dynamical,2026-09-01,2026-12,3,3.4489,1.1861,2.2628,ens_018,monthly,1993-2016
C3S,UKMO,dynamical,2026-09-01,2027-01,4,3.2478,1.0958,2.152,ens_018,monthly,1993-2016
C3S,UKMO,dynamical,2026-09-01,2027-02,5,2.7148,0.9608,1.754,ens_018,monthly,1993-2016
C3S,UKMO,dynamical,2026-09-01,2026-09,0,3.0962,0.9068,2.1894,ens_019,monthly,1993-2016
C3S,UKMO,dynamical,2026-09-01,2026-10,1,3.3885,1.0257,2.3629,ens_019,monthly,1993-2016
C3S,UKMO,dynamical,2026-09-01,2026-11,2,3.4602,1.0918,2.3684,ens_019,monthly,1993-2016
C3S,UKMO,dynamical,2026-09-01,2026-12,3,3.4211,1.1796,2.2415,ens_019,monthly,1993-2016
C3S,UKMO,dynamical,2026-09-01,2027-01,4,3.0976,1.1314,1.9662,ens_019,monthly,1993-2016
C3S,UKMO,dynamical,2026-09-01,2027-02,5,2.5581,1.1154,1.4426,ens_019,monthly,1993-2016
C3S,UKMO,dynamical,2026-09-01,2026-09,0,3.0227,0.8796,2.1431,ens_020,monthly,1993-2016
C3S,UKMO,dynamical,2026-09-01,2026-10,1,3.2484,0.958,2.2905,ens_020,monthly,1993-2016
C3S,UKMO,dynamical,2026-09-01,2026-11,2,3.3518,1.0897,2.2621,ens_020,monthly,1993-2016
C3S,UKMO,dynamical,2026-09-01,2026-12,3,3.3292,1.1416,2.1876,ens_020,monthly,1993-2016
C3S,UKMO,dynamical,2026-09-01,2027-01,4,3.2637,1.1184,2.1453,ens_020,monthly,1993-2016
C3S,UKMO,dynamical,2026-09-01,2027-02,5,2.6871,1.0128,1.6742,ens_020,monthly,1993-2016
C3S,UKMO,dynamical,2026-09-01,2026-09,0,3.0959,0.8852,2.2108,ens_021,monthly,1993-2016
C3S,UKMO,dynamical,2026-09-01,2026-10,1,3.4097,1.0225,2.3872,ens_021,monthly,1993-2016
C3S,UKMO,dynamical,2026-09-01,2026-11,2,3.4996,1.0803,2.4193,ens_021,monthly,1993-2016
C3S,UKMO,dynamical,2026-09-01,2026-12,3,3.3345,1.1674,2.1671,ens_021,monthly,1993-2016
C3S,UKMO,dynamical,2026-09-01,2027-01,4,3.0765,1.2203,1.8561,ens_021,monthly,1993-2016
C3S,UKMO,dynamical,2026-09-01,2027-02,5,2.5731,1.1623,1.4108,ens_021,monthly,1993-2016
C3S,UKMO,dynamical,2026-09-01,2026-09,0,3.0032,0.8999,2.1033,ens_022,monthly,1993-2016
C3S,UKMO,dynamical,2026-09-01,2026-10,1,3.1591,1.0237,2.1355,ens_022,monthly,1993-2016
C3S,UKMO,dynamical,2026-09-01,2026-11,2,3.3285,1.0825,2.2461,ens_022,monthly,1993-2016
C3S,UKMO,dynamical,2026-09-01,2026-12,3,3.39,1.1193,2.2707,ens_022,monthly,1993-2016
C3S,UKMO,dynamical,2026-09-01,2027-01,4,3.1077,1.1057,2.002,ens_022,monthly,1993-2016
C3S,UKMO,dynamical,2026-09-01,2027-02,5,2.5376,1.1221,1.4155,ens_022,monthly,1993-2016
C3S,UKMO,dynamical,2026-09-01,2026-09,0,2.9522,0.8546,2.0976,ens_023,monthly,1993-2016
C3S,UKMO,dynamical,2026-09-01,2026-10,1,3.2827,0.9744,2.3083,ens_023,monthly,1993-2016
C3S,UKMO,dynamical,2026-09-01,2026-11,2,3.4918,1.0165,2.4754,ens_023,monthly,1993-2016
C3S,UKMO,dynamical,2026-09-01,2026-12,3,3.2739,1.1223,2.1516,ens_023,monthly,1993-2016
C3S,UKMO,dynamical,2026-09-01,2027-01,4,3.0878,1.1551,1.9327,ens_023,monthly,1993-2016
C3S,UKMO,dynamical,2026-09-01,2027-02,5,2.4727,1.015,1.4577,ens_023,monthly,1993-2016
C3S,UKMO,dynamical,2026-09-01,2026-09,0,3.1958,0.8473,2.3485,ens_024,monthly,1993-2016
C3S,UKMO,dynamical,2026-09-01,2026-10,1,3.4199,0.9731,2.4468,ens_024,monthly,1993-2016
C3S,UKMO,dynamical,2026-09-01,2026-11,2,3.5581,1.1391,2.419,ens_024,monthly,1993-2016
C3S,UKMO,dynamical,2026-09-01,2026-12,3,3.3766,1.204,2.1726,ens_024,monthly,1993-2016
C3S,UKMO,dynamical,2026-09-01,2027-01,4,3.1715,1.1685,2.003,ens_024,monthly,1993-2016
C3S,UKMO,dynamical,2026-09-01,2027-02,5,2.4477,1.0817,1.366,ens_024,monthly,1993-2016
C3S,UKMO,dynamical,2026-09-01,2026-09,0,3.0905,0.8969,2.1936,ens_025,monthly,1993-2016
C3S,UKMO,dynamical,2026-09-01,2026-10,1,3.3299,0.9815,2.3484,ens_025,monthly,1993-2016
C3S,UKMO,dynamical,2026-09-01,2026-11,2,3.3998,1.0483,2.3515,ens_025,monthly,1993-2016
C3S,UKMO,dynamical,2026-09-01,2026-12,3,3.3821,1.1746,2.2075,ens_025,monthly,1993-2016
C3S,UKMO,dynamical,2026-09-01,2027-01,4,3.0633,1.1199,1.9435,ens_025,monthly,1993-2016
C3S,UKMO,dynamical,2026-09-01,2027-02,5,2.6055,1.0031,1.6024,ens_025,monthly,1993-2016
C3S,UKMO,dynamical,2026-09-01,2026-09,0,3.2055,0.8785,2.327,ens_026,monthly,1993-2016
C3S,UKMO,dynamical,2026-09-01,2026-10,1,3.2907,0.9891,2.3016,ens_026,monthly,1993-2016
C3S,UKMO,dynamical,2026-09-01,2026-11,2,3.5354,1.0313,2.5041,ens_026,monthly,1993-2016
C3S,UKMO,dynamical,2026-09-01,2026-12,3,3.3732,1.118,2.2552,ens_026,monthly,1993-2016
C3S,UKMO,dynamical,2026-09-01,2027-01,4,3.0442,1.1552,1.8889,ens_026,monthly,1993-2016
C3S,UKMO,dynamical,2026-09-01,2027-02,5,2.5919,1.0487,1.5432,ens_026,monthly,1993-2016
C3S,UKMO,dynamical,2026-09-01,2026-09,0,3.0868,0.8711,2.2157,ens_027,monthly,1993-2016
C3S,UKMO,dynamical,2026-09-01,2026-10,1,3.3125,1.0071,2.3054,ens_027,monthly,1993-2016
C3S,UKMO,dynamical,2026-09-01,2026-11,2,3.3922,1.0675,2.3247,ens_027,monthly,1993-2016
C3S,UKMO,dynamical,2026-09-01,2026-12,3,3.4018,1.0824,2.3194,ens_027,monthly,1993-2016
C3S,UKMO,dynamical,2026-09-01,2027-01,4,3.1729,1.0495,2.1234,ens_027,monthly,1993-2016
C3S,UKMO,dynamical,2026-09-01,2027-02,5,2.3854,0.9407,1.4447,ens_027,monthly,1993-2016
C3S,UKMO,dynamical,2026-09-01,2026-09,0,3.1116,0.9041,2.2075,ens_028,monthly,1993-2016
C3S,UKMO,dynamical,2026-09-01,2026-10,1,3.3943,1.0914,2.3029,ens_028,monthly,1993-2016
C3S,UKMO,dynamical,2026-09-01,2026-11,2,3.5997,1.196,2.4037,ens_028,monthly,1993-2016
C3S,UKMO,dynamical,2026-09-01,2026-12,3,3.3714,1.1641,2.2073,ens_028,monthly,1993-2016
C3S,UKMO,dynamical,2026-09-01,2027-01,4,3.2129,1.2002,2.0127,ens_028,monthly,1993-2016
C3S,UKMO,dynamical,2026-09-01,2027-02,5,2.6421,1.1374,1.5047,ens_028,monthly,1993-2016
C3S,UKMO,dynamical,2026-09-01,2026-09,0,3.1824,0.8923,2.2901,ens_029,monthly,1993-2016
C3S,UKMO,dynamical,2026-09-01,2026-10,1,3.513,0.9873,2.5257,ens_029,monthly,1993-2016
C3S,UKMO,dynamical,2026-09-01,2026-11,2,3.5684,1.1049,2.4636,ens_029,monthly,1993-2016
C3S,UKMO,dynamical,2026-09-01,2026-12,3,3.4647,1.1663,2.2984,ens_029,monthly,1993-2016
C3S,UKMO,dynamical,2026-09-01,2027-01,4,3.347,1.1843,2.1627,ens_029,monthly,1993-2016
C3S,UKMO,dynamical,2026-09-01,2027-02,5,2.8141,1.0984,1.7158,ens_029,monthly,1993-2016
C3S,UKMO,dynamical,2026-09-01,2026-09,0,3.1258,0.9516,2.1741,ens_030,monthly,1993-2016
C3S,UKMO,dynamical,2026-09-01,2026-10,1,3.2115,0.9898,2.2218,ens_030,monthly,1993-2016
C3S,UKMO,dynamical,2026-09-01,2026-11,2,3.302,1.0638,2.2382,ens_030,monthly,1993-2016
C3S,UKMO,dynamical,2026-09-01,2026-12,3,3.2772,1.0979,2.1792,ens_030,monthly,1993-2016
C3S,UKMO,dynamical,2026-09-01,2027-01,4,3.1519,1.1248,2.0271,ens_030,monthly,1993-2016
C3S,UKMO,dynamical,2026-09-01,2027-02,5,2.8011,1.1576,1.6435,ens_030,monthly,1993-2016
C3S,UKMO,dynamical,2026-09-01,2026-09,0,3.3417,0.9341,2.4075,ens_031,monthly,1993-2016
C3S,UKMO,dynamical,2026-09-01,2026-10,1,3.2979,1.0399,2.258,ens_031,monthly,1993-2016
C3S,UKMO,dynamical,2026-09-01,2026-11,2,3.3725,1.1315,2.241,ens_031,monthly,1993-2016
C3S,UKMO,dynamical,2026-09-01,2026-12,3,3.2639,1.1776,2.0863,ens_031,monthly,1993-2016
C3S,UKMO,dynamical,2026-09-01,2027-01,4,2.9506,1.1446,1.8059,ens_031,monthly,1993-2016
C3S,UKMO,dynamical,2026-09-01,2027-02,5,2.4719,0.9969,1.475,ens_031,monthly,1993-2016
C3S,UKMO,dynamical,2026-09-01,2026-09,0,3.2647,0.9374,2.3274,ens_032,monthly,1993-2016
C3S,UKMO,dynamical,2026-09-01,2026-10,1,3.5784,1.0228,2.5556,ens_032,monthly,1993-2016
C3S,UKMO,dynamical,2026-09-01,2026-11,2,3.6176,1.0673,2.5503,ens_032,monthly,1993-2016
C3S,UKMO,dynamical,2026-09-01,2026-12,3,3.5652,1.1181,2.4471,ens_032,monthly,1993-2016
C3S,UKMO,dynamical,2026-09-01,2027-01,4,3.4412,1.1409,2.3003,ens_032,monthly,1993-2016
C3S,UKMO,dynamical,2026-09-01,2027-02,5,3.099,1.0304,2.0686,ens_032,monthly,1993-2016
C3S,UKMO,dynamical,2026-09-01,2026-09,0,3.275,0.883,2.392,ens_033,monthly,1993-2016
C3S,UKMO,dynamical,2026-09-01,2026-10,1,3.5136,0.9332,2.5804,ens_033,monthly,1993-2016
C3S,UKMO,dynamical,2026-09-01,2026-11,2,3.5416,0.9904,2.5512,ens_033,monthly,1993-2016
C3S,UKMO,dynamical,2026-09-01,2026-12,3,3.5008,1.0822,2.4186,ens_033,monthly,1993-2016
C3S,UKMO,dynamical,2026-09-01,2027-01,4,3.1509,1.0012,2.1497,ens_033,monthly,1993-2016
C3S,UKMO,dynamical,2026-09-01,2027-02,5,2.7968,0.9815,1.8153,ens_033,monthly,1993-2016
C3S,UKMO,dynamical,2026-09-01,2026-09,0,3.2195,0.8637,2.3558,ens_034,monthly,1993-2016
C3S,UKMO,dynamical,2026-09-01,2026-10,1,3.5466,0.9391,2.6075,ens_034,monthly,1993-2016
C3S,UKMO,dynamical,2026-09-01,2026-11,2,3.5511,1.1208,2.4303,ens_034,monthly,1993-2016
C3S,UKMO,dynamical,2026-09-01,2026-12,3,3.4331,1.2015,2.2316,ens_034,monthly,1993-2016
C3S,UKMO,dynamical,2026-09-01,2027-01,4,3.3913,1.2752,2.1161,ens_034,monthly,1993-2016
C3S,UKMO,dynamical,2026-09-01,2027-02,5,2.9843,1.2003,1.784,ens_034,monthly,1993-2016
C3S,UKMO,dynamical,2026-09-01,2026-09,0,3.2933,0.9127,2.3807,ens_035,monthly,1993-2016
C3S,UKMO,dynamical,2026-09-01,2026-10,1,3.5559,1.0099,2.5459,ens_035,monthly,1993-2016
C3S,UKMO,dynamical,2026-09-01,2026-11,2,3.4409,1.0245,2.4164,ens_035,monthly,1993-2016
C3S,UKMO,dynamical,2026-09-01,2026-12,3,3.2746,1.0734,2.2012,ens_035,monthly,1993-2016
C3S,UKMO,dynamical,2026-09-01,2027-01,4,3.2493,1.0319,2.2175,ens_035,monthly,1993-2016
C3S,UKMO,dynamical,2026-09-01,2027-02,5,2.4916,0.9871,1.5045,ens_035,monthly,1993-2016
C3S,UKMO,dynamical,2026-09-01,2026-09,0,3.0988,0.9237,2.1751,ens_036,monthly,1993-2016
C3S,UKMO,dynamical,2026-09-01,2026-10,1,3.4408,1.0031,2.4377,ens_036,monthly,1993-2016
C3S,UKMO,dynamical,2026-09-01,2026-11,2,3.5271,1.037,2.4901,ens_036,monthly,1993-2016
C3S,UKMO,dynamical,2026-09-01,2026-12,3,3.4846,1.1346,2.3501,ens_036,monthly,1993-2016
C3S,UKMO,dynamical,2026-09-01,2027-01,4,3.0657,1.0749,1.9908,ens_036,monthly,1993-2016
C3S,UKMO,dynamical,2026-09-01,2027-02,5,2.4852,0.9972,1.488,ens_036,monthly,1993-2016
C3S,UKMO,dynamical,2026-09-01,2026-09,0,3.1433,0.9073,2.236,ens_037,monthly,1993-2016
C3S,UKMO,dynamical,2026-09-01,2026-10,1,3.4275,1.0146,2.4128,ens_037,monthly,1993-2016
C3S,UKMO,dynamical,2026-09-01,2026-11,2,3.6264,1.0799,2.5464,ens_037,monthly,1993-2016
C3S,UKMO,dynamical,2026-09-01,2026-12,3,3.6224,1.15,2.4724,ens_037,monthly,1993-2016
C3S,UKMO,dynamical,2026-09-01,2027-01,4,3.1775,1.235,1.9425,ens_037,monthly,1993-2016
C3S,UKMO,dynamical,2026-09-01,2027-02,5,2.8917,1.147,1.7447,ens_037,monthly,1993-2016
C3S,UKMO,dynamical,2026-09-01,2026-09,0,3.1837,0.8613,2.3224,ens_038,monthly,1993-2016
C3S,UKMO,dynamical,2026-09-01,2026-10,1,3.4339,0.9937,2.4403,ens_038,monthly,1993-2016
C3S,UKMO,dynamical,2026-09-01,2026-11,2,3.6771,1.1156,2.5615,ens_038,monthly,1993-2016
C3S,UKMO,dynamical,2026-09-01,2026-12,3,3.5058,1.1315,2.3743,ens_038,monthly,1993-2016
C3S,UKMO,dynamical,2026-09-01,2027-01,4,3.3474,1.1181,2.2293,ens_038,monthly,1993-2016
C3S,UKMO,dynamical,2026-09-01,2027-02,5,2.8192,1.091,1.7282,ens_038,monthly,1993-2016
C3S,UKMO,dynamical,2026-09-01,2026-09,0,3.148,0.8482,2.2998,ens_039,monthly,1993-2016
C3S,UKMO,dynamical,2026-09-01,2026-10,1,3.3882,0.9315,2.4566,ens_039,monthly,1993-2016
C3S,UKMO,dynamical,2026-09-01,2026-11,2,3.4311,1.0762,2.3549,ens_039,monthly,1993-2016
C3S,UKMO,dynamical,2026-09-01,2026-12,3,3.3085,1.1713,2.1373,ens_039,monthly,1993-2016
C3S,UKMO,dynamical,2026-09-01,2027-01,4,3.0567,1.1397,1.9171,ens_039,monthly,1993-2016
C3S,UKMO,dynamical,2026-09-01,2027-02,5,2.3851,1.0732,1.3119,ens_039,monthly,1993-2016
C3S,UKMO,dynamical,2026-09-01,2026-09,0,3.1762,0.836,2.3402,ens_040,monthly,1993-2016
C3S,UKMO,dynamical,2026-09-01,2026-10,1,3.3473,0.9447,2.4026,ens_040,monthly,1993-2016
C3S,UKMO,dynamical,2026-09-01,2026-11,2,3.4943,0.9604,2.5339,ens_040,monthly,1993-2016
C3S,UKMO,dynamical,2026-09-01,2026-12,3,3.222,0.9975,2.2244,ens_040,monthly,1993-2016
C3S,UKMO,dynamical,2026-09-01,2027-01,4,2.9562,1.0924,1.8638,ens_040,monthly,1993-2016
C3S,UKMO,dynamical,2026-09-01,2027-02,5,2.3622,1.0843,1.278,ens_040,monthly,1993-2016
C3S,UKMO,dynamical,2026-09-01,2026-09,0,3.2424,0.8937,2.3487,ens_041,monthly,1993-2016
C3S,UKMO,dynamical,2026-09-01,2026-10,1,3.4121,0.9856,2.4266,ens_041,monthly,1993-2016
C3S,UKMO,dynamical,2026-09-01,2026-11,2,3.5781,1.0623,2.5158,ens_041,monthly,1993-2016
C3S,UKMO,dynamical,2026-09-01,2026-12,3,3.5772,1.1479,2.4293,ens_041,monthly,1993-2016
C3S,UKMO,dynamical,2026-09-01,2027-01,4,3.3063,1.2248,2.0815,ens_041,monthly,1993-2016
C3S,UKMO,dynamical,2026-09-01,2027-02,5,2.5061,1.1358,1.3703,ens_041,monthly,1993-2016
C3S,UKMO,dynamical,2026-09-01,2026-09,0,3.3105,0.9036,2.407,ens_042,monthly,1993-2016
C3S,UKMO,dynamical,2026-09-01,2026-10,1,3.4941,0.9559,2.5382,ens_042,monthly,1993-2016
C3S,UKMO,dynamical,2026-09-01,2026-11,2,3.5302,1.0472,2.483,ens_042,monthly,1993-2016
C3S,UKMO,dynamical,2026-09-01,2026-12,3,3.2127,1.1377,2.075,ens_042,monthly,1993-2016
C3S,UKMO,dynamical,2026-09-01,2027-01,4,3.25,1.1956,2.0545,ens_042,monthly,1993-2016
C3S,UKMO,dynamical,2026-09-01,2027-02,5,2.7958,1.0787,1.7171,ens_042,monthly,1993-2016
C3S,UKMO,dynamical,2026-09-01,2026-09,0,3.1258,0.8804,2.2454,ens_043,monthly,1993-2016
C3S,UKMO,dynamical,2026-09-01,2026-10,1,3.4449,1.029,2.4159,ens_043,monthly,1993-2016
C3S,UKMO,dynamical,2026-09-01,2026-11,2,3.3877,1.0309,2.3568,ens_043,monthly,1993-2016
C3S,UKMO,dynamical,2026-09-01,2026-12,3,3.4299,1.0586,2.3713,ens_043,monthly,1993-2016
C3S,UKMO,dynamical,2026-09-01,2027-01,4,3.2307,1.0655,2.1652,ens_043,monthly,1993-2016
C3S,UKMO,dynamical,2026-09-01,2027-02,5,2.7027,1.0146,1.6881,ens_043,monthly,1993-2016
C3S,UKMO,dynamical,2026-09-01,2026-09,0,3.1212,0.9034,2.2178,ens_044,monthly,1993-2016
C3S,UKMO,dynamical,2026-09-01,2026-10,1,3.253,0.97,2.283,ens_044,monthly,1993-2016
C3S,UKMO,dynamical,2026-09-01,2026-11,2,3.459,1.0278,2.4312,ens_044,monthly,1993-2016
C3S,UKMO,dynamical,2026-09-01,2026-12,3,3.4483,1.0838,2.3645,ens_044,monthly,1993-2016
C3S,UKMO,dynamical,2026-09-01,2027-01,4,3.1877,1.15,2.0377,ens_044,monthly,1993-2016
C3S,UKMO,dynamical,2026-09-01,2027-02,5,2.7402,1.0852,1.655,ens_044,monthly,1993-2016
C3S,UKMO,dynamical,2026-09-01,2026-09,0,3.1798,0.9226,2.2572,ens_045,monthly,1993-2016
C3S,UKMO,dynamical,2026-09-01,2026-10,1,3.5097,1.0108,2.4989,ens_045,monthly,1993-2016
C3S,UKMO,dynamical,2026-09-01,2026-11,2,3.6422,1.141,2.5012,ens_045,monthly,1993-2016
C3S,UKMO,dynamical,2026-09-01,2026-12,3,3.6372,1.1783,2.4589,ens_045,monthly,1993-2016
C3S,UKMO,dynamical,2026-09-01,2027-01,4,3.2483,1.1276,2.1207,ens_045,monthly,1993-2016
C3S,UKMO,dynamical,2026-09-01,2027-02,5,2.6919,0.9687,1.7232,ens_045,monthly,1993-2016
C3S,UKMO,dynamical,2026-09-01,2026-09,0,3.188,0.9106,2.2774,ens_046,monthly,1993-2016
C3S,UKMO,dynamical,2026-09-01,2026-10,1,3.4554,1.0008,2.4546,ens_046,monthly,1993-2016
C3S,UKMO,dynamical,2026-09-01,2026-11,2,3.2995,1.0671,2.2324,ens_046,monthly,1993-2016
C3S,UKMO,dynamical,2026-09-01,2026-12,3,3.3308,1.1941,2.1368,ens_046,monthly,1993-2016
C3S,UKMO,dynamical,2026-09-01,2027-01,4,3.239,1.1824,2.0566,ens_046,monthly,1993-2016
C3S,UKMO,dynamical,2026-09-01,2027-02,5,2.7953,1.1254,1.6698,ens_046,monthly,1993-2016
C3S,UKMO,dynamical,2026-09-01,2026-09,0,3.1674,0.8719,2.2955,ens_047,monthly,1993-2016
C3S,UKMO,dynamical,2026-09-01,2026-10,1,3.3303,0.8399,2.4905,ens_047,monthly,1993-2016
C3S,UKMO,dynamical,2026-09-01,2026-11,2,3.3807,0.9699,2.4108,ens_047,monthly,1993-2016
C3S,UKMO,dynamical,2026-09-01,2026-12,3,3.212,1.0862,2.1258,ens_047,monthly,1993-2016
C3S,UKMO,dynamical,2026-09-01,2027-01,4,3.01,1.1225,1.8875,ens_047,monthly,1993-2016
C3S,UKMO,dynamical,2026-09-01,2027-02,5,2.4852,1.0954,1.3898,ens_047,monthly,1993-2016
C3S,UKMO,dynamical,2026-09-01,2026-09,0,3.1899,0.9148,2.2751,ens_048,monthly,1993-2016
C3S,UKMO,dynamical,2026-09-01,2026-10,1,3.3287,0.999,2.3297,ens_048,monthly,1993-2016
C3S,UKMO,dynamical,2026-09-01,2026-11,2,3.4639,1.0932,2.3708,ens_048,monthly,1993-2016
C3S,UKMO,dynamical,2026-09-01,2026-12,3,3.3989,1.1032,2.2956,ens_048,monthly,1993-2016
C3S,UKMO,dynamical,2026-09-01,2027-01,4,3.1261,1.0762,2.0498,ens_048,monthly,1993-2016
C3S,UKMO,dynamical,2026-09-01,2027-02,5,2.4871,1.0176,1.4695,ens_048,monthly,1993-2016
C3S,UKMO,dynamical,2026-09-01,2026-09,0,3.2064,0.8613,2.3451,ens_049,monthly,1993-2016
C3S,UKMO,dynamical,2026-09-01,2026-10,1,3.4613,0.943,2.5184,ens_049,monthly,1993-2016
C3S,UKMO,dynamical,2026-09-01,2026-11,2,3.6172,1.0284,2.5888,ens_049,monthly,1993-2016
C3S,UKMO,dynamical,2026-09-01,2026-12,3,3.3831,1.0603,2.3228,ens_049,monthly,1993-2016
C3S,UKMO,dynamical,2026-09-01,2027-01,4,3.1456,1.0666,2.079,ens_049,monthly,1993-2016
C3S,UKMO,dynamical,2026-09-01,2027-02,5,2.377,0.9533,1.4237,ens_049,monthly,1993-2016
C3S,UKMO,dynamical,2026-09-01,2026-09,0,3.2436,0.9489,2.2947,ens_050,monthly,1993-2016
C3S,UKMO,dynamical,2026-09-01,2026-10,1,3.5007,1.0308,2.4699,ens_050,monthly,1993-2016
C3S,UKMO,dynamical,2026-09-01,2026-11,2,3.4666,1.1303,2.3364,ens_050,monthly,1993-2016
C3S,UKMO,dynamical,2026-09-01,2026-12,3,3.5343,1.1745,2.3597,ens_050,monthly,1993-2016
C3S,UKMO,dynamical,2026-09-01,2027-01,4,3.2349,1.2175,2.0174,ens_050,monthly,1993-2016
C3S,UKMO,dynamical,2026-09-01,2027-02,5,2.7692,1.1044,1.6648,ens_050,monthly,1993-2016
C3S,UKMO,dynamical,2026-09-01,2026-09,0,3.1634,0.9337,2.2298,ens_051,monthly,1993-2016
C3S,UKMO,dynamical,2026-09-01,2026-10,1,3.3313,1.0145,2.3168,ens_051,monthly,1993-2016
C3S,UKMO,dynamical,2026-09-01,2026-11,2,3.5179,1.1046,2.4133,ens_051,monthly,1993-2016
C3S,UKMO,dynamical,2026-09-01,2026-12,3,3.3834,1.1876,2.1958,ens_051,monthly,1993-2016
C3S,UKMO,dynamical,2026-09-01,2027-01,4,3.1727,1.2399,1.9328,ens_051,monthly,1993-2016
C3S,UKMO,dynamical,2026-09-01,2027-02,5,2.7279,1.169,1.5589,ens_051,monthly,1993-2016
C3S,UKMO,dynamical,2026-09-01,2026-09,0,3.1912,0.9473,2.2439,ens_052,monthly,1993-2016
C3S,UKMO,dynamical,2026-09-01,2026-10,1,3.2663,0.9573,2.309,ens_052,monthly,1993-2016
C3S,UKMO,dynamical,2026-09-01,2026-11,2,3.4255,1.0312,2.3943,ens_052,monthly,1993-2016
C3S,UKMO,dynamical,2026-09-01,2026-12,3,3.4428,1.1345,2.3083,ens_052,monthly,1993-2016
C3S,UKMO,dynamical,2026-09-01,2027-01,4,3.279,1.2354,2.0436,ens_052,monthly,1993-2016
C3S,UKMO,dynamical,2026-09-01,2027-02,5,2.8487,1.1682,1.6806,ens_052,monthly,1993-2016
C3S,UKMO,dynamical,2026-09-01,2026-09,0,3.2055,0.8599,2.3456,ens_053,monthly,1993-2016
C3S,UKMO,dynamical,2026-09-01,2026-10,1,3.2967,0.9246,2.3721,ens_053,monthly,1993-2016
C3S,UKMO,dynamical,2026-09-01,2026-11,2,3.4372,1.0034,2.4339,ens_053,monthly,1993-2016
C3S,UKMO,dynamical,2026-09-01,2026-12,3,3.3579,1.0233,2.3346,ens_053,monthly,1993-2016
C3S,UKMO,dynamical,2026-09-01,2027-01,4,3.1478,1.0815,2.0663,ens_053,monthly,1993-2016
C3S,UKMO,dynamical,2026-09-01,2027-02,5,2.3291,0.9993,1.3298,ens_053,monthly,1993-2016
C3S,UKMO,dynamical,2026-09-01,2026-09,0,3.3143,0.8813,2.433,ens_054,monthly,1993-2016
C3S,UKMO,dynamical,2026-09-01,2026-10,1,3.5511,0.8912,2.66,ens_054,monthly,1993-2016
C3S,UKMO,dynamical,2026-09-01,2026-11,2,3.6459,0.9971,2.6488,ens_054,monthly,1993-2016
C3S,UKMO,dynamical,2026-09-01,2026-12,3,3.4254,1.127,2.2984,ens_054,monthly,1993-2016
C3S,UKMO,dynamical,2026-09-01,2027-01,4,3.1316,1.1195,2.0121,ens_054,monthly,1993-2016
C3S,UKMO,dynamical,2026-09-01,2027-02,5,2.5093,0.9859,1.5234,ens_054,monthly,1993-2016
C3S,UKMO,dynamical,2026-09-01,2026-09,0,3.3116,0.9002,2.4114,ens_055,monthly,1993-2016
C3S,UKMO,dynamical,2026-09-01,2026-10,1,3.4113,1.0443,2.367,ens_055,monthly,1993-2016
C3S,UKMO,dynamical,2026-09-01,2026-11,2,3.6206,1.1947,2.4259,ens_055,monthly,1993-2016
C3S,UKMO,dynamical,2026-09-01,2026-12,3,3.6158,1.2438,2.3719,ens_055,monthly,1993-2016
C3S,UKMO,dynamical,2026-09-01,2027-01,4,3.2393,1.1911,2.0482,ens_055,monthly,1993-2016
C3S,UKMO,dynamical,2026-09-01,2027-02,5,2.9276,1.1847,1.7429,ens_055,monthly,1993-2016
C3S,UKMO,dynamical,2026-09-01,2026-09,0,3.0938,0.8867,2.2072,ens_056,monthly,1993-2016
C3S,UKMO,dynamical,2026-09-01,2026-10,1,3.3822,1.0199,2.3624,ens_056,monthly,1993-2016
C3S,UKMO,dynamical,2026-09-01,2026-11,2,3.5269,1.1365,2.3904,ens_056,monthly,1993-2016
C3S,UKMO,dynamical,2026-09-01,2026-12,3,3.3479,1.1576,2.1903,ens_056,monthly,1993-2016
C3S,UKMO,dynamical,2026-09-01,2027-01,4,3.1413,1.1532,1.9881,ens_056,monthly,1993-2016
C3S,UKMO,dynamical,2026-09-01,2027-02,5,2.5256,1.1047,1.4209,ens_056,monthly,1993-2016
C3S,UKMO,dynamical,2026-09-01,2026-09,0,3.3623,0.9103,2.4519,ens_057,monthly,1993-2016
C3S,UKMO,dynamical,2026-09-01,2026-10,1,3.5371,1.0241,2.513,ens_057,monthly,1993-2016
C3S,UKMO,dynamical,2026-09-01,2026-11,2,3.5197,1.1694,2.3503,ens_057,monthly,1993-2016
C3S,UKMO,dynamical,2026-09-01,2026-12,3,3.5456,1.2046,2.3409,ens_057,monthly,1993-2016
C3S,UKMO,dynamical,2026-09-01,2027-01,4,3.2722,1.1959,2.0762,ens_057,monthly,1993-2016
C3S,UKMO,dynamical,2026-09-01,2027-02,5,3.0066,1.174,1.8326,ens_057,monthly,1993-2016
C3S,UKMO,dynamical,2026-09-01,2026-09,0,3.4058,0.9156,2.4901,ens_058,monthly,1993-2016
C3S,UKMO,dynamical,2026-09-01,2026-10,1,3.4349,1.0362,2.3986,ens_058,monthly,1993-2016
C3S,UKMO,dynamical,2026-09-01,2026-11,2,3.5288,1.0879,2.4409,ens_058,monthly,1993-2016
C3S,UKMO,dynamical,2026-09-01,2026-12,3,3.3105,1.1123,2.1982,ens_058,monthly,1993-2016
C3S,UKMO,dynamical,2026-09-01,2027-01,4,3.3088,1.1988,2.11,ens_058,monthly,1993-2016
C3S,UKMO,dynamical,2026-09-01,2027-02,5,2.6876,1.1432,1.5443,ens_058,monthly,1993-2016
C3S,UKMO,dynamical,2026-09-01,2026-09,0,3.3654,0.9145,2.4509,ens_059,monthly,1993-2016
C3S,UKMO,dynamical,2026-09-01,2026-10,1,3.4543,0.9208,2.5335,ens_059,monthly,1993-2016
C3S,UKMO,dynamical,2026-09-01,2026-11,2,3.5818,1.0859,2.496,ens_059,monthly,1993-2016
C3S,UKMO,dynamical,2026-09-01,2026-12,3,3.4932,1.166,2.3272,ens_059,monthly,1993-2016
C3S,UKMO,dynamical,2026-09-01,2027-01,4,3.2941,1.2548,2.0392,ens_059,monthly,1993-2016
C3S,UKMO,dynamical,2026-09-01,2027-02,5,2.7735,1.1975,1.576,ens_059,monthly,1993-2016
C3S,UKMO,dynamical,2026-09-01,2026-09,0,3.2176,0.8713,2.3463,ens_060,monthly,1993-2016
C3S,UKMO,dynamical,2026-09-01,2026-10,1,3.387,0.9225,2.4645,ens_060,monthly,1993-2016
C3S,UKMO,dynamical,2026-09-01,2026-11,2,3.4181,1.0769,2.3412,ens_060,monthly,1993-2016
C3S,UKMO,dynamical,2026-09-01,2026-12,3,3.3017,1.1804,2.1214,ens_060,monthly,1993-2016
C3S,UKMO,dynamical,2026-09-01,2027-01,4,3.0361,1.1848,1.8514,ens_060,monthly,1993-2016
C3S,UKMO,dynamical,2026-09-01,2027-02,5,2.4466,1.0826,1.364,ens_060,monthly,1993-2016
C3S,UKMO,dynamical,2026-09-01,2026-09,0,3.3322,0.9952,2.337,ens_061,monthly,1993-2016
C3S,UKMO,dynamical,2026-09-01,2026-10,1,3.4644,1.0425,2.4218,ens_061,monthly,1993-2016
C3S,UKMO,dynamical,2026-09-01,2026-11,2,3.586,1.0786,2.5074,ens_061,monthly,1993-2016
C3S,UKMO,dynamical,2026-09-01,2026-12,3,3.5363,1.2061,2.3302,ens_061,monthly,1993-2016
C3S,UKMO,dynamical,2026-09-01,2027-01,4,3.1606,1.2737,1.8869,ens_061,monthly,1993-2016
C3S,UKMO,dynamical,2026-09-01,2027-02,5,2.6454,1.1982,1.4472,ens_061,monthly,1993-2016
C3S,UKMO,dynamical,2026-09-01,2026-09,0,3.1492,0.8963,2.2529,mean,monthly,1993-2016
C3S,UKMO,dynamical,2026-09-01,2026-10,1,3.3821,0.9901,2.392,mean,monthly,1993-2016
C3S,UKMO,dynamical,2026-09-01,2026-11,2,3.4794,1.0809,2.3985,mean,monthly,1993-2016
C3S,UKMO,dynamical,2026-09-01,2026-12,3,3.3987,1.1504,2.2484,mean,monthly,1993-2016
C3S,UKMO,dynamical,2026-09-01,2027-01,4,3.1898,1.1535,2.0363,mean,monthly,1993-2016
C3S,UKMO,dynamical,2026-09-01,2027-02,5,2.6437,1.0833,1.5605,mean,monthly,1993-2016
C3S,Meteo-France,dynamical,2026-09-01,2026-09,0,3.2928,0.8081,2.4847,ens_000,monthly,1993-2016
C3S,Meteo-France,dynamical,2026-09-01,2026-10,1,3.911,1.042,2.869,ens_000,monthly,1993-2016
C3S,Meteo-France,dynamical,2026-09-01,2026-11,2,4.0059,1.134,2.8719,ens_000,monthly,1993-2016
C3S,Meteo-France,dynamical,2026-09-01,2026-12,3,3.9558,1.1941,2.7617,ens_000,monthly,1993-2016
C3S,Meteo-France,dynamical,2026-09-01,2027-01,4,3.3903,1.1388,2.2514,ens_000,monthly,1993-2016
C3S,Meteo-France,dynamical,2026-09-01,2027-02,5,2.0483,0.9655,1.0829,ens_000,monthly,1993-2016
C3S,Meteo-France,dynamical,2026-09-01,2026-09,0,3.3912,0.8749,2.5163,ens_001,monthly,1993-2016
C3S,Meteo-France,dynamical,2026-09-01,2026-10,1,3.7729,0.9788,2.7941,ens_001,monthly,1993-2016
C3S,Meteo-France,dynamical,2026-09-01,2026-11,2,4.1178,1.1518,2.966,ens_001,monthly,1993-2016
C3S,Meteo-France,dynamical,2026-09-01,2026-12,3,4.064,1.2141,2.8499,ens_001,monthly,1993-2016
C3S,Meteo-France,dynamical,2026-09-01,2027-01,4,3.3557,1.1601,2.1957,ens_001,monthly,1993-2016
C3S,Meteo-France,dynamical,2026-09-01,2027-02,5,2.5185,0.9918,1.5268,ens_001,monthly,1993-2016
C3S,Meteo-France,dynamical,2026-09-01,2026-09,0,3.496,0.8892,2.6068,ens_002,monthly,1993-2016
C3S,Meteo-France,dynamical,2026-09-01,2026-10,1,3.8377,0.98,2.8577,ens_002,monthly,1993-2016
C3S,Meteo-France,dynamical,2026-09-01,2026-11,2,4.0377,1.1185,2.9192,ens_002,monthly,1993-2016
C3S,Meteo-France,dynamical,2026-09-01,2026-12,3,3.8914,1.166,2.7254,ens_002,monthly,1993-2016
C3S,Meteo-France,dynamical,2026-09-01,2027-01,4,3.5093,1.2368,2.2725,ens_002,monthly,1993-2016
C3S,Meteo-France,dynamical,2026-09-01,2027-02,5,2.8227,1.1677,1.655,ens_002,monthly,1993-2016
C3S,Meteo-France,dynamical,2026-09-01,2026-09,0,3.2559,0.8576,2.3983,ens_003,monthly,1993-2016
C3S,Meteo-France,dynamical,2026-09-01,2026-10,1,3.9279,1.0687,2.8593,ens_003,monthly,1993-2016
C3S,Meteo-France,dynamical,2026-09-01,2026-11,2,4.0729,1.0993,2.9736,ens_003,monthly,1993-2016
C3S,Meteo-France,dynamical,2026-09-01,2026-12,3,3.8418,1.0701,2.7718,ens_003,monthly,1993-2016
C3S,Meteo-France,dynamical,2026-09-01,2027-01,4,3.4838,1.0484,2.4354,ens_003,monthly,1993-2016
C3S,Meteo-France,dynamical,2026-09-01,2027-02,5,2.6417,1.0521,1.5896,ens_003,monthly,1993-2016
C3S,Meteo-France,dynamical,2026-09-01,2026-09,0,3.3237,0.91,2.4137,ens_004,monthly,1993-2016
C3S,Meteo-France,dynamical,2026-09-01,2026-10,1,3.9058,1.0575,2.8483,ens_004,monthly,1993-2016
C3S,Meteo-France,dynamical,2026-09-01,2026-11,2,4.0797,1.197,2.8827,ens_004,monthly,1993-2016
C3S,Meteo-France,dynamical,2026-09-01,2026-12,3,3.9538,1.2062,2.7476,ens_004,monthly,1993-2016
C3S,Meteo-France,dynamical,2026-09-01,2027-01,4,3.2042,1.1381,2.0661,ens_004,monthly,1993-2016
C3S,Meteo-France,dynamical,2026-09-01,2027-02,5,2.4033,1.045,1.3583,ens_004,monthly,1993-2016
C3S,Meteo-France,dynamical,2026-09-01,2026-09,0,3.4784,0.9009,2.5775,ens_005,monthly,1993-2016
C3S,Meteo-France,dynamical,2026-09-01,2026-10,1,3.6109,1.0388,2.5722,ens_005,monthly,1993-2016
C3S,Meteo-France,dynamical,2026-09-01,2026-11,2,4.2151,1.1474,3.0676,ens_005,monthly,1993-2016
C3S,Meteo-France,dynamical,2026-09-01,2026-12,3,4.2915,1.2757,3.0158,ens_005,monthly,1993-2016
C3S,Meteo-France,dynamical,2026-09-01,2027-01,4,3.7137,1.1772,2.5364,ens_005,monthly,1993-2016
C3S,Meteo-France,dynamical,2026-09-01,2027-02,5,2.7995,1.1105,1.689,ens_005,monthly,1993-2016
C3S,Meteo-France,dynamical,2026-09-01,2026-09,0,3.4198,0.8571,2.5627,ens_006,monthly,1993-2016
C3S,Meteo-France,dynamical,2026-09-01,2026-10,1,3.7765,0.9885,2.7881,ens_006,monthly,1993-2016
C3S,Meteo-France,dynamical,2026-09-01,2026-11,2,3.9689,1.0498,2.9191,ens_006,monthly,1993-2016
C3S,Meteo-France,dynamical,2026-09-01,2026-12,3,3.747,1.051,2.696,ens_006,monthly,1993-2016
C3S,Meteo-France,dynamical,2026-09-01,2027-01,4,3.305,1.0431,2.2619,ens_006,monthly,1993-2016
C3S,Meteo-France,dynamical,2026-09-01,2027-02,5,2.5431,1.0602,1.4829,ens_006,monthly,1993-2016
C3S,Meteo-France,dynamical,2026-09-01,2026-09,0,3.2476,0.8541,2.3935,ens_007,monthly,1993-2016
C3S,Meteo-France,dynamical,2026-09-01,2026-10,1,3.79,1.0621,2.7279,ens_007,monthly,1993-2016
C3S,Meteo-France,dynamical,2026-09-01,2026-11,2,4.1594,1.1153,3.0441,ens_007,monthly,1993-2016
C3S,Meteo-France,dynamical,2026-09-01,2026-12,3,3.9404,1.088,2.8525,ens_007,monthly,1993-2016
C3S,Meteo-France,dynamical,2026-09-01,2027-01,4,3.6725,1.1366,2.5359,ens_007,monthly,1993-2016
C3S,Meteo-France,dynamical,2026-09-01,2027-02,5,2.62,0.9815,1.6386,ens_007,monthly,1993-2016
C3S,Meteo-France,dynamical,2026-09-01,2026-09,0,3.3014,0.8653,2.4361,ens_008,monthly,1993-2016
C3S,Meteo-France,dynamical,2026-09-01,2026-10,1,3.7308,1.057,2.6739,ens_008,monthly,1993-2016
C3S,Meteo-France,dynamical,2026-09-01,2026-11,2,4.1866,1.2168,2.9698,ens_008,monthly,1993-2016
C3S,Meteo-France,dynamical,2026-09-01,2026-12,3,4.5278,1.2792,3.2486,ens_008,monthly,1993-2016
C3S,Meteo-France,dynamical,2026-09-01,2027-01,4,3.9318,1.2093,2.7225,ens_008,monthly,1993-2016
C3S,Meteo-France,dynamical,2026-09-01,2027-02,5,2.9589,1.1361,1.8228,ens_008,monthly,1993-2016
C3S,Meteo-France,dynamical,2026-09-01,2026-09,0,3.4025,0.8965,2.5059,ens_009,monthly,1993-2016
C3S,Meteo-France,dynamical,2026-09-01,2026-10,1,3.8283,1.0755,2.7529,ens_009,monthly,1993-2016
C3S,Meteo-France,dynamical,2026-09-01,2026-11,2,4.3115,1.2226,3.0889,ens_009,monthly,1993-2016
C3S,Meteo-France,dynamical,2026-09-01,2026-12,3,4.0501,1.2083,2.8418,ens_009,monthly,1993-2016
C3S,Meteo-France,dynamical,2026-09-01,2027-01,4,3.453,1.1259,2.3271,ens_009,monthly,1993-2016
C3S,Meteo-France,dynamical,2026-09-01,2027-02,5,2.6186,0.9638,1.6548,ens_009,monthly,1993-2016
C3S,Meteo-France,dynamical,2026-09-01,2026-09,0,3.3993,0.8809,2.5184,ens_010,monthly,1993-2016
C3S,Meteo-France,dynamical,2026-09-01,2026-10,1,3.7793,1.0259,2.7534,ens_010,monthly,1993-2016
C3S,Meteo-France,dynamical,2026-09-01,2026-11,2,4.0061,1.0705,2.9356,ens_010,monthly,1993-2016
C3S,Meteo-France,dynamical,2026-09-01,2026-12,3,3.9348,1.1852,2.7496,ens_010,monthly,1993-2016
C3S,Meteo-France,dynamical,2026-09-01,2027-01,4,3.6799,1.1417,2.5382,ens_010,monthly,1993-2016
C3S,Meteo-France,dynamical,2026-09-01,2027-02,5,2.4734,1.0096,1.4638,ens_010,monthly,1993-2016
C3S,Meteo-France,dynamical,2026-09-01,2026-09,0,3.4395,0.8771,2.5624,ens_011,monthly,1993-2016
C3S,Meteo-France,dynamical,2026-09-01,2026-10,1,3.7765,1.0151,2.7614,ens_011,monthly,1993-2016
C3S,Meteo-France,dynamical,2026-09-01,2026-11,2,3.9748,1.0197,2.9552,ens_011,monthly,1993-2016
C3S,Meteo-France,dynamical,2026-09-01,2026-12,3,3.8835,1.0079,2.8756,ens_011,monthly,1993-2016
C3S,Meteo-France,dynamical,2026-09-01,2027-01,4,3.6806,0.9441,2.7365,ens_011,monthly,1993-2016
C3S,Meteo-France,dynamical,2026-09-01,2027-02,5,2.9566,0.8461,2.1105,ens_011,monthly,1993-2016
C3S,Meteo-France,dynamical,2026-09-01,2026-09,0,3.3555,0.8519,2.5036,ens_012,monthly,1993-2016
C3S,Meteo-France,dynamical,2026-09-01,2026-10,1,3.9202,1.0585,2.8616,ens_012,monthly,1993-2016
C3S,Meteo-France,dynamical,2026-09-01,2026-11,2,4.2753,1.108,3.1674,ens_012,monthly,1993-2016
C3S,Meteo-France,dynamical,2026-09-01,2026-12,3,3.8779,1.1814,2.6965,ens_012,monthly,1993-2016
C3S,Meteo-France,dynamical,2026-09-01,2027-01,4,3.2389,1.1816,2.0573,ens_012,monthly,1993-2016
C3S,Meteo-France,dynamical,2026-09-01,2027-02,5,2.254,1.0351,1.2188,ens_012,monthly,1993-2016
C3S,Meteo-France,dynamical,2026-09-01,2026-09,0,3.3103,0.8681,2.4422,ens_013,monthly,1993-2016
C3S,Meteo-France,dynamical,2026-09-01,2026-10,1,3.7348,0.9552,2.7796,ens_013,monthly,1993-2016
C3S,Meteo-France,dynamical,2026-09-01,2026-11,2,3.9628,1.0487,2.9141,ens_013,monthly,1993-2016
C3S,Meteo-France,dynamical,2026-09-01,2026-12,3,3.9943,1.1819,2.8124,ens_013,monthly,1993-2016
C3S,Meteo-France,dynamical,2026-09-01,2027-01,4,3.4628,1.0415,2.4213,ens_013,monthly,1993-2016
C3S,Meteo-France,dynamical,2026-09-01,2027-02,5,2.5455,0.8735,1.672,ens_013,monthly,1993-2016
C3S,Meteo-France,dynamical,2026-09-01,2026-09,0,3.3336,0.8962,2.4374,ens_014,monthly,1993-2016
C3S,Meteo-France,dynamical,2026-09-01,2026-10,1,3.6907,0.9938,2.6968,ens_014,monthly,1993-2016
C3S,Meteo-France,dynamical,2026-09-01,2026-11,2,4.2415,1.0938,3.1477,ens_014,monthly,1993-2016
C3S,Meteo-France,dynamical,2026-09-01,2026-12,3,4.0795,1.1216,2.9578,ens_014,monthly,1993-2016
C3S,Meteo-France,dynamical,2026-09-01,2027-01,4,3.5559,1.0533,2.5026,ens_014,monthly,1993-2016
C3S,Meteo-France,dynamical,2026-09-01,2027-02,5,2.4982,1.0384,1.4598,ens_014,monthly,1993-2016
C3S,Meteo-France,dynamical,2026-09-01,2026-09,0,3.3123,0.9056,2.4067,ens_015,monthly,1993-2016
C3S,Meteo-France,dynamical,2026-09-01,2026-10,1,3.8312,0.9741,2.8572,ens_015,monthly,1993-2016
C3S,Meteo-France,dynamical,2026-09-01,2026-11,2,4.0382,1.0441,2.9941,ens_015,monthly,1993-2016
C3S,Meteo-France,dynamical,2026-09-01,2026-12,3,3.8965,1.0897,2.8068,ens_015,monthly,1993-2016
C3S,Meteo-France,dynamical,2026-09-01,2027-01,4,3.4232,1.1755,2.2477,ens_015,monthly,1993-2016
C3S,Meteo-France,dynamical,2026-09-01,2027-02,5,2.2889,1.0664,1.2225,ens_015,monthly,1993-2016
C3S,Meteo-France,dynamical,2026-09-01,2026-09,0,3.3109,0.9006,2.4103,ens_016,monthly,1993-2016
C3S,Meteo-France,dynamical,2026-09-01,2026-10,1,3.5328,1.0247,2.5082,ens_016,monthly,1993-2016
C3S,Meteo-France,dynamical,2026-09-01,2026-11,2,3.9484,1.0533,2.8951,ens_016,monthly,1993-2016
C3S,Meteo-France,dynamical,2026-09-01,2026-12,3,3.7705,1.0662,2.7043,ens_016,monthly,1993-2016
C3S,Meteo-France,dynamical,2026-09-01,2027-01,4,3.3228,1.063,2.2598,ens_016,monthly,1993-2016
C3S,Meteo-France,dynamical,2026-09-01,2027-02,5,2.3696,0.9264,1.4432,ens_016,monthly,1993-2016
C3S,Meteo-France,dynamical,2026-09-01,2026-09,0,3.4004,0.8756,2.5248,ens_017,monthly,1993-2016
C3S,Meteo-France,dynamical,2026-09-01,2026-10,1,3.8008,1.0428,2.758,ens_017,monthly,1993-2016
C3S,Meteo-France,dynamical,2026-09-01,2026-11,2,4.1459,1.0889,3.0571,ens_017,monthly,1993-2016
C3S,Meteo-France,dynamical,2026-09-01,2026-12,3,3.6058,1.1171,2.4887,ens_017,monthly,1993-2016
C3S,Meteo-France,dynamical,2026-09-01,2027-01,4,3.2569,1.1356,2.1213,ens_017,monthly,1993-2016
C3S,Meteo-France,dynamical,2026-09-01,2027-02,5,2.2968,1.0985,1.1983,ens_017,monthly,1993-2016
C3S,Meteo-France,dynamical,2026-09-01,2026-09,0,3.3931,0.8822,2.5109,ens_018,monthly,1993-2016
C3S,Meteo-France,dynamical,2026-09-01,2026-10,1,3.7376,1.0083,2.7293,ens_018,monthly,1993-2016
C3S,Meteo-France,dynamical,2026-09-01,2026-11,2,4.0333,1.1557,2.8775,ens_018,monthly,1993-2016
C3S,Meteo-France,dynamical,2026-09-01,2026-12,3,4.0888,1.1866,2.9021,ens_018,monthly,1993-2016
C3S,Meteo-France,dynamical,2026-09-01,2027-01,4,3.5054,1.1438,2.3616,ens_018,monthly,1993-2016
C3S,Meteo-France,dynamical,2026-09-01,2027-02,5,2.6773,0.9825,1.6948,ens_018,monthly,1993-2016
C3S,Meteo-France,dynamical,2026-09-01,2026-09,0,3.3039,0.8918,2.4121,ens_019,monthly,1993-2016
C3S,Meteo-France,dynamical,2026-09-01,2026-10,1,3.8624,1.1216,2.7407,ens_019,monthly,1993-2016
C3S,Meteo-France,dynamical,2026-09-01,2026-11,2,4.4317,1.2478,3.1839,ens_019,monthly,1993-2016
C3S,Meteo-France,dynamical,2026-09-01,2026-12,3,4.021,1.244,2.7771,ens_019,monthly,1993-2016
C3S,Meteo-France,dynamical,2026-09-01,2027-01,4,3.6104,1.1963,2.4141,ens_019,monthly,1993-2016
C3S,Meteo-France,dynamical,2026-09-01,2027-02,5,3.0249,1.1301,1.8948,ens_019,monthly,1993-2016
C3S,Meteo-France,dynamical,2026-09-01,2026-09,0,3.2475,0.8426,2.4049,ens_020,monthly,1993-2016
C3S,Meteo-France,dynamical,2026-09-01,2026-10,1,3.7637,1.027,2.7367,ens_020,monthly,1993-2016
C3S,Meteo-France,dynamical,2026-09-01,2026-11,2,3.9341,1.1323,2.8018,ens_020,monthly,1993-2016
C3S,Meteo-France,dynamical,2026-09-01,2026-12,3,3.868,1.1316,2.7363,ens_020,monthly,1993-2016
C3S,Meteo-France,dynamical,2026-09-01,2027-01,4,3.4858,1.0706,2.4152,ens_020,monthly,1993-2016
C3S,Meteo-France,dynamical,2026-09-01,2027-02,5,2.4879,1.0019,1.486,ens_020,monthly,1993-2016
C3S,Meteo-France,dynamical,2026-09-01,2026-09,0,3.3235,0.8784,2.4451,ens_021,monthly,1993-2016
C3S,Meteo-France,dynamical,2026-09-01,2026-10,1,4.0333,1.0842,2.9491,ens_021,monthly,1993-2016
C3S,Meteo-France,dynamical,2026-09-01,2026-11,2,4.2203,1.1853,3.035,ens_021,monthly,1993-2016
C3S,Meteo-France,dynamical,2026-09-01,2026-12,3,3.977,1.2391,2.738,ens_021,monthly,1993-2016
C3S,Meteo-France,dynamical,2026-09-01,2027-01,4,3.4737,1.183,2.2907,ens_021,monthly,1993-2016
C3S,Meteo-France,dynamical,2026-09-01,2027-02,5,2.6135,1.1105,1.503,ens_021,monthly,1993-2016
C3S,Meteo-France,dynamical,2026-09-01,2026-09,0,3.4815,0.9214,2.5601,ens_022,monthly,1993-2016
C3S,Meteo-France,dynamical,2026-09-01,2026-10,1,3.759,1.0065,2.7525,ens_022,monthly,1993-2016
C3S,Meteo-France,dynamical,2026-09-01,2026-11,2,4.0527,1.179,2.8738,ens_022,monthly,1993-2016
C3S,Meteo-France,dynamical,2026-09-01,2026-12,3,3.9326,1.1659,2.7667,ens_022,monthly,1993-2016
C3S,Meteo-France,dynamical,2026-09-01,2027-01,4,3.4681,1.1031,2.365,ens_022,monthly,1993-2016
C3S,Meteo-France,dynamical,2026-09-01,2027-02,5,2.6941,0.9302,1.7639,ens_022,monthly,1993-2016
C3S,Meteo-France,dynamical,2026-09-01,2026-09,0,3.412,0.8819,2.5301,ens_023,monthly,1993-2016
C3S,Meteo-France,dynamical,2026-09-01,2026-10,1,3.9006,1.065,2.8356,ens_023,monthly,1993-2016
C3S,Meteo-France,dynamical,2026-09-01,2026-11,2,4.3316,1.1171,3.2145,ens_023,monthly,1993-2016
C3S,Meteo-France,dynamical,2026-09-01,2026-12,3,4.1098,1.1065,3.0033,ens_023,monthly,1993-2016
C3S,Meteo-France,dynamical,2026-09-01,2027-01,4,3.6622,1.0137,2.6485,ens_023,monthly,1993-2016
C3S,Meteo-France,dynamical,2026-09-01,2027-02,5,2.4563,0.9153,1.541,ens_023,monthly,1993-2016
C3S,Meteo-France,dynamical,2026-09-01,2026-09,0,3.3403,0.8528,2.4874,ens_024,monthly,1993-2016
C3S,Meteo-France,dynamical,2026-09-01,2026-10,1,3.8359,1.0512,2.7847,ens_024,monthly,1993-2016
C3S,Meteo-France,dynamical,2026-09-01,2026-11,2,4.0159,1.115,2.9009,ens_024,monthly,1993-2016
C3S,Meteo-France,dynamical,2026-09-01,2026-12,3,3.8976,1.1641,2.7335,ens_024,monthly,1993-2016
C3S,Meteo-France,dynamical,2026-09-01,2027-01,4,3.4891,1.1804,2.3088,ens_024,monthly,1993-2016
C3S,Meteo-France,dynamical,2026-09-01,2027-02,5,2.6055,1.047,1.5584,ens_024,monthly,1993-2016
C3S,Meteo-France,dynamical,2026-09-01,2026-09,0,3.3634,0.8779,2.4855,ens_025,monthly,1993-2016
C3S,Meteo-France,dynamical,2026-09-01,2026-10,1,3.6307,1.0416,2.5891,ens_025,monthly,1993-2016
C3S,Meteo-France,dynamical,2026-09-01,2026-11,2,3.9275,1.0694,2.8581,ens_025,monthly,1993-2016
C3S,Meteo-France,dynamical,2026-09-01,2026-12,3,3.7804,1.1646,2.6158,ens_025,monthly,1993-2016
C3S,Meteo-France,dynamical,2026-09-01,2027-01,4,3.5869,1.1159,2.471,ens_025,monthly,1993-2016
C3S,Meteo-France,dynamical,2026-09-01,2027-02,5,2.8108,1.0653,1.7455,ens_025,monthly,1993-2016
C3S,Meteo-France,dynamical,2026-09-01,2026-09,0,3.4222,0.9655,2.4567,ens_026,monthly,1993-2016
C3S,Meteo-France,dynamical,2026-09-01,2026-10,1,3.6883,1.0773,2.611,ens_026,monthly,1993-2016
C3S,Meteo-France,dynamical,2026-09-01,2026-11,2,3.8841,1.155,2.7292,ens_026,monthly,1993-2016
C3S,Meteo-France,dynamical,2026-09-01,2026-12,3,4.0274,1.2275,2.7999,ens_026,monthly,1993-2016
C3S,Meteo-France,dynamical,2026-09-01,2027-01,4,3.6866,1.1382,2.5484,ens_026,monthly,1993-2016
C3S,Meteo-France,dynamical,2026-09-01,2027-02,5,2.7117,1.0618,1.65,ens_026,monthly,1993-2016
C3S,Meteo-France,dynamical,2026-09-01,2026-09,0,3.4096,0.9063,2.5034,ens_027,monthly,1993-2016
C3S,Meteo-France,dynamical,2026-09-01,2026-10,1,3.8702,1.0753,2.7949,ens_027,monthly,1993-2016
C3S,Meteo-France,dynamical,2026-09-01,2026-11,2,4.1052,1.1285,2.9767,ens_027,monthly,1993-2016
C3S,Meteo-France,dynamical,2026-09-01,2026-12,3,3.8057,1.1705,2.6351,ens_027,monthly,1993-2016
C3S,Meteo-France,dynamical,2026-09-01,2027-01,4,3.4856,1.0832,2.4024,ens_027,monthly,1993-2016
C3S,Meteo-France,dynamical,2026-09-01,2027-02,5,2.7968,1.0366,1.7602,ens_027,monthly,1993-2016
C3S,Meteo-France,dynamical,2026-09-01,2026-09,0,3.3548,0.9279,2.4268,ens_028,monthly,1993-2016
C3S,Meteo-France,dynamical,2026-09-01,2026-10,1,3.9207,1.1194,2.8013,ens_028,monthly,1993-2016
C3S,Meteo-France,dynamical,2026-09-01,2026-11,2,4.0634,1.1972,2.8662,ens_028,monthly,1993-2016
C3S,Meteo-France,dynamical,2026-09-01,2026-12,3,4.0675,1.2236,2.8439,ens_028,monthly,1993-2016
C3S,Meteo-France,dynamical,2026-09-01,2027-01,4,3.527,1.0865,2.4404,ens_028,monthly,1993-2016
C3S,Meteo-France,dynamical,2026-09-01,2027-02,5,2.5085,1.0222,1.4863,ens_028,monthly,1993-2016
C3S,Meteo-France,dynamical,2026-09-01,2026-09,0,3.4598,0.9217,2.5381,ens_029,monthly,1993-2016
C3S,Meteo-France,dynamical,2026-09-01,2026-10,1,3.6607,1.0016,2.6592,ens_029,monthly,1993-2016
C3S,Meteo-France,dynamical,2026-09-01,2026-11,2,4.257,1.1335,3.1235,ens_029,monthly,1993-2016
C3S,Meteo-France,dynamical,2026-09-01,2026-12,3,3.9391,1.1286,2.8104,ens_029,monthly,1993-2016
C3S,Meteo-France,dynamical,2026-09-01,2027-01,4,3.3082,1.0923,2.2159,ens_029,monthly,1993-2016
C3S,Meteo-France,dynamical,2026-09-01,2027-02,5,2.4471,0.911,1.5361,ens_029,monthly,1993-2016
C3S,Meteo-France,dynamical,2026-09-01,2026-09,0,3.407,0.9464,2.4606,ens_030,monthly,1993-2016
C3S,Meteo-France,dynamical,2026-09-01,2026-10,1,3.9631,1.1056,2.8574,ens_030,monthly,1993-2016
C3S,Meteo-France,dynamical,2026-09-01,2026-11,2,4.1039,1.2569,2.847,ens_030,monthly,1993-2016
C3S,Meteo-France,dynamical,2026-09-01,2026-12,3,4.2405,1.3891,2.8513,ens_030,monthly,1993-2016
C3S,Meteo-France,dynamical,2026-09-01,2027-01,4,3.5506,1.2224,2.3282,ens_030,monthly,1993-2016
C3S,Meteo-France,dynamical,2026-09-01,2027-02,5,2.6833,1.1218,1.5615,ens_030,monthly,1993-2016
C3S,Meteo-France,dynamical,2026-09-01,2026-09,0,3.4887,0.8559,2.6328,ens_031,monthly,1993-2016
C3S,Meteo-France,dynamical,2026-09-01,2026-10,1,3.7682,0.9426,2.8257,ens_031,monthly,1993-2016
C3S,Meteo-France,dynamical,2026-09-01,2026-11,2,4.2054,1.1224,3.083,ens_031,monthly,1993-2016
C3S,Meteo-France,dynamical,2026-09-01,2026-12,3,3.983,1.0701,2.9129,ens_031,monthly,1993-2016
C3S,Meteo-France,dynamical,2026-09-01,2027-01,4,3.5173,1.0844,2.4329,ens_031,monthly,1993-2016
C3S,Meteo-France,dynamical,2026-09-01,2027-02,5,2.6028,0.9922,1.6106,ens_031,monthly,1993-2016
C3S,Meteo-France,dynamical,2026-09-01,2026-09,0,3.3855,0.9064,2.4791,ens_032,monthly,1993-2016
C3S,Meteo-France,dynamical,2026-09-01,2026-10,1,3.7416,1.0313,2.7103,ens_032,monthly,1993-2016
C3S,Meteo-France,dynamical,2026-09-01,2026-11,2,3.9588,1.0506,2.9082,ens_032,monthly,1993-2016
C3S,Meteo-France,dynamical,2026-09-01,2026-12,3,4.0477,1.1074,2.9402,ens_032,monthly,1993-2016
C3S,Meteo-France,dynamical,2026-09-01,2027-01,4,3.5819,1.0953,2.4866,ens_032,monthly,1993-2016
C3S,Meteo-France,dynamical,2026-09-01,2027-02,5,3.0219,1.0475,1.9744,ens_032,monthly,1993-2016
C3S,Meteo-France,dynamical,2026-09-01,2026-09,0,3.4142,0.9047,2.5096,ens_033,monthly,1993-2016
C3S,Meteo-France,dynamical,2026-09-01,2026-10,1,3.823,1.0002,2.8228,ens_033,monthly,1993-2016
C3S,Meteo-France,dynamical,2026-09-01,2026-11,2,4.1376,1.1273,3.0104,ens_033,monthly,1993-2016
C3S,Meteo-France,dynamical,2026-09-01,2026-12,3,4.3075,1.1982,3.1093,ens_033,monthly,1993-2016
C3S,Meteo-France,dynamical,2026-09-01,2027-01,4,3.599,1.1258,2.4732,ens_033,monthly,1993-2016
C3S,Meteo-France,dynamical,2026-09-01,2027-02,5,2.7644,1.0078,1.7566,ens_033,monthly,1993-2016
C3S,Meteo-France,dynamical,2026-09-01,2026-09,0,3.4197,0.9175,2.5022,ens_034,monthly,1993-2016
C3S,Meteo-France,dynamical,2026-09-01,2026-10,1,3.6832,1.0107,2.6725,ens_034,monthly,1993-2016
C3S,Meteo-France,dynamical,2026-09-01,2026-11,2,3.8739,1.1217,2.7522,ens_034,monthly,1993-2016
C3S,Meteo-France,dynamical,2026-09-01,2026-12,3,3.8307,1.1622,2.6685,ens_034,monthly,1993-2016
C3S,Meteo-France,dynamical,2026-09-01,2027-01,4,3.3426,1.2324,2.1102,ens_034,monthly,1993-2016
C3S,Meteo-France,dynamical,2026-09-01,2027-02,5,2.4667,1.1916,1.2751,ens_034,monthly,1993-2016
C3S,Meteo-France,dynamical,2026-09-01,2026-09,0,3.315,0.9048,2.4102,ens_035,monthly,1993-2016
C3S,Meteo-France,dynamical,2026-09-01,2026-10,1,3.6864,1.051,2.6354,ens_035,monthly,1993-2016
C3S,Meteo-France,dynamical,2026-09-01,2026-11,2,4.1751,1.1811,2.994,ens_035,monthly,1993-2016
C3S,Meteo-France,dynamical,2026-09-01,2026-12,3,3.9629,1.0917,2.8712,ens_035,monthly,1993-2016
C3S,Meteo-France,dynamical,2026-09-01,2027-01,4,3.4833,1.0192,2.4641,ens_035,monthly,1993-2016
C3S,Meteo-France,dynamical,2026-09-01,2027-02,5,2.6508,1.0286,1.6222,ens_035,monthly,1993-2016
C3S,Meteo-France,dynamical,2026-09-01,2026-09,0,3.4345,0.9394,2.4951,ens_036,monthly,1993-2016
C3S,Meteo-France,dynamical,2026-09-01,2026-10,1,4.0786,1.114,2.9646,ens_036,monthly,1993-2016
C3S,Meteo-France,dynamical,2026-09-01,2026-11,2,4.1389,1.1451,2.9938,ens_036,monthly,1993-2016
C3S,Meteo-France,dynamical,2026-09-01,2026-12,3,3.8927,1.1669,2.7258,ens_036,monthly,1993-2016
C3S,Meteo-France,dynamical,2026-09-01,2027-01,4,3.4219,0.9945,2.4274,ens_036,monthly,1993-2016
C3S,Meteo-France,dynamical,2026-09-01,2027-02,5,2.6379,0.8085,1.8294,ens_036,monthly,1993-2016
C3S,Meteo-France,dynamical,2026-09-01,2026-09,0,3.3818,0.8998,2.482,ens_037,monthly,1993-2016
C3S,Meteo-France,dynamical,2026-09-01,2026-10,1,3.79,1.0414,2.7486,ens_037,monthly,1993-2016
C3S,Meteo-France,dynamical,2026-09-01,2026-11,2,4.0673,1.1761,2.8912,ens_037,monthly,1993-2016
C3S,Meteo-France,dynamical,2026-09-01,2026-12,3,3.9915,1.2204,2.7711,ens_037,monthly,1993-2016
C3S,Meteo-France,dynamical,2026-09-01,2027-01,4,3.5967,1.1631,2.4336,ens_037,monthly,1993-2016
C3S,Meteo-France,dynamical,2026-09-01,2027-02,5,2.4532,1.0446,1.4086,ens_037,monthly,1993-2016
C3S,Meteo-France,dynamical,2026-09-01,2026-09,0,3.466,0.9553,2.5108,ens_038,monthly,1993-2016
C3S,Meteo-France,dynamical,2026-09-01,2026-10,1,3.8588,1.0718,2.787,ens_038,monthly,1993-2016
C3S,Meteo-France,dynamical,2026-09-01,2026-11,2,4.0379,1.1286,2.9093,ens_038,monthly,1993-2016
C3S,Meteo-France,dynamical,2026-09-01,2026-12,3,4.021,1.1334,2.8876,ens_038,monthly,1993-2016
C3S,Meteo-France,dynamical,2026-09-01,2027-01,4,3.7246,1.0773,2.6473,ens_038,monthly,1993-2016
C3S,Meteo-France,dynamical,2026-09-01,2027-02,5,2.7432,0.8803,1.863,ens_038,monthly,1993-2016
C3S,Meteo-France,dynamical,2026-09-01,2026-09,0,3.4174,0.9236,2.4938,ens_039,monthly,1993-2016
C3S,Meteo-France,dynamical,2026-09-01,2026-10,1,3.7526,1.0155,2.7371,ens_039,monthly,1993-2016
C3S,Meteo-France,dynamical,2026-09-01,2026-11,2,3.841,1.1122,2.7288,ens_039,monthly,1993-2016
C3S,Meteo-France,dynamical,2026-09-01,2026-12,3,3.8523,1.2692,2.5831,ens_039,monthly,1993-2016
C3S,Meteo-France,dynamical,2026-09-01,2027-01,4,3.5187,1.2166,2.3021,ens_039,monthly,1993-2016
C3S,Meteo-France,dynamical,2026-09-01,2027-02,5,2.548,1.0711,1.4769,ens_039,monthly,1993-2016
C3S,Meteo-France,dynamical,2026-09-01,2026-09,0,3.4929,0.9442,2.5487,ens_040,monthly,1993-2016
C3S,Meteo-France,dynamical,2026-09-01,2026-10,1,3.7288,1.0595,2.6693,ens_040,monthly,1993-2016
C3S,Meteo-France,dynamical,2026-09-01,2026-11,2,4.0018,1.1222,2.8796,ens_040,monthly,1993-2016
C3S,Meteo-France,dynamical,2026-09-01,2026-12,3,3.903,1.1313,2.7717,ens_040,monthly,1993-2016
C3S,Meteo-France,dynamical,2026-09-01,2027-01,4,3.7029,1.0805,2.6224,ens_040,monthly,1993-2016
C3S,Meteo-France,dynamical,2026-09-01,2027-02,5,2.6357,1.0201,1.6155,ens_040,monthly,1993-2016
C3S,Meteo-France,dynamical,2026-09-01,2026-09,0,3.4792,0.9091,2.5701,ens_041,monthly,1993-2016
C3S,Meteo-France,dynamical,2026-09-01,2026-10,1,3.7351,1.0691,2.666,ens_041,monthly,1993-2016
C3S,Meteo-France,dynamical,2026-09-01,2026-11,2,3.8433,1.1506,2.6927,ens_041,monthly,1993-2016
C3S,Meteo-France,dynamical,2026-09-01,2026-12,3,3.8048,1.2165,2.5883,ens_041,monthly,1993-2016
C3S,Meteo-France,dynamical,2026-09-01,2027-01,4,3.5818,1.1484,2.4334,ens_041,monthly,1993-2016
C3S,Meteo-France,dynamical,2026-09-01,2027-02,5,2.643,1.0119,1.6311,ens_041,monthly,1993-2016
C3S,Meteo-France,dynamical,2026-09-01,2026-09,0,3.4955,0.9256,2.57,ens_042,monthly,1993-2016
C3S,Meteo-France,dynamical,2026-09-01,2026-10,1,3.6393,0.9898,2.6494,ens_042,monthly,1993-2016
C3S,Meteo-France,dynamical,2026-09-01,2026-11,2,4.0942,1.1377,2.9565,ens_042,monthly,1993-2016
C3S,Meteo-France,dynamical,2026-09-01,2026-12,3,3.9984,1.1042,2.8941,ens_042,monthly,1993-2016
C3S,Meteo-France,dynamical,2026-09-01,2027-01,4,3.4078,1.0362,2.3715,ens_042,monthly,1993-2016
C3S,Meteo-France,dynamical,2026-09-01,2027-02,5,2.6268,0.9834,1.6434,ens_042,monthly,1993-2016
C3S,Meteo-France,dynamical,2026-09-01,2026-09,0,3.4601,0.9502,2.5099,ens_043,monthly,1993-2016
C3S,Meteo-France,dynamical,2026-09-01,2026-10,1,4.0724,1.0654,3.007,ens_043,monthly,1993-2016
C3S,Meteo-France,dynamical,2026-09-01,2026-11,2,4.2188,1.0643,3.1544,ens_043,monthly,1993-2016
C3S,Meteo-France,dynamical,2026-09-01,2026-12,3,4.1834,1.1812,3.0022,ens_043,monthly,1993-2016
C3S,Meteo-France,dynamical,2026-09-01,2027-01,4,3.4726,1.1145,2.3582,ens_043,monthly,1993-2016
C3S,Meteo-France,dynamical,2026-09-01,2027-02,5,2.4858,1.0549,1.4309,ens_043,monthly,1993-2016
C3S,Meteo-France,dynamical,2026-09-01,2026-09,0,3.4316,0.9121,2.5195,ens_044,monthly,1993-2016
C3S,Meteo-France,dynamical,2026-09-01,2026-10,1,3.641,1.064,2.577,ens_044,monthly,1993-2016
C3S,Meteo-France,dynamical,2026-09-01,2026-11,2,4.079,1.2056,2.8734,ens_044,monthly,1993-2016
C3S,Meteo-France,dynamical,2026-09-01,2026-12,3,3.9744,1.1934,2.781,ens_044,monthly,1993-2016
C3S,Meteo-France,dynamical,2026-09-01,2027-01,4,3.576,1.1776,2.3984,ens_044,monthly,1993-2016
C3S,Meteo-France,dynamical,2026-09-01,2027-02,5,2.6084,1.0496,1.5588,ens_044,monthly,1993-2016
C3S,Meteo-France,dynamical,2026-09-01,2026-09,0,3.3602,0.8869,2.4732,ens_045,monthly,1993-2016
C3S,Meteo-France,dynamical,2026-09-01,2026-10,1,3.8269,1.1055,2.7214,ens_045,monthly,1993-2016
C3S,Meteo-France,dynamical,2026-09-01,2026-11,2,4.1812,1.1892,2.992,ens_045,monthly,1993-2016
C3S,Meteo-France,dynamical,2026-09-01,2026-12,3,4.1286,1.224,2.9046,ens_045,monthly,1993-2016
C3S,Meteo-France,dynamical,2026-09-01,2027-01,4,3.4471,1.2195,2.2276,ens_045,monthly,1993-2016
C3S,Meteo-France,dynamical,2026-09-01,2027-02,5,2.4998,0.9812,1.5186,ens_045,monthly,1993-2016
C3S,Meteo-France,dynamical,2026-09-01,2026-09,0,3.4082,0.908,2.5003,ens_046,monthly,1993-2016
C3S,Meteo-France,dynamical,2026-09-01,2026-10,1,3.7753,1.061,2.7143,ens_046,monthly,1993-2016
C3S,Meteo-France,dynamical,2026-09-01,2026-11,2,4.0994,1.1533,2.946,ens_046,monthly,1993-2016
C3S,Meteo-France,dynamical,2026-09-01,2026-12,3,3.9536,1.1573,2.7962,ens_046,monthly,1993-2016
C3S,Meteo-France,dynamical,2026-09-01,2027-01,4,3.2826,1.1143,2.1683,ens_046,monthly,1993-2016
C3S,Meteo-France,dynamical,2026-09-01,2027-02,5,1.6699,0.9325,0.7373,ens_046,monthly,1993-2016
C3S,Meteo-France,dynamical,2026-09-01,2026-09,0,3.4438,0.9197,2.5241,ens_047,monthly,1993-2016
C3S,Meteo-France,dynamical,2026-09-01,2026-10,1,3.7852,1.119,2.6661,ens_047,monthly,1993-2016
C3S,Meteo-France,dynamical,2026-09-01,2026-11,2,4.1399,1.3369,2.803,ens_047,monthly,1993-2016
C3S,Meteo-France,dynamical,2026-09-01,2026-12,3,3.984,1.4116,2.5724,ens_047,monthly,1993-2016
C3S,Meteo-France,dynamical,2026-09-01,2027-01,4,3.5181,1.3078,2.2103,ens_047,monthly,1993-2016
C3S,Meteo-France,dynamical,2026-09-01,2027-02,5,2.7103,1.2367,1.4736,ens_047,monthly,1993-2016
C3S,Meteo-France,dynamical,2026-09-01,2026-09,0,3.5481,0.939,2.6092,ens_048,monthly,1993-2016
C3S,Meteo-France,dynamical,2026-09-01,2026-10,1,3.7319,1.0426,2.6893,ens_048,monthly,1993-2016
C3S,Meteo-France,dynamical,2026-09-01,2026-11,2,4.082,1.0907,2.9912,ens_048,monthly,1993-2016
C3S,Meteo-France,dynamical,2026-09-01,2026-12,3,4.0644,1.1181,2.9464,ens_048,monthly,1993-2016
C3S,Meteo-France,dynamical,2026-09-01,2027-01,4,3.7827,1.0542,2.7285,ens_048,monthly,1993-2016
C3S,Meteo-France,dynamical,2026-09-01,2027-02,5,2.6609,0.9447,1.7162,ens_048,monthly,1993-2016
C3S,Meteo-France,dynamical,2026-09-01,2026-09,0,3.5467,0.9306,2.6161,ens_049,monthly,1993-2016
C3S,Meteo-France,dynamical,2026-09-01,2026-10,1,3.5067,1.0329,2.4738,ens_049,monthly,1993-2016
C3S,Meteo-France,dynamical,2026-09-01,2026-11,2,3.8273,1.0609,2.7664,ens_049,monthly,1993-2016
C3S,Meteo-France,dynamical,2026-09-01,2026-12,3,3.7395,1.019,2.7205,ens_049,monthly,1993-2016
C3S,Meteo-France,dynamical,2026-09-01,2027-01,4,3.3056,1.004,2.3016,ens_049,monthly,1993-2016
C3S,Meteo-France,dynamical,2026-09-01,2027-02,5,2.5378,0.8634,1.6745,ens_049,monthly,1993-2016
C3S,Meteo-France,dynamical,2026-09-01,2026-09,0,3.4223,0.8799,2.5425,ens_050,monthly,1993-2016
C3S,Meteo-France,dynamical,2026-09-01,2026-10,1,3.8719,1.0089,2.863,ens_050,monthly,1993-2016
C3S,Meteo-France,dynamical,2026-09-01,2026-11,2,3.9584,1.194,2.7645,ens_050,monthly,1993-2016
C3S,Meteo-France,dynamical,2026-09-01,2026-12,3,3.7989,1.2287,2.5702,ens_050,monthly,1993-2016
C3S,Meteo-France,dynamical,2026-09-01,2027-01,4,3.3812,1.177,2.2042,ens_050,monthly,1993-2016
C3S,Meteo-France,dynamical,2026-09-01,2027-02,5,1.9832,1.0282,0.9551,ens_050,monthly,1993-2016
C3S,Meteo-France,dynamical,2026-09-01,2026-09,0,3.3961,0.8976,2.4985,mean,monthly,1993-2016
C3S,Meteo-France,dynamical,2026-09-01,2026-10,1,3.7898,1.0416,2.7483,mean,monthly,1993-2016
C3S,Meteo-France,dynamical,2026-09-01,2026-11,2,4.0798,1.1357,2.9441,mean,monthly,1993-2016
C3S,Meteo-France,dynamical,2026-09-01,2026-12,3,3.9703,1.1696,2.8007,mean,monthly,1993-2016
C3S,Meteo-France,dynamical,2026-09-01,2027-01,4,3.5044,1.122,2.3824,mean,monthly,1993-2016
C3S,Meteo-France,dynamical,2026-09-01,2027-02,5,2.5711,1.0173,1.5538,mean,monthly,1993-2016
C3S,DWD,dynamical,2026-09-01,2026-09,0,3.5973,0.5825,3.0148,ens_000,monthly,1993-2016
C3S,DWD,dynamical,2026-09-01,2026-10,1,3.8259,0.697,3.1289,ens_000,monthly,1993-2016
C3S,DWD,dynamical,2026-09-01,2026-11,2,4.1437,0.7504,3.3932,ens_000,monthly,1993-2016
C3S,DWD,dynamical,2026-09-01,2026-12,3,4.1993,0.8839,3.3154,ens_000,monthly,1993-2016
C3S,DWD,dynamical,2026-09-01,2027-01,4,4.5112,0.9749,3.5363,ens_000,monthly,1993-2016
C3S,DWD,dynamical,2026-09-01,2027-02,5,4.4519,0.8876,3.5643,ens_000,monthly,1993-2016
C3S,DWD,dynamical,2026-09-01,2026-09,0,3.552,0.587,2.965,ens_001,monthly,1993-2016
C3S,DWD,dynamical,2026-09-01,2026-10,1,3.8037,0.7588,3.0449,ens_001,monthly,1993-2016
C3S,DWD,dynamical,2026-09-01,2026-11,2,4.0341,0.809,3.2251,ens_001,monthly,1993-2016
C3S,DWD,dynamical,2026-09-01,2026-12,3,4.2718,0.8576,3.4142,ens_001,monthly,1993-2016
C3S,DWD,dynamical,2026-09-01,2027-01,4,4.1905,0.9227,3.2678,ens_001,monthly,1993-2016
C3S,DWD,dynamical,2026-09-01,2027-02,5,4.4424,0.8987,3.5437,ens_001,monthly,1993-2016
C3S,DWD,dynamical,2026-09-01,2026-09,0,3.5704,0.5628,3.0076,ens_002,monthly,1993-2016
C3S,DWD,dynamical,2026-09-01,2026-10,1,3.9466,0.7544,3.1922,ens_002,monthly,1993-2016
C3S,DWD,dynamical,2026-09-01,2026-11,2,4.2152,0.814,3.4012,ens_002,monthly,1993-2016
C3S,DWD,dynamical,2026-09-01,2026-12,3,4.4632,0.872,3.5913,ens_002,monthly,1993-2016
C3S,DWD,dynamical,2026-09-01,2027-01,4,4.386,0.9247,3.4613,ens_002,monthly,1993-2016
C3S,DWD,dynamical,2026-09-01,2027-02,5,4.2594,0.8673,3.3921,ens_002,monthly,1993-2016
C3S,DWD,dynamical,2026-09-01,2026-09,0,3.5957,0.587,3.0087,ens_003,monthly,1993-2016
C3S,DWD,dynamical,2026-09-01,2026-10,1,3.7116,0.7274,2.9842,ens_003,monthly,1993-2016
C3S,DWD,dynamical,2026-09-01,2026-11,2,4.0207,0.7198,3.301,ens_003,monthly,1993-2016
C3S,DWD,dynamical,2026-09-01,2026-12,3,4.2767,0.8297,3.4471,ens_003,monthly,1993-2016
C3S,DWD,dynamical,2026-09-01,2027-01,4,4.5678,0.8044,3.7634,ens_003,monthly,1993-2016
C3S,DWD,dynamical,2026-09-01,2027-02,5,4.2129,0.8429,3.3701,ens_003,monthly,1993-2016
C3S,DWD,dynamical,2026-09-01,2026-09,0,3.577,0.5924,2.9846,ens_004,monthly,1993-2016
C3S,DWD,dynamical,2026-09-01,2026-10,1,3.7042,0.7204,2.9837,ens_004,monthly,1993-2016
C3S,DWD,dynamical,2026-09-01,2026-11,2,4.073,0.8788,3.1942,ens_004,monthly,1993-2016
C3S,DWD,dynamical,2026-09-01,2026-12,3,4.5504,0.8799,3.6704,ens_004,monthly,1993-2016
C3S,DWD,dynamical,2026-09-01,2027-01,4,4.3463,0.9308,3.4154,ens_004,monthly,1993-2016
C3S,DWD,dynamical,2026-09-01,2027-02,5,4.2093,0.965,3.2444,ens_004,monthly,1993-2016
C3S,DWD,dynamical,2026-09-01,2026-09,0,3.5921,0.5939,2.9982,ens_005,monthly,1993-2016
C3S,DWD,dynamical,2026-09-01,2026-10,1,3.8909,0.7481,3.1428,ens_005,monthly,1993-2016
C3S,DWD,dynamical,2026-09-01,2026-11,2,4.1344,0.788,3.3464,ens_005,monthly,1993-2016
C3S,DWD,dynamical,2026-09-01,2026-12,3,4.568,0.9182,3.6498,ens_005,monthly,1993-2016
C3S,DWD,dynamical,2026-09-01,2027-01,4,4.7961,0.966,3.8302,ens_005,monthly,1993-2016
C3S,DWD,dynamical,2026-09-01,2027-02,5,4.5616,0.9466,3.615,ens_005,monthly,1993-2016
C3S,DWD,dynamical,2026-09-01,2026-09,0,3.606,0.6065,2.9995,ens_006,monthly,1993-2016
C3S,DWD,dynamical,2026-09-01,2026-10,1,3.7749,0.7246,3.0503,ens_006,monthly,1993-2016
C3S,DWD,dynamical,2026-09-01,2026-11,2,4.178,0.8299,3.3481,ens_006,monthly,1993-2016
C3S,DWD,dynamical,2026-09-01,2026-12,3,4.4759,0.8921,3.5838,ens_006,monthly,1993-2016
C3S,DWD,dynamical,2026-09-01,2027-01,4,4.2989,0.9032,3.3957,ens_006,monthly,1993-2016
C3S,DWD,dynamical,2026-09-01,2027-02,5,4.2339,0.8698,3.3641,ens_006,monthly,1993-2016
C3S,DWD,dynamical,2026-09-01,2026-09,0,3.5695,0.5842,2.9853,ens_007,monthly,1993-2016
C3S,DWD,dynamical,2026-09-01,2026-10,1,3.6683,0.7638,2.9045,ens_007,monthly,1993-2016
C3S,DWD,dynamical,2026-09-01,2026-11,2,4.0322,0.8398,3.1924,ens_007,monthly,1993-2016
C3S,DWD,dynamical,2026-09-01,2026-12,3,4.4632,0.9091,3.554,ens_007,monthly,1993-2016
C3S,DWD,dynamical,2026-09-01,2027-01,4,4.1449,0.9151,3.2298,ens_007,monthly,1993-2016
C3S,DWD,dynamical,2026-09-01,2027-02,5,4.2493,0.9276,3.3217,ens_007,monthly,1993-2016
C3S,DWD,dynamical,2026-09-01,2026-09,0,3.5888,0.5621,3.0267,ens_008,monthly,1993-2016
C3S,DWD,dynamical,2026-09-01,2026-10,1,3.8246,0.7297,3.0949,ens_008,monthly,1993-2016
C3S,DWD,dynamical,2026-09-01,2026-11,2,4.2293,0.9126,3.3168,ens_008,monthly,1993-2016
C3S,DWD,dynamical,2026-09-01,2026-12,3,4.5207,0.9464,3.5743,ens_008,monthly,1993-2016
C3S,DWD,dynamical,2026-09-01,2027-01,4,4.3151,1.022,3.2931,ens_008,monthly,1993-2016
C3S,DWD,dynamical,2026-09-01,2027-02,5,3.8933,0.9851,2.9083,ens_008,monthly,1993-2016
C3S,DWD,dynamical,2026-09-01,2026-09,0,3.6008,0.5742,3.0265,ens_009,monthly,1993-2016
C3S,DWD,dynamical,2026-09-01,2026-10,1,3.8257,0.7593,3.0664,ens_009,monthly,1993-2016
C3S,DWD,dynamical,2026-09-01,2026-11,2,4.2889,0.8925,3.3965,ens_009,monthly,1993-2016
C3S,DWD,dynamical,2026-09-01,2026-12,3,4.5017,0.9437,3.558,ens_009,monthly,1993-2016
C3S,DWD,dynamical,2026-09-01,2027-01,4,4.315,0.9743,3.3408,ens_009,monthly,1993-2016
C3S,DWD,dynamical,2026-09-01,2027-02,5,4.2288,0.9224,3.3065,ens_009,monthly,1993-2016
C3S,DWD,dynamical,2026-09-01,2026-09,0,3.5863,0.5735,3.0128,ens_010,monthly,1993-2016
C3S,DWD,dynamical,2026-09-01,2026-10,1,3.8655,0.7082,3.1574,ens_010,monthly,1993-2016
C3S,DWD,dynamical,2026-09-01,2026-11,2,4.1706,0.8716,3.299,ens_010,monthly,1993-2016
C3S,DWD,dynamical,2026-09-01,2026-12,3,4.2621,0.8891,3.373,ens_010,monthly,1993-2016
C3S,DWD,dynamical,2026-09-01,2027-01,4,3.9645,0.9014,3.0631,ens_010,monthly,1993-2016
C3S,DWD,dynamical,2026-09-01,2027-02,5,3.716,0.8452,2.8708,ens_010,monthly,1993-2016
C3S,DWD,dynamical,2026-09-01,2026-09,0,3.5573,0.5806,2.9767,ens_011,monthly,1993-2016
C3S,DWD,dynamical,2026-09-01,2026-10,1,3.6649,0.7168,2.9482,ens_011,monthly,1993-2016
C3S,DWD,dynamical,2026-09-01,2026-11,2,4.0051,0.7918,3.2133,ens_011,monthly,1993-2016
C3S,DWD,dynamical,2026-09-01,2026-12,3,4.0804,0.8678,3.2126,ens_011,monthly,1993-2016
C3S,DWD,dynamical,2026-09-01,2027-01,4,3.8544,0.9359,2.9185,ens_011,monthly,1993-2016
C3S,DWD,dynamical,2026-09-01,2027-02,5,3.5863,0.878,2.7082,ens_011,monthly,1993-2016
C3S,DWD,dynamical,2026-09-01,2026-09,0,3.6061,0.5645,3.0416,ens_012,monthly,1993-2016
C3S,DWD,dynamical,2026-09-01,2026-10,1,3.9116,0.763,3.1487,ens_012,monthly,1993-2016
C3S,DWD,dynamical,2026-09-01,2026-11,2,4.1132,0.8382,3.275,ens_012,monthly,1993-2016
C3S,DWD,dynamical,2026-09-01,2026-12,3,4.4777,0.8984,3.5793,ens_012,monthly,1993-2016
C3S,DWD,dynamical,2026-09-01,2027-01,4,4.2325,0.9125,3.32,ens_012,monthly,1993-2016
C3S,DWD,dynamical,2026-09-01,2027-02,5,3.6795,0.825,2.8545,ens_012,monthly,1993-2016
C3S,DWD,dynamical,2026-09-01,2026-09,0,3.5953,0.5788,3.0165,ens_013,monthly,1993-2016
C3S,DWD,dynamical,2026-09-01,2026-10,1,3.8201,0.7154,3.1048,ens_013,monthly,1993-2016
C3S,DWD,dynamical,2026-09-01,2026-11,2,3.9293,0.7949,3.1344,ens_013,monthly,1993-2016
C3S,DWD,dynamical,2026-09-01,2026-12,3,4.1491,0.8421,3.307,ens_013,monthly,1993-2016
C3S,DWD,dynamical,2026-09-01,2027-01,4,4.0632,0.8764,3.1867,ens_013,monthly,1993-2016
C3S,DWD,dynamical,2026-09-01,2027-02,5,4.0305,0.8836,3.1468,ens_013,monthly,1993-2016
C3S,DWD,dynamical,2026-09-01,2026-09,0,3.5833,0.593,2.9903,ens_014,monthly,1993-2016
C3S,DWD,dynamical,2026-09-01,2026-10,1,3.7221,0.7688,2.9534,ens_014,monthly,1993-2016
C3S,DWD,dynamical,2026-09-01,2026-11,2,4.0203,0.8452,3.1751,ens_014,monthly,1993-2016
C3S,DWD,dynamical,2026-09-01,2026-12,3,4.3303,0.8484,3.4819,ens_014,monthly,1993-2016
C3S,DWD,dynamical,2026-09-01,2027-01,4,4.2811,0.8187,3.4624,ens_014,monthly,1993-2016
C3S,DWD,dynamical,2026-09-01,2027-02,5,4.6375,0.9029,3.7347,ens_014,monthly,1993-2016
C3S,DWD,dynamical,2026-09-01,2026-09,0,3.5591,0.5678,2.9913,ens_015,monthly,1993-2016
C3S,DWD,dynamical,2026-09-01,2026-10,1,3.7965,0.7235,3.073,ens_015,monthly,1993-2016
C3S,DWD,dynamical,2026-09-01,2026-11,2,4.1104,0.8166,3.2937,ens_015,monthly,1993-2016
C3S,DWD,dynamical,2026-09-01,2026-12,3,4.3911,0.9212,3.4699,ens_015,monthly,1993-2016
C3S,DWD,dynamical,2026-09-01,2027-01,4,4.2862,0.977,3.3092,ens_015,monthly,1993-2016
C3S,DWD,dynamical,2026-09-01,2027-02,5,3.9104,0.9,3.0103,ens_015,monthly,1993-2016
C3S,DWD,dynamical,2026-09-01,2026-09,0,3.6218,0.5665,3.0553,ens_016,monthly,1993-2016
C3S,DWD,dynamical,2026-09-01,2026-10,1,3.7646,0.6845,3.0801,ens_016,monthly,1993-2016
C3S,DWD,dynamical,2026-09-01,2026-11,2,4.0783,0.7808,3.2975,ens_016,monthly,1993-2016
C3S,DWD,dynamical,2026-09-01,2026-12,3,4.5669,0.9784,3.5885,ens_016,monthly,1993-2016
C3S,DWD,dynamical,2026-09-01,2027-01,4,4.3599,0.9828,3.3771,ens_016,monthly,1993-2016
C3S,DWD,dynamical,2026-09-01,2027-02,5,4.0358,0.9552,3.0806,ens_016,monthly,1993-2016
C3S,DWD,dynamical,2026-09-01,2026-09,0,3.5957,0.5764,3.0192,ens_017,monthly,1993-2016
C3S,DWD,dynamical,2026-09-01,2026-10,1,3.8219,0.7608,3.0611,ens_017,monthly,1993-2016
C3S,DWD,dynamical,2026-09-01,2026-11,2,3.9986,0.8186,3.18,ens_017,monthly,1993-2016
C3S,DWD,dynamical,2026-09-01,2026-12,3,4.0959,0.8746,3.2213,ens_017,monthly,1993-2016
C3S,DWD,dynamical,2026-09-01,2027-01,4,4.3663,0.9275,3.4389,ens_017,monthly,1993-2016
C3S,DWD,dynamical,2026-09-01,2027-02,5,4.4378,0.9877,3.4501,ens_017,monthly,1993-2016
C3S,DWD,dynamical,2026-09-01,2026-09,0,3.5794,0.5876,2.9919,ens_018,monthly,1993-2016
C3S,DWD,dynamical,2026-09-01,2026-10,1,3.8494,0.7768,3.0726,ens_018,monthly,1993-2016
C3S,DWD,dynamical,2026-09-01,2026-11,2,4.1984,0.8592,3.3392,ens_018,monthly,1993-2016
C3S,DWD,dynamical,2026-09-01,2026-12,3,4.5722,0.8849,3.6873,ens_018,monthly,1993-2016
C3S,DWD,dynamical,2026-09-01,2027-01,4,4.4694,0.9815,3.4879,ens_018,monthly,1993-2016
C3S,DWD,dynamical,2026-09-01,2027-02,5,4.5031,0.9496,3.5535,ens_018,monthly,1993-2016
C3S,DWD,dynamical,2026-09-01,2026-09,0,3.5943,0.5875,3.0067,ens_019,monthly,1993-2016
C3S,DWD,dynamical,2026-09-01,2026-10,1,3.8613,0.7123,3.149,ens_019,monthly,1993-2016
C3S,DWD,dynamical,2026-09-01,2026-11,2,4.3524,0.8309,3.5215,ens_019,monthly,1993-2016
C3S,DWD,dynamical,2026-09-01,2026-12,3,4.6529,0.9486,3.7043,ens_019,monthly,1993-2016
C3S,DWD,dynamical,2026-09-01,2027-01,4,4.5367,0.9252,3.6115,ens_019,monthly,1993-2016
C3S,DWD,dynamical,2026-09-01,2027-02,5,4.4049,0.8806,3.5242,ens_019,monthly,1993-2016
C3S,DWD,dynamical,2026-09-01,2026-09,0,3.5674,0.6043,2.9631,ens_020,monthly,1993-2016
C3S,DWD,dynamical,2026-09-01,2026-10,1,3.8419,0.7632,3.0787,ens_020,monthly,1993-2016
C3S,DWD,dynamical,2026-09-01,2026-11,2,4.2149,0.817,3.3979,ens_020,monthly,1993-2016
C3S,DWD,dynamical,2026-09-01,2026-12,3,4.6195,0.8914,3.728,ens_020,monthly,1993-2016
C3S,DWD,dynamical,2026-09-01,2027-01,4,4.6727,0.8778,3.7949,ens_020,monthly,1993-2016
C3S,DWD,dynamical,2026-09-01,2027-02,5,4.3151,0.9334,3.3817,ens_020,monthly,1993-2016
C3S,DWD,dynamical,2026-09-01,2026-09,0,3.5972,0.5626,3.0346,ens_021,monthly,1993-2016
C3S,DWD,dynamical,2026-09-01,2026-10,1,3.8645,0.7733,3.0912,ens_021,monthly,1993-2016
C3S,DWD,dynamical,2026-09-01,2026-11,2,4.1123,0.8171,3.2952,ens_021,monthly,1993-2016
C3S,DWD,dynamical,2026-09-01,2026-12,3,4.19,0.8785,3.3116,ens_021,monthly,1993-2016
C3S,DWD,dynamical,2026-09-01,2027-01,4,4.2657,0.8475,3.4182,ens_021,monthly,1993-2016
C3S,DWD,dynamical,2026-09-01,2027-02,5,4.1932,0.8089,3.3844,ens_021,monthly,1993-2016
C3S,DWD,dynamical,2026-09-01,2026-09,0,3.5861,0.5443,3.0418,ens_022,monthly,1993-2016
C3S,DWD,dynamical,2026-09-01,2026-10,1,3.7086,0.7339,2.9747,ens_022,monthly,1993-2016
C3S,DWD,dynamical,2026-09-01,2026-11,2,4.0712,0.8283,3.2429,ens_022,monthly,1993-2016
C3S,DWD,dynamical,2026-09-01,2026-12,3,4.5084,0.9918,3.5166,ens_022,monthly,1993-2016
C3S,DWD,dynamical,2026-09-01,2027-01,4,4.5154,0.8986,3.6168,ens_022,monthly,1993-2016
C3S,DWD,dynamical,2026-09-01,2027-02,5,4.3483,0.9485,3.3998,ens_022,monthly,1993-2016
C3S,DWD,dynamical,2026-09-01,2026-09,0,3.6105,0.59,3.0205,ens_023,monthly,1993-2016
C3S,DWD,dynamical,2026-09-01,2026-10,1,3.895,0.7536,3.1414,ens_023,monthly,1993-2016
C3S,DWD,dynamical,2026-09-01,2026-11,2,4.2495,0.7988,3.4507,ens_023,monthly,1993-2016
C3S,DWD,dynamical,2026-09-01,2026-12,3,4.5942,0.8819,3.7123,ens_023,monthly,1993-2016
C3S,DWD,dynamical,2026-09-01,2027-01,4,4.4283,0.9027,3.5256,ens_023,monthly,1993-2016
C3S,DWD,dynamical,2026-09-01,2027-02,5,4.0286,0.8637,3.1648,ens_023,monthly,1993-2016
C3S,DWD,dynamical,2026-09-01,2026-09,0,3.5816,0.59,2.9917,ens_024,monthly,1993-2016
C3S,DWD,dynamical,2026-09-01,2026-10,1,3.6855,0.7348,2.9507,ens_024,monthly,1993-2016
C3S,DWD,dynamical,2026-09-01,2026-11,2,4.1134,0.7948,3.3186,ens_024,monthly,1993-2016
C3S,DWD,dynamical,2026-09-01,2026-12,3,4.188,0.9201,3.268,ens_024,monthly,1993-2016
C3S,DWD,dynamical,2026-09-01,2027-01,4,4.1498,0.8993,3.2505,ens_024,monthly,1993-2016
C3S,DWD,dynamical,2026-09-01,2027-02,5,4.2692,0.9475,3.3216,ens_024,monthly,1993-2016
C3S,DWD,dynamical,2026-09-01,2026-09,0,3.5496,0.5963,2.9532,ens_025,monthly,1993-2016
C3S,DWD,dynamical,2026-09-01,2026-10,1,3.6633,0.7302,2.9331,ens_025,monthly,1993-2016
C3S,DWD,dynamical,2026-09-01,2026-11,2,3.8233,0.7823,3.041,ens_025,monthly,1993-2016
C3S,DWD,dynamical,2026-09-01,2026-12,3,4.1896,0.942,3.2476,ens_025,monthly,1993-2016
C3S,DWD,dynamical,2026-09-01,2027-01,4,4.087,0.9278,3.1592,ens_025,monthly,1993-2016
C3S,DWD,dynamical,2026-09-01,2027-02,5,3.663,0.8375,2.8255,ens_025,monthly,1993-2016
C3S,DWD,dynamical,2026-09-01,2026-09,0,3.577,0.601,2.976,ens_026,monthly,1993-2016
C3S,DWD,dynamical,2026-09-01,2026-10,1,3.7658,0.7196,3.0462,ens_026,monthly,1993-2016
C3S,DWD,dynamical,2026-09-01,2026-11,2,3.9509,0.8228,3.128,ens_026,monthly,1993-2016
C3S,DWD,dynamical,2026-09-01,2026-12,3,4.1731,0.924,3.2491,ens_026,monthly,1993-2016
C3S,DWD,dynamical,2026-09-01,2027-01,4,4.1459,0.9406,3.2053,ens_026,monthly,1993-2016
C3S,DWD,dynamical,2026-09-01,2027-02,5,3.8354,0.838,2.9974,ens_026,monthly,1993-2016
C3S,DWD,dynamical,2026-09-01,2026-09,0,3.5742,0.6069,2.9673,ens_027,monthly,1993-2016
C3S,DWD,dynamical,2026-09-01,2026-10,1,3.755,0.7672,2.9878,ens_027,monthly,1993-2016
C3S,DWD,dynamical,2026-09-01,2026-11,2,4.0226,0.909,3.1136,ens_027,monthly,1993-2016
C3S,DWD,dynamical,2026-09-01,2026-12,3,4.1817,0.9233,3.2584,ens_027,monthly,1993-2016
C3S,DWD,dynamical,2026-09-01,2027-01,4,4.1688,0.8403,3.3286,ens_027,monthly,1993-2016
C3S,DWD,dynamical,2026-09-01,2027-02,5,3.7585,0.8029,2.9556,ens_027,monthly,1993-2016
C3S,DWD,dynamical,2026-09-01,2026-09,0,3.611,0.5935,3.0175,ens_028,monthly,1993-2016
C3S,DWD,dynamical,2026-09-01,2026-10,1,3.8728,0.7734,3.0993,ens_028,monthly,1993-2016
C3S,DWD,dynamical,2026-09-01,2026-11,2,4.2642,0.9025,3.3617,ens_028,monthly,1993-2016
C3S,DWD,dynamical,2026-09-01,2026-12,3,4.2963,0.9351,3.3611,ens_028,monthly,1993-2016
C3S,DWD,dynamical,2026-09-01,2027-01,4,4.1683,0.9756,3.1927,ens_028,monthly,1993-2016
C3S,DWD,dynamical,2026-09-01,2027-02,5,3.7579,0.8707,2.8872,ens_028,monthly,1993-2016
C3S,DWD,dynamical,2026-09-01,2026-09,0,3.5894,0.5887,3.0007,ens_029,monthly,1993-2016
C3S,DWD,dynamical,2026-09-01,2026-10,1,3.7999,0.8026,2.9973,ens_029,monthly,1993-2016
C3S,DWD,dynamical,2026-09-01,2026-11,2,3.9797,0.8897,3.09,ens_029,monthly,1993-2016
C3S,DWD,dynamical,2026-09-01,2026-12,3,4.1993,0.8655,3.3338,ens_029,monthly,1993-2016
C3S,DWD,dynamical,2026-09-01,2027-01,4,4.4784,0.9082,3.5702,ens_029,monthly,1993-2016
C3S,DWD,dynamical,2026-09-01,2027-02,5,4.2605,0.9554,3.3052,ens_029,monthly,1993-2016
C3S,DWD,dynamical,2026-09-01,2026-09,0,3.5674,0.5884,2.979,ens_030,monthly,1993-2016
C3S,DWD,dynamical,2026-09-01,2026-10,1,3.7478,0.7677,2.9801,ens_030,monthly,1993-2016
C3S,DWD,dynamical,2026-09-01,2026-11,2,3.9977,0.861,3.1367,ens_030,monthly,1993-2016
C3S,DWD,dynamical,2026-09-01,2026-12,3,4.4291,0.9432,3.4859,ens_030,monthly,1993-2016
C3S,DWD,dynamical,2026-09-01,2027-01,4,4.3185,0.9566,3.3619,ens_030,monthly,1993-2016
C3S,DWD,dynamical,2026-09-01,2027-02,5,3.7995,0.8876,2.9119,ens_030,monthly,1993-2016
C3S,DWD,dynamical,2026-09-01,2026-09,0,3.5451,0.5839,2.9613,ens_031,monthly,1993-2016
C3S,DWD,dynamical,2026-09-01,2026-10,1,3.6492,0.6919,2.9573,ens_031,monthly,1993-2016
C3S,DWD,dynamical,2026-09-01,2026-11,2,3.9788,0.8192,3.1596,ens_031,monthly,1993-2016
C3S,DWD,dynamical,2026-09-01,2026-12,3,4.0789,0.8597,3.2192,ens_031,monthly,1993-2016
C3S,DWD,dynamical,2026-09-01,2027-01,4,3.9161,0.9332,2.9828,ens_031,monthly,1993-2016
C3S,DWD,dynamical,2026-09-01,2027-02,5,3.4029,0.8004,2.6025,ens_031,monthly,1993-2016
C3S,DWD,dynamical,2026-09-01,2026-09,0,3.5569,0.5864,2.9705,ens_032,monthly,1993-2016
C3S,DWD,dynamical,2026-09-01,2026-10,1,3.6602,0.7095,2.9507,ens_032,monthly,1993-2016
C3S,DWD,dynamical,2026-09-01,2026-11,2,3.9907,0.7745,3.2162,ens_032,monthly,1993-2016
C3S,DWD,dynamical,2026-09-01,2026-12,3,4.55,0.8642,3.6858,ens_032,monthly,1993-2016
C3S,DWD,dynamical,2026-09-01,2027-01,4,4.5132,0.9747,3.5385,ens_032,monthly,1993-2016
C3S,DWD,dynamical,2026-09-01,2027-02,5,4.4772,0.9783,3.499,ens_032,monthly,1993-2016
C3S,DWD,dynamical,2026-09-01,2026-09,0,3.5983,0.6027,2.9955,ens_033,monthly,1993-2016
C3S,DWD,dynamical,2026-09-01,2026-10,1,3.9178,0.801,3.1168,ens_033,monthly,1993-2016
C3S,DWD,dynamical,2026-09-01,2026-11,2,4.255,0.8095,3.4455,ens_033,monthly,1993-2016
C3S,DWD,dynamical,2026-09-01,2026-12,3,4.4563,0.9346,3.5217,ens_033,monthly,1993-2016
C3S,DWD,dynamical,2026-09-01,2027-01,4,4.605,0.9676,3.6374,ens_033,monthly,1993-2016
C3S,DWD,dynamical,2026-09-01,2027-02,5,4.7375,0.8689,3.8687,ens_033,monthly,1993-2016
C3S,DWD,dynamical,2026-09-01,2026-09,0,3.618,0.5933,3.0247,ens_034,monthly,1993-2016
C3S,DWD,dynamical,2026-09-01,2026-10,1,3.8174,0.7347,3.0827,ens_034,monthly,1993-2016
C3S,DWD,dynamical,2026-09-01,2026-11,2,3.9801,0.8245,3.1556,ens_034,monthly,1993-2016
C3S,DWD,dynamical,2026-09-01,2026-12,3,4.1159,0.8887,3.2271,ens_034,monthly,1993-2016
C3S,DWD,dynamical,2026-09-01,2027-01,4,3.8342,0.8817,2.9525,ens_034,monthly,1993-2016
C3S,DWD,dynamical,2026-09-01,2027-02,5,3.5901,0.9404,2.6496,ens_034,monthly,1993-2016
C3S,DWD,dynamical,2026-09-01,2026-09,0,3.5593,0.5841,2.9752,ens_035,monthly,1993-2016
C3S,DWD,dynamical,2026-09-01,2026-10,1,3.8329,0.7374,3.0955,ens_035,monthly,1993-2016
C3S,DWD,dynamical,2026-09-01,2026-11,2,4.0279,0.7638,3.2642,ens_035,monthly,1993-2016
C3S,DWD,dynamical,2026-09-01,2026-12,3,4.2781,0.7974,3.4807,ens_035,monthly,1993-2016
C3S,DWD,dynamical,2026-09-01,2027-01,4,4.2707,0.8186,3.4522,ens_035,monthly,1993-2016
C3S,DWD,dynamical,2026-09-01,2027-02,5,4.044,0.8964,3.1476,ens_035,monthly,1993-2016
C3S,DWD,dynamical,2026-09-01,2026-09,0,3.5686,0.6044,2.9642,ens_036,monthly,1993-2016
C3S,DWD,dynamical,2026-09-01,2026-10,1,3.7089,0.7734,2.9356,ens_036,monthly,1993-2016
C3S,DWD,dynamical,2026-09-01,2026-11,2,4.0815,0.8857,3.1958,ens_036,monthly,1993-2016
C3S,DWD,dynamical,2026-09-01,2026-12,3,4.5078,1.0111,3.4967,ens_036,monthly,1993-2016
C3S,DWD,dynamical,2026-09-01,2027-01,4,4.1917,1.0381,3.1536,ens_036,monthly,1993-2016
C3S,DWD,dynamical,2026-09-01,2027-02,5,3.8425,0.9805,2.862,ens_036,monthly,1993-2016
C3S,DWD,dynamical,2026-09-01,2026-09,0,3.5752,0.583,2.9922,ens_037,monthly,1993-2016
C3S,DWD,dynamical,2026-09-01,2026-10,1,3.7606,0.7659,2.9947,ens_037,monthly,1993-2016
C3S,DWD,dynamical,2026-09-01,2026-11,2,3.8518,0.7484,3.1034,ens_037,monthly,1993-2016
C3S,DWD,dynamical,2026-09-01,2026-12,3,4.1784,0.8568,3.3216,ens_037,monthly,1993-2016
C3S,DWD,dynamical,2026-09-01,2027-01,4,4.2555,1.0109,3.2446,ens_037,monthly,1993-2016
C3S,DWD,dynamical,2026-09-01,2027-02,5,4.2644,0.9447,3.3197,ens_037,monthly,1993-2016
C3S,DWD,dynamical,2026-09-01,2026-09,0,3.5889,0.5702,3.0186,ens_038,monthly,1993-2016
C3S,DWD,dynamical,2026-09-01,2026-10,1,3.7626,0.7517,3.0109,ens_038,monthly,1993-2016
C3S,DWD,dynamical,2026-09-01,2026-11,2,3.8424,0.8082,3.0342,ens_038,monthly,1993-2016
C3S,DWD,dynamical,2026-09-01,2026-12,3,4.0608,0.859,3.2018,ens_038,monthly,1993-2016
C3S,DWD,dynamical,2026-09-01,2027-01,4,4.0016,0.9293,3.0723,ens_038,monthly,1993-2016
C3S,DWD,dynamical,2026-09-01,2027-02,5,3.8461,0.8653,2.9808,ens_038,monthly,1993-2016
C3S,DWD,dynamical,2026-09-01,2026-09,0,3.5747,0.576,2.9987,ens_039,monthly,1993-2016
C3S,DWD,dynamical,2026-09-01,2026-10,1,3.8184,0.762,3.0564,ens_039,monthly,1993-2016
C3S,DWD,dynamical,2026-09-01,2026-11,2,4.3424,0.8536,3.4888,ens_039,monthly,1993-2016
C3S,DWD,dynamical,2026-09-01,2026-12,3,4.6416,0.9393,3.7023,ens_039,monthly,1993-2016
C3S,DWD,dynamical,2026-09-01,2027-01,4,4.5464,0.9071,3.6393,ens_039,monthly,1993-2016
C3S,DWD,dynamical,2026-09-01,2027-02,5,4.452,0.8953,3.5567,ens_039,monthly,1993-2016
C3S,DWD,dynamical,2026-09-01,2026-09,0,3.5622,0.5965,2.9658,ens_040,monthly,1993-2016
C3S,DWD,dynamical,2026-09-01,2026-10,1,3.7414,0.7528,2.9885,ens_040,monthly,1993-2016
C3S,DWD,dynamical,2026-09-01,2026-11,2,3.8217,0.7916,3.0301,ens_040,monthly,1993-2016
C3S,DWD,dynamical,2026-09-01,2026-12,3,4.12,0.842,3.278,ens_040,monthly,1993-2016
C3S,DWD,dynamical,2026-09-01,2027-01,4,4.3174,0.8706,3.4468,ens_040,monthly,1993-2016
C3S,DWD,dynamical,2026-09-01,2027-02,5,4.038,0.8793,3.1587,ens_040,monthly,1993-2016
C3S,DWD,dynamical,2026-09-01,2026-09,0,3.5718,0.5771,2.9947,ens_041,monthly,1993-2016
C3S,DWD,dynamical,2026-09-01,2026-10,1,3.7865,0.7461,3.0404,ens_041,monthly,1993-2016
C3S,DWD,dynamical,2026-09-01,2026-11,2,4.0774,0.8327,3.2447,ens_041,monthly,1993-2016
C3S,DWD,dynamical,2026-09-01,2026-12,3,4.3731,0.842,3.5312,ens_041,monthly,1993-2016
C3S,DWD,dynamical,2026-09-01,2027-01,4,4.4789,0.9131,3.5658,ens_041,monthly,1993-2016
C3S,DWD,dynamical,2026-09-01,2027-02,5,4.2192,0.926,3.2932,ens_041,monthly,1993-2016
C3S,DWD,dynamical,2026-09-01,2026-09,0,3.5857,0.5668,3.0188,ens_042,monthly,1993-2016
C3S,DWD,dynamical,2026-09-01,2026-10,1,3.8815,0.8137,3.0678,ens_042,monthly,1993-2016
C3S,DWD,dynamical,2026-09-01,2026-11,2,4.0902,0.7988,3.2914,ens_042,monthly,1993-2016
C3S,DWD,dynamical,2026-09-01,2026-12,3,4.4648,0.8918,3.5729,ens_042,monthly,1993-2016
C3S,DWD,dynamical,2026-09-01,2027-01,4,4.6003,0.9404,3.6599,ens_042,monthly,1993-2016
C3S,DWD,dynamical,2026-09-01,2027-02,5,4.0634,0.9468,3.1166,ens_042,monthly,1993-2016
C3S,DWD,dynamical,2026-09-01,2026-09,0,3.614,0.594,3.02,ens_043,monthly,1993-2016
C3S,DWD,dynamical,2026-09-01,2026-10,1,3.8092,0.715,3.0942,ens_043,monthly,1993-2016
C3S,DWD,dynamical,2026-09-01,2026-11,2,3.9786,0.8252,3.1533,ens_043,monthly,1993-2016
C3S,DWD,dynamical,2026-09-01,2026-12,3,4.3199,0.8376,3.4823,ens_043,monthly,1993-2016
C3S,DWD,dynamical,2026-09-01,2027-01,4,4.1764,0.8755,3.3009,ens_043,monthly,1993-2016
C3S,DWD,dynamical,2026-09-01,2027-02,5,3.8709,0.8719,2.999,ens_043,monthly,1993-2016
C3S,DWD,dynamical,2026-09-01,2026-09,0,3.5989,0.5881,3.0108,ens_044,monthly,1993-2016
C3S,DWD,dynamical,2026-09-01,2026-10,1,3.9018,0.7268,3.175,ens_044,monthly,1993-2016
C3S,DWD,dynamical,2026-09-01,2026-11,2,4.3013,0.8618,3.4395,ens_044,monthly,1993-2016
C3S,DWD,dynamical,2026-09-01,2026-12,3,4.5289,1.0165,3.5124,ens_044,monthly,1993-2016
C3S,DWD,dynamical,2026-09-01,2027-01,4,4.5714,0.9885,3.5829,ens_044,monthly,1993-2016
C3S,DWD,dynamical,2026-09-01,2027-02,5,4.5295,0.9966,3.533,ens_044,monthly,1993-2016
C3S,DWD,dynamical,2026-09-01,2026-09,0,3.551,0.5731,2.9779,ens_045,monthly,1993-2016
C3S,DWD,dynamical,2026-09-01,2026-10,1,3.7445,0.7012,3.0433,ens_045,monthly,1993-2016
C3S,DWD,dynamical,2026-09-01,2026-11,2,4.206,0.7715,3.4345,ens_045,monthly,1993-2016
C3S,DWD,dynamical,2026-09-01,2026-12,3,4.365,0.8198,3.5451,ens_045,monthly,1993-2016
C3S,DWD,dynamical,2026-09-01,2027-01,4,4.3985,0.8766,3.5219,ens_045,monthly,1993-2016
C3S,DWD,dynamical,2026-09-01,2027-02,5,4.5254,0.8894,3.636,ens_045,monthly,1993-2016
C3S,DWD,dynamical,2026-09-01,2026-09,0,3.6046,0.5933,3.0113,ens_046,monthly,1993-2016
C3S,DWD,dynamical,2026-09-01,2026-10,1,4.06,0.8341,3.226,ens_046,monthly,1993-2016
C3S,DWD,dynamical,2026-09-01,2026-11,2,4.3373,0.9837,3.3536,ens_046,monthly,1993-2016
C3S,DWD,dynamical,2026-09-01,2026-12,3,4.63,1.1077,3.5223,ens_046,monthly,1993-2016
C3S,DWD,dynamical,2026-09-01,2027-01,4,4.3602,1.094,3.2662,ens_046,monthly,1993-2016
C3S,DWD,dynamical,2026-09-01,2027-02,5,3.8966,1.0409,2.8557,ens_046,monthly,1993-2016
C3S,DWD,dynamical,2026-09-01,2026-09,0,3.5872,0.602,2.9852,ens_047,monthly,1993-2016
C3S,DWD,dynamical,2026-09-01,2026-10,1,3.7663,0.7427,3.0236,ens_047,monthly,1993-2016
C3S,DWD,dynamical,2026-09-01,2026-11,2,4.1669,0.895,3.2719,ens_047,monthly,1993-2016
C3S,DWD,dynamical,2026-09-01,2026-12,3,4.6371,0.9546,3.6824,ens_047,monthly,1993-2016
C3S,DWD,dynamical,2026-09-01,2027-01,4,4.5306,0.9441,3.5865,ens_047,monthly,1993-2016
C3S,DWD,dynamical,2026-09-01,2027-02,5,4.2247,0.8343,3.3904,ens_047,monthly,1993-2016
C3S,DWD,dynamical,2026-09-01,2026-09,0,3.617,0.5863,3.0307,ens_048,monthly,1993-2016
C3S,DWD,dynamical,2026-09-01,2026-10,1,3.7566,0.7456,3.011,ens_048,monthly,1993-2016
C3S,DWD,dynamical,2026-09-01,2026-11,2,4.0245,0.7986,3.2259,ens_048,monthly,1993-2016
C3S,DWD,dynamical,2026-09-01,2026-12,3,4.381,0.8896,3.4914,ens_048,monthly,1993-2016
C3S,DWD,dynamical,2026-09-01,2027-01,4,4.2928,0.9476,3.3453,ens_048,monthly,1993-2016
C3S,DWD,dynamical,2026-09-01,2027-02,5,3.8504,0.8578,2.9927,ens_048,monthly,1993-2016
C3S,DWD,dynamical,2026-09-01,2026-09,0,3.5819,0.5927,2.9891,ens_049,monthly,1993-2016
C3S,DWD,dynamical,2026-09-01,2026-10,1,3.7788,0.7602,3.0186,ens_049,monthly,1993-2016
C3S,DWD,dynamical,2026-09-01,2026-11,2,3.9308,0.871,3.0599,ens_049,monthly,1993-2016
C3S,DWD,dynamical,2026-09-01,2026-12,3,4.103,0.9483,3.1547,ens_049,monthly,1993-2016
C3S,DWD,dynamical,2026-09-01,2027-01,4,4.0471,0.8705,3.1766,ens_049,monthly,1993-2016
C3S,DWD,dynamical,2026-09-01,2027-02,5,3.7454,0.8165,2.9289,ens_049,monthly,1993-2016
C3S,DWD,dynamical,2026-09-01,2026-09,0,3.584,0.5846,2.9994,mean,monthly,1993-2016
C3S,DWD,dynamical,2026-09-01,2026-10,1,3.7962,0.746,3.0502,mean,monthly,1993-2016
C3S,DWD,dynamical,2026-09-01,2026-11,2,4.0882,0.8285,3.2598,mean,monthly,1993-2016
C3S,DWD,dynamical,2026-09-01,2026-12,3,4.3646,0.9029,3.4617,mean,monthly,1993-2016
C3S,DWD,dynamical,2026-09-01,2027-01,4,4.3119,0.9267,3.3852,mean,monthly,1993-2016
C3S,DWD,dynamical,2026-09-01,2027-02,5,4.1107,0.9009,3.2098,mean,monthly,1993-2016
C3S,CMCC,dynamical,2026-09-01,2026-09,0,3.062,0.8756,2.1864,ens_000,monthly,1993-2016
C3S,CMCC,dynamical,2026-09-01,2026-10,1,3.5172,1.0825,2.4346,ens_000,monthly,1993-2016
C3S,CMCC,dynamical,2026-09-01,2026-11,2,4.0409,1.3187,2.7222,ens_000,monthly,1993-2016
C3S,CMCC,dynamical,2026-09-01,2026-12,3,4.5143,1.4545,3.0598,ens_000,monthly,1993-2016
C3S,CMCC,dynamical,2026-09-01,2027-01,4,4.7478,1.5017,3.2462,ens_000,monthly,1993-2016
C3S,CMCC,dynamical,2026-09-01,2027-02,5,4.4223,1.5483,2.874,ens_000,monthly,1993-2016
C3S,CMCC,dynamical,2026-09-01,2026-09,0,3.1223,0.8929,2.2294,ens_001,monthly,1993-2016
C3S,CMCC,dynamical,2026-09-01,2026-10,1,3.6915,1.1025,2.589,ens_001,monthly,1993-2016
C3S,CMCC,dynamical,2026-09-01,2026-11,2,4.0247,1.1497,2.875,ens_001,monthly,1993-2016
C3S,CMCC,dynamical,2026-09-01,2026-12,3,4.4627,1.3182,3.1445,ens_001,monthly,1993-2016
C3S,CMCC,dynamical,2026-09-01,2027-01,4,4.6095,1.4109,3.1986,ens_001,monthly,1993-2016
C3S,CMCC,dynamical,2026-09-01,2027-02,5,4.3743,1.3781,2.9962,ens_001,monthly,1993-2016
C3S,CMCC,dynamical,2026-09-01,2026-09,0,3.0893,0.9112,2.1781,ens_002,monthly,1993-2016
C3S,CMCC,dynamical,2026-09-01,2026-10,1,3.6539,1.15,2.504,ens_002,monthly,1993-2016
C3S,CMCC,dynamical,2026-09-01,2026-11,2,4.2003,1.1855,3.0148,ens_002,monthly,1993-2016
C3S,CMCC,dynamical,2026-09-01,2026-12,3,4.6383,1.3962,3.242,ens_002,monthly,1993-2016
C3S,CMCC,dynamical,2026-09-01,2027-01,4,4.6872,1.4731,3.2141,ens_002,monthly,1993-2016
C3S,CMCC,dynamical,2026-09-01,2027-02,5,4.1181,1.3994,2.7188,ens_002,monthly,1993-2016
C3S,CMCC,dynamical,2026-09-01,2026-09,0,2.9951,0.9059,2.0892,ens_003,monthly,1993-2016
C3S,CMCC,dynamical,2026-09-01,2026-10,1,3.5082,1.1351,2.373,ens_003,monthly,1993-2016
C3S,CMCC,dynamical,2026-09-01,2026-11,2,4.1629,1.4335,2.7295,ens_003,monthly,1993-2016
C3S,CMCC,dynamical,2026-09-01,2026-12,3,4.3131,1.4999,2.8133,ens_003,monthly,1993-2016
C3S,CMCC,dynamical,2026-09-01,2027-01,4,4.3437,1.5532,2.7905,ens_003,monthly,1993-2016
C3S,CMCC,dynamical,2026-09-01,2027-02,5,4.1853,1.4885,2.6968,ens_003,monthly,1993-2016
C3S,CMCC,dynamical,2026-09-01,2026-09,0,3.1224,0.9257,2.1966,ens_004,monthly,1993-2016
C3S,CMCC,dynamical,2026-09-01,2026-10,1,3.6922,1.2074,2.4848,ens_004,monthly,1993-2016
C3S,CMCC,dynamical,2026-09-01,2026-11,2,4.2556,1.4153,2.8403,ens_004,monthly,1993-2016
C3S,CMCC,dynamical,2026-09-01,2026-12,3,4.664,1.5771,3.0868,ens_004,monthly,1993-2016
C3S,CMCC,dynamical,2026-09-01,2027-01,4,4.8622,1.6716,3.1906,ens_004,monthly,1993-2016
C3S,CMCC,dynamical,2026-09-01,2027-02,5,4.5329,1.5785,2.9545,ens_004,monthly,1993-2016
C3S,CMCC,dynamical,2026-09-01,2026-09,0,3.1012,0.8981,2.2031,ens_005,monthly,1993-2016
C3S,CMCC,dynamical,2026-09-01,2026-10,1,3.6946,1.1256,2.569,ens_005,monthly,1993-2016
C3S,CMCC,dynamical,2026-09-01,2026-11,2,4.4045,1.356,3.0485,ens_005,monthly,1993-2016
C3S,CMCC,dynamical,2026-09-01,2026-12,3,4.6148,1.4858,3.129,ens_005,monthly,1993-2016
C3S,CMCC,dynamical,2026-09-01,2027-01,4,5.0003,1.5491,3.4512,ens_005,monthly,1993-2016
C3S,CMCC,dynamical,2026-09-01,2027-02,5,4.9056,1.5475,3.3581,ens_005,monthly,1993-2016
C3S,CMCC,dynamical,2026-09-01,2026-09,0,3.1155,0.9235,2.1921,ens_006,monthly,1993-2016
C3S,CMCC,dynamical,2026-09-01,2026-10,1,3.69,1.2034,2.4866,ens_006,monthly,1993-2016
C3S,CMCC,dynamical,2026-09-01,2026-11,2,4.1863,1.3416,2.8447,ens_006,monthly,1993-2016
C3S,CMCC,dynamical,2026-09-01,2026-12,3,4.7362,1.6222,3.1141,ens_006,monthly,1993-2016
C3S,CMCC,dynamical,2026-09-01,2027-01,4,4.8541,1.7079,3.1461,ens_006,monthly,1993-2016
C3S,CMCC,dynamical,2026-09-01,2027-02,5,4.3547,1.7296,2.6251,ens_006,monthly,1993-2016
C3S,CMCC,dynamical,2026-09-01,2026-09,0,3.0979,0.9525,2.1455,ens_007,monthly,1993-2016
C3S,CMCC,dynamical,2026-09-01,2026-10,1,3.7643,1.1866,2.5777,ens_007,monthly,1993-2016
C3S,CMCC,dynamical,2026-09-01,2026-11,2,4.1805,1.3918,2.7887,ens_007,monthly,1993-2016
C3S,CMCC,dynamical,2026-09-01,2026-12,3,4.5371,1.5255,3.0115,ens_007,monthly,1993-2016
C3S,CMCC,dynamical,2026-09-01,2027-01,4,4.7219,1.6545,3.0675,ens_007,monthly,1993-2016
C3S,CMCC,dynamical,2026-09-01,2027-02,5,4.21,1.5147,2.6953,ens_007,monthly,1993-2016
C3S,CMCC,dynamical,2026-09-01,2026-09,0,3.049,0.8744,2.1747,ens_008,monthly,1993-2016
C3S,CMCC,dynamical,2026-09-01,2026-10,1,3.6863,1.1199,2.5664,ens_008,monthly,1993-2016
C3S,CMCC,dynamical,2026-09-01,2026-11,2,3.9345,1.2831,2.6514,ens_008,monthly,1993-2016
C3S,CMCC,dynamical,2026-09-01,2026-12,3,4.2413,1.4511,2.7903,ens_008,monthly,1993-2016
C3S,CMCC,dynamical,2026-09-01,2027-01,4,4.4136,1.4789,2.9347,ens_008,monthly,1993-2016
C3S,CMCC,dynamical,2026-09-01,2027-02,5,3.9625,1.4129,2.5496,ens_008,monthly,1993-2016
C3S,CMCC,dynamical,2026-09-01,2026-09,0,3.0933,0.9184,2.1749,ens_009,monthly,1993-2016
C3S,CMCC,dynamical,2026-09-01,2026-10,1,3.6614,1.0775,2.5839,ens_009,monthly,1993-2016
C3S,CMCC,dynamical,2026-09-01,2026-11,2,4.2577,1.2423,3.0154,ens_009,monthly,1993-2016
C3S,CMCC,dynamical,2026-09-01,2026-12,3,4.7313,1.3433,3.388,ens_009,monthly,1993-2016
C3S,CMCC,dynamical,2026-09-01,2027-01,4,4.8308,1.4074,3.4234,ens_009,monthly,1993-2016
C3S,CMCC,dynamical,2026-09-01,2027-02,5,4.6212,1.4165,3.2047,ens_009,monthly,1993-2016
C3S,CMCC,dynamical,2026-09-01,2026-09,0,3.0515,0.8892,2.1623,ens_010,monthly,1993-2016
C3S,CMCC,dynamical,2026-09-01,2026-10,1,3.7085,1.0799,2.6287,ens_010,monthly,1993-2016
C3S,CMCC,dynamical,2026-09-01,2026-11,2,4.1669,1.323,2.844,ens_010,monthly,1993-2016
C3S,CMCC,dynamical,2026-09-01,2026-12,3,4.5036,1.4609,3.0427,ens_010,monthly,1993-2016
C3S,CMCC,dynamical,2026-09-01,2027-01,4,4.591,1.5383,3.0527,ens_010,monthly,1993-2016
C3S,CMCC,dynamical,2026-09-01,2027-02,5,4.243,1.4785,2.7645,ens_010,monthly,1993-2016
C3S,CMCC,dynamical,2026-09-01,2026-09,0,3.126,0.9496,2.1764,ens_011,monthly,1993-2016
C3S,CMCC,dynamical,2026-09-01,2026-10,1,3.6354,1.1563,2.4791,ens_011,monthly,1993-2016
C3S,CMCC,dynamical,2026-09-01,2026-11,2,4.2163,1.3603,2.856,ens_011,monthly,1993-2016
C3S,CMCC,dynamical,2026-09-01,2026-12,3,4.7274,1.5619,3.1655,ens_011,monthly,1993-2016
C3S,CMCC,dynamical,2026-09-01,2027-01,4,4.8469,1.442,3.4049,ens_011,monthly,1993-2016
C3S,CMCC,dynamical,2026-09-01,2027-02,5,4.4026,1.3233,3.0794,ens_011,monthly,1993-2016
C3S,CMCC,dynamical,2026-09-01,2026-09,0,3.0838,0.8946,2.1892,ens_012,monthly,1993-2016
C3S,CMCC,dynamical,2026-09-01,2026-10,1,3.6284,1.1557,2.4728,ens_012,monthly,1993-2016
C3S,CMCC,dynamical,2026-09-01,2026-11,2,4.2319,1.355,2.8769,ens_012,monthly,1993-2016
C3S,CMCC,dynamical,2026-09-01,2026-12,3,4.5537,1.5429,3.0108,ens_012,monthly,1993-2016
C3S,CMCC,dynamical,2026-09-01,2027-01,4,4.8484,1.5764,3.2721,ens_012,monthly,1993-2016
C3S,CMCC,dynamical,2026-09-01,2027-02,5,4.6814,1.6149,3.0665,ens_012,monthly,1993-2016
C3S,CMCC,dynamical,2026-09-01,2026-09,0,3.0105,0.9295,2.081,ens_013,monthly,1993-2016
C3S,CMCC,dynamical,2026-09-01,2026-10,1,3.4954,1.1581,2.3373,ens_013,monthly,1993-2016
C3S,CMCC,dynamical,2026-09-01,2026-11,2,4.1278,1.3926,2.7352,ens_013,monthly,1993-2016
C3S,CMCC,dynamical,2026-09-01,2026-12,3,4.5805,1.5441,3.0363,ens_013,monthly,1993-2016
C3S,CMCC,dynamical,2026-09-01,2027-01,4,4.6748,1.6442,3.0306,ens_013,monthly,1993-2016
C3S,CMCC,dynamical,2026-09-01,2027-02,5,4.488,1.5885,2.8995,ens_013,monthly,1993-2016
C3S,CMCC,dynamical,2026-09-01,2026-09,0,3.112,0.9121,2.1998,ens_014,monthly,1993-2016
C3S,CMCC,dynamical,2026-09-01,2026-10,1,3.6756,1.1331,2.5425,ens_014,monthly,1993-2016
C3S,CMCC,dynamical,2026-09-01,2026-11,2,4.2298,1.3544,2.8753,ens_014,monthly,1993-2016
C3S,CMCC,dynamical,2026-09-01,2026-12,3,4.6843,1.5314,3.1528,ens_014,monthly,1993-2016
C3S,CMCC,dynamical,2026-09-01,2027-01,4,4.7527,1.6762,3.0765,ens_014,monthly,1993-2016
C3S,CMCC,dynamical,2026-09-01,2027-02,5,4.5517,1.6184,2.9333,ens_014,monthly,1993-2016
C3S,CMCC,dynamical,2026-09-01,2026-09,0,3.0239,0.8867,2.1372,ens_015,monthly,1993-2016
C3S,CMCC,dynamical,2026-09-01,2026-10,1,3.7127,1.1152,2.5974,ens_015,monthly,1993-2016
C3S,CMCC,dynamical,2026-09-01,2026-11,2,4.2703,1.3954,2.8749,ens_015,monthly,1993-2016
C3S,CMCC,dynamical,2026-09-01,2026-12,3,4.8188,1.6927,3.126,ens_015,monthly,1993-2016
C3S,CMCC,dynamical,2026-09-01,2027-01,4,5.1305,1.7508,3.3797,ens_015,monthly,1993-2016
C3S,CMCC,dynamical,2026-09-01,2027-02,5,4.7815,1.7869,2.9946,ens_015,monthly,1993-2016
C3S,CMCC,dynamical,2026-09-01,2026-09,0,2.9715,0.8818,2.0897,ens_016,monthly,1993-2016
C3S,CMCC,dynamical,2026-09-01,2026-10,1,3.6158,1.1166,2.4992,ens_016,monthly,1993-2016
C3S,CMCC,dynamical,2026-09-01,2026-11,2,4.2791,1.3543,2.9248,ens_016,monthly,1993-2016
C3S,CMCC,dynamical,2026-09-01,2026-12,3,4.8859,1.5928,3.2931,ens_016,monthly,1993-2016
C3S,CMCC,dynamical,2026-09-01,2027-01,4,4.8318,1.5851,3.2467,ens_016,monthly,1993-2016
C3S,CMCC,dynamical,2026-09-01,2027-02,5,4.6619,1.6435,3.0184,ens_016,monthly,1993-2016
C3S,CMCC,dynamical,2026-09-01,2026-09,0,3.0362,0.9421,2.0941,ens_017,monthly,1993-2016
C3S,CMCC,dynamical,2026-09-01,2026-10,1,3.6157,1.155,2.4607,ens_017,monthly,1993-2016
C3S,CMCC,dynamical,2026-09-01,2026-11,2,4.296,1.3382,2.9578,ens_017,monthly,1993-2016
C3S,CMCC,dynamical,2026-09-01,2026-12,3,4.7132,1.4837,3.2296,ens_017,monthly,1993-2016
C3S,CMCC,dynamical,2026-09-01,2027-01,4,5.0665,1.6381,3.4284,ens_017,monthly,1993-2016
C3S,CMCC,dynamical,2026-09-01,2027-02,5,5.0652,1.5767,3.4885,ens_017,monthly,1993-2016
C3S,CMCC,dynamical,2026-09-01,2026-09,0,3.0092,0.8683,2.141,ens_018,monthly,1993-2016
C3S,CMCC,dynamical,2026-09-01,2026-10,1,3.3341,1.0299,2.3042,ens_018,monthly,1993-2016
C3S,CMCC,dynamical,2026-09-01,2026-11,2,3.8061,1.2258,2.5802,ens_018,monthly,1993-2016
C3S,CMCC,dynamical,2026-09-01,2026-12,3,4.4095,1.4325,2.977,ens_018,monthly,1993-2016
C3S,CMCC,dynamical,2026-09-01,2027-01,4,4.8075,1.6267,3.1808,ens_018,monthly,1993-2016
C3S,CMCC,dynamical,2026-09-01,2027-02,5,4.4189,1.4461,2.9728,ens_018,monthly,1993-2016
C3S,CMCC,dynamical,2026-09-01,2026-09,0,3.1248,0.9261,2.1987,ens_019,monthly,1993-2016
C3S,CMCC,dynamical,2026-09-01,2026-10,1,3.6772,1.1336,2.5435,ens_019,monthly,1993-2016
C3S,CMCC,dynamical,2026-09-01,2026-11,2,4.3035,1.3306,2.9729,ens_019,monthly,1993-2016
C3S,CMCC,dynamical,2026-09-01,2026-12,3,4.6769,1.5123,3.1646,ens_019,monthly,1993-2016
C3S,CMCC,dynamical,2026-09-01,2027-01,4,4.7245,1.4987,3.2258,ens_019,monthly,1993-2016
C3S,CMCC,dynamical,2026-09-01,2027-02,5,4.4251,1.4696,2.9555,ens_019,monthly,1993-2016
C3S,CMCC,dynamical,2026-09-01,2026-09,0,3.095,0.9223,2.1727,ens_020,monthly,1993-2016
C3S,CMCC,dynamical,2026-09-01,2026-10,1,3.7516,1.1548,2.5968,ens_020,monthly,1993-2016
C3S,CMCC,dynamical,2026-09-01,2026-11,2,4.2153,1.371,2.8443,ens_020,monthly,1993-2016
C3S,CMCC,dynamical,2026-09-01,2026-12,3,4.7376,1.4734,3.2642,ens_020,monthly,1993-2016
C3S,CMCC,dynamical,2026-09-01,2027-01,4,4.6561,1.4739,3.1822,ens_020,monthly,1993-2016
C3S,CMCC,dynamical,2026-09-01,2027-02,5,4.3156,1.3704,2.9452,ens_020,monthly,1993-2016
C3S,CMCC,dynamical,2026-09-01,2026-09,0,3.081,0.9093,2.1717,ens_021,monthly,1993-2016
C3S,CMCC,dynamical,2026-09-01,2026-10,1,3.6779,1.1864,2.4915,ens_021,monthly,1993-2016
C3S,CMCC,dynamical,2026-09-01,2026-11,2,4.2507,1.382,2.8687,ens_021,monthly,1993-2016
C3S,CMCC,dynamical,2026-09-01,2026-12,3,4.7935,1.5616,3.2318,ens_021,monthly,1993-2016
C3S,CMCC,dynamical,2026-09-01,2027-01,4,5.0446,1.6513,3.3932,ens_021,monthly,1993-2016
C3S,CMCC,dynamical,2026-09-01,2027-02,5,4.6446,1.5617,3.0829,ens_021,monthly,1993-2016
C3S,CMCC,dynamical,2026-09-01,2026-09,0,3.0784,0.8893,2.189,ens_022,monthly,1993-2016
C3S,CMCC,dynamical,2026-09-01,2026-10,1,3.5074,1.1594,2.3479,ens_022,monthly,1993-2016
C3S,CMCC,dynamical,2026-09-01,2026-11,2,3.9191,1.2925,2.6266,ens_022,monthly,1993-2016
C3S,CMCC,dynamical,2026-09-01,2026-12,3,4.131,1.4369,2.6941,ens_022,monthly,1993-2016
C3S,CMCC,dynamical,2026-09-01,2027-01,4,4.3197,1.5719,2.7479,ens_022,monthly,1993-2016
C3S,CMCC,dynamical,2026-09-01,2027-02,5,4.3167,1.5085,2.8082,ens_022,monthly,1993-2016
C3S,CMCC,dynamical,2026-09-01,2026-09,0,3.0266,0.8877,2.139,ens_023,monthly,1993-2016
C3S,CMCC,dynamical,2026-09-01,2026-10,1,3.5145,1.0898,2.4247,ens_023,monthly,1993-2016
C3S,CMCC,dynamical,2026-09-01,2026-11,2,4.0368,1.1843,2.8525,ens_023,monthly,1993-2016
C3S,CMCC,dynamical,2026-09-01,2026-12,3,4.533,1.3734,3.1596,ens_023,monthly,1993-2016
C3S,CMCC,dynamical,2026-09-01,2027-01,4,4.9393,1.5459,3.3934,ens_023,monthly,1993-2016
C3S,CMCC,dynamical,2026-09-01,2027-02,5,4.707,1.5871,3.12,ens_023,monthly,1993-2016
C3S,CMCC,dynamical,2026-09-01,2026-09,0,3.0538,0.8893,2.1645,ens_024,monthly,1993-2016
C3S,CMCC,dynamical,2026-09-01,2026-10,1,3.665,1.0686,2.5964,ens_024,monthly,1993-2016
C3S,CMCC,dynamical,2026-09-01,2026-11,2,4.1742,1.279,2.8952,ens_024,monthly,1993-2016
C3S,CMCC,dynamical,2026-09-01,2026-12,3,4.4705,1.5327,2.9377,ens_024,monthly,1993-2016
C3S,CMCC,dynamical,2026-09-01,2027-01,4,4.5902,1.7495,2.8407,ens_024,monthly,1993-2016
C3S,CMCC,dynamical,2026-09-01,2027-02,5,4.3379,1.6979,2.64,ens_024,monthly,1993-2016
C3S,CMCC,dynamical,2026-09-01,2026-09,0,3.0439,0.8871,2.1568,ens_025,monthly,1993-2016
C3S,CMCC,dynamical,2026-09-01,2026-10,1,3.7119,1.0645,2.6474,ens_025,monthly,1993-2016
C3S,CMCC,dynamical,2026-09-01,2026-11,2,4.2151,1.2572,2.9579,ens_025,monthly,1993-2016
C3S,CMCC,dynamical,2026-09-01,2026-12,3,4.7632,1.4927,3.2705,ens_025,monthly,1993-2016
C3S,CMCC,dynamical,2026-09-01,2027-01,4,5.0875,1.5824,3.5051,ens_025,monthly,1993-2016
C3S,CMCC,dynamical,2026-09-01,2027-02,5,4.6367,1.508,3.1288,ens_025,monthly,1993-2016
C3S,CMCC,dynamical,2026-09-01,2026-09,0,3.0649,0.9222,2.1428,ens_026,monthly,1993-2016
C3S,CMCC,dynamical,2026-09-01,2026-10,1,3.7015,1.1951,2.5064,ens_026,monthly,1993-2016
C3S,CMCC,dynamical,2026-09-01,2026-11,2,4.1765,1.3933,2.7833,ens_026,monthly,1993-2016
C3S,CMCC,dynamical,2026-09-01,2026-12,3,4.5407,1.5718,2.969,ens_026,monthly,1993-2016
C3S,CMCC,dynamical,2026-09-01,2027-01,4,4.7898,1.6628,3.127,ens_026,monthly,1993-2016
C3S,CMCC,dynamical,2026-09-01,2027-02,5,4.5067,1.6362,2.8705,ens_026,monthly,1993-2016
C3S,CMCC,dynamical,2026-09-01,2026-09,0,3.036,0.9014,2.1346,ens_027,monthly,1993-2016
C3S,CMCC,dynamical,2026-09-01,2026-10,1,3.7602,1.0823,2.6779,ens_027,monthly,1993-2016
C3S,CMCC,dynamical,2026-09-01,2026-11,2,4.2195,1.2768,2.9427,ens_027,monthly,1993-2016
C3S,CMCC,dynamical,2026-09-01,2026-12,3,4.5366,1.459,3.0776,ens_027,monthly,1993-2016
C3S,CMCC,dynamical,2026-09-01,2027-01,4,4.625,1.5399,3.0851,ens_027,monthly,1993-2016
C3S,CMCC,dynamical,2026-09-01,2027-02,5,4.3846,1.5444,2.8402,ens_027,monthly,1993-2016
C3S,CMCC,dynamical,2026-09-01,2026-09,0,3.1125,0.9243,2.1881,ens_028,monthly,1993-2016
C3S,CMCC,dynamical,2026-09-01,2026-10,1,3.644,1.1451,2.4989,ens_028,monthly,1993-2016
C3S,CMCC,dynamical,2026-09-01,2026-11,2,4.2222,1.2217,3.0005,ens_028,monthly,1993-2016
C3S,CMCC,dynamical,2026-09-01,2026-12,3,4.5983,1.3777,3.2206,ens_028,monthly,1993-2016
C3S,CMCC,dynamical,2026-09-01,2027-01,4,4.847,1.521,3.326,ens_028,monthly,1993-2016
C3S,CMCC,dynamical,2026-09-01,2027-02,5,4.37,1.4777,2.8922,ens_028,monthly,1993-2016
C3S,CMCC,dynamical,2026-09-01,2026-09,0,3.061,0.8754,2.1856,ens_029,monthly,1993-2016
C3S,CMCC,dynamical,2026-09-01,2026-10,1,3.6132,0.9932,2.62,ens_029,monthly,1993-2016
C3S,CMCC,dynamical,2026-09-01,2026-11,2,4.0953,1.1423,2.953,ens_029,monthly,1993-2016
C3S,CMCC,dynamical,2026-09-01,2026-12,3,4.2989,1.3397,2.9592,ens_029,monthly,1993-2016
C3S,CMCC,dynamical,2026-09-01,2027-01,4,4.1551,1.4079,2.7471,ens_029,monthly,1993-2016
C3S,CMCC,dynamical,2026-09-01,2027-02,5,3.9192,1.3818,2.5373,ens_029,monthly,1993-2016
C3S,CMCC,dynamical,2026-09-01,2026-09,0,3.1205,0.9503,2.1702,ens_030,monthly,1993-2016
C3S,CMCC,dynamical,2026-09-01,2026-10,1,3.6618,1.1704,2.4914,ens_030,monthly,1993-2016
C3S,CMCC,dynamical,2026-09-01,2026-11,2,4.1107,1.3328,2.7779,ens_030,monthly,1993-2016
C3S,CMCC,dynamical,2026-09-01,2026-12,3,4.4768,1.4942,2.9826,ens_030,monthly,1993-2016
C3S,CMCC,dynamical,2026-09-01,2027-01,4,4.6659,1.6237,3.0422,ens_030,monthly,1993-2016
C3S,CMCC,dynamical,2026-09-01,2027-02,5,4.204,1.5352,2.6688,ens_030,monthly,1993-2016
C3S,CMCC,dynamical,2026-09-01,2026-09,0,3.0451,0.9281,2.1171,ens_031,monthly,1993-2016
C3S,CMCC,dynamical,2026-09-01,2026-10,1,3.5127,1.1488,2.3639,ens_031,monthly,1993-2016
C3S,CMCC,dynamical,2026-09-01,2026-11,2,4.2133,1.2209,2.9924,ens_031,monthly,1993-2016
C3S,CMCC,dynamical,2026-09-01,2026-12,3,4.6312,1.4151,3.2161,ens_031,monthly,1993-2016
C3S,CMCC,dynamical,2026-09-01,2027-01,4,4.5981,1.4933,3.1049,ens_031,monthly,1993-2016
C3S,CMCC,dynamical,2026-09-01,2027-02,5,4.2123,1.3547,2.8576,ens_031,monthly,1993-2016
C3S,CMCC,dynamical,2026-09-01,2026-09,0,3.0798,0.9408,2.139,ens_032,monthly,1993-2016
C3S,CMCC,dynamical,2026-09-01,2026-10,1,3.6736,1.1882,2.4854,ens_032,monthly,1993-2016
C3S,CMCC,dynamical,2026-09-01,2026-11,2,4.1402,1.3471,2.7932,ens_032,monthly,1993-2016
C3S,CMCC,dynamical,2026-09-01,2026-12,3,4.6138,1.4755,3.1382,ens_032,monthly,1993-2016
C3S,CMCC,dynamical,2026-09-01,2027-01,4,4.4136,1.3899,3.0237,ens_032,monthly,1993-2016
C3S,CMCC,dynamical,2026-09-01,2027-02,5,4.0277,1.3517,2.676,ens_032,monthly,1993-2016
C3S,CMCC,dynamical,2026-09-01,2026-09,0,3.1179,0.9537,2.1642,ens_033,monthly,1993-2016
C3S,CMCC,dynamical,2026-09-01,2026-10,1,3.4229,1.1186,2.3043,ens_033,monthly,1993-2016
C3S,CMCC,dynamical,2026-09-01,2026-11,2,4.0914,1.3707,2.7207,ens_033,monthly,1993-2016
C3S,CMCC,dynamical,2026-09-01,2026-12,3,4.519,1.5629,2.9561,ens_033,monthly,1993-2016
C3S,CMCC,dynamical,2026-09-01,2027-01,4,4.4699,1.611,2.8589,ens_033,monthly,1993-2016
C3S,CMCC,dynamical,2026-09-01,2027-02,5,4.2819,1.4642,2.8176,ens_033,monthly,1993-2016
C3S,CMCC,dynamical,2026-09-01,2026-09,0,3.0718,0.9023,2.1695,ens_034,monthly,1993-2016
C3S,CMCC,dynamical,2026-09-01,2026-10,1,3.6055,1.0916,2.514,ens_034,monthly,1993-2016
C3S,CMCC,dynamical,2026-09-01,2026-11,2,4.1666,1.3232,2.8434,ens_034,monthly,1993-2016
C3S,CMCC,dynamical,2026-09-01,2026-12,3,4.4691,1.4309,3.0382,ens_034,monthly,1993-2016
C3S,CMCC,dynamical,2026-09-01,2027-01,4,4.6926,1.4461,3.2465,ens_034,monthly,1993-2016
C3S,CMCC,dynamical,2026-09-01,2027-02,5,4.6979,1.3566,3.3412,ens_034,monthly,1993-2016
C3S,CMCC,dynamical,2026-09-01,2026-09,0,3.0878,0.9285,2.1593,ens_035,monthly,1993-2016
C3S,CMCC,dynamical,2026-09-01,2026-10,1,3.7131,1.154,2.559,ens_035,monthly,1993-2016
C3S,CMCC,dynamical,2026-09-01,2026-11,2,4.5099,1.3187,3.1912,ens_035,monthly,1993-2016
C3S,CMCC,dynamical,2026-09-01,2026-12,3,4.8591,1.537,3.3221,ens_035,monthly,1993-2016
C3S,CMCC,dynamical,2026-09-01,2027-01,4,4.9651,1.6293,3.3358,ens_035,monthly,1993-2016
C3S,CMCC,dynamical,2026-09-01,2027-02,5,4.5371,1.5643,2.9728,ens_035,monthly,1993-2016
C3S,CMCC,dynamical,2026-09-01,2026-09,0,3.0209,0.8867,2.1343,ens_036,monthly,1993-2016
C3S,CMCC,dynamical,2026-09-01,2026-10,1,3.5421,1.0895,2.4526,ens_036,monthly,1993-2016
C3S,CMCC,dynamical,2026-09-01,2026-11,2,4.0409,1.2365,2.8043,ens_036,monthly,1993-2016
C3S,CMCC,dynamical,2026-09-01,2026-12,3,4.3204,1.4554,2.865,ens_036,monthly,1993-2016
C3S,CMCC,dynamical,2026-09-01,2027-01,4,4.4297,1.5586,2.8711,ens_036,monthly,1993-2016
C3S,CMCC,dynamical,2026-09-01,2027-02,5,4.2594,1.5365,2.7229,ens_036,monthly,1993-2016
C3S,CMCC,dynamical,2026-09-01,2026-09,0,3.0612,0.9147,2.1465,ens_037,monthly,1993-2016
C3S,CMCC,dynamical,2026-09-01,2026-10,1,3.8708,1.1467,2.7241,ens_037,monthly,1993-2016
C3S,CMCC,dynamical,2026-09-01,2026-11,2,4.4078,1.3402,3.0675,ens_037,monthly,1993-2016
C3S,CMCC,dynamical,2026-09-01,2026-12,3,4.538,1.5233,3.0147,ens_037,monthly,1993-2016
C3S,CMCC,dynamical,2026-09-01,2027-01,4,4.7483,1.5971,3.1511,ens_037,monthly,1993-2016
C3S,CMCC,dynamical,2026-09-01,2027-02,5,4.262,1.4387,2.8233,ens_037,monthly,1993-2016
C3S,CMCC,dynamical,2026-09-01,2026-09,0,3.1126,0.9252,2.1873,ens_038,monthly,1993-2016
C3S,CMCC,dynamical,2026-09-01,2026-10,1,3.6894,1.1455,2.5439,ens_038,monthly,1993-2016
C3S,CMCC,dynamical,2026-09-01,2026-11,2,4.2811,1.3156,2.9655,ens_038,monthly,1993-2016
C3S,CMCC,dynamical,2026-09-01,2026-12,3,4.6212,1.3615,3.2597,ens_038,monthly,1993-2016
C3S,CMCC,dynamical,2026-09-01,2027-01,4,4.9003,1.4336,3.4666,ens_038,monthly,1993-2016
C3S,CMCC,dynamical,2026-09-01,2027-02,5,4.4409,1.3519,3.089,ens_038,monthly,1993-2016
C3S,CMCC,dynamical,2026-09-01,2026-09,0,3.081,0.8856,2.1954,ens_039,monthly,1993-2016
C3S,CMCC,dynamical,2026-09-01,2026-10,1,3.6994,1.1646,2.5349,ens_039,monthly,1993-2016
C3S,CMCC,dynamical,2026-09-01,2026-11,2,4.3,1.2846,3.0154,ens_039,monthly,1993-2016
C3S,CMCC,dynamical,2026-09-01,2026-12,3,4.9401,1.5187,3.4214,ens_039,monthly,1993-2016
C3S,CMCC,dynamical,2026-09-01,2027-01,4,5.0937,1.7541,3.3397,ens_039,monthly,1993-2016
C3S,CMCC,dynamical,2026-09-01,2027-02,5,4.5733,1.6446,2.9287,ens_039,monthly,1993-2016
C3S,CMCC,dynamical,2026-09-01,2026-09,0,3.0661,0.9183,2.1478,ens_040,monthly,1993-2016
C3S,CMCC,dynamical,2026-09-01,2026-10,1,3.5228,1.1393,2.3835,ens_040,monthly,1993-2016
C3S,CMCC,dynamical,2026-09-01,2026-11,2,4.2504,1.3387,2.9117,ens_040,monthly,1993-2016
C3S,CMCC,dynamical,2026-09-01,2026-12,3,4.8848,1.576,3.3088,ens_040,monthly,1993-2016
C3S,CMCC,dynamical,2026-09-01,2027-01,4,5.1329,1.6104,3.5226,ens_040,monthly,1993-2016
C3S,CMCC,dynamical,2026-09-01,2027-02,5,4.7703,1.5309,3.2394,ens_040,monthly,1993-2016
C3S,CMCC,dynamical,2026-09-01,2026-09,0,3.0199,0.8732,2.1467,ens_041,monthly,1993-2016
C3S,CMCC,dynamical,2026-09-01,2026-10,1,3.4445,1.1181,2.3265,ens_041,monthly,1993-2016
C3S,CMCC,dynamical,2026-09-01,2026-11,2,3.8873,1.3316,2.5557,ens_041,monthly,1993-2016
C3S,CMCC,dynamical,2026-09-01,2026-12,3,4.5609,1.698,2.8628,ens_041,monthly,1993-2016
C3S,CMCC,dynamical,2026-09-01,2027-01,4,4.7865,1.805,2.9815,ens_041,monthly,1993-2016
C3S,CMCC,dynamical,2026-09-01,2027-02,5,4.5396,1.7096,2.83,ens_041,monthly,1993-2016
C3S,CMCC,dynamical,2026-09-01,2026-09,0,3.0743,0.9285,2.1457,ens_042,monthly,1993-2016
C3S,CMCC,dynamical,2026-09-01,2026-10,1,3.642,1.1073,2.5347,ens_042,monthly,1993-2016
C3S,CMCC,dynamical,2026-09-01,2026-11,2,4.2134,1.2725,2.9409,ens_042,monthly,1993-2016
C3S,CMCC,dynamical,2026-09-01,2026-12,3,4.4647,1.5077,2.957,ens_042,monthly,1993-2016
C3S,CMCC,dynamical,2026-09-01,2027-01,4,4.5977,1.62,2.9777,ens_042,monthly,1993-2016
C3S,CMCC,dynamical,2026-09-01,2027-02,5,3.9275,1.4997,2.4278,ens_042,monthly,1993-2016
C3S,CMCC,dynamical,2026-09-01,2026-09,0,3.1688,0.9507,2.2181,ens_043,monthly,1993-2016
C3S,CMCC,dynamical,2026-09-01,2026-10,1,3.8445,1.194,2.6504,ens_043,monthly,1993-2016
C3S,CMCC,dynamical,2026-09-01,2026-11,2,4.2369,1.3085,2.9284,ens_043,monthly,1993-2016
C3S,CMCC,dynamical,2026-09-01,2026-12,3,4.5306,1.3968,3.1338,ens_043,monthly,1993-2016
C3S,CMCC,dynamical,2026-09-01,2027-01,4,4.4304,1.3602,3.0702,ens_043,monthly,1993-2016
C3S,CMCC,dynamical,2026-09-01,2027-02,5,3.9718,1.3383,2.6336,ens_043,monthly,1993-2016
C3S,CMCC,dynamical,2026-09-01,2026-09,0,3.0347,0.9316,2.1032,ens_044,monthly,1993-2016
C3S,CMCC,dynamical,2026-09-01,2026-10,1,3.6489,1.1617,2.4873,ens_044,monthly,1993-2016
C3S,CMCC,dynamical,2026-09-01,2026-11,2,4.0647,1.2971,2.7677,ens_044,monthly,1993-2016
C3S,CMCC,dynamical,2026-09-01,2026-12,3,4.4687,1.4564,3.0123,ens_044,monthly,1993-2016
C3S,CMCC,dynamical,2026-09-01,2027-01,4,4.4568,1.4069,3.0499,ens_044,monthly,1993-2016
C3S,CMCC,dynamical,2026-09-01,2027-02,5,3.9851,1.4525,2.5326,ens_044,monthly,1993-2016
C3S,CMCC,dynamical,2026-09-01,2026-09,0,3.0237,0.9223,2.1014,ens_045,monthly,1993-2016
C3S,CMCC,dynamical,2026-09-01,2026-10,1,3.5736,1.121,2.4526,ens_045,monthly,1993-2016
C3S,CMCC,dynamical,2026-09-01,2026-11,2,4.3051,1.3887,2.9164,ens_045,monthly,1993-2016
C3S,CMCC,dynamical,2026-09-01,2026-12,3,4.8947,1.549,3.3457,ens_045,monthly,1993-2016
C3S,CMCC,dynamical,2026-09-01,2027-01,4,5.0169,1.6664,3.3505,ens_045,monthly,1993-2016
C3S,CMCC,dynamical,2026-09-01,2027-02,5,4.7874,1.6546,3.1328,ens_045,monthly,1993-2016
C3S,CMCC,dynamical,2026-09-01,2026-09,0,3.0819,0.927,2.155,ens_046,monthly,1993-2016
C3S,CMCC,dynamical,2026-09-01,2026-10,1,3.6696,1.168,2.5016,ens_046,monthly,1993-2016
C3S,CMCC,dynamical,2026-09-01,2026-11,2,4.2342,1.3385,2.8958,ens_046,monthly,1993-2016
C3S,CMCC,dynamical,2026-09-01,2026-12,3,4.6843,1.4965,3.1879,ens_046,monthly,1993-2016
C3S,CMCC,dynamical,2026-09-01,2027-01,4,4.8767,1.6153,3.2614,ens_046,monthly,1993-2016
C3S,CMCC,dynamical,2026-09-01,2027-02,5,4.1817,1.5274,2.6543,ens_046,monthly,1993-2016
C3S,CMCC,dynamical,2026-09-01,2026-09,0,3.056,0.9282,2.1278,ens_047,monthly,1993-2016
C3S,CMCC,dynamical,2026-09-01,2026-10,1,3.7937,1.1749,2.6188,ens_047,monthly,1993-2016
C3S,CMCC,dynamical,2026-09-01,2026-11,2,4.3797,1.4103,2.9694,ens_047,monthly,1993-2016
C3S,CMCC,dynamical,2026-09-01,2026-12,3,4.7791,1.667,3.1121,ens_047,monthly,1993-2016
C3S,CMCC,dynamical,2026-09-01,2027-01,4,5.0748,1.7282,3.3465,ens_047,monthly,1993-2016
C3S,CMCC,dynamical,2026-09-01,2027-02,5,4.582,1.6533,2.9287,ens_047,monthly,1993-2016
C3S,CMCC,dynamical,2026-09-01,2026-09,0,3.0505,0.8894,2.1611,ens_048,monthly,1993-2016
C3S,CMCC,dynamical,2026-09-01,2026-10,1,3.4671,1.0146,2.4525,ens_048,monthly,1993-2016
C3S,CMCC,dynamical,2026-09-01,2026-11,2,3.9907,1.3064,2.6843,ens_048,monthly,1993-2016
C3S,CMCC,dynamical,2026-09-01,2026-12,3,4.105,1.4755,2.6295,ens_048,monthly,1993-2016
C3S,CMCC,dynamical,2026-09-01,2027-01,4,4.3319,1.5558,2.7761,ens_048,monthly,1993-2016
C3S,CMCC,dynamical,2026-09-01,2027-02,5,4.3484,1.533,2.8154,ens_048,monthly,1993-2016
C3S,CMCC,dynamical,2026-09-01,2026-09,0,3.0611,0.8766,2.1845,ens_049,monthly,1993-2016
C3S,CMCC,dynamical,2026-09-01,2026-10,1,3.7723,1.1451,2.6272,ens_049,monthly,1993-2016
C3S,CMCC,dynamical,2026-09-01,2026-11,2,4.2413,1.2418,2.9995,ens_049,monthly,1993-2016
C3S,CMCC,dynamical,2026-09-01,2026-12,3,4.6515,1.4733,3.1782,ens_049,monthly,1993-2016
C3S,CMCC,dynamical,2026-09-01,2027-01,4,4.9934,1.5483,3.4451,ens_049,monthly,1993-2016
C3S,CMCC,dynamical,2026-09-01,2027-02,5,4.8671,1.5099,3.3572,ens_049,monthly,1993-2016
C3S,CMCC,dynamical,2026-09-01,2026-09,0,3.0697,0.9106,2.1592,mean,monthly,1993-2016
C3S,CMCC,dynamical,2026-09-01,2026-10,1,3.6395,1.1305,2.509,mean,monthly,1993-2016
C3S,CMCC,dynamical,2026-09-01,2026-11,2,4.1833,1.3134,2.8699,mean,monthly,1993-2016
C3S,CMCC,dynamical,2026-09-01,2026-12,3,4.5885,1.4944,3.0941,mean,monthly,1993-2016
C3S,CMCC,dynamical,2026-09-01,2027-01,4,4.7415,1.5709,3.1706,mean,monthly,1993-2016
C3S,CMCC,dynamical,2026-09-01,2027-02,5,4.4201,1.5168,2.9032,mean,monthly,1993-2016
C3S,JMA,dynamical,2026-09-01,2026-09,0,3.0737,0.9894,2.0843,ens_000,monthly,1993-2016
C3S,JMA,dynamical,2026-09-01,2026-10,1,3.7463,1.1423,2.604,ens_000,monthly,1993-2016
C3S,JMA,dynamical,2026-09-01,2026-11,2,4.1798,1.3217,2.8581,ens_000,monthly,1993-2016
C3S,JMA,dynamical,2026-09-01,2026-12,3,4.082,1.4279,2.6542,ens_000,monthly,1993-2016
C3S,JMA,dynamical,2026-09-01,2027-01,4,3.8485,1.4946,2.3539,ens_000,monthly,1993-2016
C3S,JMA,dynamical,2026-09-01,2027-02,5,3.671,1.4973,2.1737,ens_000,monthly,1993-2016
C3S,JMA,dynamical,2026-09-01,2026-09,0,2.8685,0.9949,1.8736,ens_001,monthly,1993-2016
C3S,JMA,dynamical,2026-09-01,2026-10,1,3.6682,1.1208,2.5474,ens_001,monthly,1993-2016
C3S,JMA,dynamical,2026-09-01,2026-11,2,3.9596,1.196,2.7636,ens_001,monthly,1993-2016
C3S,JMA,dynamical,2026-09-01,2026-12,3,4.1902,1.2804,2.9098,ens_001,monthly,1993-2016
C3S,JMA,dynamical,2026-09-01,2027-01,4,4.1123,1.2881,2.8241,ens_001,monthly,1993-2016
C3S,JMA,dynamical,2026-09-01,2027-02,5,3.7702,1.2505,2.5197,ens_001,monthly,1993-2016
C3S,JMA,dynamical,2026-09-01,2026-09,0,3.1124,0.9716,2.1408,ens_002,monthly,1993-2016
C3S,JMA,dynamical,2026-09-01,2026-10,1,3.5987,1.1481,2.4506,ens_002,monthly,1993-2016
C3S,JMA,dynamical,2026-09-01,2026-11,2,3.8024,1.2494,2.553,ens_002,monthly,1993-2016
C3S,JMA,dynamical,2026-09-01,2026-12,3,3.9561,1.3132,2.6429,ens_002,monthly,1993-2016
C3S,JMA,dynamical,2026-09-01,2027-01,4,3.8258,1.3414,2.4844,ens_002,monthly,1993-2016
C3S,JMA,dynamical,2026-09-01,2027-02,5,3.5946,1.3659,2.2287,ens_002,monthly,1993-2016
C3S,JMA,dynamical,2026-09-01,2026-09,0,3.0107,0.9748,2.036,ens_003,monthly,1993-2016
C3S,JMA,dynamical,2026-09-01,2026-10,1,3.5569,1.1352,2.4217,ens_003,monthly,1993-2016
C3S,JMA,dynamical,2026-09-01,2026-11,2,3.8051,1.2643,2.5409,ens_003,monthly,1993-2016
C3S,JMA,dynamical,2026-09-01,2026-12,3,3.9417,1.3366,2.6051,ens_003,monthly,1993-2016
C3S,JMA,dynamical,2026-09-01,2027-01,4,3.9494,1.3552,2.5941,ens_003,monthly,1993-2016
C3S,JMA,dynamical,2026-09-01,2027-02,5,3.6774,1.3584,2.319,ens_003,monthly,1993-2016
C3S,JMA,dynamical,2026-09-01,2026-09,0,3.01,0.9749,2.035,ens_004,monthly,1993-2016
C3S,JMA,dynamical,2026-09-01,2026-10,1,3.6249,1.1354,2.4894,ens_004,monthly,1993-2016
C3S,JMA,dynamical,2026-09-01,2026-11,2,3.8936,1.224,2.6696,ens_004,monthly,1993-2016
C3S,JMA,dynamical,2026-09-01,2026-12,3,4.008,1.2786,2.7294,ens_004,monthly,1993-2016
C3S,JMA,dynamical,2026-09-01,2027-01,4,3.8333,1.2997,2.5335,ens_004,monthly,1993-2016
C3S,JMA,dynamical,2026-09-01,2027-02,5,3.5925,1.3189,2.2736,ens_004,monthly,1993-2016
C3S,JMA,dynamical,2026-09-01,2026-09,0,3.0435,0.9843,2.0592,ens_005,monthly,1993-2016
C3S,JMA,dynamical,2026-09-01,2026-10,1,3.7046,1.2218,2.4828,ens_005,monthly,1993-2016
C3S,JMA,dynamical,2026-09-01,2026-11,2,3.9627,1.3341,2.6286,ens_005,monthly,1993-2016
C3S,JMA,dynamical,2026-09-01,2026-12,3,3.9653,1.4187,2.5467,ens_005,monthly,1993-2016
C3S,JMA,dynamical,2026-09-01,2027-01,4,4.1022,1.5149,2.5873,ens_005,monthly,1993-2016
C3S,JMA,dynamical,2026-09-01,2027-02,5,3.4604,1.4866,1.9738,ens_005,monthly,1993-2016
C3S,JMA,dynamical,2026-09-01,2026-09,0,3.2165,0.9813,2.2352,ens_006,monthly,1993-2016
C3S,JMA,dynamical,2026-09-01,2026-10,1,3.6888,1.1362,2.5526,ens_006,monthly,1993-2016
C3S,JMA,dynamical,2026-09-01,2026-11,2,3.9284,1.2688,2.6596,ens_006,monthly,1993-2016
C3S,JMA,dynamical,2026-09-01,2026-12,3,3.9714,1.3654,2.606,ens_006,monthly,1993-2016
C3S,JMA,dynamical,2026-09-01,2027-01,4,4.118,1.4194,2.6986,ens_006,monthly,1993-2016
C3S,JMA,dynamical,2026-09-01,2027-02,5,3.7931,1.3939,2.3992,ens_006,monthly,1993-2016
C3S,JMA,dynamical,2026-09-01,2026-09,0,2.844,0.9572,1.8867,ens_007,monthly,1993-2016
C3S,JMA,dynamical,2026-09-01,2026-10,1,3.4044,1.097,2.3074,ens_007,monthly,1993-2016
C3S,JMA,dynamical,2026-09-01,2026-11,2,3.5886,1.206,2.3826,ens_007,monthly,1993-2016
C3S,JMA,dynamical,2026-09-01,2026-12,3,3.7764,1.2993,2.4771,ens_007,monthly,1993-2016
C3S,JMA,dynamical,2026-09-01,2027-01,4,3.7836,1.3027,2.4809,ens_007,monthly,1993-2016
C3S,JMA,dynamical,2026-09-01,2027-02,5,3.4829,1.2257,2.2573,ens_007,monthly,1993-2016
C3S,JMA,dynamical,2026-09-01,2026-09,0,3.0599,0.9659,2.094,ens_008,monthly,1993-2016
C3S,JMA,dynamical,2026-09-01,2026-10,1,3.6334,1.1045,2.5289,ens_008,monthly,1993-2016
C3S,JMA,dynamical,2026-09-01,2026-11,2,3.8194,1.1863,2.633,ens_008,monthly,1993-2016
C3S,JMA,dynamical,2026-09-01,2026-12,3,3.8647,1.2037,2.661,ens_008,monthly,1993-2016
C3S,JMA,dynamical,2026-09-01,2027-01,4,3.7823,1.2233,2.559,ens_008,monthly,1993-2016
C3S,JMA,dynamical,2026-09-01,2027-02,5,3.526,1.1864,2.3395,ens_008,monthly,1993-2016
C3S,JMA,dynamical,2026-09-01,2026-09,0,3.008,0.9519,2.056,ens_009,monthly,1993-2016
C3S,JMA,dynamical,2026-09-01,2026-10,1,3.679,1.1158,2.5632,ens_009,monthly,1993-2016
C3S,JMA,dynamical,2026-09-01,2026-11,2,3.9281,1.211,2.7171,ens_009,monthly,1993-2016
C3S,JMA,dynamical,2026-09-01,2026-12,3,4.0155,1.2663,2.7493,ens_009,monthly,1993-2016
C3S,JMA,dynamical,2026-09-01,2027-01,4,3.8857,1.3554,2.5303,ens_009,monthly,1993-2016
C3S,JMA,dynamical,2026-09-01,2027-02,5,3.6205,1.3271,2.2934,ens_009,monthly,1993-2016
C3S,JMA,dynamical,2026-09-01,2026-09,0,3.0415,0.991,2.0506,ens_010,monthly,1993-2016
C3S,JMA,dynamical,2026-09-01,2026-10,1,3.711,1.1882,2.5228,ens_010,monthly,1993-2016
C3S,JMA,dynamical,2026-09-01,2026-11,2,3.9459,1.2926,2.6533,ens_010,monthly,1993-2016
C3S,JMA,dynamical,2026-09-01,2026-12,3,4.1356,1.3762,2.7594,ens_010,monthly,1993-2016
C3S,JMA,dynamical,2026-09-01,2027-01,4,4.0344,1.4218,2.6127,ens_010,monthly,1993-2016
C3S,JMA,dynamical,2026-09-01,2027-02,5,3.8364,1.4981,2.3383,ens_010,monthly,1993-2016
C3S,JMA,dynamical,2026-09-01,2026-09,0,3.1614,1.0096,2.1518,ens_011,monthly,1993-2016
C3S,JMA,dynamical,2026-09-01,2026-10,1,3.7732,1.1667,2.6065,ens_011,monthly,1993-2016
C3S,JMA,dynamical,2026-09-01,2026-11,2,4.0716,1.2811,2.7905,ens_011,monthly,1993-2016
C3S,JMA,dynamical,2026-09-01,2026-12,3,4.1316,1.3489,2.7828,ens_011,monthly,1993-2016
C3S,JMA,dynamical,2026-09-01,2027-01,4,3.9998,1.3526,2.6472,ens_011,monthly,1993-2016
C3S,JMA,dynamical,2026-09-01,2027-02,5,3.6298,1.3138,2.316,ens_011,monthly,1993-2016
C3S,JMA,dynamical,2026-09-01,2026-09,0,2.994,0.969,2.0251,ens_012,monthly,1993-2016
C3S,JMA,dynamical,2026-09-01,2026-10,1,3.6717,1.1553,2.5164,ens_012,monthly,1993-2016
C3S,JMA,dynamical,2026-09-01,2026-11,2,3.8941,1.2324,2.6617,ens_012,monthly,1993-2016
C3S,JMA,dynamical,2026-09-01,2026-12,3,3.8808,1.277,2.6038,ens_012,monthly,1993-2016
C3S,JMA,dynamical,2026-09-01,2027-01,4,3.7195,1.3376,2.382,ens_012,monthly,1993-2016
C3S,JMA,dynamical,2026-09-01,2027-02,5,3.5419,1.2749,2.267,ens_012,monthly,1993-2016
C3S,JMA,dynamical,2026-09-01,2026-09,0,3.1266,0.9186,2.2081,ens_013,monthly,1993-2016
C3S,JMA,dynamical,2026-09-01,2026-10,1,3.6373,1.1065,2.5309,ens_013,monthly,1993-2016
C3S,JMA,dynamical,2026-09-01,2026-11,2,3.9183,1.2434,2.6749,ens_013,monthly,1993-2016
C3S,JMA,dynamical,2026-09-01,2026-12,3,3.8441,1.2549,2.5892,ens_013,monthly,1993-2016
C3S,JMA,dynamical,2026-09-01,2027-01,4,3.9309,1.2615,2.6694,ens_013,monthly,1993-2016
C3S,JMA,dynamical,2026-09-01,2027-02,5,3.6971,1.2005,2.4966,ens_013,monthly,1993-2016
C3S,JMA,dynamical,2026-09-01,2026-09,0,3.0,1.0003,1.9997,ens_014,monthly,1993-2016
C3S,JMA,dynamical,2026-09-01,2026-10,1,3.5344,1.141,2.3935,ens_014,monthly,1993-2016
C3S,JMA,dynamical,2026-09-01,2026-11,2,3.7953,1.1685,2.6268,ens_014,monthly,1993-2016
C3S,JMA,dynamical,2026-09-01,2026-12,3,4.0371,1.2567,2.7804,ens_014,monthly,1993-2016
C3S,JMA,dynamical,2026-09-01,2027-01,4,3.9161,1.3455,2.5707,ens_014,monthly,1993-2016
C3S,JMA,dynamical,2026-09-01,2027-02,5,3.6028,1.3076,2.2952,ens_014,monthly,1993-2016
C3S,JMA,dynamical,2026-09-01,2026-09,0,3.0659,0.9788,2.0872,ens_015,monthly,1993-2016
C3S,JMA,dynamical,2026-09-01,2026-10,1,3.7502,1.1331,2.6171,ens_015,monthly,1993-2016
C3S,JMA,dynamical,2026-09-01,2026-11,2,4.1069,1.2516,2.8553,ens_015,monthly,1993-2016
C3S,JMA,dynamical,2026-09-01,2026-12,3,4.0726,1.3622,2.7104,ens_015,monthly,1993-2016
C3S,JMA,dynamical,2026-09-01,2027-01,4,4.0571,1.4527,2.6044,ens_015,monthly,1993-2016
C3S,JMA,dynamical,2026-09-01,2027-02,5,3.6023,1.4644,2.1378,ens_015,monthly,1993-2016
C3S,JMA,dynamical,2026-09-01,2026-09,0,3.0734,0.9682,2.1051,ens_016,monthly,1993-2016
C3S,JMA,dynamical,2026-09-01,2026-10,1,3.549,1.1124,2.4366,ens_016,monthly,1993-2016
C3S,JMA,dynamical,2026-09-01,2026-11,2,3.8953,1.231,2.6643,ens_016,monthly,1993-2016
C3S,JMA,dynamical,2026-09-01,2026-12,3,3.995,1.339,2.656,ens_016,monthly,1993-2016
C3S,JMA,dynamical,2026-09-01,2027-01,4,4.0473,1.3782,2.6691,ens_016,monthly,1993-2016
C3S,JMA,dynamical,2026-09-01,2027-02,5,3.8055,1.4113,2.3942,ens_016,monthly,1993-2016
C3S,JMA,dynamical,2026-09-01,2026-09,0,3.0184,0.9523,2.066,ens_017,monthly,1993-2016
C3S,JMA,dynamical,2026-09-01,2026-10,1,3.6073,1.0863,2.521,ens_017,monthly,1993-2016
C3S,JMA,dynamical,2026-09-01,2026-11,2,3.8869,1.2635,2.6234,ens_017,monthly,1993-2016
C3S,JMA,dynamical,2026-09-01,2026-12,3,4.0049,1.3373,2.6676,ens_017,monthly,1993-2016
C3S,JMA,dynamical,2026-09-01,2027-01,4,3.9431,1.3549,2.5881,ens_017,monthly,1993-2016
C3S,JMA,dynamical,2026-09-01,2027-02,5,3.6035,1.2853,2.3182,ens_017,monthly,1993-2016
C3S,JMA,dynamical,2026-09-01,2026-09,0,3.2157,0.956,2.2598,ens_018,monthly,1993-2016
C3S,JMA,dynamical,2026-09-01,2026-10,1,3.8373,1.0882,2.749,ens_018,monthly,1993-2016
C3S,JMA,dynamical,2026-09-01,2026-11,2,4.0923,1.1621,2.9302,ens_018,monthly,1993-2016
C3S,JMA,dynamical,2026-09-01,2026-12,3,4.065,1.2136,2.8514,ens_018,monthly,1993-2016
C3S,JMA,dynamical,2026-09-01,2027-01,4,4.026,1.2461,2.7799,ens_018,monthly,1993-2016
C3S,JMA,dynamical,2026-09-01,2027-02,5,3.7791,1.2787,2.5005,ens_018,monthly,1993-2016
C3S,JMA,dynamical,2026-09-01,2026-09,0,2.9722,0.9189,2.0533,ens_019,monthly,1993-2016
C3S,JMA,dynamical,2026-09-01,2026-10,1,3.5482,1.0635,2.4847,ens_019,monthly,1993-2016
C3S,JMA,dynamical,2026-09-01,2026-11,2,3.8095,1.1461,2.6634,ens_019,monthly,1993-2016
C3S,JMA,dynamical,2026-09-01,2026-12,3,3.9043,1.2626,2.6417,ens_019,monthly,1993-2016
C3S,JMA,dynamical,2026-09-01,2027-01,4,3.6865,1.2533,2.4332,ens_019,monthly,1993-2016
C3S,JMA,dynamical,2026-09-01,2027-02,5,3.4689,1.1957,2.2732,ens_019,monthly,1993-2016
C3S,JMA,dynamical,2026-09-01,2026-09,0,3.122,0.9982,2.1239,ens_020,monthly,1993-2016
C3S,JMA,dynamical,2026-09-01,2026-10,1,3.6991,1.1534,2.5456,ens_020,monthly,1993-2016
C3S,JMA,dynamical,2026-09-01,2026-11,2,4.0376,1.2946,2.743,ens_020,monthly,1993-2016
C3S,JMA,dynamical,2026-09-01,2026-12,3,4.173,1.3745,2.7985,ens_020,monthly,1993-2016
C3S,JMA,dynamical,2026-09-01,2027-01,4,3.8274,1.3535,2.4739,ens_020,monthly,1993-2016
C3S,JMA,dynamical,2026-09-01,2027-02,5,3.4111,1.3197,2.0914,ens_020,monthly,1993-2016
C3S,JMA,dynamical,2026-09-01,2026-09,0,3.0222,0.9456,2.0766,ens_021,monthly,1993-2016
C3S,JMA,dynamical,2026-09-01,2026-10,1,3.6039,1.1342,2.4696,ens_021,monthly,1993-2016
C3S,JMA,dynamical,2026-09-01,2026-11,2,3.8712,1.2303,2.6409,ens_021,monthly,1993-2016
C3S,JMA,dynamical,2026-09-01,2026-12,3,3.904,1.2817,2.6224,ens_021,monthly,1993-2016
C3S,JMA,dynamical,2026-09-01,2027-01,4,3.9065,1.321,2.5855,ens_021,monthly,1993-2016
C3S,JMA,dynamical,2026-09-01,2027-02,5,3.83,1.29,2.54,ens_021,monthly,1993-2016
C3S,JMA,dynamical,2026-09-01,2026-09,0,3.2038,0.9656,2.2382,ens_022,monthly,1993-2016
C3S,JMA,dynamical,2026-09-01,2026-10,1,3.7819,1.0663,2.7156,ens_022,monthly,1993-2016
C3S,JMA,dynamical,2026-09-01,2026-11,2,4.048,1.1768,2.8711,ens_022,monthly,1993-2016
C3S,JMA,dynamical,2026-09-01,2026-12,3,4.1066,1.2196,2.887,ens_022,monthly,1993-2016
C3S,JMA,dynamical,2026-09-01,2027-01,4,4.0189,1.2002,2.8186,ens_022,monthly,1993-2016
C3S,JMA,dynamical,2026-09-01,2027-02,5,3.6779,1.1923,2.4856,ens_022,monthly,1993-2016
C3S,JMA,dynamical,2026-09-01,2026-09,0,2.9857,0.9724,2.0132,ens_023,monthly,1993-2016
C3S,JMA,dynamical,2026-09-01,2026-10,1,3.5455,1.1211,2.4243,ens_023,monthly,1993-2016
C3S,JMA,dynamical,2026-09-01,2026-11,2,3.9577,1.2642,2.6935,ens_023,monthly,1993-2016
C3S,JMA,dynamical,2026-09-01,2026-12,3,4.1512,1.3156,2.8356,ens_023,monthly,1993-2016
C3S,JMA,dynamical,2026-09-01,2027-01,4,3.9763,1.2821,2.6942,ens_023,monthly,1993-2016
C3S,JMA,dynamical,2026-09-01,2027-02,5,3.9822,1.3438,2.6384,ens_023,monthly,1993-2016
C3S,JMA,dynamical,2026-09-01,2026-09,0,3.1799,0.9485,2.2314,ens_024,monthly,1993-2016
C3S,JMA,dynamical,2026-09-01,2026-10,1,3.6493,1.0589,2.5904,ens_024,monthly,1993-2016
C3S,JMA,dynamical,2026-09-01,2026-11,2,3.8983,1.2214,2.6769,ens_024,monthly,1993-2016
C3S,JMA,dynamical,2026-09-01,2026-12,3,4.0063,1.3019,2.7043,ens_024,monthly,1993-2016
C3S,JMA,dynamical,2026-09-01,2027-01,4,4.0009,1.3339,2.667,ens_024,monthly,1993-2016
C3S,JMA,dynamical,2026-09-01,2027-02,5,3.6328,1.3053,2.3274,ens_024,monthly,1993-2016
C3S,JMA,dynamical,2026-09-01,2026-09,0,3.0879,0.9765,2.1114,ens_025,monthly,1993-2016
C3S,JMA,dynamical,2026-09-01,2026-10,1,3.7804,1.196,2.5844,ens_025,monthly,1993-2016
C3S,JMA,dynamical,2026-09-01,2026-11,2,4.118,1.2975,2.8204,ens_025,monthly,1993-2016
C3S,JMA,dynamical,2026-09-01,2026-12,3,4.0621,1.3742,2.6879,ens_025,monthly,1993-2016
C3S,JMA,dynamical,2026-09-01,2027-01,4,3.962,1.42,2.542,ens_025,monthly,1993-2016
C3S,JMA,dynamical,2026-09-01,2027-02,5,4.0094,1.4556,2.5539,ens_025,monthly,1993-2016
C3S,JMA,dynamical,2026-09-01,2026-09,0,3.2182,1.009,2.2092,ens_026,monthly,1993-2016
C3S,JMA,dynamical,2026-09-01,2026-10,1,3.6901,1.1578,2.5323,ens_026,monthly,1993-2016
C3S,JMA,dynamical,2026-09-01,2026-11,2,4.0316,1.3226,2.709,ens_026,monthly,1993-2016
C3S,JMA,dynamical,2026-09-01,2026-12,3,3.9819,1.4103,2.5716,ens_026,monthly,1993-2016
C3S,JMA,dynamical,2026-09-01,2027-01,4,3.9021,1.436,2.4661,ens_026,monthly,1993-2016
C3S,JMA,dynamical,2026-09-01,2027-02,5,3.8029,1.3713,2.4316,ens_026,monthly,1993-2016
C3S,JMA,dynamical,2026-09-01,2026-09,0,3.1502,0.9891,2.1612,ens_027,monthly,1993-2016
C3S,JMA,dynamical,2026-09-01,2026-10,1,3.8681,1.1612,2.7069,ens_027,monthly,1993-2016
C3S,JMA,dynamical,2026-09-01,2026-11,2,4.1653,1.2089,2.9564,ens_027,monthly,1993-2016
C3S,JMA,dynamical,2026-09-01,2026-12,3,4.165,1.2767,2.8883,ens_027,monthly,1993-2016
C3S,JMA,dynamical,2026-09-01,2027-01,4,3.9451,1.2778,2.6673,ens_027,monthly,1993-2016
C3S,JMA,dynamical,2026-09-01,2027-02,5,3.784,1.27,2.514,ens_027,monthly,1993-2016
C3S,JMA,dynamical,2026-09-01,2026-09,0,3.2175,0.9982,2.2193,ens_028,monthly,1993-2016
C3S,JMA,dynamical,2026-09-01,2026-10,1,3.7376,1.1661,2.5715,ens_028,monthly,1993-2016
C3S,JMA,dynamical,2026-09-01,2026-11,2,4.114,1.2815,2.8325,ens_028,monthly,1993-2016
C3S,JMA,dynamical,2026-09-01,2026-12,3,4.1359,1.27,2.8659,ens_028,monthly,1993-2016
C3S,JMA,dynamical,2026-09-01,2027-01,4,4.0954,1.3106,2.7849,ens_028,monthly,1993-2016
C3S,JMA,dynamical,2026-09-01,2027-02,5,3.8234,1.2822,2.5412,ens_028,monthly,1993-2016
C3S,JMA,dynamical,2026-09-01,2026-09,0,3.0145,0.9796,2.035,ens_029,monthly,1993-2016
C3S,JMA,dynamical,2026-09-01,2026-10,1,3.5171,1.1306,2.3864,ens_029,monthly,1993-2016
C3S,JMA,dynamical,2026-09-01,2026-11,2,3.7246,1.2128,2.5118,ens_029,monthly,1993-2016
C3S,JMA,dynamical,2026-09-01,2026-12,3,3.9014,1.2627,2.6386,ens_029,monthly,1993-2016
C3S,JMA,dynamical,2026-09-01,2027-01,4,3.8785,1.2262,2.6523,ens_029,monthly,1993-2016
C3S,JMA,dynamical,2026-09-01,2027-02,5,3.8696,1.2481,2.6216,ens_029,monthly,1993-2016
C3S,JMA,dynamical,2026-09-01,2026-09,0,3.1006,0.9879,2.1127,ens_030,monthly,1993-2016
C3S,JMA,dynamical,2026-09-01,2026-10,1,3.834,1.1904,2.6435,ens_030,monthly,1993-2016
C3S,JMA,dynamical,2026-09-01,2026-11,2,4.0017,1.3024,2.6993,ens_030,monthly,1993-2016
C3S,JMA,dynamical,2026-09-01,2026-12,3,4.0615,1.3633,2.6981,ens_030,monthly,1993-2016
C3S,JMA,dynamical,2026-09-01,2027-01,4,3.9643,1.3883,2.576,ens_030,monthly,1993-2016
C3S,JMA,dynamical,2026-09-01,2027-02,5,3.7019,1.4256,2.2763,ens_030,monthly,1993-2016
C3S,JMA,dynamical,2026-09-01,2026-09,0,3.138,0.9908,2.1473,ens_031,monthly,1993-2016
C3S,JMA,dynamical,2026-09-01,2026-10,1,3.7039,1.1224,2.5815,ens_031,monthly,1993-2016
C3S,JMA,dynamical,2026-09-01,2026-11,2,3.8718,1.1835,2.6883,ens_031,monthly,1993-2016
C3S,JMA,dynamical,2026-09-01,2026-12,3,3.9354,1.259,2.6764,ens_031,monthly,1993-2016
C3S,JMA,dynamical,2026-09-01,2027-01,4,3.9461,1.3174,2.6287,ens_031,monthly,1993-2016
C3S,JMA,dynamical,2026-09-01,2027-02,5,3.9346,1.4076,2.527,ens_031,monthly,1993-2016
C3S,JMA,dynamical,2026-09-01,2026-09,0,3.0552,0.9938,2.0613,ens_032,monthly,1993-2016
C3S,JMA,dynamical,2026-09-01,2026-10,1,3.7566,1.1905,2.566,ens_032,monthly,1993-2016
C3S,JMA,dynamical,2026-09-01,2026-11,2,3.9583,1.2219,2.7364,ens_032,monthly,1993-2016
C3S,JMA,dynamical,2026-09-01,2026-12,3,4.0453,1.2258,2.8195,ens_032,monthly,1993-2016
C3S,JMA,dynamical,2026-09-01,2027-01,4,3.961,1.2342,2.7268,ens_032,monthly,1993-2016
C3S,JMA,dynamical,2026-09-01,2027-02,5,3.8034,1.2432,2.5601,ens_032,monthly,1993-2016
C3S,JMA,dynamical,2026-09-01,2026-09,0,3.1181,0.9871,2.1309,ens_033,monthly,1993-2016
C3S,JMA,dynamical,2026-09-01,2026-10,1,3.6074,1.1679,2.4395,ens_033,monthly,1993-2016
C3S,JMA,dynamical,2026-09-01,2026-11,2,4.0096,1.2966,2.7131,ens_033,monthly,1993-2016
C3S,JMA,dynamical,2026-09-01,2026-12,3,4.078,1.4157,2.6623,ens_033,monthly,1993-2016
C3S,JMA,dynamical,2026-09-01,2027-01,4,4.0396,1.4836,2.556,ens_033,monthly,1993-2016
C3S,JMA,dynamical,2026-09-01,2027-02,5,3.747,1.4386,2.3084,ens_033,monthly,1993-2016
C3S,JMA,dynamical,2026-09-01,2026-09,0,3.1496,0.9872,2.1624,ens_034,monthly,1993-2016
C3S,JMA,dynamical,2026-09-01,2026-10,1,3.7997,1.0985,2.7012,ens_034,monthly,1993-2016
C3S,JMA,dynamical,2026-09-01,2026-11,2,4.0226,1.1844,2.8382,ens_034,monthly,1993-2016
C3S,JMA,dynamical,2026-09-01,2026-12,3,4.081,1.2902,2.7907,ens_034,monthly,1993-2016
C3S,JMA,dynamical,2026-09-01,2027-01,4,3.9751,1.361,2.614,ens_034,monthly,1993-2016
C3S,JMA,dynamical,2026-09-01,2027-02,5,3.6229,1.3857,2.2372,ens_034,monthly,1993-2016
C3S,JMA,dynamical,2026-09-01,2026-09,0,3.1171,1.0105,2.1066,ens_035,monthly,1993-2016
C3S,JMA,dynamical,2026-09-01,2026-10,1,3.674,1.1715,2.5026,ens_035,monthly,1993-2016
C3S,JMA,dynamical,2026-09-01,2026-11,2,4.0192,1.2738,2.7455,ens_035,monthly,1993-2016
C3S,JMA,dynamical,2026-09-01,2026-12,3,4.003,1.3721,2.631,ens_035,monthly,1993-2016
C3S,JMA,dynamical,2026-09-01,2027-01,4,3.9023,1.3975,2.5048,ens_035,monthly,1993-2016
C3S,JMA,dynamical,2026-09-01,2027-02,5,3.7288,1.367,2.3618,ens_035,monthly,1993-2016
C3S,JMA,dynamical,2026-09-01,2026-09,0,3.1052,0.9816,2.1236,ens_036,monthly,1993-2016
C3S,JMA,dynamical,2026-09-01,2026-10,1,3.6618,1.0964,2.5654,ens_036,monthly,1993-2016
C3S,JMA,dynamical,2026-09-01,2026-11,2,4.0783,1.2361,2.8422,ens_036,monthly,1993-2016
C3S,JMA,dynamical,2026-09-01,2026-12,3,4.0775,1.2911,2.7864,ens_036,monthly,1993-2016
C3S,JMA,dynamical,2026-09-01,2027-01,4,3.9855,1.3371,2.6484,ens_036,monthly,1993-2016
C3S,JMA,dynamical,2026-09-01,2027-02,5,3.738,1.3482,2.3898,ens_036,monthly,1993-2016
C3S,JMA,dynamical,2026-09-01,2026-09,0,3.1109,1.0189,2.092,ens_037,monthly,1993-2016
C3S,JMA,dynamical,2026-09-01,2026-10,1,3.68,1.1302,2.5498,ens_037,monthly,1993-2016
C3S,JMA,dynamical,2026-09-01,2026-11,2,4.0287,1.2443,2.7844,ens_037,monthly,1993-2016
C3S,JMA,dynamical,2026-09-01,2026-12,3,4.0483,1.3011,2.7472,ens_037,monthly,1993-2016
C3S,JMA,dynamical,2026-09-01,2027-01,4,3.976,1.3482,2.6278,ens_037,monthly,1993-2016
C3S,JMA,dynamical,2026-09-01,2027-02,5,3.7642,1.4149,2.3493,ens_037,monthly,1993-2016
C3S,JMA,dynamical,2026-09-01,2026-09,0,3.0424,1.008,2.0344,ens_038,monthly,1993-2016
C3S,JMA,dynamical,2026-09-01,2026-10,1,3.531,1.1392,2.3919,ens_038,monthly,1993-2016
C3S,JMA,dynamical,2026-09-01,2026-11,2,3.882,1.2459,2.6361,ens_038,monthly,1993-2016
C3S,JMA,dynamical,2026-09-01,2026-12,3,3.895,1.2453,2.6497,ens_038,monthly,1993-2016
C3S,JMA,dynamical,2026-09-01,2027-01,4,3.9475,1.2527,2.6948,ens_038,monthly,1993-2016
C3S,JMA,dynamical,2026-09-01,2027-02,5,3.5959,1.2429,2.353,ens_038,monthly,1993-2016
C3S,JMA,dynamical,2026-09-01,2026-09,0,3.2388,1.0068,2.2319,ens_039,monthly,1993-2016
C3S,JMA,dynamical,2026-09-01,2026-10,1,3.7115,1.1681,2.5434,ens_039,monthly,1993-2016
C3S,JMA,dynamical,2026-09-01,2026-11,2,4.0061,1.3586,2.6474,ens_039,monthly,1993-2016
C3S,JMA,dynamical,2026-09-01,2026-12,3,4.0865,1.4385,2.648,ens_039,monthly,1993-2016
C3S,JMA,dynamical,2026-09-01,2027-01,4,4.0554,1.4653,2.5901,ens_039,monthly,1993-2016
C3S,JMA,dynamical,2026-09-01,2027-02,5,3.8208,1.4639,2.3569,ens_039,monthly,1993-2016
C3S,JMA,dynamical,2026-09-01,2026-09,0,3.1671,1.0537,2.1134,ens_040,monthly,1993-2016
C3S,JMA,dynamical,2026-09-01,2026-10,1,3.8041,1.2169,2.5872,ens_040,monthly,1993-2016
C3S,JMA,dynamical,2026-09-01,2026-11,2,4.0617,1.3322,2.7295,ens_040,monthly,1993-2016
C3S,JMA,dynamical,2026-09-01,2026-12,3,4.0841,1.3775,2.7066,ens_040,monthly,1993-2016
C3S,JMA,dynamical,2026-09-01,2027-01,4,3.9052,1.3986,2.5067,ens_040,monthly,1993-2016
C3S,JMA,dynamical,2026-09-01,2027-02,5,3.852,1.3869,2.4652,ens_040,monthly,1993-2016
C3S,JMA,dynamical,2026-09-01,2026-09,0,3.1981,1.0062,2.192,ens_041,monthly,1993-2016
C3S,JMA,dynamical,2026-09-01,2026-10,1,3.6778,1.1858,2.492,ens_041,monthly,1993-2016
C3S,JMA,dynamical,2026-09-01,2026-11,2,3.8397,1.2903,2.5494,ens_041,monthly,1993-2016
C3S,JMA,dynamical,2026-09-01,2026-12,3,3.9657,1.3518,2.6139,ens_041,monthly,1993-2016
C3S,JMA,dynamical,2026-09-01,2027-01,4,3.9958,1.3671,2.6287,ens_041,monthly,1993-2016
C3S,JMA,dynamical,2026-09-01,2027-02,5,3.8863,1.3766,2.5098,ens_041,monthly,1993-2016
C3S,JMA,dynamical,2026-09-01,2026-09,0,3.0855,1.0037,2.0818,ens_042,monthly,1993-2016
C3S,JMA,dynamical,2026-09-01,2026-10,1,3.774,1.133,2.641,ens_042,monthly,1993-2016
C3S,JMA,dynamical,2026-09-01,2026-11,2,4.1444,1.2454,2.899,ens_042,monthly,1993-2016
C3S,JMA,dynamical,2026-09-01,2026-12,3,4.0967,1.2564,2.8403,ens_042,monthly,1993-2016
C3S,JMA,dynamical,2026-09-01,2027-01,4,4.0245,1.3714,2.653,ens_042,monthly,1993-2016
C3S,JMA,dynamical,2026-09-01,2027-02,5,3.6384,1.3549,2.2834,ens_042,monthly,1993-2016
C3S,JMA,dynamical,2026-09-01,2026-09,0,3.1979,0.9901,2.2078,ens_043,monthly,1993-2016
C3S,JMA,dynamical,2026-09-01,2026-10,1,3.6539,1.1699,2.484,ens_043,monthly,1993-2016
C3S,JMA,dynamical,2026-09-01,2026-11,2,3.8528,1.2571,2.5957,ens_043,monthly,1993-2016
C3S,JMA,dynamical,2026-09-01,2026-12,3,3.888,1.2364,2.6516,ens_043,monthly,1993-2016
C3S,JMA,dynamical,2026-09-01,2027-01,4,3.7615,1.1987,2.5628,ens_043,monthly,1993-2016
C3S,JMA,dynamical,2026-09-01,2027-02,5,3.5777,1.2671,2.3106,ens_043,monthly,1993-2016
C3S,JMA,dynamical,2026-09-01,2026-09,0,3.1571,1.0238,2.1334,ens_044,monthly,1993-2016
C3S,JMA,dynamical,2026-09-01,2026-10,1,3.6846,1.151,2.5336,ens_044,monthly,1993-2016
C3S,JMA,dynamical,2026-09-01,2026-11,2,3.9785,1.2766,2.7019,ens_044,monthly,1993-2016
C3S,JMA,dynamical,2026-09-01,2026-12,3,4.0253,1.27,2.7554,ens_044,monthly,1993-2016
C3S,JMA,dynamical,2026-09-01,2027-01,4,4.0279,1.353,2.675,ens_044,monthly,1993-2016
C3S,JMA,dynamical,2026-09-01,2027-02,5,3.8745,1.3564,2.5181,ens_044,monthly,1993-2016
C3S,JMA,dynamical,2026-09-01,2026-09,0,3.1704,1.0215,2.1489,ens_045,monthly,1993-2016
C3S,JMA,dynamical,2026-09-01,2026-10,1,3.8951,1.2514,2.6436,ens_045,monthly,1993-2016
C3S,JMA,dynamical,2026-09-01,2026-11,2,4.1784,1.4119,2.7665,ens_045,monthly,1993-2016
C3S,JMA,dynamical,2026-09-01,2026-12,3,4.1824,1.5148,2.6676,ens_045,monthly,1993-2016
C3S,JMA,dynamical,2026-09-01,2027-01,4,4.14,1.5407,2.5992,ens_045,monthly,1993-2016
C3S,JMA,dynamical,2026-09-01,2027-02,5,3.7861,1.5693,2.2168,ens_045,monthly,1993-2016
C3S,JMA,dynamical,2026-09-01,2026-09,0,3.2252,0.9982,2.227,ens_046,monthly,1993-2016
C3S,JMA,dynamical,2026-09-01,2026-10,1,3.803,1.1041,2.6989,ens_046,monthly,1993-2016
C3S,JMA,dynamical,2026-09-01,2026-11,2,3.9759,1.2515,2.7244,ens_046,monthly,1993-2016
C3S,JMA,dynamical,2026-09-01,2026-12,3,4.077,1.3038,2.7732,ens_046,monthly,1993-2016
C3S,JMA,dynamical,2026-09-01,2027-01,4,3.9597,1.3277,2.632,ens_046,monthly,1993-2016
C3S,JMA,dynamical,2026-09-01,2027-02,5,3.6162,1.2794,2.3368,ens_046,monthly,1993-2016
C3S,JMA,dynamical,2026-09-01,2026-09,0,3.1329,1.0222,2.1107,ens_047,monthly,1993-2016
C3S,JMA,dynamical,2026-09-01,2026-10,1,3.5521,1.0795,2.4726,ens_047,monthly,1993-2016
C3S,JMA,dynamical,2026-09-01,2026-11,2,3.704,1.2023,2.5016,ens_047,monthly,1993-2016
C3S,JMA,dynamical,2026-09-01,2026-12,3,3.8795,1.178,2.7016,ens_047,monthly,1993-2016
C3S,JMA,dynamical,2026-09-01,2027-01,4,3.7151,1.1599,2.5552,ens_047,monthly,1993-2016
C3S,JMA,dynamical,2026-09-01,2027-02,5,3.4136,1.1521,2.2615,ens_047,monthly,1993-2016
C3S,JMA,dynamical,2026-09-01,2026-09,0,3.1358,1.0263,2.1095,ens_048,monthly,1993-2016
C3S,JMA,dynamical,2026-09-01,2026-10,1,3.6769,1.1819,2.495,ens_048,monthly,1993-2016
C3S,JMA,dynamical,2026-09-01,2026-11,2,3.9695,1.2975,2.6719,ens_048,monthly,1993-2016
C3S,JMA,dynamical,2026-09-01,2026-12,3,4.1198,1.3803,2.7395,ens_048,monthly,1993-2016
C3S,JMA,dynamical,2026-09-01,2027-01,4,4.0815,1.4124,2.6691,ens_048,monthly,1993-2016
C3S,JMA,dynamical,2026-09-01,2027-02,5,3.8177,1.3496,2.4681,ens_048,monthly,1993-2016
C3S,JMA,dynamical,2026-09-01,2026-09,0,3.3028,1.003,2.2998,ens_049,monthly,1993-2016
C3S,JMA,dynamical,2026-09-01,2026-10,1,3.8466,1.1107,2.7358,ens_049,monthly,1993-2016
C3S,JMA,dynamical,2026-09-01,2026-11,2,3.8949,1.2207,2.6742,ens_049,monthly,1993-2016
C3S,JMA,dynamical,2026-09-01,2026-12,3,4.0167,1.261,2.7557,ens_049,monthly,1993-2016
C3S,JMA,dynamical,2026-09-01,2027-01,4,3.9722,1.2748,2.6974,ens_049,monthly,1993-2016
C3S,JMA,dynamical,2026-09-01,2027-02,5,3.5893,1.2866,2.3027,ens_049,monthly,1993-2016
C3S,JMA,dynamical,2026-09-01,2026-09,0,3.2347,1.0245,2.2102,ens_050,monthly,1993-2016
C3S,JMA,dynamical,2026-09-01,2026-10,1,3.6823,1.2007,2.4816,ens_050,monthly,1993-2016
C3S,JMA,dynamical,2026-09-01,2026-11,2,4.0014,1.3848,2.6166,ens_050,monthly,1993-2016
C3S,JMA,dynamical,2026-09-01,2026-12,3,3.9776,1.4731,2.5045,ens_050,monthly,1993-2016
C3S,JMA,dynamical,2026-09-01,2027-01,4,3.9494,1.4863,2.4631,ens_050,monthly,1993-2016
C3S,JMA,dynamical,2026-09-01,2027-02,5,3.6644,1.4615,2.2029,ens_050,monthly,1993-2016
C3S,JMA,dynamical,2026-09-01,2026-09,0,2.9492,0.9564,1.9928,ens_051,monthly,1993-2016
C3S,JMA,dynamical,2026-09-01,2026-10,1,3.4846,1.1084,2.3762,ens_051,monthly,1993-2016
C3S,JMA,dynamical,2026-09-01,2026-11,2,3.9446,1.255,2.6897,ens_051,monthly,1993-2016
C3S,JMA,dynamical,2026-09-01,2026-12,3,3.9919,1.3128,2.679,ens_051,monthly,1993-2016
C3S,JMA,dynamical,2026-09-01,2027-01,4,4.0119,1.2973,2.7146,ens_051,monthly,1993-2016
C3S,JMA,dynamical,2026-09-01,2027-02,5,3.7058,1.2693,2.4365,ens_051,monthly,1993-2016
C3S,JMA,dynamical,2026-09-01,2026-09,0,3.4165,1.041,2.3755,ens_052,monthly,1993-2016
C3S,JMA,dynamical,2026-09-01,2026-10,1,3.8187,1.2171,2.6016,ens_052,monthly,1993-2016
C3S,JMA,dynamical,2026-09-01,2026-11,2,4.0501,1.3103,2.7398,ens_052,monthly,1993-2016
C3S,JMA,dynamical,2026-09-01,2026-12,3,4.0192,1.3655,2.6537,ens_052,monthly,1993-2016
C3S,JMA,dynamical,2026-09-01,2027-01,4,3.9079,1.3481,2.5598,ens_052,monthly,1993-2016
C3S,JMA,dynamical,2026-09-01,2027-02,5,3.5962,1.3154,2.2808,ens_052,monthly,1993-2016
C3S,JMA,dynamical,2026-09-01,2026-09,0,3.2535,1.0648,2.1887,ens_053,monthly,1993-2016
C3S,JMA,dynamical,2026-09-01,2026-10,1,3.8529,1.1729,2.68,ens_053,monthly,1993-2016
C3S,JMA,dynamical,2026-09-01,2026-11,2,4.1944,1.2571,2.9373,ens_053,monthly,1993-2016
C3S,JMA,dynamical,2026-09-01,2026-12,3,4.1161,1.2629,2.8532,ens_053,monthly,1993-2016
C3S,JMA,dynamical,2026-09-01,2027-01,4,4.0897,1.2339,2.8558,ens_053,monthly,1993-2016
C3S,JMA,dynamical,2026-09-01,2027-02,5,3.8013,1.2368,2.5645,ens_053,monthly,1993-2016
C3S,JMA,dynamical,2026-09-01,2026-09,0,3.2456,1.0059,2.2397,ens_054,monthly,1993-2016
C3S,JMA,dynamical,2026-09-01,2026-10,1,3.7299,1.1146,2.6154,ens_054,monthly,1993-2016
C3S,JMA,dynamical,2026-09-01,2026-11,2,3.9445,1.2013,2.7432,ens_054,monthly,1993-2016
C3S,JMA,dynamical,2026-09-01,2026-12,3,4.0751,1.235,2.84,ens_054,monthly,1993-2016
C3S,JMA,dynamical,2026-09-01,2027-01,4,3.8076,1.2936,2.514,ens_054,monthly,1993-2016
C3S,JMA,dynamical,2026-09-01,2027-02,5,3.6996,1.3066,2.393,ens_054,monthly,1993-2016
C3S,JMA,dynamical,2026-09-01,2026-09,0,3.1724,1.0397,2.1326,ens_055,monthly,1993-2016
C3S,JMA,dynamical,2026-09-01,2026-10,1,3.8554,1.1481,2.7073,ens_055,monthly,1993-2016
C3S,JMA,dynamical,2026-09-01,2026-11,2,4.0156,1.3042,2.7113,ens_055,monthly,1993-2016
C3S,JMA,dynamical,2026-09-01,2026-12,3,3.9564,1.3677,2.5887,ens_055,monthly,1993-2016
C3S,JMA,dynamical,2026-09-01,2027-01,4,3.9915,1.4366,2.5548,ens_055,monthly,1993-2016
C3S,JMA,dynamical,2026-09-01,2027-02,5,3.653,1.4434,2.2096,ens_055,monthly,1993-2016
C3S,JMA,dynamical,2026-09-01,2026-09,0,3.1665,1.0475,2.119,ens_056,monthly,1993-2016
C3S,JMA,dynamical,2026-09-01,2026-10,1,3.7635,1.1689,2.5946,ens_056,monthly,1993-2016
C3S,JMA,dynamical,2026-09-01,2026-11,2,4.0222,1.2558,2.7664,ens_056,monthly,1993-2016
C3S,JMA,dynamical,2026-09-01,2026-12,3,4.1008,1.265,2.8358,ens_056,monthly,1993-2016
C3S,JMA,dynamical,2026-09-01,2027-01,4,3.9966,1.2906,2.706,ens_056,monthly,1993-2016
C3S,JMA,dynamical,2026-09-01,2027-02,5,3.872,1.2551,2.6169,ens_056,monthly,1993-2016
C3S,JMA,dynamical,2026-09-01,2026-09,0,3.3197,0.9824,2.3373,ens_057,monthly,1993-2016
C3S,JMA,dynamical,2026-09-01,2026-10,1,3.7742,1.1566,2.6177,ens_057,monthly,1993-2016
C3S,JMA,dynamical,2026-09-01,2026-11,2,3.9602,1.189,2.7712,ens_057,monthly,1993-2016
C3S,JMA,dynamical,2026-09-01,2026-12,3,3.8951,1.253,2.6421,ens_057,monthly,1993-2016
C3S,JMA,dynamical,2026-09-01,2027-01,4,3.8107,1.2842,2.5265,ens_057,monthly,1993-2016
C3S,JMA,dynamical,2026-09-01,2027-02,5,3.7611,1.2841,2.4769,ens_057,monthly,1993-2016
C3S,JMA,dynamical,2026-09-01,2026-09,0,3.0944,1.0235,2.0709,ens_058,monthly,1993-2016
C3S,JMA,dynamical,2026-09-01,2026-10,1,3.6211,1.1464,2.4747,ens_058,monthly,1993-2016
C3S,JMA,dynamical,2026-09-01,2026-11,2,3.9609,1.2549,2.7059,ens_058,monthly,1993-2016
C3S,JMA,dynamical,2026-09-01,2026-12,3,4.0825,1.2948,2.7877,ens_058,monthly,1993-2016
C3S,JMA,dynamical,2026-09-01,2027-01,4,3.7703,1.3687,2.4016,ens_058,monthly,1993-2016
C3S,JMA,dynamical,2026-09-01,2027-02,5,3.6804,1.2795,2.4009,ens_058,monthly,1993-2016
C3S,JMA,dynamical,2026-09-01,2026-09,0,3.3692,1.0311,2.3381,ens_059,monthly,1993-2016
C3S,JMA,dynamical,2026-09-01,2026-10,1,3.8173,1.2013,2.616,ens_059,monthly,1993-2016
C3S,JMA,dynamical,2026-09-01,2026-11,2,3.8605,1.2849,2.5756,ens_059,monthly,1993-2016
C3S,JMA,dynamical,2026-09-01,2026-12,3,3.975,1.3282,2.6468,ens_059,monthly,1993-2016
C3S,JMA,dynamical,2026-09-01,2027-01,4,4.0033,1.4437,2.5597,ens_059,monthly,1993-2016
C3S,JMA,dynamical,2026-09-01,2027-02,5,3.7399,1.4366,2.3032,ens_059,monthly,1993-2016
C3S,JMA,dynamical,2026-09-01,2026-09,0,3.2517,1.0612,2.1905,ens_060,monthly,1993-2016
C3S,JMA,dynamical,2026-09-01,2026-10,1,3.803,1.2577,2.5453,ens_060,monthly,1993-2016
C3S,JMA,dynamical,2026-09-01,2026-11,2,4.0513,1.4291,2.6223,ens_060,monthly,1993-2016
C3S,JMA,dynamical,2026-09-01,2026-12,3,3.9724,1.4826,2.4898,ens_060,monthly,1993-2016
C3S,JMA,dynamical,2026-09-01,2027-01,4,3.6747,1.5114,2.1633,ens_060,monthly,1993-2016
C3S,JMA,dynamical,2026-09-01,2027-02,5,3.5711,1.4832,2.088,ens_060,monthly,1993-2016
C3S,JMA,dynamical,2026-09-01,2026-09,0,3.2779,1.0385,2.2394,ens_061,monthly,1993-2016
C3S,JMA,dynamical,2026-09-01,2026-10,1,3.7917,1.2017,2.5899,ens_061,monthly,1993-2016
C3S,JMA,dynamical,2026-09-01,2026-11,2,3.9311,1.263,2.6682,ens_061,monthly,1993-2016
C3S,JMA,dynamical,2026-09-01,2026-12,3,4.1643,1.3662,2.7981,ens_061,monthly,1993-2016
C3S,JMA,dynamical,2026-09-01,2027-01,4,4.1215,1.3632,2.7582,ens_061,monthly,1993-2016
C3S,JMA,dynamical,2026-09-01,2027-02,5,3.8757,1.4017,2.4739,ens_061,monthly,1993-2016
C3S,JMA,dynamical,2026-09-01,2026-09,0,3.398,1.0629,2.3351,ens_062,monthly,1993-2016
C3S,JMA,dynamical,2026-09-01,2026-10,1,3.8479,1.1683,2.6796,ens_062,monthly,1993-2016
C3S,JMA,dynamical,2026-09-01,2026-11,2,4.0457,1.2774,2.7683,ens_062,monthly,1993-2016
C3S,JMA,dynamical,2026-09-01,2026-12,3,4.0423,1.323,2.7192,ens_062,monthly,1993-2016
C3S,JMA,dynamical,2026-09-01,2027-01,4,4.1562,1.3325,2.8237,ens_062,monthly,1993-2016
C3S,JMA,dynamical,2026-09-01,2027-02,5,3.6212,1.293,2.3282,ens_062,monthly,1993-2016
C3S,JMA,dynamical,2026-09-01,2026-09,0,3.2663,1.0609,2.2054,ens_063,monthly,1993-2016
C3S,JMA,dynamical,2026-09-01,2026-10,1,3.7786,1.2235,2.5551,ens_063,monthly,1993-2016
C3S,JMA,dynamical,2026-09-01,2026-11,2,3.883,1.2556,2.6274,ens_063,monthly,1993-2016
C3S,JMA,dynamical,2026-09-01,2026-12,3,4.0557,1.2672,2.7885,ens_063,monthly,1993-2016
C3S,JMA,dynamical,2026-09-01,2027-01,4,4.102,1.2977,2.8043,ens_063,monthly,1993-2016
C3S,JMA,dynamical,2026-09-01,2027-02,5,3.4748,1.2562,2.2187,ens_063,monthly,1993-2016
C3S,JMA,dynamical,2026-09-01,2026-09,0,3.3438,1.0666,2.2772,ens_064,monthly,1993-2016
C3S,JMA,dynamical,2026-09-01,2026-10,1,3.8274,1.232,2.5954,ens_064,monthly,1993-2016
C3S,JMA,dynamical,2026-09-01,2026-11,2,3.976,1.3722,2.6038,ens_064,monthly,1993-2016
C3S,JMA,dynamical,2026-09-01,2026-12,3,3.9619,1.3959,2.566,ens_064,monthly,1993-2016
C3S,JMA,dynamical,2026-09-01,2027-01,4,3.9113,1.3569,2.5544,ens_064,monthly,1993-2016
C3S,JMA,dynamical,2026-09-01,2027-02,5,3.7936,1.3544,2.4391,ens_064,monthly,1993-2016
C3S,JMA,dynamical,2026-09-01,2026-09,0,3.2862,1.0171,2.2691,ens_065,monthly,1993-2016
C3S,JMA,dynamical,2026-09-01,2026-10,1,3.807,1.1435,2.6635,ens_065,monthly,1993-2016
C3S,JMA,dynamical,2026-09-01,2026-11,2,3.9002,1.3126,2.5877,ens_065,monthly,1993-2016
C3S,JMA,dynamical,2026-09-01,2026-12,3,3.8724,1.3811,2.4913,ens_065,monthly,1993-2016
C3S,JMA,dynamical,2026-09-01,2027-01,4,3.8085,1.4709,2.3376,ens_065,monthly,1993-2016
C3S,JMA,dynamical,2026-09-01,2027-02,5,3.6795,1.4528,2.2267,ens_065,monthly,1993-2016
C3S,JMA,dynamical,2026-09-01,2026-09,0,3.1325,0.9835,2.149,ens_066,monthly,1993-2016
C3S,JMA,dynamical,2026-09-01,2026-10,1,3.6463,1.14,2.5063,ens_066,monthly,1993-2016
C3S,JMA,dynamical,2026-09-01,2026-11,2,3.9734,1.2346,2.7388,ens_066,monthly,1993-2016
C3S,JMA,dynamical,2026-09-01,2026-12,3,3.8952,1.2929,2.6023,ens_066,monthly,1993-2016
C3S,JMA,dynamical,2026-09-01,2027-01,4,4.014,1.2667,2.7472,ens_066,monthly,1993-2016
C3S,JMA,dynamical,2026-09-01,2027-02,5,3.6884,1.2882,2.4002,ens_066,monthly,1993-2016
C3S,JMA,dynamical,2026-09-01,2026-09,0,3.4326,1.0157,2.4169,ens_067,monthly,1993-2016
C3S,JMA,dynamical,2026-09-01,2026-10,1,3.9047,1.1455,2.7592,ens_067,monthly,1993-2016
C3S,JMA,dynamical,2026-09-01,2026-11,2,3.9943,1.2577,2.7366,ens_067,monthly,1993-2016
C3S,JMA,dynamical,2026-09-01,2026-12,3,3.936,1.3045,2.6316,ens_067,monthly,1993-2016
C3S,JMA,dynamical,2026-09-01,2027-01,4,3.7955,1.3259,2.4696,ens_067,monthly,1993-2016
C3S,JMA,dynamical,2026-09-01,2027-02,5,3.5446,1.2479,2.2967,ens_067,monthly,1993-2016
C3S,JMA,dynamical,2026-09-01,2026-09,0,3.3134,1.0177,2.2957,ens_068,monthly,1993-2016
C3S,JMA,dynamical,2026-09-01,2026-10,1,3.8734,1.1361,2.7372,ens_068,monthly,1993-2016
C3S,JMA,dynamical,2026-09-01,2026-11,2,4.1076,1.3241,2.7836,ens_068,monthly,1993-2016
C3S,JMA,dynamical,2026-09-01,2026-12,3,4.1883,1.3992,2.7891,ens_068,monthly,1993-2016
C3S,JMA,dynamical,2026-09-01,2027-01,4,3.9349,1.4308,2.5041,ens_068,monthly,1993-2016
C3S,JMA,dynamical,2026-09-01,2027-02,5,3.5912,1.3531,2.2381,ens_068,monthly,1993-2016
C3S,JMA,dynamical,2026-09-01,2026-09,0,3.1625,0.9546,2.2079,ens_069,monthly,1993-2016
C3S,JMA,dynamical,2026-09-01,2026-10,1,3.7468,1.096,2.6508,ens_069,monthly,1993-2016
C3S,JMA,dynamical,2026-09-01,2026-11,2,4.0661,1.22,2.8461,ens_069,monthly,1993-2016
C3S,JMA,dynamical,2026-09-01,2026-12,3,4.0482,1.2953,2.753,ens_069,monthly,1993-2016
C3S,JMA,dynamical,2026-09-01,2027-01,4,4.073,1.2957,2.7774,ens_069,monthly,1993-2016
C3S,JMA,dynamical,2026-09-01,2027-02,5,3.5881,1.3327,2.2553,ens_069,monthly,1993-2016
C3S,JMA,dynamical,2026-09-01,2026-09,0,3.2305,1.0015,2.229,ens_070,monthly,1993-2016
C3S,JMA,dynamical,2026-09-01,2026-10,1,3.7174,1.1812,2.5362,ens_070,monthly,1993-2016
C3S,JMA,dynamical,2026-09-01,2026-11,2,4.1409,1.3182,2.8226,ens_070,monthly,1993-2016
C3S,JMA,dynamical,2026-09-01,2026-12,3,4.0748,1.3389,2.7358,ens_070,monthly,1993-2016
C3S,JMA,dynamical,2026-09-01,2027-01,4,3.8415,1.3564,2.4851,ens_070,monthly,1993-2016
C3S,JMA,dynamical,2026-09-01,2027-02,5,3.6693,1.4104,2.2589,ens_070,monthly,1993-2016
C3S,JMA,dynamical,2026-09-01,2026-09,0,3.315,1.0235,2.2915,ens_071,monthly,1993-2016
C3S,JMA,dynamical,2026-09-01,2026-10,1,3.6898,1.1716,2.5182,ens_071,monthly,1993-2016
C3S,JMA,dynamical,2026-09-01,2026-11,2,3.8859,1.2314,2.6545,ens_071,monthly,1993-2016
C3S,JMA,dynamical,2026-09-01,2026-12,3,3.9629,1.2527,2.7102,ens_071,monthly,1993-2016
C3S,JMA,dynamical,2026-09-01,2027-01,4,3.9699,1.3309,2.639,ens_071,monthly,1993-2016
C3S,JMA,dynamical,2026-09-01,2027-02,5,3.5639,1.2967,2.2672,ens_071,monthly,1993-2016
C3S,JMA,dynamical,2026-09-01,2026-09,0,3.3123,1.0163,2.296,ens_072,monthly,1993-2016
C3S,JMA,dynamical,2026-09-01,2026-10,1,3.7438,1.1263,2.6175,ens_072,monthly,1993-2016
C3S,JMA,dynamical,2026-09-01,2026-11,2,4.0811,1.2432,2.8379,ens_072,monthly,1993-2016
C3S,JMA,dynamical,2026-09-01,2026-12,3,4.128,1.305,2.823,ens_072,monthly,1993-2016
C3S,JMA,dynamical,2026-09-01,2027-01,4,3.9425,1.3039,2.6386,ens_072,monthly,1993-2016
C3S,JMA,dynamical,2026-09-01,2027-02,5,3.5532,1.2509,2.3022,ens_072,monthly,1993-2016
C3S,JMA,dynamical,2026-09-01,2026-09,0,3.2922,1.0163,2.2759,ens_073,monthly,1993-2016
C3S,JMA,dynamical,2026-09-01,2026-10,1,3.7516,1.1017,2.6498,ens_073,monthly,1993-2016
C3S,JMA,dynamical,2026-09-01,2026-11,2,4.054,1.2171,2.8368,ens_073,monthly,1993-2016
C3S,JMA,dynamical,2026-09-01,2026-12,3,4.0758,1.3015,2.7743,ens_073,monthly,1993-2016
C3S,JMA,dynamical,2026-09-01,2027-01,4,3.8938,1.2949,2.5989,ens_073,monthly,1993-2016
C3S,JMA,dynamical,2026-09-01,2027-02,5,3.5778,1.2949,2.2829,ens_073,monthly,1993-2016
C3S,JMA,dynamical,2026-09-01,2026-09,0,3.2094,0.982,2.2274,ens_074,monthly,1993-2016
C3S,JMA,dynamical,2026-09-01,2026-10,1,3.7828,1.1455,2.6373,ens_074,monthly,1993-2016
C3S,JMA,dynamical,2026-09-01,2026-11,2,3.9851,1.1736,2.8115,ens_074,monthly,1993-2016
C3S,JMA,dynamical,2026-09-01,2026-12,3,4.0824,1.2178,2.8646,ens_074,monthly,1993-2016
C3S,JMA,dynamical,2026-09-01,2027-01,4,3.7629,1.2459,2.517,ens_074,monthly,1993-2016
C3S,JMA,dynamical,2026-09-01,2027-02,5,3.5863,1.241,2.3453,ens_074,monthly,1993-2016
C3S,JMA,dynamical,2026-09-01,2026-09,0,3.378,0.9952,2.3828,ens_075,monthly,1993-2016
C3S,JMA,dynamical,2026-09-01,2026-10,1,3.8989,1.1628,2.7361,ens_075,monthly,1993-2016
C3S,JMA,dynamical,2026-09-01,2026-11,2,4.1019,1.3337,2.7682,ens_075,monthly,1993-2016
C3S,JMA,dynamical,2026-09-01,2026-12,3,4.1498,1.4517,2.6981,ens_075,monthly,1993-2016
C3S,JMA,dynamical,2026-09-01,2027-01,4,4.0896,1.4935,2.5961,ens_075,monthly,1993-2016
C3S,JMA,dynamical,2026-09-01,2027-02,5,4.0697,1.4419,2.6278,ens_075,monthly,1993-2016
C3S,JMA,dynamical,2026-09-01,2026-09,0,3.3341,0.9776,2.3565,ens_076,monthly,1993-2016
C3S,JMA,dynamical,2026-09-01,2026-10,1,3.8182,1.1019,2.7163,ens_076,monthly,1993-2016
C3S,JMA,dynamical,2026-09-01,2026-11,2,3.9872,1.2397,2.7475,ens_076,monthly,1993-2016
C3S,JMA,dynamical,2026-09-01,2026-12,3,3.9584,1.3059,2.6525,ens_076,monthly,1993-2016
C3S,JMA,dynamical,2026-09-01,2027-01,4,3.9389,1.3598,2.5791,ens_076,monthly,1993-2016
C3S,JMA,dynamical,2026-09-01,2027-02,5,3.5014,1.3026,2.1988,ens_076,monthly,1993-2016
C3S,JMA,dynamical,2026-09-01,2026-09,0,3.2835,0.9943,2.2892,ens_077,monthly,1993-2016
C3S,JMA,dynamical,2026-09-01,2026-10,1,3.814,1.1496,2.6644,ens_077,monthly,1993-2016
C3S,JMA,dynamical,2026-09-01,2026-11,2,3.9674,1.2404,2.7269,ens_077,monthly,1993-2016
C3S,JMA,dynamical,2026-09-01,2026-12,3,3.9794,1.3275,2.6519,ens_077,monthly,1993-2016
C3S,JMA,dynamical,2026-09-01,2027-01,4,3.864,1.3493,2.5147,ens_077,monthly,1993-2016
C3S,JMA,dynamical,2026-09-01,2027-02,5,3.8107,1.3213,2.4894,ens_077,monthly,1993-2016
C3S,JMA,dynamical,2026-09-01,2026-09,0,3.2958,0.9861,2.3098,ens_078,monthly,1993-2016
C3S,JMA,dynamical,2026-09-01,2026-10,1,3.7443,1.1177,2.6265,ens_078,monthly,1993-2016
C3S,JMA,dynamical,2026-09-01,2026-11,2,3.9119,1.1811,2.7308,ens_078,monthly,1993-2016
C3S,JMA,dynamical,2026-09-01,2026-12,3,3.9015,1.1627,2.7388,ens_078,monthly,1993-2016
C3S,JMA,dynamical,2026-09-01,2027-01,4,3.9533,1.235,2.7183,ens_078,monthly,1993-2016
C3S,JMA,dynamical,2026-09-01,2027-02,5,3.8526,1.2942,2.5584,ens_078,monthly,1993-2016
C3S,JMA,dynamical,2026-09-01,2026-09,0,3.2735,1.007,2.2665,ens_079,monthly,1993-2016
C3S,JMA,dynamical,2026-09-01,2026-10,1,3.9414,1.1642,2.7772,ens_079,monthly,1993-2016
C3S,JMA,dynamical,2026-09-01,2026-11,2,4.1409,1.2837,2.8572,ens_079,monthly,1993-2016
C3S,JMA,dynamical,2026-09-01,2026-12,3,4.0838,1.3534,2.7304,ens_079,monthly,1993-2016
C3S,JMA,dynamical,2026-09-01,2027-01,4,3.8334,1.3172,2.5161,ens_079,monthly,1993-2016
C3S,JMA,dynamical,2026-09-01,2027-02,5,3.5076,1.2724,2.2351,ens_079,monthly,1993-2016
C3S,JMA,dynamical,2026-09-01,2026-09,0,3.2467,1.0139,2.2328,ens_080,monthly,1993-2016
C3S,JMA,dynamical,2026-09-01,2026-10,1,3.7289,1.1245,2.6044,ens_080,monthly,1993-2016
C3S,JMA,dynamical,2026-09-01,2026-11,2,3.9764,1.2656,2.7108,ens_080,monthly,1993-2016
C3S,JMA,dynamical,2026-09-01,2026-12,3,3.9151,1.3045,2.6106,ens_080,monthly,1993-2016
C3S,JMA,dynamical,2026-09-01,2027-01,4,4.0073,1.3453,2.662,ens_080,monthly,1993-2016
C3S,JMA,dynamical,2026-09-01,2027-02,5,3.6825,1.3776,2.3049,ens_080,monthly,1993-2016
C3S,JMA,dynamical,2026-09-01,2026-09,0,3.3327,0.9779,2.3548,ens_081,monthly,1993-2016
C3S,JMA,dynamical,2026-09-01,2026-10,1,3.8786,1.1915,2.687,ens_081,monthly,1993-2016
C3S,JMA,dynamical,2026-09-01,2026-11,2,4.1017,1.3156,2.7861,ens_081,monthly,1993-2016
C3S,JMA,dynamical,2026-09-01,2026-12,3,4.2668,1.4016,2.8652,ens_081,monthly,1993-2016
C3S,JMA,dynamical,2026-09-01,2027-01,4,4.0559,1.4528,2.6031,ens_081,monthly,1993-2016
C3S,JMA,dynamical,2026-09-01,2027-02,5,3.7089,1.3442,2.3647,ens_081,monthly,1993-2016
C3S,JMA,dynamical,2026-09-01,2026-09,0,3.2134,0.9554,2.2579,ens_082,monthly,1993-2016
C3S,JMA,dynamical,2026-09-01,2026-10,1,3.809,1.0995,2.7095,ens_082,monthly,1993-2016
C3S,JMA,dynamical,2026-09-01,2026-11,2,4.1136,1.2056,2.908,ens_082,monthly,1993-2016
C3S,JMA,dynamical,2026-09-01,2026-12,3,4.251,1.253,2.9981,ens_082,monthly,1993-2016
C3S,JMA,dynamical,2026-09-01,2027-01,4,3.973,1.2625,2.7106,ens_082,monthly,1993-2016
C3S,JMA,dynamical,2026-09-01,2027-02,5,3.705,1.2764,2.4286,ens_082,monthly,1993-2016
C3S,JMA,dynamical,2026-09-01,2026-09,0,3.361,0.9836,2.3773,ens_083,monthly,1993-2016
C3S,JMA,dynamical,2026-09-01,2026-10,1,3.8697,1.1037,2.7659,ens_083,monthly,1993-2016
C3S,JMA,dynamical,2026-09-01,2026-11,2,4.0131,1.1746,2.8385,ens_083,monthly,1993-2016
C3S,JMA,dynamical,2026-09-01,2026-12,3,4.0378,1.1741,2.8637,ens_083,monthly,1993-2016
C3S,JMA,dynamical,2026-09-01,2027-01,4,3.9364,1.2148,2.7216,ens_083,monthly,1993-2016
C3S,JMA,dynamical,2026-09-01,2027-02,5,3.5957,1.2038,2.3918,ens_083,monthly,1993-2016
C3S,JMA,dynamical,2026-09-01,2026-09,0,3.2933,0.9452,2.3481,ens_084,monthly,1993-2016
C3S,JMA,dynamical,2026-09-01,2026-10,1,3.7711,1.1422,2.6289,ens_084,monthly,1993-2016
C3S,JMA,dynamical,2026-09-01,2026-11,2,4.0361,1.2685,2.7676,ens_084,monthly,1993-2016
C3S,JMA,dynamical,2026-09-01,2026-12,3,4.1124,1.3598,2.7527,ens_084,monthly,1993-2016
C3S,JMA,dynamical,2026-09-01,2027-01,4,4.0556,1.3678,2.6879,ens_084,monthly,1993-2016
C3S,JMA,dynamical,2026-09-01,2027-02,5,3.9,1.3165,2.5835,ens_084,monthly,1993-2016
C3S,JMA,dynamical,2026-09-01,2026-09,0,3.2804,1.0227,2.2577,ens_085,monthly,1993-2016
C3S,JMA,dynamical,2026-09-01,2026-10,1,3.995,1.1975,2.7975,ens_085,monthly,1993-2016
C3S,JMA,dynamical,2026-09-01,2026-11,2,4.1876,1.3324,2.8552,ens_085,monthly,1993-2016
C3S,JMA,dynamical,2026-09-01,2026-12,3,4.1829,1.4527,2.7302,ens_085,monthly,1993-2016
C3S,JMA,dynamical,2026-09-01,2027-01,4,4.0716,1.5117,2.56,ens_085,monthly,1993-2016
C3S,JMA,dynamical,2026-09-01,2027-02,5,3.5665,1.4074,2.1591,ens_085,monthly,1993-2016
C3S,JMA,dynamical,2026-09-01,2026-09,0,3.2124,0.968,2.2444,ens_086,monthly,1993-2016
C3S,JMA,dynamical,2026-09-01,2026-10,1,3.7479,1.0902,2.6577,ens_086,monthly,1993-2016
C3S,JMA,dynamical,2026-09-01,2026-11,2,3.9296,1.191,2.7386,ens_086,monthly,1993-2016
C3S,JMA,dynamical,2026-09-01,2026-12,3,4.0186,1.2919,2.7267,ens_086,monthly,1993-2016
C3S,JMA,dynamical,2026-09-01,2027-01,4,4.0161,1.2576,2.7585,ens_086,monthly,1993-2016
C3S,JMA,dynamical,2026-09-01,2027-02,5,3.5248,1.2351,2.2897,ens_086,monthly,1993-2016
C3S,JMA,dynamical,2026-09-01,2026-09,0,3.3432,0.9336,2.4096,ens_087,monthly,1993-2016
C3S,JMA,dynamical,2026-09-01,2026-10,1,3.8654,1.0429,2.8224,ens_087,monthly,1993-2016
C3S,JMA,dynamical,2026-09-01,2026-11,2,4.0522,1.1949,2.8573,ens_087,monthly,1993-2016
C3S,JMA,dynamical,2026-09-01,2026-12,3,4.0051,1.279,2.7261,ens_087,monthly,1993-2016
C3S,JMA,dynamical,2026-09-01,2027-01,4,3.9145,1.288,2.6265,ens_087,monthly,1993-2016
C3S,JMA,dynamical,2026-09-01,2027-02,5,3.7121,1.3249,2.3872,ens_087,monthly,1993-2016
C3S,JMA,dynamical,2026-09-01,2026-09,0,3.4359,0.9721,2.4639,ens_088,monthly,1993-2016
C3S,JMA,dynamical,2026-09-01,2026-10,1,4.0362,1.1103,2.9259,ens_088,monthly,1993-2016
C3S,JMA,dynamical,2026-09-01,2026-11,2,3.9561,1.1976,2.7585,ens_088,monthly,1993-2016
C3S,JMA,dynamical,2026-09-01,2026-12,3,3.9108,1.3273,2.5835,ens_088,monthly,1993-2016
C3S,JMA,dynamical,2026-09-01,2027-01,4,3.7414,1.4084,2.333,ens_088,monthly,1993-2016
C3S,JMA,dynamical,2026-09-01,2027-02,5,3.6174,1.447,2.1704,ens_088,monthly,1993-2016
C3S,JMA,dynamical,2026-09-01,2026-09,0,3.2042,0.9844,2.2198,ens_089,monthly,1993-2016
C3S,JMA,dynamical,2026-09-01,2026-10,1,3.78,1.1615,2.6184,ens_089,monthly,1993-2016
C3S,JMA,dynamical,2026-09-01,2026-11,2,4.0677,1.2916,2.7761,ens_089,monthly,1993-2016
C3S,JMA,dynamical,2026-09-01,2026-12,3,4.1445,1.3345,2.81,ens_089,monthly,1993-2016
C3S,JMA,dynamical,2026-09-01,2027-01,4,4.1261,1.2778,2.8484,ens_089,monthly,1993-2016
C3S,JMA,dynamical,2026-09-01,2027-02,5,3.9582,1.2393,2.7189,ens_089,monthly,1993-2016
C3S,JMA,dynamical,2026-09-01,2026-09,0,3.2566,1.0099,2.2467,ens_090,monthly,1993-2016
C3S,JMA,dynamical,2026-09-01,2026-10,1,3.8614,1.1785,2.6829,ens_090,monthly,1993-2016
C3S,JMA,dynamical,2026-09-01,2026-11,2,4.0716,1.3069,2.7647,ens_090,monthly,1993-2016
C3S,JMA,dynamical,2026-09-01,2026-12,3,4.1793,1.4215,2.7577,ens_090,monthly,1993-2016
C3S,JMA,dynamical,2026-09-01,2027-01,4,4.0861,1.457,2.629,ens_090,monthly,1993-2016
C3S,JMA,dynamical,2026-09-01,2027-02,5,3.6407,1.4413,2.1994,ens_090,monthly,1993-2016
C3S,JMA,dynamical,2026-09-01,2026-09,0,3.2902,0.926,2.3642,ens_091,monthly,1993-2016
C3S,JMA,dynamical,2026-09-01,2026-10,1,3.7039,1.0644,2.6395,ens_091,monthly,1993-2016
C3S,JMA,dynamical,2026-09-01,2026-11,2,3.9656,1.1963,2.7693,ens_091,monthly,1993-2016
C3S,JMA,dynamical,2026-09-01,2026-12,3,3.9173,1.2499,2.6673,ens_091,monthly,1993-2016
C3S,JMA,dynamical,2026-09-01,2027-01,4,3.8313,1.2079,2.6234,ens_091,monthly,1993-2016
C3S,JMA,dynamical,2026-09-01,2027-02,5,3.4757,1.2173,2.2584,ens_091,monthly,1993-2016
C3S,JMA,dynamical,2026-09-01,2026-09,0,3.4124,0.9808,2.4316,ens_092,monthly,1993-2016
C3S,JMA,dynamical,2026-09-01,2026-10,1,3.9326,1.1289,2.8037,ens_092,monthly,1993-2016
C3S,JMA,dynamical,2026-09-01,2026-11,2,4.1535,1.2545,2.899,ens_092,monthly,1993-2016
C3S,JMA,dynamical,2026-09-01,2026-12,3,4.1802,1.3451,2.8351,ens_092,monthly,1993-2016
C3S,JMA,dynamical,2026-09-01,2027-01,4,4.0086,1.2832,2.7254,ens_092,monthly,1993-2016
C3S,JMA,dynamical,2026-09-01,2027-02,5,3.6702,1.2263,2.444,ens_092,monthly,1993-2016
C3S,JMA,dynamical,2026-09-01,2026-09,0,3.2429,0.9647,2.2782,ens_093,monthly,1993-2016
C3S,JMA,dynamical,2026-09-01,2026-10,1,3.6606,1.0856,2.5751,ens_093,monthly,1993-2016
C3S,JMA,dynamical,2026-09-01,2026-11,2,3.9268,1.1584,2.7684,ens_093,monthly,1993-2016
C3S,JMA,dynamical,2026-09-01,2026-12,3,3.9245,1.2337,2.6908,ens_093,monthly,1993-2016
C3S,JMA,dynamical,2026-09-01,2027-01,4,3.9553,1.2471,2.7083,ens_093,monthly,1993-2016
C3S,JMA,dynamical,2026-09-01,2027-02,5,3.4733,1.22,2.2533,ens_093,monthly,1993-2016
C3S,JMA,dynamical,2026-09-01,2026-09,0,3.4382,0.9709,2.4673,ens_094,monthly,1993-2016
C3S,JMA,dynamical,2026-09-01,2026-10,1,3.9618,1.1257,2.8361,ens_094,monthly,1993-2016
C3S,JMA,dynamical,2026-09-01,2026-11,2,3.9968,1.199,2.7978,ens_094,monthly,1993-2016
C3S,JMA,dynamical,2026-09-01,2026-12,3,3.9733,1.27,2.7032,ens_094,monthly,1993-2016
C3S,JMA,dynamical,2026-09-01,2027-01,4,3.7667,1.3306,2.4361,ens_094,monthly,1993-2016
C3S,JMA,dynamical,2026-09-01,2027-02,5,3.3856,1.2954,2.0902,ens_094,monthly,1993-2016
C3S,JMA,dynamical,2026-09-01,2026-09,0,3.4169,1.0092,2.4077,ens_095,monthly,1993-2016
C3S,JMA,dynamical,2026-09-01,2026-10,1,3.9881,1.1814,2.8067,ens_095,monthly,1993-2016
C3S,JMA,dynamical,2026-09-01,2026-11,2,4.22,1.289,2.931,ens_095,monthly,1993-2016
C3S,JMA,dynamical,2026-09-01,2026-12,3,4.233,1.3416,2.8915,ens_095,monthly,1993-2016
C3S,JMA,dynamical,2026-09-01,2027-01,4,4.0071,1.3675,2.6395,ens_095,monthly,1993-2016
C3S,JMA,dynamical,2026-09-01,2027-02,5,3.7742,1.3178,2.4565,ens_095,monthly,1993-2016
C3S,JMA,dynamical,2026-09-01,2026-09,0,3.304,0.9377,2.3663,ens_096,monthly,1993-2016
C3S,JMA,dynamical,2026-09-01,2026-10,1,3.8465,1.1407,2.7058,ens_096,monthly,1993-2016
C3S,JMA,dynamical,2026-09-01,2026-11,2,4.2603,1.2479,3.0124,ens_096,monthly,1993-2016
C3S,JMA,dynamical,2026-09-01,2026-12,3,4.1297,1.3153,2.8144,ens_096,monthly,1993-2016
C3S,JMA,dynamical,2026-09-01,2027-01,4,3.8062,1.2754,2.5308,ens_096,monthly,1993-2016
C3S,JMA,dynamical,2026-09-01,2027-02,5,3.2021,1.1891,2.0131,ens_096,monthly,1993-2016
C3S,JMA,dynamical,2026-09-01,2026-09,0,3.2495,0.9287,2.3209,ens_097,monthly,1993-2016
C3S,JMA,dynamical,2026-09-01,2026-10,1,3.8256,1.0921,2.7334,ens_097,monthly,1993-2016
C3S,JMA,dynamical,2026-09-01,2026-11,2,4.0832,1.2384,2.8448,ens_097,monthly,1993-2016
C3S,JMA,dynamical,2026-09-01,2026-12,3,4.1931,1.3384,2.8547,ens_097,monthly,1993-2016
C3S,JMA,dynamical,2026-09-01,2027-01,4,4.003,1.3761,2.6268,ens_097,monthly,1993-2016
C3S,JMA,dynamical,2026-09-01,2027-02,5,3.8637,1.3923,2.4714,ens_097,monthly,1993-2016
C3S,JMA,dynamical,2026-09-01,2026-09,0,3.2543,0.9322,2.3221,ens_098,monthly,1993-2016
C3S,JMA,dynamical,2026-09-01,2026-10,1,3.8049,1.0614,2.7435,ens_098,monthly,1993-2016
C3S,JMA,dynamical,2026-09-01,2026-11,2,3.9888,1.1113,2.8774,ens_098,monthly,1993-2016
C3S,JMA,dynamical,2026-09-01,2026-12,3,4.0184,1.1609,2.8575,ens_098,monthly,1993-2016
C3S,JMA,dynamical,2026-09-01,2027-01,4,4.0121,1.2419,2.7703,ens_098,monthly,1993-2016
C3S,JMA,dynamical,2026-09-01,2027-02,5,3.5037,1.2466,2.2572,ens_098,monthly,1993-2016
C3S,JMA,dynamical,2026-09-01,2026-09,0,3.2725,0.9908,2.2817,ens_099,monthly,1993-2016
C3S,JMA,dynamical,2026-09-01,2026-10,1,3.6752,1.1182,2.5571,ens_099,monthly,1993-2016
C3S,JMA,dynamical,2026-09-01,2026-11,2,3.9496,1.1261,2.8235,ens_099,monthly,1993-2016
C3S,JMA,dynamical,2026-09-01,2026-12,3,3.9157,1.1255,2.7903,ens_099,monthly,1993-2016
C3S,JMA,dynamical,2026-09-01,2027-01,4,3.8436,1.1606,2.683,ens_099,monthly,1993-2016
C3S,JMA,dynamical,2026-09-01,2027-02,5,3.776,1.1978,2.5782,ens_099,monthly,1993-2016
C3S,JMA,dynamical,2026-09-01,2026-09,0,3.3706,0.9814,2.3892,ens_100,monthly,1993-2016
C3S,JMA,dynamical,2026-09-01,2026-10,1,3.9911,1.1058,2.8854,ens_100,monthly,1993-2016
C3S,JMA,dynamical,2026-09-01,2026-11,2,4.0279,1.2556,2.7724,ens_100,monthly,1993-2016
C3S,JMA,dynamical,2026-09-01,2026-12,3,3.9611,1.3799,2.5812,ens_100,monthly,1993-2016
C3S,JMA,dynamical,2026-09-01,2027-01,4,3.7986,1.3577,2.441,ens_100,monthly,1993-2016
C3S,JMA,dynamical,2026-09-01,2027-02,5,3.5625,1.3546,2.2079,ens_100,monthly,1993-2016
C3S,JMA,dynamical,2026-09-01,2026-09,0,3.3568,0.9835,2.3733,ens_101,monthly,1993-2016
C3S,JMA,dynamical,2026-09-01,2026-10,1,3.6133,1.0477,2.5656,ens_101,monthly,1993-2016
C3S,JMA,dynamical,2026-09-01,2026-11,2,3.8768,1.2104,2.6664,ens_101,monthly,1993-2016
C3S,JMA,dynamical,2026-09-01,2026-12,3,3.9205,1.3085,2.612,ens_101,monthly,1993-2016
C3S,JMA,dynamical,2026-09-01,2027-01,4,3.9241,1.3067,2.6174,ens_101,monthly,1993-2016
C3S,JMA,dynamical,2026-09-01,2027-02,5,3.4314,1.2242,2.2071,ens_101,monthly,1993-2016
C3S,JMA,dynamical,2026-09-01,2026-09,0,3.3045,0.9806,2.3239,ens_102,monthly,1993-2016
C3S,JMA,dynamical,2026-09-01,2026-10,1,3.8976,1.1091,2.7885,ens_102,monthly,1993-2016
C3S,JMA,dynamical,2026-09-01,2026-11,2,4.1102,1.2261,2.8841,ens_102,monthly,1993-2016
C3S,JMA,dynamical,2026-09-01,2026-12,3,3.989,1.329,2.66,ens_102,monthly,1993-2016
C3S,JMA,dynamical,2026-09-01,2027-01,4,3.865,1.4132,2.4519,ens_102,monthly,1993-2016
C3S,JMA,dynamical,2026-09-01,2027-02,5,3.4598,1.2972,2.1626,ens_102,monthly,1993-2016
C3S,JMA,dynamical,2026-09-01,2026-09,0,3.2347,0.9694,2.2652,ens_103,monthly,1993-2016
C3S,JMA,dynamical,2026-09-01,2026-10,1,3.6183,1.1299,2.4884,ens_103,monthly,1993-2016
C3S,JMA,dynamical,2026-09-01,2026-11,2,3.8933,1.1871,2.7062,ens_103,monthly,1993-2016
C3S,JMA,dynamical,2026-09-01,2026-12,3,4.0394,1.2595,2.7799,ens_103,monthly,1993-2016
C3S,JMA,dynamical,2026-09-01,2027-01,4,3.7929,1.3144,2.4785,ens_103,monthly,1993-2016
C3S,JMA,dynamical,2026-09-01,2027-02,5,3.3228,1.2861,2.0367,ens_103,monthly,1993-2016
C3S,JMA,dynamical,2026-09-01,2026-09,0,3.3216,0.952,2.3696,ens_104,monthly,1993-2016
C3S,JMA,dynamical,2026-09-01,2026-10,1,3.8041,1.0976,2.7065,ens_104,monthly,1993-2016
C3S,JMA,dynamical,2026-09-01,2026-11,2,4.0477,1.1479,2.8998,ens_104,monthly,1993-2016
C3S,JMA,dynamical,2026-09-01,2026-12,3,3.9988,1.215,2.7838,ens_104,monthly,1993-2016
C3S,JMA,dynamical,2026-09-01,2027-01,4,3.9876,1.2874,2.7002,ens_104,monthly,1993-2016
C3S,JMA,dynamical,2026-09-01,2027-02,5,3.621,1.2158,2.4052,ens_104,monthly,1993-2016
C3S,JMA,dynamical,2026-09-01,2026-09,0,3.2609,1.0202,2.2406,ens_105,monthly,1993-2016
C3S,JMA,dynamical,2026-09-01,2026-10,1,3.928,1.193,2.735,ens_105,monthly,1993-2016
C3S,JMA,dynamical,2026-09-01,2026-11,2,4.0396,1.2773,2.7624,ens_105,monthly,1993-2016
C3S,JMA,dynamical,2026-09-01,2026-12,3,4.175,1.3568,2.8182,ens_105,monthly,1993-2016
C3S,JMA,dynamical,2026-09-01,2027-01,4,4.016,1.3848,2.6312,ens_105,monthly,1993-2016
C3S,JMA,dynamical,2026-09-01,2027-02,5,3.5615,1.3192,2.2423,ens_105,monthly,1993-2016
C3S,JMA,dynamical,2026-09-01,2026-09,0,3.2709,0.9071,2.3638,ens_106,monthly,1993-2016
C3S,JMA,dynamical,2026-09-01,2026-10,1,3.8106,1.0512,2.7594,ens_106,monthly,1993-2016
C3S,JMA,dynamical,2026-09-01,2026-11,2,3.967,1.1456,2.8214,ens_106,monthly,1993-2016
C3S,JMA,dynamical,2026-09-01,2026-12,3,4.096,1.282,2.8139,ens_106,monthly,1993-2016
C3S,JMA,dynamical,2026-09-01,2027-01,4,3.9454,1.3325,2.6129,ens_106,monthly,1993-2016
C3S,JMA,dynamical,2026-09-01,2027-02,5,3.5791,1.278,2.3011,ens_106,monthly,1993-2016
C3S,JMA,dynamical,2026-09-01,2026-09,0,3.2505,0.9823,2.2682,ens_107,monthly,1993-2016
C3S,JMA,dynamical,2026-09-01,2026-10,1,3.8174,1.1505,2.6669,ens_107,monthly,1993-2016
C3S,JMA,dynamical,2026-09-01,2026-11,2,4.0179,1.2817,2.7363,ens_107,monthly,1993-2016
C3S,JMA,dynamical,2026-09-01,2026-12,3,3.9929,1.3143,2.6786,ens_107,monthly,1993-2016
C3S,JMA,dynamical,2026-09-01,2027-01,4,3.8843,1.2859,2.5984,ens_107,monthly,1993-2016
C3S,JMA,dynamical,2026-09-01,2027-02,5,3.552,1.2711,2.2809,ens_107,monthly,1993-2016
C3S,JMA,dynamical,2026-09-01,2026-09,0,3.3423,0.9577,2.3846,ens_108,monthly,1993-2016
C3S,JMA,dynamical,2026-09-01,2026-10,1,3.9336,1.1399,2.7937,ens_108,monthly,1993-2016
C3S,JMA,dynamical,2026-09-01,2026-11,2,4.1844,1.3116,2.8727,ens_108,monthly,1993-2016
C3S,JMA,dynamical,2026-09-01,2026-12,3,4.0818,1.3188,2.763,ens_108,monthly,1993-2016
C3S,JMA,dynamical,2026-09-01,2027-01,4,3.8117,1.3087,2.5031,ens_108,monthly,1993-2016
C3S,JMA,dynamical,2026-09-01,2027-02,5,3.725,1.3036,2.4214,ens_108,monthly,1993-2016
C3S,JMA,dynamical,2026-09-01,2026-09,0,3.237,0.9989,2.238,ens_109,monthly,1993-2016
C3S,JMA,dynamical,2026-09-01,2026-10,1,3.8271,1.146,2.6811,ens_109,monthly,1993-2016
C3S,JMA,dynamical,2026-09-01,2026-11,2,4.0715,1.2979,2.7736,ens_109,monthly,1993-2016
C3S,JMA,dynamical,2026-09-01,2026-12,3,3.9821,1.3461,2.636,ens_109,monthly,1993-2016
C3S,JMA,dynamical,2026-09-01,2027-01,4,3.7014,1.3822,2.3191,ens_109,monthly,1993-2016
C3S,JMA,dynamical,2026-09-01,2027-02,5,3.3474,1.3428,2.0046,ens_109,monthly,1993-2016
C3S,JMA,dynamical,2026-09-01,2026-09,0,3.354,1.0026,2.3514,ens_110,monthly,1993-2016
C3S,JMA,dynamical,2026-09-01,2026-10,1,3.8421,1.1888,2.6533,ens_110,monthly,1993-2016
C3S,JMA,dynamical,2026-09-01,2026-11,2,4.0306,1.2123,2.8182,ens_110,monthly,1993-2016
C3S,JMA,dynamical,2026-09-01,2026-12,3,3.9797,1.2659,2.7138,ens_110,monthly,1993-2016
C3S,JMA,dynamical,2026-09-01,2027-01,4,3.808,1.3444,2.4636,ens_110,monthly,1993-2016
C3S,JMA,dynamical,2026-09-01,2027-02,5,3.3347,1.3024,2.0323,ens_110,monthly,1993-2016
C3S,JMA,dynamical,2026-09-01,2026-09,0,3.0945,0.9313,2.1632,ens_111,monthly,1993-2016
C3S,JMA,dynamical,2026-09-01,2026-10,1,3.7392,1.1168,2.6224,ens_111,monthly,1993-2016
C3S,JMA,dynamical,2026-09-01,2026-11,2,4.0646,1.2713,2.7933,ens_111,monthly,1993-2016
C3S,JMA,dynamical,2026-09-01,2026-12,3,4.0977,1.2825,2.8152,ens_111,monthly,1993-2016
C3S,JMA,dynamical,2026-09-01,2027-01,4,3.9374,1.2399,2.6975,ens_111,monthly,1993-2016
C3S,JMA,dynamical,2026-09-01,2027-02,5,3.6003,1.2615,2.3387,ens_111,monthly,1993-2016
C3S,JMA,dynamical,2026-09-01,2026-09,0,3.3007,0.9665,2.3342,ens_112,monthly,1993-2016
C3S,JMA,dynamical,2026-09-01,2026-10,1,3.8384,1.173,2.6655,ens_112,monthly,1993-2016
C3S,JMA,dynamical,2026-09-01,2026-11,2,4.1253,1.3405,2.7848,ens_112,monthly,1993-2016
C3S,JMA,dynamical,2026-09-01,2026-12,3,4.0419,1.3156,2.7263,ens_112,monthly,1993-2016
C3S,JMA,dynamical,2026-09-01,2027-01,4,3.8876,1.3297,2.5579,ens_112,monthly,1993-2016
C3S,JMA,dynamical,2026-09-01,2027-02,5,3.4306,1.2522,2.1784,ens_112,monthly,1993-2016
C3S,JMA,dynamical,2026-09-01,2026-09,0,3.279,0.9671,2.3118,ens_113,monthly,1993-2016
C3S,JMA,dynamical,2026-09-01,2026-10,1,3.7058,1.1679,2.5379,ens_113,monthly,1993-2016
C3S,JMA,dynamical,2026-09-01,2026-11,2,4.1304,1.3309,2.7995,ens_113,monthly,1993-2016
C3S,JMA,dynamical,2026-09-01,2026-12,3,4.0822,1.3304,2.7518,ens_113,monthly,1993-2016
C3S,JMA,dynamical,2026-09-01,2027-01,4,3.9685,1.2993,2.6692,ens_113,monthly,1993-2016
C3S,JMA,dynamical,2026-09-01,2027-02,5,3.3891,1.2834,2.1057,ens_113,monthly,1993-2016
C3S,JMA,dynamical,2026-09-01,2026-09,0,3.3733,0.9797,2.3936,ens_114,monthly,1993-2016
C3S,JMA,dynamical,2026-09-01,2026-10,1,3.9411,1.1188,2.8224,ens_114,monthly,1993-2016
C3S,JMA,dynamical,2026-09-01,2026-11,2,4.0607,1.2435,2.8172,ens_114,monthly,1993-2016
C3S,JMA,dynamical,2026-09-01,2026-12,3,4.1244,1.2716,2.8528,ens_114,monthly,1993-2016
C3S,JMA,dynamical,2026-09-01,2027-01,4,3.9913,1.2847,2.7066,ens_114,monthly,1993-2016
C3S,JMA,dynamical,2026-09-01,2027-02,5,3.5882,1.2492,2.339,ens_114,monthly,1993-2016
C3S,JMA,dynamical,2026-09-01,2026-09,0,3.1919,0.9406,2.2514,ens_115,monthly,1993-2016
C3S,JMA,dynamical,2026-09-01,2026-10,1,3.7796,1.1302,2.6494,ens_115,monthly,1993-2016
C3S,JMA,dynamical,2026-09-01,2026-11,2,4.0515,1.2905,2.761,ens_115,monthly,1993-2016
C3S,JMA,dynamical,2026-09-01,2026-12,3,3.9969,1.3934,2.6035,ens_115,monthly,1993-2016
C3S,JMA,dynamical,2026-09-01,2027-01,4,3.8308,1.3597,2.4712,ens_115,monthly,1993-2016
C3S,JMA,dynamical,2026-09-01,2027-02,5,3.5482,1.3431,2.2052,ens_115,monthly,1993-2016
C3S,JMA,dynamical,2026-09-01,2026-09,0,3.2208,0.9211,2.2998,ens_116,monthly,1993-2016
C3S,JMA,dynamical,2026-09-01,2026-10,1,3.8682,1.1072,2.761,ens_116,monthly,1993-2016
C3S,JMA,dynamical,2026-09-01,2026-11,2,3.8648,1.2592,2.6056,ens_116,monthly,1993-2016
C3S,JMA,dynamical,2026-09-01,2026-12,3,3.9959,1.3258,2.6702,ens_116,monthly,1993-2016
C3S,JMA,dynamical,2026-09-01,2027-01,4,3.8575,1.4161,2.4414,ens_116,monthly,1993-2016
C3S,JMA,dynamical,2026-09-01,2027-02,5,3.6777,1.4239,2.2539,ens_116,monthly,1993-2016
C3S,JMA,dynamical,2026-09-01,2026-09,0,3.1003,0.9043,2.1961,ens_117,monthly,1993-2016
C3S,JMA,dynamical,2026-09-01,2026-10,1,3.5257,1.0269,2.4988,ens_117,monthly,1993-2016
C3S,JMA,dynamical,2026-09-01,2026-11,2,3.6389,1.0629,2.5761,ens_117,monthly,1993-2016
C3S,JMA,dynamical,2026-09-01,2026-12,3,3.6847,1.1298,2.5549,ens_117,monthly,1993-2016
C3S,JMA,dynamical,2026-09-01,2027-01,4,3.7323,1.1468,2.5855,ens_117,monthly,1993-2016
C3S,JMA,dynamical,2026-09-01,2027-02,5,3.6112,1.1546,2.4566,ens_117,monthly,1993-2016
C3S,JMA,dynamical,2026-09-01,2026-09,0,3.2094,0.8932,2.3162,ens_118,monthly,1993-2016
C3S,JMA,dynamical,2026-09-01,2026-10,1,3.697,1.0285,2.6686,ens_118,monthly,1993-2016
C3S,JMA,dynamical,2026-09-01,2026-11,2,3.9265,1.1304,2.7961,ens_118,monthly,1993-2016
C3S,JMA,dynamical,2026-09-01,2026-12,3,3.9413,1.198,2.7433,ens_118,monthly,1993-2016
C3S,JMA,dynamical,2026-09-01,2027-01,4,3.7786,1.26,2.5186,ens_118,monthly,1993-2016
C3S,JMA,dynamical,2026-09-01,2027-02,5,3.4174,1.1835,2.2339,ens_118,monthly,1993-2016
C3S,JMA,dynamical,2026-09-01,2026-09,0,3.3368,0.9487,2.3882,ens_119,monthly,1993-2016
C3S,JMA,dynamical,2026-09-01,2026-10,1,3.8163,1.0583,2.758,ens_119,monthly,1993-2016
C3S,JMA,dynamical,2026-09-01,2026-11,2,3.8778,1.1246,2.7532,ens_119,monthly,1993-2016
C3S,JMA,dynamical,2026-09-01,2026-12,3,3.8428,1.2336,2.6092,ens_119,monthly,1993-2016
C3S,JMA,dynamical,2026-09-01,2027-01,4,3.7432,1.2896,2.4536,ens_119,monthly,1993-2016
C3S,JMA,dynamical,2026-09-01,2027-02,5,3.4703,1.2798,2.1905,ens_119,monthly,1993-2016
C3S,JMA,dynamical,2026-09-01,2026-09,0,3.2731,0.9493,2.3238,ens_120,monthly,1993-2016
C3S,JMA,dynamical,2026-09-01,2026-10,1,3.7911,1.1103,2.6808,ens_120,monthly,1993-2016
C3S,JMA,dynamical,2026-09-01,2026-11,2,4.1075,1.2983,2.8092,ens_120,monthly,1993-2016
C3S,JMA,dynamical,2026-09-01,2026-12,3,4.0237,1.408,2.6157,ens_120,monthly,1993-2016
C3S,JMA,dynamical,2026-09-01,2027-01,4,3.8705,1.4796,2.3908,ens_120,monthly,1993-2016
C3S,JMA,dynamical,2026-09-01,2027-02,5,3.6732,1.5041,2.1691,ens_120,monthly,1993-2016
C3S,JMA,dynamical,2026-09-01,2026-09,0,3.2129,0.9444,2.2685,ens_121,monthly,1993-2016
C3S,JMA,dynamical,2026-09-01,2026-10,1,3.7631,1.0628,2.7003,ens_121,monthly,1993-2016
C3S,JMA,dynamical,2026-09-01,2026-11,2,4.0331,1.1966,2.8365,ens_121,monthly,1993-2016
C3S,JMA,dynamical,2026-09-01,2026-12,3,4.1131,1.2852,2.8279,ens_121,monthly,1993-2016
C3S,JMA,dynamical,2026-09-01,2027-01,4,3.8974,1.243,2.6544,ens_121,monthly,1993-2016
C3S,JMA,dynamical,2026-09-01,2027-02,5,3.5836,1.2232,2.3604,ens_121,monthly,1993-2016
C3S,JMA,dynamical,2026-09-01,2026-09,0,3.1562,0.9518,2.2044,ens_122,monthly,1993-2016
C3S,JMA,dynamical,2026-09-01,2026-10,1,3.614,1.0797,2.5343,ens_122,monthly,1993-2016
C3S,JMA,dynamical,2026-09-01,2026-11,2,3.9444,1.1799,2.7645,ens_122,monthly,1993-2016
C3S,JMA,dynamical,2026-09-01,2026-12,3,3.9184,1.2316,2.6868,ens_122,monthly,1993-2016
C3S,JMA,dynamical,2026-09-01,2027-01,4,3.8696,1.2429,2.6266,ens_122,monthly,1993-2016
C3S,JMA,dynamical,2026-09-01,2027-02,5,3.3335,1.1726,2.1609,ens_122,monthly,1993-2016
C3S,JMA,dynamical,2026-09-01,2026-09,0,3.2619,0.9538,2.3081,ens_123,monthly,1993-2016
C3S,JMA,dynamical,2026-09-01,2026-10,1,3.8915,1.057,2.8345,ens_123,monthly,1993-2016
C3S,JMA,dynamical,2026-09-01,2026-11,2,4.0051,1.1297,2.8754,ens_123,monthly,1993-2016
C3S,JMA,dynamical,2026-09-01,2026-12,3,4.0843,1.1993,2.8849,ens_123,monthly,1993-2016
C3S,JMA,dynamical,2026-09-01,2027-01,4,3.7429,1.1984,2.5444,ens_123,monthly,1993-2016
C3S,JMA,dynamical,2026-09-01,2027-02,5,3.4681,1.159,2.3091,ens_123,monthly,1993-2016
C3S,JMA,dynamical,2026-09-01,2026-09,0,3.1321,0.9774,2.1547,ens_124,monthly,1993-2016
C3S,JMA,dynamical,2026-09-01,2026-10,1,3.6523,1.1281,2.5242,ens_124,monthly,1993-2016
C3S,JMA,dynamical,2026-09-01,2026-11,2,4.0025,1.2944,2.7081,ens_124,monthly,1993-2016
C3S,JMA,dynamical,2026-09-01,2026-12,3,4.1969,1.3428,2.8542,ens_124,monthly,1993-2016
C3S,JMA,dynamical,2026-09-01,2027-01,4,4.0082,1.3424,2.6658,ens_124,monthly,1993-2016
C3S,JMA,dynamical,2026-09-01,2027-02,5,3.642,1.305,2.337,ens_124,monthly,1993-2016
C3S,JMA,dynamical,2026-09-01,2026-09,0,3.2492,0.9884,2.2607,ens_125,monthly,1993-2016
C3S,JMA,dynamical,2026-09-01,2026-10,1,3.8582,1.1459,2.7124,ens_125,monthly,1993-2016
C3S,JMA,dynamical,2026-09-01,2026-11,2,4.0233,1.3265,2.6968,ens_125,monthly,1993-2016
C3S,JMA,dynamical,2026-09-01,2026-12,3,4.158,1.4356,2.7225,ens_125,monthly,1993-2016
C3S,JMA,dynamical,2026-09-01,2027-01,4,4.1207,1.5015,2.6192,ens_125,monthly,1993-2016
C3S,JMA,dynamical,2026-09-01,2027-02,5,3.6302,1.5281,2.1021,ens_125,monthly,1993-2016
C3S,JMA,dynamical,2026-09-01,2026-09,0,3.1293,0.9625,2.1668,ens_126,monthly,1993-2016
C3S,JMA,dynamical,2026-09-01,2026-10,1,3.6277,1.1483,2.4794,ens_126,monthly,1993-2016
C3S,JMA,dynamical,2026-09-01,2026-11,2,3.9416,1.2727,2.6689,ens_126,monthly,1993-2016
C3S,JMA,dynamical,2026-09-01,2026-12,3,3.9619,1.3267,2.6352,ens_126,monthly,1993-2016
C3S,JMA,dynamical,2026-09-01,2027-01,4,3.9618,1.387,2.5748,ens_126,monthly,1993-2016
C3S,JMA,dynamical,2026-09-01,2027-02,5,3.7555,1.3806,2.3749,ens_126,monthly,1993-2016
C3S,JMA,dynamical,2026-09-01,2026-09,0,3.1304,0.9183,2.2121,ens_127,monthly,1993-2016
C3S,JMA,dynamical,2026-09-01,2026-10,1,3.6963,1.0892,2.6071,ens_127,monthly,1993-2016
C3S,JMA,dynamical,2026-09-01,2026-11,2,4.1251,1.1917,2.9335,ens_127,monthly,1993-2016
C3S,JMA,dynamical,2026-09-01,2026-12,3,4.1903,1.2746,2.9157,ens_127,monthly,1993-2016
C3S,JMA,dynamical,2026-09-01,2027-01,4,4.0772,1.261,2.8162,ens_127,monthly,1993-2016
C3S,JMA,dynamical,2026-09-01,2027-02,5,3.847,1.2368,2.6102,ens_127,monthly,1993-2016
C3S,JMA,dynamical,2026-09-01,2026-09,0,3.1627,0.9208,2.2418,ens_128,monthly,1993-2016
C3S,JMA,dynamical,2026-09-01,2026-10,1,3.6457,1.0419,2.6038,ens_128,monthly,1993-2016
C3S,JMA,dynamical,2026-09-01,2026-11,2,3.7997,1.1555,2.6442,ens_128,monthly,1993-2016
C3S,JMA,dynamical,2026-09-01,2026-12,3,3.9687,1.1957,2.773,ens_128,monthly,1993-2016
C3S,JMA,dynamical,2026-09-01,2027-01,4,3.888,1.246,2.6421,ens_128,monthly,1993-2016
C3S,JMA,dynamical,2026-09-01,2027-02,5,3.6479,1.2442,2.4037,ens_128,monthly,1993-2016
C3S,JMA,dynamical,2026-09-01,2026-09,0,3.1543,0.9371,2.2173,ens_129,monthly,1993-2016
C3S,JMA,dynamical,2026-09-01,2026-10,1,3.7898,1.0688,2.721,ens_129,monthly,1993-2016
C3S,JMA,dynamical,2026-09-01,2026-11,2,3.9878,1.1523,2.8356,ens_129,monthly,1993-2016
C3S,JMA,dynamical,2026-09-01,2026-12,3,3.9566,1.1585,2.7981,ens_129,monthly,1993-2016
C3S,JMA,dynamical,2026-09-01,2027-01,4,3.9933,1.2238,2.7695,ens_129,monthly,1993-2016
C3S,JMA,dynamical,2026-09-01,2027-02,5,3.6116,1.2054,2.4063,ens_129,monthly,1993-2016
C3S,JMA,dynamical,2026-09-01,2026-09,0,3.1742,1.0065,2.1677,ens_130,monthly,1993-2016
C3S,JMA,dynamical,2026-09-01,2026-10,1,3.7156,1.1217,2.5939,ens_130,monthly,1993-2016
C3S,JMA,dynamical,2026-09-01,2026-11,2,4.0904,1.3032,2.7872,ens_130,monthly,1993-2016
C3S,JMA,dynamical,2026-09-01,2026-12,3,4.1497,1.3919,2.7578,ens_130,monthly,1993-2016
C3S,JMA,dynamical,2026-09-01,2027-01,4,4.1351,1.5056,2.6295,ens_130,monthly,1993-2016
C3S,JMA,dynamical,2026-09-01,2027-02,5,3.9175,1.4904,2.4271,ens_130,monthly,1993-2016
C3S,JMA,dynamical,2026-09-01,2026-09,0,3.1408,1.0221,2.1186,ens_131,monthly,1993-2016
C3S,JMA,dynamical,2026-09-01,2026-10,1,3.6289,1.1396,2.4892,ens_131,monthly,1993-2016
C3S,JMA,dynamical,2026-09-01,2026-11,2,3.8045,1.1532,2.6513,ens_131,monthly,1993-2016
C3S,JMA,dynamical,2026-09-01,2026-12,3,3.8149,1.1748,2.6401,ens_131,monthly,1993-2016
C3S,JMA,dynamical,2026-09-01,2027-01,4,3.773,1.1979,2.5751,ens_131,monthly,1993-2016
C3S,JMA,dynamical,2026-09-01,2027-02,5,3.5501,1.1796,2.3705,ens_131,monthly,1993-2016
C3S,JMA,dynamical,2026-09-01,2026-09,0,3.2381,0.9095,2.3286,ens_132,monthly,1993-2016
C3S,JMA,dynamical,2026-09-01,2026-10,1,3.6905,1.0396,2.6509,ens_132,monthly,1993-2016
C3S,JMA,dynamical,2026-09-01,2026-11,2,3.9468,1.1158,2.831,ens_132,monthly,1993-2016
C3S,JMA,dynamical,2026-09-01,2026-12,3,3.9952,1.2156,2.7796,ens_132,monthly,1993-2016
C3S,JMA,dynamical,2026-09-01,2027-01,4,3.9961,1.332,2.664,ens_132,monthly,1993-2016
C3S,JMA,dynamical,2026-09-01,2027-02,5,3.6544,1.3254,2.329,ens_132,monthly,1993-2016
C3S,JMA,dynamical,2026-09-01,2026-09,0,3.0848,0.9937,2.0911,ens_133,monthly,1993-2016
C3S,JMA,dynamical,2026-09-01,2026-10,1,3.6084,1.1186,2.4897,ens_133,monthly,1993-2016
C3S,JMA,dynamical,2026-09-01,2026-11,2,3.842,1.1561,2.6859,ens_133,monthly,1993-2016
C3S,JMA,dynamical,2026-09-01,2026-12,3,4.0297,1.1754,2.8543,ens_133,monthly,1993-2016
C3S,JMA,dynamical,2026-09-01,2027-01,4,4.0344,1.2786,2.7558,ens_133,monthly,1993-2016
C3S,JMA,dynamical,2026-09-01,2027-02,5,3.8103,1.2867,2.5236,ens_133,monthly,1993-2016
C3S,JMA,dynamical,2026-09-01,2026-09,0,3.1576,0.9861,2.1715,ens_134,monthly,1993-2016
C3S,JMA,dynamical,2026-09-01,2026-10,1,3.652,1.1413,2.5108,ens_134,monthly,1993-2016
C3S,JMA,dynamical,2026-09-01,2026-11,2,3.8892,1.235,2.6542,ens_134,monthly,1993-2016
C3S,JMA,dynamical,2026-09-01,2026-12,3,4.0059,1.2523,2.7536,ens_134,monthly,1993-2016
C3S,JMA,dynamical,2026-09-01,2027-01,4,3.895,1.2764,2.6186,ens_134,monthly,1993-2016
C3S,JMA,dynamical,2026-09-01,2027-02,5,3.8173,1.2769,2.5404,ens_134,monthly,1993-2016
C3S,JMA,dynamical,2026-09-01,2026-09,0,3.2012,1.0037,2.1975,ens_135,monthly,1993-2016
C3S,JMA,dynamical,2026-09-01,2026-10,1,3.7757,1.1845,2.5912,ens_135,monthly,1993-2016
C3S,JMA,dynamical,2026-09-01,2026-11,2,4.041,1.3096,2.7314,ens_135,monthly,1993-2016
C3S,JMA,dynamical,2026-09-01,2026-12,3,4.2787,1.4448,2.8338,ens_135,monthly,1993-2016
C3S,JMA,dynamical,2026-09-01,2027-01,4,4.2871,1.517,2.7701,ens_135,monthly,1993-2016
C3S,JMA,dynamical,2026-09-01,2027-02,5,3.8372,1.5447,2.2924,ens_135,monthly,1993-2016
C3S,JMA,dynamical,2026-09-01,2026-09,0,3.0817,0.9767,2.105,ens_136,monthly,1993-2016
C3S,JMA,dynamical,2026-09-01,2026-10,1,3.5384,1.1274,2.4109,ens_136,monthly,1993-2016
C3S,JMA,dynamical,2026-09-01,2026-11,2,3.7651,1.2516,2.5136,ens_136,monthly,1993-2016
C3S,JMA,dynamical,2026-09-01,2026-12,3,3.7472,1.3051,2.4421,ens_136,monthly,1993-2016
C3S,JMA,dynamical,2026-09-01,2027-01,4,3.7304,1.3041,2.4263,ens_136,monthly,1993-2016
C3S,JMA,dynamical,2026-09-01,2027-02,5,3.6241,1.2608,2.3633,ens_136,monthly,1993-2016
C3S,JMA,dynamical,2026-09-01,2026-09,0,3.1263,0.9918,2.1345,ens_137,monthly,1993-2016
C3S,JMA,dynamical,2026-09-01,2026-10,1,3.6801,1.085,2.5952,ens_137,monthly,1993-2016
C3S,JMA,dynamical,2026-09-01,2026-11,2,4.0029,1.1676,2.8353,ens_137,monthly,1993-2016
C3S,JMA,dynamical,2026-09-01,2026-12,3,4.0634,1.2737,2.7898,ens_137,monthly,1993-2016
C3S,JMA,dynamical,2026-09-01,2027-01,4,3.9593,1.2957,2.6636,ens_137,monthly,1993-2016
C3S,JMA,dynamical,2026-09-01,2027-02,5,3.5749,1.2128,2.3621,ens_137,monthly,1993-2016
C3S,JMA,dynamical,2026-09-01,2026-09,0,3.2557,1.0628,2.193,ens_138,monthly,1993-2016
C3S,JMA,dynamical,2026-09-01,2026-10,1,3.7024,1.2266,2.4758,ens_138,monthly,1993-2016
C3S,JMA,dynamical,2026-09-01,2026-11,2,4.031,1.305,2.726,ens_138,monthly,1993-2016
C3S,JMA,dynamical,2026-09-01,2026-12,3,4.1262,1.3372,2.789,ens_138,monthly,1993-2016
C3S,JMA,dynamical,2026-09-01,2027-01,4,3.9977,1.4081,2.5895,ens_138,monthly,1993-2016
C3S,JMA,dynamical,2026-09-01,2027-02,5,3.5902,1.422,2.1682,ens_138,monthly,1993-2016
C3S,JMA,dynamical,2026-09-01,2026-09,0,3.2363,0.9737,2.2626,ens_139,monthly,1993-2016
C3S,JMA,dynamical,2026-09-01,2026-10,1,3.7571,1.1579,2.5992,ens_139,monthly,1993-2016
C3S,JMA,dynamical,2026-09-01,2026-11,2,3.972,1.2796,2.6924,ens_139,monthly,1993-2016
C3S,JMA,dynamical,2026-09-01,2026-12,3,4.0458,1.366,2.6798,ens_139,monthly,1993-2016
C3S,JMA,dynamical,2026-09-01,2027-01,4,4.019,1.4377,2.5813,ens_139,monthly,1993-2016
C3S,JMA,dynamical,2026-09-01,2027-02,5,3.6803,1.3402,2.3401,ens_139,monthly,1993-2016
C3S,JMA,dynamical,2026-09-01,2026-09,0,3.2776,1.0319,2.2457,ens_140,monthly,1993-2016
C3S,JMA,dynamical,2026-09-01,2026-10,1,3.9264,1.2075,2.7189,ens_140,monthly,1993-2016
C3S,JMA,dynamical,2026-09-01,2026-11,2,4.2066,1.3441,2.8625,ens_140,monthly,1993-2016
C3S,JMA,dynamical,2026-09-01,2026-12,3,4.1995,1.4123,2.7872,ens_140,monthly,1993-2016
C3S,JMA,dynamical,2026-09-01,2027-01,4,3.9583,1.3988,2.5595,ens_140,monthly,1993-2016
C3S,JMA,dynamical,2026-09-01,2027-02,5,3.4357,1.3214,2.1143,ens_140,monthly,1993-2016
C3S,JMA,dynamical,2026-09-01,2026-09,0,3.3936,0.9772,2.4164,ens_141,monthly,1993-2016
C3S,JMA,dynamical,2026-09-01,2026-10,1,3.8896,1.1043,2.7853,ens_141,monthly,1993-2016
C3S,JMA,dynamical,2026-09-01,2026-11,2,3.9402,1.228,2.7122,ens_141,monthly,1993-2016
C3S,JMA,dynamical,2026-09-01,2026-12,3,3.9453,1.3028,2.6425,ens_141,monthly,1993-2016
C3S,JMA,dynamical,2026-09-01,2027-01,4,3.7559,1.2805,2.4754,ens_141,monthly,1993-2016
C3S,JMA,dynamical,2026-09-01,2027-02,5,3.4201,1.2972,2.1229,ens_141,monthly,1993-2016
C3S,JMA,dynamical,2026-09-01,2026-09,0,3.0497,0.9962,2.0534,ens_142,monthly,1993-2016
C3S,JMA,dynamical,2026-09-01,2026-10,1,3.55,1.1426,2.4074,ens_142,monthly,1993-2016
C3S,JMA,dynamical,2026-09-01,2026-11,2,3.6298,1.1766,2.4532,ens_142,monthly,1993-2016
C3S,JMA,dynamical,2026-09-01,2026-12,3,3.7835,1.1956,2.588,ens_142,monthly,1993-2016
C3S,JMA,dynamical,2026-09-01,2027-01,4,3.8753,1.262,2.6132,ens_142,monthly,1993-2016
C3S,JMA,dynamical,2026-09-01,2027-02,5,3.6623,1.2572,2.4051,ens_142,monthly,1993-2016
C3S,JMA,dynamical,2026-09-01,2026-09,0,3.1646,0.9491,2.2155,ens_143,monthly,1993-2016
C3S,JMA,dynamical,2026-09-01,2026-10,1,3.6465,1.0886,2.5579,ens_143,monthly,1993-2016
C3S,JMA,dynamical,2026-09-01,2026-11,2,3.8975,1.1868,2.7108,ens_143,monthly,1993-2016
C3S,JMA,dynamical,2026-09-01,2026-12,3,4.0032,1.3139,2.6892,ens_143,monthly,1993-2016
C3S,JMA,dynamical,2026-09-01,2027-01,4,4.0377,1.4192,2.6186,ens_143,monthly,1993-2016
C3S,JMA,dynamical,2026-09-01,2027-02,5,3.5586,1.4246,2.134,ens_143,monthly,1993-2016
C3S,JMA,dynamical,2026-09-01,2026-09,0,3.0566,0.9841,2.0725,ens_144,monthly,1993-2016
C3S,JMA,dynamical,2026-09-01,2026-10,1,3.6425,1.1493,2.4932,ens_144,monthly,1993-2016
C3S,JMA,dynamical,2026-09-01,2026-11,2,3.6764,1.1827,2.4937,ens_144,monthly,1993-2016
C3S,JMA,dynamical,2026-09-01,2026-12,3,3.7466,1.2205,2.5262,ens_144,monthly,1993-2016
C3S,JMA,dynamical,2026-09-01,2027-01,4,3.8606,1.2894,2.5712,ens_144,monthly,1993-2016
C3S,JMA,dynamical,2026-09-01,2027-02,5,3.4791,1.3055,2.1736,ens_144,monthly,1993-2016
C3S,JMA,dynamical,2026-09-01,2026-09,0,3.1709,1.0635,2.1074,ens_145,monthly,1993-2016
C3S,JMA,dynamical,2026-09-01,2026-10,1,3.6898,1.2594,2.4304,ens_145,monthly,1993-2016
C3S,JMA,dynamical,2026-09-01,2026-11,2,3.8894,1.3837,2.5056,ens_145,monthly,1993-2016
C3S,JMA,dynamical,2026-09-01,2026-12,3,4.0804,1.4586,2.6218,ens_145,monthly,1993-2016
C3S,JMA,dynamical,2026-09-01,2027-01,4,4.0828,1.476,2.6068,ens_145,monthly,1993-2016
C3S,JMA,dynamical,2026-09-01,2027-02,5,3.6098,1.4113,2.1985,ens_145,monthly,1993-2016
C3S,JMA,dynamical,2026-09-01,2026-09,0,3.187,0.9676,2.2194,ens_146,monthly,1993-2016
C3S,JMA,dynamical,2026-09-01,2026-10,1,3.6698,1.1126,2.5572,ens_146,monthly,1993-2016
C3S,JMA,dynamical,2026-09-01,2026-11,2,3.8863,1.2485,2.6378,ens_146,monthly,1993-2016
C3S,JMA,dynamical,2026-09-01,2026-12,3,4.0645,1.3196,2.7448,ens_146,monthly,1993-2016
C3S,JMA,dynamical,2026-09-01,2027-01,4,4.201,1.3371,2.8639,ens_146,monthly,1993-2016
C3S,JMA,dynamical,2026-09-01,2027-02,5,3.685,1.2977,2.3873,ens_146,monthly,1993-2016
C3S,JMA,dynamical,2026-09-01,2026-09,0,3.1115,1.0157,2.0958,ens_147,monthly,1993-2016
C3S,JMA,dynamical,2026-09-01,2026-10,1,3.5634,1.1188,2.4446,ens_147,monthly,1993-2016
C3S,JMA,dynamical,2026-09-01,2026-11,2,3.8343,1.2445,2.5899,ens_147,monthly,1993-2016
C3S,JMA,dynamical,2026-09-01,2026-12,3,3.7695,1.2819,2.4876,ens_147,monthly,1993-2016
C3S,JMA,dynamical,2026-09-01,2027-01,4,3.6766,1.2385,2.4381,ens_147,monthly,1993-2016
C3S,JMA,dynamical,2026-09-01,2027-02,5,3.6456,1.2588,2.3868,ens_147,monthly,1993-2016
C3S,JMA,dynamical,2026-09-01,2026-09,0,3.07,0.9697,2.1003,ens_148,monthly,1993-2016
C3S,JMA,dynamical,2026-09-01,2026-10,1,3.5272,1.1269,2.4003,ens_148,monthly,1993-2016
C3S,JMA,dynamical,2026-09-01,2026-11,2,3.7412,1.2203,2.5208,ens_148,monthly,1993-2016
C3S,JMA,dynamical,2026-09-01,2026-12,3,3.8175,1.1996,2.6179,ens_148,monthly,1993-2016
C3S,JMA,dynamical,2026-09-01,2027-01,4,3.9284,1.3147,2.6137,ens_148,monthly,1993-2016
C3S,JMA,dynamical,2026-09-01,2027-02,5,3.8525,1.3082,2.5443,ens_148,monthly,1993-2016
C3S,JMA,dynamical,2026-09-01,2026-09,0,3.0865,0.964,2.1225,ens_149,monthly,1993-2016
C3S,JMA,dynamical,2026-09-01,2026-10,1,3.4715,1.083,2.3885,ens_149,monthly,1993-2016
C3S,JMA,dynamical,2026-09-01,2026-11,2,3.7652,1.191,2.5741,ens_149,monthly,1993-2016
C3S,JMA,dynamical,2026-09-01,2026-12,3,4.016,1.3137,2.7022,ens_149,monthly,1993-2016
C3S,JMA,dynamical,2026-09-01,2027-01,4,4.0522,1.3938,2.6585,ens_149,monthly,1993-2016
C3S,JMA,dynamical,2026-09-01,2027-02,5,3.6667,1.3976,2.2691,ens_149,monthly,1993-2016
C3S,JMA,dynamical,2026-09-01,2026-09,0,3.292,1.0396,2.2524,ens_150,monthly,1993-2016
C3S,JMA,dynamical,2026-09-01,2026-10,1,3.8394,1.2417,2.5977,ens_150,monthly,1993-2016
C3S,JMA,dynamical,2026-09-01,2026-11,2,3.9928,1.3854,2.6073,ens_150,monthly,1993-2016
C3S,JMA,dynamical,2026-09-01,2026-12,3,4.0464,1.5519,2.4945,ens_150,monthly,1993-2016
C3S,JMA,dynamical,2026-09-01,2027-01,4,3.9257,1.6067,2.3189,ens_150,monthly,1993-2016
C3S,JMA,dynamical,2026-09-01,2027-02,5,3.6569,1.5428,2.1141,ens_150,monthly,1993-2016
C3S,JMA,dynamical,2026-09-01,2026-09,0,3.1079,0.9582,2.1497,ens_151,monthly,1993-2016
C3S,JMA,dynamical,2026-09-01,2026-10,1,3.579,1.0903,2.4887,ens_151,monthly,1993-2016
C3S,JMA,dynamical,2026-09-01,2026-11,2,3.9005,1.1882,2.7123,ens_151,monthly,1993-2016
C3S,JMA,dynamical,2026-09-01,2026-12,3,4.0002,1.2563,2.7439,ens_151,monthly,1993-2016
C3S,JMA,dynamical,2026-09-01,2027-01,4,3.8648,1.2586,2.6062,ens_151,monthly,1993-2016
C3S,JMA,dynamical,2026-09-01,2027-02,5,3.615,1.2509,2.3641,ens_151,monthly,1993-2016
C3S,JMA,dynamical,2026-09-01,2026-09,0,2.973,0.9382,2.0347,ens_152,monthly,1993-2016
C3S,JMA,dynamical,2026-09-01,2026-10,1,3.5194,1.113,2.4063,ens_152,monthly,1993-2016
C3S,JMA,dynamical,2026-09-01,2026-11,2,3.8894,1.2566,2.6328,ens_152,monthly,1993-2016
C3S,JMA,dynamical,2026-09-01,2026-12,3,4.0961,1.4211,2.675,ens_152,monthly,1993-2016
C3S,JMA,dynamical,2026-09-01,2027-01,4,4.1168,1.5012,2.6157,ens_152,monthly,1993-2016
C3S,JMA,dynamical,2026-09-01,2027-02,5,3.8279,1.4542,2.3737,ens_152,monthly,1993-2016
C3S,JMA,dynamical,2026-09-01,2026-09,0,3.0644,0.9736,2.0908,ens_153,monthly,1993-2016
C3S,JMA,dynamical,2026-09-01,2026-10,1,3.5385,1.1083,2.4303,ens_153,monthly,1993-2016
C3S,JMA,dynamical,2026-09-01,2026-11,2,3.8351,1.2341,2.601,ens_153,monthly,1993-2016
C3S,JMA,dynamical,2026-09-01,2026-12,3,3.8874,1.3068,2.5806,ens_153,monthly,1993-2016
C3S,JMA,dynamical,2026-09-01,2027-01,4,3.9582,1.4164,2.5418,ens_153,monthly,1993-2016
C3S,JMA,dynamical,2026-09-01,2027-02,5,3.8287,1.2998,2.5289,ens_153,monthly,1993-2016
C3S,JMA,dynamical,2026-09-01,2026-09,0,3.0933,0.9912,2.1021,ens_154,monthly,1993-2016
C3S,JMA,dynamical,2026-09-01,2026-10,1,3.7052,1.1214,2.5838,ens_154,monthly,1993-2016
C3S,JMA,dynamical,2026-09-01,2026-11,2,4.0649,1.226,2.8389,ens_154,monthly,1993-2016
C3S,JMA,dynamical,2026-09-01,2026-12,3,4.0722,1.314,2.7582,ens_154,monthly,1993-2016
C3S,JMA,dynamical,2026-09-01,2027-01,4,4.076,1.3326,2.7434,ens_154,monthly,1993-2016
C3S,JMA,dynamical,2026-09-01,2027-02,5,3.7578,1.32,2.4378,ens_154,monthly,1993-2016
C3S,JMA,dynamical,2026-09-01,2026-09,0,3.1949,0.9849,2.21,mean,monthly,1993-2016
C3S,JMA,dynamical,2026-09-01,2026-10,1,3.7357,1.1347,2.601,mean,monthly,1993-2016
C3S,JMA,dynamical,2026-09-01,2026-11,2,3.977,1.2453,2.7316,mean,monthly,1993-2016
C3S,JMA,dynamical,2026-09-01,2026-12,3,4.0238,1.3085,2.7153,mean,monthly,1993-2016
C3S,JMA,dynamical,2026-09-01,2027-01,4,3.9392,1.3384,2.6008,mean,monthly,1993-2016
C3S,JMA,dynamical,2026-09-01,2027-02,5,3.6535,1.3207,2.3329,mean,monthly,1993-2016
C3S,ECCC,dynamical,2026-09-01,2026-09,0,3.5286,0.9402,2.5884,ens_000,monthly,1993-2016
C3S,ECCC,dynamical,2026-09-01,2026-10,1,4.4473,1.077,3.3704,ens_000,monthly,1993-2016
C3S,ECCC,dynamical,2026-09-01,2026-11,2,4.4898,1.1173,3.3725,ens_000,monthly,1993-2016
C3S,ECCC,dynamical,2026-09-01,2026-12,3,4.0906,1.1047,2.9859,ens_000,monthly,1993-2016
C3S,ECCC,dynamical,2026-09-01,2027-01,4,3.5721,1.164,2.4081,ens_000,monthly,1993-2016
C3S,ECCC,dynamical,2026-09-01,2027-02,5,3.2604,1.1333,2.1272,ens_000,monthly,1993-2016
C3S,ECCC,dynamical,2026-09-01,2026-09,0,3.4952,0.9059,2.5893,ens_001,monthly,1993-2016
C3S,ECCC,dynamical,2026-09-01,2026-10,1,4.2447,1.0391,3.2056,ens_001,monthly,1993-2016
C3S,ECCC,dynamical,2026-09-01,2026-11,2,4.1644,1.0458,3.1186,ens_001,monthly,1993-2016
C3S,ECCC,dynamical,2026-09-01,2026-12,3,4.1017,1.0282,3.0735,ens_001,monthly,1993-2016
C3S,ECCC,dynamical,2026-09-01,2027-01,4,3.9027,1.0279,2.8748,ens_001,monthly,1993-2016
C3S,ECCC,dynamical,2026-09-01,2027-02,5,3.4058,1.031,2.3748,ens_001,monthly,1993-2016
C3S,ECCC,dynamical,2026-09-01,2026-09,0,3.5054,0.9077,2.5977,ens_002,monthly,1993-2016
C3S,ECCC,dynamical,2026-09-01,2026-10,1,4.2752,1.0949,3.1803,ens_002,monthly,1993-2016
C3S,ECCC,dynamical,2026-09-01,2026-11,2,4.4373,1.1588,3.2785,ens_002,monthly,1993-2016
C3S,ECCC,dynamical,2026-09-01,2026-12,3,4.1949,1.1628,3.0321,ens_002,monthly,1993-2016
C3S,ECCC,dynamical,2026-09-01,2027-01,4,3.6268,1.1394,2.4874,ens_002,monthly,1993-2016
C3S,ECCC,dynamical,2026-09-01,2027-02,5,2.9644,1.107,1.8574,ens_002,monthly,1993-2016
C3S,ECCC,dynamical,2026-09-01,2026-09,0,3.5023,0.9157,2.5866,ens_003,monthly,1993-2016
C3S,ECCC,dynamical,2026-09-01,2026-10,1,4.3791,1.1791,3.2001,ens_003,monthly,1993-2016
C3S,ECCC,dynamical,2026-09-01,2026-11,2,4.4597,1.1944,3.2653,ens_003,monthly,1993-2016
C3S,ECCC,dynamical,2026-09-01,2026-12,3,4.3293,1.217,3.1123,ens_003,monthly,1993-2016
C3S,ECCC,dynamical,2026-09-01,2027-01,4,4.0386,1.1674,2.8712,ens_003,monthly,1993-2016
C3S,ECCC,dynamical,2026-09-01,2027-02,5,3.3407,1.1125,2.2282,ens_003,monthly,1993-2016
C3S,ECCC,dynamical,2026-09-01,2026-09,0,3.4315,0.8969,2.5346,ens_004,monthly,1993-2016
C3S,ECCC,dynamical,2026-09-01,2026-10,1,4.2872,1.0427,3.2446,ens_004,monthly,1993-2016
C3S,ECCC,dynamical,2026-09-01,2026-11,2,4.3031,1.0975,3.2056,ens_004,monthly,1993-2016
C3S,ECCC,dynamical,2026-09-01,2026-12,3,4.2087,1.101,3.1077,ens_004,monthly,1993-2016
C3S,ECCC,dynamical,2026-09-01,2027-01,4,3.9929,1.0823,2.9106,ens_004,monthly,1993-2016
C3S,ECCC,dynamical,2026-09-01,2027-02,5,3.6185,1.0661,2.5524,ens_004,monthly,1993-2016
C3S,ECCC,dynamical,2026-09-01,2026-09,0,3.5365,0.9061,2.6304,ens_005,monthly,1993-2016
C3S,ECCC,dynamical,2026-09-01,2026-10,1,4.4077,1.0311,3.3767,ens_005,monthly,1993-2016
C3S,ECCC,dynamical,2026-09-01,2026-11,2,4.4763,1.0729,3.4034,ens_005,monthly,1993-2016
C3S,ECCC,dynamical,2026-09-01,2026-12,3,4.3464,1.0483,3.2982,ens_005,monthly,1993-2016
C3S,ECCC,dynamical,2026-09-01,2027-01,4,4.0937,1.046,3.0476,ens_005,monthly,1993-2016
C3S,ECCC,dynamical,2026-09-01,2027-02,5,3.8831,1.1198,2.7633,ens_005,monthly,1993-2016
C3S,ECCC,dynamical,2026-09-01,2026-09,0,3.5936,0.9391,2.6545,ens_006,monthly,1993-2016
C3S,ECCC,dynamical,2026-09-01,2026-10,1,4.3646,1.0775,3.2871,ens_006,monthly,1993-2016
C3S,ECCC,dynamical,2026-09-01,2026-11,2,4.3197,1.0997,3.22,ens_006,monthly,1993-2016
C3S,ECCC,dynamical,2026-09-01,2026-12,3,4.0348,1.0742,2.9607,ens_006,monthly,1993-2016
C3S,ECCC,dynamical,2026-09-01,2027-01,4,3.5632,1.048,2.5152,ens_006,monthly,1993-2016
C3S,ECCC,dynamical,2026-09-01,2027-02,5,2.9134,0.9958,1.9176,ens_006,monthly,1993-2016
C3S,ECCC,dynamical,2026-09-01,2026-09,0,3.5966,0.9062,2.6904,ens_007,monthly,1993-2016
C3S,ECCC,dynamical,2026-09-01,2026-10,1,4.3295,1.0647,3.2648,ens_007,monthly,1993-2016
C3S,ECCC,dynamical,2026-09-01,2026-11,2,4.6551,1.1396,3.5156,ens_007,monthly,1993-2016
C3S,ECCC,dynamical,2026-09-01,2026-12,3,4.6369,1.2171,3.4198,ens_007,monthly,1993-2016
C3S,ECCC,dynamical,2026-09-01,2027-01,4,4.2377,1.2297,3.008,ens_007,monthly,1993-2016
C3S,ECCC,dynamical,2026-09-01,2027-02,5,3.6146,1.1677,2.4469,ens_007,monthly,1993-2016
C3S,ECCC,dynamical,2026-09-01,2026-09,0,3.4508,0.9131,2.5377,ens_008,monthly,1993-2016
C3S,ECCC,dynamical,2026-09-01,2026-10,1,4.1444,1.0707,3.0737,ens_008,monthly,1993-2016
C3S,ECCC,dynamical,2026-09-01,2026-11,2,4.1878,1.0624,3.1254,ens_008,monthly,1993-2016
C3S,ECCC,dynamical,2026-09-01,2026-12,3,4.1855,1.071,3.1145,ens_008,monthly,1993-2016
C3S,ECCC,dynamical,2026-09-01,2027-01,4,3.8875,1.1032,2.7842,ens_008,monthly,1993-2016
C3S,ECCC,dynamical,2026-09-01,2027-02,5,3.5743,1.0995,2.4748,ens_008,monthly,1993-2016
C3S,ECCC,dynamical,2026-09-01,2026-09,0,3.5042,0.9308,2.5734,ens_009,monthly,1993-2016
C3S,ECCC,dynamical,2026-09-01,2026-10,1,4.4403,1.0746,3.3657,ens_009,monthly,1993-2016
C3S,ECCC,dynamical,2026-09-01,2026-11,2,4.5528,1.1365,3.4164,ens_009,monthly,1993-2016
C3S,ECCC,dynamical,2026-09-01,2026-12,3,4.3416,1.0905,3.2512,ens_009,monthly,1993-2016
C3S,ECCC,dynamical,2026-09-01,2027-01,4,3.8046,1.1068,2.6978,ens_009,monthly,1993-2016
C3S,ECCC,dynamical,2026-09-01,2027-02,5,3.1599,1.0038,2.1561,ens_009,monthly,1993-2016
C3S,ECCC,dynamical,2026-09-01,2026-09,0,3.4488,0.863,2.5858,ens_010,monthly,1993-2016
C3S,ECCC,dynamical,2026-09-01,2026-10,1,4.3269,1.0773,3.2496,ens_010,monthly,1993-2016
C3S,ECCC,dynamical,2026-09-01,2026-11,2,4.3848,1.0882,3.2967,ens_010,monthly,1993-2016
C3S,ECCC,dynamical,2026-09-01,2026-12,3,4.0977,1.0802,3.0176,ens_010,monthly,1993-2016
C3S,ECCC,dynamical,2026-09-01,2027-01,4,3.5546,1.006,2.5486,ens_010,monthly,1993-2016
C3S,ECCC,dynamical,2026-09-01,2027-02,5,3.2421,0.9558,2.2863,ens_010,monthly,1993-2016
C3S,ECCC,dynamical,2026-09-01,2026-09,0,3.4799,0.8872,2.5927,ens_011,monthly,1993-2016
C3S,ECCC,dynamical,2026-09-01,2026-10,1,4.1566,1.0371,3.1195,ens_011,monthly,1993-2016
C3S,ECCC,dynamical,2026-09-01,2026-11,2,4.3488,1.0892,3.2596,ens_011,monthly,1993-2016
C3S,ECCC,dynamical,2026-09-01,2026-12,3,4.2301,1.093,3.1371,ens_011,monthly,1993-2016
C3S,ECCC,dynamical,2026-09-01,2027-01,4,3.7321,1.0049,2.7271,ens_011,monthly,1993-2016
C3S,ECCC,dynamical,2026-09-01,2027-02,5,2.9771,0.9818,1.9953,ens_011,monthly,1993-2016
C3S,ECCC,dynamical,2026-09-01,2026-09,0,3.3974,0.8739,2.5235,ens_012,monthly,1993-2016
C3S,ECCC,dynamical,2026-09-01,2026-10,1,4.1658,1.0836,3.0822,ens_012,monthly,1993-2016
C3S,ECCC,dynamical,2026-09-01,2026-11,2,4.306,1.1183,3.1877,ens_012,monthly,1993-2016
C3S,ECCC,dynamical,2026-09-01,2026-12,3,4.0039,1.2018,2.8021,ens_012,monthly,1993-2016
C3S,ECCC,dynamical,2026-09-01,2027-01,4,3.6041,1.2376,2.3665,ens_012,monthly,1993-2016
C3S,ECCC,dynamical,2026-09-01,2027-02,5,3.0164,1.0933,1.9231,ens_012,monthly,1993-2016
C3S,ECCC,dynamical,2026-09-01,2026-09,0,3.3913,0.8795,2.5118,ens_013,monthly,1993-2016
C3S,ECCC,dynamical,2026-09-01,2026-10,1,4.194,1.0716,3.1224,ens_013,monthly,1993-2016
C3S,ECCC,dynamical,2026-09-01,2026-11,2,4.3798,1.0925,3.2872,ens_013,monthly,1993-2016
C3S,ECCC,dynamical,2026-09-01,2026-12,3,4.1904,1.1346,3.0558,ens_013,monthly,1993-2016
C3S,ECCC,dynamical,2026-09-01,2027-01,4,3.838,1.1581,2.6799,ens_013,monthly,1993-2016
C3S,ECCC,dynamical,2026-09-01,2027-02,5,3.3933,1.1123,2.281,ens_013,monthly,1993-2016
C3S,ECCC,dynamical,2026-09-01,2026-09,0,3.4937,0.881,2.6126,ens_014,monthly,1993-2016
C3S,ECCC,dynamical,2026-09-01,2026-10,1,4.4368,1.0285,3.4083,ens_014,monthly,1993-2016
C3S,ECCC,dynamical,2026-09-01,2026-11,2,4.3707,1.0526,3.3181,ens_014,monthly,1993-2016
C3S,ECCC,dynamical,2026-09-01,2026-12,3,4.4027,1.1,3.3027,ens_014,monthly,1993-2016
C3S,ECCC,dynamical,2026-09-01,2027-01,4,4.0466,1.1162,2.9305,ens_014,monthly,1993-2016
C3S,ECCC,dynamical,2026-09-01,2027-02,5,3.4933,1.0692,2.4241,ens_014,monthly,1993-2016
C3S,ECCC,dynamical,2026-09-01,2026-09,0,3.5159,0.8769,2.6389,ens_015,monthly,1993-2016
C3S,ECCC,dynamical,2026-09-01,2026-10,1,4.3984,1.0617,3.3367,ens_015,monthly,1993-2016
C3S,ECCC,dynamical,2026-09-01,2026-11,2,4.5237,1.1522,3.3715,ens_015,monthly,1993-2016
C3S,ECCC,dynamical,2026-09-01,2026-12,3,4.3114,1.1135,3.198,ens_015,monthly,1993-2016
C3S,ECCC,dynamical,2026-09-01,2027-01,4,3.9635,1.0996,2.8639,ens_015,monthly,1993-2016
C3S,ECCC,dynamical,2026-09-01,2027-02,5,3.6462,1.0194,2.6269,ens_015,monthly,1993-2016
C3S,ECCC,dynamical,2026-09-01,2026-09,0,3.5247,0.9088,2.6158,ens_016,monthly,1993-2016
C3S,ECCC,dynamical,2026-09-01,2026-10,1,4.3694,1.076,3.2934,ens_016,monthly,1993-2016
C3S,ECCC,dynamical,2026-09-01,2026-11,2,4.3979,1.1334,3.2645,ens_016,monthly,1993-2016
C3S,ECCC,dynamical,2026-09-01,2026-12,3,4.2559,1.156,3.0999,ens_016,monthly,1993-2016
C3S,ECCC,dynamical,2026-09-01,2027-01,4,3.831,1.1858,2.6451,ens_016,monthly,1993-2016
C3S,ECCC,dynamical,2026-09-01,2027-02,5,3.3615,1.1952,2.1663,ens_016,monthly,1993-2016
C3S,ECCC,dynamical,2026-09-01,2026-09,0,3.5028,0.8734,2.6294,ens_017,monthly,1993-2016
C3S,ECCC,dynamical,2026-09-01,2026-10,1,4.2729,1.0736,3.1993,ens_017,monthly,1993-2016
C3S,ECCC,dynamical,2026-09-01,2026-11,2,4.5671,1.1525,3.4147,ens_017,monthly,1993-2016
C3S,ECCC,dynamical,2026-09-01,2026-12,3,4.4981,1.1551,3.343,ens_017,monthly,1993-2016
C3S,ECCC,dynamical,2026-09-01,2027-01,4,4.2214,1.0983,3.1232,ens_017,monthly,1993-2016
C3S,ECCC,dynamical,2026-09-01,2027-02,5,3.908,1.156,2.7519,ens_017,monthly,1993-2016
C3S,ECCC,dynamical,2026-09-01,2026-09,0,3.4694,0.8593,2.61,ens_018,monthly,1993-2016
C3S,ECCC,dynamical,2026-09-01,2026-10,1,4.1905,1.0282,3.1623,ens_018,monthly,1993-2016
C3S,ECCC,dynamical,2026-09-01,2026-11,2,4.2163,1.0994,3.1169,ens_018,monthly,1993-2016
C3S,ECCC,dynamical,2026-09-01,2026-12,3,3.8795,1.116,2.7635,ens_018,monthly,1993-2016
C3S,ECCC,dynamical,2026-09-01,2027-01,4,3.5074,1.0729,2.4345,ens_018,monthly,1993-2016
C3S,ECCC,dynamical,2026-09-01,2027-02,5,2.4323,0.9184,1.5139,ens_018,monthly,1993-2016
C3S,ECCC,dynamical,2026-09-01,2026-09,0,3.547,0.873,2.674,ens_019,monthly,1993-2016
C3S,ECCC,dynamical,2026-09-01,2026-10,1,4.4427,1.0422,3.4005,ens_019,monthly,1993-2016
C3S,ECCC,dynamical,2026-09-01,2026-11,2,4.6186,1.1065,3.5121,ens_019,monthly,1993-2016
C3S,ECCC,dynamical,2026-09-01,2026-12,3,4.5433,1.1316,3.4118,ens_019,monthly,1993-2016
C3S,ECCC,dynamical,2026-09-01,2027-01,4,4.3938,1.1945,3.1993,ens_019,monthly,1993-2016
C3S,ECCC,dynamical,2026-09-01,2027-02,5,3.927,1.1055,2.8215,ens_019,monthly,1993-2016
C3S,ECCC,dynamical,2026-09-01,2026-09,0,3.4958,0.8969,2.5989,mean,monthly,1993-2016
C3S,ECCC,dynamical,2026-09-01,2026-10,1,4.3137,1.0665,3.2472,mean,monthly,1993-2016
C3S,ECCC,dynamical,2026-09-01,2026-11,2,4.408,1.1105,3.2975,mean,monthly,1993-2016
C3S,ECCC,dynamical,2026-09-01,2026-12,3,4.2442,1.1198,3.1244,mean,monthly,1993-2016
C3S,ECCC,dynamical,2026-09-01,2027-01,4,3.8706,1.1144,2.7562,mean,monthly,1993-2016
C3S,ECCC,dynamical,2026-09-01,2027-02,5,3.3566,1.0722,2.2844,mean,monthly,1993-2016
C3S,NCEP,dynamical,2026-09-01,2026-09,0,2.9971,0.8313,2.1657,ens_000,monthly,1993-2016
C3S,NCEP,dynamical,2026-09-01,2026-10,1,3.8603,1.0553,2.805,ens_000,monthly,1993-2016
C3S,NCEP,dynamical,2026-09-01,2026-11,2,4.2587,1.2283,3.0304,ens_000,monthly,1993-2016
C3S,NCEP,dynamical,2026-09-01,2026-12,3,3.5831,1.2206,2.3625,ens_000,monthly,1993-2016
C3S,NCEP,dynamical,2026-09-01,2027-01,4,3.2131,1.1619,2.0512,ens_000,monthly,1993-2016
C3S,NCEP,dynamical,2026-09-01,2027-02,5,2.5707,1.1996,1.371,ens_000,monthly,1993-2016
C3S,NCEP,dynamical,2026-09-01,2026-09,0,3.0124,0.8179,2.1945,ens_001,monthly,1993-2016
C3S,NCEP,dynamical,2026-09-01,2026-10,1,3.7927,0.977,2.8157,ens_001,monthly,1993-2016
C3S,NCEP,dynamical,2026-09-01,2026-11,2,4.3579,1.1807,3.1772,ens_001,monthly,1993-2016
C3S,NCEP,dynamical,2026-09-01,2026-12,3,4.0192,1.1765,2.8427,ens_001,monthly,1993-2016
C3S,NCEP,dynamical,2026-09-01,2027-01,4,2.877,1.1271,1.7499,ens_001,monthly,1993-2016
C3S,NCEP,dynamical,2026-09-01,2027-02,5,2.4515,1.0495,1.4021,ens_001,monthly,1993-2016
C3S,NCEP,dynamical,2026-09-01,2026-09,0,2.9587,0.8196,2.1391,ens_002,monthly,1993-2016
C3S,NCEP,dynamical,2026-09-01,2026-10,1,3.7383,1.0909,2.6474,ens_002,monthly,1993-2016
C3S,NCEP,dynamical,2026-09-01,2026-11,2,4.1697,1.1851,2.9846,ens_002,monthly,1993-2016
C3S,NCEP,dynamical,2026-09-01,2026-12,3,3.6901,1.1611,2.5291,ens_002,monthly,1993-2016
C3S,NCEP,dynamical,2026-09-01,2027-01,4,3.1953,1.2129,1.9824,ens_002,monthly,1993-2016
C3S,NCEP,dynamical,2026-09-01,2027-02,5,2.4993,1.1692,1.3301,ens_002,monthly,1993-2016
C3S,NCEP,dynamical,2026-09-01,2026-09,0,3.0119,0.8604,2.1515,ens_003,monthly,1993-2016
C3S,NCEP,dynamical,2026-09-01,2026-10,1,3.8082,1.09,2.7183,ens_003,monthly,1993-2016
C3S,NCEP,dynamical,2026-09-01,2026-11,2,4.3519,1.3006,3.0513,ens_003,monthly,1993-2016
C3S,NCEP,dynamical,2026-09-01,2026-12,3,3.8852,1.3224,2.5628,ens_003,monthly,1993-2016
C3S,NCEP,dynamical,2026-09-01,2027-01,4,3.1836,1.2808,1.9028,ens_003,monthly,1993-2016
C3S,NCEP,dynamical,2026-09-01,2027-02,5,2.7054,1.151,1.5543,ens_003,monthly,1993-2016
C3S,NCEP,dynamical,2026-09-01,2026-09,0,2.9828,0.8112,2.1716,ens_004,monthly,1993-2016
C3S,NCEP,dynamical,2026-09-01,2026-10,1,3.9821,1.1011,2.881,ens_004,monthly,1993-2016
C3S,NCEP,dynamical,2026-09-01,2026-11,2,4.4434,1.199,3.2443,ens_004,monthly,1993-2016
C3S,NCEP,dynamical,2026-09-01,2026-12,3,3.6432,1.2621,2.3811,ens_004,monthly,1993-2016
C3S,NCEP,dynamical,2026-09-01,2027-01,4,3.1723,1.2284,1.9439,ens_004,monthly,1993-2016
C3S,NCEP,dynamical,2026-09-01,2027-02,5,2.4798,1.1115,1.3683,ens_004,monthly,1993-2016
C3S,NCEP,dynamical,2026-09-01,2026-09,0,2.997,0.8226,2.1744,ens_005,monthly,1993-2016
C3S,NCEP,dynamical,2026-09-01,2026-10,1,3.9628,1.1755,2.7872,ens_005,monthly,1993-2016
C3S,NCEP,dynamical,2026-09-01,2026-11,2,4.5333,1.3347,3.1986,ens_005,monthly,1993-2016
C3S,NCEP,dynamical,2026-09-01,2026-12,3,4.1398,1.3199,2.8199,ens_005,monthly,1993-2016
C3S,NCEP,dynamical,2026-09-01,2027-01,4,3.1574,1.2324,1.9249,ens_005,monthly,1993-2016
C3S,NCEP,dynamical,2026-09-01,2027-02,5,2.6954,1.1783,1.5171,ens_005,monthly,1993-2016
C3S,NCEP,dynamical,2026-09-01,2026-09,0,2.9138,0.8173,2.0965,ens_006,monthly,1993-2016
C3S,NCEP,dynamical,2026-09-01,2026-10,1,3.8877,1.1157,2.7719,ens_006,monthly,1993-2016
C3S,NCEP,dynamical,2026-09-01,2026-11,2,4.3171,1.2549,3.0622,ens_006,monthly,1993-2016
C3S,NCEP,dynamical,2026-09-01,2026-12,3,3.6752,1.28,2.3952,ens_006,monthly,1993-2016
C3S,NCEP,dynamical,2026-09-01,2027-01,4,3.3514,1.1835,2.1679,ens_006,monthly,1993-2016
C3S,NCEP,dynamical,2026-09-01,2027-02,5,2.6512,1.1189,1.5324,ens_006,monthly,1993-2016
C3S,NCEP,dynamical,2026-09-01,2026-09,0,2.9666,0.8389,2.1277,ens_007,monthly,1993-2016
C3S,NCEP,dynamical,2026-09-01,2026-10,1,3.8245,1.1242,2.7002,ens_007,monthly,1993-2016
C3S,NCEP,dynamical,2026-09-01,2026-11,2,4.0466,1.2996,2.747,ens_007,monthly,1993-2016
C3S,NCEP,dynamical,2026-09-01,2026-12,3,3.8124,1.2475,2.5649,ens_007,monthly,1993-2016
C3S,NCEP,dynamical,2026-09-01,2027-01,4,3.1179,1.1137,2.0042,ens_007,monthly,1993-2016
C3S,NCEP,dynamical,2026-09-01,2027-02,5,2.438,1.0685,1.3696,ens_007,monthly,1993-2016
C3S,NCEP,dynamical,2026-09-01,2026-09,0,3.0054,0.8315,2.1739,ens_008,monthly,1993-2016
C3S,NCEP,dynamical,2026-09-01,2026-10,1,3.7434,1.1681,2.5752,ens_008,monthly,1993-2016
C3S,NCEP,dynamical,2026-09-01,2026-11,2,4.3971,1.3246,3.0725,ens_008,monthly,1993-2016
C3S,NCEP,dynamical,2026-09-01,2026-12,3,3.7493,1.3216,2.4278,ens_008,monthly,1993-2016
C3S,NCEP,dynamical,2026-09-01,2027-01,4,3.003,1.2887,1.7143,ens_008,monthly,1993-2016
C3S,NCEP,dynamical,2026-09-01,2027-02,5,2.2853,1.2588,1.0265,ens_008,monthly,1993-2016
C3S,NCEP,dynamical,2026-09-01,2026-09,0,3.0281,0.8281,2.2,ens_009,monthly,1993-2016
C3S,NCEP,dynamical,2026-09-01,2026-10,1,3.6435,1.0445,2.599,ens_009,monthly,1993-2016
C3S,NCEP,dynamical,2026-09-01,2026-11,2,4.3572,1.1597,3.1975,ens_009,monthly,1993-2016
C3S,NCEP,dynamical,2026-09-01,2026-12,3,3.4756,1.0888,2.3867,ens_009,monthly,1993-2016
C3S,NCEP,dynamical,2026-09-01,2027-01,4,2.9433,1.1826,1.7606,ens_009,monthly,1993-2016
C3S,NCEP,dynamical,2026-09-01,2027-02,5,2.7374,1.142,1.5954,ens_009,monthly,1993-2016
C3S,NCEP,dynamical,2026-09-01,2026-09,0,3.0011,0.822,2.1791,ens_010,monthly,1993-2016
C3S,NCEP,dynamical,2026-09-01,2026-10,1,3.6222,1.0687,2.5535,ens_010,monthly,1993-2016
C3S,NCEP,dynamical,2026-09-01,2026-11,2,3.928,1.1041,2.8239,ens_010,monthly,1993-2016
C3S,NCEP,dynamical,2026-09-01,2026-12,3,3.7462,1.2441,2.502,ens_010,monthly,1993-2016
C3S,NCEP,dynamical,2026-09-01,2027-01,4,3.1126,1.146,1.9667,ens_010,monthly,1993-2016
C3S,NCEP,dynamical,2026-09-01,2027-02,5,2.3625,1.1028,1.2597,ens_010,monthly,1993-2016
C3S,NCEP,dynamical,2026-09-01,2026-09,0,2.9284,0.8151,2.1133,ens_011,monthly,1993-2016
C3S,NCEP,dynamical,2026-09-01,2026-10,1,3.7149,1.0861,2.6288,ens_011,monthly,1993-2016
C3S,NCEP,dynamical,2026-09-01,2026-11,2,4.0319,1.1984,2.8335,ens_011,monthly,1993-2016
C3S,NCEP,dynamical,2026-09-01,2026-12,3,3.5596,1.2016,2.3581,ens_011,monthly,1993-2016
C3S,NCEP,dynamical,2026-09-01,2027-01,4,2.8074,1.2388,1.5687,ens_011,monthly,1993-2016
C3S,NCEP,dynamical,2026-09-01,2027-02,5,2.3983,1.1653,1.2331,ens_011,monthly,1993-2016
C3S,NCEP,dynamical,2026-09-01,2026-09,0,3.0072,0.8371,2.1701,ens_012,monthly,1993-2016
C3S,NCEP,dynamical,2026-09-01,2026-10,1,3.8244,1.0626,2.7617,ens_012,monthly,1993-2016
C3S,NCEP,dynamical,2026-09-01,2026-11,2,4.2207,1.0785,3.1422,ens_012,monthly,1993-2016
C3S,NCEP,dynamical,2026-09-01,2026-12,3,3.8076,1.1526,2.6551,ens_012,monthly,1993-2016
C3S,NCEP,dynamical,2026-09-01,2027-01,4,3.0165,1.1986,1.8179,ens_012,monthly,1993-2016
C3S,NCEP,dynamical,2026-09-01,2027-02,5,2.8768,1.1693,1.7075,ens_012,monthly,1993-2016
C3S,NCEP,dynamical,2026-09-01,2026-09,0,2.9299,0.8344,2.0955,ens_013,monthly,1993-2016
C3S,NCEP,dynamical,2026-09-01,2026-10,1,3.7343,0.9424,2.7919,ens_013,monthly,1993-2016
C3S,NCEP,dynamical,2026-09-01,2026-11,2,3.7542,1.101,2.6532,ens_013,monthly,1993-2016
C3S,NCEP,dynamical,2026-09-01,2026-12,3,3.4936,1.1492,2.3444,ens_013,monthly,1993-2016
C3S,NCEP,dynamical,2026-09-01,2027-01,4,3.047,1.1196,1.9274,ens_013,monthly,1993-2016
C3S,NCEP,dynamical,2026-09-01,2027-02,5,2.4829,1.1433,1.3396,ens_013,monthly,1993-2016
C3S,NCEP,dynamical,2026-09-01,2026-09,0,2.9183,0.8308,2.0875,ens_014,monthly,1993-2016
C3S,NCEP,dynamical,2026-09-01,2026-10,1,3.8212,1.0968,2.7244,ens_014,monthly,1993-2016
C3S,NCEP,dynamical,2026-09-01,2026-11,2,4.5416,1.1493,3.3923,ens_014,monthly,1993-2016
C3S,NCEP,dynamical,2026-09-01,2026-12,3,3.4983,1.1565,2.3418,ens_014,monthly,1993-2016
C3S,NCEP,dynamical,2026-09-01,2027-01,4,2.7295,1.1691,1.5604,ens_014,monthly,1993-2016
C3S,NCEP,dynamical,2026-09-01,2027-02,5,2.3651,0.9729,1.3922,ens_014,monthly,1993-2016
C3S,NCEP,dynamical,2026-09-01,2026-09,0,2.9782,0.8113,2.1668,ens_015,monthly,1993-2016
C3S,NCEP,dynamical,2026-09-01,2026-10,1,3.6268,0.9739,2.6528,ens_015,monthly,1993-2016
C3S,NCEP,dynamical,2026-09-01,2026-11,2,3.8455,1.1154,2.73,ens_015,monthly,1993-2016
C3S,NCEP,dynamical,2026-09-01,2026-12,3,3.6481,1.1824,2.4657,ens_015,monthly,1993-2016
C3S,NCEP,dynamical,2026-09-01,2027-01,4,3.2859,1.0458,2.2401,ens_015,monthly,1993-2016
C3S,NCEP,dynamical,2026-09-01,2027-02,5,2.3894,1.02,1.3694,ens_015,monthly,1993-2016
C3S,NCEP,dynamical,2026-09-01,2026-09,0,2.9717,0.8538,2.1178,ens_016,monthly,1993-2016
C3S,NCEP,dynamical,2026-09-01,2026-10,1,3.6604,1.1407,2.5197,ens_016,monthly,1993-2016
C3S,NCEP,dynamical,2026-09-01,2026-11,2,4.0608,1.2519,2.8089,ens_016,monthly,1993-2016
C3S,NCEP,dynamical,2026-09-01,2026-12,3,3.8585,1.2933,2.5652,ens_016,monthly,1993-2016
C3S,NCEP,dynamical,2026-09-01,2027-01,4,3.0869,1.2925,1.7944,ens_016,monthly,1993-2016
C3S,NCEP,dynamical,2026-09-01,2027-02,5,2.5232,1.1343,1.3888,ens_016,monthly,1993-2016
C3S,NCEP,dynamical,2026-09-01,2026-09,0,3.0811,0.8337,2.2475,ens_017,monthly,1993-2016
C3S,NCEP,dynamical,2026-09-01,2026-10,1,3.7883,0.9784,2.8099,ens_017,monthly,1993-2016
C3S,NCEP,dynamical,2026-09-01,2026-11,2,3.7832,1.1344,2.6488,ens_017,monthly,1993-2016
C3S,NCEP,dynamical,2026-09-01,2026-12,3,3.2214,1.1539,2.0675,ens_017,monthly,1993-2016
C3S,NCEP,dynamical,2026-09-01,2027-01,4,2.8005,1.0594,1.7411,ens_017,monthly,1993-2016
C3S,NCEP,dynamical,2026-09-01,2027-02,5,2.4694,0.9084,1.5611,ens_017,monthly,1993-2016
C3S,NCEP,dynamical,2026-09-01,2026-09,0,2.9149,0.7968,2.1181,ens_018,monthly,1993-2016
C3S,NCEP,dynamical,2026-09-01,2026-10,1,3.6428,0.9636,2.6792,ens_018,monthly,1993-2016
C3S,NCEP,dynamical,2026-09-01,2026-11,2,4.0786,1.1245,2.9541,ens_018,monthly,1993-2016
C3S,NCEP,dynamical,2026-09-01,2026-12,3,3.4292,1.2068,2.2223,ens_018,monthly,1993-2016
C3S,NCEP,dynamical,2026-09-01,2027-01,4,2.95,1.1635,1.7864,ens_018,monthly,1993-2016
C3S,NCEP,dynamical,2026-09-01,2027-02,5,2.7131,1.1533,1.5598,ens_018,monthly,1993-2016
C3S,NCEP,dynamical,2026-09-01,2026-09,0,3.0138,0.8604,2.1534,ens_019,monthly,1993-2016
C3S,NCEP,dynamical,2026-09-01,2026-10,1,3.6097,1.0528,2.5569,ens_019,monthly,1993-2016
C3S,NCEP,dynamical,2026-09-01,2026-11,2,4.0062,1.1824,2.8239,ens_019,monthly,1993-2016
C3S,NCEP,dynamical,2026-09-01,2026-12,3,3.4607,1.1355,2.3252,ens_019,monthly,1993-2016
C3S,NCEP,dynamical,2026-09-01,2027-01,4,3.0309,1.134,1.8969,ens_019,monthly,1993-2016
C3S,NCEP,dynamical,2026-09-01,2027-02,5,2.6105,1.112,1.4986,ens_019,monthly,1993-2016
C3S,NCEP,dynamical,2026-09-01,2026-09,0,2.9213,0.8575,2.0639,ens_020,monthly,1993-2016
C3S,NCEP,dynamical,2026-09-01,2026-10,1,3.5786,1.1213,2.4573,ens_020,monthly,1993-2016
C3S,NCEP,dynamical,2026-09-01,2026-11,2,4.0362,1.1854,2.8507,ens_020,monthly,1993-2016
C3S,NCEP,dynamical,2026-09-01,2026-12,3,3.4567,1.2361,2.2207,ens_020,monthly,1993-2016
C3S,NCEP,dynamical,2026-09-01,2027-01,4,2.7865,1.2001,1.5864,ens_020,monthly,1993-2016
C3S,NCEP,dynamical,2026-09-01,2027-02,5,2.3597,1.18,1.1797,ens_020,monthly,1993-2016
C3S,NCEP,dynamical,2026-09-01,2026-09,0,3.0039,0.8786,2.1252,ens_021,monthly,1993-2016
C3S,NCEP,dynamical,2026-09-01,2026-10,1,3.7023,0.9968,2.7055,ens_021,monthly,1993-2016
C3S,NCEP,dynamical,2026-09-01,2026-11,2,4.4059,1.1915,3.2144,ens_021,monthly,1993-2016
C3S,NCEP,dynamical,2026-09-01,2026-12,3,3.5932,1.1972,2.396,ens_021,monthly,1993-2016
C3S,NCEP,dynamical,2026-09-01,2027-01,4,2.7498,1.1336,1.6162,ens_021,monthly,1993-2016
C3S,NCEP,dynamical,2026-09-01,2027-02,5,2.5083,1.1159,1.3923,ens_021,monthly,1993-2016
C3S,NCEP,dynamical,2026-09-01,2026-09,0,2.9478,0.8494,2.0984,ens_022,monthly,1993-2016
C3S,NCEP,dynamical,2026-09-01,2026-10,1,3.8888,1.1171,2.7717,ens_022,monthly,1993-2016
C3S,NCEP,dynamical,2026-09-01,2026-11,2,4.2088,1.2662,2.9426,ens_022,monthly,1993-2016
C3S,NCEP,dynamical,2026-09-01,2026-12,3,4.0457,1.2831,2.7626,ens_022,monthly,1993-2016
C3S,NCEP,dynamical,2026-09-01,2027-01,4,3.2613,1.1904,2.0709,ens_022,monthly,1993-2016
C3S,NCEP,dynamical,2026-09-01,2027-02,5,2.3541,1.0907,1.2634,ens_022,monthly,1993-2016
C3S,NCEP,dynamical,2026-09-01,2026-09,0,3.0318,0.9008,2.131,ens_023,monthly,1993-2016
C3S,NCEP,dynamical,2026-09-01,2026-10,1,3.7241,1.0585,2.6657,ens_023,monthly,1993-2016
C3S,NCEP,dynamical,2026-09-01,2026-11,2,4.2512,1.2012,3.05,ens_023,monthly,1993-2016
C3S,NCEP,dynamical,2026-09-01,2026-12,3,3.8776,1.2323,2.6453,ens_023,monthly,1993-2016
C3S,NCEP,dynamical,2026-09-01,2027-01,4,2.9174,1.1378,1.7796,ens_023,monthly,1993-2016
C3S,NCEP,dynamical,2026-09-01,2027-02,5,2.6009,1.044,1.5569,ens_023,monthly,1993-2016
C3S,NCEP,dynamical,2026-09-01,2026-09,0,3.0081,0.9367,2.0714,ens_024,monthly,1993-2016
C3S,NCEP,dynamical,2026-09-01,2026-10,1,3.7628,1.0885,2.6743,ens_024,monthly,1993-2016
C3S,NCEP,dynamical,2026-09-01,2026-11,2,4.1014,1.2263,2.8751,ens_024,monthly,1993-2016
C3S,NCEP,dynamical,2026-09-01,2026-12,3,3.7578,1.1873,2.5705,ens_024,monthly,1993-2016
C3S,NCEP,dynamical,2026-09-01,2027-01,4,2.7008,1.1659,1.5349,ens_024,monthly,1993-2016
C3S,NCEP,dynamical,2026-09-01,2027-02,5,2.5553,1.0963,1.459,ens_024,monthly,1993-2016
C3S,NCEP,dynamical,2026-09-01,2026-09,0,2.9179,0.8648,2.053,ens_025,monthly,1993-2016
C3S,NCEP,dynamical,2026-09-01,2026-10,1,3.7636,1.0429,2.7208,ens_025,monthly,1993-2016
C3S,NCEP,dynamical,2026-09-01,2026-11,2,4.0323,1.1372,2.8951,ens_025,monthly,1993-2016
C3S,NCEP,dynamical,2026-09-01,2026-12,3,3.6194,1.1713,2.4481,ens_025,monthly,1993-2016
C3S,NCEP,dynamical,2026-09-01,2027-01,4,2.7809,1.1062,1.6747,ens_025,monthly,1993-2016
C3S,NCEP,dynamical,2026-09-01,2027-02,5,1.9199,1.1071,0.8128,ens_025,monthly,1993-2016
C3S,NCEP,dynamical,2026-09-01,2026-09,0,2.9828,0.8788,2.104,ens_026,monthly,1993-2016
C3S,NCEP,dynamical,2026-09-01,2026-10,1,3.7346,0.9662,2.7684,ens_026,monthly,1993-2016
C3S,NCEP,dynamical,2026-09-01,2026-11,2,4.3873,1.0965,3.2908,ens_026,monthly,1993-2016
C3S,NCEP,dynamical,2026-09-01,2026-12,3,3.6516,1.0937,2.5579,ens_026,monthly,1993-2016
C3S,NCEP,dynamical,2026-09-01,2027-01,4,2.7734,1.0735,1.7,ens_026,monthly,1993-2016
C3S,NCEP,dynamical,2026-09-01,2027-02,5,2.7102,1.0197,1.6905,ens_026,monthly,1993-2016
C3S,NCEP,dynamical,2026-09-01,2026-09,0,2.9212,0.8331,2.0881,ens_027,monthly,1993-2016
C3S,NCEP,dynamical,2026-09-01,2026-10,1,3.8505,1.0398,2.8107,ens_027,monthly,1993-2016
C3S,NCEP,dynamical,2026-09-01,2026-11,2,4.1467,1.1742,2.9725,ens_027,monthly,1993-2016
C3S,NCEP,dynamical,2026-09-01,2026-12,3,3.6766,1.2009,2.4757,ens_027,monthly,1993-2016
C3S,NCEP,dynamical,2026-09-01,2027-01,4,3.0795,1.0888,1.9907,ens_027,monthly,1993-2016
C3S,NCEP,dynamical,2026-09-01,2027-02,5,2.3086,1.0257,1.2829,ens_027,monthly,1993-2016
C3S,NCEP,dynamical,2026-09-01,2026-09,0,3.0017,0.9058,2.0959,ens_028,monthly,1993-2016
C3S,NCEP,dynamical,2026-09-01,2026-10,1,3.7998,1.0584,2.7414,ens_028,monthly,1993-2016
C3S,NCEP,dynamical,2026-09-01,2026-11,2,4.2157,1.1527,3.063,ens_028,monthly,1993-2016
C3S,NCEP,dynamical,2026-09-01,2026-12,3,3.4502,1.1622,2.288,ens_028,monthly,1993-2016
C3S,NCEP,dynamical,2026-09-01,2027-01,4,2.8236,1.186,1.6377,ens_028,monthly,1993-2016
C3S,NCEP,dynamical,2026-09-01,2027-02,5,2.1686,1.1282,1.0403,ens_028,monthly,1993-2016
C3S,NCEP,dynamical,2026-09-01,2026-09,0,3.1874,0.8616,2.3258,ens_029,monthly,1993-2016
C3S,NCEP,dynamical,2026-09-01,2026-10,1,3.693,1.0508,2.6421,ens_029,monthly,1993-2016
C3S,NCEP,dynamical,2026-09-01,2026-11,2,3.8923,1.1975,2.6948,ens_029,monthly,1993-2016
C3S,NCEP,dynamical,2026-09-01,2026-12,3,3.4897,1.2508,2.2389,ens_029,monthly,1993-2016
C3S,NCEP,dynamical,2026-09-01,2027-01,4,2.8388,1.2367,1.6021,ens_029,monthly,1993-2016
C3S,NCEP,dynamical,2026-09-01,2027-02,5,2.4633,1.1978,1.2655,ens_029,monthly,1993-2016
C3S,NCEP,dynamical,2026-09-01,2026-09,0,2.8956,0.8362,2.0594,ens_030,monthly,1993-2016
C3S,NCEP,dynamical,2026-09-01,2026-10,1,3.6486,0.9609,2.6877,ens_030,monthly,1993-2016
C3S,NCEP,dynamical,2026-09-01,2026-11,2,4.0775,1.0407,3.0368,ens_030,monthly,1993-2016
C3S,NCEP,dynamical,2026-09-01,2026-12,3,3.5678,1.119,2.4489,ens_030,monthly,1993-2016
C3S,NCEP,dynamical,2026-09-01,2027-01,4,2.7164,1.0774,1.6391,ens_030,monthly,1993-2016
C3S,NCEP,dynamical,2026-09-01,2027-02,5,2.592,1.0181,1.5739,ens_030,monthly,1993-2016
C3S,NCEP,dynamical,2026-09-01,2026-09,0,3.0066,0.8923,2.1143,ens_031,monthly,1993-2016
C3S,NCEP,dynamical,2026-09-01,2026-10,1,3.9483,1.1369,2.8114,ens_031,monthly,1993-2016
C3S,NCEP,dynamical,2026-09-01,2026-11,2,4.3189,1.3867,2.9322,ens_031,monthly,1993-2016
C3S,NCEP,dynamical,2026-09-01,2026-12,3,4.2697,1.3951,2.8746,ens_031,monthly,1993-2016
C3S,NCEP,dynamical,2026-09-01,2027-01,4,3.3288,1.2859,2.0429,ens_031,monthly,1993-2016
C3S,NCEP,dynamical,2026-09-01,2027-02,5,2.5055,1.2029,1.3026,ens_031,monthly,1993-2016
C3S,NCEP,dynamical,2026-09-01,2026-09,0,2.7999,0.7759,2.024,ens_032,monthly,1993-2016
C3S,NCEP,dynamical,2026-09-01,2026-10,1,3.6451,1.0621,2.583,ens_032,monthly,1993-2016
C3S,NCEP,dynamical,2026-09-01,2026-11,2,3.8828,1.1323,2.7505,ens_032,monthly,1993-2016
C3S,NCEP,dynamical,2026-09-01,2026-12,3,3.9436,1.2099,2.7337,ens_032,monthly,1993-2016
C3S,NCEP,dynamical,2026-09-01,2027-01,4,2.9454,1.168,1.7774,ens_032,monthly,1993-2016
C3S,NCEP,dynamical,2026-09-01,2027-02,5,2.7592,1.0284,1.7308,ens_032,monthly,1993-2016
C3S,NCEP,dynamical,2026-09-01,2026-09,0,2.8599,0.8421,2.0178,ens_033,monthly,1993-2016
C3S,NCEP,dynamical,2026-09-01,2026-10,1,3.4939,1.1753,2.3187,ens_033,monthly,1993-2016
C3S,NCEP,dynamical,2026-09-01,2026-11,2,4.0374,1.2999,2.7375,ens_033,monthly,1993-2016
C3S,NCEP,dynamical,2026-09-01,2026-12,3,3.5769,1.3232,2.2538,ens_033,monthly,1993-2016
C3S,NCEP,dynamical,2026-09-01,2027-01,4,3.0032,1.2567,1.7465,ens_033,monthly,1993-2016
C3S,NCEP,dynamical,2026-09-01,2027-02,5,2.7215,1.1688,1.5527,ens_033,monthly,1993-2016
C3S,NCEP,dynamical,2026-09-01,2026-09,0,2.8466,0.8584,1.9882,ens_034,monthly,1993-2016
C3S,NCEP,dynamical,2026-09-01,2026-10,1,3.6609,1.1506,2.5103,ens_034,monthly,1993-2016
C3S,NCEP,dynamical,2026-09-01,2026-11,2,4.0237,1.2909,2.7328,ens_034,monthly,1993-2016
C3S,NCEP,dynamical,2026-09-01,2026-12,3,3.7799,1.2647,2.5151,ens_034,monthly,1993-2016
C3S,NCEP,dynamical,2026-09-01,2027-01,4,3.0531,1.2977,1.7554,ens_034,monthly,1993-2016
C3S,NCEP,dynamical,2026-09-01,2027-02,5,2.7387,1.1146,1.6242,ens_034,monthly,1993-2016
C3S,NCEP,dynamical,2026-09-01,2026-09,0,2.937,0.8328,2.1042,ens_035,monthly,1993-2016
C3S,NCEP,dynamical,2026-09-01,2026-10,1,3.533,1.004,2.529,ens_035,monthly,1993-2016
C3S,NCEP,dynamical,2026-09-01,2026-11,2,4.1885,1.1912,2.9973,ens_035,monthly,1993-2016
C3S,NCEP,dynamical,2026-09-01,2026-12,3,3.8183,1.1503,2.668,ens_035,monthly,1993-2016
C3S,NCEP,dynamical,2026-09-01,2027-01,4,3.0964,1.0453,2.0511,ens_035,monthly,1993-2016
C3S,NCEP,dynamical,2026-09-01,2027-02,5,2.743,1.0566,1.6864,ens_035,monthly,1993-2016
C3S,NCEP,dynamical,2026-09-01,2026-09,0,2.8701,0.8291,2.0411,ens_036,monthly,1993-2016
C3S,NCEP,dynamical,2026-09-01,2026-10,1,3.7658,1.0458,2.72,ens_036,monthly,1993-2016
C3S,NCEP,dynamical,2026-09-01,2026-11,2,4.2394,1.2378,3.0017,ens_036,monthly,1993-2016
C3S,NCEP,dynamical,2026-09-01,2026-12,3,3.8497,1.2729,2.5767,ens_036,monthly,1993-2016
C3S,NCEP,dynamical,2026-09-01,2027-01,4,3.1096,1.1589,1.9507,ens_036,monthly,1993-2016
C3S,NCEP,dynamical,2026-09-01,2027-02,5,2.8513,1.0929,1.7584,ens_036,monthly,1993-2016
C3S,NCEP,dynamical,2026-09-01,2026-09,0,2.8675,0.8636,2.004,ens_037,monthly,1993-2016
C3S,NCEP,dynamical,2026-09-01,2026-10,1,3.9333,1.0587,2.8745,ens_037,monthly,1993-2016
C3S,NCEP,dynamical,2026-09-01,2026-11,2,4.0386,1.1857,2.8528,ens_037,monthly,1993-2016
C3S,NCEP,dynamical,2026-09-01,2026-12,3,3.2405,1.1443,2.0961,ens_037,monthly,1993-2016
C3S,NCEP,dynamical,2026-09-01,2027-01,4,2.9674,1.1674,1.8,ens_037,monthly,1993-2016
C3S,NCEP,dynamical,2026-09-01,2027-02,5,2.4842,0.9233,1.5609,ens_037,monthly,1993-2016
C3S,NCEP,dynamical,2026-09-01,2026-09,0,2.814,0.8093,2.0047,ens_038,monthly,1993-2016
C3S,NCEP,dynamical,2026-09-01,2026-10,1,3.5671,1.0378,2.5293,ens_038,monthly,1993-2016
C3S,NCEP,dynamical,2026-09-01,2026-11,2,3.9253,1.1425,2.7829,ens_038,monthly,1993-2016
C3S,NCEP,dynamical,2026-09-01,2026-12,3,3.8495,1.0834,2.766,ens_038,monthly,1993-2016
C3S,NCEP,dynamical,2026-09-01,2027-01,4,3.0338,1.0766,1.9571,ens_038,monthly,1993-2016
C3S,NCEP,dynamical,2026-09-01,2027-02,5,2.6712,1.0984,1.5728,ens_038,monthly,1993-2016
C3S,NCEP,dynamical,2026-09-01,2026-09,0,2.8439,0.84,2.0039,ens_039,monthly,1993-2016
C3S,NCEP,dynamical,2026-09-01,2026-10,1,3.8468,1.1415,2.7053,ens_039,monthly,1993-2016
C3S,NCEP,dynamical,2026-09-01,2026-11,2,4.3157,1.253,3.0627,ens_039,monthly,1993-2016
C3S,NCEP,dynamical,2026-09-01,2026-12,3,3.7423,1.2478,2.4944,ens_039,monthly,1993-2016
C3S,NCEP,dynamical,2026-09-01,2027-01,4,3.0125,1.2451,1.7674,ens_039,monthly,1993-2016
C3S,NCEP,dynamical,2026-09-01,2027-02,5,2.4415,1.237,1.2045,ens_039,monthly,1993-2016
C3S,NCEP,dynamical,2026-09-01,2026-09,0,2.8511,0.8334,2.0177,ens_040,monthly,1993-2016
C3S,NCEP,dynamical,2026-09-01,2026-10,1,3.8669,1.0661,2.8008,ens_040,monthly,1993-2016
C3S,NCEP,dynamical,2026-09-01,2026-11,2,4.0194,1.1799,2.8395,ens_040,monthly,1993-2016
C3S,NCEP,dynamical,2026-09-01,2026-12,3,3.8008,1.2183,2.5825,ens_040,monthly,1993-2016
C3S,NCEP,dynamical,2026-09-01,2027-01,4,3.1525,1.1436,2.009,ens_040,monthly,1993-2016
C3S,NCEP,dynamical,2026-09-01,2027-02,5,2.5607,1.135,1.4257,ens_040,monthly,1993-2016
C3S,NCEP,dynamical,2026-09-01,2026-09,0,2.9116,0.866,2.0456,ens_041,monthly,1993-2016
C3S,NCEP,dynamical,2026-09-01,2026-10,1,3.9172,1.111,2.8063,ens_041,monthly,1993-2016
C3S,NCEP,dynamical,2026-09-01,2026-11,2,4.3353,1.2823,3.0531,ens_041,monthly,1993-2016
C3S,NCEP,dynamical,2026-09-01,2026-12,3,3.667,1.2527,2.4143,ens_041,monthly,1993-2016
C3S,NCEP,dynamical,2026-09-01,2027-01,4,3.011,1.3196,1.6913,ens_041,monthly,1993-2016
C3S,NCEP,dynamical,2026-09-01,2027-02,5,2.3967,1.3549,1.0418,ens_041,monthly,1993-2016
C3S,NCEP,dynamical,2026-09-01,2026-09,0,2.9554,0.8896,2.0658,ens_042,monthly,1993-2016
C3S,NCEP,dynamical,2026-09-01,2026-10,1,3.9691,1.0872,2.882,ens_042,monthly,1993-2016
C3S,NCEP,dynamical,2026-09-01,2026-11,2,4.3192,1.235,3.0842,ens_042,monthly,1993-2016
C3S,NCEP,dynamical,2026-09-01,2026-12,3,3.7227,1.2073,2.5154,ens_042,monthly,1993-2016
C3S,NCEP,dynamical,2026-09-01,2027-01,4,3.215,1.1723,2.0427,ens_042,monthly,1993-2016
C3S,NCEP,dynamical,2026-09-01,2027-02,5,2.5831,1.1209,1.4622,ens_042,monthly,1993-2016
C3S,NCEP,dynamical,2026-09-01,2026-09,0,3.018,0.8983,2.1197,ens_043,monthly,1993-2016
C3S,NCEP,dynamical,2026-09-01,2026-10,1,3.8529,1.1515,2.7015,ens_043,monthly,1993-2016
C3S,NCEP,dynamical,2026-09-01,2026-11,2,4.2187,1.0936,3.1252,ens_043,monthly,1993-2016
C3S,NCEP,dynamical,2026-09-01,2026-12,3,3.7874,1.1693,2.6181,ens_043,monthly,1993-2016
C3S,NCEP,dynamical,2026-09-01,2027-01,4,2.9183,1.1611,1.7571,ens_043,monthly,1993-2016
C3S,NCEP,dynamical,2026-09-01,2027-02,5,2.5588,1.1303,1.4285,ens_043,monthly,1993-2016
C3S,NCEP,dynamical,2026-09-01,2026-09,0,2.9578,0.8358,2.1219,ens_044,monthly,1993-2016
C3S,NCEP,dynamical,2026-09-01,2026-10,1,3.6433,1.0514,2.5919,ens_044,monthly,1993-2016
C3S,NCEP,dynamical,2026-09-01,2026-11,2,4.0958,1.1901,2.9057,ens_044,monthly,1993-2016
C3S,NCEP,dynamical,2026-09-01,2026-12,3,3.5628,1.2156,2.3472,ens_044,monthly,1993-2016
C3S,NCEP,dynamical,2026-09-01,2027-01,4,3.3316,1.2714,2.0603,ens_044,monthly,1993-2016
C3S,NCEP,dynamical,2026-09-01,2027-02,5,2.4951,1.1549,1.3403,ens_044,monthly,1993-2016
C3S,NCEP,dynamical,2026-09-01,2026-09,0,2.8531,0.8206,2.0325,ens_045,monthly,1993-2016
C3S,NCEP,dynamical,2026-09-01,2026-10,1,3.653,1.0149,2.6381,ens_045,monthly,1993-2016
C3S,NCEP,dynamical,2026-09-01,2026-11,2,3.9914,1.2172,2.7742,ens_045,monthly,1993-2016
C3S,NCEP,dynamical,2026-09-01,2026-12,3,3.482,1.3,2.182,ens_045,monthly,1993-2016
C3S,NCEP,dynamical,2026-09-01,2027-01,4,2.961,1.2437,1.7174,ens_045,monthly,1993-2016
C3S,NCEP,dynamical,2026-09-01,2027-02,5,2.3847,1.1067,1.2779,ens_045,monthly,1993-2016
C3S,NCEP,dynamical,2026-09-01,2026-09,0,2.8795,0.8491,2.0304,ens_046,monthly,1993-2016
C3S,NCEP,dynamical,2026-09-01,2026-10,1,4.0816,1.1566,2.925,ens_046,monthly,1993-2016
C3S,NCEP,dynamical,2026-09-01,2026-11,2,4.3089,1.2312,3.0776,ens_046,monthly,1993-2016
C3S,NCEP,dynamical,2026-09-01,2026-12,3,4.2407,1.3227,2.918,ens_046,monthly,1993-2016
C3S,NCEP,dynamical,2026-09-01,2027-01,4,3.1312,1.2889,1.8423,ens_046,monthly,1993-2016
C3S,NCEP,dynamical,2026-09-01,2027-02,5,2.4085,1.2759,1.1326,ens_046,monthly,1993-2016
C3S,NCEP,dynamical,2026-09-01,2026-09,0,2.9802,0.7987,2.1815,ens_047,monthly,1993-2016
C3S,NCEP,dynamical,2026-09-01,2026-10,1,3.8395,1.0289,2.8106,ens_047,monthly,1993-2016
C3S,NCEP,dynamical,2026-09-01,2026-11,2,3.9841,1.179,2.8051,ens_047,monthly,1993-2016
C3S,NCEP,dynamical,2026-09-01,2026-12,3,3.5308,1.2999,2.2309,ens_047,monthly,1993-2016
C3S,NCEP,dynamical,2026-09-01,2027-01,4,3.2512,1.1273,2.1239,ens_047,monthly,1993-2016
C3S,NCEP,dynamical,2026-09-01,2027-02,5,2.5331,1.1298,1.4033,ens_047,monthly,1993-2016
C3S,NCEP,dynamical,2026-09-01,2026-09,0,3.06,0.8332,2.2268,ens_048,monthly,1993-2016
C3S,NCEP,dynamical,2026-09-01,2026-10,1,3.8966,1.0531,2.8435,ens_048,monthly,1993-2016
C3S,NCEP,dynamical,2026-09-01,2026-11,2,3.7941,1.2104,2.5837,ens_048,monthly,1993-2016
C3S,NCEP,dynamical,2026-09-01,2026-12,3,3.3566,1.2872,2.0694,ens_048,monthly,1993-2016
C3S,NCEP,dynamical,2026-09-01,2027-01,4,2.7184,1.2807,1.4376,ens_048,monthly,1993-2016
C3S,NCEP,dynamical,2026-09-01,2027-02,5,2.3468,1.1844,1.1624,ens_048,monthly,1993-2016
C3S,NCEP,dynamical,2026-09-01,2026-09,0,2.9965,0.8439,2.1526,ens_049,monthly,1993-2016
C3S,NCEP,dynamical,2026-09-01,2026-10,1,3.6791,1.0424,2.6367,ens_049,monthly,1993-2016
C3S,NCEP,dynamical,2026-09-01,2026-11,2,3.8048,1.2538,2.551,ens_049,monthly,1993-2016
C3S,NCEP,dynamical,2026-09-01,2026-12,3,3.7283,1.2747,2.4536,ens_049,monthly,1993-2016
C3S,NCEP,dynamical,2026-09-01,2027-01,4,2.7933,1.144,1.6493,ens_049,monthly,1993-2016
C3S,NCEP,dynamical,2026-09-01,2027-02,5,2.5987,1.1159,1.4829,ens_049,monthly,1993-2016
C3S,NCEP,dynamical,2026-09-01,2026-09,0,2.9667,0.8602,2.1065,ens_050,monthly,1993-2016
C3S,NCEP,dynamical,2026-09-01,2026-10,1,3.7469,1.1502,2.5967,ens_050,monthly,1993-2016
C3S,NCEP,dynamical,2026-09-01,2026-11,2,4.0195,1.2426,2.777,ens_050,monthly,1993-2016
C3S,NCEP,dynamical,2026-09-01,2026-12,3,3.7267,1.2132,2.5135,ens_050,monthly,1993-2016
C3S,NCEP,dynamical,2026-09-01,2027-01,4,3.3128,1.189,2.1238,ens_050,monthly,1993-2016
C3S,NCEP,dynamical,2026-09-01,2027-02,5,2.7123,1.1703,1.542,ens_050,monthly,1993-2016
C3S,NCEP,dynamical,2026-09-01,2026-09,0,2.9233,0.8732,2.0502,ens_051,monthly,1993-2016
C3S,NCEP,dynamical,2026-09-01,2026-10,1,3.6104,0.9809,2.6295,ens_051,monthly,1993-2016
C3S,NCEP,dynamical,2026-09-01,2026-11,2,4.1435,1.0646,3.079,ens_051,monthly,1993-2016
C3S,NCEP,dynamical,2026-09-01,2026-12,3,3.6752,1.1287,2.5465,ens_051,monthly,1993-2016
C3S,NCEP,dynamical,2026-09-01,2027-01,4,2.8932,1.1681,1.725,ens_051,monthly,1993-2016
C3S,NCEP,dynamical,2026-09-01,2027-02,5,2.9529,1.0086,1.9442,ens_051,monthly,1993-2016
C3S,NCEP,dynamical,2026-09-01,2026-09,0,2.8798,0.8667,2.0131,ens_052,monthly,1993-2016
C3S,NCEP,dynamical,2026-09-01,2026-10,1,3.8232,1.1238,2.6994,ens_052,monthly,1993-2016
C3S,NCEP,dynamical,2026-09-01,2026-11,2,3.9945,1.3488,2.6457,ens_052,monthly,1993-2016
C3S,NCEP,dynamical,2026-09-01,2026-12,3,3.808,1.3511,2.4568,ens_052,monthly,1993-2016
C3S,NCEP,dynamical,2026-09-01,2027-01,4,3.3643,1.2878,2.0766,ens_052,monthly,1993-2016
C3S,NCEP,dynamical,2026-09-01,2027-02,5,2.3553,1.2486,1.1068,ens_052,monthly,1993-2016
C3S,NCEP,dynamical,2026-09-01,2026-09,0,2.8265,0.8459,1.9805,ens_053,monthly,1993-2016
C3S,NCEP,dynamical,2026-09-01,2026-10,1,3.8724,0.9862,2.8861,ens_053,monthly,1993-2016
C3S,NCEP,dynamical,2026-09-01,2026-11,2,3.959,1.0064,2.9526,ens_053,monthly,1993-2016
C3S,NCEP,dynamical,2026-09-01,2026-12,3,3.4915,1.0794,2.4121,ens_053,monthly,1993-2016
C3S,NCEP,dynamical,2026-09-01,2027-01,4,3.013,1.1242,1.8887,ens_053,monthly,1993-2016
C3S,NCEP,dynamical,2026-09-01,2027-02,5,2.4169,0.9892,1.4278,ens_053,monthly,1993-2016
C3S,NCEP,dynamical,2026-09-01,2026-09,0,2.849,0.8731,1.9759,ens_054,monthly,1993-2016
C3S,NCEP,dynamical,2026-09-01,2026-10,1,4.0439,1.1396,2.9043,ens_054,monthly,1993-2016
C3S,NCEP,dynamical,2026-09-01,2026-11,2,3.8846,1.1836,2.701,ens_054,monthly,1993-2016
C3S,NCEP,dynamical,2026-09-01,2026-12,3,3.5927,1.1727,2.42,ens_054,monthly,1993-2016
C3S,NCEP,dynamical,2026-09-01,2027-01,4,3.0442,1.1863,1.8579,ens_054,monthly,1993-2016
C3S,NCEP,dynamical,2026-09-01,2027-02,5,2.3591,1.0283,1.3308,ens_054,monthly,1993-2016
C3S,NCEP,dynamical,2026-09-01,2026-09,0,2.9014,0.8585,2.0429,ens_055,monthly,1993-2016
C3S,NCEP,dynamical,2026-09-01,2026-10,1,3.5667,1.0187,2.548,ens_055,monthly,1993-2016
C3S,NCEP,dynamical,2026-09-01,2026-11,2,3.6777,0.9974,2.6803,ens_055,monthly,1993-2016
C3S,NCEP,dynamical,2026-09-01,2026-12,3,3.3852,1.1134,2.2718,ens_055,monthly,1993-2016
C3S,NCEP,dynamical,2026-09-01,2027-01,4,2.9069,1.1507,1.7561,ens_055,monthly,1993-2016
C3S,NCEP,dynamical,2026-09-01,2027-02,5,2.3665,1.0407,1.3258,ens_055,monthly,1993-2016
C3S,NCEP,dynamical,2026-09-01,2026-09,0,2.8705,0.815,2.0555,ens_056,monthly,1993-2016
C3S,NCEP,dynamical,2026-09-01,2026-10,1,3.8008,1.1904,2.6103,ens_056,monthly,1993-2016
C3S,NCEP,dynamical,2026-09-01,2026-11,2,4.3583,1.31,3.0483,ens_056,monthly,1993-2016
C3S,NCEP,dynamical,2026-09-01,2026-12,3,3.8748,1.2125,2.6623,ens_056,monthly,1993-2016
C3S,NCEP,dynamical,2026-09-01,2027-01,4,3.5349,1.1781,2.3568,ens_056,monthly,1993-2016
C3S,NCEP,dynamical,2026-09-01,2027-02,5,2.6568,1.1261,1.5307,ens_056,monthly,1993-2016
C3S,NCEP,dynamical,2026-09-01,2026-09,0,2.7837,0.8383,1.9454,ens_057,monthly,1993-2016
C3S,NCEP,dynamical,2026-09-01,2026-10,1,3.501,1.1684,2.3326,ens_057,monthly,1993-2016
C3S,NCEP,dynamical,2026-09-01,2026-11,2,3.7319,1.2495,2.4824,ens_057,monthly,1993-2016
C3S,NCEP,dynamical,2026-09-01,2026-12,3,3.3692,1.2454,2.1238,ens_057,monthly,1993-2016
C3S,NCEP,dynamical,2026-09-01,2027-01,4,3.1211,1.1544,1.9667,ens_057,monthly,1993-2016
C3S,NCEP,dynamical,2026-09-01,2027-02,5,2.3103,1.1476,1.1627,ens_057,monthly,1993-2016
C3S,NCEP,dynamical,2026-09-01,2026-09,0,2.9269,0.8643,2.0626,ens_058,monthly,1993-2016
C3S,NCEP,dynamical,2026-09-01,2026-10,1,3.9267,1.0555,2.8712,ens_058,monthly,1993-2016
C3S,NCEP,dynamical,2026-09-01,2026-11,2,4.2039,1.1494,3.0545,ens_058,monthly,1993-2016
C3S,NCEP,dynamical,2026-09-01,2026-12,3,3.5789,1.231,2.3479,ens_058,monthly,1993-2016
C3S,NCEP,dynamical,2026-09-01,2027-01,4,2.877,1.2602,1.6168,ens_058,monthly,1993-2016
C3S,NCEP,dynamical,2026-09-01,2027-02,5,2.3884,1.1156,1.2728,ens_058,monthly,1993-2016
C3S,NCEP,dynamical,2026-09-01,2026-09,0,2.8947,0.8679,2.0267,ens_059,monthly,1993-2016
C3S,NCEP,dynamical,2026-09-01,2026-10,1,3.4835,1.0087,2.4749,ens_059,monthly,1993-2016
C3S,NCEP,dynamical,2026-09-01,2026-11,2,3.797,1.0588,2.7382,ens_059,monthly,1993-2016
C3S,NCEP,dynamical,2026-09-01,2026-12,3,3.2617,1.0619,2.1998,ens_059,monthly,1993-2016
C3S,NCEP,dynamical,2026-09-01,2027-01,4,3.0461,1.0635,1.9826,ens_059,monthly,1993-2016
C3S,NCEP,dynamical,2026-09-01,2027-02,5,2.4258,0.9983,1.4275,ens_059,monthly,1993-2016
C3S,NCEP,dynamical,2026-09-01,2026-09,0,2.8335,0.8168,2.0166,ens_060,monthly,1993-2016
C3S,NCEP,dynamical,2026-09-01,2026-10,1,3.6466,1.1114,2.5352,ens_060,monthly,1993-2016
C3S,NCEP,dynamical,2026-09-01,2026-11,2,4.1175,1.2267,2.8909,ens_060,monthly,1993-2016
C3S,NCEP,dynamical,2026-09-01,2026-12,3,3.6262,1.2809,2.3453,ens_060,monthly,1993-2016
C3S,NCEP,dynamical,2026-09-01,2027-01,4,3.3477,1.2015,2.1462,ens_060,monthly,1993-2016
C3S,NCEP,dynamical,2026-09-01,2027-02,5,2.1075,1.1768,0.9307,ens_060,monthly,1993-2016
C3S,NCEP,dynamical,2026-09-01,2026-09,0,2.8162,0.832,1.9842,ens_061,monthly,1993-2016
C3S,NCEP,dynamical,2026-09-01,2026-10,1,3.5963,1.0053,2.591,ens_061,monthly,1993-2016
C3S,NCEP,dynamical,2026-09-01,2026-11,2,4.0438,1.2473,2.7965,ens_061,monthly,1993-2016
C3S,NCEP,dynamical,2026-09-01,2026-12,3,3.896,1.319,2.577,ens_061,monthly,1993-2016
C3S,NCEP,dynamical,2026-09-01,2027-01,4,2.923,1.2613,1.6617,ens_061,monthly,1993-2016
C3S,NCEP,dynamical,2026-09-01,2027-02,5,2.42,1.2044,1.2155,ens_061,monthly,1993-2016
C3S,NCEP,dynamical,2026-09-01,2026-09,0,2.8661,0.8956,1.9705,ens_062,monthly,1993-2016
C3S,NCEP,dynamical,2026-09-01,2026-10,1,3.728,1.0682,2.6598,ens_062,monthly,1993-2016
C3S,NCEP,dynamical,2026-09-01,2026-11,2,4.068,1.182,2.886,ens_062,monthly,1993-2016
C3S,NCEP,dynamical,2026-09-01,2026-12,3,3.727,1.1677,2.5593,ens_062,monthly,1993-2016
C3S,NCEP,dynamical,2026-09-01,2027-01,4,3.4338,1.1862,2.2476,ens_062,monthly,1993-2016
C3S,NCEP,dynamical,2026-09-01,2027-02,5,2.5157,1.1022,1.4135,ens_062,monthly,1993-2016
C3S,NCEP,dynamical,2026-09-01,2026-09,0,2.8109,0.8466,1.9643,ens_063,monthly,1993-2016
C3S,NCEP,dynamical,2026-09-01,2026-10,1,3.6166,1.0662,2.5504,ens_063,monthly,1993-2016
C3S,NCEP,dynamical,2026-09-01,2026-11,2,4.1799,1.1626,3.0173,ens_063,monthly,1993-2016
C3S,NCEP,dynamical,2026-09-01,2026-12,3,3.5188,1.1117,2.4071,ens_063,monthly,1993-2016
C3S,NCEP,dynamical,2026-09-01,2027-01,4,3.0143,1.0485,1.9659,ens_063,monthly,1993-2016
C3S,NCEP,dynamical,2026-09-01,2027-02,5,2.3923,0.9979,1.3945,ens_063,monthly,1993-2016
C3S,NCEP,dynamical,2026-09-01,2026-09,0,2.9105,0.8302,2.0804,ens_064,monthly,1993-2016
C3S,NCEP,dynamical,2026-09-01,2026-10,1,4.0739,1.1047,2.9691,ens_064,monthly,1993-2016
C3S,NCEP,dynamical,2026-09-01,2026-11,2,3.6048,1.0867,2.5181,ens_064,monthly,1993-2016
C3S,NCEP,dynamical,2026-09-01,2026-12,3,3.6141,1.255,2.3591,ens_064,monthly,1993-2016
C3S,NCEP,dynamical,2026-09-01,2027-01,4,2.8155,1.2426,1.5729,ens_064,monthly,1993-2016
C3S,NCEP,dynamical,2026-09-01,2027-02,5,2.1732,1.2261,0.9471,ens_064,monthly,1993-2016
C3S,NCEP,dynamical,2026-09-01,2026-09,0,2.7725,0.7613,2.0112,ens_065,monthly,1993-2016
C3S,NCEP,dynamical,2026-09-01,2026-10,1,3.369,0.9664,2.4026,ens_065,monthly,1993-2016
C3S,NCEP,dynamical,2026-09-01,2026-11,2,3.9663,1.1127,2.8536,ens_065,monthly,1993-2016
C3S,NCEP,dynamical,2026-09-01,2026-12,3,3.3605,1.1096,2.2509,ens_065,monthly,1993-2016
C3S,NCEP,dynamical,2026-09-01,2027-01,4,2.4153,1.0266,1.3887,ens_065,monthly,1993-2016
C3S,NCEP,dynamical,2026-09-01,2027-02,5,2.2216,0.9771,1.2445,ens_065,monthly,1993-2016
C3S,NCEP,dynamical,2026-09-01,2026-09,0,2.9219,0.814,2.1079,ens_066,monthly,1993-2016
C3S,NCEP,dynamical,2026-09-01,2026-10,1,3.8344,1.0192,2.8152,ens_066,monthly,1993-2016
C3S,NCEP,dynamical,2026-09-01,2026-11,2,4.2682,1.1087,3.1595,ens_066,monthly,1993-2016
C3S,NCEP,dynamical,2026-09-01,2026-12,3,3.9228,1.1547,2.7681,ens_066,monthly,1993-2016
C3S,NCEP,dynamical,2026-09-01,2027-01,4,3.1278,1.0902,2.0376,ens_066,monthly,1993-2016
C3S,NCEP,dynamical,2026-09-01,2027-02,5,2.8451,1.0559,1.7891,ens_066,monthly,1993-2016
C3S,NCEP,dynamical,2026-09-01,2026-09,0,2.8033,0.8109,1.9925,ens_067,monthly,1993-2016
C3S,NCEP,dynamical,2026-09-01,2026-10,1,3.7767,1.0134,2.7633,ens_067,monthly,1993-2016
C3S,NCEP,dynamical,2026-09-01,2026-11,2,3.8425,1.0349,2.8076,ens_067,monthly,1993-2016
C3S,NCEP,dynamical,2026-09-01,2026-12,3,3.5596,1.0889,2.4706,ens_067,monthly,1993-2016
C3S,NCEP,dynamical,2026-09-01,2027-01,4,2.604,1.1401,1.4639,ens_067,monthly,1993-2016
C3S,NCEP,dynamical,2026-09-01,2027-02,5,2.0863,1.1455,0.9408,ens_067,monthly,1993-2016
C3S,NCEP,dynamical,2026-09-01,2026-09,0,2.7219,0.8296,1.8923,ens_068,monthly,1993-2016
C3S,NCEP,dynamical,2026-09-01,2026-10,1,3.9331,1.1291,2.804,ens_068,monthly,1993-2016
C3S,NCEP,dynamical,2026-09-01,2026-11,2,4.2297,1.2197,3.0099,ens_068,monthly,1993-2016
C3S,NCEP,dynamical,2026-09-01,2026-12,3,3.4195,1.2,2.2194,ens_068,monthly,1993-2016
C3S,NCEP,dynamical,2026-09-01,2027-01,4,2.5938,1.2326,1.3612,ens_068,monthly,1993-2016
C3S,NCEP,dynamical,2026-09-01,2027-02,5,2.3658,1.1518,1.214,ens_068,monthly,1993-2016
C3S,NCEP,dynamical,2026-09-01,2026-09,0,2.7377,0.8049,1.9328,ens_069,monthly,1993-2016
C3S,NCEP,dynamical,2026-09-01,2026-10,1,3.6403,1.0004,2.6399,ens_069,monthly,1993-2016
C3S,NCEP,dynamical,2026-09-01,2026-11,2,4.0289,1.1806,2.8484,ens_069,monthly,1993-2016
C3S,NCEP,dynamical,2026-09-01,2026-12,3,3.6344,1.1793,2.4551,ens_069,monthly,1993-2016
C3S,NCEP,dynamical,2026-09-01,2027-01,4,2.818,1.1871,1.6308,ens_069,monthly,1993-2016
C3S,NCEP,dynamical,2026-09-01,2027-02,5,2.3379,1.1035,1.2344,ens_069,monthly,1993-2016
C3S,NCEP,dynamical,2026-09-01,2026-09,0,2.8354,0.8512,1.9842,ens_070,monthly,1993-2016
C3S,NCEP,dynamical,2026-09-01,2026-10,1,3.7889,1.0815,2.7074,ens_070,monthly,1993-2016
C3S,NCEP,dynamical,2026-09-01,2026-11,2,4.5188,1.2204,3.2984,ens_070,monthly,1993-2016
C3S,NCEP,dynamical,2026-09-01,2026-12,3,3.7649,1.2241,2.5408,ens_070,monthly,1993-2016
C3S,NCEP,dynamical,2026-09-01,2027-01,4,2.8743,1.2889,1.5854,ens_070,monthly,1993-2016
C3S,NCEP,dynamical,2026-09-01,2027-02,5,2.4199,1.2227,1.1972,ens_070,monthly,1993-2016
C3S,NCEP,dynamical,2026-09-01,2026-09,0,2.7415,0.9084,1.8331,ens_071,monthly,1993-2016
C3S,NCEP,dynamical,2026-09-01,2026-10,1,3.7516,1.1815,2.5701,ens_071,monthly,1993-2016
C3S,NCEP,dynamical,2026-09-01,2026-11,2,3.8884,1.187,2.7014,ens_071,monthly,1993-2016
C3S,NCEP,dynamical,2026-09-01,2026-12,3,3.5934,1.2175,2.3758,ens_071,monthly,1993-2016
C3S,NCEP,dynamical,2026-09-01,2027-01,4,3.2227,1.194,2.0288,ens_071,monthly,1993-2016
C3S,NCEP,dynamical,2026-09-01,2027-02,5,2.2741,1.1245,1.1496,ens_071,monthly,1993-2016
C3S,NCEP,dynamical,2026-09-01,2026-09,0,2.8568,0.8557,2.0011,ens_072,monthly,1993-2016
C3S,NCEP,dynamical,2026-09-01,2026-10,1,3.6581,1.0531,2.6049,ens_072,monthly,1993-2016
C3S,NCEP,dynamical,2026-09-01,2026-11,2,3.8111,1.2684,2.5427,ens_072,monthly,1993-2016
C3S,NCEP,dynamical,2026-09-01,2026-12,3,3.6048,1.3109,2.2939,ens_072,monthly,1993-2016
C3S,NCEP,dynamical,2026-09-01,2027-01,4,2.841,1.2358,1.6052,ens_072,monthly,1993-2016
C3S,NCEP,dynamical,2026-09-01,2027-02,5,2.0999,1.0894,1.0105,ens_072,monthly,1993-2016
C3S,NCEP,dynamical,2026-09-01,2026-09,0,2.8463,0.8644,1.9819,ens_073,monthly,1993-2016
C3S,NCEP,dynamical,2026-09-01,2026-10,1,3.5706,0.9882,2.5824,ens_073,monthly,1993-2016
C3S,NCEP,dynamical,2026-09-01,2026-11,2,3.9816,1.189,2.7926,ens_073,monthly,1993-2016
C3S,NCEP,dynamical,2026-09-01,2026-12,3,3.656,1.1636,2.4924,ens_073,monthly,1993-2016
C3S,NCEP,dynamical,2026-09-01,2027-01,4,3.1993,1.0899,2.1094,ens_073,monthly,1993-2016
C3S,NCEP,dynamical,2026-09-01,2027-02,5,2.6083,1.08,1.5283,ens_073,monthly,1993-2016
C3S,NCEP,dynamical,2026-09-01,2026-09,0,2.9055,0.8933,2.0122,ens_074,monthly,1993-2016
C3S,NCEP,dynamical,2026-09-01,2026-10,1,3.8772,1.1358,2.7414,ens_074,monthly,1993-2016
C3S,NCEP,dynamical,2026-09-01,2026-11,2,4.249,1.2409,3.0081,ens_074,monthly,1993-2016
C3S,NCEP,dynamical,2026-09-01,2026-12,3,3.6413,1.2102,2.4311,ens_074,monthly,1993-2016
C3S,NCEP,dynamical,2026-09-01,2027-01,4,2.9042,1.2269,1.6773,ens_074,monthly,1993-2016
C3S,NCEP,dynamical,2026-09-01,2027-02,5,2.3514,1.155,1.1964,ens_074,monthly,1993-2016
C3S,NCEP,dynamical,2026-09-01,2026-09,0,2.956,0.9028,2.0532,ens_075,monthly,1993-2016
C3S,NCEP,dynamical,2026-09-01,2026-10,1,3.7251,1.0961,2.629,ens_075,monthly,1993-2016
C3S,NCEP,dynamical,2026-09-01,2026-11,2,4.3223,1.1919,3.1305,ens_075,monthly,1993-2016
C3S,NCEP,dynamical,2026-09-01,2026-12,3,4.0327,1.1744,2.8584,ens_075,monthly,1993-2016
C3S,NCEP,dynamical,2026-09-01,2027-01,4,3.1088,1.0828,2.0261,ens_075,monthly,1993-2016
C3S,NCEP,dynamical,2026-09-01,2027-02,5,2.2125,1.0401,1.1724,ens_075,monthly,1993-2016
C3S,NCEP,dynamical,2026-09-01,2026-09,0,2.8739,0.8274,2.0465,ens_076,monthly,1993-2016
C3S,NCEP,dynamical,2026-09-01,2026-10,1,3.6478,1.0232,2.6246,ens_076,monthly,1993-2016
C3S,NCEP,dynamical,2026-09-01,2026-11,2,4.0864,1.1408,2.9457,ens_076,monthly,1993-2016
C3S,NCEP,dynamical,2026-09-01,2026-12,3,3.6615,1.1491,2.5124,ens_076,monthly,1993-2016
C3S,NCEP,dynamical,2026-09-01,2027-01,4,2.8302,1.1258,1.7044,ens_076,monthly,1993-2016
C3S,NCEP,dynamical,2026-09-01,2027-02,5,2.3048,1.0491,1.2558,ens_076,monthly,1993-2016
C3S,NCEP,dynamical,2026-09-01,2026-09,0,3.0258,0.8753,2.1504,ens_077,monthly,1993-2016
C3S,NCEP,dynamical,2026-09-01,2026-10,1,3.8985,1.0095,2.889,ens_077,monthly,1993-2016
C3S,NCEP,dynamical,2026-09-01,2026-11,2,3.8988,1.0705,2.8283,ens_077,monthly,1993-2016
C3S,NCEP,dynamical,2026-09-01,2026-12,3,3.4972,1.1195,2.3777,ens_077,monthly,1993-2016
C3S,NCEP,dynamical,2026-09-01,2027-01,4,2.6221,1.0741,1.548,ens_077,monthly,1993-2016
C3S,NCEP,dynamical,2026-09-01,2027-02,5,2.4746,1.0629,1.4117,ens_077,monthly,1993-2016
C3S,NCEP,dynamical,2026-09-01,2026-09,0,2.9013,0.8929,2.0084,ens_078,monthly,1993-2016
C3S,NCEP,dynamical,2026-09-01,2026-10,1,3.9437,1.0632,2.8806,ens_078,monthly,1993-2016
C3S,NCEP,dynamical,2026-09-01,2026-11,2,4.5888,1.2019,3.3869,ens_078,monthly,1993-2016
C3S,NCEP,dynamical,2026-09-01,2026-12,3,3.581,1.2355,2.3455,ens_078,monthly,1993-2016
C3S,NCEP,dynamical,2026-09-01,2027-01,4,2.6672,1.2826,1.3846,ens_078,monthly,1993-2016
C3S,NCEP,dynamical,2026-09-01,2027-02,5,2.2795,1.1178,1.1617,ens_078,monthly,1993-2016
C3S,NCEP,dynamical,2026-09-01,2026-09,0,2.8307,0.8177,2.013,ens_079,monthly,1993-2016
C3S,NCEP,dynamical,2026-09-01,2026-10,1,3.8906,1.0616,2.829,ens_079,monthly,1993-2016
C3S,NCEP,dynamical,2026-09-01,2026-11,2,4.467,1.1568,3.3102,ens_079,monthly,1993-2016
C3S,NCEP,dynamical,2026-09-01,2026-12,3,3.6789,1.2127,2.4662,ens_079,monthly,1993-2016
C3S,NCEP,dynamical,2026-09-01,2027-01,4,2.6671,1.2648,1.4023,ens_079,monthly,1993-2016
C3S,NCEP,dynamical,2026-09-01,2027-02,5,2.2191,1.1132,1.1059,ens_079,monthly,1993-2016
C3S,NCEP,dynamical,2026-09-01,2026-09,0,2.9293,0.8413,2.0881,ens_080,monthly,1993-2016
C3S,NCEP,dynamical,2026-09-01,2026-10,1,4.139,1.1036,3.0354,ens_080,monthly,1993-2016
C3S,NCEP,dynamical,2026-09-01,2026-11,2,4.3869,1.1848,3.2021,ens_080,monthly,1993-2016
C3S,NCEP,dynamical,2026-09-01,2026-12,3,3.124,1.2813,1.8427,ens_080,monthly,1993-2016
C3S,NCEP,dynamical,2026-09-01,2027-01,4,2.5651,1.2313,1.3338,ens_080,monthly,1993-2016
C3S,NCEP,dynamical,2026-09-01,2027-02,5,1.8919,1.0708,0.8211,ens_080,monthly,1993-2016
C3S,NCEP,dynamical,2026-09-01,2026-09,0,2.9766,0.8355,2.1412,ens_081,monthly,1993-2016
C3S,NCEP,dynamical,2026-09-01,2026-10,1,3.9885,1.0366,2.9519,ens_081,monthly,1993-2016
C3S,NCEP,dynamical,2026-09-01,2026-11,2,3.9735,1.0956,2.8779,ens_081,monthly,1993-2016
C3S,NCEP,dynamical,2026-09-01,2026-12,3,3.6865,1.1183,2.5681,ens_081,monthly,1993-2016
C3S,NCEP,dynamical,2026-09-01,2027-01,4,2.825,0.9787,1.8463,ens_081,monthly,1993-2016
C3S,NCEP,dynamical,2026-09-01,2027-02,5,2.4575,1.025,1.4325,ens_081,monthly,1993-2016
C3S,NCEP,dynamical,2026-09-01,2026-09,0,2.7924,0.7905,2.0018,ens_082,monthly,1993-2016
C3S,NCEP,dynamical,2026-09-01,2026-10,1,4.3385,1.1007,3.2379,ens_082,monthly,1993-2016
C3S,NCEP,dynamical,2026-09-01,2026-11,2,4.0834,1.2087,2.8747,ens_082,monthly,1993-2016
C3S,NCEP,dynamical,2026-09-01,2026-12,3,3.8396,1.1691,2.6706,ens_082,monthly,1993-2016
C3S,NCEP,dynamical,2026-09-01,2027-01,4,3.2356,1.1289,2.1066,ens_082,monthly,1993-2016
C3S,NCEP,dynamical,2026-09-01,2027-02,5,2.574,1.0831,1.4909,ens_082,monthly,1993-2016
C3S,NCEP,dynamical,2026-09-01,2026-09,0,2.8341,0.8323,2.0018,ens_083,monthly,1993-2016
C3S,NCEP,dynamical,2026-09-01,2026-10,1,3.8114,1.0107,2.8007,ens_083,monthly,1993-2016
C3S,NCEP,dynamical,2026-09-01,2026-11,2,4.1818,1.1218,3.06,ens_083,monthly,1993-2016
C3S,NCEP,dynamical,2026-09-01,2026-12,3,4.0992,1.1735,2.9257,ens_083,monthly,1993-2016
C3S,NCEP,dynamical,2026-09-01,2027-01,4,2.9046,1.1343,1.7703,ens_083,monthly,1993-2016
C3S,NCEP,dynamical,2026-09-01,2027-02,5,2.784,1.0876,1.6965,ens_083,monthly,1993-2016
C3S,NCEP,dynamical,2026-09-01,2026-09,0,2.9963,0.8403,2.156,ens_084,monthly,1993-2016
C3S,NCEP,dynamical,2026-09-01,2026-10,1,3.8595,0.9843,2.8752,ens_084,monthly,1993-2016
C3S,NCEP,dynamical,2026-09-01,2026-11,2,4.0456,1.0646,2.981,ens_084,monthly,1993-2016
C3S,NCEP,dynamical,2026-09-01,2026-12,3,3.8603,1.1565,2.7038,ens_084,monthly,1993-2016
C3S,NCEP,dynamical,2026-09-01,2027-01,4,3.2836,1.1373,2.1463,ens_084,monthly,1993-2016
C3S,NCEP,dynamical,2026-09-01,2027-02,5,2.2706,1.1596,1.111,ens_084,monthly,1993-2016
C3S,NCEP,dynamical,2026-09-01,2026-09,0,2.8771,0.8832,1.9939,ens_085,monthly,1993-2016
C3S,NCEP,dynamical,2026-09-01,2026-10,1,3.7353,1.148,2.5874,ens_085,monthly,1993-2016
C3S,NCEP,dynamical,2026-09-01,2026-11,2,4.4347,1.2868,3.1479,ens_085,monthly,1993-2016
C3S,NCEP,dynamical,2026-09-01,2026-12,3,3.4262,1.1819,2.2443,ens_085,monthly,1993-2016
C3S,NCEP,dynamical,2026-09-01,2027-01,4,2.8668,1.1523,1.7145,ens_085,monthly,1993-2016
C3S,NCEP,dynamical,2026-09-01,2027-02,5,1.9956,1.165,0.8306,ens_085,monthly,1993-2016
C3S,NCEP,dynamical,2026-09-01,2026-09,0,2.9397,0.894,2.0457,ens_086,monthly,1993-2016
C3S,NCEP,dynamical,2026-09-01,2026-10,1,4.1039,1.1528,2.9511,ens_086,monthly,1993-2016
C3S,NCEP,dynamical,2026-09-01,2026-11,2,4.474,1.2126,3.2614,ens_086,monthly,1993-2016
C3S,NCEP,dynamical,2026-09-01,2026-12,3,3.4812,1.2534,2.2278,ens_086,monthly,1993-2016
C3S,NCEP,dynamical,2026-09-01,2027-01,4,3.0937,1.2642,1.8295,ens_086,monthly,1993-2016
C3S,NCEP,dynamical,2026-09-01,2027-02,5,2.5406,1.1123,1.4283,ens_086,monthly,1993-2016
C3S,NCEP,dynamical,2026-09-01,2026-09,0,3.0811,0.9012,2.1799,ens_087,monthly,1993-2016
C3S,NCEP,dynamical,2026-09-01,2026-10,1,3.8659,1.1127,2.7532,ens_087,monthly,1993-2016
C3S,NCEP,dynamical,2026-09-01,2026-11,2,4.2028,1.1931,3.0097,ens_087,monthly,1993-2016
C3S,NCEP,dynamical,2026-09-01,2026-12,3,4.1675,1.2213,2.9462,ens_087,monthly,1993-2016
C3S,NCEP,dynamical,2026-09-01,2027-01,4,2.8891,1.2239,1.6652,ens_087,monthly,1993-2016
C3S,NCEP,dynamical,2026-09-01,2027-02,5,2.324,1.084,1.2401,ens_087,monthly,1993-2016
C3S,NCEP,dynamical,2026-09-01,2026-09,0,2.9532,0.859,2.0942,ens_088,monthly,1993-2016
C3S,NCEP,dynamical,2026-09-01,2026-10,1,3.6141,1.1108,2.5033,ens_088,monthly,1993-2016
C3S,NCEP,dynamical,2026-09-01,2026-11,2,4.3443,1.114,3.2304,ens_088,monthly,1993-2016
C3S,NCEP,dynamical,2026-09-01,2026-12,3,3.9947,1.1737,2.821,ens_088,monthly,1993-2016
C3S,NCEP,dynamical,2026-09-01,2027-01,4,3.0306,1.1692,1.8614,ens_088,monthly,1993-2016
C3S,NCEP,dynamical,2026-09-01,2027-02,5,2.6571,1.08,1.5772,ens_088,monthly,1993-2016
C3S,NCEP,dynamical,2026-09-01,2026-09,0,3.0401,0.8274,2.2128,ens_089,monthly,1993-2016
C3S,NCEP,dynamical,2026-09-01,2026-10,1,3.8919,1.0831,2.8088,ens_089,monthly,1993-2016
C3S,NCEP,dynamical,2026-09-01,2026-11,2,4.4661,1.1402,3.3259,ens_089,monthly,1993-2016
C3S,NCEP,dynamical,2026-09-01,2026-12,3,3.6766,1.1848,2.4918,ens_089,monthly,1993-2016
C3S,NCEP,dynamical,2026-09-01,2027-01,4,2.9223,1.2145,1.7078,ens_089,monthly,1993-2016
C3S,NCEP,dynamical,2026-09-01,2027-02,5,1.9227,1.0898,0.8329,ens_089,monthly,1993-2016
C3S,NCEP,dynamical,2026-09-01,2026-09,0,3.0149,0.937,2.0779,ens_090,monthly,1993-2016
C3S,NCEP,dynamical,2026-09-01,2026-10,1,4.1293,1.151,2.9784,ens_090,monthly,1993-2016
C3S,NCEP,dynamical,2026-09-01,2026-11,2,4.6333,1.2552,3.3781,ens_090,monthly,1993-2016
C3S,NCEP,dynamical,2026-09-01,2026-12,3,3.6348,1.2054,2.4294,ens_090,monthly,1993-2016
C3S,NCEP,dynamical,2026-09-01,2027-01,4,3.0618,1.2649,1.7969,ens_090,monthly,1993-2016
C3S,NCEP,dynamical,2026-09-01,2027-02,5,2.266,1.1714,1.0946,ens_090,monthly,1993-2016
C3S,NCEP,dynamical,2026-09-01,2026-09,0,2.8386,0.8712,1.9675,ens_091,monthly,1993-2016
C3S,NCEP,dynamical,2026-09-01,2026-10,1,4.0159,1.1189,2.897,ens_091,monthly,1993-2016
C3S,NCEP,dynamical,2026-09-01,2026-11,2,4.0261,1.1416,2.8846,ens_091,monthly,1993-2016
C3S,NCEP,dynamical,2026-09-01,2026-12,3,3.6023,1.2045,2.3978,ens_091,monthly,1993-2016
C3S,NCEP,dynamical,2026-09-01,2027-01,4,2.9435,1.2149,1.7286,ens_091,monthly,1993-2016
C3S,NCEP,dynamical,2026-09-01,2027-02,5,2.4638,1.0222,1.4416,ens_091,monthly,1993-2016
C3S,NCEP,dynamical,2026-09-01,2026-09,0,2.9727,0.8284,2.1443,ens_092,monthly,1993-2016
C3S,NCEP,dynamical,2026-09-01,2026-10,1,3.8314,1.14,2.6914,ens_092,monthly,1993-2016
C3S,NCEP,dynamical,2026-09-01,2026-11,2,4.0408,1.2404,2.8004,ens_092,monthly,1993-2016
C3S,NCEP,dynamical,2026-09-01,2026-12,3,3.7482,1.1878,2.5605,ens_092,monthly,1993-2016
C3S,NCEP,dynamical,2026-09-01,2027-01,4,3.1657,1.1326,2.0331,ens_092,monthly,1993-2016
C3S,NCEP,dynamical,2026-09-01,2027-02,5,2.6289,1.0837,1.5451,ens_092,monthly,1993-2016
C3S,NCEP,dynamical,2026-09-01,2026-09,0,3.0247,0.8878,2.137,ens_093,monthly,1993-2016
C3S,NCEP,dynamical,2026-09-01,2026-10,1,3.9196,1.0228,2.8967,ens_093,monthly,1993-2016
C3S,NCEP,dynamical,2026-09-01,2026-11,2,4.448,1.1519,3.2961,ens_093,monthly,1993-2016
C3S,NCEP,dynamical,2026-09-01,2026-12,3,3.8696,1.1484,2.7212,ens_093,monthly,1993-2016
C3S,NCEP,dynamical,2026-09-01,2027-01,4,3.2284,1.0893,2.1391,ens_093,monthly,1993-2016
C3S,NCEP,dynamical,2026-09-01,2027-02,5,2.2141,1.1716,1.0424,ens_093,monthly,1993-2016
C3S,NCEP,dynamical,2026-09-01,2026-09,0,2.9319,0.8065,2.1254,ens_094,monthly,1993-2016
C3S,NCEP,dynamical,2026-09-01,2026-10,1,4.0113,1.0193,2.9919,ens_094,monthly,1993-2016
C3S,NCEP,dynamical,2026-09-01,2026-11,2,4.0192,1.0672,2.952,ens_094,monthly,1993-2016
C3S,NCEP,dynamical,2026-09-01,2026-12,3,3.3899,1.2475,2.1424,ens_094,monthly,1993-2016
C3S,NCEP,dynamical,2026-09-01,2027-01,4,2.5985,1.2719,1.3265,ens_094,monthly,1993-2016
C3S,NCEP,dynamical,2026-09-01,2027-02,5,1.7772,1.0469,0.7302,ens_094,monthly,1993-2016
C3S,NCEP,dynamical,2026-09-01,2026-09,0,2.7738,0.8383,1.9355,ens_095,monthly,1993-2016
C3S,NCEP,dynamical,2026-09-01,2026-10,1,3.7686,1.1742,2.5944,ens_095,monthly,1993-2016
C3S,NCEP,dynamical,2026-09-01,2026-11,2,4.2698,1.3189,2.9509,ens_095,monthly,1993-2016
C3S,NCEP,dynamical,2026-09-01,2026-12,3,3.7472,1.3005,2.4467,ens_095,monthly,1993-2016
C3S,NCEP,dynamical,2026-09-01,2027-01,4,2.8721,1.2373,1.6348,ens_095,monthly,1993-2016
C3S,NCEP,dynamical,2026-09-01,2027-02,5,2.3813,1.0915,1.2898,ens_095,monthly,1993-2016
C3S,NCEP,dynamical,2026-09-01,2026-09,0,3.0406,0.8818,2.1587,ens_096,monthly,1993-2016
C3S,NCEP,dynamical,2026-09-01,2026-10,1,3.7765,1.0988,2.6777,ens_096,monthly,1993-2016
C3S,NCEP,dynamical,2026-09-01,2026-11,2,4.0677,1.1978,2.8698,ens_096,monthly,1993-2016
C3S,NCEP,dynamical,2026-09-01,2026-12,3,4.0579,1.2471,2.8108,ens_096,monthly,1993-2016
C3S,NCEP,dynamical,2026-09-01,2027-01,4,3.0434,1.2186,1.8247,ens_096,monthly,1993-2016
C3S,NCEP,dynamical,2026-09-01,2027-02,5,2.6896,1.1485,1.5411,ens_096,monthly,1993-2016
C3S,NCEP,dynamical,2026-09-01,2026-09,0,2.9836,0.856,2.1276,ens_097,monthly,1993-2016
C3S,NCEP,dynamical,2026-09-01,2026-10,1,3.8821,1.0118,2.8704,ens_097,monthly,1993-2016
C3S,NCEP,dynamical,2026-09-01,2026-11,2,4.1543,1.0757,3.0786,ens_097,monthly,1993-2016
C3S,NCEP,dynamical,2026-09-01,2026-12,3,3.4898,1.0667,2.423,ens_097,monthly,1993-2016
C3S,NCEP,dynamical,2026-09-01,2027-01,4,2.7598,1.0911,1.6687,ens_097,monthly,1993-2016
C3S,NCEP,dynamical,2026-09-01,2027-02,5,2.2826,1.0053,1.2773,ens_097,monthly,1993-2016
C3S,NCEP,dynamical,2026-09-01,2026-09,0,2.8661,0.826,2.0401,ens_098,monthly,1993-2016
C3S,NCEP,dynamical,2026-09-01,2026-10,1,3.6678,1.1077,2.5601,ens_098,monthly,1993-2016
C3S,NCEP,dynamical,2026-09-01,2026-11,2,4.5148,1.32,3.1947,ens_098,monthly,1993-2016
C3S,NCEP,dynamical,2026-09-01,2026-12,3,4.0235,1.3466,2.677,ens_098,monthly,1993-2016
C3S,NCEP,dynamical,2026-09-01,2027-01,4,3.0443,1.2717,1.7726,ens_098,monthly,1993-2016
C3S,NCEP,dynamical,2026-09-01,2027-02,5,2.2385,1.2512,0.9873,ens_098,monthly,1993-2016
C3S,NCEP,dynamical,2026-09-01,2026-09,0,2.8424,0.9107,1.9317,ens_099,monthly,1993-2016
C3S,NCEP,dynamical,2026-09-01,2026-10,1,3.7361,1.1661,2.57,ens_099,monthly,1993-2016
C3S,NCEP,dynamical,2026-09-01,2026-11,2,4.189,1.148,3.041,ens_099,monthly,1993-2016
C3S,NCEP,dynamical,2026-09-01,2026-12,3,3.8907,1.1867,2.704,ens_099,monthly,1993-2016
C3S,NCEP,dynamical,2026-09-01,2027-01,4,3.2242,1.0693,2.155,ens_099,monthly,1993-2016
C3S,NCEP,dynamical,2026-09-01,2027-02,5,2.5727,0.9558,1.6168,ens_099,monthly,1993-2016
C3S,NCEP,dynamical,2026-09-01,2026-09,0,2.8647,0.805,2.0598,ens_100,monthly,1993-2016
C3S,NCEP,dynamical,2026-09-01,2026-10,1,3.6534,1.005,2.6484,ens_100,monthly,1993-2016
C3S,NCEP,dynamical,2026-09-01,2026-11,2,3.9212,1.1444,2.7768,ens_100,monthly,1993-2016
C3S,NCEP,dynamical,2026-09-01,2026-12,3,3.8469,1.2094,2.6375,ens_100,monthly,1993-2016
C3S,NCEP,dynamical,2026-09-01,2027-01,4,3.2465,1.1963,2.0503,ens_100,monthly,1993-2016
C3S,NCEP,dynamical,2026-09-01,2027-02,5,2.6149,1.0576,1.5574,ens_100,monthly,1993-2016
C3S,NCEP,dynamical,2026-09-01,2026-09,0,2.6652,0.7961,1.869,ens_101,monthly,1993-2016
C3S,NCEP,dynamical,2026-09-01,2026-10,1,3.481,0.9839,2.4971,ens_101,monthly,1993-2016
C3S,NCEP,dynamical,2026-09-01,2026-11,2,3.8701,1.0505,2.8196,ens_101,monthly,1993-2016
C3S,NCEP,dynamical,2026-09-01,2026-12,3,3.3205,1.0386,2.2818,ens_101,monthly,1993-2016
C3S,NCEP,dynamical,2026-09-01,2027-01,4,2.8203,0.9845,1.8358,ens_101,monthly,1993-2016
C3S,NCEP,dynamical,2026-09-01,2027-02,5,2.3706,0.9992,1.3714,ens_101,monthly,1993-2016
C3S,NCEP,dynamical,2026-09-01,2026-09,0,2.9179,0.7833,2.1346,ens_102,monthly,1993-2016
C3S,NCEP,dynamical,2026-09-01,2026-10,1,4.2415,1.0599,3.1817,ens_102,monthly,1993-2016
C3S,NCEP,dynamical,2026-09-01,2026-11,2,3.8718,1.0777,2.794,ens_102,monthly,1993-2016
C3S,NCEP,dynamical,2026-09-01,2026-12,3,3.2745,1.1399,2.1345,ens_102,monthly,1993-2016
C3S,NCEP,dynamical,2026-09-01,2027-01,4,2.7834,1.0014,1.7821,ens_102,monthly,1993-2016
C3S,NCEP,dynamical,2026-09-01,2027-02,5,2.1718,1.0042,1.1676,ens_102,monthly,1993-2016
C3S,NCEP,dynamical,2026-09-01,2026-09,0,2.6912,0.8176,1.8735,ens_103,monthly,1993-2016
C3S,NCEP,dynamical,2026-09-01,2026-10,1,3.4266,0.9166,2.51,ens_103,monthly,1993-2016
C3S,NCEP,dynamical,2026-09-01,2026-11,2,4.0754,1.1479,2.9275,ens_103,monthly,1993-2016
C3S,NCEP,dynamical,2026-09-01,2026-12,3,4.2718,1.2362,3.0356,ens_103,monthly,1993-2016
C3S,NCEP,dynamical,2026-09-01,2027-01,4,3.2399,1.1837,2.0562,ens_103,monthly,1993-2016
C3S,NCEP,dynamical,2026-09-01,2027-02,5,2.4246,1.1741,1.2505,ens_103,monthly,1993-2016
C3S,NCEP,dynamical,2026-09-01,2026-09,0,2.9955,0.8102,2.1853,ens_104,monthly,1993-2016
C3S,NCEP,dynamical,2026-09-01,2026-10,1,3.7776,1.0426,2.7351,ens_104,monthly,1993-2016
C3S,NCEP,dynamical,2026-09-01,2026-11,2,4.4061,1.3168,3.0893,ens_104,monthly,1993-2016
C3S,NCEP,dynamical,2026-09-01,2026-12,3,3.9956,1.3029,2.6927,ens_104,monthly,1993-2016
C3S,NCEP,dynamical,2026-09-01,2027-01,4,3.0603,1.2018,1.8584,ens_104,monthly,1993-2016
C3S,NCEP,dynamical,2026-09-01,2027-02,5,2.5106,1.0589,1.4517,ens_104,monthly,1993-2016
C3S,NCEP,dynamical,2026-09-01,2026-09,0,2.9416,0.8662,2.0754,ens_105,monthly,1993-2016
C3S,NCEP,dynamical,2026-09-01,2026-10,1,3.6576,1.0197,2.6379,ens_105,monthly,1993-2016
C3S,NCEP,dynamical,2026-09-01,2026-11,2,4.2142,1.1649,3.0493,ens_105,monthly,1993-2016
C3S,NCEP,dynamical,2026-09-01,2026-12,3,3.9411,1.2212,2.7199,ens_105,monthly,1993-2016
C3S,NCEP,dynamical,2026-09-01,2027-01,4,3.5268,1.1904,2.3364,ens_105,monthly,1993-2016
C3S,NCEP,dynamical,2026-09-01,2027-02,5,2.6208,1.1742,1.4466,ens_105,monthly,1993-2016
C3S,NCEP,dynamical,2026-09-01,2026-09,0,2.9535,0.7933,2.1602,ens_106,monthly,1993-2016
C3S,NCEP,dynamical,2026-09-01,2026-10,1,3.6141,1.0887,2.5254,ens_106,monthly,1993-2016
C3S,NCEP,dynamical,2026-09-01,2026-11,2,4.0125,1.1452,2.8673,ens_106,monthly,1993-2016
C3S,NCEP,dynamical,2026-09-01,2026-12,3,3.6144,1.2341,2.3802,ens_106,monthly,1993-2016
C3S,NCEP,dynamical,2026-09-01,2027-01,4,3.1127,1.1873,1.9254,ens_106,monthly,1993-2016
C3S,NCEP,dynamical,2026-09-01,2027-02,5,2.2201,1.2635,0.9565,ens_106,monthly,1993-2016
C3S,NCEP,dynamical,2026-09-01,2026-09,0,2.8661,0.8368,2.0293,ens_107,monthly,1993-2016
C3S,NCEP,dynamical,2026-09-01,2026-10,1,3.8049,1.0837,2.7212,ens_107,monthly,1993-2016
C3S,NCEP,dynamical,2026-09-01,2026-11,2,3.8011,1.1328,2.6683,ens_107,monthly,1993-2016
C3S,NCEP,dynamical,2026-09-01,2026-12,3,3.5785,1.1814,2.3971,ens_107,monthly,1993-2016
C3S,NCEP,dynamical,2026-09-01,2027-01,4,2.9265,1.1388,1.7876,ens_107,monthly,1993-2016
C3S,NCEP,dynamical,2026-09-01,2027-02,5,2.6925,0.9957,1.6968,ens_107,monthly,1993-2016
C3S,NCEP,dynamical,2026-09-01,2026-09,0,2.7492,0.7518,1.9974,ens_108,monthly,1993-2016
C3S,NCEP,dynamical,2026-09-01,2026-10,1,3.5405,1.0383,2.5021,ens_108,monthly,1993-2016
C3S,NCEP,dynamical,2026-09-01,2026-11,2,3.7123,1.1445,2.5678,ens_108,monthly,1993-2016
C3S,NCEP,dynamical,2026-09-01,2026-12,3,3.7772,1.2391,2.538,ens_108,monthly,1993-2016
C3S,NCEP,dynamical,2026-09-01,2027-01,4,2.5994,1.266,1.3334,ens_108,monthly,1993-2016
C3S,NCEP,dynamical,2026-09-01,2027-02,5,2.1238,1.1333,0.9906,ens_108,monthly,1993-2016
C3S,NCEP,dynamical,2026-09-01,2026-09,0,2.6744,0.823,1.8514,ens_109,monthly,1993-2016
C3S,NCEP,dynamical,2026-09-01,2026-10,1,3.6797,1.0616,2.6181,ens_109,monthly,1993-2016
C3S,NCEP,dynamical,2026-09-01,2026-11,2,3.9183,1.1358,2.7825,ens_109,monthly,1993-2016
C3S,NCEP,dynamical,2026-09-01,2026-12,3,3.5005,1.1459,2.3546,ens_109,monthly,1993-2016
C3S,NCEP,dynamical,2026-09-01,2027-01,4,2.6695,1.2258,1.4437,ens_109,monthly,1993-2016
C3S,NCEP,dynamical,2026-09-01,2027-02,5,2.2115,1.1648,1.0467,ens_109,monthly,1993-2016
C3S,NCEP,dynamical,2026-09-01,2026-09,0,2.9907,0.7931,2.1976,ens_110,monthly,1993-2016
C3S,NCEP,dynamical,2026-09-01,2026-10,1,3.8851,1.029,2.8561,ens_110,monthly,1993-2016
C3S,NCEP,dynamical,2026-09-01,2026-11,2,4.2216,1.1872,3.0344,ens_110,monthly,1993-2016
C3S,NCEP,dynamical,2026-09-01,2026-12,3,3.8571,1.2289,2.6282,ens_110,monthly,1993-2016
C3S,NCEP,dynamical,2026-09-01,2027-01,4,2.7885,1.2523,1.5362,ens_110,monthly,1993-2016
C3S,NCEP,dynamical,2026-09-01,2027-02,5,2.4177,1.1011,1.3166,ens_110,monthly,1993-2016
C3S,NCEP,dynamical,2026-09-01,2026-09,0,3.0704,0.9025,2.1679,ens_111,monthly,1993-2016
C3S,NCEP,dynamical,2026-09-01,2026-10,1,4.2832,1.1677,3.1155,ens_111,monthly,1993-2016
C3S,NCEP,dynamical,2026-09-01,2026-11,2,4.5949,1.3192,3.2757,ens_111,monthly,1993-2016
C3S,NCEP,dynamical,2026-09-01,2026-12,3,3.5922,1.2637,2.3285,ens_111,monthly,1993-2016
C3S,NCEP,dynamical,2026-09-01,2027-01,4,3.1392,1.1957,1.9435,ens_111,monthly,1993-2016
C3S,NCEP,dynamical,2026-09-01,2027-02,5,2.4925,1.1686,1.3238,ens_111,monthly,1993-2016
C3S,NCEP,dynamical,2026-09-01,2026-09,0,2.7434,0.8221,1.9213,ens_112,monthly,1993-2016
C3S,NCEP,dynamical,2026-09-01,2026-10,1,3.5495,1.0441,2.5054,ens_112,monthly,1993-2016
C3S,NCEP,dynamical,2026-09-01,2026-11,2,3.9141,1.2338,2.6803,ens_112,monthly,1993-2016
C3S,NCEP,dynamical,2026-09-01,2026-12,3,3.491,1.2897,2.2013,ens_112,monthly,1993-2016
C3S,NCEP,dynamical,2026-09-01,2027-01,4,3.114,1.2224,1.8916,ens_112,monthly,1993-2016
C3S,NCEP,dynamical,2026-09-01,2027-02,5,2.6254,1.0914,1.534,ens_112,monthly,1993-2016
C3S,NCEP,dynamical,2026-09-01,2026-09,0,2.8649,0.7806,2.0843,ens_113,monthly,1993-2016
C3S,NCEP,dynamical,2026-09-01,2026-10,1,3.6253,0.9824,2.643,ens_113,monthly,1993-2016
C3S,NCEP,dynamical,2026-09-01,2026-11,2,3.3981,1.0111,2.3871,ens_113,monthly,1993-2016
C3S,NCEP,dynamical,2026-09-01,2026-12,3,3.1478,1.0618,2.086,ens_113,monthly,1993-2016
C3S,NCEP,dynamical,2026-09-01,2027-01,4,2.6255,1.0379,1.5876,ens_113,monthly,1993-2016
C3S,NCEP,dynamical,2026-09-01,2027-02,5,1.8848,0.9932,0.8916,ens_113,monthly,1993-2016
C3S,NCEP,dynamical,2026-09-01,2026-09,0,2.7159,0.767,1.9489,ens_114,monthly,1993-2016
C3S,NCEP,dynamical,2026-09-01,2026-10,1,3.4125,0.9963,2.4162,ens_114,monthly,1993-2016
C3S,NCEP,dynamical,2026-09-01,2026-11,2,4.2816,1.1785,3.1031,ens_114,monthly,1993-2016
C3S,NCEP,dynamical,2026-09-01,2026-12,3,3.3681,1.1511,2.217,ens_114,monthly,1993-2016
C3S,NCEP,dynamical,2026-09-01,2027-01,4,2.902,1.2349,1.6671,ens_114,monthly,1993-2016
C3S,NCEP,dynamical,2026-09-01,2027-02,5,2.5122,1.1273,1.3849,ens_114,monthly,1993-2016
C3S,NCEP,dynamical,2026-09-01,2026-09,0,2.861,0.8081,2.0529,ens_115,monthly,1993-2016
C3S,NCEP,dynamical,2026-09-01,2026-10,1,3.7258,1.0523,2.6736,ens_115,monthly,1993-2016
C3S,NCEP,dynamical,2026-09-01,2026-11,2,4.2128,1.1802,3.0326,ens_115,monthly,1993-2016
C3S,NCEP,dynamical,2026-09-01,2026-12,3,3.9596,1.2228,2.7368,ens_115,monthly,1993-2016
C3S,NCEP,dynamical,2026-09-01,2027-01,4,3.2126,1.2443,1.9682,ens_115,monthly,1993-2016
C3S,NCEP,dynamical,2026-09-01,2027-02,5,2.4658,1.189,1.2767,ens_115,monthly,1993-2016
C3S,NCEP,dynamical,2026-09-01,2026-09,0,2.9044,0.8657,2.0387,ens_116,monthly,1993-2016
C3S,NCEP,dynamical,2026-09-01,2026-10,1,4.0118,1.105,2.9068,ens_116,monthly,1993-2016
C3S,NCEP,dynamical,2026-09-01,2026-11,2,4.1704,1.1863,2.9841,ens_116,monthly,1993-2016
C3S,NCEP,dynamical,2026-09-01,2026-12,3,3.7233,1.2237,2.4996,ens_116,monthly,1993-2016
C3S,NCEP,dynamical,2026-09-01,2027-01,4,2.6661,1.2321,1.4339,ens_116,monthly,1993-2016
C3S,NCEP,dynamical,2026-09-01,2027-02,5,2.1554,1.1425,1.0129,ens_116,monthly,1993-2016
C3S,NCEP,dynamical,2026-09-01,2026-09,0,3.0446,0.8399,2.2047,ens_117,monthly,1993-2016
C3S,NCEP,dynamical,2026-09-01,2026-10,1,3.8952,1.061,2.8342,ens_117,monthly,1993-2016
C3S,NCEP,dynamical,2026-09-01,2026-11,2,4.3663,1.2429,3.1233,ens_117,monthly,1993-2016
C3S,NCEP,dynamical,2026-09-01,2026-12,3,3.522,1.1921,2.3299,ens_117,monthly,1993-2016
C3S,NCEP,dynamical,2026-09-01,2027-01,4,2.7959,1.1362,1.6598,ens_117,monthly,1993-2016
C3S,NCEP,dynamical,2026-09-01,2027-02,5,2.368,1.0677,1.3004,ens_117,monthly,1993-2016
C3S,NCEP,dynamical,2026-09-01,2026-09,0,2.8708,0.8335,2.0372,ens_118,monthly,1993-2016
C3S,NCEP,dynamical,2026-09-01,2026-10,1,3.8647,1.0954,2.7693,ens_118,monthly,1993-2016
C3S,NCEP,dynamical,2026-09-01,2026-11,2,3.8546,1.224,2.6306,ens_118,monthly,1993-2016
C3S,NCEP,dynamical,2026-09-01,2026-12,3,3.6633,1.2968,2.3665,ens_118,monthly,1993-2016
C3S,NCEP,dynamical,2026-09-01,2027-01,4,3.1429,1.2126,1.9304,ens_118,monthly,1993-2016
C3S,NCEP,dynamical,2026-09-01,2027-02,5,2.911,1.0797,1.8313,ens_118,monthly,1993-2016
C3S,NCEP,dynamical,2026-09-01,2026-09,0,2.9201,0.9357,1.9844,ens_119,monthly,1993-2016
C3S,NCEP,dynamical,2026-09-01,2026-10,1,3.5887,1.1687,2.4199,ens_119,monthly,1993-2016
C3S,NCEP,dynamical,2026-09-01,2026-11,2,4.382,1.1991,3.1829,ens_119,monthly,1993-2016
C3S,NCEP,dynamical,2026-09-01,2026-12,3,3.731,1.16,2.571,ens_119,monthly,1993-2016
C3S,NCEP,dynamical,2026-09-01,2027-01,4,2.7982,1.1535,1.6447,ens_119,monthly,1993-2016
C3S,NCEP,dynamical,2026-09-01,2027-02,5,2.2152,1.0694,1.1458,ens_119,monthly,1993-2016
C3S,NCEP,dynamical,2026-09-01,2026-09,0,2.7998,0.8543,1.9455,ens_120,monthly,1993-2016
C3S,NCEP,dynamical,2026-09-01,2026-10,1,3.6995,1.0506,2.6489,ens_120,monthly,1993-2016
C3S,NCEP,dynamical,2026-09-01,2026-11,2,3.9266,1.2262,2.7004,ens_120,monthly,1993-2016
C3S,NCEP,dynamical,2026-09-01,2026-12,3,3.7423,1.1906,2.5517,ens_120,monthly,1993-2016
C3S,NCEP,dynamical,2026-09-01,2027-01,4,3.1703,1.0828,2.0875,ens_120,monthly,1993-2016
C3S,NCEP,dynamical,2026-09-01,2027-02,5,2.5794,1.0865,1.4929,ens_120,monthly,1993-2016
C3S,NCEP,dynamical,2026-09-01,2026-09,0,2.9003,0.8094,2.0909,ens_121,monthly,1993-2016
C3S,NCEP,dynamical,2026-09-01,2026-10,1,3.5579,1.1215,2.4363,ens_121,monthly,1993-2016
C3S,NCEP,dynamical,2026-09-01,2026-11,2,3.9431,1.213,2.7301,ens_121,monthly,1993-2016
C3S,NCEP,dynamical,2026-09-01,2026-12,3,3.6052,1.201,2.4042,ens_121,monthly,1993-2016
C3S,NCEP,dynamical,2026-09-01,2027-01,4,2.8444,1.2744,1.57,ens_121,monthly,1993-2016
C3S,NCEP,dynamical,2026-09-01,2027-02,5,2.3197,1.1945,1.1252,ens_121,monthly,1993-2016
C3S,NCEP,dynamical,2026-09-01,2026-09,0,2.7245,0.8574,1.8672,ens_122,monthly,1993-2016
C3S,NCEP,dynamical,2026-09-01,2026-10,1,3.7076,1.0278,2.6798,ens_122,monthly,1993-2016
C3S,NCEP,dynamical,2026-09-01,2026-11,2,3.9309,1.0343,2.8965,ens_122,monthly,1993-2016
C3S,NCEP,dynamical,2026-09-01,2026-12,3,3.7325,1.0294,2.7031,ens_122,monthly,1993-2016
C3S,NCEP,dynamical,2026-09-01,2027-01,4,3.0746,1.1206,1.954,ens_122,monthly,1993-2016
C3S,NCEP,dynamical,2026-09-01,2027-02,5,3.0287,0.9911,2.0376,ens_122,monthly,1993-2016
C3S,NCEP,dynamical,2026-09-01,2026-09,0,2.8347,0.8861,1.9487,ens_123,monthly,1993-2016
C3S,NCEP,dynamical,2026-09-01,2026-10,1,3.9965,1.1475,2.849,ens_123,monthly,1993-2016
C3S,NCEP,dynamical,2026-09-01,2026-11,2,4.3762,1.2514,3.1248,ens_123,monthly,1993-2016
C3S,NCEP,dynamical,2026-09-01,2026-12,3,3.8336,1.1838,2.6498,ens_123,monthly,1993-2016
C3S,NCEP,dynamical,2026-09-01,2027-01,4,3.1597,1.1761,1.9836,ens_123,monthly,1993-2016
C3S,NCEP,dynamical,2026-09-01,2027-02,5,2.7654,1.2339,1.5314,ens_123,monthly,1993-2016
C3S,NCEP,dynamical,2026-09-01,2026-09,0,2.9098,0.8441,2.0656,mean,monthly,1993-2016
C3S,NCEP,dynamical,2026-09-01,2026-10,1,3.7769,1.0693,2.7077,mean,monthly,1993-2016
C3S,NCEP,dynamical,2026-09-01,2026-11,2,4.1237,1.183,2.9407,mean,monthly,1993-2016
C3S,NCEP,dynamical,2026-09-01,2026-12,3,3.6789,1.2052,2.4737,mean,monthly,1993-2016
C3S,NCEP,dynamical,2026-09-01,2027-01,4,2.9892,1.1768,1.8124,mean,monthly,1993-2016
C3S,NCEP,dynamical,2026-09-01,2027-02,5,2.4461,1.109,1.3371,mean,monthly,1993-2016
C3S,BOM,dynamical,2026-09-01,2026-09,0,3.4357,1.1491,2.2866,ens_000,monthly,1993-2016
C3S,BOM,dynamical,2026-09-01,2026-10,1,3.9564,1.348,2.6084,ens_000,monthly,1993-2016
C3S,BOM,dynamical,2026-09-01,2026-11,2,4.1819,1.5236,2.6583,ens_000,monthly,1993-2016
C3S,BOM,dynamical,2026-09-01,2026-12,3,4.0732,1.5863,2.4869,ens_000,monthly,1993-2016
C3S,BOM,dynamical,2026-09-01,2027-01,4,3.7719,1.6392,2.1327,ens_000,monthly,1993-2016
C3S,BOM,dynamical,2026-09-01,2027-02,5,3.1858,1.4599,1.7259,ens_000,monthly,1993-2016
C3S,BOM,dynamical,2026-09-01,2026-09,0,3.4821,1.18,2.3021,ens_001,monthly,1993-2016
C3S,BOM,dynamical,2026-09-01,2026-10,1,4.099,1.3198,2.7792,ens_001,monthly,1993-2016
C3S,BOM,dynamical,2026-09-01,2026-11,2,4.2684,1.3822,2.8862,ens_001,monthly,1993-2016
C3S,BOM,dynamical,2026-09-01,2026-12,3,4.1191,1.4415,2.6776,ens_001,monthly,1993-2016
C3S,BOM,dynamical,2026-09-01,2027-01,4,3.7878,1.487,2.3008,ens_001,monthly,1993-2016
C3S,BOM,dynamical,2026-09-01,2027-02,5,3.1185,1.3941,1.7244,ens_001,monthly,1993-2016
C3S,BOM,dynamical,2026-09-01,2026-09,0,3.4284,1.1555,2.2728,ens_002,monthly,1993-2016
C3S,BOM,dynamical,2026-09-01,2026-10,1,3.934,1.3328,2.6012,ens_002,monthly,1993-2016
C3S,BOM,dynamical,2026-09-01,2026-11,2,4.2611,1.5172,2.7439,ens_002,monthly,1993-2016
C3S,BOM,dynamical,2026-09-01,2026-12,3,4.2706,1.5716,2.699,ens_002,monthly,1993-2016
C3S,BOM,dynamical,2026-09-01,2027-01,4,3.7071,1.577,2.1301,ens_002,monthly,1993-2016
C3S,BOM,dynamical,2026-09-01,2027-02,5,3.0896,1.5113,1.5783,ens_002,monthly,1993-2016
C3S,BOM,dynamical,2026-09-01,2026-09,0,3.3704,1.1437,2.2267,ens_003,monthly,1993-2016
C3S,BOM,dynamical,2026-09-01,2026-10,1,3.9281,1.3548,2.5733,ens_003,monthly,1993-2016
C3S,BOM,dynamical,2026-09-01,2026-11,2,4.3474,1.527,2.8204,ens_003,monthly,1993-2016
C3S,BOM,dynamical,2026-09-01,2026-12,3,4.0925,1.6254,2.4671,ens_003,monthly,1993-2016
C3S,BOM,dynamical,2026-09-01,2027-01,4,3.6438,1.6861,1.9577,ens_003,monthly,1993-2016
C3S,BOM,dynamical,2026-09-01,2027-02,5,3.2419,1.5024,1.7394,ens_003,monthly,1993-2016
C3S,BOM,dynamical,2026-09-01,2026-09,0,3.4799,1.1589,2.321,ens_004,monthly,1993-2016
C3S,BOM,dynamical,2026-09-01,2026-10,1,4.0627,1.3033,2.7594,ens_004,monthly,1993-2016
C3S,BOM,dynamical,2026-09-01,2026-11,2,4.2242,1.4393,2.7849,ens_004,monthly,1993-2016
C3S,BOM,dynamical,2026-09-01,2026-12,3,4.278,1.5325,2.7455,ens_004,monthly,1993-2016
C3S,BOM,dynamical,2026-09-01,2027-01,4,3.9322,1.5259,2.4063,ens_004,monthly,1993-2016
C3S,BOM,dynamical,2026-09-01,2027-02,5,3.2446,1.4865,1.758,ens_004,monthly,1993-2016
C3S,BOM,dynamical,2026-09-01,2026-09,0,3.3792,1.1586,2.2206,ens_005,monthly,1993-2016
C3S,BOM,dynamical,2026-09-01,2026-10,1,3.77,1.2908,2.4792,ens_005,monthly,1993-2016
C3S,BOM,dynamical,2026-09-01,2026-11,2,4.1288,1.4986,2.6303,ens_005,monthly,1993-2016
C3S,BOM,dynamical,2026-09-01,2026-12,3,4.1757,1.6163,2.5594,ens_005,monthly,1993-2016
C3S,BOM,dynamical,2026-09-01,2027-01,4,3.7258,1.6673,2.0585,ens_005,monthly,1993-2016
C3S,BOM,dynamical,2026-09-01,2027-02,5,3.2073,1.5448,1.6626,ens_005,monthly,1993-2016
C3S,BOM,dynamical,2026-09-01,2026-09,0,3.443,1.1491,2.294,ens_006,monthly,1993-2016
C3S,BOM,dynamical,2026-09-01,2026-10,1,3.9501,1.3138,2.6363,ens_006,monthly,1993-2016
C3S,BOM,dynamical,2026-09-01,2026-11,2,4.1437,1.4034,2.7403,ens_006,monthly,1993-2016
C3S,BOM,dynamical,2026-09-01,2026-12,3,4.112,1.4989,2.6132,ens_006,monthly,1993-2016
C3S,BOM,dynamical,2026-09-01,2027-01,4,3.8833,1.5211,2.3621,ens_006,monthly,1993-2016
C3S,BOM,dynamical,2026-09-01,2027-02,5,3.2051,1.5163,1.6888,ens_006,monthly,1993-2016
C3S,BOM,dynamical,2026-09-01,2026-09,0,3.3902,1.1622,2.228,ens_007,monthly,1993-2016
C3S,BOM,dynamical,2026-09-01,2026-10,1,4.1435,1.3619,2.7816,ens_007,monthly,1993-2016
C3S,BOM,dynamical,2026-09-01,2026-11,2,4.2543,1.5594,2.6949,ens_007,monthly,1993-2016
C3S,BOM,dynamical,2026-09-01,2026-12,3,4.0624,1.6297,2.4327,ens_007,monthly,1993-2016
C3S,BOM,dynamical,2026-09-01,2027-01,4,3.4074,1.5542,1.8532,ens_007,monthly,1993-2016
C3S,BOM,dynamical,2026-09-01,2027-02,5,2.8921,1.4541,1.4381,ens_007,monthly,1993-2016
C3S,BOM,dynamical,2026-09-01,2026-09,0,3.4079,1.1351,2.2728,ens_008,monthly,1993-2016
C3S,BOM,dynamical,2026-09-01,2026-10,1,4.0819,1.3644,2.7175,ens_008,monthly,1993-2016
C3S,BOM,dynamical,2026-09-01,2026-11,2,4.5167,1.5674,2.9493,ens_008,monthly,1993-2016
C3S,BOM,dynamical,2026-09-01,2026-12,3,4.3535,1.6047,2.7489,ens_008,monthly,1993-2016
C3S,BOM,dynamical,2026-09-01,2027-01,4,3.7787,1.512,2.2667,ens_008,monthly,1993-2016
C3S,BOM,dynamical,2026-09-01,2027-02,5,3.1036,1.4356,1.668,ens_008,monthly,1993-2016
C3S,BOM,dynamical,2026-09-01,2026-09,0,3.449,1.1749,2.2741,ens_009,monthly,1993-2016
C3S,BOM,dynamical,2026-09-01,2026-10,1,4.1369,1.3803,2.7566,ens_009,monthly,1993-2016
C3S,BOM,dynamical,2026-09-01,2026-11,2,4.2517,1.5195,2.7322,ens_009,monthly,1993-2016
C3S,BOM,dynamical,2026-09-01,2026-12,3,4.1846,1.5439,2.6407,ens_009,monthly,1993-2016
C3S,BOM,dynamical,2026-09-01,2027-01,4,3.6077,1.6052,2.0025,ens_009,monthly,1993-2016
C3S,BOM,dynamical,2026-09-01,2027-02,5,3.0616,1.4838,1.5778,ens_009,monthly,1993-2016
C3S,BOM,dynamical,2026-09-01,2026-09,0,3.4786,1.1852,2.2934,ens_010,monthly,1993-2016
C3S,BOM,dynamical,2026-09-01,2026-10,1,4.0731,1.3338,2.7392,ens_010,monthly,1993-2016
C3S,BOM,dynamical,2026-09-01,2026-11,2,4.2635,1.4931,2.7704,ens_010,monthly,1993-2016
C3S,BOM,dynamical,2026-09-01,2026-12,3,4.1038,1.6361,2.4677,ens_010,monthly,1993-2016
C3S,BOM,dynamical,2026-09-01,2027-01,4,3.623,1.5297,2.0933,ens_010,monthly,1993-2016
C3S,BOM,dynamical,2026-09-01,2027-02,5,3.2965,1.4495,1.847,ens_010,monthly,1993-2016
C3S,BOM,dynamical,2026-09-01,2026-09,0,3.4645,1.1788,2.2856,ens_011,monthly,1993-2016
C3S,BOM,dynamical,2026-09-01,2026-10,1,3.8291,1.3319,2.4972,ens_011,monthly,1993-2016
C3S,BOM,dynamical,2026-09-01,2026-11,2,4.1006,1.5341,2.5665,ens_011,monthly,1993-2016
C3S,BOM,dynamical,2026-09-01,2026-12,3,4.3099,1.6858,2.624,ens_011,monthly,1993-2016
C3S,BOM,dynamical,2026-09-01,2027-01,4,3.8853,1.6177,2.2675,ens_011,monthly,1993-2016
C3S,BOM,dynamical,2026-09-01,2027-02,5,3.1875,1.4857,1.7018,ens_011,monthly,1993-2016
C3S,BOM,dynamical,2026-09-01,2026-09,0,3.3993,1.1277,2.2716,ens_012,monthly,1993-2016
C3S,BOM,dynamical,2026-09-01,2026-10,1,3.8156,1.3239,2.4917,ens_012,monthly,1993-2016
C3S,BOM,dynamical,2026-09-01,2026-11,2,4.1063,1.4806,2.6257,ens_012,monthly,1993-2016
C3S,BOM,dynamical,2026-09-01,2026-12,3,4.0292,1.6203,2.4089,ens_012,monthly,1993-2016
C3S,BOM,dynamical,2026-09-01,2027-01,4,3.7451,1.5579,2.1872,ens_012,monthly,1993-2016
C3S,BOM,dynamical,2026-09-01,2027-02,5,3.3111,1.4986,1.8125,ens_012,monthly,1993-2016
C3S,BOM,dynamical,2026-09-01,2026-09,0,3.4167,1.1761,2.2406,ens_013,monthly,1993-2016
C3S,BOM,dynamical,2026-09-01,2026-10,1,3.8551,1.2845,2.5706,ens_013,monthly,1993-2016
C3S,BOM,dynamical,2026-09-01,2026-11,2,4.0199,1.4596,2.5603,ens_013,monthly,1993-2016
C3S,BOM,dynamical,2026-09-01,2026-12,3,4.1546,1.5427,2.6119,ens_013,monthly,1993-2016
C3S,BOM,dynamical,2026-09-01,2027-01,4,3.8501,1.5394,2.3107,ens_013,monthly,1993-2016
C3S,BOM,dynamical,2026-09-01,2027-02,5,3.5821,1.478,2.1041,ens_013,monthly,1993-2016
C3S,BOM,dynamical,2026-09-01,2026-09,0,3.4772,1.1717,2.3055,ens_014,monthly,1993-2016
C3S,BOM,dynamical,2026-09-01,2026-10,1,3.9998,1.3536,2.6462,ens_014,monthly,1993-2016
C3S,BOM,dynamical,2026-09-01,2026-11,2,4.1333,1.5823,2.551,ens_014,monthly,1993-2016
C3S,BOM,dynamical,2026-09-01,2026-12,3,4.1805,1.7044,2.4762,ens_014,monthly,1993-2016
C3S,BOM,dynamical,2026-09-01,2027-01,4,3.7707,1.6451,2.1256,ens_014,monthly,1993-2016
C3S,BOM,dynamical,2026-09-01,2027-02,5,3.1159,1.6005,1.5155,ens_014,monthly,1993-2016
C3S,BOM,dynamical,2026-09-01,2026-09,0,3.4074,1.1486,2.2588,ens_015,monthly,1993-2016
C3S,BOM,dynamical,2026-09-01,2026-10,1,4.0616,1.319,2.7427,ens_015,monthly,1993-2016
C3S,BOM,dynamical,2026-09-01,2026-11,2,4.2169,1.4895,2.7274,ens_015,monthly,1993-2016
C3S,BOM,dynamical,2026-09-01,2026-12,3,4.2341,1.4996,2.7345,ens_015,monthly,1993-2016
C3S,BOM,dynamical,2026-09-01,2027-01,4,3.901,1.4655,2.4355,ens_015,monthly,1993-2016
C3S,BOM,dynamical,2026-09-01,2027-02,5,3.1734,1.4046,1.7687,ens_015,monthly,1993-2016
C3S,BOM,dynamical,2026-09-01,2026-09,0,3.4374,1.1686,2.2688,ens_016,monthly,1993-2016
C3S,BOM,dynamical,2026-09-01,2026-10,1,3.9421,1.3113,2.6308,ens_016,monthly,1993-2016
C3S,BOM,dynamical,2026-09-01,2026-11,2,4.2565,1.5385,2.7179,ens_016,monthly,1993-2016
C3S,BOM,dynamical,2026-09-01,2026-12,3,4.0872,1.5596,2.5276,ens_016,monthly,1993-2016
C3S,BOM,dynamical,2026-09-01,2027-01,4,3.6527,1.5449,2.1078,ens_016,monthly,1993-2016
C3S,BOM,dynamical,2026-09-01,2027-02,5,3.1937,1.456,1.7378,ens_016,monthly,1993-2016
C3S,BOM,dynamical,2026-09-01,2026-09,0,3.4234,1.1601,2.2633,ens_017,monthly,1993-2016
C3S,BOM,dynamical,2026-09-01,2026-10,1,4.1427,1.3822,2.7605,ens_017,monthly,1993-2016
C3S,BOM,dynamical,2026-09-01,2026-11,2,4.1173,1.5501,2.5672,ens_017,monthly,1993-2016
C3S,BOM,dynamical,2026-09-01,2026-12,3,4.0253,1.6121,2.4132,ens_017,monthly,1993-2016
C3S,BOM,dynamical,2026-09-01,2027-01,4,3.6944,1.6078,2.0867,ens_017,monthly,1993-2016
C3S,BOM,dynamical,2026-09-01,2027-02,5,3.4248,1.499,1.9257,ens_017,monthly,1993-2016
C3S,BOM,dynamical,2026-09-01,2026-09,0,3.4109,1.1653,2.2455,ens_018,monthly,1993-2016
C3S,BOM,dynamical,2026-09-01,2026-10,1,4.047,1.3829,2.6641,ens_018,monthly,1993-2016
C3S,BOM,dynamical,2026-09-01,2026-11,2,4.1899,1.4646,2.7253,ens_018,monthly,1993-2016
C3S,BOM,dynamical,2026-09-01,2026-12,3,4.2274,1.4854,2.742,ens_018,monthly,1993-2016
C3S,BOM,dynamical,2026-09-01,2027-01,4,3.8309,1.4981,2.3328,ens_018,monthly,1993-2016
C3S,BOM,dynamical,2026-09-01,2027-02,5,3.1274,1.4541,1.6733,ens_018,monthly,1993-2016
C3S,BOM,dynamical,2026-09-01,2026-09,0,3.4353,1.1837,2.2516,ens_019,monthly,1993-2016
C3S,BOM,dynamical,2026-09-01,2026-10,1,3.9638,1.3551,2.6087,ens_019,monthly,1993-2016
C3S,BOM,dynamical,2026-09-01,2026-11,2,4.1876,1.5216,2.666,ens_019,monthly,1993-2016
C3S,BOM,dynamical,2026-09-01,2026-12,3,4.2232,1.5996,2.6237,ens_019,monthly,1993-2016
C3S,BOM,dynamical,2026-09-01,2027-01,4,4.0824,1.6527,2.4297,ens_019,monthly,1993-2016
C3S,BOM,dynamical,2026-09-01,2027-02,5,3.4783,1.5248,1.9536,ens_019,monthly,1993-2016
C3S,BOM,dynamical,2026-09-01,2026-09,0,3.4514,1.1734,2.2779,ens_020,monthly,1993-2016
C3S,BOM,dynamical,2026-09-01,2026-10,1,3.8063,1.3476,2.4586,ens_020,monthly,1993-2016
C3S,BOM,dynamical,2026-09-01,2026-11,2,3.993,1.48,2.513,ens_020,monthly,1993-2016
C3S,BOM,dynamical,2026-09-01,2026-12,3,4.0961,1.5917,2.5044,ens_020,monthly,1993-2016
C3S,BOM,dynamical,2026-09-01,2027-01,4,3.7127,1.5584,2.1544,ens_020,monthly,1993-2016
C3S,BOM,dynamical,2026-09-01,2027-02,5,3.3007,1.436,1.8647,ens_020,monthly,1993-2016
C3S,BOM,dynamical,2026-09-01,2026-09,0,3.4568,1.1673,2.2896,ens_021,monthly,1993-2016
C3S,BOM,dynamical,2026-09-01,2026-10,1,4.0017,1.3782,2.6235,ens_021,monthly,1993-2016
C3S,BOM,dynamical,2026-09-01,2026-11,2,4.2447,1.4984,2.7463,ens_021,monthly,1993-2016
C3S,BOM,dynamical,2026-09-01,2026-12,3,4.1254,1.4812,2.6441,ens_021,monthly,1993-2016
C3S,BOM,dynamical,2026-09-01,2027-01,4,3.6887,1.4474,2.2413,ens_021,monthly,1993-2016
C3S,BOM,dynamical,2026-09-01,2027-02,5,3.0642,1.5213,1.5429,ens_021,monthly,1993-2016
C3S,BOM,dynamical,2026-09-01,2026-09,0,3.5349,1.1694,2.3655,ens_022,monthly,1993-2016
C3S,BOM,dynamical,2026-09-01,2026-10,1,3.9186,1.3458,2.5728,ens_022,monthly,1993-2016
C3S,BOM,dynamical,2026-09-01,2026-11,2,4.0979,1.4409,2.657,ens_022,monthly,1993-2016
C3S,BOM,dynamical,2026-09-01,2026-12,3,4.0356,1.6364,2.3992,ens_022,monthly,1993-2016
C3S,BOM,dynamical,2026-09-01,2027-01,4,3.4549,1.5609,1.894,ens_022,monthly,1993-2016
C3S,BOM,dynamical,2026-09-01,2027-02,5,2.8625,1.4608,1.4018,ens_022,monthly,1993-2016
C3S,BOM,dynamical,2026-09-01,2026-09,0,3.3964,1.165,2.2314,ens_023,monthly,1993-2016
C3S,BOM,dynamical,2026-09-01,2026-10,1,4.0538,1.3166,2.7372,ens_023,monthly,1993-2016
C3S,BOM,dynamical,2026-09-01,2026-11,2,4.1398,1.4643,2.6755,ens_023,monthly,1993-2016
C3S,BOM,dynamical,2026-09-01,2026-12,3,4.1854,1.5256,2.6599,ens_023,monthly,1993-2016
C3S,BOM,dynamical,2026-09-01,2027-01,4,3.8443,1.6188,2.2255,ens_023,monthly,1993-2016
C3S,BOM,dynamical,2026-09-01,2027-02,5,3.3044,1.5319,1.7724,ens_023,monthly,1993-2016
C3S,BOM,dynamical,2026-09-01,2026-09,0,3.3843,1.1405,2.2438,ens_024,monthly,1993-2016
C3S,BOM,dynamical,2026-09-01,2026-10,1,3.7132,1.3168,2.3964,ens_024,monthly,1993-2016
C3S,BOM,dynamical,2026-09-01,2026-11,2,4.2306,1.4556,2.7751,ens_024,monthly,1993-2016
C3S,BOM,dynamical,2026-09-01,2026-12,3,4.1186,1.5743,2.5443,ens_024,monthly,1993-2016
C3S,BOM,dynamical,2026-09-01,2027-01,4,3.7758,1.5919,2.1839,ens_024,monthly,1993-2016
C3S,BOM,dynamical,2026-09-01,2027-02,5,3.3731,1.5026,1.8705,ens_024,monthly,1993-2016
C3S,BOM,dynamical,2026-09-01,2026-09,0,3.4042,1.1835,2.2208,ens_025,monthly,1993-2016
C3S,BOM,dynamical,2026-09-01,2026-10,1,3.7992,1.3172,2.482,ens_025,monthly,1993-2016
C3S,BOM,dynamical,2026-09-01,2026-11,2,4.1445,1.4583,2.6861,ens_025,monthly,1993-2016
C3S,BOM,dynamical,2026-09-01,2026-12,3,4.0569,1.4413,2.6157,ens_025,monthly,1993-2016
C3S,BOM,dynamical,2026-09-01,2027-01,4,3.5852,1.5346,2.0506,ens_025,monthly,1993-2016
C3S,BOM,dynamical,2026-09-01,2027-02,5,3.3034,1.4609,1.8424,ens_025,monthly,1993-2016
C3S,BOM,dynamical,2026-09-01,2026-09,0,3.3804,1.1623,2.2181,ens_026,monthly,1993-2016
C3S,BOM,dynamical,2026-09-01,2026-10,1,3.7913,1.3212,2.4701,ens_026,monthly,1993-2016
C3S,BOM,dynamical,2026-09-01,2026-11,2,4.283,1.5398,2.7432,ens_026,monthly,1993-2016
C3S,BOM,dynamical,2026-09-01,2026-12,3,4.1939,1.602,2.5919,ens_026,monthly,1993-2016
C3S,BOM,dynamical,2026-09-01,2027-01,4,3.7284,1.572,2.1564,ens_026,monthly,1993-2016
C3S,BOM,dynamical,2026-09-01,2027-02,5,3.1852,1.4644,1.7208,ens_026,monthly,1993-2016
C3S,BOM,dynamical,2026-09-01,2026-09,0,3.3799,1.1761,2.2038,ens_027,monthly,1993-2016
C3S,BOM,dynamical,2026-09-01,2026-10,1,3.8851,1.4025,2.4826,ens_027,monthly,1993-2016
C3S,BOM,dynamical,2026-09-01,2026-11,2,4.293,1.5639,2.729,ens_027,monthly,1993-2016
C3S,BOM,dynamical,2026-09-01,2026-12,3,4.1144,1.5784,2.5361,ens_027,monthly,1993-2016
C3S,BOM,dynamical,2026-09-01,2027-01,4,3.8646,1.6569,2.2077,ens_027,monthly,1993-2016
C3S,BOM,dynamical,2026-09-01,2027-02,5,3.5239,1.6538,1.87,ens_027,monthly,1993-2016
C3S,BOM,dynamical,2026-09-01,2026-09,0,3.3999,1.1404,2.2596,ens_028,monthly,1993-2016
C3S,BOM,dynamical,2026-09-01,2026-10,1,3.9437,1.3554,2.5883,ens_028,monthly,1993-2016
C3S,BOM,dynamical,2026-09-01,2026-11,2,4.2959,1.592,2.7039,ens_028,monthly,1993-2016
C3S,BOM,dynamical,2026-09-01,2026-12,3,4.207,1.5796,2.6274,ens_028,monthly,1993-2016
C3S,BOM,dynamical,2026-09-01,2027-01,4,3.8581,1.574,2.2841,ens_028,monthly,1993-2016
C3S,BOM,dynamical,2026-09-01,2027-02,5,3.3139,1.6122,1.7017,ens_028,monthly,1993-2016
C3S,BOM,dynamical,2026-09-01,2026-09,0,3.3932,1.1603,2.2329,ens_029,monthly,1993-2016
C3S,BOM,dynamical,2026-09-01,2026-10,1,3.8984,1.3422,2.5562,ens_029,monthly,1993-2016
C3S,BOM,dynamical,2026-09-01,2026-11,2,4.1098,1.5216,2.5882,ens_029,monthly,1993-2016
C3S,BOM,dynamical,2026-09-01,2026-12,3,4.115,1.6421,2.473,ens_029,monthly,1993-2016
C3S,BOM,dynamical,2026-09-01,2027-01,4,4.0109,1.639,2.3718,ens_029,monthly,1993-2016
C3S,BOM,dynamical,2026-09-01,2027-02,5,3.3802,1.4872,1.893,ens_029,monthly,1993-2016
C3S,BOM,dynamical,2026-09-01,2026-09,0,3.3958,1.1773,2.2185,ens_030,monthly,1993-2016
C3S,BOM,dynamical,2026-09-01,2026-10,1,3.993,1.3569,2.6361,ens_030,monthly,1993-2016
C3S,BOM,dynamical,2026-09-01,2026-11,2,4.14,1.4805,2.6595,ens_030,monthly,1993-2016
C3S,BOM,dynamical,2026-09-01,2026-12,3,4.1994,1.6461,2.5534,ens_030,monthly,1993-2016
C3S,BOM,dynamical,2026-09-01,2027-01,4,3.9777,1.5867,2.391,ens_030,monthly,1993-2016
C3S,BOM,dynamical,2026-09-01,2027-02,5,3.4089,1.5369,1.872,ens_030,monthly,1993-2016
C3S,BOM,dynamical,2026-09-01,2026-09,0,3.4212,1.1541,2.2671,ens_031,monthly,1993-2016
C3S,BOM,dynamical,2026-09-01,2026-10,1,3.9275,1.3712,2.5563,ens_031,monthly,1993-2016
C3S,BOM,dynamical,2026-09-01,2026-11,2,4.2835,1.5018,2.7817,ens_031,monthly,1993-2016
C3S,BOM,dynamical,2026-09-01,2026-12,3,4.1639,1.5726,2.5913,ens_031,monthly,1993-2016
C3S,BOM,dynamical,2026-09-01,2027-01,4,3.925,1.605,2.32,ens_031,monthly,1993-2016
C3S,BOM,dynamical,2026-09-01,2027-02,5,3.3497,1.4929,1.8567,ens_031,monthly,1993-2016
C3S,BOM,dynamical,2026-09-01,2026-09,0,3.4448,1.1453,2.2995,ens_032,monthly,1993-2016
C3S,BOM,dynamical,2026-09-01,2026-10,1,3.8784,1.363,2.5154,ens_032,monthly,1993-2016
C3S,BOM,dynamical,2026-09-01,2026-11,2,3.9691,1.5604,2.4087,ens_032,monthly,1993-2016
C3S,BOM,dynamical,2026-09-01,2026-12,3,4.1454,1.6701,2.4753,ens_032,monthly,1993-2016
C3S,BOM,dynamical,2026-09-01,2027-01,4,3.8508,1.6158,2.235,ens_032,monthly,1993-2016
C3S,BOM,dynamical,2026-09-01,2027-02,5,3.1036,1.5005,1.6031,ens_032,monthly,1993-2016
C3S,BOM,dynamical,2026-09-01,2026-09,0,3.4441,1.1568,2.2874,ens_033,monthly,1993-2016
C3S,BOM,dynamical,2026-09-01,2026-10,1,3.9216,1.3463,2.5753,ens_033,monthly,1993-2016
C3S,BOM,dynamical,2026-09-01,2026-11,2,4.0751,1.4932,2.5819,ens_033,monthly,1993-2016
C3S,BOM,dynamical,2026-09-01,2026-12,3,4.2301,1.5155,2.7146,ens_033,monthly,1993-2016
C3S,BOM,dynamical,2026-09-01,2027-01,4,4.1062,1.4867,2.6195,ens_033,monthly,1993-2016
C3S,BOM,dynamical,2026-09-01,2027-02,5,3.3453,1.4012,1.9442,ens_033,monthly,1993-2016
C3S,BOM,dynamical,2026-09-01,2026-09,0,3.4447,1.1561,2.2887,ens_034,monthly,1993-2016
C3S,BOM,dynamical,2026-09-01,2026-10,1,4.1069,1.3288,2.778,ens_034,monthly,1993-2016
C3S,BOM,dynamical,2026-09-01,2026-11,2,4.3188,1.4905,2.8283,ens_034,monthly,1993-2016
C3S,BOM,dynamical,2026-09-01,2026-12,3,4.0068,1.4987,2.5081,ens_034,monthly,1993-2016
C3S,BOM,dynamical,2026-09-01,2027-01,4,3.7809,1.4673,2.3136,ens_034,monthly,1993-2016
C3S,BOM,dynamical,2026-09-01,2027-02,5,3.126,1.3385,1.7875,ens_034,monthly,1993-2016
C3S,BOM,dynamical,2026-09-01,2026-09,0,3.5051,1.1481,2.3569,ens_035,monthly,1993-2016
C3S,BOM,dynamical,2026-09-01,2026-10,1,4.0547,1.3611,2.6936,ens_035,monthly,1993-2016
C3S,BOM,dynamical,2026-09-01,2026-11,2,4.3592,1.5348,2.8244,ens_035,monthly,1993-2016
C3S,BOM,dynamical,2026-09-01,2026-12,3,3.9551,1.4819,2.4732,ens_035,monthly,1993-2016
C3S,BOM,dynamical,2026-09-01,2027-01,4,3.6421,1.5098,2.1324,ens_035,monthly,1993-2016
C3S,BOM,dynamical,2026-09-01,2027-02,5,3.1276,1.3764,1.7512,ens_035,monthly,1993-2016
C3S,BOM,dynamical,2026-09-01,2026-09,0,3.4991,1.1491,2.3499,ens_036,monthly,1993-2016
C3S,BOM,dynamical,2026-09-01,2026-10,1,3.9262,1.3247,2.6015,ens_036,monthly,1993-2016
C3S,BOM,dynamical,2026-09-01,2026-11,2,4.2456,1.5202,2.7254,ens_036,monthly,1993-2016
C3S,BOM,dynamical,2026-09-01,2026-12,3,4.1413,1.5511,2.5901,ens_036,monthly,1993-2016
C3S,BOM,dynamical,2026-09-01,2027-01,4,3.7094,1.5964,2.113,ens_036,monthly,1993-2016
C3S,BOM,dynamical,2026-09-01,2027-02,5,2.9384,1.4217,1.5167,ens_036,monthly,1993-2016
C3S,BOM,dynamical,2026-09-01,2026-09,0,3.4113,1.1805,2.2308,ens_037,monthly,1993-2016
C3S,BOM,dynamical,2026-09-01,2026-10,1,3.9102,1.326,2.5842,ens_037,monthly,1993-2016
C3S,BOM,dynamical,2026-09-01,2026-11,2,3.9908,1.4428,2.548,ens_037,monthly,1993-2016
C3S,BOM,dynamical,2026-09-01,2026-12,3,4.0289,1.5827,2.4461,ens_037,monthly,1993-2016
C3S,BOM,dynamical,2026-09-01,2027-01,4,3.576,1.552,2.0241,ens_037,monthly,1993-2016
C3S,BOM,dynamical,2026-09-01,2027-02,5,2.9094,1.4047,1.5047,ens_037,monthly,1993-2016
C3S,BOM,dynamical,2026-09-01,2026-09,0,3.3483,1.143,2.2053,ens_038,monthly,1993-2016
C3S,BOM,dynamical,2026-09-01,2026-10,1,3.5984,1.3818,2.2166,ens_038,monthly,1993-2016
C3S,BOM,dynamical,2026-09-01,2026-11,2,3.7921,1.4521,2.34,ens_038,monthly,1993-2016
C3S,BOM,dynamical,2026-09-01,2026-12,3,3.5903,1.3981,2.1922,ens_038,monthly,1993-2016
C3S,BOM,dynamical,2026-09-01,2027-01,4,3.4033,1.31,2.0934,ens_038,monthly,1993-2016
C3S,BOM,dynamical,2026-09-01,2027-02,5,3.1133,1.3318,1.7816,ens_038,monthly,1993-2016
C3S,BOM,dynamical,2026-09-01,2026-09,0,3.3877,1.201,2.1866,ens_039,monthly,1993-2016
C3S,BOM,dynamical,2026-09-01,2026-10,1,4.1584,1.3513,2.8072,ens_039,monthly,1993-2016
C3S,BOM,dynamical,2026-09-01,2026-11,2,4.2856,1.4639,2.8216,ens_039,monthly,1993-2016
C3S,BOM,dynamical,2026-09-01,2026-12,3,4.4694,1.5095,2.9599,ens_039,monthly,1993-2016
C3S,BOM,dynamical,2026-09-01,2027-01,4,3.7412,1.4822,2.259,ens_039,monthly,1993-2016
C3S,BOM,dynamical,2026-09-01,2027-02,5,3.358,1.3547,2.0032,ens_039,monthly,1993-2016
C3S,BOM,dynamical,2026-09-01,2026-09,0,3.5124,1.151,2.3614,ens_040,monthly,1993-2016
C3S,BOM,dynamical,2026-09-01,2026-10,1,4.2226,1.284,2.9386,ens_040,monthly,1993-2016
C3S,BOM,dynamical,2026-09-01,2026-11,2,4.2848,1.3417,2.9431,ens_040,monthly,1993-2016
C3S,BOM,dynamical,2026-09-01,2026-12,3,4.1725,1.4289,2.7437,ens_040,monthly,1993-2016
C3S,BOM,dynamical,2026-09-01,2027-01,4,3.7086,1.378,2.3306,ens_040,monthly,1993-2016
C3S,BOM,dynamical,2026-09-01,2027-02,5,3.3467,1.3452,2.0015,ens_040,monthly,1993-2016
C3S,BOM,dynamical,2026-09-01,2026-09,0,3.3747,1.1936,2.1811,ens_041,monthly,1993-2016
C3S,BOM,dynamical,2026-09-01,2026-10,1,3.81,1.3849,2.4252,ens_041,monthly,1993-2016
C3S,BOM,dynamical,2026-09-01,2026-11,2,4.1255,1.5893,2.5362,ens_041,monthly,1993-2016
C3S,BOM,dynamical,2026-09-01,2026-12,3,4.1876,1.6475,2.5401,ens_041,monthly,1993-2016
C3S,BOM,dynamical,2026-09-01,2027-01,4,3.7237,1.6294,2.0943,ens_041,monthly,1993-2016
C3S,BOM,dynamical,2026-09-01,2027-02,5,3.1928,1.5871,1.6058,ens_041,monthly,1993-2016
C3S,BOM,dynamical,2026-09-01,2026-09,0,3.3729,1.131,2.2419,ens_042,monthly,1993-2016
C3S,BOM,dynamical,2026-09-01,2026-10,1,3.7038,1.2761,2.4277,ens_042,monthly,1993-2016
C3S,BOM,dynamical,2026-09-01,2026-11,2,3.986,1.3397,2.6464,ens_042,monthly,1993-2016
C3S,BOM,dynamical,2026-09-01,2026-12,3,3.9794,1.3616,2.6178,ens_042,monthly,1993-2016
C3S,BOM,dynamical,2026-09-01,2027-01,4,3.5043,1.3544,2.1499,ens_042,monthly,1993-2016
C3S,BOM,dynamical,2026-09-01,2027-02,5,2.8484,1.2474,1.601,ens_042,monthly,1993-2016
C3S,BOM,dynamical,2026-09-01,2026-09,0,3.3255,1.2174,2.1081,ens_043,monthly,1993-2016
C3S,BOM,dynamical,2026-09-01,2026-10,1,3.8116,1.3327,2.4789,ens_043,monthly,1993-2016
C3S,BOM,dynamical,2026-09-01,2026-11,2,3.9289,1.4897,2.4393,ens_043,monthly,1993-2016
C3S,BOM,dynamical,2026-09-01,2026-12,3,4.0384,1.5212,2.5172,ens_043,monthly,1993-2016
C3S,BOM,dynamical,2026-09-01,2027-01,4,4.0957,1.4847,2.611,ens_043,monthly,1993-2016
C3S,BOM,dynamical,2026-09-01,2027-02,5,3.393,1.456,1.937,ens_043,monthly,1993-2016
C3S,BOM,dynamical,2026-09-01,2026-09,0,3.3986,1.1511,2.2475,ens_044,monthly,1993-2016
C3S,BOM,dynamical,2026-09-01,2026-10,1,3.9454,1.3408,2.6046,ens_044,monthly,1993-2016
C3S,BOM,dynamical,2026-09-01,2026-11,2,4.1875,1.482,2.7055,ens_044,monthly,1993-2016
C3S,BOM,dynamical,2026-09-01,2026-12,3,3.9024,1.5174,2.385,ens_044,monthly,1993-2016
C3S,BOM,dynamical,2026-09-01,2027-01,4,3.5316,1.5118,2.0199,ens_044,monthly,1993-2016
C3S,BOM,dynamical,2026-09-01,2027-02,5,3.1384,1.3914,1.7469,ens_044,monthly,1993-2016
C3S,BOM,dynamical,2026-09-01,2026-09,0,3.4101,1.18,2.2301,ens_045,monthly,1993-2016
C3S,BOM,dynamical,2026-09-01,2026-10,1,3.9011,1.3422,2.5589,ens_045,monthly,1993-2016
C3S,BOM,dynamical,2026-09-01,2026-11,2,3.8915,1.4685,2.423,ens_045,monthly,1993-2016
C3S,BOM,dynamical,2026-09-01,2026-12,3,3.9512,1.5743,2.3769,ens_045,monthly,1993-2016
C3S,BOM,dynamical,2026-09-01,2027-01,4,3.7801,1.574,2.2061,ens_045,monthly,1993-2016
C3S,BOM,dynamical,2026-09-01,2027-02,5,3.2907,1.4569,1.8338,ens_045,monthly,1993-2016
C3S,BOM,dynamical,2026-09-01,2026-09,0,3.3703,1.1545,2.2158,ens_046,monthly,1993-2016
C3S,BOM,dynamical,2026-09-01,2026-10,1,3.7615,1.3461,2.4154,ens_046,monthly,1993-2016
C3S,BOM,dynamical,2026-09-01,2026-11,2,3.9043,1.4642,2.4401,ens_046,monthly,1993-2016
C3S,BOM,dynamical,2026-09-01,2026-12,3,3.8671,1.5484,2.3187,ens_046,monthly,1993-2016
C3S,BOM,dynamical,2026-09-01,2027-01,4,3.6116,1.4717,2.1399,ens_046,monthly,1993-2016
C3S,BOM,dynamical,2026-09-01,2027-02,5,3.4379,1.4466,1.9913,ens_046,monthly,1993-2016
C3S,BOM,dynamical,2026-09-01,2026-09,0,3.4056,1.1448,2.2608,ens_047,monthly,1993-2016
C3S,BOM,dynamical,2026-09-01,2026-10,1,3.9972,1.3758,2.6214,ens_047,monthly,1993-2016
C3S,BOM,dynamical,2026-09-01,2026-11,2,4.0422,1.5259,2.5163,ens_047,monthly,1993-2016
C3S,BOM,dynamical,2026-09-01,2026-12,3,3.9865,1.6035,2.383,ens_047,monthly,1993-2016
C3S,BOM,dynamical,2026-09-01,2027-01,4,3.5352,1.5362,1.999,ens_047,monthly,1993-2016
C3S,BOM,dynamical,2026-09-01,2027-02,5,3.0297,1.4874,1.5424,ens_047,monthly,1993-2016
C3S,BOM,dynamical,2026-09-01,2026-09,0,3.5507,1.168,2.3827,ens_048,monthly,1993-2016
C3S,BOM,dynamical,2026-09-01,2026-10,1,4.0942,1.373,2.7212,ens_048,monthly,1993-2016
C3S,BOM,dynamical,2026-09-01,2026-11,2,4.1673,1.5345,2.6327,ens_048,monthly,1993-2016
C3S,BOM,dynamical,2026-09-01,2026-12,3,3.8516,1.5508,2.3008,ens_048,monthly,1993-2016
C3S,BOM,dynamical,2026-09-01,2027-01,4,3.5714,1.4973,2.0741,ens_048,monthly,1993-2016
C3S,BOM,dynamical,2026-09-01,2027-02,5,3.028,1.4461,1.582,ens_048,monthly,1993-2016
C3S,BOM,dynamical,2026-09-01,2026-09,0,3.3974,1.1578,2.2396,ens_049,monthly,1993-2016
C3S,BOM,dynamical,2026-09-01,2026-10,1,3.901,1.3812,2.5198,ens_049,monthly,1993-2016
C3S,BOM,dynamical,2026-09-01,2026-11,2,4.0912,1.4945,2.5968,ens_049,monthly,1993-2016
C3S,BOM,dynamical,2026-09-01,2026-12,3,3.9417,1.4767,2.465,ens_049,monthly,1993-2016
C3S,BOM,dynamical,2026-09-01,2027-01,4,3.8315,1.4686,2.3629,ens_049,monthly,1993-2016
C3S,BOM,dynamical,2026-09-01,2027-02,5,3.3215,1.2863,2.0352,ens_049,monthly,1993-2016
C3S,BOM,dynamical,2026-09-01,2026-09,0,3.4627,1.1728,2.2899,ens_050,monthly,1993-2016
C3S,BOM,dynamical,2026-09-01,2026-10,1,4.177,1.4482,2.7288,ens_050,monthly,1993-2016
C3S,BOM,dynamical,2026-09-01,2026-11,2,4.322,1.5123,2.8096,ens_050,monthly,1993-2016
C3S,BOM,dynamical,2026-09-01,2026-12,3,4.3091,1.6147,2.6944,ens_050,monthly,1993-2016
C3S,BOM,dynamical,2026-09-01,2027-01,4,3.9451,1.6028,2.3423,ens_050,monthly,1993-2016
C3S,BOM,dynamical,2026-09-01,2027-02,5,3.363,1.4899,1.8731,ens_050,monthly,1993-2016
C3S,BOM,dynamical,2026-09-01,2026-09,0,3.4218,1.1263,2.2955,ens_051,monthly,1993-2016
C3S,BOM,dynamical,2026-09-01,2026-10,1,3.852,1.3215,2.5305,ens_051,monthly,1993-2016
C3S,BOM,dynamical,2026-09-01,2026-11,2,3.997,1.4567,2.5403,ens_051,monthly,1993-2016
C3S,BOM,dynamical,2026-09-01,2026-12,3,3.8546,1.6358,2.2188,ens_051,monthly,1993-2016
C3S,BOM,dynamical,2026-09-01,2027-01,4,3.3466,1.6317,1.7149,ens_051,monthly,1993-2016
C3S,BOM,dynamical,2026-09-01,2027-02,5,3.0258,1.3874,1.6384,ens_051,monthly,1993-2016
C3S,BOM,dynamical,2026-09-01,2026-09,0,3.427,1.1358,2.2912,ens_052,monthly,1993-2016
C3S,BOM,dynamical,2026-09-01,2026-10,1,4.106,1.3076,2.7984,ens_052,monthly,1993-2016
C3S,BOM,dynamical,2026-09-01,2026-11,2,4.1402,1.3895,2.7507,ens_052,monthly,1993-2016
C3S,BOM,dynamical,2026-09-01,2026-12,3,4.188,1.4692,2.7188,ens_052,monthly,1993-2016
C3S,BOM,dynamical,2026-09-01,2027-01,4,3.9988,1.4509,2.5479,ens_052,monthly,1993-2016
C3S,BOM,dynamical,2026-09-01,2027-02,5,3.4013,1.4244,1.9769,ens_052,monthly,1993-2016
C3S,BOM,dynamical,2026-09-01,2026-09,0,3.4906,1.1413,2.3492,ens_053,monthly,1993-2016
C3S,BOM,dynamical,2026-09-01,2026-10,1,4.0453,1.3456,2.6996,ens_053,monthly,1993-2016
C3S,BOM,dynamical,2026-09-01,2026-11,2,4.2346,1.5229,2.7117,ens_053,monthly,1993-2016
C3S,BOM,dynamical,2026-09-01,2026-12,3,4.3682,1.5621,2.8061,ens_053,monthly,1993-2016
C3S,BOM,dynamical,2026-09-01,2027-01,4,3.6539,1.6059,2.048,ens_053,monthly,1993-2016
C3S,BOM,dynamical,2026-09-01,2027-02,5,3.2274,1.4984,1.7291,ens_053,monthly,1993-2016
C3S,BOM,dynamical,2026-09-01,2026-09,0,3.3289,1.1404,2.1885,ens_054,monthly,1993-2016
C3S,BOM,dynamical,2026-09-01,2026-10,1,3.6592,1.3092,2.35,ens_054,monthly,1993-2016
C3S,BOM,dynamical,2026-09-01,2026-11,2,3.7767,1.4355,2.3412,ens_054,monthly,1993-2016
C3S,BOM,dynamical,2026-09-01,2026-12,3,3.9032,1.4762,2.427,ens_054,monthly,1993-2016
C3S,BOM,dynamical,2026-09-01,2027-01,4,3.9149,1.6094,2.3055,ens_054,monthly,1993-2016
C3S,BOM,dynamical,2026-09-01,2027-02,5,3.6068,1.5465,2.0603,ens_054,monthly,1993-2016
C3S,BOM,dynamical,2026-09-01,2026-09,0,3.4118,1.1663,2.2455,ens_055,monthly,1993-2016
C3S,BOM,dynamical,2026-09-01,2026-10,1,3.9708,1.2963,2.6744,ens_055,monthly,1993-2016
C3S,BOM,dynamical,2026-09-01,2026-11,2,4.1785,1.4188,2.7597,ens_055,monthly,1993-2016
C3S,BOM,dynamical,2026-09-01,2026-12,3,4.0861,1.497,2.5891,ens_055,monthly,1993-2016
C3S,BOM,dynamical,2026-09-01,2027-01,4,3.8561,1.5877,2.2684,ens_055,monthly,1993-2016
C3S,BOM,dynamical,2026-09-01,2027-02,5,3.4943,1.4879,2.0064,ens_055,monthly,1993-2016
C3S,BOM,dynamical,2026-09-01,2026-09,0,3.4528,1.1379,2.3149,ens_056,monthly,1993-2016
C3S,BOM,dynamical,2026-09-01,2026-10,1,3.9495,1.3084,2.6411,ens_056,monthly,1993-2016
C3S,BOM,dynamical,2026-09-01,2026-11,2,4.164,1.3875,2.7765,ens_056,monthly,1993-2016
C3S,BOM,dynamical,2026-09-01,2026-12,3,4.0274,1.5008,2.5267,ens_056,monthly,1993-2016
C3S,BOM,dynamical,2026-09-01,2027-01,4,3.7468,1.5219,2.2249,ens_056,monthly,1993-2016
C3S,BOM,dynamical,2026-09-01,2027-02,5,2.8894,1.4463,1.4431,ens_056,monthly,1993-2016
C3S,BOM,dynamical,2026-09-01,2026-09,0,3.432,1.1847,2.2474,ens_057,monthly,1993-2016
C3S,BOM,dynamical,2026-09-01,2026-10,1,3.7758,1.3544,2.4214,ens_057,monthly,1993-2016
C3S,BOM,dynamical,2026-09-01,2026-11,2,3.9027,1.4571,2.4456,ens_057,monthly,1993-2016
C3S,BOM,dynamical,2026-09-01,2026-12,3,3.8892,1.4899,2.3993,ens_057,monthly,1993-2016
C3S,BOM,dynamical,2026-09-01,2027-01,4,3.8304,1.4682,2.3623,ens_057,monthly,1993-2016
C3S,BOM,dynamical,2026-09-01,2027-02,5,3.2358,1.3931,1.8427,ens_057,monthly,1993-2016
C3S,BOM,dynamical,2026-09-01,2026-09,0,3.3026,1.147,2.1556,ens_058,monthly,1993-2016
C3S,BOM,dynamical,2026-09-01,2026-10,1,3.7313,1.2645,2.4669,ens_058,monthly,1993-2016
C3S,BOM,dynamical,2026-09-01,2026-11,2,3.8344,1.3455,2.489,ens_058,monthly,1993-2016
C3S,BOM,dynamical,2026-09-01,2026-12,3,4.0073,1.4732,2.534,ens_058,monthly,1993-2016
C3S,BOM,dynamical,2026-09-01,2027-01,4,3.5831,1.5053,2.0778,ens_058,monthly,1993-2016
C3S,BOM,dynamical,2026-09-01,2027-02,5,3.2714,1.4077,1.8636,ens_058,monthly,1993-2016
C3S,BOM,dynamical,2026-09-01,2026-09,0,3.4435,1.156,2.2876,ens_059,monthly,1993-2016
C3S,BOM,dynamical,2026-09-01,2026-10,1,3.9441,1.3623,2.5818,ens_059,monthly,1993-2016
C3S,BOM,dynamical,2026-09-01,2026-11,2,4.243,1.4914,2.7516,ens_059,monthly,1993-2016
C3S,BOM,dynamical,2026-09-01,2026-12,3,4.1142,1.5444,2.5699,ens_059,monthly,1993-2016
C3S,BOM,dynamical,2026-09-01,2027-01,4,3.5493,1.4663,2.083,ens_059,monthly,1993-2016
C3S,BOM,dynamical,2026-09-01,2027-02,5,3.1055,1.3977,1.7079,ens_059,monthly,1993-2016
C3S,BOM,dynamical,2026-09-01,2026-09,0,3.463,1.1149,2.3481,ens_060,monthly,1993-2016
C3S,BOM,dynamical,2026-09-01,2026-10,1,4.0165,1.3722,2.6443,ens_060,monthly,1993-2016
C3S,BOM,dynamical,2026-09-01,2026-11,2,4.1964,1.5046,2.6918,ens_060,monthly,1993-2016
C3S,BOM,dynamical,2026-09-01,2026-12,3,4.1232,1.5891,2.5341,ens_060,monthly,1993-2016
C3S,BOM,dynamical,2026-09-01,2027-01,4,3.7466,1.6003,2.1463,ens_060,monthly,1993-2016
C3S,BOM,dynamical,2026-09-01,2027-02,5,3.2068,1.5326,1.6743,ens_060,monthly,1993-2016
C3S,BOM,dynamical,2026-09-01,2026-09,0,3.4697,1.1826,2.287,ens_061,monthly,1993-2016
C3S,BOM,dynamical,2026-09-01,2026-10,1,3.9767,1.4247,2.552,ens_061,monthly,1993-2016
C3S,BOM,dynamical,2026-09-01,2026-11,2,4.1794,1.5257,2.6538,ens_061,monthly,1993-2016
C3S,BOM,dynamical,2026-09-01,2026-12,3,4.0622,1.53,2.5323,ens_061,monthly,1993-2016
C3S,BOM,dynamical,2026-09-01,2027-01,4,3.8102,1.49,2.3203,ens_061,monthly,1993-2016
C3S,BOM,dynamical,2026-09-01,2027-02,5,3.3988,1.399,1.9998,ens_061,monthly,1993-2016
C3S,BOM,dynamical,2026-09-01,2026-09,0,3.3679,1.1207,2.2472,ens_062,monthly,1993-2016
C3S,BOM,dynamical,2026-09-01,2026-10,1,4.0074,1.3842,2.6233,ens_062,monthly,1993-2016
C3S,BOM,dynamical,2026-09-01,2026-11,2,4.3406,1.5136,2.827,ens_062,monthly,1993-2016
C3S,BOM,dynamical,2026-09-01,2026-12,3,4.1574,1.5834,2.574,ens_062,monthly,1993-2016
C3S,BOM,dynamical,2026-09-01,2027-01,4,3.9713,1.5875,2.3837,ens_062,monthly,1993-2016
C3S,BOM,dynamical,2026-09-01,2027-02,5,3.4208,1.5338,1.887,ens_062,monthly,1993-2016
C3S,BOM,dynamical,2026-09-01,2026-09,0,3.4568,1.1795,2.2773,ens_063,monthly,1993-2016
C3S,BOM,dynamical,2026-09-01,2026-10,1,3.9667,1.3789,2.5879,ens_063,monthly,1993-2016
C3S,BOM,dynamical,2026-09-01,2026-11,2,4.1364,1.4886,2.6478,ens_063,monthly,1993-2016
C3S,BOM,dynamical,2026-09-01,2026-12,3,4.0192,1.4408,2.5784,ens_063,monthly,1993-2016
C3S,BOM,dynamical,2026-09-01,2027-01,4,3.6595,1.4017,2.2578,ens_063,monthly,1993-2016
C3S,BOM,dynamical,2026-09-01,2027-02,5,3.117,1.4391,1.6779,ens_063,monthly,1993-2016
C3S,BOM,dynamical,2026-09-01,2026-09,0,3.4171,1.1703,2.2468,ens_064,monthly,1993-2016
C3S,BOM,dynamical,2026-09-01,2026-10,1,3.7997,1.4194,2.3803,ens_064,monthly,1993-2016
C3S,BOM,dynamical,2026-09-01,2026-11,2,4.1599,1.5752,2.5847,ens_064,monthly,1993-2016
C3S,BOM,dynamical,2026-09-01,2026-12,3,4.321,1.6278,2.6933,ens_064,monthly,1993-2016
C3S,BOM,dynamical,2026-09-01,2027-01,4,4.1303,1.656,2.4743,ens_064,monthly,1993-2016
C3S,BOM,dynamical,2026-09-01,2027-02,5,3.5874,1.5603,2.0272,ens_064,monthly,1993-2016
C3S,BOM,dynamical,2026-09-01,2026-09,0,3.4738,1.1579,2.3158,ens_065,monthly,1993-2016
C3S,BOM,dynamical,2026-09-01,2026-10,1,3.8726,1.3659,2.5067,ens_065,monthly,1993-2016
C3S,BOM,dynamical,2026-09-01,2026-11,2,4.1849,1.5396,2.6453,ens_065,monthly,1993-2016
C3S,BOM,dynamical,2026-09-01,2026-12,3,4.2364,1.6255,2.6108,ens_065,monthly,1993-2016
C3S,BOM,dynamical,2026-09-01,2027-01,4,3.6873,1.59,2.0973,ens_065,monthly,1993-2016
C3S,BOM,dynamical,2026-09-01,2027-02,5,3.0026,1.5443,1.4583,ens_065,monthly,1993-2016
C3S,BOM,dynamical,2026-09-01,2026-09,0,3.3823,1.1749,2.2074,ens_066,monthly,1993-2016
C3S,BOM,dynamical,2026-09-01,2026-10,1,3.8888,1.2942,2.5946,ens_066,monthly,1993-2016
C3S,BOM,dynamical,2026-09-01,2026-11,2,4.3207,1.4827,2.838,ens_066,monthly,1993-2016
C3S,BOM,dynamical,2026-09-01,2026-12,3,4.1319,1.5354,2.5965,ens_066,monthly,1993-2016
C3S,BOM,dynamical,2026-09-01,2027-01,4,3.7606,1.5944,2.1662,ens_066,monthly,1993-2016
C3S,BOM,dynamical,2026-09-01,2027-02,5,2.9778,1.4638,1.5141,ens_066,monthly,1993-2016
C3S,BOM,dynamical,2026-09-01,2026-09,0,3.3207,1.1673,2.1533,ens_067,monthly,1993-2016
C3S,BOM,dynamical,2026-09-01,2026-10,1,3.6995,1.3332,2.3663,ens_067,monthly,1993-2016
C3S,BOM,dynamical,2026-09-01,2026-11,2,4.0037,1.454,2.5497,ens_067,monthly,1993-2016
C3S,BOM,dynamical,2026-09-01,2026-12,3,4.0941,1.4985,2.5956,ens_067,monthly,1993-2016
C3S,BOM,dynamical,2026-09-01,2027-01,4,3.7953,1.5524,2.2429,ens_067,monthly,1993-2016
C3S,BOM,dynamical,2026-09-01,2027-02,5,3.1862,1.4984,1.6878,ens_067,monthly,1993-2016
C3S,BOM,dynamical,2026-09-01,2026-09,0,3.4472,1.1543,2.2929,ens_068,monthly,1993-2016
C3S,BOM,dynamical,2026-09-01,2026-10,1,3.9141,1.4117,2.5024,ens_068,monthly,1993-2016
C3S,BOM,dynamical,2026-09-01,2026-11,2,4.2011,1.6073,2.5939,ens_068,monthly,1993-2016
C3S,BOM,dynamical,2026-09-01,2026-12,3,4.3596,1.6676,2.692,ens_068,monthly,1993-2016
C3S,BOM,dynamical,2026-09-01,2027-01,4,3.7495,1.5669,2.1826,ens_068,monthly,1993-2016
C3S,BOM,dynamical,2026-09-01,2027-02,5,3.2868,1.4549,1.8319,ens_068,monthly,1993-2016
C3S,BOM,dynamical,2026-09-01,2026-09,0,3.4094,1.1654,2.244,ens_069,monthly,1993-2016
C3S,BOM,dynamical,2026-09-01,2026-10,1,3.7185,1.3786,2.34,ens_069,monthly,1993-2016
C3S,BOM,dynamical,2026-09-01,2026-11,2,3.9236,1.4303,2.4933,ens_069,monthly,1993-2016
C3S,BOM,dynamical,2026-09-01,2026-12,3,3.8282,1.5191,2.3091,ens_069,monthly,1993-2016
C3S,BOM,dynamical,2026-09-01,2027-01,4,3.7376,1.5545,2.1831,ens_069,monthly,1993-2016
C3S,BOM,dynamical,2026-09-01,2027-02,5,3.2751,1.401,1.8741,ens_069,monthly,1993-2016
C3S,BOM,dynamical,2026-09-01,2026-09,0,3.4081,1.1278,2.2803,ens_070,monthly,1993-2016
C3S,BOM,dynamical,2026-09-01,2026-10,1,4.0176,1.3323,2.6853,ens_070,monthly,1993-2016
C3S,BOM,dynamical,2026-09-01,2026-11,2,4.2954,1.5299,2.7655,ens_070,monthly,1993-2016
C3S,BOM,dynamical,2026-09-01,2026-12,3,4.1407,1.5274,2.6132,ens_070,monthly,1993-2016
C3S,BOM,dynamical,2026-09-01,2027-01,4,3.7166,1.5376,2.1789,ens_070,monthly,1993-2016
C3S,BOM,dynamical,2026-09-01,2027-02,5,3.2686,1.4489,1.8198,ens_070,monthly,1993-2016
C3S,BOM,dynamical,2026-09-01,2026-09,0,3.4752,1.1585,2.3166,ens_071,monthly,1993-2016
C3S,BOM,dynamical,2026-09-01,2026-10,1,4.0285,1.3402,2.6883,ens_071,monthly,1993-2016
C3S,BOM,dynamical,2026-09-01,2026-11,2,4.1417,1.5252,2.6165,ens_071,monthly,1993-2016
C3S,BOM,dynamical,2026-09-01,2026-12,3,4.1747,1.6856,2.4891,ens_071,monthly,1993-2016
C3S,BOM,dynamical,2026-09-01,2027-01,4,4.1049,1.6691,2.4358,ens_071,monthly,1993-2016
C3S,BOM,dynamical,2026-09-01,2027-02,5,3.4666,1.5778,1.8889,ens_071,monthly,1993-2016
C3S,BOM,dynamical,2026-09-01,2026-09,0,3.3467,1.1608,2.1859,ens_072,monthly,1993-2016
C3S,BOM,dynamical,2026-09-01,2026-10,1,3.7135,1.2833,2.4302,ens_072,monthly,1993-2016
C3S,BOM,dynamical,2026-09-01,2026-11,2,3.9873,1.507,2.4803,ens_072,monthly,1993-2016
C3S,BOM,dynamical,2026-09-01,2026-12,3,3.9982,1.4825,2.5157,ens_072,monthly,1993-2016
C3S,BOM,dynamical,2026-09-01,2027-01,4,3.7158,1.4948,2.221,ens_072,monthly,1993-2016
C3S,BOM,dynamical,2026-09-01,2027-02,5,3.1605,1.4209,1.7396,ens_072,monthly,1993-2016
C3S,BOM,dynamical,2026-09-01,2026-09,0,3.3336,1.1736,2.16,ens_073,monthly,1993-2016
C3S,BOM,dynamical,2026-09-01,2026-10,1,3.9153,1.3403,2.575,ens_073,monthly,1993-2016
C3S,BOM,dynamical,2026-09-01,2026-11,2,4.2111,1.5065,2.7046,ens_073,monthly,1993-2016
C3S,BOM,dynamical,2026-09-01,2026-12,3,4.049,1.5434,2.5055,ens_073,monthly,1993-2016
C3S,BOM,dynamical,2026-09-01,2027-01,4,3.6911,1.574,2.117,ens_073,monthly,1993-2016
C3S,BOM,dynamical,2026-09-01,2027-02,5,3.1759,1.4549,1.721,ens_073,monthly,1993-2016
C3S,BOM,dynamical,2026-09-01,2026-09,0,3.3003,1.1497,2.1507,ens_074,monthly,1993-2016
C3S,BOM,dynamical,2026-09-01,2026-10,1,3.7289,1.3039,2.425,ens_074,monthly,1993-2016
C3S,BOM,dynamical,2026-09-01,2026-11,2,3.7155,1.3875,2.328,ens_074,monthly,1993-2016
C3S,BOM,dynamical,2026-09-01,2026-12,3,3.6626,1.4239,2.2388,ens_074,monthly,1993-2016
C3S,BOM,dynamical,2026-09-01,2027-01,4,3.3952,1.3598,2.0354,ens_074,monthly,1993-2016
C3S,BOM,dynamical,2026-09-01,2027-02,5,2.7468,1.2422,1.5045,ens_074,monthly,1993-2016
C3S,BOM,dynamical,2026-09-01,2026-09,0,3.3784,1.143,2.2354,ens_075,monthly,1993-2016
C3S,BOM,dynamical,2026-09-01,2026-10,1,4.0385,1.2355,2.8029,ens_075,monthly,1993-2016
C3S,BOM,dynamical,2026-09-01,2026-11,2,4.3528,1.4407,2.9121,ens_075,monthly,1993-2016
C3S,BOM,dynamical,2026-09-01,2026-12,3,4.2534,1.5393,2.7141,ens_075,monthly,1993-2016
C3S,BOM,dynamical,2026-09-01,2027-01,4,3.8226,1.5771,2.2455,ens_075,monthly,1993-2016
C3S,BOM,dynamical,2026-09-01,2027-02,5,3.1891,1.4308,1.7583,ens_075,monthly,1993-2016
C3S,BOM,dynamical,2026-09-01,2026-09,0,3.393,1.1105,2.2825,ens_076,monthly,1993-2016
C3S,BOM,dynamical,2026-09-01,2026-10,1,3.8232,1.2865,2.5367,ens_076,monthly,1993-2016
C3S,BOM,dynamical,2026-09-01,2026-11,2,4.0718,1.4501,2.6217,ens_076,monthly,1993-2016
C3S,BOM,dynamical,2026-09-01,2026-12,3,4.0818,1.5313,2.5505,ens_076,monthly,1993-2016
C3S,BOM,dynamical,2026-09-01,2027-01,4,3.7248,1.5917,2.1331,ens_076,monthly,1993-2016
C3S,BOM,dynamical,2026-09-01,2027-02,5,3.3849,1.6306,1.7543,ens_076,monthly,1993-2016
C3S,BOM,dynamical,2026-09-01,2026-09,0,3.3125,1.1432,2.1693,ens_077,monthly,1993-2016
C3S,BOM,dynamical,2026-09-01,2026-10,1,3.7821,1.3109,2.4712,ens_077,monthly,1993-2016
C3S,BOM,dynamical,2026-09-01,2026-11,2,3.8858,1.4967,2.3891,ens_077,monthly,1993-2016
C3S,BOM,dynamical,2026-09-01,2026-12,3,3.9132,1.452,2.4613,ens_077,monthly,1993-2016
C3S,BOM,dynamical,2026-09-01,2027-01,4,3.754,1.4698,2.2841,ens_077,monthly,1993-2016
C3S,BOM,dynamical,2026-09-01,2027-02,5,3.0848,1.3571,1.7277,ens_077,monthly,1993-2016
C3S,BOM,dynamical,2026-09-01,2026-09,0,3.3022,1.1627,2.1395,ens_078,monthly,1993-2016
C3S,BOM,dynamical,2026-09-01,2026-10,1,3.7226,1.312,2.4106,ens_078,monthly,1993-2016
C3S,BOM,dynamical,2026-09-01,2026-11,2,3.9429,1.5009,2.4421,ens_078,monthly,1993-2016
C3S,BOM,dynamical,2026-09-01,2026-12,3,4.0768,1.4548,2.622,ens_078,monthly,1993-2016
C3S,BOM,dynamical,2026-09-01,2027-01,4,3.8224,1.5317,2.2907,ens_078,monthly,1993-2016
C3S,BOM,dynamical,2026-09-01,2027-02,5,3.1432,1.3916,1.7517,ens_078,monthly,1993-2016
C3S,BOM,dynamical,2026-09-01,2026-09,0,3.3035,1.1668,2.1367,ens_079,monthly,1993-2016
C3S,BOM,dynamical,2026-09-01,2026-10,1,3.8028,1.2964,2.5064,ens_079,monthly,1993-2016
C3S,BOM,dynamical,2026-09-01,2026-11,2,3.9852,1.3873,2.5978,ens_079,monthly,1993-2016
C3S,BOM,dynamical,2026-09-01,2026-12,3,4.1847,1.489,2.6957,ens_079,monthly,1993-2016
C3S,BOM,dynamical,2026-09-01,2027-01,4,3.743,1.4413,2.3017,ens_079,monthly,1993-2016
C3S,BOM,dynamical,2026-09-01,2027-02,5,3.1661,1.3984,1.7676,ens_079,monthly,1993-2016
C3S,BOM,dynamical,2026-09-01,2026-09,0,3.2149,1.1964,2.0185,ens_080,monthly,1993-2016
C3S,BOM,dynamical,2026-09-01,2026-10,1,3.7624,1.3716,2.3908,ens_080,monthly,1993-2016
C3S,BOM,dynamical,2026-09-01,2026-11,2,4.0894,1.4924,2.597,ens_080,monthly,1993-2016
C3S,BOM,dynamical,2026-09-01,2026-12,3,4.2175,1.5658,2.6517,ens_080,monthly,1993-2016
C3S,BOM,dynamical,2026-09-01,2027-01,4,3.7714,1.6403,2.1311,ens_080,monthly,1993-2016
C3S,BOM,dynamical,2026-09-01,2027-02,5,3.3123,1.5289,1.7834,ens_080,monthly,1993-2016
C3S,BOM,dynamical,2026-09-01,2026-09,0,3.3277,1.1326,2.1951,ens_081,monthly,1993-2016
C3S,BOM,dynamical,2026-09-01,2026-10,1,3.9544,1.317,2.6373,ens_081,monthly,1993-2016
C3S,BOM,dynamical,2026-09-01,2026-11,2,4.1516,1.522,2.6296,ens_081,monthly,1993-2016
C3S,BOM,dynamical,2026-09-01,2026-12,3,3.9054,1.6064,2.299,ens_081,monthly,1993-2016
C3S,BOM,dynamical,2026-09-01,2027-01,4,3.6759,1.6107,2.0651,ens_081,monthly,1993-2016
C3S,BOM,dynamical,2026-09-01,2027-02,5,3.1371,1.6012,1.5359,ens_081,monthly,1993-2016
C3S,BOM,dynamical,2026-09-01,2026-09,0,3.3454,1.1698,2.1755,ens_082,monthly,1993-2016
C3S,BOM,dynamical,2026-09-01,2026-10,1,3.6354,1.3827,2.2527,ens_082,monthly,1993-2016
C3S,BOM,dynamical,2026-09-01,2026-11,2,3.8226,1.5238,2.2988,ens_082,monthly,1993-2016
C3S,BOM,dynamical,2026-09-01,2026-12,3,3.8952,1.5741,2.3211,ens_082,monthly,1993-2016
C3S,BOM,dynamical,2026-09-01,2027-01,4,3.7457,1.5304,2.2153,ens_082,monthly,1993-2016
C3S,BOM,dynamical,2026-09-01,2027-02,5,3.3483,1.423,1.9252,ens_082,monthly,1993-2016
C3S,BOM,dynamical,2026-09-01,2026-09,0,3.3735,1.1771,2.1964,ens_083,monthly,1993-2016
C3S,BOM,dynamical,2026-09-01,2026-10,1,3.7765,1.2602,2.5162,ens_083,monthly,1993-2016
C3S,BOM,dynamical,2026-09-01,2026-11,2,4.0339,1.4942,2.5396,ens_083,monthly,1993-2016
C3S,BOM,dynamical,2026-09-01,2026-12,3,4.1387,1.5859,2.5528,ens_083,monthly,1993-2016
C3S,BOM,dynamical,2026-09-01,2027-01,4,3.7029,1.5708,2.1321,ens_083,monthly,1993-2016
C3S,BOM,dynamical,2026-09-01,2027-02,5,3.2931,1.5213,1.7718,ens_083,monthly,1993-2016
C3S,BOM,dynamical,2026-09-01,2026-09,0,3.344,1.1142,2.2298,ens_084,monthly,1993-2016
C3S,BOM,dynamical,2026-09-01,2026-10,1,3.5445,1.235,2.3095,ens_084,monthly,1993-2016
C3S,BOM,dynamical,2026-09-01,2026-11,2,3.7199,1.3857,2.3342,ens_084,monthly,1993-2016
C3S,BOM,dynamical,2026-09-01,2026-12,3,3.7525,1.5317,2.2208,ens_084,monthly,1993-2016
C3S,BOM,dynamical,2026-09-01,2027-01,4,3.464,1.4688,1.9952,ens_084,monthly,1993-2016
C3S,BOM,dynamical,2026-09-01,2027-02,5,3.1475,1.4471,1.7003,ens_084,monthly,1993-2016
C3S,BOM,dynamical,2026-09-01,2026-09,0,3.2767,1.1214,2.1553,ens_085,monthly,1993-2016
C3S,BOM,dynamical,2026-09-01,2026-10,1,3.6925,1.305,2.3875,ens_085,monthly,1993-2016
C3S,BOM,dynamical,2026-09-01,2026-11,2,3.9923,1.3682,2.6241,ens_085,monthly,1993-2016
C3S,BOM,dynamical,2026-09-01,2026-12,3,3.8524,1.4696,2.3827,ens_085,monthly,1993-2016
C3S,BOM,dynamical,2026-09-01,2027-01,4,3.4812,1.5694,1.9118,ens_085,monthly,1993-2016
C3S,BOM,dynamical,2026-09-01,2027-02,5,3.083,1.5218,1.5612,ens_085,monthly,1993-2016
C3S,BOM,dynamical,2026-09-01,2026-09,0,3.2715,1.1056,2.1658,ens_086,monthly,1993-2016
C3S,BOM,dynamical,2026-09-01,2026-10,1,3.7457,1.2907,2.455,ens_086,monthly,1993-2016
C3S,BOM,dynamical,2026-09-01,2026-11,2,3.8572,1.3684,2.4888,ens_086,monthly,1993-2016
C3S,BOM,dynamical,2026-09-01,2026-12,3,3.7853,1.4899,2.2954,ens_086,monthly,1993-2016
C3S,BOM,dynamical,2026-09-01,2027-01,4,3.4976,1.437,2.0606,ens_086,monthly,1993-2016
C3S,BOM,dynamical,2026-09-01,2027-02,5,2.7983,1.3212,1.4771,ens_086,monthly,1993-2016
C3S,BOM,dynamical,2026-09-01,2026-09,0,3.2615,1.1821,2.0794,ens_087,monthly,1993-2016
C3S,BOM,dynamical,2026-09-01,2026-10,1,3.5481,1.3229,2.2252,ens_087,monthly,1993-2016
C3S,BOM,dynamical,2026-09-01,2026-11,2,3.7499,1.4737,2.2762,ens_087,monthly,1993-2016
C3S,BOM,dynamical,2026-09-01,2026-12,3,3.8792,1.5305,2.3487,ens_087,monthly,1993-2016
C3S,BOM,dynamical,2026-09-01,2027-01,4,3.7224,1.5707,2.1517,ens_087,monthly,1993-2016
C3S,BOM,dynamical,2026-09-01,2027-02,5,3.3694,1.5732,1.7961,ens_087,monthly,1993-2016
C3S,BOM,dynamical,2026-09-01,2026-09,0,3.295,1.1639,2.1311,ens_088,monthly,1993-2016
C3S,BOM,dynamical,2026-09-01,2026-10,1,3.7728,1.2662,2.5066,ens_088,monthly,1993-2016
C3S,BOM,dynamical,2026-09-01,2026-11,2,4.1944,1.4492,2.7452,ens_088,monthly,1993-2016
C3S,BOM,dynamical,2026-09-01,2026-12,3,4.2145,1.5295,2.685,ens_088,monthly,1993-2016
C3S,BOM,dynamical,2026-09-01,2027-01,4,3.8982,1.4715,2.4267,ens_088,monthly,1993-2016
C3S,BOM,dynamical,2026-09-01,2027-02,5,3.4217,1.4119,2.0098,ens_088,monthly,1993-2016
C3S,BOM,dynamical,2026-09-01,2026-09,0,3.2315,1.1632,2.0683,ens_089,monthly,1993-2016
C3S,BOM,dynamical,2026-09-01,2026-10,1,3.62,1.3694,2.2506,ens_089,monthly,1993-2016
C3S,BOM,dynamical,2026-09-01,2026-11,2,3.7342,1.4832,2.2509,ens_089,monthly,1993-2016
C3S,BOM,dynamical,2026-09-01,2026-12,3,3.9748,1.5276,2.4472,ens_089,monthly,1993-2016
C3S,BOM,dynamical,2026-09-01,2027-01,4,3.4924,1.4668,2.0256,ens_089,monthly,1993-2016
C3S,BOM,dynamical,2026-09-01,2027-02,5,2.9484,1.3956,1.5528,ens_089,monthly,1993-2016
C3S,BOM,dynamical,2026-09-01,2026-09,0,3.2543,1.1732,2.0811,ens_090,monthly,1993-2016
C3S,BOM,dynamical,2026-09-01,2026-10,1,3.4983,1.3092,2.1891,ens_090,monthly,1993-2016
C3S,BOM,dynamical,2026-09-01,2026-11,2,4.0129,1.4101,2.6028,ens_090,monthly,1993-2016
C3S,BOM,dynamical,2026-09-01,2026-12,3,3.9697,1.4759,2.4938,ens_090,monthly,1993-2016
C3S,BOM,dynamical,2026-09-01,2027-01,4,3.7235,1.5461,2.1774,ens_090,monthly,1993-2016
C3S,BOM,dynamical,2026-09-01,2027-02,5,3.2602,1.5825,1.6777,ens_090,monthly,1993-2016
C3S,BOM,dynamical,2026-09-01,2026-09,0,3.3278,1.1528,2.1751,ens_091,monthly,1993-2016
C3S,BOM,dynamical,2026-09-01,2026-10,1,3.7234,1.2973,2.4261,ens_091,monthly,1993-2016
C3S,BOM,dynamical,2026-09-01,2026-11,2,3.9684,1.3986,2.5699,ens_091,monthly,1993-2016
C3S,BOM,dynamical,2026-09-01,2026-12,3,4.0132,1.4444,2.5687,ens_091,monthly,1993-2016
C3S,BOM,dynamical,2026-09-01,2027-01,4,3.7162,1.4835,2.2327,ens_091,monthly,1993-2016
C3S,BOM,dynamical,2026-09-01,2027-02,5,3.1891,1.4187,1.7704,ens_091,monthly,1993-2016
C3S,BOM,dynamical,2026-09-01,2026-09,0,3.2884,1.2012,2.0872,ens_092,monthly,1993-2016
C3S,BOM,dynamical,2026-09-01,2026-10,1,3.8838,1.3563,2.5275,ens_092,monthly,1993-2016
C3S,BOM,dynamical,2026-09-01,2026-11,2,4.0711,1.5068,2.5643,ens_092,monthly,1993-2016
C3S,BOM,dynamical,2026-09-01,2026-12,3,3.9109,1.5646,2.3463,ens_092,monthly,1993-2016
C3S,BOM,dynamical,2026-09-01,2027-01,4,3.7755,1.6161,2.1594,ens_092,monthly,1993-2016
C3S,BOM,dynamical,2026-09-01,2027-02,5,3.332,1.4787,1.8533,ens_092,monthly,1993-2016
C3S,BOM,dynamical,2026-09-01,2026-09,0,3.3181,1.1531,2.165,ens_093,monthly,1993-2016
C3S,BOM,dynamical,2026-09-01,2026-10,1,3.758,1.3249,2.433,ens_093,monthly,1993-2016
C3S,BOM,dynamical,2026-09-01,2026-11,2,4.0178,1.4017,2.6161,ens_093,monthly,1993-2016
C3S,BOM,dynamical,2026-09-01,2026-12,3,4.0898,1.5657,2.5241,ens_093,monthly,1993-2016
C3S,BOM,dynamical,2026-09-01,2027-01,4,3.5911,1.5243,2.0667,ens_093,monthly,1993-2016
C3S,BOM,dynamical,2026-09-01,2027-02,5,2.9811,1.3918,1.5892,ens_093,monthly,1993-2016
C3S,BOM,dynamical,2026-09-01,2026-09,0,3.4123,1.1633,2.249,ens_094,monthly,1993-2016
C3S,BOM,dynamical,2026-09-01,2026-10,1,3.8348,1.3038,2.531,ens_094,monthly,1993-2016
C3S,BOM,dynamical,2026-09-01,2026-11,2,4.1561,1.558,2.5981,ens_094,monthly,1993-2016
C3S,BOM,dynamical,2026-09-01,2026-12,3,4.0987,1.5794,2.5193,ens_094,monthly,1993-2016
C3S,BOM,dynamical,2026-09-01,2027-01,4,3.5955,1.5908,2.0047,ens_094,monthly,1993-2016
C3S,BOM,dynamical,2026-09-01,2027-02,5,3.1308,1.4851,1.6457,ens_094,monthly,1993-2016
C3S,BOM,dynamical,2026-09-01,2026-09,0,3.3027,1.1923,2.1103,ens_095,monthly,1993-2016
C3S,BOM,dynamical,2026-09-01,2026-10,1,3.6221,1.2713,2.3507,ens_095,monthly,1993-2016
C3S,BOM,dynamical,2026-09-01,2026-11,2,4.0234,1.3996,2.6238,ens_095,monthly,1993-2016
C3S,BOM,dynamical,2026-09-01,2026-12,3,4.0234,1.3982,2.6252,ens_095,monthly,1993-2016
C3S,BOM,dynamical,2026-09-01,2027-01,4,4.0519,1.4166,2.6353,ens_095,monthly,1993-2016
C3S,BOM,dynamical,2026-09-01,2027-02,5,3.5143,1.3684,2.1459,ens_095,monthly,1993-2016
C3S,BOM,dynamical,2026-09-01,2026-09,0,3.3284,1.1245,2.2038,ens_096,monthly,1993-2016
C3S,BOM,dynamical,2026-09-01,2026-10,1,3.7656,1.2928,2.4728,ens_096,monthly,1993-2016
C3S,BOM,dynamical,2026-09-01,2026-11,2,3.9742,1.3403,2.6339,ens_096,monthly,1993-2016
C3S,BOM,dynamical,2026-09-01,2026-12,3,3.9398,1.3606,2.5792,ens_096,monthly,1993-2016
C3S,BOM,dynamical,2026-09-01,2027-01,4,3.5982,1.3446,2.2536,ens_096,monthly,1993-2016
C3S,BOM,dynamical,2026-09-01,2027-02,5,2.8177,1.2813,1.5364,ens_096,monthly,1993-2016
C3S,BOM,dynamical,2026-09-01,2026-09,0,3.3889,1.2054,2.1835,ens_097,monthly,1993-2016
C3S,BOM,dynamical,2026-09-01,2026-10,1,3.9775,1.3876,2.5898,ens_097,monthly,1993-2016
C3S,BOM,dynamical,2026-09-01,2026-11,2,4.2499,1.4716,2.7784,ens_097,monthly,1993-2016
C3S,BOM,dynamical,2026-09-01,2026-12,3,4.1746,1.5412,2.6334,ens_097,monthly,1993-2016
C3S,BOM,dynamical,2026-09-01,2027-01,4,3.8867,1.5209,2.3658,ens_097,monthly,1993-2016
C3S,BOM,dynamical,2026-09-01,2027-02,5,3.4905,1.446,2.0445,ens_097,monthly,1993-2016
C3S,BOM,dynamical,2026-09-01,2026-09,0,3.327,1.1626,2.1644,ens_098,monthly,1993-2016
C3S,BOM,dynamical,2026-09-01,2026-10,1,3.6824,1.2975,2.3849,ens_098,monthly,1993-2016
C3S,BOM,dynamical,2026-09-01,2026-11,2,4.1434,1.5152,2.6282,ens_098,monthly,1993-2016
C3S,BOM,dynamical,2026-09-01,2026-12,3,4.0336,1.6198,2.4138,ens_098,monthly,1993-2016
C3S,BOM,dynamical,2026-09-01,2027-01,4,3.8105,1.5988,2.2117,ens_098,monthly,1993-2016
C3S,BOM,dynamical,2026-09-01,2027-02,5,3.4997,1.4975,2.0022,ens_098,monthly,1993-2016
C3S,BOM,dynamical,2026-09-01,2026-09,0,3.3351,1.163,2.1721,ens_099,monthly,1993-2016
C3S,BOM,dynamical,2026-09-01,2026-10,1,3.7929,1.2836,2.5093,ens_099,monthly,1993-2016
C3S,BOM,dynamical,2026-09-01,2026-11,2,3.9698,1.3771,2.5926,ens_099,monthly,1993-2016
C3S,BOM,dynamical,2026-09-01,2026-12,3,3.8659,1.4498,2.4161,ens_099,monthly,1993-2016
C3S,BOM,dynamical,2026-09-01,2027-01,4,3.6189,1.4851,2.1338,ens_099,monthly,1993-2016
C3S,BOM,dynamical,2026-09-01,2027-02,5,3.1464,1.462,1.6844,ens_099,monthly,1993-2016
C3S,BOM,dynamical,2026-09-01,2026-09,0,3.3491,1.1618,2.1873,ens_100,monthly,1993-2016
C3S,BOM,dynamical,2026-09-01,2026-10,1,3.7878,1.2879,2.5,ens_100,monthly,1993-2016
C3S,BOM,dynamical,2026-09-01,2026-11,2,3.9478,1.4389,2.5089,ens_100,monthly,1993-2016
C3S,BOM,dynamical,2026-09-01,2026-12,3,4.0145,1.4562,2.5583,ens_100,monthly,1993-2016
C3S,BOM,dynamical,2026-09-01,2027-01,4,3.8973,1.5219,2.3753,ens_100,monthly,1993-2016
C3S,BOM,dynamical,2026-09-01,2027-02,5,3.4948,1.5032,1.9916,ens_100,monthly,1993-2016
C3S,BOM,dynamical,2026-09-01,2026-09,0,3.2765,1.1892,2.0872,ens_101,monthly,1993-2016
C3S,BOM,dynamical,2026-09-01,2026-10,1,3.5723,1.3011,2.2712,ens_101,monthly,1993-2016
C3S,BOM,dynamical,2026-09-01,2026-11,2,3.9816,1.3906,2.591,ens_101,monthly,1993-2016
C3S,BOM,dynamical,2026-09-01,2026-12,3,4.031,1.4642,2.5668,ens_101,monthly,1993-2016
C3S,BOM,dynamical,2026-09-01,2027-01,4,3.8435,1.4679,2.3756,ens_101,monthly,1993-2016
C3S,BOM,dynamical,2026-09-01,2027-02,5,3.2523,1.5288,1.7235,ens_101,monthly,1993-2016
C3S,BOM,dynamical,2026-09-01,2026-09,0,3.2823,1.2218,2.0605,ens_102,monthly,1993-2016
C3S,BOM,dynamical,2026-09-01,2026-10,1,3.7297,1.4057,2.324,ens_102,monthly,1993-2016
C3S,BOM,dynamical,2026-09-01,2026-11,2,3.9883,1.5064,2.4819,ens_102,monthly,1993-2016
C3S,BOM,dynamical,2026-09-01,2026-12,3,3.9274,1.5155,2.412,ens_102,monthly,1993-2016
C3S,BOM,dynamical,2026-09-01,2027-01,4,3.4771,1.4663,2.0109,ens_102,monthly,1993-2016
C3S,BOM,dynamical,2026-09-01,2027-02,5,2.6657,1.2802,1.3855,ens_102,monthly,1993-2016
C3S,BOM,dynamical,2026-09-01,2026-09,0,3.2857,1.1661,2.1196,ens_103,monthly,1993-2016
C3S,BOM,dynamical,2026-09-01,2026-10,1,3.4881,1.2982,2.1899,ens_103,monthly,1993-2016
C3S,BOM,dynamical,2026-09-01,2026-11,2,3.6208,1.4051,2.2157,ens_103,monthly,1993-2016
C3S,BOM,dynamical,2026-09-01,2026-12,3,3.7086,1.5171,2.1915,ens_103,monthly,1993-2016
C3S,BOM,dynamical,2026-09-01,2027-01,4,3.6527,1.5622,2.0905,ens_103,monthly,1993-2016
C3S,BOM,dynamical,2026-09-01,2027-02,5,3.1905,1.4134,1.777,ens_103,monthly,1993-2016
C3S,BOM,dynamical,2026-09-01,2026-09,0,3.3168,1.1711,2.1458,ens_104,monthly,1993-2016
C3S,BOM,dynamical,2026-09-01,2026-10,1,3.951,1.413,2.538,ens_104,monthly,1993-2016
C3S,BOM,dynamical,2026-09-01,2026-11,2,4.2404,1.5172,2.7232,ens_104,monthly,1993-2016
C3S,BOM,dynamical,2026-09-01,2026-12,3,4.1764,1.5541,2.6223,ens_104,monthly,1993-2016
C3S,BOM,dynamical,2026-09-01,2027-01,4,3.7135,1.4903,2.2232,ens_104,monthly,1993-2016
C3S,BOM,dynamical,2026-09-01,2027-02,5,3.2277,1.3365,1.8913,ens_104,monthly,1993-2016
C3S,BOM,dynamical,2026-09-01,2026-09,0,3.3471,1.1675,2.1797,ens_105,monthly,1993-2016
C3S,BOM,dynamical,2026-09-01,2026-10,1,3.8999,1.3116,2.5882,ens_105,monthly,1993-2016
C3S,BOM,dynamical,2026-09-01,2026-11,2,4.2564,1.514,2.7424,ens_105,monthly,1993-2016
C3S,BOM,dynamical,2026-09-01,2026-12,3,4.0175,1.5134,2.504,ens_105,monthly,1993-2016
C3S,BOM,dynamical,2026-09-01,2027-01,4,3.5074,1.406,2.1014,ens_105,monthly,1993-2016
C3S,BOM,dynamical,2026-09-01,2027-02,5,3.0848,1.3184,1.7663,ens_105,monthly,1993-2016
C3S,BOM,dynamical,2026-09-01,2026-09,0,3.3284,1.1393,2.1891,ens_106,monthly,1993-2016
C3S,BOM,dynamical,2026-09-01,2026-10,1,4.043,1.3441,2.6989,ens_106,monthly,1993-2016
C3S,BOM,dynamical,2026-09-01,2026-11,2,4.204,1.4775,2.7265,ens_106,monthly,1993-2016
C3S,BOM,dynamical,2026-09-01,2026-12,3,4.1727,1.4702,2.7026,ens_106,monthly,1993-2016
C3S,BOM,dynamical,2026-09-01,2027-01,4,3.7627,1.5209,2.2418,ens_106,monthly,1993-2016
C3S,BOM,dynamical,2026-09-01,2027-02,5,3.3967,1.4368,1.9599,ens_106,monthly,1993-2016
C3S,BOM,dynamical,2026-09-01,2026-09,0,3.3157,1.2015,2.1142,ens_107,monthly,1993-2016
C3S,BOM,dynamical,2026-09-01,2026-10,1,3.8748,1.357,2.5178,ens_107,monthly,1993-2016
C3S,BOM,dynamical,2026-09-01,2026-11,2,3.9955,1.469,2.5265,ens_107,monthly,1993-2016
C3S,BOM,dynamical,2026-09-01,2026-12,3,3.9679,1.5845,2.3833,ens_107,monthly,1993-2016
C3S,BOM,dynamical,2026-09-01,2027-01,4,3.8674,1.4513,2.4161,ens_107,monthly,1993-2016
C3S,BOM,dynamical,2026-09-01,2027-02,5,3.2686,1.3934,1.8752,ens_107,monthly,1993-2016
C3S,BOM,dynamical,2026-09-01,2026-09,0,3.2521,1.182,2.0701,ens_108,monthly,1993-2016
C3S,BOM,dynamical,2026-09-01,2026-10,1,3.675,1.3294,2.3456,ens_108,monthly,1993-2016
C3S,BOM,dynamical,2026-09-01,2026-11,2,4.0242,1.4732,2.551,ens_108,monthly,1993-2016
C3S,BOM,dynamical,2026-09-01,2026-12,3,4.0206,1.5845,2.4362,ens_108,monthly,1993-2016
C3S,BOM,dynamical,2026-09-01,2027-01,4,3.8369,1.5838,2.2532,ens_108,monthly,1993-2016
C3S,BOM,dynamical,2026-09-01,2027-02,5,3.6235,1.5323,2.0913,ens_108,monthly,1993-2016
C3S,BOM,dynamical,2026-09-01,2026-09,0,3.4249,1.2085,2.2164,ens_109,monthly,1993-2016
C3S,BOM,dynamical,2026-09-01,2026-10,1,3.8809,1.3212,2.5597,ens_109,monthly,1993-2016
C3S,BOM,dynamical,2026-09-01,2026-11,2,4.3558,1.5027,2.8531,ens_109,monthly,1993-2016
C3S,BOM,dynamical,2026-09-01,2026-12,3,4.3022,1.4915,2.8106,ens_109,monthly,1993-2016
C3S,BOM,dynamical,2026-09-01,2027-01,4,4.1348,1.4641,2.6707,ens_109,monthly,1993-2016
C3S,BOM,dynamical,2026-09-01,2027-02,5,3.5721,1.3657,2.2064,ens_109,monthly,1993-2016
C3S,BOM,dynamical,2026-09-01,2026-09,0,3.2997,1.1806,2.1191,ens_110,monthly,1993-2016
C3S,BOM,dynamical,2026-09-01,2026-10,1,3.848,1.3395,2.5085,ens_110,monthly,1993-2016
C3S,BOM,dynamical,2026-09-01,2026-11,2,4.1352,1.5226,2.6126,ens_110,monthly,1993-2016
C3S,BOM,dynamical,2026-09-01,2026-12,3,4.1231,1.5956,2.5275,ens_110,monthly,1993-2016
C3S,BOM,dynamical,2026-09-01,2027-01,4,3.8431,1.556,2.2871,ens_110,monthly,1993-2016
C3S,BOM,dynamical,2026-09-01,2027-02,5,3.4066,1.4303,1.9763,ens_110,monthly,1993-2016
C3S,BOM,dynamical,2026-09-01,2026-09,0,3.2848,1.1631,2.1217,ens_111,monthly,1993-2016
C3S,BOM,dynamical,2026-09-01,2026-10,1,3.7999,1.3236,2.4763,ens_111,monthly,1993-2016
C3S,BOM,dynamical,2026-09-01,2026-11,2,3.9841,1.45,2.5341,ens_111,monthly,1993-2016
C3S,BOM,dynamical,2026-09-01,2026-12,3,4.0803,1.5157,2.5646,ens_111,monthly,1993-2016
C3S,BOM,dynamical,2026-09-01,2027-01,4,3.7998,1.5759,2.2239,ens_111,monthly,1993-2016
C3S,BOM,dynamical,2026-09-01,2027-02,5,3.1693,1.4399,1.7293,ens_111,monthly,1993-2016
C3S,BOM,dynamical,2026-09-01,2026-09,0,3.3486,1.1571,2.1915,ens_112,monthly,1993-2016
C3S,BOM,dynamical,2026-09-01,2026-10,1,3.5179,1.3101,2.2078,ens_112,monthly,1993-2016
C3S,BOM,dynamical,2026-09-01,2026-11,2,3.6995,1.3755,2.324,ens_112,monthly,1993-2016
C3S,BOM,dynamical,2026-09-01,2026-12,3,3.7705,1.4145,2.356,ens_112,monthly,1993-2016
C3S,BOM,dynamical,2026-09-01,2027-01,4,3.5276,1.3308,2.1968,ens_112,monthly,1993-2016
C3S,BOM,dynamical,2026-09-01,2027-02,5,2.9164,1.4609,1.4555,ens_112,monthly,1993-2016
C3S,BOM,dynamical,2026-09-01,2026-09,0,3.494,1.1969,2.2972,ens_113,monthly,1993-2016
C3S,BOM,dynamical,2026-09-01,2026-10,1,3.9394,1.3817,2.5577,ens_113,monthly,1993-2016
C3S,BOM,dynamical,2026-09-01,2026-11,2,4.2691,1.5744,2.6947,ens_113,monthly,1993-2016
C3S,BOM,dynamical,2026-09-01,2026-12,3,4.2443,1.6952,2.5492,ens_113,monthly,1993-2016
C3S,BOM,dynamical,2026-09-01,2027-01,4,3.92,1.5714,2.3486,ens_113,monthly,1993-2016
C3S,BOM,dynamical,2026-09-01,2027-02,5,3.1293,1.4639,1.6655,ens_113,monthly,1993-2016
C3S,BOM,dynamical,2026-09-01,2026-09,0,3.4274,1.1794,2.248,ens_114,monthly,1993-2016
C3S,BOM,dynamical,2026-09-01,2026-10,1,3.8856,1.3498,2.5359,ens_114,monthly,1993-2016
C3S,BOM,dynamical,2026-09-01,2026-11,2,4.0326,1.449,2.5836,ens_114,monthly,1993-2016
C3S,BOM,dynamical,2026-09-01,2026-12,3,4.0706,1.4991,2.5715,ens_114,monthly,1993-2016
C3S,BOM,dynamical,2026-09-01,2027-01,4,3.8392,1.5607,2.2785,ens_114,monthly,1993-2016
C3S,BOM,dynamical,2026-09-01,2027-02,5,3.3437,1.4616,1.882,ens_114,monthly,1993-2016
C3S,BOM,dynamical,2026-09-01,2026-09,0,3.2937,1.194,2.0998,ens_115,monthly,1993-2016
C3S,BOM,dynamical,2026-09-01,2026-10,1,3.8879,1.3706,2.5173,ens_115,monthly,1993-2016
C3S,BOM,dynamical,2026-09-01,2026-11,2,3.8924,1.4174,2.475,ens_115,monthly,1993-2016
C3S,BOM,dynamical,2026-09-01,2026-12,3,3.9143,1.476,2.4383,ens_115,monthly,1993-2016
C3S,BOM,dynamical,2026-09-01,2027-01,4,3.5972,1.4382,2.1591,ens_115,monthly,1993-2016
C3S,BOM,dynamical,2026-09-01,2027-02,5,3.0093,1.3395,1.6698,ens_115,monthly,1993-2016
C3S,BOM,dynamical,2026-09-01,2026-09,0,3.3572,1.1659,2.1913,ens_116,monthly,1993-2016
C3S,BOM,dynamical,2026-09-01,2026-10,1,3.7727,1.3911,2.3816,ens_116,monthly,1993-2016
C3S,BOM,dynamical,2026-09-01,2026-11,2,3.955,1.5302,2.4248,ens_116,monthly,1993-2016
C3S,BOM,dynamical,2026-09-01,2026-12,3,4.0082,1.6527,2.3555,ens_116,monthly,1993-2016
C3S,BOM,dynamical,2026-09-01,2027-01,4,3.4853,1.5318,1.9535,ens_116,monthly,1993-2016
C3S,BOM,dynamical,2026-09-01,2027-02,5,3.0526,1.4329,1.6196,ens_116,monthly,1993-2016
C3S,BOM,dynamical,2026-09-01,2026-09,0,3.3148,1.2061,2.1087,ens_117,monthly,1993-2016
C3S,BOM,dynamical,2026-09-01,2026-10,1,3.7562,1.3803,2.3759,ens_117,monthly,1993-2016
C3S,BOM,dynamical,2026-09-01,2026-11,2,3.8603,1.3982,2.4621,ens_117,monthly,1993-2016
C3S,BOM,dynamical,2026-09-01,2026-12,3,3.9991,1.4828,2.5163,ens_117,monthly,1993-2016
C3S,BOM,dynamical,2026-09-01,2027-01,4,3.832,1.4478,2.3842,ens_117,monthly,1993-2016
C3S,BOM,dynamical,2026-09-01,2027-02,5,3.3197,1.3692,1.9505,ens_117,monthly,1993-2016
C3S,BOM,dynamical,2026-09-01,2026-09,0,3.4311,1.1807,2.2504,ens_118,monthly,1993-2016
C3S,BOM,dynamical,2026-09-01,2026-10,1,4.0751,1.4141,2.661,ens_118,monthly,1993-2016
C3S,BOM,dynamical,2026-09-01,2026-11,2,4.1544,1.5598,2.5946,ens_118,monthly,1993-2016
C3S,BOM,dynamical,2026-09-01,2026-12,3,4.2983,1.6097,2.6886,ens_118,monthly,1993-2016
C3S,BOM,dynamical,2026-09-01,2027-01,4,3.9069,1.5141,2.3928,ens_118,monthly,1993-2016
C3S,BOM,dynamical,2026-09-01,2027-02,5,3.2229,1.3662,1.8567,ens_118,monthly,1993-2016
C3S,BOM,dynamical,2026-09-01,2026-09,0,3.2884,1.1954,2.093,ens_119,monthly,1993-2016
C3S,BOM,dynamical,2026-09-01,2026-10,1,3.8948,1.3724,2.5224,ens_119,monthly,1993-2016
C3S,BOM,dynamical,2026-09-01,2026-11,2,4.3275,1.4635,2.8641,ens_119,monthly,1993-2016
C3S,BOM,dynamical,2026-09-01,2026-12,3,4.175,1.45,2.725,ens_119,monthly,1993-2016
C3S,BOM,dynamical,2026-09-01,2027-01,4,4.0502,1.4216,2.6286,ens_119,monthly,1993-2016
C3S,BOM,dynamical,2026-09-01,2027-02,5,3.4317,1.2892,2.1425,ens_119,monthly,1993-2016
C3S,BOM,dynamical,2026-09-01,2026-09,0,3.3531,1.1617,2.1914,ens_120,monthly,1993-2016
C3S,BOM,dynamical,2026-09-01,2026-10,1,3.7298,1.3422,2.3876,ens_120,monthly,1993-2016
C3S,BOM,dynamical,2026-09-01,2026-11,2,4.0187,1.553,2.4658,ens_120,monthly,1993-2016
C3S,BOM,dynamical,2026-09-01,2026-12,3,4.0189,1.6587,2.3602,ens_120,monthly,1993-2016
C3S,BOM,dynamical,2026-09-01,2027-01,4,3.7991,1.6291,2.17,ens_120,monthly,1993-2016
C3S,BOM,dynamical,2026-09-01,2027-02,5,3.2895,1.4984,1.7911,ens_120,monthly,1993-2016
C3S,BOM,dynamical,2026-09-01,2026-09,0,3.3839,1.1631,2.2208,mean,monthly,1993-2016
C3S,BOM,dynamical,2026-09-01,2026-10,1,3.8717,1.3376,2.5341,mean,monthly,1993-2016
C3S,BOM,dynamical,2026-09-01,2026-11,2,4.099,1.4788,2.6202,mean,monthly,1993-2016
C3S,BOM,dynamical,2026-09-01,2026-12,3,4.0723,1.5415,2.5307,mean,monthly,1993-2016
C3S,BOM,dynamical,2026-09-01,2027-01,4,3.7478,1.5337,2.2142,mean,monthly,1993-2016
C3S,BOM,dynamical,2026-09-01,2027-02,5,3.2216,1.4509,1.7707,mean,monthly,1993-2016
